close,adjclose,volume,datetime,ticker,T_minus_1_price,T_price,change_vs_T_minus_1,topic_0_score,topic_1_score,topic_2_score,topic_3_score,topic_4_score,topic_5_score,topic_6_score,topic_7_score,topic_8_score,topic_9_score,topic_10_score,topic_11_score,min_sentiment,max_sentiment,avg_sentiment
2.173332929611206,2.173332929611206,15453000,20111201,TSLA,2.182667016983032,2.173332929611206,0,0.18576388625748555,0.01909725731962245,0.08159697680457025,0.01909723354797105,0.08507532917404145,0.14941624980102472,0.01909738011275405,0.0190972222224532,0.08159721841674686,0.019097222222435102,0.18576417370065587,0.13529985042023882,0.0,0.8588,0.4294
1.838000059127808,1.838000059127808,25582500,20111221,TSLA,1.8600000143051147,1.838000059127808,0,0.05955077555817071,0.08304443208955677,0.11930929250530481,0.07943027794377,0.1152974879692533,0.14620983468043444,0.020634945488343916,0.044444644514512154,0.020634947712010163,0.2368399803990278,0.020634967593316466,0.05396841354629902,-0.5574,0.8777,0.20425000000000001
1.8513330221176147,1.8513330221176147,15141000,20111222,TSLA,1.838000059127808,1.8513330221176147,1,0.0178571428577116,0.10119047141055239,0.017857359611143667,0.01785714675604813,0.10119070659289542,0.017857142857676065,0.017857333983686035,0.017857249796901866,0.017857177592935435,0.18452367325471686,0.4702374524282138,0.017857142857518233,0.0,0.4019,0.13396666666666665
1.9046670198440552,1.9046670198440552,11662500,20111227,TSLA,1.8600000143051147,1.9046670198440552,1,0.0166666666668396,0.0166673259223156,0.0166668970199255,0.0166666666668328,0.0166666666668374,0.0166670672443966,0.0166666666668065,0.41666543380089,0.0166673791518497,0.0166668646967389,0.4166656988297859,0.0166666666667808,0.3182,0.3182,0.3182
1.915333032608032,1.915333032608032,7323000,20111229,TSLA,1.9006669521331787,1.915333032608032,1,0.02416677484687746,0.12416696774279097,0.0641666705452888,0.06416667704827324,0.02416666666714016,0.08231455146599638,0.024166666667054443,0.2141657901259002,0.0241666666670418,0.21416701503043303,0.02416672991073222,0.11601882328247073,-0.0772,0.9081,0.47534
1.9040000438690183,1.9040000438690183,5097000,20111230,TSLA,1.915333032608032,1.9040000438690183,0,0.10127139335889813,0.1048756102939045,0.02154202893867127,0.2596372675348278,0.05725616757117041,0.12488456615082717,0.05190166990461525,0.09297022386403284,0.057256202044582476,0.0215420534691039,0.049606626223146856,0.057256190646218896,0.0,0.8176,0.48465714285714284
1.871999979019165,1.871999979019165,13921500,20120103,TSLA,1.9040000438690183,1.871999979019165,0,0.032407407407939334,0.0324074074078258,0.19907407407427657,0.03240740740791826,0.03240740740793237,0.25462967404500175,0.03240740740783727,0.03240740740788637,0.03240740740782327,0.2546295852100664,0.032407407407733665,0.03240740740775837,0.4404,0.6369,0.5613666666666667
1.7940000295639038,1.7940000295639038,14794500,20120106,TSLA,1.807999968528748,1.7940000295639038,0,0.055447501043555864,0.08052778775821269,0.0143849305118631,0.1835777391885384,0.014384920635589,0.014386385402788133,0.014385358138144332,0.014385026076611733,0.13795055477841542,0.014385043617307634,0.3926059270056148,0.0635788258433584,0.0,0.3182,0.10606666666666666
1.8819999694824217,1.8819999694824217,10084500,20120111,TSLA,1.841333031654358,1.8819999694824217,1,0.016666666667312,0.0166669071262263,0.0166677268329004,0.0166672508473911,0.0166666666673036,0.0166666666672717,0.4079885798578284,0.0166670583169906,0.0166666666671713,0.2166666299964341,0.2253425136860775,0.0166666666670926,0.6616,0.6616,0.6616
1.8833329677581787,1.8833329677581787,10939500,20120112,TSLA,1.8819999694824217,1.8833329677581787,1,0.021991046077766568,0.021990839157209497,0.02199084973316127,0.26910421881081886,0.0219907407410501,0.12441240951665543,0.021990990777556632,0.07754628439855919,0.06375344545611233,0.021990788023375767,0.31124764656678616,0.0219907407409476,-0.1386,0.6239,0.16176666666666667
1.519333004951477,1.519333004951477,82506000,20120113,TSLA,1.8833329677581787,1.519333004951477,0,0.0075758260175238,0.0075757575759659,0.007576291137804,0.0075761405254675,0.1354045712715513,0.0075758028921711,0.0075758395237748,0.0075757575759961,0.3342917837333744,0.00757578418018,0.4621206879902583,0.0075757575759324,0.0,0.0,0.0
1.773332953453064,1.773332953453064,69774000,20120117,TSLA,1.519333004951477,1.773332953453064,1,0.021759407287933467,0.1328703754932696,0.15380899982633373,0.021759648027648265,0.021759259259860966,0.18842588611101416,0.1328704846663836,0.021759429529006797,0.02175925925973603,0.0217592930041903,0.08970924399661023,0.17175871353801242,-0.1154,0.0875,-0.03503333333333334
1.7846670150756836,1.7846670150756836,8919000,20120123,TSLA,1.773332953453064,1.7846670150756836,1,0.020833590438678,0.2708334780633759,0.0208333333342864,0.2708332322386789,0.0208333333345076,0.2708330325850072,0.020833333334295,0.0208333333344048,0.0208333333342636,0.0208333333343207,0.0208333333340631,0.0208333333341186,0.6361,0.6361,0.6361
1.8279999494552608,1.8279999494552608,12870000,20120124,TSLA,1.7846670150756836,1.8279999494552608,1,0.014385343746039767,0.014384965135487135,0.014385540683684033,0.014385161682601434,0.014384920635484065,0.21781840660906307,0.06200394845452547,0.06200389116187183,0.014385062210110766,0.09779796123240099,0.4596798778134334,0.014384920635297433,-0.2732,0.6369,0.04580000000000001
1.95533299446106,1.95533299446106,11226000,20120127,TSLA,1.929332971572876,1.95533299446106,1,0.0166666666669899,0.016666666666921,0.2166666161775784,0.0166670178041339,0.0166666666669857,0.4320226380752116,0.0166666666669279,0.0166666666669578,0.0166667368122045,0.0166666678728934,0.2013103232563153,0.01666666666688,0.5994,0.5994,0.5994
1.937999963760376,1.937999963760376,14346000,20120131,TSLA,1.9713330268859863,1.937999963760376,0,0.5416648090512693,0.0416671406387825,0.0416666666678073,0.0416666666680346,0.0416680502995619,0.0416666666680019,0.0416666666678177,0.0416666666679492,0.0416666666677802,0.0416666666678487,0.0416666666675398,0.0416666666676062,0.1531,0.1531,0.1531
1.972000002861023,1.972000002861023,7848000,20120201,TSLA,1.937999963760376,1.972000002861023,1,0.0135426729731902,0.3135402495268129,0.0135416666672685,0.01354166666738835,0.07604209714059774,0.01354166666737105,0.0760415689150573,0.0135416666673433,0.01354178192576905,0.11354166931375236,0.3260416268682862,0.01354166666716255,0.1779,0.3818,0.27985
2.016666889190674,2.016666889190674,12085500,20120202,TSLA,1.972000002861023,2.016666889190674,1,0.0208333333336008,0.0208333333335437,0.0208333333335475,0.0208337111279618,0.270833175364195,0.020833333333584,0.0208333333335495,0.0208333333335742,0.2293667884060769,0.020833516623253,0.3122994751436034,0.0208333333335098,0.4576,0.4576,0.4576
2.119999885559082,2.119999885559082,9781500,20120206,TSLA,2.076667070388794,2.119999885559082,1,0.07209264347719255,0.0156250318415555,0.0156250000004413,0.01562500000052915,0.0156250000005437,0.26562460491789625,0.0156250324117955,0.01562500000049615,0.2347444974152366,0.22130383566172868,0.09685935427222049,0.015625000000363598,0.0,0.25,0.125
2.1066670417785645,2.1066670417785645,15324000,20120207,TSLA,2.119999885559082,2.1066670417785645,0,0.2753455282514444,0.0166666666669882,0.0166667767187556,0.0166667265635463,0.01666666666707,0.0166666666670498,0.016666914016355,0.0166666666670347,0.0166666666669862,0.2166665588949572,0.3579874955528757,0.0166666666669364,0.6096,0.6096,0.6096
2.128667116165161,2.128667116165161,9355500,20120208,TSLA,2.1066670417785645,2.128667116165161,1,0.09305537651888478,0.026388888889409132,0.19305555555301676,0.10972310086806691,0.026389183111056203,0.1597210972426575,0.026389065875710067,0.026389096579253035,0.10972171452316547,0.17638874397912316,0.026389045858360997,0.0263891310012955,-0.5938,0.6893,0.2517333333333333
2.171999931335449,2.171999931335449,19156500,20120209,TSLA,2.128667116165161,2.171999931335449,1,0.01736115273191655,0.0173611898782266,0.1840269593569562,0.01736114269494515,0.0173613346903576,0.06625696991963045,0.0173614325513649,0.0173612960393312,0.14236139346540364,0.017361111111445553,0.46846490644904437,0.0173611111113771,0.0,0.5106,0.2553
2.0733330249786377,2.0733330249786377,28113000,20120210,TSLA,2.171999931335449,2.0733330249786377,0,0.013657407407928833,0.06921305815789697,0.048673152939995634,0.0136577013861656,0.06020482803717576,0.013657419942764934,0.13990379476151274,0.08547203207157587,0.17863860502960305,0.013657433451928968,0.30794077234272305,0.055323794470727994,-0.4574,0.7189,0.08716666666666667
2.211333036422729,2.211333036422729,27162000,20120214,TSLA,2.0993330478668213,2.211333036422729,1,0.0208333333334002,0.020833333333386,0.0208348516351124,0.0208333773593107,0.0208333333333994,0.0208333333333961,0.0208339470997842,0.0208333333333936,0.0208333333333856,0.0208333693525945,0.7708311212194592,0.0208333333333775,0.4215,0.4215,0.4215
2.3313329219818115,2.3313329219818115,20650500,20120217,TSLA,2.2786669731140137,2.3313329219818115,1,0.0138889183946034,0.0138888888890578,0.2608928562379025,0.1824914804625995,0.0138889568062462,0.0138888888890902,0.0138890519212693,0.0138888888890822,0.0138888888890568,0.0138891001341116,0.4316148879170898,0.0138891925698904,0.2023,0.2023,0.2023
2.299999952316284,2.299999952316284,17037000,20120221,TSLA,2.3313329219818115,2.299999952316284,0,0.0208333333345005,0.0208333333342515,0.2708331667155353,0.0208333333344544,0.0208333333344856,0.0208333333344276,0.0208333333342766,0.2708333974305803,0.2708334358450326,0.020833333334302,0.0208333333340493,0.0208333333341036,-0.4926,-0.4926,-0.4926
2.253999948501587,2.253999948501587,9183000,20120228,TSLA,2.2413330078125,2.253999948501587,1,0.0092592630676453,0.0092592592593052,0.0092592592593061,0.009259266056352,0.0092592592593169,0.0092592754680401,0.0092592592593065,0.0092592592593119,0.8981480958326261,0.0092592592593077,0.0092592847601838,0.0092592592592978,0.0,0.0,0.0
2.227333068847656,2.227333068847656,8035500,20120229,TSLA,2.253999948501587,2.227333068847656,0,0.0104169501975732,0.0104173146825175,0.1435497392611673,0.010416717518479,0.0104167108839112,0.4888992766276538,0.0104167216643916,0.010416739215138,0.0104166666667512,0.2737997814111091,0.0104166845033355,0.0104166973679724,0.0,0.0,0.0
2.2693328857421875,2.2693328857421875,8250000,20120302,TSLA,2.2939999103546143,2.2693328857421875,0,0.0166666666683088,0.0166666666679588,0.0166668505478632,0.0166666666682441,0.0166675913534544,0.0166666666682065,0.0166666666679939,0.0166666666681454,0.6166673753091734,0.0166666666680304,0.2166648494448701,0.0166666666677505,0.0,0.0,0.0
2.2079999446868896,2.2079999446868896,5473500,20120307,TSLA,2.2073330879211426,2.2079999446868896,1,0.0208333333335054,0.0208336947461734,0.2575716724716308,0.0208339395953733,0.0208333333335031,0.0208333333334946,0.0208340551278141,0.0208333349740437,0.0208333333334679,0.0208333333334761,0.2840933064225302,0.270833329994987,0.0,0.0,0.0
2.4006669521331787,2.4006669521331787,29449500,20120312,TSLA,2.315999984741211,2.4006669521331787,1,0.0104169123267738,0.0104176745486433,0.0104168724626567,0.8854139774126051,0.0104166666669363,0.0104169850037524,0.0104168196898384,0.010416868528885,0.0104166666668803,0.0104171966300097,0.0104166666668342,0.0104166933961843,0.126,0.126,0.126
2.4059998989105225,2.4059998989105225,15024000,20120313,TSLA,2.4006669521331787,2.4059998989105225,1,0.0416666666676084,0.0416666666674073,0.0416666666674208,0.041666666667571,0.0416666666675959,0.0416666666675495,0.0416666666674276,0.0416666666675145,0.0416666666674028,0.0416666666674482,0.041666666667244,0.5416666666578096,0.6956,0.6956,0.6956
2.352667093276977,2.352667093276977,12772500,20120314,TSLA,2.4059998989105225,2.352667093276977,0,0.0833333333333333,0.0833333333333333,0.0833333333333333,0.0833333333333333,0.0833333333333333,0.0833333333333333,0.0833333333333333,0.0833333333333333,0.0833333333333333,0.0833333333333333,0.0833333333333333,0.0833333333333333,0.0,0.0,0.0
2.3333330154418945,2.3333330154418945,8574000,20120315,TSLA,2.352667093276977,2.3333330154418945,0,0.6147683366326389,0.0138891738583635,0.2463410559794059,0.0138890727813999,0.0138888888891711,0.013888888889157,0.01388888888912,0.0138895447152683,0.0138888888891125,0.0138888888891262,0.013889027913189,0.0138893436740471,0.6597,0.6597,0.6597
2.330667018890381,2.330667018890381,8505000,20120320,TSLA,2.3320000171661377,2.330667018890381,0,0.0208333333334187,0.0208333333334005,0.0208333333334017,0.0208350084380254,0.0208333333334176,0.770830947433759,0.0208333333334023,0.0208336877281734,0.0208333902544381,0.0208333333334042,0.0208333333333857,0.020833632811773,0.8439,0.8439,0.8439
2.293333053588867,2.293333053588867,7836000,20120322,TSLA,2.343333005905152,2.293333053588867,0,0.0277777777786149,0.0277777777784364,0.0277779569934803,0.0277777777785819,0.3611110534635853,0.0277777777785626,0.0277777777784544,0.0277777777785317,0.0277777777784323,0.3611109895366983,0.0277777777782912,0.0277777777783303,0.6124,0.6124,0.6124
2.523333072662353,2.523333072662353,14325000,20120328,TSLA,2.529333114624023,2.523333072662353,0,0.0083338033578237,0.1083333273731014,0.3750333562179882,0.1288612082015907,0.008333333333541,0.0083333333335306,0.0083333996276117,0.0083333333335228,0.0083334851141396,0.008333333333508,0.3211047534401696,0.0083333333334722,0.0,0.0,0.0
2.5339999198913574,2.5339999198913574,16471500,20120403,TSLA,2.438667058944702,2.5339999198913574,1,0.1187500092298687,0.11875004047669024,0.018750000000343152,0.01875000000041145,0.0187500000004228,0.018750000000401702,0.24375004219037033,0.01875000000038585,0.018750000000335,0.26874885237858676,0.018751143715403297,0.11874991200678005,0.0,0.1027,0.05135
2.3333330154418945,2.3333330154418945,67227000,20120404,TSLA,2.5339999198913574,2.3333330154418945,0,0.0208342263066652,0.020833399212697,0.0208333333335206,0.0208338449894008,0.0208339722218508,0.0208333333335525,0.0208345952794441,0.0208333333335438,0.770829961988833,0.0208333333335273,0.0208333333334767,0.0208333333334876,0.7506,0.7506,0.7506
2.298666954040528,2.298666954040528,22641000,20120405,TSLA,2.3333330154418945,2.298666954040528,0,0.31076333300621173,0.1572494729553793,0.12147402019540746,0.0910680193083018,0.18576353145424615,0.0190973487300264,0.01909729469955395,0.019097222351687898,0.0190979695342649,0.01909729648560795,0.019097269056819,0.01909722222249295,0.6239,0.7579,0.6909000000000001
2.2100000381469727,2.2100000381469727,24835500,20120409,TSLA,2.298666954040528,2.2100000381469727,0,0.1630532999939257,0.0763888317532076,0.020833419383509497,0.13194383845857727,0.13194419869176974,0.020833333333610135,0.09652573947121108,0.02083333333359923,0.020833530256404966,0.07638894040587067,0.21958805235193216,0.020833482566381265,0.1779,0.8646,0.4747666666666666
2.177333116531372,2.177333116531372,12346500,20120418,TSLA,2.149333000183105,2.177333116531372,1,0.0208334228470475,0.0208333333336813,0.0208333333336876,0.2708333092903411,0.0208333333337699,0.5208332678594401,0.0208333333336908,0.0208333333337317,0.0208333333336792,0.0208333333337004,0.0208333333336046,0.0208333333336252,0.2263,0.2263,0.2263
2.21066689491272,2.21066689491272,11623500,20120419,TSLA,2.177333116531372,2.21066689491272,1,0.03125012242695155,0.4062490319891901,0.281249999997581,0.03125005877556805,0.0312500000005575,0.03125009045609365,0.0312500387647797,0.0312500862541985,0.031250000000441605,0.03125019399244295,0.0312503723152459,0.03125000502694905,0.6705,0.7184,0.69445
2.129333019256592,2.129333019256592,13362000,20120423,TSLA,2.21066689491272,2.129333019256592,0,0.0138889021493235,0.18055530103674367,0.013889010848576501,0.1045993087034011,0.01388888888943445,0.013888959656255,0.01388930672819065,0.09722213129650724,0.18055568494487076,0.01388900415849975,0.3398444759483149,0.013889025639882,0.0,0.0,0.0
2.121332883834839,2.121332883834839,10117500,20120424,TSLA,2.129333019256592,2.121332883834839,0,0.0119047619049125,0.0119047619048804,0.0119047619048826,0.4566566702182877,0.0119047619049106,0.0119057879704629,0.0119047619048836,0.0119047619048975,0.424294684667279,0.0119047619048869,0.0119047619048543,0.0119047619048613,0.0,0.0,0.0
2.208667039871216,2.208667039871216,6208500,20120430,TSLA,2.22266697883606,2.208667039871216,0,0.0231494598827946,0.023148451158269034,0.023148209977037666,0.18981389475462376,0.02314824194877663,0.023148148148446332,0.10648147765527793,0.023148148148434567,0.27314873245686344,0.023148299265326664,0.24536878845579083,0.023148148148358,-0.34,0.658,0.2394333333333333
2.1640000343322754,2.1640000343322754,12619500,20120503,TSLA,2.262666940689087,2.1640000343322754,0,0.11666667351499341,0.0166666666673439,0.01666666666735625,0.1243609259887058,0.016666692330178,0.5089700716435815,0.01666666666736285,0.11666642588167125,0.016666815045808497,0.0166669653340571,0.0166684940476078,0.0166669362113332,0.0,0.4019,0.20095
2.012666940689087,2.012666940689087,46458000,20120508,TSLA,2.1646668910980225,2.012666940689087,0,0.2708333512937812,0.0208333333339834,0.0208333333339952,0.2708334520733406,0.0208333333341489,0.2708331966269537,0.0208333333340012,0.0208333333340775,0.0208333333339795,0.0208333333340192,0.0208333333338402,0.0208333333338787,0.3612,0.3612,0.3612
2.003999948501587,2.003999948501587,29218500,20120509,TSLA,2.012666940689087,2.003999948501587,0,0.1259971045746896,0.0092592592596005,0.009259341047321,0.0092593046284218,0.1203703487146169,0.0092592592596659,0.0092592826638462,0.0092592592596499,0.0092603088853154,0.0092593109784237,0.6702978827987532,0.0092593379296954,0.5562,0.5562,0.5562
2.1973330974578857,2.1973330974578857,83344500,20120510,TSLA,2.003999948501587,2.1973330974578857,1,0.3472220305103365,0.0138890667970212,0.203969976250692,0.0138892163930019,0.0138888888893232,0.0138888888893015,0.0138894414747847,0.0138888896969083,0.013888888889233,0.0138889619055093,0.3238067847202048,0.0138889655836832,0.7184,0.7184,0.7184
2.150000095367432,2.150000095367432,18319500,20120511,TSLA,2.1973330974578857,2.150000095367432,0,0.01354175688032335,0.0135416952639364,0.01354166666675675,0.01354221932205995,0.0135416666667777,0.013541685409611301,0.13854107779677877,0.01354169234591025,0.4135413786865349,0.01354166666676,0.3260417869018417,0.013541707392708349,-0.0516,0.0,-0.0258
2.003999948501587,2.003999948501587,20713500,20120514,TSLA,2.150000095367432,2.003999948501587,0,0.0208333333335027,0.0208333333334666,0.020833333333469,0.0208334866799775,0.0208333333335005,0.520832107803993,0.0208333333334702,0.0208333333334859,0.0208333333334658,0.2708333124402227,0.0208333333334372,0.0208344264080083,-0.6597,-0.6597,-0.6597
2.053333044052124,2.053333044052124,35493000,20120522,TSLA,1.9179999828338623,2.053333044052124,1,0.06897325400500816,0.017634260077358188,0.17553726998271652,0.05409279541855569,0.10096622427976214,0.033259154563881496,0.1240112147158471,0.017633987000918214,0.2534935715906417,0.017634136385105248,0.11913012275073562,0.0176340092294694,0.0,0.9269,0.36948749999999997
2.068000078201294,2.068000078201294,18306000,20120523,TSLA,2.053333044052124,2.068000078201294,1,0.0138888888891767,0.0138888888891153,0.0138888888891194,0.6805532605524713,0.1805553851300527,0.0138897910648811,0.0138888888891215,0.0138888888891481,0.0138904521396412,0.0138888888891278,0.0138888888890655,0.0138888888890788,0.0,0.0,0.0
2.018666982650757,2.018666982650757,16134000,20120524,TSLA,2.068000078201294,2.018666982650757,0,0.06788178249498768,0.017881983830833826,0.017882050614879824,0.07939023698508008,0.11788203921646663,0.14865650158148971,0.017882011602460224,0.06788178520988321,0.19643260260328566,0.06788204697784431,0.0491317657330364,0.15121519314975196,0.0,0.6486,0.16215
1.987333059310913,1.987333059310913,11355000,20120525,TSLA,2.018666982650757,1.987333059310913,0,0.013541666666902898,0.0135416892182279,0.01354166666685595,0.7885391804326574,0.013541666666899849,0.013542425451862398,0.01354166666685765,0.0760415866411509,0.01354297961753095,0.01354166666686275,0.0135421386373685,0.0135416666668226,0.0,0.6588,0.3294
1.9666670560836792,1.9666670560836792,16780500,20120531,TSLA,2.0273330211639404,1.9666670560836792,0,0.12732024643558848,0.0131035052912239,0.013103833670827202,0.17132597739088568,0.0721312518523288,0.013103665395009125,0.013103510426165576,0.01310350529125555,0.19832688193957146,0.013103619670528024,0.33917045123533207,0.01310355140128355,-0.34,0.658,-0.005500000000000005
1.8606669902801516,1.8606669902801516,9463500,20120605,TSLA,1.858667016029358,1.8606669902801516,1,0.0119047619054314,0.0119047619052887,0.1547647955890753,0.0119048039434455,0.2305945756036053,0.0119048230655215,0.0119051308830778,0.0119047619053649,0.5074972994834949,0.0119047619053176,0.0119047619051727,0.0119047619052039,0.0,0.0,0.0
1.9593329429626465,1.9593329429626465,13083000,20120614,TSLA,1.9846669435501096,1.9593329429626465,0,0.11666668419737346,0.0166666666672383,0.1166666949675295,0.0166667473782574,0.1166666723032256,0.016666695638238,0.01666666666725415,0.016666666667321,0.1166665851969475,0.31666670265142527,0.0166666666671124,0.11666655099807696,0.0,0.4404,0.2202
2.122667074203491,2.122667074203491,18852000,20120618,TSLA,1.99399995803833,2.122667074203491,1,0.0150462962965673,0.015046296296509502,0.01504629629651335,0.1400463178605483,0.01504629629656375,0.01504631439079215,0.015046296296515299,0.01504629629654035,0.3072564261277534,0.1400462681344104,0.1672805875453001,0.14004630816198563,-0.4926,0.8176,0.1625
2.252000093460083,2.252000093460083,51336000,20120620,TSLA,2.1393330097198486,2.252000093460083,1,0.027777777777818,0.0277777777778094,0.02777777777781,0.0277778731274287,0.0277777777778175,0.0277777777778155,0.0277777777778103,0.027777777777814,0.6944438569639259,0.0277777777778112,0.0277782699083346,0.0277777777778043,0.0,0.0,0.0
2.25266695022583,2.25266695022583,45699000,20120622,TSLA,2.1459999084472656,2.25266695022583,1,0.0208364406782469,0.0208333333336243,0.0208333333336296,0.0208333333336886,0.0208333333336984,0.0208333333336801,0.0208333333336323,0.0208333333336665,0.0208333333336225,0.0208333333336403,0.7708302259852925,0.0208333333335774,0.0,0.0,0.0
2.130666971206665,2.130666971206665,15708000,20120627,TSLA,2.107332944869995,2.130666971206665,1,0.18683770325822613,0.020171957672269133,0.020171957672274834,0.06779100697682516,0.020171957672348466,0.020172267544285635,0.0201720050659331,0.020171957672314268,0.34160042338436103,0.2423947718150176,0.020172033593925134,0.02017195767221897,-0.3802,0.6249,0.08156666666666668
2.0820000171661377,2.0820000171661377,18807000,20120705,TSLA,2.0439999103546143,2.0820000171661377,1,0.15625021352208218,0.031250000000477,0.0312500000004857,0.03125029841318,0.031250643120327104,0.0312505975772184,0.15624992395209233,0.03125000000054615,0.03125000000047415,0.031250000000503195,0.40624832341221295,0.03125000000040015,-0.357,0.6361,0.13955
2.180000066757202,2.180000066757202,16885500,20120712,TSLA,2.1006669998168945,2.180000066757202,1,0.0104169257722612,0.0104166666667655,0.225714004407875,0.0104166894457089,0.1354163805374663,0.0104166666667845,0.0104169173033845,0.0104166666667799,0.0104166666667649,0.01041677284386,0.5451188085232873,0.0104168344990615,0.3074,0.3074,0.3074
2.2233328819274902,2.2233328819274902,38539500,20120717,TSLA,2.3973329067230225,2.2233328819274902,0,0.0416666666676674,0.0416666666674539,0.0416666666674683,0.041666666667628,0.541665736220083,0.0416675971051022,0.0416666666674755,0.0416666666675679,0.041666666667449,0.0416666666674971,0.0416666666672802,0.0416666666673269,0.902,0.902,0.902
2.0439999103546143,2.0439999103546143,20802000,20120723,TSLA,2.119333028793335,2.0439999103546143,0,0.015277850578015,0.015278106207860501,0.0152779010851983,0.0152777777786364,0.01527777777866,0.0152787108524888,0.11527770098660214,0.1819438442995559,0.0152777777784768,0.01527792611113895,0.5652768487649988,0.01527777777836785,-0.7906,-0.0516,-0.4211
1.9673329591751096,1.9673329591751096,25095000,20120727,TSLA,1.8753329515457156,1.9673329591751096,1,0.1038357939349135,0.020502887875069934,0.11216535354210432,0.053813168750030484,0.10383597346915407,0.07605839865328914,0.020502863269716932,0.07608454079007435,0.1038363116126718,0.26239618498331757,0.04646575011864492,0.0205027730010125,-0.2263,0.8908,0.3743
1.8279999494552608,1.8279999494552608,23626500,20120731,TSLA,1.8233330249786377,1.8279999494552608,1,0.11149529017915176,0.09606485710603534,0.057762663669677465,0.09606484523040483,0.0127314866727224,0.012731494649477065,0.012731481481720534,0.012731514538224234,0.012731848852644967,0.1026798528856161,0.2717138824284066,0.20056078230591823,0.4939,0.7184,0.6375333333333334
1.75,1.75,23884500,20120801,TSLA,1.8279999494552608,1.75,0,0.10769846365619062,0.12198417310799411,0.1876979053943729,0.02198415519317292,0.19531737208643676,0.061984114378532164,0.05055553548043484,0.050555829334171756,0.1362697787412589,0.021984311389166362,0.02198414169006536,0.021984219548202823,0.0,0.7845,0.41702000000000006
1.8179999589920044,1.8179999589920044,18142500,20120803,TSLA,1.7400000095367432,1.8179999589920044,1,0.0173611870697876,0.01736147453289125,0.0173612163137504,0.43402759370902844,0.23586148856400163,0.0173611111113544,0.01736139915025985,0.0173611479418026,0.01736114409013675,0.017361342938668048,0.1738592824760969,0.0173616121022216,0.0,0.743,0.3715
2.078000068664551,2.078000068664551,13051500,20120813,TSLA,1.996000051498413,2.078000068664551,1,0.0119049502197987,0.0119052258299344,0.0119048730551579,0.0119047619053617,0.0119047619053782,0.0119058810528808,0.0119052692765471,0.4404741263745978,0.0119047619052502,0.4404757996704521,0.011904761905145,0.0119048268994956,-0.6908,-0.6908,-0.6908
1.9966670274734497,1.9966670274734497,11632500,20120822,TSLA,1.940667033195496,1.9966670274734497,1,0.0142857723115969,0.23751391762163715,0.19105743207910753,0.014285883761663,0.014285714285978,0.08904260642253291,0.2691230929538911,0.014285714706990901,0.0142858013377785,0.0142857407080115,0.1132626095249215,0.0142857142858906,0.7964,0.8122,0.8043
1.888000011444092,1.888000011444092,20256000,20120827,TSLA,1.9666670560836792,1.888000011444092,0,0.051144979052974736,0.012070155653877734,0.012070123312352734,0.012070316481858535,0.1505428186752089,0.012070105820560098,0.0640734962177027,0.012070105820542167,0.012070774885581633,0.012070384844400935,0.6376765847514619,0.012070154483477367,-0.1531,0.7845,0.21046666666666666
1.8940000534057615,1.8940000534057615,12583500,20120829,TSLA,1.9126670360565183,1.8940000534057615,0,0.11106292420401075,0.0173611111115229,0.017361220652877048,0.10069436426109395,0.01736129714116325,0.2673600837709471,0.01736139774223985,0.01736111111158255,0.017361111111520403,0.01736207344959895,0.3819921943319861,0.01736111111145655,0.2263,0.9211,0.5737
1.9033329486846924,1.9033329486846924,12625500,20120906,TSLA,1.8626669645309448,1.9033329486846924,1,0.1354166129417659,0.0104167969023873,0.0104173269222627,0.0104168851236911,0.010416666667023,0.0104166666670051,0.2620828954321685,0.0104166672582054,0.1354166338991642,0.0104166666669663,0.3837495148524548,0.010416666666905,0.0,0.0,0.0
1.9653329849243164,1.9653329849243164,22270500,20120913,TSLA,1.885332942008972,1.9653329849243164,1,0.0208333333334766,0.0208333333334461,0.0208333333334481,0.2945124839515645,0.0208333333334748,0.4971541131911859,0.0208333333334492,0.0208333333334624,0.0208333333334454,0.0208333333334523,0.0208334028561665,0.0208333333334279,0.5859,0.5859,0.5859
2.026000022888184,2.026000022888184,23049000,20120914,TSLA,1.9653329849243164,2.026000022888184,1,0.0092592857106608,0.1351265846664681,0.4378429711825803,0.0092593592159898,0.0092592592596283,0.106615810154611,0.0092593135001943,0.0092594531175554,0.0092592592595517,0.1203703646570944,0.1352290800161593,0.0092592592595061,0.2263,0.2263,0.2263
2.169332981109619,2.169332981109619,48192000,20120917,TSLA,2.026000022888184,2.169332981109619,1,0.0104167016522954,0.0104171628593875,0.0104173802327254,0.1958717585710326,0.0104170255097233,0.0104166666668364,0.6999581217738338,0.0104167948090109,0.0104168494004637,0.010417060615212,0.0104178112426924,0.0104166666667861,0.5697,0.5697,0.5697
2.069999933242798,2.069999933242798,15727500,20120919,TSLA,2.0893330574035645,2.069999933242798,0,0.0138889907544659,0.1805555539166083,0.5138887738798862,0.0138888888891299,0.0138888888891365,0.0138888888891241,0.0138888888890917,0.0138888888891148,0.0138888888890851,0.0138888888890971,0.1805555703362056,0.0138888888890545,0.0,0.0,0.0
1.843999981880188,1.843999981880188,85206000,20120925,TSLA,2.0439999103546143,1.843999981880188,0,0.0166666666675826,0.2282765556684034,0.605054530500061,0.0166673012377715,0.0166675190301078,0.0166666666675255,0.0166667988891431,0.0166666669681286,0.0166666666673831,0.016666666667427,0.0166672943691945,0.0166666666672712,0.6369,0.6369,0.6369
1.944000005722046,1.944000005722046,13266000,20121001,TSLA,1.9520000219345093,1.944000005722046,0,0.1575537074234691,0.0075757575761177,0.0075757575761243,0.0075757575761972,0.2803022294364062,0.0075761804688217,0.0075764884841566,0.0075762989292512,0.2461456349979444,0.0075757739622391,0.2553906559932124,0.0075757575760597,-0.128,-0.128,-0.128
1.9866670370101929,1.9866670370101929,10935000,20121002,TSLA,1.944000005722046,1.9866670370101929,1,0.0075758468241559,0.007575757575879,0.0075757575758811,0.2844009572964899,0.0075757575759098,0.0075770486518677,0.0075757675954814,0.0075757575758965,0.6398399358858751,0.0075757575758856,0.0075758982908184,0.0075757575758594,0.0,0.0,0.0
1.953333020210266,1.953333020210266,15792000,20121003,TSLA,1.9866670370101929,1.953333020210266,0,0.0277817434457169,0.0277777777784539,0.0277777777784663,0.0277777777786033,0.027777777778626,0.0277777777785838,0.6944404787694068,0.0277777777785518,0.0277777777784499,0.0277777777784911,0.0277777777783049,0.0277777777783449,-0.0772,-0.0772,-0.0772
1.950000047683716,1.950000047683716,13345500,20121008,TSLA,1.9259999990463257,1.950000047683716,1,0.0092592592593803,0.0092592592593544,0.0092592955838698,0.0092592681581682,0.0092592592593787,0.0092592998233496,0.0092592592593571,0.0092592592593682,0.693364545366694,0.0092592639516329,0.2140427715601074,0.0092592592593391,0.0,0.0,0.0
1.888000011444092,1.888000011444092,6759000,20121011,TSLA,1.8933329582214355,1.888000011444092,0,0.0092592592594422,0.0092592592594032,0.0092592592594058,0.898145601977608,0.0092595605750722,0.0092601392052663,0.0092597639506791,0.009259259259424,0.0092599034591454,0.009259388937342,0.0092593455978311,0.00925925925938,0.0,0.0,0.0
1.8566670417785645,1.8566670417785645,7053000,20121022,TSLA,1.8493330478668213,1.8566670417785645,1,0.0138888911197957,0.0138890650586809,0.0138896619789361,0.0138892352590591,0.4706643455090974,0.0138890949066996,0.3904445815825968,0.0138888896889365,0.0138888888891616,0.0138895226418961,0.0138889344760207,0.013888888889119,0.0,0.0,0.0
2.076667070388794,2.076667070388794,34860000,20121106,TSLA,2.0999999046325684,2.076667070388794,0,0.0277777777781616,0.0277777777780797,0.0277777777780852,0.3611111040784225,0.0277777777781566,0.0277777777781377,0.027777777778088,0.0277777777781235,0.0277777777780779,0.3611111181406227,0.0277777777780132,0.027777777778031,0.4926,0.4926,0.4926
2.102667093276977,2.102667093276977,25717500,20121107,TSLA,2.076667070388794,2.102667093276977,1,0.0075760013562654,0.0075758032621275,0.0075757575758828,0.0075757575759077,0.4621213434902222,0.0075758701111754,0.0075757871686245,0.0075757575758984,0.0075763923798633,0.0075758785444837,0.4621198741498542,0.0075757768096943,0.0,0.0,0.0
2.107332944869995,2.107332944869995,14974500,20121113,TSLA,2.0713329315185547,2.107332944869995,1,0.5208294702339855,0.0208333333348733,0.0208333333349014,0.020836500304068,0.0208334804944105,0.2708328681241934,0.0208333333349156,0.0208335441731434,0.020833333334864,0.0208339669821953,0.0208333333345341,0.0208335030139149,0.6696,0.6696,0.6696
2.122667074203491,2.122667074203491,13630500,20121116,TSLA,2.0546669960021973,2.122667074203491,1,0.0092593323120903,0.1320645666733184,0.0092595321193295,0.4331766983463373,0.0092592592594308,0.0092592592594222,0.0092593834215431,0.0092592595417085,0.0092592592593952,0.0092592592594035,0.3514249312886466,0.009259259259374,0.6597,0.6597,0.6597
2.200000047683716,2.200000047683716,13837500,20121120,TSLA,2.194667100906372,2.200000047683716,1,0.1648421635667639,0.014742143658093398,0.01474231763284872,0.014742252790676641,0.014742186425422198,0.11474144924159893,0.1600002785387898,0.15295259051711413,0.08545269378028145,0.06236258600125255,0.10260387621327853,0.09807546163387924,-0.6369,0.1655,-0.24486
2.1646668910980225,2.1646668910980225,14448000,20121121,TSLA,2.200000047683716,2.1646668910980225,0,0.020833378350949,0.0208333333335548,0.2708332980384028,0.2708328441137357,0.0208333333336112,0.0208333333335973,0.0208333333335609,0.0208333333335868,0.0208333333335535,0.020833333333567,0.2708333476143267,0.020833798547554,0.7717,0.7717,0.7717
2.1419999599456787,2.1419999599456787,6454500,20121123,TSLA,2.1646668910980225,2.1419999599456787,0,0.5416666666662971,0.0416666666666987,0.0416666666666993,0.0416666666667058,0.0416666666667069,0.0416666666667049,0.0416666666666996,0.0416666666667033,0.0416666666666985,0.0416666666667005,0.0416666666666916,0.0416666666666935,0.7783,0.7783,0.7783
2.1433329582214355,2.1433329582214355,13662000,20121127,TSLA,2.1513330936431885,2.1433329582214355,0,0.01527784608775975,0.01527788755994355,0.11384660089604375,0.01527794943495265,0.0152779467473927,0.0152780270124222,0.01527789941469395,0.015277793333339201,0.01527777777794105,0.0152778756799857,0.5621613024212917,0.1864910936342332,0.0772,0.2263,0.15175
2.2153329849243164,2.2153329849243164,22878000,20121128,TSLA,2.1433329582214355,2.2153329849243164,1,0.0416672464457908,0.041668003366801,0.0416678625381313,0.0416675291889886,0.0416666666669306,0.0416666666669174,0.0416666666668827,0.5416598145884828,0.0416666666668757,0.0416666666668885,0.0416673187238937,0.0416688918134166,0.6474,0.6474,0.6474
2.259999990463257,2.259999990463257,18949500,20121204,TSLA,2.308000087738037,2.259999990463257,0,0.0104174606511721,0.2894447144403161,0.231200503658957,0.0104167708476503,0.0104167406667272,0.0104166666667718,0.0104170413060816,0.3856034221626855,0.0104166666667544,0.0104166666667597,0.010416679599383,0.0104166666667407,0.8834,0.8834,0.8834
2.24733304977417,2.24733304977417,9922500,20121205,TSLA,2.259999990463257,2.24733304977417,0,0.0277777777783325,0.0277777777782141,0.027777777778222,0.0277777777783105,0.0277783468665551,0.0277777777782978,0.027777777778226,0.6944438753511303,0.0277777777782114,0.0277777777782381,0.027777777778118,0.0277777777781438,0.3182,0.3182,0.3182
2.351999998092652,2.351999998092652,23589000,20121211,TSLA,2.3046669960021973,2.351999998092652,1,0.011904761904952,0.0119049789888979,0.0119051218258186,0.011904938600739,0.0119047794670361,0.0119047619049401,0.5590094652677814,0.0119047693199468,0.0119047619049106,0.1652181003725785,0.0119048071075054,0.168628753334893,0.75,0.75,0.75
2.3506669998168945,2.3506669998168945,30957000,20121212,TSLA,2.351999998092652,2.3506669998168945,0,0.05019907230390066,0.10734085937671521,0.05734146963166033,0.021627093367879043,0.05019845418187861,0.0930557932605212,0.0859128986388604,0.2811489724210817,0.021627298664997213,0.09305572169664238,0.11686530646469996,0.021627059991162743,-0.7603,0.8519,0.04280000000000001
2.253999948501587,2.253999948501587,15345000,20121214,TSLA,2.2406671047210693,2.253999948501587,1,0.0243055555559734,0.08680567171236633,0.024305555555890274,0.0713199451913254,0.024305755397191077,0.0868058046233128,0.02430579069596905,0.02430555555593185,0.024306171182007726,0.14930491728059894,0.4356237216936014,0.0243055555558313,-0.6705,0.0772,-0.14832499999999998
2.293333053588867,2.293333053588867,12373500,20121217,TSLA,2.253999948501587,2.293333053588867,1,0.0138888888889718,0.0138888888889541,0.0138888888889553,0.6805539844329695,0.1805554150095449,0.0138898105820311,0.0138888888889559,0.0138888888889636,0.0138888888889537,0.0138890117068085,0.0138895560459472,0.0138888888889436,0.5994,0.5994,0.5994
2.307332992553711,2.307332992553711,19482000,20121219,TSLA,2.305999994277954,2.307332992553711,1,0.01984126984174425,0.01984126984164305,0.14846868756547094,0.09274530303026321,0.019842064084495847,0.01984142574928405,0.01984142496528155,0.0198412698416971,0.09126977984044024,0.01984130864901005,0.5087849267490863,0.01984126984158295,0.7832,0.8777,0.83045
2.2853329181671143,2.2853329181671143,5637000,20121224,TSLA,2.266666889190674,2.2853329181671143,1,0.0220734126987147,0.022073468293271926,0.02207341269865465,0.02207345458362405,0.22335602898034532,0.022073633997055926,0.0220737307549869,0.0220734126986847,0.022074278080609022,0.022073571732990876,0.5559081827824494,0.022073412698612002,-0.296,0.0,-0.074
2.293333053588867,2.293333053588867,10110000,20130104,TSLA,2.318000078201294,2.293333053588867,0,0.1786333812596737,0.0688803187293414,0.201581472097147,0.012962962963144399,0.11296291767722486,0.09164522585757195,0.0129629869136687,0.01296305580891015,0.0129629629631107,0.1129630269017222,0.1685185236673739,0.01296316516111055,0.3612,0.4753,0.41825
2.23533296585083,2.23533296585083,13837500,20130110,TSLA,2.242666959762573,2.23533296585083,0,0.02430571085049015,0.02430731340470025,0.14930551690133936,0.02430581128918525,0.02430555555621,0.14930515304834613,0.0243055555560915,0.02430611805354645,0.024305555556074047,0.024305555556105952,0.4826365986719171,0.02430555555599315,0.0,0.6419,0.32095
2.301332950592041,2.301332950592041,53326500,20130118,TSLA,2.2920000553131104,2.301332950592041,1,0.0104167162384196,0.0104168458840149,0.0104172208858846,0.3779002700032717,0.010416718891057,0.2169220872157704,0.0104168765357541,0.0104167161450863,0.0104166666668147,0.0104167832582885,0.3114264316088463,0.0104166666667916,0.8625,0.8625,0.8625
2.501332998275757,2.501332998275757,14521500,20130130,TSLA,2.5299999713897705,2.501332998275757,0,0.011904761905037,0.2735208676295495,0.6074303149969653,0.0119050222875055,0.0119047619050333,0.0119047619050198,0.0119047619049842,0.0119047619050096,0.0119047918256847,0.0119055283438805,0.0119049034863866,0.0119047619049435,0.0,0.0,0.0
2.5160000324249268,2.5160000324249268,16920000,20130204,TSLA,2.553333044052124,2.5160000324249268,0,0.0312500000012396,0.0312500000009749,0.0312500000009927,0.1562497765873907,0.0312500000012232,0.03125000000116225,0.031250000001001546,0.03125000000111635,0.0312502494319128,0.0312500000010285,0.0312500000007599,0.531249973971197,-0.7003,0.8881,0.09389999999999998
2.615999937057495,2.615999937057495,17097000,20130208,TSLA,2.631999969482422,2.615999937057495,0,0.0138888888891587,0.3472216089293232,0.0138889570016814,0.0138889311382925,0.0138888888891552,0.5138886696704733,0.0138895797416973,0.0138888888891319,0.0138888888890998,0.0138888888891128,0.0138889201838065,0.0138888888890669,0.0,0.0,0.0
2.561332941055298,2.561332941055298,48994500,20130211,TSLA,2.615999937057495,2.561332941055298,0,0.04346389908307754,0.04824945556672857,0.312247867984523,0.11571803172002226,0.11423611233451857,0.04201394890994,0.08019743753831733,0.04759477773692645,0.06979165498197697,0.09801409042238819,0.014236569591331884,0.0142361541302487,-0.0772,0.8932,0.3784166666666666
2.551332950592041,2.551332950592041,14860500,20130214,TSLA,2.563333034515381,2.551332950592041,0,0.0166669564876511,0.0166666666671913,0.0166666666672009,0.2166663034120222,0.0166678896485227,0.0166666666672919,0.0166666666672057,0.0166666666672672,0.0166666666671882,0.0166666666672201,0.6166655171141313,0.0166666666671068,0.0,0.0,0.0
2.469332933425904,2.469332933425904,30264000,20130215,TSLA,2.551332950592041,2.469332933425904,0,0.01909723966106985,0.019097242988967353,0.15393202936110065,0.019097251449221,0.19676377332809925,0.0190972222225806,0.3524289952366327,0.0815970910407509,0.01909722222252115,0.019097222222539498,0.0815974880440421,0.0190972222224745,0.0,0.3818,0.1909
2.2920000553131104,2.2920000553131104,43341000,20130225,TSLA,2.4073328971862797,2.2920000553131104,0,0.180555324835425,0.013888921514134,0.0138889647299616,0.0138890808221216,0.3472220799143903,0.0138893542245677,0.0138888888891418,0.0138890979806037,0.0138888888891336,0.3472213203405192,0.0138891445727021,0.0138889332872988,0.9081,0.9081,0.9081
2.295332908630371,2.295332908630371,41443500,20130226,TSLA,2.2920000553131104,2.295332908630371,1,0.0083333333333674,0.0083333333333601,0.0083333333333606,0.008333333333366,0.0083333333333669,0.0083333333333653,0.0083333333333608,0.008333333333364,0.9083331918266406,0.0083333333333616,0.0083334748397302,0.0083333333333558,0.128,0.128,0.128
2.3399999141693115,2.3399999141693115,29388000,20130227,TSLA,2.295332908630371,2.3399999141693115,1,0.08933816034183344,0.013492257872469667,0.0134922298584733,0.07007859568428736,0.013492086622575632,0.013492270657392733,0.013492191582384733,0.013492082061122034,0.013492504131158831,0.21456863914864455,0.3367805551222374,0.19478842691741985,-0.0258,0.3818,0.11866666666666666
2.309999942779541,2.309999942779541,23199000,20130301,TSLA,2.322000026702881,2.309999942779541,0,0.10296890589694405,0.07504543356775314,0.018589806213899197,0.06987203826161624,0.018589959016705977,0.09935905814448619,0.08465752696480328,0.018589760340526833,0.27016723656473973,0.018589782156540648,0.16651941280092675,0.05705108007105742,-0.4588,0.8997,0.2442923076923077
2.512666940689087,2.512666940689087,17250000,20130306,TSLA,2.44333291053772,2.512666940689087,1,0.0138891840122493,0.1394399695681167,0.0138888888890874,0.0138892138175224,0.3472222022895692,0.0138890498278638,0.2216694338254032,0.0138891313968317,0.0138888888890826,0.0138895255406558,0.1805555698971124,0.013888942046505,0.3612,0.3612,0.3612
2.564666986465454,2.564666986465454,13681500,20130308,TSLA,2.548666954040528,2.564666986465454,1,0.04681122635349426,0.09783177631977037,0.08299541508934578,0.026403205980670943,0.08080587400340376,0.0867448327461189,0.186285878823034,0.02640306199484676,0.13864793916925605,0.0737142730249105,0.05552505733990765,0.09783145915524058,-0.5255,0.6633,0.15074285714285715
2.396667003631592,2.396667003631592,21345000,20130320,TSLA,2.3386669158935547,2.396667003631592,1,0.23096971607445982,0.0098382214230819,0.20383963125293264,0.2533353965296643,0.0098379629633216,0.0098383265742789,0.00983850382460645,0.009838021224731399,0.1765045070177946,0.00983813391874685,0.0098382478935091,0.066483331302872,0.0,0.802,0.401
2.502000093460083,2.502000093460083,35682000,20130325,TSLA,2.441333055496216,2.502000093460083,1,0.017130000936553532,0.20409254083765926,0.12824083384321602,0.01713011817101717,0.10046252353478428,0.017129629630589668,0.10046293425682855,0.10046301760239613,0.20794387160473782,0.01712973128166057,0.017129629630257766,0.07268516867029882,-0.5859,0.5413,-0.014866666666666658
2.5239999294281006,2.5239999294281006,27123000,20130326,TSLA,2.502000093460083,2.5239999294281006,1,0.015393620137498834,0.015393782559675282,0.08899482398343304,0.06679249549368267,0.015393551262726768,0.015393518518737784,0.23761457079934567,0.0917823251229718,0.17118459766086327,0.015394152652247849,0.2512690432901436,0.0153935185186729,-0.1531,0.5994,0.12226666666666668
2.9286670684814453,2.9286670684814453,211477500,20130401,TSLA,2.526000022888184,2.9286670684814453,1,0.022916715817839425,0.18105310451128262,0.19791684887159397,0.16477950371542852,0.022916865455758502,0.022916670121769248,0.22291670036349304,0.022916666849517403,0.07291667191081788,0.022916666666864677,0.0229166948182716,0.022916890897362676,0.303,0.9468,0.74925
2.9560000896453857,2.9560000896453857,99786000,20130402,TSLA,2.9286670684814453,2.9560000896453857,1,0.13602422581129106,0.07352432502403433,0.15979701416057274,0.031857720259821726,0.048275005379444076,0.0818576255691951,0.22510911728403638,0.03185765177184297,0.09435765344631221,0.0318577064564353,0.053624314715811826,0.031857640121201715,0.0,0.873,0.2620625
2.7886669635772705,2.7886669635772705,25185000,20130408,TSLA,2.757999897003174,2.7886669635772705,1,0.12555557945059975,0.06909448818002543,0.09386497880366969,0.025555619391062663,0.025555620830996762,0.025555940943366016,0.07370741714417288,0.025555555643372103,0.1255554725978923,0.12555502929848222,0.2588887421603994,0.025555555555960202,-0.5267,0.5727,0.15367999999999998
2.700000047683716,2.700000047683716,25441500,20130409,TSLA,2.7886669635772705,2.700000047683716,0,0.027256982913891212,0.02725701186515095,0.0796550079258202,0.15850670630433428,0.09275484538947423,0.027256982051659037,0.05655483241725831,0.08975701557658979,0.0272569444446964,0.3018073882663635,0.049728392687025634,0.06220789015773592,-0.25,0.7964,0.5286625
2.790667057037353,2.790667057037353,31816500,20130410,TSLA,2.700000047683716,2.790667057037353,1,0.017361248162596002,0.01736118072723375,0.2256942870152667,0.01736111111141855,0.142361056311106,0.0173611696488983,0.01736111111136985,0.14236111998304105,0.1185411592200442,0.10069437087100375,0.166180997725248,0.01736118811277345,0.0,0.6597,0.32985
2.9059998989105225,2.9059998989105225,51711000,20130411,TSLA,2.790667057037353,2.9059998989105225,1,0.07726394839103048,0.05396842282949817,0.08253973344795891,0.061111132236652585,0.0253968264729723,0.23781524710050267,0.15873027237632545,0.0253968652063414,0.053968231797770154,0.025396827695389514,0.06111112338762499,0.13730136905793275,0.0,0.8398,0.2769142857142857
3.0299999713897705,3.0299999713897705,31777500,20130417,TSLA,3.0393331050872803,3.0299999713897705,0,0.01527777777841825,0.0152777777782818,0.015278349103832151,0.11116629659087135,0.015278114568961351,0.01527777777837825,0.26938813207779233,0.015278265018242,0.09861118084507184,0.0152792531852744,0.0152779107738956,0.39860916450098016,0.3802,0.5411,0.46065
3.131333112716675,3.131333112716675,50518500,20130418,TSLA,3.0299999713897705,3.131333112716675,1,0.0187502065173938,0.1407899046990455,0.14374986496435901,0.2687494491015403,0.19670970789319445,0.01875003106928825,0.01875075134814115,0.11874997826443111,0.0187500072964712,0.018750000000191752,0.01875009884579055,0.0187500000001525,0.0,0.7125,0.35625
3.345999956130981,3.345999956130981,59091000,20130422,TSLA,3.188667058944702,3.345999956130981,1,0.016666666667354398,0.0166666666672077,0.1166666782560162,0.2166657137416154,0.11666681412351784,0.0166677477287923,0.21666644548302993,0.016666666667285952,0.01666765153143595,0.01666666666723745,0.21666555724393768,0.0166667252225687,0.0,0.7269,0.36345
3.4006669521331787,3.4006669521331787,56007000,20130423,TSLA,3.345999956130981,3.4006669521331787,1,0.1036702498953288,0.10367063908857907,0.02033730158755035,0.020337332566181424,0.02033730158760815,0.020337318764335574,0.1140040740807739,0.0203373232291425,0.020337655583713726,0.05912752901178238,0.39533733372258123,0.1021659408824224,-0.383,0.0,-0.09575
3.361999988555908,3.361999988555908,39450000,20130424,TSLA,3.4006669521331787,3.361999988555908,0,0.0243055555568641,0.14930565955494196,0.02430555555660375,0.1493051919152005,0.024305555556847,0.024305555556782397,0.0243055555566133,0.024305555556734,0.0243055555565787,0.35763919473322064,0.0243055555563582,0.1493055093432549,-0.0274,0.4404,0.20650000000000002
3.4666669368743896,3.4666669368743896,41938500,20130425,TSLA,3.361999988555908,3.4666669368743896,1,0.020833474594746777,0.2493294075072622,0.20900313429879144,0.1875000694059033,0.020833333333630473,0.020833333333615624,0.020833397707365975,0.02083353298868445,0.1874999846679235,0.0208333333335832,0.020833444625439675,0.020833554203052825,0.0,0.765,0.28155
3.413332939147949,3.413332939147949,54331500,20130426,TSLA,3.4666669368743896,3.413332939147949,0,0.0872266253487522,0.6407651041245264,0.013889116402214267,0.0138890955379379,0.013888903023535867,0.0138888888893629,0.013889051929464533,0.013888951686019967,0.0138891160264561,0.013889200258210534,0.1470067928133306,0.013889153960188068,-0.34,0.2382,-0.14726666666666668
3.5993330478668213,3.5993330478668213,82839000,20130430,TSLA,3.662667036056519,3.5993330478668213,0,0.030208333333412753,0.03020838398668035,0.0302084241369821,0.030208377972271203,0.1341442514159841,0.030208343473956876,0.46770806098148104,0.03020834293666425,0.12627242818535517,0.030208344182652,0.030208373012428,0.03020833638213155,0.0,0.5707,0.142675
3.552000045776367,3.552000045776367,41142000,20130501,TSLA,3.5993330478668213,3.552000045776367,0,0.01666768034336505,0.6145751786181665,0.0166666666670037,0.01666666666707085,0.01666696192883515,0.01666673495678265,0.01666691668250405,0.13000130766661092,0.0166666666669957,0.01666666666701595,0.016666666666924748,0.10542188646872419,-0.3412,0.0,-0.1706
3.607332944869995,3.607332944869995,45756000,20130502,TSLA,3.552000045776367,3.607332944869995,1,0.08944436546539054,0.08944445965724171,0.15611048104864894,0.02277777777813908,0.02277777777814906,0.06110869634174361,0.15611109197200723,0.05611111786606395,0.18164922192619753,0.0511141233279066,0.09057310906048519,0.02277777777802602,-0.296,0.5927,0.059340000000000004
3.636667013168335,3.636667013168335,50680500,20130503,TSLA,3.607332944869995,3.636667013168335,1,0.06753025186655207,0.10450276201503347,0.04988407721617103,0.03517746930754402,0.059687172912007806,0.0596871034658297,0.09105995155731769,0.1938569248776421,0.07635384200907099,0.020471683415551323,0.1742584408118992,0.06753032054538011,-0.6808,0.824,0.49840588235294114
3.9666669368743896,3.9666669368743896,65500500,20130506,TSLA,3.636667013168335,3.9666669368743896,1,0.1491663729551281,0.01916683486050902,0.2591659770132091,0.019166789255974044,0.019166806265562098,0.01916768255376716,0.21916559302541588,0.0191666667920147,0.019166715952512,0.1191667735954324,0.11916712106362018,0.019166666666854522,0.0,0.6476,0.37892000000000003
3.700666904449463,3.700666904449463,149865000,20130507,TSLA,3.9666669368743896,3.700666904449463,0,0.10896481579460997,0.24666398415324867,0.3256641625616869,0.01226220107153234,0.0122620126344925,0.012261904762174019,0.012262228966536958,0.041716425494853715,0.01226219819962424,0.01226191959471164,0.19115624200443432,0.012261904762094319,-0.2846,0.2732,0.003499999999999992
3.7193329334259033,3.7193329334259033,101548500,20130508,TSLA,3.700666904449463,3.7193329334259033,1,0.11111110472401595,0.1246822881392949,0.027778072005116002,0.26420573842502676,0.027777777777944098,0.027777777777935747,0.027778337995611902,0.02777777808234655,0.2777777777774194,0.0277777777779176,0.0277777917394813,0.027777777777889,0.0,0.6369,0.31845
4.626667022705078,4.626667022705078,429075000,20130509,TSLA,3.7193329334259033,4.626667022705078,1,0.020833333333571576,0.1923779842951396,0.3333335629516573,0.020833500397756975,0.02083333938935005,0.02083339177979865,0.0208335322283384,0.02083333378566975,0.020833349924867003,0.020833333333531052,0.2867875680702329,0.020833770510086176,0.0,0.624,0.198375
5.853332996368408,5.853332996368408,336253500,20130513,TSLA,5.117332935333252,5.853332996368408,1,0.14006744273148283,0.014409806039764099,0.014409779095590275,0.014409916307496776,0.014409925180316176,0.18695891387216132,0.2035979691176773,0.0144097222224793,0.04898995339673338,0.10855490927865882,0.18370555575388808,0.05607610700375125,0.0,0.7717,0.40549999999999997
5.549333095550537,5.549333095550537,557458500,20130514,TSLA,5.853332996368408,5.549333095550537,0,0.0166666666667978,0.4166664732414753,0.4166666334368925,0.0166666666667926,0.0166666666667961,0.0166666666667896,0.016666893320626,0.0166666666667848,0.0166666666667692,0.0166666666667755,0.0166666666667471,0.0166666666667532,0.0,0.0,0.0
5.656000137329102,5.656000137329102,253180500,20130515,TSLA,5.549333095550537,5.656000137329102,1,0.0416666666667065,0.041666666666698,0.0416666666666986,0.041666666666705,0.041666666666706,0.041666666666704,0.0416666666666989,0.0416666666667026,0.0416666666666978,0.0416666666666997,0.5416666666662895,0.0416666666666929,0.0,0.0,0.0
5.995999813079834,5.995999813079834,125226000,20130520,TSLA,6.099999904632568,5.995999813079834,0,0.0138888888891461,0.0138889460497108,0.0138892171284119,0.0138889434477014,0.0138891287069396,0.0138889442704247,0.0138888888890968,0.0138889555983909,0.01388888888909,0.0138888888891023,0.8472214203529265,0.0138888888890586,0.5106,0.5106,0.5106
5.815999984741211,5.815999984741211,128520000,20130522,TSLA,5.8393330574035645,5.815999984741211,0,0.0104166666667656,0.0104167202013691,0.3210875081711064,0.0104167634001048,0.0104166666667643,0.0104166666667594,0.0104168702946154,0.5747452181806394,0.010416666666744,0.0104166666667488,0.0104167373358726,0.0104168490825096,0.0,0.0,0.0
6.182000160217285,6.182000160217285,180333000,20130523,TSLA,5.815999984741211,6.182000160217285,1,0.0243055555557916,0.02430561428592575,0.31258054745247565,0.02430565406406805,0.02430555555578855,0.02430555555577685,0.024305672826946997,0.3576397088086249,0.024305555555740148,0.11102945699889875,0.024305567784250852,0.0243055555557114,0.0,0.0,0.0
6.4720001220703125,6.4720001220703125,241863000,20130524,TSLA,6.182000160217285,6.4720001220703125,1,0.10347854423739347,0.11374937466524626,0.13874973156201234,0.01375010769029488,0.01375019891777102,0.013750191063136038,0.01375017702817036,0.01375011211792794,0.06374991013615638,0.31875572060214485,0.08901600009402663,0.10374993188571917,-0.3839,0.6908,-0.15497999999999998
6.99666690826416,6.99666690826416,242005500,20130530,TSLA,6.975333213806152,6.99666690826416,1,0.09722227588165246,0.013888900208818935,0.5972220944665648,0.013888907875264598,0.013888899223186533,0.013888888889058865,0.013889375517735766,0.09722221873633248,0.013888888889030601,0.09722177017729773,0.013888891246048201,0.013888888889008499,0.0,0.3182,0.2121333333333333
6.172667026519775,6.172667026519775,287094000,20130603,TSLA,6.517333030700684,6.172667026519775,0,0.1367946645989344,0.0124339507000223,0.012433889871072273,0.2637519381619836,0.012433922176819675,0.0124340390091313,0.04814804926283389,0.012433911133203876,0.4518334888769125,0.012433965449660776,0.0124342727573564,0.01243390800206845,-0.1027,0.6369,0.13355
6.357999801635742,6.357999801635742,183372000,20130605,TSLA,6.322667121887207,6.357999801635742,1,0.0166666779439502,0.0166666946671279,0.0166666666668082,0.0166667388688843,0.0166666666668411,0.0166666666668324,0.0166666738661166,0.8166645236437614,0.0166666666668049,0.0166666666668133,0.0166666666667751,0.016668691009284,0.0,0.0,0.0
6.489999771118164,6.489999771118164,142663500,20130606,TSLA,6.357999801635742,6.489999771118164,1,0.015586627398457566,0.258000092606757,0.14207710899147466,0.015586438667956998,0.05885499404123476,0.015586431441467367,0.015586497534428133,0.12647428191350457,0.09892012160527096,0.015586531153926234,0.22215445305103887,0.015586421594482333,-0.754,0.1154,-0.31153333333333333
6.670000076293945,6.670000076293945,138429000,20130610,TSLA,6.802667140960693,6.670000076293945,0,0.0083333333335302,0.0083343726827287,0.0083333333334911,0.0083336086339433,0.0083333333335277,0.008333333333518,0.0083333333334925,0.0083333333335107,0.9083319167201608,0.0083333333334968,0.0083334352951362,0.0083333333334633,-0.34,-0.34,-0.34
6.51533317565918,6.51533317565918,137890500,20130612,TSLA,6.297999858856201,6.51533317565918,1,0.07812496278318759,0.2505720824379414,0.0156250345867977,0.39143914723502016,0.0156250000001759,0.015625183400134298,0.0156250323455849,0.01562505151362145,0.01562501298946185,0.0156250000001479,0.15486346455732916,0.015625028150597048,0.2732,0.3919,0.33255
6.892666816711426,6.892666816711426,131929500,20130618,TSLA,6.813333034515381,6.892666816711426,1,0.036207759486546004,0.08618402916617919,0.47495278893380277,0.044951828191943155,0.010719844064739567,0.13842945393254358,0.032849938588223535,0.010719797192901967,0.010719797178380766,0.010719804026928932,0.11181666507527806,0.0317282941625319,0.0,0.1154,0.03846666666666667
6.710000038146973,6.710000038146973,151597500,20130620,TSLA,6.97866678237915,6.710000038146973,0,0.0104171113357084,0.0104166666669562,0.602278188535552,0.1685546827195444,0.0104166666670298,0.0104166666670117,0.0104168574655637,0.010416666666998,0.135415798880895,0.0104166666669721,0.0104173610608587,0.0104166666669095,0.0,0.0,0.0
6.636666774749756,6.636666774749756,175779000,20130621,TSLA,6.710000038146973,6.636666774749756,0,0.01289682539706415,0.01289695922177315,0.3653438353439216,0.01289711913046495,0.09623025542278024,0.012897228464337801,0.4223534334159269,0.0128969609003022,0.012896825397012101,0.01289687864821375,0.01289685326121975,0.01289682539698295,-0.6369,0.0,-0.31845
6.826666831970215,6.826666831970215,87730500,20130625,TSLA,6.765999794006348,6.826666831970215,1,0.01825397558174175,0.018254041344036024,0.018254377144676124,0.24256544603560376,0.018253974666600125,0.11825343176235764,0.15556080361309868,0.054254705949434004,0.30158729258607286,0.018253983160270548,0.018253999901921426,0.018253968254186525,0.0,0.3774,0.09435
7.157332897186279,7.157332897186279,86229000,20130628,TSLA,7.283332824707031,7.157332897186279,0,0.011904761905229369,0.11922084699233987,0.011905392936642898,0.3540601623101674,0.10714287987959546,0.0119047619052002,0.06393671299832317,0.09986794624936947,0.0119048340137269,0.18434144982127373,0.011905217402327167,0.011905033585804034,0.0314,0.7096,0.2574666666666667
7.854667186737059,7.854667186737059,180961500,20130702,TSLA,7.811999797821045,7.854667186737059,1,0.0166668233899488,0.0166667536348006,0.361263280102676,0.4720676733364964,0.0166668546841055,0.0166666666669141,0.016668596347718,0.0166666670617371,0.016666666666873,0.0166666666668857,0.0166666847750034,0.0166666666668409,0.795,0.795,0.795
8.229999542236328,8.229999542236328,129049500,20130709,TSLA,8.107333183288574,8.229999542236328,1,0.0166666666673685,0.0166672615768209,0.0166666666672288,0.0166666666673407,0.0166666666673593,0.2166665383226311,0.0166666666672339,0.2219039630822114,0.411428156611603,0.0166673265521454,0.0166667264347474,0.0166666940833093,0.7579,0.7579,0.7579
8.15133285522461,8.15133285522461,84001500,20130710,TSLA,8.229999542236328,8.15133285522461,0,0.03472323140181855,0.0347222222223252,0.2847203002091189,0.0347222222223479,0.0347225420592436,0.034722222222344945,0.034722815218402,0.0347222222223401,0.36805555555511643,0.0347222222223308,0.03472222222230245,0.03472222222230855,0.3657,0.4754,0.42055
8.484000205993652,8.484000205993652,148836000,20130715,TSLA,8.65999984741211,8.484000205993652,0,0.2709885154763943,0.020989354546882763,0.020989165166541826,0.05853715720368797,0.02098913817697994,0.020989138176962848,0.05396214244473404,0.045941030919230776,0.2811583366596891,0.040360610480332335,0.0816060039634593,0.08348940678510439,-0.7425,0.5859,0.15233750000000001
8.182666778564453,8.182666778564453,116046000,20130723,TSLA,8.161999702453613,8.182666778564453,1,0.0166666666669189,0.0166668181282488,0.016667334324384,0.0166670436703909,0.0166666666669156,0.0166666666669031,0.6161857045182857,0.0166666673544928,0.2171460271146244,0.016666666666876,0.0166670715551261,0.0166666666668331,0.5562,0.5562,0.5562
8.113332748413086,8.113332748413086,103035000,20130724,TSLA,8.182666778564453,8.113332748413086,0,0.0208333333342787,0.0208333333340771,0.0208335407927477,0.0208333333342416,0.0208333333342665,0.0208337775637536,0.0208333333340975,0.270833362809747,0.0208335150514719,0.020833333334118,0.5208321791810536,0.0208336245961461,-0.0516,-0.0516,-0.0516
9.036666870117188,9.036666870117188,79854000,20130801,TSLA,8.95199966430664,9.036666870117188,1,0.0208333333341221,0.0208333333339539,0.2708333750193571,0.0208333333340908,0.0208342216993328,0.0208333333340729,0.0208333333339708,0.0208333333340436,0.2708333108689767,0.0208333333339879,0.2708324257402371,0.0208333333338539,-0.296,-0.296,-0.296
9.825332641601562,9.825332641601562,223683000,20130812,TSLA,10.199999809265137,9.825332641601562,0,0.2118505614703273,0.018518518518799865,0.018518747636348733,0.07662920376574227,0.07975399789325713,0.018518842953042767,0.018518548436456065,0.018518518518840565,0.018518592528333735,0.3251860504088928,0.17694989935120378,0.018518518518754568,0.0,0.5873,0.39153333333333334
9.290666580200195,9.290666580200195,175407000,20130814,TSLA,9.695332527160645,9.290666580200195,0,0.0138888888890439,0.0138888888890108,0.0138888888890131,0.0138888888890378,0.5347138266379678,0.0138888888890342,0.0138888888890142,0.0138888888890285,0.3263961581832127,0.0138888888890176,0.0138900151776276,0.0138888888889912,-0.1027,-0.1027,-0.1027
9.466667175292969,9.466667175292969,106621500,20130816,TSLA,9.31133270263672,9.466667175292969,1,0.0277777777778281,0.0277777777778174,0.0277777777778181,0.0277777777778261,0.0277778408487899,0.027777777777825,0.0277777777778185,0.0277777777778231,0.6944423484307428,0.0277777777778196,0.02777981072008,0.027777777777811,0.0,0.0,0.0
9.972000122070312,9.972000122070312,96273000,20130820,TSLA,9.65999984741211,9.972000122070312,1,0.0166666666668299,0.0166666666667951,0.6035250589751951,0.0166668070383748,0.0166666666668277,0.0166666666668196,0.0166667858221759,0.0166666666668136,0.0166666666667943,0.0166671527153028,0.2298075287812962,0.0166666666667744,0.7906,0.7906,0.7906
10.78933334350586,10.78933334350586,193978500,20130823,TSLA,10.473333358764648,10.78933334350586,1,0.12199066945326265,0.013657773976638867,0.013657495352216468,0.013657753497492866,0.14699072506269717,0.013657407407746699,0.23089646097811403,0.12975077948340627,0.0969905871194023,0.13587948752185716,0.06921343723105754,0.013657422916107465,0.1779,0.4939,0.38856666666666667
11.374667167663574,11.374667167663574,172135500,20130904,TSLA,11.262666702270508,11.374667167663574,1,0.0119047619048946,0.0119047619048663,0.0119047619048682,0.154761918832239,0.0119047619048929,0.0119047619048863,0.0119047619048691,0.0119047619048814,0.7261900320282169,0.011904761904872,0.0119051919956632,0.0119047619048495,-0.34,-0.34,-0.34
11.32866668701172,11.32866668701172,100279500,20130905,TSLA,11.374667167663574,11.32866668701172,0,0.01736111111136935,0.01736111111131425,0.017361128191577847,0.0173612921039634,0.01736111111136595,0.10069431310940831,0.0173611111113198,0.0173611748965298,0.26736127951863903,0.35069422032877584,0.14236103629445424,0.01736111111128155,0.0,0.4939,0.24695
11.131333351135254,11.131333351135254,129295500,20130906,TSLA,11.32866668701172,11.131333351135254,0,0.0208333333334448,0.020833333333421,0.0208333333334226,0.0208333333334404,0.0208333333334434,0.0208333333334378,0.2708333376513664,0.0208333333334337,0.0208333333334205,0.020833392633424,0.5208332697143379,0.0208333333334069,0.0,0.0,0.0
11.091333389282228,11.091333389282228,134517000,20130910,TSLA,10.713333129882812,11.091333389282228,1,0.27817303879208777,0.011508135121588733,0.15037470804780215,0.011507936508471333,0.011509514672212067,0.011508194191734334,0.059126738302749865,0.011507936508437967,0.3686507496155597,0.0631169565847513,0.011508155146300133,0.011507936508304034,-0.3612,0.0,-0.12040000000000001
11.03600025177002,11.03600025177002,81018000,20130913,TSLA,10.995332717895508,11.03600025177002,1,0.0277777777780394,0.0277777777779836,0.0277781999705583,0.0277777777780291,0.027777777778036,0.027777777778023,0.0277777777779893,0.3611106777903339,0.3611111222371232,0.0277777777779949,0.0277777777779382,0.0277777777779504,-0.34,-0.34,-0.34
11.08133316040039,11.08133316040039,81595500,20130918,TSLA,11.08199977874756,11.08133316040039,0,0.011396073087760967,0.011396138511673266,0.31945833288893244,0.0755622791662084,0.066951570110182,0.06695153844005183,0.2634690302614431,0.011396011458755967,0.041746772230103896,0.05285282597421776,0.067423410836472,0.011396017034197901,0.0,0.4588,0.17866666666666667
11.861332893371582,11.861332893371582,233919000,20130919,TSLA,11.08133316040039,11.861332893371582,1,0.008333481085544,0.0083333333335474,0.3452385069895824,0.0083333363299417,0.0083333333336018,0.0083334558039107,0.0083334128044114,0.0083333333335783,0.1767057656410623,0.0083334089223095,0.4030552990889971,0.0083333333335129,0.765,0.765,0.765
12.22599983215332,12.22599983215332,201025500,20130920,TSLA,11.861332893371582,12.22599983215332,1,0.2673610881239043,0.01736123963748135,0.01736111111144195,0.1006944479675181,0.1423608513210373,0.01736111111149835,0.0173612653597721,0.0173611111114831,0.3506942372565026,0.0173611111114539,0.01736131477652255,0.0173611111113837,-0.34,0.8268,0.24339999999999998
12.349332809448242,12.349332809448242,123790500,20130925,TSLA,12.155332565307615,12.349332809448242,1,0.0107324466877457,0.0107323232324869,0.01073232323248985,0.01073238386054265,0.0107323232325285,0.01073239026728755,0.09406559801354826,0.010732323232510551,0.46527771564561055,0.01073232323249585,0.34406552613029256,0.0107323232324605,0.4404,0.6908,0.5656
12.576000213623049,12.576000213623049,99216000,20130926,TSLA,12.349332809448242,12.576000213623049,1,0.016666666666745,0.0166666666667283,0.0166666666667294,0.0166666666667419,0.0166667099626882,0.0166667377015166,0.0166667585006842,0.0166666666667372,0.0166666666667279,0.8166664605012672,0.0166666666667147,0.0166666666667184,0.0,0.0,0.0
12.726667404174805,12.726667404174805,88746000,20130927,TSLA,12.576000213623049,12.726667404174805,1,0.0208345352898334,0.0208333333334889,0.0208333333334918,0.0208333333335233,0.0208340614483204,0.0208333333335188,0.0208333333334932,0.0208333333335115,0.0208338125986777,0.0208333333334975,0.770830923995179,0.0208333333334639,0.0,0.0,0.0
10.614666938781738,10.614666938781738,126027000,20131030,TSLA,10.964667320251465,10.614666938781738,0,0.0119047963027203,0.0119047847917997,0.8690462441950886,0.0119048002919857,0.0119047619050181,0.0119057787157979,0.0119048076028731,0.0119047620089055,0.0119047619049649,0.0119047619049773,0.011904978470935,0.0119047619049332,0.5562,0.5562,0.5562
9.186667442321776,9.186667442321776,224778000,20131112,TSLA,9.646666526794434,9.186667442321776,0,0.0138888888893186,0.3472216350424725,0.0138888888892331,0.5138880657870392,0.013888888889313,0.0138889811047409,0.0138891484973203,0.0138888888892759,0.0138888888892249,0.0138890960994507,0.0138888888891525,0.0138897401334582,0.0,0.0,0.0
9.173333168029783,9.173333168029783,183055500,20131114,TSLA,9.24666690826416,9.173333168029783,0,0.0092592592594658,0.0092592592594218,0.0092592592594247,0.0092592698069718,0.0092592592594631,0.0092592592594529,0.0092592592594262,0.0092592592594453,0.5935524230644043,0.0092592592594307,0.3138549737936974,0.0092592592593956,-0.4404,-0.4404,-0.4404
8.406000137329102,8.406000137329102,297243000,20131119,TSLA,8.10533332824707,8.406000137329102,1,0.037938909566450525,0.010161219433451026,0.5170154193819785,0.010161342737838001,0.01016116890589795,0.0101611759274622,0.010161213602166574,0.05243501763318765,0.06350213507774377,0.08439038017860959,0.1837508823939415,0.010161135161272225,-0.9022,0.5279,-0.5071249999999999
8.140000343322754,8.140000343322754,178557000,20131121,TSLA,8.074000358581543,8.140000343322754,1,0.007575775649186,0.0075757848639667,0.2570412999994933,0.4695734220797165,0.0075759429319934,0.0075760742816733,0.0075761275673961,0.0075757576635613,0.0075758447903969,0.0075757575758707,0.2052024550208977,0.0075757575758476,0.4404,0.4404,0.4404
8.033332824707031,8.033332824707031,208282500,20131126,TSLA,8.055999755859375,8.033332824707031,0,0.0092592592593311,0.0092592592593158,0.0092592592593168,0.0092592592593283,0.0092592592593302,0.0092592592593266,0.0092592592593173,0.009259259259324,0.8981479084115099,0.0092592656477584,0.0092594926068344,0.0092592592593067,0.743,0.743,0.743
8.277999877929688,8.277999877929688,116268000,20131202,TSLA,8.485333442687988,8.277999877929688,0,0.013219406213163299,0.0132192487289378,0.09655229876018227,0.11321927764322155,0.06271272889724568,0.044808830488247645,0.013219263529275174,0.01321936482085925,0.013219579834688225,0.0132192520348895,0.5901712656012345,0.013219483448054774,-0.8074,0.4588,-0.08715
9.646666526794434,9.646666526794434,385236000,20131203,TSLA,8.277999877929688,9.646666526794434,1,0.15244704836563397,0.02744718634805447,0.11461981074424495,0.02744779327085738,0.027447089947387832,0.027447219005600616,0.11078021516869364,0.0274471548240641,0.2635574355370543,0.08313170633963489,0.11078025050148434,0.0274470899472891,-0.4019,0.7562,0.23898333333333333
9.263333320617676,9.263333320617676,197215500,20131204,TSLA,9.646666526794434,9.263333320617676,0,0.0260416666670365,0.02604166666695755,0.026041751018166998,0.0260425298360958,0.21354142080913516,0.0260419616173177,0.026042060877940802,0.0260416666669998,0.15104086584506377,0.02604168933877225,0.151041466211821,0.27604125444469213,-0.7983,0.0,-0.39915
9.36533260345459,9.36533260345459,139326000,20131205,TSLA,9.263333320617676,9.36533260345459,1,0.014660587506435166,0.0979939131281159,0.014660687388316567,0.1054347574058166,0.0146604938275406,0.014660920370075534,0.014660627469070799,0.07840952638210293,0.08873448950994917,0.18132653143540564,0.360136322201629,0.014661143375541702,-0.296,0.8885,0.28856666666666664
9.47933292388916,9.47933292388916,161223000,20131210,TSLA,9.4399995803833,9.47933292388916,1,0.0277777777781872,0.0277777777780998,0.0277777777781057,0.027777777778171,0.6944441990486965,0.0277780231701918,0.0277777777781087,0.0277777777781465,0.0277777777780979,0.0277777777781175,0.0277777777780288,0.0277777777780479,-0.6114,-0.6114,-0.6114
9.381333351135254,9.381333351135254,191100000,20131219,TSLA,9.86533260345459,9.381333351135254,0,0.02916775061706245,0.029166666666923198,0.029166666666927903,0.22916555462755545,0.02916666666698845,0.1291666619824825,0.029166666666930248,0.02916666666696035,0.12916754957649795,0.02916666666693725,0.27916581652785166,0.0291666666668819,0.0,0.0,0.0
9.800000190734863,9.800000190734863,80416500,20140106,TSLA,9.970666885375977,9.800000190734863,0,0.02777777777820025,0.02777788653596985,0.02777777777811615,0.02777777777818355,0.19444444136307337,0.3611100239455614,0.02777777777811925,0.027777777778158298,0.02777852091429015,0.0277777777781284,0.1944446827941424,0.027777777778056498,0.0,0.9117,0.45585
9.957332611083984,9.957332611083984,75511500,20140107,TSLA,9.800000190734863,9.957332611083984,1,0.0208333333337651,0.020833333333673,0.2708331036176642,0.020833333333748,0.020833380635488,0.0208333333337382,0.0208333333336824,0.0208333333337221,0.5208332610260358,0.0208333333336916,0.0208335880511727,0.0208333333336184,-0.2732,-0.2732,-0.2732
12.100000381469728,12.100000381469728,118011000,20140123,TSLA,11.904000282287598,12.100000381469728,1,0.0138890025188367,0.5111415501323804,0.0138900603213579,0.0138893324631238,0.013889022424238,0.0138889681069726,0.013889484936814,0.0138890576767475,0.0138888888889583,0.013889020348294,0.0138889416451119,0.3499666705371646,0.0,0.0,0.0
12.189332962036133,12.189332962036133,128475000,20140130,TSLA,11.682000160217283,12.189332962036133,1,0.0138888888889864,0.0138889450106421,0.4452599671122421,0.0138892000527811,0.0138888888889851,0.0138888888889803,0.2491842520071027,0.0138888891437716,0.0138888888889651,0.0138888888889698,0.0138889639375034,0.1805553382910696,0.4389,0.4389,0.4389
12.435333251953123,12.435333251953123,133927500,20140207,TSLA,11.892000198364258,12.435333251953123,1,0.0277777777779713,0.02777777777793,0.6944381797392053,0.0277778018057388,0.0277777777779688,0.0277777777779592,0.0277781126847125,0.0277832650418095,0.0277777777779291,0.0277779901602283,0.027777983900641,0.0277777777779055,0.5106,0.5106,0.5106
13.107999801635742,13.107999801635742,160648500,20140211,TSLA,13.104000091552734,13.107999801635742,1,0.0104166666670922,0.0104168223280297,0.0104166666670076,0.1354166357889155,0.1354164584281705,0.0104167180804432,0.3854164550658295,0.0104168313961815,0.0104166666669994,0.2604152844136163,0.0104167483594264,0.0104180461382878,0.0258,0.0258,0.0258
14.510000228881836,14.510000228881836,124176000,20140224,TSLA,13.973333358764648,14.510000228881836,1,0.0152779360768346,0.12832849116089454,0.01527790804304845,0.26527715329228363,0.1239336789410956,0.01527840471559705,0.01527796965385645,0.0152779083359513,0.18194357135001815,0.01527806981975035,0.19357111361314625,0.0152777949975228,0.0,0.0,0.0
16.53333282470703,16.53333282470703,490225500,20140225,TSLA,14.510000228881836,16.53333282470703,1,0.0104166666667894,0.0104166666667632,0.0104177025082502,0.6735043959454279,0.0104166666667878,0.0104166666667817,0.0104174885575488,0.0104166666667772,0.0104166666667626,0.0104166666667685,0.2223270796545943,0.0104166666667477,0.4404,0.4404,0.4404
16.8439998626709,16.8439998626709,89035500,20140305,TSLA,16.98933219909668,16.8439998626709,0,0.0138888888893513,0.0138888888892527,0.013889359352464,0.2206329198388814,0.0138888888893453,0.0138888888893224,0.0138888888892627,0.0138888888893053,0.1805556046463579,0.3266121402006242,0.0138888888891726,0.1610877537366595,0.34,0.34,0.34
15.922666549682615,15.922666549682615,115921500,20140310,TSLA,16.413999557495117,15.922666549682615,0,0.0138888888893847,0.180555387193603,0.0138888888892861,0.1991584760435286,0.0138888888893783,0.3286194043655829,0.0138888888892896,0.0138888888893355,0.1805555150101637,0.0138889165928993,0.0138889674583319,0.0138888888892162,0.7845,0.7845,0.7845
15.62733268737793,15.62733268737793,132151500,20140311,TSLA,15.922666549682615,15.62733268737793,0,0.0198412698418675,0.01984133918700335,0.0198414513639147,0.019841324103461302,0.019841863666389847,0.019841283508294998,0.4484123365248129,0.0198412937009999,0.1865069879143812,0.1865079827160269,0.01984159763118275,0.0198412698416642,-0.4404,0.4019,-0.019250000000000017
15.39799976348877,15.39799976348877,124345500,20140314,TSLA,15.852666854858398,15.39799976348877,0,0.07157373492032405,0.09461811860180648,0.18836703165093632,0.032118440843942136,0.05516260674793071,0.07378460074543977,0.1113130392557945,0.03211819774178711,0.11545126402608208,0.07378471320454401,0.07378488146373051,0.07792337079768176,0.0,0.8622,0.42946249999999997
15.59866714477539,15.59866714477539,88689000,20140317,TSLA,15.39799976348877,15.59866714477539,1,0.1806773680686874,0.0138891994734626,0.0138888888894811,0.0138891710471442,0.0138890244501197,0.0138891837022236,0.2484655833321587,0.2791892596955715,0.0138889793143154,0.0138888888895025,0.0138890471468861,0.1805554059904468,-0.7579,-0.7579,-0.7579
13.896666526794434,13.896666526794434,125700000,20140331,TSLA,14.157999992370604,13.896666526794434,0,0.0208333333334742,0.020833348708915,0.0208336285278553,0.0208333333334686,0.0208333333334723,0.5208330216072032,0.0208333333334471,0.0208333333334601,0.0208341834726012,0.0208333333334502,0.270832484349226,0.0208333333334263,-0.2244,-0.2244,-0.2244
13.834667205810549,13.834667205810549,147832500,20140407,TSLA,14.148667335510254,13.834667205810549,0,0.03125004141873927,0.07291676745142753,0.1375699540435072,0.0312501793854226,0.07291667099179058,0.34159590396791767,0.031250186882194775,0.0312502638056297,0.031250000000251826,0.07456033361670462,0.03125001732711428,0.1129396811092994,0.0,0.5263,0.131575
14.36400032043457,14.36400032043457,103339500,20140408,TSLA,13.834667205810549,14.36400032043457,1,0.012731734215536599,0.0543997605896576,0.11798383823274396,0.012731628987080933,0.1655092255264687,0.012732061459873366,0.45717312778573116,0.0127314817582102,0.012731555550121565,0.012731481482159733,0.11581254211234022,0.012731562300075267,0.0,0.1027,0.03423333333333333
13.208000183105469,13.208000183105469,88902000,20140417,TSLA,13.27400016784668,13.208000183105469,0,0.0138888888891082,0.0138888888890614,0.0138888888890645,0.0138888888890995,0.0138888888891053,0.0138896856591262,0.0138889014305059,0.0138888888890864,0.6805555794892827,0.0138888888890709,0.180554722308455,0.0138888888890336,0.5859,0.5859,0.5859
13.857333183288574,13.857333183288574,82428000,20140424,TSLA,13.866000175476074,13.857333183288574,0,0.0138888888894895,0.0138888888893611,0.0138901949473475,0.6185433770081222,0.0138900418270309,0.0138889393232352,0.2425648072539606,0.0138889362055671,0.0138888888893582,0.013888888889387,0.0138892190027001,0.01388892887444,0.6597,0.6597,0.6597
13.79466724395752,13.79466724395752,86686500,20140429,TSLA,13.234000205993652,13.79466724395752,1,0.1002314140359219,0.1664546126200065,0.06734162790613057,0.016898290047182577,0.0168981804706889,0.016898148148348426,0.0446759400349784,0.01689816909341595,0.2530091612516316,0.016898152024378076,0.266898134010218,0.016898170357098702,0.0,0.4939,0.24695
14.060667037963867,14.060667037963867,61302000,20140502,TSLA,13.84866714477539,14.060667037963867,1,0.0138897194907563,0.0138888888891872,0.0138888888891926,0.0138888888892531,0.3552077043655082,0.013888957478647,0.0138888888891953,0.0138888888892303,0.5059024268426878,0.0138888888892036,0.0138889695979989,0.0138888888891391,0.0,0.0,0.0
11.906000137329102,11.906000137329102,300849000,20140508,TSLA,13.423333168029783,11.906000137329102,0,0.0138889625624114,0.0138890964374247,0.3472202772141983,0.013890538465101,0.0138888888895901,0.0138889574407089,0.5138887526562116,0.0138889275538654,0.0138888888894444,0.0138888888894786,0.0138889321122073,0.0138888888893579,-0.1531,-0.1531,-0.1531
12.708000183105469,12.708000183105469,81100500,20140514,TSLA,12.677332878112791,12.708000183105469,1,0.0208339838042588,0.0208344642095817,0.5208307642977533,0.0208333333334814,0.0208333333334854,0.0208337525541712,0.0208333333334579,0.0208333333334721,0.0208333333334538,0.020833674881351,0.0208337051718318,0.2708329884137011,0.0,0.0,0.0
13.658666610717772,13.658666610717772,93217500,20140522,TSLA,13.296667098999023,13.658666610717772,1,0.0119048446816834,0.0119047619050683,0.0119049487152874,0.0119051253915207,0.1547612909354093,0.011904761905127,0.2976190696349891,0.1547614730143359,0.2976188801794079,0.0119050636729649,0.0119050180591866,0.011904761905019,0.7845,0.7845,0.7845
13.81999969482422,13.81999969482422,60102000,20140523,TSLA,13.658666610717772,13.81999969482422,1,0.016865129811563927,0.22638821595825323,0.06686518961042032,0.09272513297157385,0.016865160017427973,0.01686538864627057,0.08253327687109228,0.04067476786410722,0.19814790790772932,0.1039827650279314,0.016865207291683913,0.1212218580219455,0.0,0.5574,0.2877714285714286
14.015999794006348,14.015999794006348,55387500,20140529,TSLA,14.015999794006348,14.015999794006348,0,0.01736111111182725,0.10069433557279954,0.10069448004439666,0.0173615397871715,0.017361111111817748,0.01736159379982105,0.01736111111168985,0.1006945433521516,0.18402743855600776,0.14236018393793992,0.2673614405027928,0.0173611111115837,-0.2263,0.5859,0.1798
13.599332809448242,13.599332809448242,51411000,20140604,TSLA,13.662667274475098,13.599332809448242,0,0.2708330195550943,0.0208333333339734,0.0208333333339851,0.0208333333341149,0.0208333333341366,0.0208340002221877,0.0208333333339963,0.0208342349381656,0.0208333333339696,0.5208315593747131,0.020833694502713,0.0208334914029497,-0.5499,-0.5499,-0.5499
13.567999839782717,13.567999839782717,89905500,20140612,TSLA,13.631333351135254,13.567999839782717,0,0.578356064146616,0.0119048747581021,0.0119053939377863,0.0119049139752379,0.1597377908599224,0.0119048053136383,0.0119047619051634,0.1547619682924542,0.0119049835485136,0.0119048181956063,0.0119048631618693,0.0119047619050897,0.6124,0.6124,0.6124
15.444666862487791,15.444666862487791,199573500,20140617,TSLA,14.973999977111816,15.444666862487791,1,0.06878350097742657,0.013228125380951234,0.013227537542929968,0.4884958756355497,0.0721427683246529,0.08827858298602327,0.013227629558785899,0.013227631541096067,0.013227663790311933,0.013227841252002166,0.18970519829783092,0.013227644712438766,0.0,0.25,0.08333333333333333
15.185999870300291,15.185999870300291,131896500,20140619,TSLA,15.141332626342772,15.185999870300291,1,0.0083333509161672,0.0083333596160992,0.0083333388261764,0.0083333880611367,0.3238486443218351,0.0083333333335257,0.0083333333334992,0.0083333507138072,0.1561854396361449,0.0083333746857633,0.4449657532223757,0.0083333333334688,0.4404,0.4404,0.4404
15.981332778930664,15.981332778930664,65041500,20140701,TSLA,16.003999710083008,15.981332778930664,0,0.0138888888890311,0.0138891644565224,0.1386753202220606,0.0138893511539879,0.0138888888890292,0.0138891800340402,0.0138894392325887,0.1807591710191934,0.0138888888890001,0.0138888888890069,0.5555639294365562,0.0138888888889827,0.2023,0.2023,0.2023
14.630666732788086,14.630666732788086,72958500,20140710,TSLA,14.870667457580566,14.630666732788086,0,0.014815589230193632,0.014817411613489165,0.4782658831490265,0.014815225081677033,0.014814814814998767,0.014814814814989566,0.14814407024716872,0.014815265744169567,0.0148158795464858,0.014814814814969499,0.2402513260908508,0.014814904851980367,0.0,0.1779,0.1186
15.113332748413086,15.113332748413086,108048000,20140714,TSLA,14.541999816894531,15.113332748413086,1,0.014814871434504825,0.014814814815198274,0.01481493659541365,0.014814814815283,0.14453133171166535,0.014814814815271799,0.014815044675288574,0.014814990418349374,0.3128755815510414,0.014814855011805,0.4092591293410417,0.014814814815136499,-0.3818,0.4404,0.20975000000000002
14.832667350769045,14.832667350769045,46249500,20140723,TSLA,14.638667106628418,14.832667350769045,1,0.0092594423285164,0.1203703051530038,0.0092592592593794,0.0092592592594033,0.0092592592594073,0.0092592592593999,0.0092592592593805,0.0092592592593943,0.580435311140028,0.0092592942181064,0.215860832344622,0.0092592592593582,0.0,0.0,0.0
15.899333000183104,15.899333000183104,80829000,20140805,TSLA,15.90133285522461,15.899333000183104,0,0.01755979837535955,0.09606749550113716,0.05816470864786823,0.01755952380989335,0.017559527067286397,0.057554451771019824,0.0175598273093807,0.0175596601186718,0.38800225715144143,0.017559527032979576,0.18913615712120946,0.105717066093752,0.0,0.6369,0.227525
17.46733283996582,17.46733283996582,58018500,20140815,TSLA,17.42533302307129,17.46733283996582,1,0.0208333333343943,0.0208337443552153,0.020833542128792,0.0208333333343522,0.0208355174543374,0.0208333333343279,0.0208334455121518,0.020833333334289,0.0208333333341629,0.0208333333342141,0.7708300088758858,0.020833741667877,0.2732,0.2732,0.2732
17.503332138061523,17.503332138061523,64771500,20140825,TSLA,17.118667602539062,17.503332138061523,1,0.017261953616889182,0.01726194706282888,0.2244044242678053,0.21726184273828447,0.01726193294129426,0.01726193636463718,0.0172619495404589,0.0744047602109048,0.18869021871866293,0.017262197318247303,0.17440477176673558,0.017262065453250718,0.0,0.4215,0.1686
18.80733299255371,18.80733299255371,82524000,20140908,TSLA,18.49266624450684,18.80733299255371,1,0.08779708037482545,0.01636945047123005,0.1198723184893084,0.0163692119794396,0.0163690476195142,0.24973694538421926,0.01636933243309865,0.15800082371409796,0.0163690476194173,0.01636930233663705,0.270008391958852,0.01636904761935965,0.0,0.5719,0.28595
18.565332412719727,18.565332412719727,68382000,20140909,TSLA,18.80733299255371,18.565332412719727,0,0.0277777777778938,0.0277780855183196,0.0277777777778707,0.0277777777778892,0.0277777777778922,0.3611107998279102,0.3611111146528959,0.0277777777778822,0.0277777777778684,0.027777777777874,0.0277777777778489,0.0277777777778543,0.6542,0.6542,0.6542
18.687332153320312,18.687332153320312,56491500,20140911,TSLA,18.739999771118164,18.687332153320312,0,0.0208333333340415,0.0208333333338905,0.0208333333339006,0.520833257271683,0.0208335074558559,0.0208333333339972,0.2708332352672832,0.0208333333339712,0.0208333333338871,0.020833333333921,0.0208333333337677,0.0208333333338007,0.0,0.0,0.0
17.382667541503906,17.382667541503906,124501500,20140916,TSLA,16.923999786376953,17.382667541503906,1,0.06547629085807984,0.0178573721270935,0.18452351638357412,0.017857421875240767,0.017857142857921133,0.1011899220041405,0.017857221955863867,0.017857367395723134,0.3392855522841629,0.1011903915738127,0.10119048091907479,0.0178573197653122,0.0,0.9053,0.5881333333333333
16.35066795349121,16.35066795349121,72790500,20140929,TSLA,16.440000534057617,16.35066795349121,0,0.011905114443675,0.0119053703098947,0.0119050927829286,0.3164986835348958,0.0119055697178473,0.4215941695274101,0.0119052695052577,0.0119048039984635,0.0119047619054669,0.1547610388211688,0.0119053635476342,0.011904761905357,0.1531,0.1531,0.1531
16.761333465576172,16.761333465576172,134973000,20141002,TSLA,16.016000747680664,16.761333465576172,1,0.0138888888895528,0.476635013578257,0.013889342496575,0.0138889443487608,0.0138888888895443,0.1805556276488984,0.0138889563313459,0.0138890420365049,0.0138890010029273,0.2178085169990096,0.0138888888892962,0.0138888888893272,0.7387,0.7387,0.7387
17.134000778198242,17.134000778198242,110419500,20141009,TSLA,17.28533363342285,17.134000778198242,0,0.0138888888897276,0.3703388033575228,0.4907700655579504,0.0138898369213183,0.0138888888897172,0.0138888888896752,0.0138891356563788,0.0138888891263235,0.0138888888895447,0.0138888888895849,0.0138895689387571,0.0138892559934988,0.0,0.0,0.0
15.09000015258789,15.09000015258789,80989500,20141016,TSLA,15.313332557678224,15.09000015258789,0,0.0416666666674541,0.041666666667286,0.0416666666672974,0.0416666666674232,0.041666666667444,0.0416666666674049,0.0416666666673031,0.0416666666673757,0.0416666666672824,0.541666666659393,0.0416666666671495,0.0416666666671861,0.0,0.0,0.0
15.165332794189451,15.165332794189451,158241000,20141017,TSLA,15.09000015258789,15.165332794189451,1,0.0138888888895255,0.0138891012624194,0.0138888888893989,0.1805555647836255,0.0138888888895172,0.0138889574482057,0.513888716357819,0.0138888997149428,0.0138888888893867,0.1805553838709913,0.0138889321148583,0.0138888888893092,0.0,0.0,0.0
16.184667587280273,16.184667587280273,157744500,20141028,TSLA,14.777999877929688,16.184667587280273,1,0.0962303232399447,0.2613775231018908,0.25269916173247603,0.012896972856313749,0.01289701131724505,0.01289691902106175,0.10642649365336705,0.12155897337099265,0.012896825397054,0.08432548863848319,0.01289683090742275,0.01289747676374775,0.0,0.4588,0.2294
16.113332748413086,16.113332748413086,56629500,20141031,TSLA,15.910667419433594,16.113332748413086,1,0.0208333333343136,0.2708331645775747,0.0208333333341194,0.0208340093028143,0.0208333333343009,0.0208333333342524,0.270832763204845,0.0208333333342164,0.0208333483032458,0.0208333333341469,0.0208333333339347,0.2708333812722354,0.0,0.0,0.0
15.928667068481444,15.928667068481444,55239000,20141104,TSLA,16.172666549682617,15.928667068481444,0,0.011904761904862,0.0119047619048407,0.0119047619048421,0.0119047619048581,0.0119047619048607,0.0119047619048558,0.0119047795206806,0.0119047619048521,0.0119047619048402,0.0119047715240367,0.8690475918116424,0.011904761904828,0.0,0.0,0.0
16.01333236694336,16.01333236694336,77415000,20141107,TSLA,16.08133316040039,16.01333236694336,0,0.0208345349934893,0.020833333333655,0.0208333333336609,0.0208333333337261,0.0208333333337369,0.0208336587521879,0.0208333333336638,0.0208333333337016,0.4210481988946143,0.0208333333336727,0.3706169406902877,0.0208333333336032,0.34,0.34,0.34
16.738666534423828,16.738666534423828,119232000,20141111,TSLA,16.1286678314209,16.738666534423828,1,0.0138890965199055,0.0138895019044362,0.1805587803357906,0.0138889641004344,0.0138888888891288,0.3216371247259605,0.0138892401716758,0.0138890466783145,0.3728024911149032,0.0138888888890907,0.013889056255629,0.01388892041473,0.25,0.25,0.25
16.516000747680664,16.516000747680664,118777500,20141119,TSLA,17.18000030517578,16.516000747680664,0,0.018055600004411,0.01805558754530675,0.250696258037137,0.018055625147625952,0.01805555555575665,0.01805555555574655,0.0180562118071716,0.2741893875000105,0.1738470813743517,0.0180555985003141,0.1568219834164774,0.01805555555569005,-0.4563,0.4404,-0.007949999999999985
16.185333251953125,16.185333251953125,112276500,20141121,TSLA,16.58066749572754,16.185333251953125,0,0.0277777777781342,0.0277777777780581,0.0277777777780632,0.6944444444411985,0.0277777777781296,0.0277777777781119,0.0277777777780658,0.0277777777780988,0.0277777777780564,0.0277777777780735,0.0277777777779963,0.027777777778013,0.2023,0.2023,0.2023
14.290666580200195,14.290666580200195,138384000,20141208,TSLA,14.913999557495115,14.290666580200195,0,0.0187500000002477,0.01875006778400085,0.0187500000001984,0.0187501273970114,0.01875000000024445,0.5937494651714071,0.018750000000200148,0.01875000000022305,0.018750138363525147,0.21874960359776602,0.0187500467397555,0.01875055094541985,0.5859,0.7845,0.6852
14.619333267211914,14.619333267211914,103657500,20141219,TSLA,14.550666809082031,14.619333267211914,1,0.0247294446837583,0.04341778538931298,0.2696200360232311,0.09296829969941865,0.053300929148031174,0.02472944593967944,0.024729476852558302,0.02472943732001704,0.16758666036468656,0.22472943722610603,0.02472961012340488,0.024729437229795058,-0.296,0.0,-0.16366
15.187999725341797,15.187999725341797,49905000,20141226,TSLA,14.817333221435549,15.187999725341797,1,0.0224867724873726,0.022487164863479635,0.6097841176543072,0.022487194425887366,0.022486901446932467,0.07010618880343507,0.022488321257311834,0.0224867724873129,0.07010705551359096,0.07010582120439947,0.0224869173688013,0.022486772487168502,0.0,0.6846,0.2282
14.815333366394045,14.815333366394045,43548000,20141230,TSLA,15.047332763671877,14.815333366394045,0,0.0138892404184657,0.0138888888893583,0.0138889012340704,0.0138908340331215,0.0138888888894777,0.0138888888894482,0.0138889128540214,0.0138888888894263,0.0138888888893554,0.0138888888893841,0.8472198892345876,0.0138888888892827,0.0,0.0,0.0
14.827333450317385,14.827333450317385,34462500,20141231,TSLA,14.815333366394045,14.827333450317385,1,0.0208336205927658,0.0208333333337562,0.0208333333337639,0.0208336289531965,0.5208312841027708,0.0208333333338373,0.0208333333337678,0.0208333333338174,0.0208333333337537,0.2708332727462987,0.0208348602685832,0.0208333333336881,0.4767,0.4767,0.4767
14.005999565124512,14.005999565124512,80527500,20150105,TSLA,14.620667457580566,14.005999565124512,0,0.0156253491570263,0.0156251528845043,0.015625107174604,0.0156250000002005,0.2031239416182326,0.015625102335105598,0.01562506716578465,0.015625157844201848,0.3906247372322216,0.01562508767640685,0.2656252969115734,0.01562500000013775,0.0,0.0,0.0
14.085332870483398,14.085332870483398,93928500,20150106,TSLA,14.005999565124512,14.085332870483398,1,0.03521831738554017,0.08283715968256104,0.035218253968679565,0.07688482919562983,0.16564373793448578,0.0352183590140889,0.0352182539686834,0.03521852761315867,0.3418892530945315,0.0352182539686949,0.08621680020534121,0.03521825396860463,-0.296,0.0,-0.09866666666666667
13.480667114257812,13.480667114257812,89254500,20150112,TSLA,13.77733325958252,13.480667114257812,0,0.0083333333334814,0.0083333333334499,0.008333333333452,0.508332728578853,0.0083333333334795,0.0083338557663956,0.008333333333453,0.0083333333334667,0.4083332788554676,0.0083333333334562,0.0083334701316136,0.0083333333334311,0.0,0.0,0.0
12.791333198547363,12.791333198547363,78247500,20150115,TSLA,12.845999717712402,12.791333198547363,0,0.26099541960206557,0.07766199937133429,0.015162412702749924,0.015162379134083599,0.0498557174066405,0.015162096449513775,0.1679683169298764,0.04293982071297148,0.0568287300872265,0.2679390077419399,0.0151620370373926,0.015162062824204925,0.0,0.7845,0.286425
12.871333122253418,12.871333122253418,54048000,20150116,TSLA,12.791333198547363,12.871333122253418,1,0.039318788042475315,0.07602212087422147,0.014318856343013626,0.0990756389472949,0.035152118173641916,0.052804164232500186,0.055985470264676575,0.11020400268280647,0.05598574559743425,0.014318783069098163,0.4324955076539506,0.014318804118886,-0.2732,0.6476,0.02112499999999999
13.419333457946776,13.419333457946776,51579000,20150123,TSLA,13.441332817077637,13.419333457946776,0,0.22685164908285804,0.19351664454682768,0.02685325072760865,0.026852030512154016,0.026851993699167336,0.026852368148116767,0.08240721113552928,0.09351843191050775,0.026852195245702665,0.08240729478387361,0.1268517155988114,0.06018521460884232,0.0,0.6369,0.44141666666666673
13.770000457763672,13.770000457763672,48517500,20150126,TSLA,13.419333457946776,13.770000457763672,1,0.018923868660582526,0.01892377741103061,0.018923719066572614,0.08299638957521871,0.01892361944370531,0.01892434758946194,0.10225655937064553,0.018923771296623374,0.08142424989092337,0.018923777740745076,0.49738731236601563,0.1034686075884747,0.0,0.3716,0.1281375
13.291333198547363,13.291333198547363,47244000,20150128,TSLA,13.732000350952148,13.291333198547363,0,0.0166666666677272,0.0166666747131965,0.0166669777399508,0.0166671871971489,0.0166666666677132,0.0166666666676609,0.616662706511394,0.0166666666676217,0.2166664289963558,0.0166666666675469,0.016668915328323,0.0166677761753606,0.34,0.34,0.34
13.68000030517578,13.68000030517578,53221500,20150129,TSLA,13.291333198547363,13.68000030517578,1,0.0102413337657492,0.2483340615185424,0.010241562948448866,0.010241516738121233,0.1080267203561291,0.010241396817340933,0.11047165624026768,0.010241302044025234,0.04756469022110236,0.04819977741899897,0.3240498989363107,0.06214608299496283,-0.6597,0.4404,-0.1564333333333333
13.57333278656006,13.57333278656006,45105000,20150130,TSLA,13.68000030517578,13.57333278656006,0,0.0208333333334565,0.0208333333334302,0.0208334309475804,0.0208333333334516,0.7708331031993861,0.0208333333334488,0.020833465852113,0.0208333333334442,0.0208333333334296,0.0208333333334355,0.0208333333334089,0.0208333333334146,0.3182,0.3182,0.3182
14.419333457946776,14.419333457946776,80857500,20150210,TSLA,14.498666763305664,14.419333457946776,0,0.0337301587303166,0.0337301587302829,0.0337306500015407,0.03373016460718442,0.033730354568808824,0.03373018898651407,0.0337301587302863,0.03373015873030088,0.46230118065611253,0.03373015873028973,0.20039641312877032,0.03373025439959225,-0.1027,0.6486,0.11079999999999998
14.186667442321776,14.186667442321776,146536500,20150211,TSLA,14.419333457946776,14.186667442321776,0,0.04789350749870214,0.01456020056729832,0.06456022652845603,0.09307097006253577,0.05315279715979952,0.08979773068914083,0.01456021698932016,0.01456018518549409,0.3035487033939083,0.08292014446054789,0.20681499713172485,0.01456032033307147,-0.0258,0.7717,0.36658999999999997
13.607333183288574,13.607333183288574,99054000,20150224,TSLA,13.822667121887209,13.607333183288574,0,0.0104168135232028,0.1591683730172393,0.127189830141452,0.0104169110275718,0.0104171962203361,0.0104167467549538,0.0104171039250652,0.0104167878611816,0.0104166666669213,0.0104169834383391,0.6198899047763357,0.0104166826474007,0.6369,0.6369,0.6369
13.812666893005373,13.812666893005373,97093500,20150226,TSLA,13.583999633789062,13.812666893005373,1,0.0277777777785138,0.0277777777783568,0.6944411444493408,0.0277777777784848,0.0277777777785042,0.027778353869933,0.0277778631791808,0.0277795091698836,0.0277777777783532,0.0277786848829556,0.0277777777782292,0.0277777777782634,0.8653,0.8653,0.8653
13.155332565307615,13.155332565307615,118831500,20150302,TSLA,13.555999755859377,13.155332565307615,0,0.10730825762918876,0.012070114937083968,0.012070148268955666,0.10774981055158987,0.06839985912761377,0.012070199438971233,0.012070258178019532,0.012070105820306367,0.48199448036184717,0.012070109674578234,0.15005655019159217,0.012070105820252766,-0.3182,0.2263,-0.03063333333333333
12.916000366210938,12.916000366210938,74623500,20150311,TSLA,12.687999725341797,12.916000366210938,1,0.0138888888894696,0.0138888888893457,0.0138888950365428,0.0138888888894466,0.0138896419306895,0.0138888888894332,0.013891239087044,0.0138901247803333,0.0138888888893429,0.0138888888893708,0.8472178769397091,0.0138888888892722,-0.2263,-0.2263,-0.2263
12.73799991607666,12.73799991607666,62239500,20150312,TSLA,12.916000366210938,12.73799991607666,0,0.01349213516009658,0.16796278677044063,0.013492175620362663,0.013492246623939361,0.1762749045440416,0.0134921249158449,0.013492105412041499,0.2413171168169818,0.013492063492633299,0.11690993198967821,0.2030903267645133,0.01349208188942556,0.0,0.34,0.06872000000000002
12.57866668701172,12.57866668701172,81514500,20150313,TSLA,12.73799991607666,12.57866668701172,0,0.023148494860017837,0.18981472654908252,0.1342590768040486,0.13425876798187644,0.023148148148729703,0.0231481481487006,0.18981520236738303,0.0231481481486788,0.02314814814860883,0.1898148425458267,0.02314814814850953,0.023148148148536968,0.34,0.4003,0.36010000000000003
13.046667098999023,13.046667098999023,84432000,20150316,TSLA,12.57866668701172,13.046667098999023,1,0.01289699493304805,0.6566293388179166,0.012897166154849149,0.01289696877860025,0.0128971236787144,0.0128970298442172,0.012897007754721149,0.21440050075386835,0.01289682539693135,0.0128970008342015,0.012897073048505299,0.01289697000442625,-0.2023,0.4404,0.11905
12.982000350952148,12.982000350952148,73411500,20150317,TSLA,13.046667098999023,12.982000350952148,0,0.015128968254214649,0.050843290549860795,0.19370137875675747,0.0151291295781757,0.0151290219961079,0.015128968254199276,0.4526275695035441,0.09846200019769792,0.09846221397369258,0.015129085626693874,0.01512922809632555,0.01512914521272955,0.5859,0.8442,0.6927749999999999
13.380666732788086,13.380666732788086,72313500,20150318,TSLA,12.982000350952148,13.380666732788086,1,0.0416666666666897,0.0416673682808592,0.5416630621351962,0.0416678600825906,0.0416666666666894,0.0416666666666882,0.0416682269464674,0.0416666698507866,0.0416666666666847,0.0416666666666858,0.04166681270398,0.0416666666666818,0.6696,0.6696,0.6696
13.308667182922363,13.308667182922363,39474000,20150323,TSLA,13.20533275604248,13.308667182922363,1,0.020833333333477,0.0208333333334463,0.0208333333334484,0.0208333333334713,0.0208333333334751,0.020833333333468,0.0208333333334494,0.0208333333334627,0.7708333333319993,0.0208333333334525,0.0208333333334214,0.0208333333334281,0.0,0.0,0.0
13.447999954223633,13.447999954223633,54748500,20150324,TSLA,13.308667182922363,13.447999954223633,1,0.143556901848217,0.05449716181267118,0.3109919248540769,0.0850281607422631,0.016270033248058778,0.016269841270085163,0.01627029236668582,0.016269917722984677,0.08293648785230044,0.18104632598555787,0.016270140643945462,0.06059281165315311,-0.6597,0.2023,-0.37714
12.704667091369627,12.704667091369627,151342500,20150330,TSLA,12.333333015441896,12.704667091369627,1,0.1354165742579099,0.0104166666672612,0.2126276418234649,0.0104166738964965,0.0104166666674123,0.1503079057085719,0.2933146734509156,0.0104166666673471,0.0104166666672576,0.0104166666672938,0.010416920291109,0.1354162772349595,0.0,0.0,0.0
12.584667205810549,12.584667205810549,75399000,20150331,TSLA,12.704667091369627,12.584667205810549,0,0.28472214013496105,0.15138870919706687,0.18472209113138935,0.10138929016130842,0.018055555555743466,0.018055555555734067,0.018055744038191334,0.018055555555727066,0.01805555555570443,0.0180555555557136,0.15138865227673207,0.018055595281727767,0.3008,0.4404,0.39386666666666664
13.539999961853027,13.539999961853027,186837000,20150406,TSLA,12.733332633972168,13.539999961853027,1,0.021604938271948065,0.021604938271874832,0.3549376865212672,0.12529707073696258,0.0216049382719436,0.13271603478804653,0.021605235419856168,0.021604938271913936,0.021604938271873236,0.021604938271889668,0.21420910768125703,0.02160523522116667,-0.0772,0.6249,0.33549999999999996
14.005999565124512,14.005999565124512,57003000,20150409,TSLA,13.844667434692385,14.005999565124512,1,0.0104166666667855,0.0104170246525624,0.0104192915851911,0.0104172672600565,0.0104166666667839,0.010416666666778,0.0104174251085674,0.0104166682914459,0.0104166666667596,0.0104166725489115,0.8854123172194124,0.0104166666667451,0.0,0.0,0.0
13.985333442687988,13.985333442687988,56373000,20150413,TSLA,14.0600004196167,13.985333442687988,0,0.3906244191588726,0.036458335341063325,0.05729163911891545,0.08191288740914104,0.015625109097699624,0.09895843374502634,0.03645835077626465,0.015625027217633477,0.1406248252934913,0.015625127109163726,0.09517056304757643,0.01562528268515155,-0.34,0.4939,-0.04652500000000001
13.830666542053224,13.830666542053224,45390000,20150414,TSLA,13.985333442687988,13.830666542053224,0,0.011574128252853068,0.011574114272114034,0.0115740822785418,0.428239764391209,0.011574084428578433,0.011574427147311066,0.011574074074196666,0.011574074074210667,0.15077018831077985,0.0707022594340737,0.25769463398405057,0.011574169352080632,0.2023,0.2846,0.22973333333333334
13.85533332824707,13.85533332824707,29286000,20150415,TSLA,13.830666542053224,13.85533332824707,1,0.014206460389327918,0.04753972515988221,0.19765607342046648,0.01420662371337098,0.01420690899174012,0.04753967791665152,0.0475397318484163,0.09420652914138916,0.014206634181227659,0.014206548307524759,0.4802786810957662,0.01420640583423608,-0.4215,0.0,-0.22984
14.57333278656006,14.57333278656006,66168000,20150423,TSLA,14.629332542419434,14.57333278656006,0,0.0104167243589144,0.010416666667015,0.6925995240466569,0.0104168777477483,0.0104167931817914,0.0104166883325591,0.2032329780054677,0.0104168434874439,0.0104167117212808,0.010416683954934,0.0104168418292291,0.0104166666669589,0.4215,0.4215,0.4215
15.436667442321776,15.436667442321776,175089000,20150427,TSLA,14.562000274658203,15.436667442321776,1,0.0083333333337351,0.0083333333336494,0.1083339440387532,0.1083333888667959,0.0083333333337298,0.0083338400752299,0.0083333333336581,0.0083333333336951,0.7083319970422851,0.0083333333336668,0.0083334966412025,0.0083333333335985,0.1248,0.1248,0.1248
15.49666690826416,15.49666690826416,59041500,20150429,TSLA,15.36533260345459,15.49666690826416,1,0.2166665866768478,0.0166666666669765,0.2166667030536809,0.2166667189129252,0.0166666666670553,0.0166670098907376,0.016666666666985,0.0166666666670214,0.0166667782810368,0.0166666666669935,0.216666203182813,0.0166666666669266,0.4404,0.4404,0.4404
15.0686674118042,15.0686674118042,79225500,20150501,TSLA,15.06999969482422,15.0686674118042,0,0.011574962385503849,0.09490750252223144,0.16592860820826466,0.16183478614438845,0.01157407407447885,0.011574074074458651,0.01157410450137355,0.4014013348883324,0.01157438490075865,0.09490741643417035,0.01157449920917465,0.011574252656864,0.2732,0.4215,0.34735
15.36733341217041,15.36733341217041,66519000,20150504,TSLA,15.0686674118042,15.36733341217041,1,0.0092592592594922,0.2661797332632614,0.1474460881963507,0.0092593876640028,0.120370395611171,0.0092592592594777,0.0092595306203038,0.0092592595818503,0.0092592592594414,0.1203703819603203,0.2808181860649148,0.009259259259413,0.4927,0.4927,0.4927
15.529999732971191,15.529999732971191,86953500,20150505,TSLA,15.36733341217041,15.529999732971191,1,0.0104166666667894,0.0104166666667632,0.010416666666765,0.0104166754824621,0.0104166666667878,0.0104167012769162,0.0104166666667659,0.0104166666667772,0.8854166232397145,0.0104166666667685,0.010416666666742,0.0104166666667477,-0.34,-0.34,-0.34
15.362000465393066,15.362000465393066,79063500,20150506,TSLA,15.529999732971191,15.362000465393066,0,0.013271794904298232,0.013271604938455334,0.013271631009813533,0.013271699002110032,0.14563761825679392,0.11697524019240697,0.0799383110874282,0.013271604938481932,0.12552796956302537,0.013271604938465431,0.43901931623029467,0.013271604938425734,0.0,0.2023,0.06743333333333333
16.31599998474121,16.31599998474121,95451000,20150512,TSLA,15.965999603271484,16.31599998474121,1,0.18749956437201695,0.020833350719149397,0.020833333333659766,0.0208338207051241,0.1041664641584379,0.18750005499040512,0.020833337803653467,0.13194437084580185,0.24305545710261223,0.0208334566407971,0.020833431785648466,0.020833357542693064,-0.6124,0.5574,-0.01833333333333335
16.47599983215332,16.47599983215332,55113000,20150519,TSLA,16.583332061767578,16.47599983215332,0,0.0187500000006772,0.21874877976650348,0.0187500000005426,0.21875102182539186,0.0187503476040266,0.018750423812848548,0.01875044510593235,0.018750101556962398,0.018750306946392452,0.2541506683718218,0.1583479050084533,0.01875000000044695,0.0,0.0,0.0
16.51533317565918,16.51533317565918,33346500,20150522,TSLA,16.374666213989258,16.51533317565918,1,0.4062486189791781,0.2812473652671254,0.03125000000031015,0.0312501145493292,0.0312500000003821,0.031250853073324,0.0312502353578723,0.0312503104936706,0.031251111917261154,0.03125134925012265,0.031250000000237504,0.0312500411111863,0.0,0.4404,0.2202
16.495332717895508,16.495332717895508,51123000,20150527,TSLA,16.497333526611328,16.495332717895508,0,0.0138888888891087,0.0138888888890619,0.0138893295765112,0.0138889711377081,0.0138888888891059,0.0138901212351277,0.0138888888890666,0.0138888888890869,0.6805543753018769,0.0138888888890714,0.0138888888890238,0.1805549805252503,0.34,0.34,0.34
16.71266746520996,16.71266746520996,21334500,20150612,TSLA,16.76066780090332,16.71266746520996,0,0.0277777777782116,0.027777777778119,0.0277777777781253,0.0277782924695574,0.0277789622653742,0.3611106450543165,0.0277777777781284,0.0277777777781685,0.027777777778117,0.0277777777781378,0.36110987798568,0.027777777778064,0.4926,0.4926,0.4926
16.691999435424805,16.691999435424805,32793000,20150615,TSLA,16.71266746520996,16.691999435424805,0,0.2337962237111528,0.0115740916911316,0.1715115997419574,0.01157446694747255,0.011574074074383451,0.2808542311057584,0.0738585204039815,0.011574074154337751,0.0115740769020482,0.1589603106475584,0.0115742565459366,0.01157407407428095,0.5423,0.6705,0.6064
17.500667572021484,17.500667572021484,36945000,20150619,TSLA,17.459333419799805,17.500667572021484,1,0.0138889805101434,0.0138891571002585,0.0138899284766889,0.0138894967344031,0.0138888888889436,0.0138889770081483,0.6774218460092182,0.0138888892971951,0.0138888906706611,0.0138889557692416,0.1836871006461722,0.0138888888889255,0.8356,0.8356,0.8356
17.844667434692383,17.844667434692383,58062000,20150623,TSLA,17.319332122802734,17.844667434692383,1,0.0138888888890812,0.0138888888890402,0.0138903316889354,0.0138889101234334,0.0138888888890787,0.0138888888890692,0.0138891848907908,0.1805551783720705,0.0138888888890393,0.0138889421925125,0.6805541193979321,0.0138888888890159,0.4939,0.4939,0.4939
17.468000411987305,17.468000411987305,52183500,20150629,TSLA,17.805999755859375,17.468000411987305,0,0.0119047619052293,0.0119055568004934,0.0119051221158086,0.1547617486804643,0.0119047619052232,0.4279304744308423,0.0119049271227582,0.0119047619051829,0.0119050202150545,0.1813394338417723,0.1407285759277673,0.0119048551494033,0.0,0.0,0.0
18.64800071716309,18.64800071716309,61828500,20150706,TSLA,18.667999267578125,18.64800071716309,0,0.025463000978274503,0.27546299076723335,0.2060718061074072,0.025463025446083,0.0254630525256146,0.02546305075721095,0.17066168665100895,0.02546296296316305,0.08282627317488045,0.0867361436479195,0.0254630440180944,0.02546296296310965,0.0,0.0258,0.0129
18.310667037963867,18.310667037963867,75061500,20150717,TSLA,17.778667449951172,18.310667037963867,1,0.0138888888900258,0.0138897960568592,0.1805556830012508,0.0138898088993176,0.1805556762160514,0.0138907081013743,0.013888888889808,0.0138888888899127,0.0138890017895231,0.0138888888898326,0.5138848814864045,0.0138888888896395,0.0,0.0,0.0
17.654666900634766,17.654666900634766,58437000,20150728,TSLA,16.867332458496094,17.654666900634766,1,0.02916666666710655,0.1291664512891914,0.029166666667019,0.02916668504416885,0.27916677875450063,0.0291668402925672,0.1291665007203884,0.12916656031324575,0.029166666667010652,0.12916665229649515,0.0291667199863783,0.029166811301927602,-0.6377,0.3182,-0.15975000000000006
17.74333381652832,17.74333381652832,33339000,20150731,TSLA,17.785999298095703,17.74333381652832,0,0.021527777777998226,0.22152756727265582,0.18819386443941039,0.021527807996709176,0.0215277878760327,0.021528070227631476,0.18819492796322107,0.18819415117173766,0.021527777777950126,0.021527796589781573,0.06319468939621428,0.02152778151065715,-0.2263,0.2975,0.017799999999999996
16.408666610717773,16.408666610717773,219357000,20150806,TSLA,18.0086669921875,16.408666610717773,0,0.20138887456760088,0.0347224560942333,0.201387701699899,0.03472262002829015,0.03472222222303085,0.034722222222990345,0.0347227423162394,0.0347222232843263,0.03472222222286285,0.2847222222159446,0.03472227090181905,0.0347222222227628,-0.022,0.0,-0.011
16.512666702270508,16.512666702270508,69438000,20150902,TSLA,15.908666610717772,16.512666702270508,1,0.0151390306242037,0.09274373031890429,0.01513905614589878,0.09933091039373726,0.015138927264875321,0.015139174436754199,0.18180529867276093,0.0951389125805182,0.015138901137087341,0.0151389909351999,0.4250081034932765,0.015138963996783019,-0.296,0.3612,0.00042000000000000923
16.87933349609375,16.87933349609375,43363500,20150914,TSLA,16.682666778564453,16.87933349609375,1,0.0868048930941063,0.011805555751302725,0.0118055631159767,0.011805578934900375,0.01180555555576605,0.0118056144937531,0.011805555555728,0.011805555555747626,0.6519652349114237,0.01180568722738775,0.1549796502482109,0.011805555555696325,0.0,0.7184,0.486525
17.40399932861328,17.40399932861328,39012000,20150923,TSLA,17.395999908447266,17.40399932861328,1,0.2708327637044361,0.2708332841772328,0.0208333333341853,0.0208333333343551,0.0208333333343833,0.0208338824629544,0.270833402981759,0.0208333333342912,0.020833333334165,0.0208333333342161,0.0208333333339858,0.0208333333340354,0.0,0.0,0.0
17.12733268737793,17.12733268737793,56601000,20150925,TSLA,17.541332244873047,17.12733268737793,0,0.3611103380760243,0.0277777777784596,0.0277777777784719,0.0277777777786103,0.0277783411721268,0.0277785099501686,0.0277777777784783,0.0277777777785583,0.0277777777784554,0.3611105885739871,0.0277777777783092,0.0277777777783497,0.6369,0.6369,0.6369
16.559999465942383,16.559999465942383,73944000,20150930,TSLA,16.44333267211914,16.559999465942383,1,0.0166667078195591,0.2166666534002335,0.0166666944845535,0.0166666666667337,0.0166666666667356,0.0166666666667321,0.0166667769491866,0.0166666666667296,0.0166666666667213,0.0166666666667246,0.6166664644020495,0.0166667029440405,-0.3535,-0.3535,-0.3535
16.504667282104492,16.504667282104492,66360000,20151002,TSLA,15.991999626159668,16.504667282104492,1,0.020515288113692964,0.020515046494243187,0.020515067845669924,0.24722697845463545,0.0812501705250667,0.06218171451657926,0.020515126266763238,0.05940423872908238,0.28923754328131734,0.04551509163171639,0.11260857469034787,0.02051515945088476,-0.4184,0.4939,0.06001250000000001
14.71266746520996,14.71266746520996,92376000,20151009,TSLA,15.114666938781738,14.71266746520996,0,0.05902772922404497,0.01736111111139255,0.1423605337882908,0.017361554914287924,0.01736111111146415,0.017361111111446476,0.1422612889792401,0.059027787488003795,0.05912806843947505,0.3923594994993186,0.0173624258530738,0.05902777847996135,0.0,0.9558,0.298575
14.458666801452637,14.458666801452637,46566000,20151014,TSLA,14.616666793823242,14.458666801452637,0,0.0208335398000873,0.0208368133233965,0.0208333333337026,0.0208333333337761,0.2708332260154462,0.0208333333337656,0.5208297541914133,0.0208333333337485,0.0208333333336938,0.0208333333337159,0.0208333333336161,0.0208333333336376,0.6808,0.6808,0.6808
15.206666946411133,15.206666946411133,37618500,20151019,TSLA,15.133999824523926,15.206666946411133,1,0.0166670326597747,0.3967484489363928,0.2166666647441464,0.016666666666816,0.0166666666668202,0.0166666666668125,0.2365845203253148,0.0166666666668068,0.0166666666667883,0.0166666666667957,0.0166666666667621,0.0166666666667693,0.7906,0.7906,0.7906
14.005999565124512,14.005999565124512,62272500,20151021,TSLA,14.20199966430664,14.005999565124512,0,0.08871492788163582,0.07009002965003706,0.13701531250977247,0.16560197688740302,0.033158971873466614,0.0530002403077264,0.12442805021489496,0.06887545100027247,0.06781917985101951,0.0530003887265149,0.04958105370314657,0.08871441739410965,0.0,0.6322,0.2861714285714285
14.114666938781738,14.114666938781738,42378000,20151022,TSLA,14.005999565124512,14.114666938781738,1,0.013889228631004,0.8472216427958796,0.0138889019426839,0.0138888888889649,0.013888888888967,0.0138888888889631,0.0138891155187928,0.0138888888889601,0.0138888888889508,0.0138888888889546,0.0138888888889374,0.0138888888889411,0.4404,0.4404,0.4404
13.939332962036133,13.939332962036133,63532500,20151023,TSLA,14.114666938781738,13.939332962036133,0,0.14499916893978043,0.0654336036080278,0.197899511744498,0.03166671942687812,0.03166668118062418,0.03166683329223418,0.15072253957754067,0.03166666666692676,0.07261149599934055,0.09833333111178756,0.07166687357071537,0.07166657488164578,0.0,0.6293,0.26484
14.350666999816896,14.350666999816896,50871000,20151026,TSLA,13.939332962036133,14.350666999816896,1,0.02430568618902355,0.35763696311603194,0.02430598568471955,0.02430555555585895,0.0243056636793474,0.02430578248217425,0.02430558105456905,0.0243064434058134,0.0243055555558025,0.3993035326989354,0.0243059499472731,0.02430730063045025,0.0,0.8275,0.41375
14.023332595825195,14.023332595825195,52791000,20151027,TSLA,14.350666999816896,14.023332595825195,0,0.0416666666668532,0.0416666666668133,0.041666666666816,0.0416666666668458,0.0416666666668507,0.0416666666668415,0.5416666666649399,0.0416666666668346,0.0416666666668124,0.0416666666668214,0.041666666666781,0.0416666666667897,0.765,0.765,0.765
14.108667373657228,14.108667373657228,27075000,20151029,TSLA,14.197333335876465,14.108667373657228,0,0.0083343313751165,0.0083333373329031,0.0083335209544218,0.0083333333334652,0.1083333432365617,0.008333333333462,0.0083333510499201,0.0083333333334569,0.1087258959866458,0.0083333333334472,0.7079395533971753,0.0083333333334239,-0.3612,-0.3612,-0.3612
14.667332649230955,14.667332649230955,66010500,20151120,TSLA,14.786666870117188,14.667332649230955,0,0.010119208648318799,0.1546425805703954,0.19153094923058983,0.0101193364500791,0.0101190476193163,0.0101191401327535,0.41989744929085104,0.01011904765887015,0.01011904812357695,0.15297602314046074,0.010119121515560249,0.01011904761922735,0.0258,0.4019,0.21384999999999998
14.550000190734863,14.550000190734863,37204500,20151124,TSLA,14.516667366027832,14.550000190734863,1,0.054888179057870204,0.01925954391361543,0.06925904584186435,0.11925891282454493,0.01925939467262088,0.21499670309271526,0.07695864585954515,0.01925925925938703,0.19259786041911053,0.01925939220026051,0.1757438035991124,0.01925925925935289,-0.25,0.807,0.3948
15.513999938964844,15.513999938964844,44094000,20151203,TSLA,15.465999603271484,15.513999938964844,1,0.0138888888892878,0.0138888888892027,0.0138888888892084,0.013888888889272,0.0138888888892826,0.0138919697552264,0.0138889052824259,0.0138891609938339,0.0138888888892008,0.8472188528547732,0.0138888888891336,0.0138888888891522,0.4404,0.4404,0.4404
15.137999534606934,15.137999534606934,31075500,20151210,TSLA,14.968000411987305,15.137999534606934,1,0.0092592592593291,0.0092592592593142,0.0092592592593152,0.1203703742581201,0.0092592592593282,0.0092592592593248,0.0092592592593157,0.0092592592593222,0.7870368408639907,0.0092592592593173,0.0092594515440166,0.0092592592593054,-0.34,-0.34,-0.34
15.559332847595217,15.559332847595217,49479000,20151217,TSLA,15.633999824523926,15.559332847595217,0,0.0166666666671325,0.2166665322222626,0.3780309738801917,0.0166666798666492,0.0166668131588272,0.01666705941542,0.2553001742808975,0.0166678435539324,0.016666666667031,0.0166671437223197,0.0166667798983614,0.0166666666669742,0.0,0.0,0.0
15.36400032043457,15.36400032043457,45213000,20151218,TSLA,15.559332847595217,15.36400032043457,0,0.02317132683841856,0.02317130616975082,0.02317132961341463,0.02317136176853688,0.23773039240716448,0.06380358762771815,0.0845585607069288,0.03983794289872944,0.18227334747122614,0.12317107597566794,0.15276845713276438,0.02317131138967924,-0.34,0.2732,-0.04014
15.503999710083008,15.503999710083008,29298000,20151221,TSLA,15.36400032043457,15.503999710083008,1,0.0138888888895747,0.0138888888894284,0.0138892780432212,0.0138888888895475,0.3472208624013426,0.0138895095097482,0.0138888888894432,0.0138888888895065,0.5138890274519068,0.013888888889458,0.0138890615943418,0.0138889276624808,0.0,0.0,0.0
15.329999923706056,15.329999923706056,29422500,20151222,TSLA,15.503999710083008,15.329999923706056,0,0.023703703703833682,0.02370370370380596,0.023703703703807782,0.11259255575594532,0.02370370370383198,0.02370393001474822,0.22370370370359152,0.02370370370382074,0.45037016498143334,0.02370370370381156,0.02370371961758002,0.023703703703789457,0.0,0.5093,0.20371999999999998
13.998000144958496,13.998000144958496,46378500,20160112,TSLA,13.856666564941406,13.998000144958496,1,0.0736057208922042,0.0128968253970809,0.01289682539708545,0.09623000930635245,0.012896825397145751,0.09623016865311165,0.01289696127356825,0.0128968253971177,0.37899493481522684,0.01289682539709475,0.2646610561122092,0.0128970219618025,0.0,0.0,0.0
13.64799976348877,13.64799976348877,60580500,20160119,TSLA,13.666000366210938,13.64799976348877,0,0.8472194489558573,0.0138889157584051,0.0138888888896836,0.013889341370445,0.0138899854216556,0.0138889338122584,0.0138892616739004,0.0138888888897821,0.0138888888896647,0.013888888889712,0.0138891710605344,0.0138893863881008,0.9246,0.9246,0.9246
13.24666690826416,13.24666690826416,87579000,20160120,TSLA,13.64799976348877,13.24666690826416,0,0.0138888888892391,0.0138888888891644,0.5138870622788146,0.0138889037506393,0.1805555989893717,0.0138898268316687,0.013889774163751,0.0138888888892043,0.1805553731592714,0.0138888888891795,0.0138890163805755,0.01388888888912,0.0,0.0,0.0
11.565333366394045,11.565333366394045,118971000,20160203,TSLA,12.185333251953123,11.565333366394045,0,0.0138890266728639,0.0138890016655119,0.3472208675083954,0.5138876143482898,0.0138888888892661,0.0138889446404078,0.0138898203128593,0.0138888888892332,0.0138888888891878,0.0138896792621206,0.0138888888891234,0.0138894900327404,-0.128,-0.128,-0.128
10.84000015258789,10.84000015258789,141564000,20160205,TSLA,11.68866729736328,10.84000015258789,0,0.2166655270613509,0.0166666666669502,0.2166666788093735,0.0166666666670128,0.0166666666670223,0.0166666666670046,0.0166666666669579,0.0166666666669912,0.0166666666669484,0.416666694229433,0.0166666666668877,0.0166677665640672,-0.296,-0.296,-0.296
9.57800006866455,9.57800006866455,156097500,20160210,TSLA,9.883333206176758,9.57800006866455,0,0.0208333333335248,0.0208336947461839,0.2575716746628195,0.0208339395953839,0.0208333333335223,0.0208333333335128,0.0208340551278202,0.0208333349740611,0.020833333333483,0.2708333285726053,0.284093305653623,0.0208333333334597,0.0,0.0,0.0
10.031332969665527,10.031332969665527,213786000,20160211,TSLA,9.57800006866455,10.031332969665527,1,0.021701389295439775,0.18836787714760006,0.021701501014687825,0.021701427721172725,0.05566405124862477,0.021702320863717324,0.10823799598031095,0.021701388994353525,0.021701388889205874,0.021701388889225376,0.47411786219729496,0.02170140775836625,-0.296,0.2732,-0.005699999999999997
10.344667434692385,10.344667434692385,83907000,20160216,TSLA,10.06933307647705,10.344667434692385,1,0.1041664951170877,0.0208335874623036,0.38426817382501566,0.02083373113908235,0.18749995913828013,0.02083356796578435,0.020833853427273452,0.02083333439517265,0.0208333333337442,0.15739724884983447,0.0208333820127408,0.0208333333336801,0.4019,0.4019,0.4019
11.118000030517578,11.118000030517578,58314000,20160218,TSLA,11.245332717895508,11.118000030517578,0,0.031250000000800804,0.03125000000063,0.03125000000064145,0.2812499999978236,0.03125000000079055,0.28125013450867287,0.1562498654876087,0.0312500000007212,0.031250000000626096,0.0312500000006646,0.031250000000491204,0.031250000000528404,-0.046,0.4927,0.22335000000000002
11.10533332824707,11.10533332824707,44391000,20160219,TSLA,11.118000030517578,11.10533332824707,0,0.0075757688417626,0.007575757575953,0.0075760881403651,0.0075758855623138,0.007576301790718,0.0075757575759905,0.4371304499154376,0.0984848764777334,0.0075757575759518,0.0075757575759638,0.3962011786160813,0.0075764203517286,0.5267,0.5267,0.5267
11.93333339691162,11.93333339691162,80934000,20160224,TSLA,11.814000129699709,11.93333339691162,1,0.0138888888896192,0.0138888888894634,0.0138897180789618,0.0138893015658744,0.0138897274231684,0.013888935228731,0.0138889324033663,0.0138888888895465,0.01388888888946,0.8472196502866192,0.0138888888893369,0.0138892905658523,0.8402,0.8402,0.8402
12.795332908630373,12.795332908630373,67485000,20160229,TSLA,12.689332962036133,12.795332908630373,1,0.0119047619048866,0.01190476190486,0.0119047619048618,0.0119048813742631,0.011904761904885,0.0119047619048789,0.0119047619048627,0.0119047619048742,0.869047219985189,0.0119048196149971,0.0119049837865967,0.0119047619048442,-0.7096,-0.7096,-0.7096
12.423333168029783,12.423333168029783,100683000,20160301,TSLA,12.795332908630373,12.423333168029783,0,0.0312500000009425,0.03125000000074145,0.031250000000754896,0.031250000000905345,0.0312500000009302,0.0312500000008838,0.031250000000761696,0.28124999999619804,0.15625005727207644,0.1562499599345925,0.15624998279059082,0.03125000000062185,-0.2755,0.3612,0.04285
12.555999755859377,12.555999755859377,72936000,20160302,TSLA,12.423333168029783,12.555999755859377,1,0.0208341853679288,0.020834474239614,0.0208339537345299,0.0208333333343747,0.0208348253423184,0.0208337593507042,0.0208338325399483,0.0208333333343098,0.0208333333341814,0.0208333693673092,0.7708282667207319,0.0208333333340489,0.0,0.0,0.0
13.914667129516602,13.914667129516602,48129000,20160309,TSLA,13.506667137145996,13.914667129516602,1,0.0162037037039737,0.016203855674775534,0.01620371251167957,0.28061580031925076,0.016203703703970163,0.016203703703956865,0.016203824328244465,0.016204378031450365,0.0995370845440041,0.18287019245724814,0.19623523082053895,0.12731481020090676,0.2732,0.5707,0.3723666666666667
15.515999794006348,15.515999794006348,70677000,20160318,TSLA,15.092000007629396,15.515999794006348,1,0.0138889421880251,0.0138892030525248,0.0138898562684188,0.0138890607440128,0.0138889355313359,0.0138890129791471,0.5041855685374421,0.013888888889189,0.356923770962085,0.0138889830696167,0.0138888888890934,0.0138888888891089,0.0,0.0,0.0
15.342000007629396,15.342000007629396,60214500,20160329,TSLA,15.350666999816896,15.342000007629396,0,0.016667124383974,0.0166669101445061,0.0166667733775711,0.0166666976987346,0.0166667293794825,0.0166666666667996,0.0166667948082368,0.0166666666667943,0.0166678689428891,0.0166667881083856,0.8166643131558655,0.0166666666667602,0.5859,0.5859,0.5859
15.12600040435791,15.12600040435791,60495000,20160330,TSLA,15.342000007629396,15.12600040435791,0,0.07861702146666942,0.03323413752499498,0.033234379921542385,0.057043701085778886,0.08085330425374157,0.17609138483295173,0.03323422461593557,0.03323420633370933,0.033234353698355104,0.07921497497472005,0.32877413287089813,0.033234178420702386,0.0,0.7184,0.10262857142857143
15.317999839782717,15.317999839782717,120193500,20160331,TSLA,15.12600040435791,15.317999839782717,1,0.01821481241773914,0.01821439612068948,0.0582139832402093,0.18488056019188473,0.252641349408878,0.09821417526811248,0.01821455814250092,0.0182143758343139,0.018214285714793242,0.09946792861083326,0.1638936762666491,0.051615898783395966,-0.2732,0.9071,0.08152000000000001
15.839332580566406,15.839332580566406,239962500,20160401,TSLA,15.317999839782717,15.839332580566406,1,0.01503771089287072,0.12036625468016213,0.13881596552493056,0.21336740320900882,0.09768870924772002,0.01503787934118468,0.09472117280535924,0.015037550915029492,0.015037663586990409,0.03921709893765566,0.2206349399071255,0.015037650951962335,0.0,0.9136,0.36005454545454546
16.465999603271484,16.465999603271484,202129500,20160404,TSLA,15.839332580566406,16.465999603271484,1,0.02555634774843042,0.2788885932826054,0.06555533519290392,0.0255558162273208,0.0255555555561778,0.15888863870498737,0.025555830630802724,0.025555555556123377,0.2922213929686598,0.025555760682528163,0.025555617893488158,0.02555555555597156,0.0,0.4497,0.35604
17.031333923339844,17.031333923339844,149230500,20160405,TSLA,16.465999603271484,17.031333923339844,1,0.0277777777781756,0.0277777777780907,0.0277777777780965,0.0277777777781599,0.0277777777781704,0.0277778368494744,0.0277777777780995,0.027777777778136,0.0277777777780889,0.0277777777781079,0.6944443853693592,0.0277777777780403,0.0,0.0,0.0
17.69466781616211,17.69466781616211,175582500,20160406,TSLA,17.031333923339844,17.69466781616211,1,0.2812491180009981,0.03125000000068055,0.03125000000069325,0.031250000000831,0.0312500000008539,0.15007856832219363,0.03125000000069915,0.16242141802887644,0.031250881994003346,0.031250000000717953,0.0312500000005305,0.15625001364892174,-0.4824,0.0,-0.2412
17.14666748046875,17.14666748046875,132843000,20160407,TSLA,17.69466781616211,17.14666748046875,0,0.0187502175798822,0.11874986351265471,0.17148750218648345,0.018750680481992098,0.01875012111674125,0.01875009004088355,0.01875028257887145,0.0187500000002169,0.1660114425589527,0.14379702473817615,0.26870273311157367,0.01875004209357145,-0.296,-0.2732,-0.28459999999999996
16.67133331298828,16.67133331298828,110458500,20160408,TSLA,17.14666748046875,16.67133331298828,0,0.0651787292852545,0.04334711253232228,0.06116687949010574,0.09985546108983193,0.04017851334047142,0.13249780043022974,0.06919033485198502,0.01517881127468652,0.01517898011118016,0.015178648117642541,0.4278699343808026,0.015178795095487118,0.0,0.7901,0.34004
16.661333084106445,16.661333084106445,137425500,20160411,TSLA,16.67133331298828,16.661333084106445,0,0.0208333333335254,0.0208333652507134,0.5208320141837918,0.0208333333335178,0.0208333333335229,0.0208346371079848,0.0208333333334886,0.0208334319850569,0.2708329408677957,0.0208333333334927,0.0208335234143193,0.0208334205227903,0.5423,0.5423,0.5423
16.92533302307129,16.92533302307129,64071000,20160418,TSLA,16.96733283996582,16.92533302307129,0,0.020833333333663,0.0208333333335927,0.0208333333335974,0.5208333436567385,0.0208333333336587,0.0208333333336424,0.0208333333335998,0.2708327005946033,0.0208333333335911,0.0208339557462262,0.0208333333335355,0.020833333333551,0.4019,0.4019,0.4019
16.6646671295166,16.6646671295166,77911500,20160420,TSLA,16.4913330078125,16.6646671295166,1,0.07777810298823802,0.020635607817466373,0.16210961937141813,0.020635144842940514,0.020635226442890658,0.02063504593822877,0.1268158613955748,0.09206423095807972,0.11587294082334908,0.020635192622961485,0.3015480963237221,0.020634930475130025,-0.4576,0.8402,0.21839999999999998
16.764667510986328,16.764667510986328,48087000,20160427,TSLA,16.916000366210938,16.764667510986328,0,0.13802099786254493,0.013021301310228123,0.04427105873170007,0.20051947988385058,0.0765674456215709,0.0760587398219335,0.0130208977434465,0.06886200638310674,0.2042333089087776,0.01302113649066565,0.1393827902518759,0.013020836990298875,-0.7366,0.743,-0.12187500000000001
16.05066680908203,16.05066680908203,81207000,20160429,TSLA,16.513999938964844,16.05066680908203,0,0.01736111111132465,0.01736119226456905,0.017361467247039148,0.2507056505231705,0.2673610975751295,0.0173611111113113,0.0173612787601486,0.20068257681230559,0.14236056616060014,0.0173611111112883,0.0173616416307134,0.01736119569239955,-0.25,-0.128,-0.189
16.1200008392334,16.1200008392334,57658500,20160502,TSLA,16.05066680908203,16.1200008392334,1,0.0208333333340237,0.02083333599785195,0.02083350671267155,0.0208333786121615,0.182111549035678,0.1041663803641438,0.10955468916067759,0.02083380207384845,0.43749854354374407,0.02083342864575135,0.02083333333375695,0.0208347191856906,0.128,0.8625,0.49525
14.10200023651123,14.10200023651123,168822000,20160505,TSLA,14.837332725524902,14.10200023651123,0,0.0104167747644003,0.0104167292344635,0.0104169887852806,0.4468847308828642,0.010416666666879,0.0104166666668684,0.2048783592399264,0.0104166669509135,0.0104166666668349,0.0104166666668453,0.2544861653627332,0.0104169181119901,0.5719,0.5719,0.5719
14.32866668701172,14.32866668701172,85278000,20160506,TSLA,14.10200023651123,14.32866668701172,1,0.026105510277067884,0.04651365904971526,0.06692179547485876,0.0960217742914167,0.02610544899968459,0.08373973542694427,0.026105471384580643,0.02610544217718783,0.18187017630756547,0.026105576353017516,0.3682999680808575,0.026105442177103113,-0.296,0.3182,0.07068571428571428
13.8186674118042,13.8186674118042,54757500,20160512,TSLA,13.93066692352295,13.8186674118042,0,0.0208333333334524,0.020833333333427,0.020833443363547,0.0208334871768224,0.0208333333334508,0.020833333333445,0.7708330657816073,0.0208333333334406,0.0208333370105566,0.0208333333334321,0.0208333333334064,0.0208333333334119,0.088,0.088,0.088
13.88599967956543,13.88599967956543,44241000,20160516,TSLA,13.84066677093506,13.88599967956543,1,0.013392905725621376,0.013392858600786376,0.3396369768733655,0.013393114696300576,0.013392859112147626,0.013392971028438975,0.0133941944831703,0.013393186643856825,0.3974749231290538,0.013392989814869149,0.04235040748496467,0.1133926124074241,-0.4215,0.4019,-0.110275
14.07800006866455,14.07800006866455,84262500,20160518,TSLA,13.644000053405762,14.07800006866455,1,0.10719140763423073,0.019444684565503852,0.21075902582619724,0.019444594243188732,0.10277699959879717,0.0194444581492004,0.01944467929016702,0.01944465358078905,0.0750000037017332,0.11846896179341958,0.0194451208692744,0.2691354107474981,-0.4588,0.6808,-0.02538333333333334
14.638667106628418,14.638667106628418,46902000,20160525,TSLA,14.52733325958252,14.638667106628418,1,0.0138888888890804,0.0138888888890396,0.0138894523941311,0.013888905499741,0.0138888888890779,0.0138888888890684,0.0138898728740998,0.0138888888890614,0.0138888888890386,0.0138889024788182,0.8472206445298277,0.0138888888890153,0.8313,0.8313,0.8313
15.008000373840332,15.008000373840332,61086000,20160526,TSLA,14.638667106628418,15.008000373840332,1,0.0119047619052151,0.0119047619051185,0.011904761905125,0.0119047619051972,0.011904943428215,0.0119047619051868,0.0119047619051283,0.0119050234061434,0.3533232149252432,0.1547619290681877,0.3847715558361781,0.0119047619050611,0.4131,0.4131,0.4131
14.869333267211914,14.869333267211914,54754500,20160527,TSLA,15.008000373840332,14.869333267211914,0,0.0125001569530497,0.012500024712048668,0.0125001209168453,0.012500051446268,0.012500101239377068,0.012500000000331133,0.0125000000002855,0.012500255165995499,0.32858107248191953,0.09583332930321475,0.46308488778043116,0.012500000000233135,-0.3291,0.5267,-0.043833333333333356
14.597332954406738,14.597332954406738,30492000,20160602,TSLA,14.637332916259766,14.597332954406738,0,0.0166667290138954,0.016666666667453,0.2363544458030629,0.0166666666676268,0.0166671242263926,0.0166667210851319,0.0166666666674744,0.0166668057973527,0.016667582276724,0.2097498028276117,0.0166666666672797,0.4038941222999944,0.6124,0.6124,0.6124
14.599332809448242,14.599332809448242,33435000,20160603,TSLA,14.597332954406738,14.599332809448242,1,0.0210317871974361,0.0210321530098782,0.0210319734057321,0.3543641194333128,0.021032839611177023,0.021031835686828898,0.08155913224155299,0.09246041495977125,0.02103174603190735,0.2210306798403058,0.06764725136984867,0.0567460672122482,0.335,0.7906,0.56675
15.489333152770996,15.489333152770996,93204000,20160607,TSLA,14.711999893188477,15.489333152770996,1,0.0208333333345106,0.0208333333342595,0.0208333333342763,0.0208333333344641,0.0208333333344952,0.020833333334437,0.0208333333342849,0.0208333333343935,0.0208350432772952,0.0208333333343104,0.7708316233791626,0.0208333333341103,0.0,0.0,0.0
15.701333045959473,15.701333045959473,89580000,20160608,TSLA,15.489333152770996,15.701333045959473,1,0.0138889758578313,0.0138889799231232,0.3392236309221953,0.0138894709524266,0.0138888888890554,0.0138892467994635,0.0138892794106858,0.0138897828022047,0.0138888888890208,0.0138892495318368,0.355218490526932,0.1805551154952237,0.3612,0.3612,0.3612
15.290666580200195,15.290666580200195,67381500,20160609,TSLA,15.701333045959473,15.290666580200195,0,0.0277777777787122,0.0277777777785128,0.0277777777785262,0.0277778749850744,0.3611109855248809,0.0277777777786539,0.0277777777785329,0.0277777777786192,0.0277777777785084,0.3611111394832331,0.0277777777783509,0.0277777777783943,0.0,0.0,0.0
14.586000442504885,14.586000442504885,90399000,20160610,TSLA,15.290666580200195,14.586000442504885,0,0.018435879636385516,0.249281444825548,0.23890265869517222,0.01843602152285907,0.01843591379735345,0.018435905135986783,0.018435979312566336,0.0184358548689903,0.018436078257742284,0.18313256394625785,0.18119572688182747,0.01843597311931022,-0.5267,0.7003,0.06136666666666668
14.513333320617676,14.513333320617676,43627500,20160615,TSLA,14.330666542053224,14.513333320617676,1,0.016581727835464657,0.016581808588054758,0.04311682553331223,0.016581689635435198,0.08801023622504302,0.11181979176625692,0.10501677874458824,0.03698976602867299,0.3352841998334396,0.016581638062536857,0.17304434067501479,0.040391197072180265,-0.296,0.6808,0.15237142857142857
14.364666938781738,14.364666938781738,46689000,20160617,TSLA,14.528667449951172,14.364666938781738,0,0.13444836173643496,0.0148148390027173,0.014814819751856001,0.014814968843616633,0.11740329626178124,0.014814853881384532,0.014814864533916366,0.014814814815173133,0.3481480136984296,0.014814854186870965,0.28148132175058455,0.014814991537234201,-0.7469,0.5719,0.06206666666666664
13.11066722869873,13.11066722869873,356136000,20160622,TSLA,14.640666961669922,13.11066722869873,0,0.2976187511757465,0.0119054997378384,0.0119048637133986,0.0119052375674398,0.1547615536161171,0.0119048339643069,0.011904761905019,0.4404753631767716,0.0119047619050106,0.0119048494284221,0.011904761904957,0.0119047619049718,-0.5994,-0.5994,-0.5994
13.236666679382324,13.236666679382324,108081000,20160627,TSLA,12.876667022705078,13.236666679382324,1,0.19097185911924724,0.1493053890164707,0.27430148445176783,0.19097192278823436,0.024305555555769,0.0243058698307937,0.02430647670259615,0.02430555555575025,0.02430555555572465,0.024308595866757203,0.02430618000119005,0.02430555555569825,0.0,0.3182,0.1591
13.452667236328123,13.452667236328123,93186000,20160628,TSLA,13.236666679382324,13.452667236328123,1,0.0277777777784935,0.0277777777783408,0.3611110274033071,0.0277777777784652,0.3611111948129898,0.0277777777784488,0.0277777777783562,0.0277777777784223,0.0277777777783374,0.0277777777783717,0.0277777777782167,0.0277777777782501,0.8016,0.8016,0.8016
14.012666702270508,14.012666702270508,89923500,20160629,TSLA,13.452667236328123,14.012666702270508,1,0.2361109780796918,0.0277777777783416,0.15277777777804297,0.1527778200483402,0.15277780092326063,0.027777777778449676,0.027777777778357028,0.02777777777842315,0.027777850522382925,0.027777777778372523,0.11111110597808627,0.027777777778250724,-0.3506,0.6249,0.32025
14.152000427246094,14.152000427246094,72646500,20160630,TSLA,14.012666702270508,14.152000427246094,1,0.0166668957397817,0.0166678056161137,0.2426038306375869,0.0166666666670015,0.0166666666670108,0.5907278921078354,0.0166666666669485,0.0166667509717636,0.0166667233658716,0.016666666666956,0.0166666973234765,0.0166667375696532,0.0772,0.0772,0.0772
14.26533317565918,14.26533317565918,77629500,20160705,TSLA,14.43333339691162,14.26533317565918,0,0.10190969851672531,0.11209364702084397,0.2439786021219631,0.10190971321615135,0.01857638888909545,0.018576408368309226,0.018576458799002573,0.24945933111381952,0.018576817091501975,0.07919006728103058,0.01857645630340815,0.018576411278148224,-0.8555,0.5859,-0.147875
14.29599952697754,14.29599952697754,73798500,20160706,TSLA,14.26533317565918,14.29599952697754,1,0.01500000000045438,0.11969616950062292,0.6467747278369871,0.01500013884118456,0.015000000000448422,0.01500008254382974,0.01500069854702878,0.01500011544486124,0.01500000527913772,0.0150000558516727,0.0985280061534721,0.015000000000299921,-0.4019,0.5267,0.07972
14.45199966430664,14.45199966430664,61122000,20160708,TSLA,14.395999908447266,14.45199966430664,1,0.01875000000028005,0.14375002260083938,0.31218152259822785,0.018750004274922003,0.1437502840882285,0.0187501747837703,0.01875005957823015,0.0187500000002522,0.018750000000219,0.14375001587039177,0.1253177568558027,0.01875015934883545,-0.6908,-0.6597,-0.6752499999999999
14.976667404174805,14.976667404174805,68569500,20160712,TSLA,14.985333442687988,14.976667404174805,0,0.0416666666666897,0.0416673682808592,0.5416630621351962,0.0416678600825906,0.0416666666666894,0.0416666666666882,0.0416682269464674,0.0416666698507866,0.0416666666666847,0.0416666666666858,0.04166681270398,0.0416666666666818,0.4926,0.4926,0.4926
14.835332870483398,14.835332870483398,53506500,20160713,TSLA,14.976667404174805,14.835332870483398,0,0.2166664117902491,0.0166666666668807,0.2166659314619749,0.0166675803304311,0.2166666949870597,0.0166666666669217,0.216666241330119,0.0166666666669116,0.0166666666668794,0.016666885110731,0.016666921654995,0.0166666666668462,0.4215,0.4215,0.4215
14.768667221069336,14.768667221069336,40137000,20160714,TSLA,14.835332870483398,14.768667221069336,0,0.0142857142860649,0.014287161230657649,0.7714265044722495,0.014285772163160598,0.01428571428606035,0.014285714286043,0.01428578402721585,0.0142857142860301,0.01428572167005085,0.01428619043313335,0.01428578933130805,0.0857142195280252,-0.6597,0.1531,-0.25329999999999997
14.69333267211914,14.69333267211914,33513000,20160715,TSLA,14.768667221069336,14.69333267211914,0,0.02386372319011014,0.02386392612497258,0.25307950501726534,0.06565591548949153,0.023863671454211664,0.02386375761929553,0.16313069140588923,0.039018752891841306,0.08826329154779085,0.24766938856191875,0.023863740332935802,0.023863636364276807,-0.4767,0.5574,0.06025454545454545
15.083333015441896,15.083333015441896,51181500,20160718,TSLA,14.69333267211914,15.083333015441896,1,0.01777210884380106,0.08917384837675157,0.0177723110272951,0.038180334378868655,0.041581669657527444,0.01777210884378457,0.017772180633117828,0.04160827169482887,0.3764524692458329,0.11062924438493917,0.21351332180325325,0.017772131109999086,-0.3818,0.8807,0.25260000000000005
15.017333030700684,15.017333030700684,46726500,20160719,TSLA,15.083333015441896,15.017333030700684,0,0.0104166879106174,0.0104166975619636,0.509134127380542,0.010416718486228,0.0104166666668028,0.0104167253756675,0.0104167283556308,0.0104166668070583,0.242950765666329,0.0104166666667812,0.1541648824556212,0.0104166666667577,0.0,0.0,0.0
15.223999977111816,15.223999977111816,38527500,20160720,TSLA,15.017333030700684,15.223999977111816,1,0.0416666666668488,0.2916666666662832,0.0416666666668125,0.0416666666668416,0.0416666666668464,0.041666666666837396,0.04166666666681385,0.0416666666668307,0.2916661961281597,0.0416666666668178,0.0416671372041208,0.0416666666667868,0.0,0.0,0.0
14.699999809265137,14.699999809265137,66430500,20160721,TSLA,15.223999977111816,14.699999809265137,0,0.06819611002131352,0.05365581922772322,0.26473832057227464,0.10071091539184206,0.016170691789842075,0.09950377972720849,0.07867099635471092,0.016170691428678437,0.16617062520171308,0.04117059128309281,0.01617076768270999,0.07867069131889026,-0.7717,0.8479,0.18379999999999996
14.817999839782717,14.817999839782717,38695500,20160722,TSLA,14.699999809265137,14.817999839782717,1,0.0166667852809568,0.2743053330081056,0.0166666666668608,0.2577119453562573,0.0166666666669059,0.0166666666668939,0.0166668649502527,0.0166668897481333,0.0166666666668562,0.0166666666668678,0.0166671309635872,0.3179817173583221,0.4019,0.4019,0.4019
15.300666809082031,15.300666809082031,51450000,20160726,TSLA,15.333999633789062,15.300666809082031,0,0.016468373058297434,0.1490328683921636,0.09980124926569733,0.016468365086911,0.016468253968659433,0.11177911120789875,0.016468610029301,0.09980169128024223,0.016468253968575198,0.2545637728338534,0.13859219897031524,0.06408725193808473,0.0,0.4215,0.14049999999999999
15.232666969299316,15.232666969299316,43335000,20160727,TSLA,15.300666809082031,15.232666969299316,0,0.0208333333334413,0.0208333333334182,0.0208335498144237,0.7708318795852459,0.0208333333334398,0.0208333333334345,0.0208333333334206,0.0208333333334305,0.0208333333334177,0.0208333333334229,0.0208345705994998,0.0208333333334045,0.6204,0.6204,0.6204
15.37399959564209,15.37399959564209,36286500,20160728,TSLA,15.232666969299316,15.37399959564209,1,0.0277777777789165,0.0277777777786735,0.0277777777786899,0.361111207704252,0.0277777777789016,0.0277777777788453,0.0277777777786982,0.3611099400232567,0.0277777777786684,0.027778852264092,0.0277777777784762,0.0277777777785292,0.4404,0.4404,0.4404
15.652667045593262,15.652667045593262,46062000,20160729,TSLA,15.37399959564209,15.652667045593262,1,0.020486304483522025,0.12048598742776065,0.0993988848552119,0.08298630924389268,0.02048611111152585,0.020486111111505025,0.020486430927606124,0.020486111658341424,0.08298611715284035,0.2204857902542276,0.10823977950023157,0.18298606227333436,-0.1531,0.6249,0.18014999999999998
15.272000312805176,15.272000312805176,33117000,20160809,TSLA,15.077333450317385,15.272000312805176,1,0.08472243979182532,0.19554415608730003,0.01805589004782584,0.21805539738713803,0.01805555555586786,0.14056612617365974,0.01805565231470676,0.018055710526607618,0.018055584570194,0.23472210520254708,0.018055778608706902,0.01805560373362044,0.0,0.8381,0.4763
14.994000434875488,14.994000434875488,28213500,20160811,TSLA,15.043333053588867,14.994000434875488,0,0.0208340903792021,0.0208333333341246,0.0208333333341391,0.0208333333342993,0.0208333333343262,0.2708317441758551,0.0208333333341464,0.0208334712632511,0.2708334114671275,0.2708333956429715,0.0208333333339502,0.0208338870666063,0.7177,0.7177,0.7177
14.862000465393066,14.862000465393066,30982500,20160822,TSLA,15.0,14.862000465393066,0,0.0208333333334507,0.2708333241827268,0.0208333333334274,0.0208333333334461,0.0208333333334492,0.0208333333334434,0.0208333333334282,0.020833333333439,0.0208333333334251,0.2708333380699452,0.2708333377464078,0.0208333333334108,-0.4588,-0.4588,-0.4588
14.989333152770996,14.989333152770996,71766000,20160823,TSLA,14.862000465393066,14.989333152770996,1,0.02083430613183425,0.02083333333353925,0.2708359568620663,0.14583307869581075,0.27082913194010366,0.020833333333578702,0.020833900800561703,0.02083333333356905,0.02083341172899705,0.14583331456589949,0.02083333333349385,0.020833565940545452,0.0,0.0,0.0
14.089332580566406,14.089332580566406,47533500,20160830,TSLA,14.346667289733888,14.089332580566406,0,0.0138895296745604,0.0138890961003519,0.0138889311787121,0.2174341472514201,0.0138889737986935,0.1375884532205799,0.1866426729288734,0.0138888888899514,0.3472215402817765,0.0138892821542174,0.0138893241999127,0.0138891603209504,0.6908,0.6908,0.6908
14.133999824523926,14.133999824523926,49147500,20160831,TSLA,14.089332580566406,14.133999824523926,1,0.26086908701666683,0.2163196794998157,0.12734930081987486,0.016319566633734427,0.0163194444449833,0.016319588549298276,0.1884344273638875,0.016319444628359773,0.016319478101515825,0.09279108563988943,0.016319452857168973,0.016319444444804824,0.0,0.5106,0.2553
13.38466739654541,13.38466739654541,119146500,20160901,TSLA,14.133999824523926,13.38466739654541,0,0.10262333921672162,0.019290141993050867,0.10262354534376096,0.019290316439455033,0.10262330407267804,0.019290301286309833,0.019290291632300397,0.019290148472460533,0.3291839262843803,0.019290155349246333,0.22791435213199637,0.019290177777639302,-0.3182,-0.1198,-0.21343333333333336
12.964667320251465,12.964667320251465,56355000,20160909,TSLA,13.157333374023438,12.964667320251465,0,0.021944745812001197,0.021944675814337,0.021944445515306,0.0219449384338778,0.021944532683765942,0.10194394099388378,0.10194451582378847,0.02194463755664022,0.12194469036242728,0.11194413167250498,0.4086102001106746,0.021944545220792262,-0.7264,0.8074,-0.0043400000000000105
13.06999969482422,13.06999969482422,53841000,20160913,TSLA,13.220000267028809,13.06999969482422,0,0.015589569161417372,0.015589627846290371,0.11795262468727238,0.015589667599526,0.015589569161411914,0.1874538561635073,0.015589698287349973,0.01559036069417247,0.015589569161325884,0.2798410031195851,0.29003486035047377,0.015589593767667071,-0.8555,0.743,0.07532857142857143
13.69333267211914,13.69333267211914,46617000,20160916,TSLA,13.361332893371582,13.69333267211914,1,0.01638892769798024,0.1663885716799847,0.19365586871394924,0.0163897476678884,0.09638877298279448,0.05638900233233248,0.01638927039505948,0.01638898318130978,0.2103423257883966,0.13638914935017332,0.058500491320916816,0.01638888888921398,-0.2263,0.5562,0.20784000000000002
13.6813325881958,13.6813325881958,39502500,20160921,TSLA,13.642666816711426,13.6813325881958,1,0.018308495182614383,0.05201526487867407,0.10754506327209973,0.04861130261791193,0.10921694716659612,0.04861106779074595,0.018308195042547024,0.01830816453064358,0.2986107684961167,0.13951989717711957,0.07718230186525123,0.06376253197967935,-0.5574,0.7096,0.11965454545454546
13.76200008392334,13.76200008392334,35743500,20160922,TSLA,13.6813325881958,13.76200008392334,1,0.015818009489061566,0.015817939580026967,0.1348553164971622,0.30748465901719985,0.015817901234734064,0.0158180289959029,0.1269288896972026,0.14955375442968916,0.12692884862008816,0.0158179012347076,0.015818020278198033,0.059340730926026465,-0.296,0.0258,-0.09006666666666667
13.829999923706056,13.829999923706056,43578000,20160923,TSLA,13.76200008392334,13.829999923706056,1,0.3611105703124254,0.0277777777782363,0.0277788966451111,0.0277782784015354,0.027777777778353,0.0277784653027809,0.0277777777782489,0.36110849239962,0.0277777777782335,0.0277786302691573,0.0277777777781352,0.0277777777781624,0.4404,0.4404,0.4404
13.932666778564451,13.932666778564451,35916000,20160926,TSLA,13.829999923706056,13.932666778564451,1,0.009814940830523181,0.0098148594102709,0.0098148374952217,0.00981499940719816,0.009814886782329859,0.09661381895598242,0.00981489846999768,0.009814814815038219,0.4754050293022235,0.009814913176506661,0.3396471359426757,0.0098148654120314,-0.34,0.0,-0.1272
13.720666885375977,13.720666885375977,50598000,20160927,TSLA,13.932666778564451,13.720666885375977,0,0.11208891470723026,0.019675986322182766,0.03819450725133571,0.019675959474778033,0.0613425306650378,0.10300946420468621,0.019676010534913933,0.07523107297532634,0.17919516782380773,0.10300912720138576,0.2492253329130689,0.01967592592624597,0.0,0.4404,0.0734
13.751333236694336,13.751333236694336,31326000,20160928,TSLA,13.720666885375977,13.751333236694336,1,0.018518576324709116,0.018518795260466,0.018518863084638418,0.046296510285266664,0.26055727798429956,0.046296233285299644,0.01851926365927475,0.01851874334815115,0.04939473654902347,0.26851696413349235,0.12653095877381812,0.10981307731156037,-0.7579,0.8779,0.3627500000000001
14.093999862670898,14.093999862670898,53122500,20161004,TSLA,14.24666690826416,14.093999862670898,0,0.0119047619050768,0.0119055616770862,0.0119047619050142,0.0119049080498109,0.0119047619050727,0.0119047619050572,0.0119048336776391,0.0119047619050457,0.0119047619050082,0.583332687218482,0.0119047619049552,0.2976186760417512,0.0,0.0,0.0
13.897333145141602,13.897333145141602,28162500,20161005,TSLA,14.093999862670898,13.897333145141602,0,0.0208333333335845,0.0208334229094146,0.0208340773365739,0.0208333333335745,0.0208333333335812,0.0208338598801407,0.0208333333335363,0.0208351482189343,0.0208339552928262,0.5034601284473562,0.288202741246978,0.0208333333334991,0.8573,0.8573,0.8573
13.399999618530272,13.399999618530272,70551000,20161006,TSLA,13.897333145141602,13.399999618530272,0,0.0148148148155313,0.30370381086672615,0.23703593677081602,0.14814734847875125,0.014814814815521833,0.19259189073276906,0.014814814815393868,0.01481481481546,0.0148152093485971,0.0148148893209936,0.014815506214160334,0.014816149005278667,0.2023,0.296,0.23353333333333334
13.107333183288574,13.107333183288574,52395000,20161007,TSLA,13.399999618530272,13.107333183288574,0,0.02111135935336144,0.02111113103183124,0.534380993570662,0.0211111445233398,0.1544443331434139,0.02111111111140482,0.12117371710826277,0.02111131164366924,0.02111113033560538,0.0211111111113711,0.02111145655018008,0.0211112005168978,0.0,0.0,0.0
13.396666526794434,13.396666526794434,49744500,20161010,TSLA,13.107333183288574,13.396666526794434,1,0.016269945022924382,0.09383745009213797,0.14480811524510936,0.2053689866227102,0.01626984127029528,0.08296980204584843,0.016270017338193,0.01626994333154922,0.016269841270201018,0.17817401400728353,0.07341263402491076,0.1400794097288364,-0.5859,0.4215,-0.26724
13.570667266845703,13.570667266845703,104868000,20161019,TSLA,13.273332595825195,13.570667266845703,1,0.015740826006747033,0.015740953428130002,0.1632928800578154,0.145588232209154,0.08240744991916184,0.01574078910574313,0.0157410676381362,0.07330328753444093,0.14907400900584994,0.015740803200327235,0.15855556544076174,0.14907413645373205,-0.4019,0.0,-0.13396666666666665
13.273332595825195,13.273332595825195,76093500,20161020,TSLA,13.570667266845703,13.273332595825195,0,0.018138238579399044,0.07230498011865179,0.22073261425377091,0.13941685771451248,0.018138332705239617,0.04315494088699113,0.21251101964715424,0.018138241608150717,0.06278110003244879,0.08622242496607159,0.05700625458995117,0.051454994897657924,-0.024,0.5859,0.13640833333333333
13.600666999816896,13.600666999816896,196405500,20161027,TSLA,13.482666969299316,13.600666999816896,1,0.12907520451299287,0.07314663597983911,0.021111278685604522,0.3944431920156042,0.02111134204881754,0.15444411334235622,0.02111115596056834,0.021111760416460162,0.10111140136006949,0.0211111111115719,0.02111139451286696,0.021111410053248257,0.0,0.3182,0.06364
12.494667053222656,12.494667053222656,39795000,20161103,TSLA,12.534667015075684,12.494667053222656,0,0.020370613524281867,0.020370859648258934,0.22036915996756354,0.08703725987794476,0.0203707763446712,0.30925783420386405,0.020370596472635533,0.0203705920109384,0.10127442925698037,0.0203705487881814,0.13946665443512235,0.020370675469556968,-0.3612,0.8398,0.2506
12.70400047302246,12.70400047302246,77190000,20161104,TSLA,12.494667053222656,12.70400047302246,1,0.0757689435359829,0.1056435332869264,0.191622896665946,0.2065694785178032,0.040828970365230165,0.039490331519697684,0.06343720095892004,0.048095246266100476,0.050088247433509744,0.06994533691168918,0.053792001030202936,0.054717813507990765,-0.3612,0.775,0.26281666666666664
12.880666732788086,12.880666732788086,58051500,20161107,TSLA,12.70400047302246,12.880666732788086,1,0.0208334304339855,0.2996217696250457,0.020833333333658,0.0208333333337226,0.0208333333337333,0.0208345497329167,0.0208333333336706,0.0208349785343947,0.0208333333336502,0.0208344468401934,0.4920408248314277,0.0208333333336008,0.8266,0.8266,0.8266
12.26200008392334,12.26200008392334,51516000,20161116,TSLA,12.251333236694336,12.26200008392334,1,0.02555560768597792,0.05515109519449289,0.025555828743467603,0.07555556744072864,0.025555974931289683,0.025556713013876943,0.325553763995639,0.07555550438307772,0.02555560997050328,0.025555632296651996,0.2892929628183374,0.025555739525956363,0.4404,0.6096,0.5219400000000001
12.577333450317385,12.577333450317385,73306500,20161117,TSLA,12.26200008392334,12.577333450317385,1,0.2208612566186206,0.016666666667084,0.0166666666670916,0.0166669577755969,0.0166666666671902,0.016666666667164,0.0166681117638643,0.4124701991081592,0.0166666666670815,0.0166666666671069,0.0166667872497195,0.2166666874813211,0.7088,0.7088,0.7088
12.334667205810549,12.334667205810549,78154500,20161118,TSLA,12.577333450317385,12.334667205810549,0,0.0277782588865275,0.027779200820164,0.0277777778255493,0.0277777777778755,0.0277777777778782,0.0277777777778732,0.6944409796120949,0.0277781433943772,0.0277786410518243,0.0277777777778622,0.0277780364725973,0.0277778508253759,0.0,0.0,0.0
12.744667053222656,12.744667053222656,84051000,20161122,TSLA,12.3013334274292,12.744667053222656,1,0.02222246777377,0.02222222222244985,0.02222222222245395,0.38888807185695756,0.0222225422670287,0.022222555361215902,0.022223083239779347,0.022222222222482747,0.0222222222224485,0.18888801900825364,0.2222221493807462,0.02222222222241315,-0.1189,0.4588,0.16995
12.125332832336426,12.125332832336426,76896000,20161201,TSLA,12.626667022705078,12.125332832336426,0,0.3632546128620114,0.013889009380137,0.1846454505844516,0.013889301387241,0.0138888888893068,0.0138902011286571,0.0138888888892312,0.0138888888892703,0.0138891813108144,0.0138890390274099,0.3270976487623005,0.0138888888891684,0.0,0.0,0.0
13.896666526794434,13.896666526794434,46666500,20161222,TSLA,13.846667289733888,13.896666526794434,1,0.008641983465312168,0.1303129002684499,0.6086415473507113,0.18326723526299837,0.008641975308754567,0.008642048413773367,0.0086420179083553,0.008641975405605866,0.008641975308731202,0.008641975308736666,0.008642390689853499,0.008641975308717234,0.4404,0.6808,0.6006666666666667
14.22266674041748,14.22266674041748,70057500,20161223,TSLA,13.896666526794434,14.22266674041748,1,0.07983157526838897,0.20326399207359955,0.2633630661415451,0.0150463195994008,0.015046329528313265,0.1783842858412538,0.0831704321948707,0.015046349379324966,0.015046501698801567,0.015046376056357334,0.10170846904936125,0.015046303168782166,-0.1531,0.6369,0.3654
15.116666793823242,15.116666793823242,88675500,20170105,TSLA,15.13266658782959,15.116666793823242,0,0.009259259259349,0.1203702111471572,0.0092592592593311,0.0092592592593455,0.0092592592593478,0.0092592592593434,0.0092594164148772,0.0092592592593401,0.7870370391039415,0.0092592592593337,0.0092592592593143,0.0092592592593185,-0.34,-0.34,-0.34
15.324666976928713,15.324666976928713,54900000,20170110,TSLA,15.41866683959961,15.324666976928713,0,0.0208333333340018,0.2428792633572743,0.2987859134729194,0.2708323643521273,0.0208333333339931,0.0208343370837222,0.0208337378888658,0.0208333333339353,0.0208336153339767,0.020833940506498,0.0208334946689108,0.0208333333337745,0.0,0.0,0.0
15.315333366394045,15.315333366394045,54762000,20170111,TSLA,15.324666976928713,15.315333366394045,0,0.0083333575660314,0.0083336213285324,0.3915090294866797,0.1209635261115215,0.0083334422311938,0.0083336787376448,0.1337681091397849,0.1027529693653834,0.0083333396495432,0.0926722075183692,0.0083337411437449,0.1083329777215705,0.7269,0.7269,0.7269
15.305999755859377,15.305999755859377,56853000,20170112,TSLA,15.315333366394045,15.305999755859377,0,0.01675967945247016,0.3501014505339152,0.2136494393694639,0.12480345281998569,0.0834260869208922,0.0167592592595832,0.01675954437915328,0.016759328332503782,0.01675935549776014,0.0167593357251509,0.1107038084496337,0.01675925925948732,0.0,0.9246,0.44084
16.250667572021484,16.250667572021484,115984500,20170119,TSLA,15.890666961669922,16.250667572021484,1,0.18399065193573014,0.020159094167138,0.3447610904598305,0.08658097730106427,0.02015873015906882,0.02015876806987872,0.10339642792001498,0.02015877358045472,0.02015885328728938,0.020158738219171378,0.14015900093502992,0.02015889396532878,-0.0772,0.6124,0.3358
16.594667434692383,16.594667434692383,93943500,20170123,TSLA,16.315332412719727,16.594667434692383,1,0.0166666666669288,0.0166667133313714,0.383505179789634,0.0166668767528847,0.0166666666669254,0.0166666666669124,0.0166675243561743,0.0166667455881375,0.216666356707415,0.2498270483238064,0.0166668187315109,0.0166667364182988,0.7351,0.7351,0.7351
16.974000930786133,16.974000930786133,74482500,20170124,TSLA,16.594667434692383,16.974000930786133,1,0.04722221410216546,0.213888156996058,0.019444544705662734,0.019444637975385582,0.047222211365163864,0.019444544345490585,0.28611014807438356,0.019444590853545985,0.019444464829919118,0.06952148493761288,0.1305554737958593,0.10825752801875228,0.4019,0.8705,0.6427166666666667
16.96466636657715,16.96466636657715,77139000,20170125,TSLA,16.974000930786133,16.96466636657715,0,0.2251100445303443,0.01777794437032581,0.01777783453852892,0.07777754928688112,0.05111121492655214,0.07111104671753225,0.03492683790717262,0.05444422494675585,0.07711149531548758,0.287295766370799,0.01777813837198054,0.06777790271763934,-0.4215,0.7184,0.26248
16.863332748413086,16.863332748413086,47494500,20170127,TSLA,16.833999633789062,16.863332748413086,1,0.250536877953024,0.01562500000037995,0.2656250736674371,0.01562500000046385,0.14062482576478505,0.0156250025271398,0.07653750488253895,0.015625000000434902,0.015625166058619702,0.0156250000004008,0.15730054914445685,0.0156250000003187,0.3612,0.891,0.6261
16.708667755126953,16.708667755126953,57016500,20170130,TSLA,16.863332748413086,16.708667755126953,0,0.014444504447329379,0.01444451253542616,0.21444341155624508,0.0477778254530964,0.05444443344905919,0.01444534890276648,0.014444444444631882,0.014444494922090139,0.09777764259767442,0.4844442918157156,0.01444461214324492,0.014444477732719879,0.2023,0.9661,0.55176
16.795333862304688,16.795333862304688,61741500,20170131,TSLA,16.708667755126953,16.795333862304688,1,0.0208333333336359,0.0208334936267073,0.0208336609329497,0.0208333333336238,0.0208333333336319,0.0208343801274273,0.0208333333335779,0.770830990336608,0.0208335054212043,0.0208334867929829,0.0208334781950083,0.0208336712326422,-0.4019,-0.4019,-0.4019
17.165332794189453,17.165332794189453,63672000,20170207,TSLA,17.184667587280273,17.165332794189453,0,0.11779061215464243,0.01578308302141396,0.07233344673354836,0.06644436401807359,0.015782973504121826,0.015782916452388364,0.015783331765817074,0.015782846618679913,0.21578212356600351,0.015783365350685037,0.4171681061539451,0.0157828306606802,-0.296,0.6705,0.1199125
17.472000122070312,17.472000122070312,58995000,20170208,TSLA,17.165332794189453,17.472000122070312,1,0.017362676593532498,0.01736129353148215,0.0173612169974641,0.01736111326290525,0.01736111111147815,0.01736118605499,0.017361177126441953,0.01736133659859085,0.01736111491599245,0.35069372537736054,0.39235966491049334,0.1006943835192681,0.0,0.0,0.0
17.948667526245117,17.948667526245117,54295500,20170210,TSLA,17.946666717529297,17.948667526245117,1,0.0115740740741774,0.01157423645217395,0.09490684244346904,0.0115743317196379,0.011574074074176051,0.3449072595164653,0.0115743072567384,0.0115740746041955,0.4560184440192967,0.0115740740741598,0.011574196860716701,0.011574084904792701,0.0,0.3182,0.1591
18.65066719055176,18.65066719055176,74218500,20170215,TSLA,18.73200035095215,18.65066719055176,0,0.019255145417436326,0.09275753908484703,0.10422449452975391,0.10037552670004535,0.019256072041319877,0.019256165306569775,0.0192558037693813,0.060967157830168595,0.43970290013739916,0.04260407636798145,0.06309004020614585,0.01925507860895085,0.3595,0.765,0.599575
17.93000030517578,17.93000030517578,106159500,20170216,TSLA,18.65066719055176,17.93000030517578,0,0.0176770372044839,0.01767676767696085,0.01767676767696435,0.0176770252843102,0.0176767691196666,0.18434319711652136,0.18434347731872078,0.017676767676988798,0.47222184174975296,0.01767676767697145,0.01767681382172845,0.0176767676769297,0.0,0.8734,0.4367
18.148666381835938,18.148666381835938,93856500,20170217,TSLA,17.93000030517578,18.148666381835938,1,0.0208336708009372,0.0208333333337382,0.0208333333337457,0.0208333333338277,0.2708330004541154,0.0208333333338159,0.2708333013561282,0.0208334319853943,0.2708329847943098,0.0208333333337605,0.020833523417202,0.0208334205230246,0.0644,0.0644,0.0644
17.06599998474121,17.06599998474121,223728000,20170223,TSLA,18.233999252319336,17.06599998474121,0,0.0166666666667523,0.01666699655419,0.1667931066379344,0.01666722005317,0.0166666666667512,0.0166666666667469,0.0166673254936181,0.0166666681641585,0.0166666666667336,0.0166666929346923,0.6665386568285289,0.0166666666667232,0.5719,0.5719,0.5719
17.133333206176758,17.133333206176758,122574000,20170224,TSLA,17.06599998474121,17.133333206176758,1,0.38445524298328027,0.17248891664744045,0.0159722222223368,0.05763888768744273,0.015972222222363424,0.015972366459628674,0.01597239021394625,0.1659722216223287,0.0159722335731957,0.015972222222341,0.0159723441734631,0.10763872997223231,0.3182,0.6808,0.4394
16.666000366210938,16.666000366210938,91171500,20170228,TSLA,16.415332794189453,16.666000366210938,1,0.0208344535479211,0.020833333334105,0.020833333334119,0.0208356085109194,0.0208333333343014,0.7708298909714536,0.0208333333341262,0.0208333333342167,0.0208333333341003,0.0208333333341473,0.0208333802966086,0.0208333333339807,-0.4023,-0.4023,-0.4023
16.246000289916992,16.246000289916992,45994500,20170310,TSLA,16.32666778564453,16.246000289916992,0,0.0118056688386005,0.01180563329768236,0.31179953621354706,0.2654179269164431,0.011805848169450439,0.01180557558535114,0.1165252714482691,0.06181137331950395,0.01180605816433048,0.0118060898147199,0.07245231900304984,0.10115869922905145,0.0,0.4588,0.22640000000000002
17.200000762939453,17.200000762939453,113976000,20170314,TSLA,16.411333084106445,17.200000762939453,1,0.0208333333340241,0.0208333333338767,0.0208336374166539,0.0208333333339968,0.2708331831409006,0.020833333333981,0.0208333333338916,0.0208349132399848,0.0208333333338734,0.5208311307041166,0.0208333333337571,0.0208338021609428,0.0,0.0,0.0
17.000667572021484,17.000667572021484,60889500,20170322,TSLA,16.711999893188477,17.000667572021484,1,0.020833333333634747,0.0208351518633463,0.0208334302902829,0.0208336766290222,0.0208337934299114,0.2632439020435173,0.020833747223554952,0.0208335642999491,0.02083338195726465,0.0208334195285793,0.4374971039876901,0.1117554954132466,-0.296,0.0,-0.148
16.985332489013672,16.985332489013672,49803000,20170323,TSLA,17.000667572021484,16.985332489013672,0,0.0277788749844195,0.6944402293743622,0.0277779438788773,0.0277777777780276,0.0277779874097081,0.0277777777780217,0.027777777777988,0.027777777778012,0.0277793836112937,0.0277781837424405,0.0277785081088994,0.0277777777779494,0.3612,0.3612,0.3612
17.54400062561035,17.54400062561035,84709500,20170324,TSLA,16.985332489013672,17.54400062561035,1,0.0636393421478625,0.04210771616823966,0.05719529743612725,0.06955734883348262,0.077246164784726,0.05803401196426438,0.12438791694117567,0.024142307356104193,0.016566650966060848,0.06538803219888183,0.3485722255852827,0.053162985617791834,-0.8316,0.7184,0.12382727272727272
18.49666786193848,18.49666786193848,119814000,20170328,TSLA,18.014667510986328,18.49666786193848,1,0.17916658227677865,0.20249981699112402,0.01916667253850916,0.01916668065497458,0.019166706740194377,0.15249992974108678,0.019166909622898198,0.01916666666683378,0.13249999786870056,0.11916656111355164,0.09916680911855864,0.01916666666678912,-0.5267,0.4588,-0.013579999999999991
18.492000579833984,18.492000579833984,55143000,20170329,TSLA,18.49666786193848,18.492000579833984,0,0.09143720799470885,0.01636987143955075,0.6180003014011034,0.01636904761962115,0.016369047619637,0.14323967885765485,0.01636910345323955,0.0163690476195854,0.0163691120640439,0.0163690476195433,0.01636948669186955,0.01636904761944175,0.0,0.0,0.0
18.527999877929688,18.527999877929688,62226000,20170330,TSLA,18.492000579833984,18.527999877929688,1,0.0154323143590829,0.0154322546801969,0.12654241584229506,0.4539732332524992,0.015432101243521767,0.015432663731739732,0.015433502191802602,0.015432099473600233,0.12654323069189835,0.16948188946126805,0.015432170292861933,0.015432124779232668,0.0,0.5697,0.37979999999999997
18.553333282470703,18.553333282470703,49419000,20170331,TSLA,18.527999877929688,18.553333282470703,1,0.1388369576032469,0.0962465614978834,0.013837221759492386,0.03467842855932384,0.10891214596103879,0.09320178733696276,0.04955133914521741,0.04955121814982804,0.33703531504447115,0.05047492003188598,0.013837154407959,0.013836950502689729,0.0,0.8172,0.4139428571428571
19.90133285522461,19.90133285522461,208329000,20170403,TSLA,18.553333282470703,19.90133285522461,1,0.0317460364948267,0.09381351715935071,0.031746031746232396,0.031746031746272434,0.0317460317462791,0.0317460317462667,0.03174603174623423,0.20777378343406327,0.3650793650774578,0.07936507561062563,0.03174603174619347,0.03174603174619706,0.0,0.0,0.0
20.16933250427246,20.16933250427246,68694000,20170407,TSLA,19.913333892822266,20.16933250427246,1,0.06134249025727251,0.019676139206492534,0.019676141339215098,0.16828410066654764,0.01967650089508757,0.13078708638925018,0.12106760418741302,0.0196759260056607,0.2974523496794114,0.01967607938376637,0.019676386115136568,0.10300919587474595,0.0,0.6486,0.21619999999999998
19.78933334350586,19.78933334350586,90760500,20170412,TSLA,20.58066749572754,19.78933334350586,0,0.020370370370707467,0.15370364344798243,0.3537027695217785,0.020370683114684266,0.1981481689781833,0.0203703703706864,0.0203704453943258,0.13148202640819207,0.020370370370633935,0.020370389375428333,0.020370392276804067,0.020370370370592864,0.0,0.5859,0.32926666666666665
20.26666641235352,20.26666641235352,139269000,20170413,TSLA,19.78933334350586,20.26666641235352,1,0.3812326446766937,0.0119048384439638,0.3336932997996486,0.0119052537795936,0.0119048455174643,0.0119048888960194,0.1779298034128097,0.0119047621663329,0.0119049946845006,0.0119050218104267,0.0119048558468111,0.0119047909657351,0.4767,0.4767,0.4767
20.01666641235352,20.01666641235352,45535500,20170418,TSLA,20.09600067138672,20.01666641235352,0,0.0166666666669932,0.0166670710771789,0.4166664956822626,0.0166666666669803,0.016666666666989,0.0166666666669728,0.4166663364322285,0.0166666666669608,0.0166667634727466,0.0166666666669377,0.016666666666867,0.0166666666668822,0.1779,0.1779,0.1779
20.53533363342285,20.53533363342285,76252500,20170424,TSLA,20.37333297729492,20.53533363342285,1,0.0208338639947632,0.0208347049525767,0.0208333333338915,0.0208333333340026,0.770831296334708,0.0208333333339867,0.0208333333338968,0.0208333333339608,0.0208333333338781,0.020833385536109,0.0208333333337607,0.0208334158444654,0.9638,0.9638,0.9638
21.52199935913086,21.52199935913086,132444000,20170501,TSLA,20.9379997253418,21.52199935913086,1,0.014881058861528832,0.0148809732846608,0.014881432572583933,0.18154675293934816,0.014880952381451465,0.014881238409034067,0.014880952381361168,0.06338664559366179,0.48038612853330304,0.014881199617691299,0.15563156559040828,0.014881099834966632,-0.34,0.34,0.0172
20.55666732788086,20.55666732788086,122659500,20170505,TSLA,19.69733238220215,20.55666732788086,1,0.04166666666707318,0.041666666666986374,0.04166666666699223,0.04166666666705715,0.0416666666670679,0.04166709937886727,0.04166666666699517,0.04166666666703275,0.0416666666669845,0.41666666666337,0.0416666666669159,0.1666662339546569,0.0,0.3818,0.265275
21.417333602905277,21.417333602905277,145147500,20170509,TSLA,20.47933387756348,21.417333602905277,1,0.0166666666670128,0.0166666666669389,0.6166667661804166,0.016666666666999,0.0166666666670081,0.2166664948200709,0.0166666666669463,0.0166666666669783,0.0166666666669372,0.0166666666669538,0.0166667389968427,0.016666666666895,-0.5994,-0.5994,-0.5994
21.68133354187012,21.68133354187012,86124000,20170510,TSLA,21.417333602905277,21.68133354187012,1,0.018663354657088363,0.12123335245088049,0.018663311906385312,0.4197046326649337,0.03949652914156647,0.01866324861074086,0.041092759637775325,0.0186632605231429,0.018663355798019,0.018663194444747462,0.018663597786031175,0.2478294023786884,-0.5574,0.6249,0.086975
21.540000915527344,21.540000915527344,71307000,20170511,TSLA,21.68133354187012,21.540000915527344,0,0.1805555791253799,0.5138887546089801,0.0138888888891405,0.0138888888891906,0.0138888888891989,0.0138896623332777,0.0138888888891429,0.0138888888891718,0.0138888888891345,0.0138888888891496,0.0138889531004167,0.1805548286078161,0.1779,0.1779,0.1779
21.65399932861328,21.65399932861328,61824000,20170512,TSLA,21.540000915527344,21.65399932861328,1,0.17025170690202412,0.06799611332736386,0.05250240960270921,0.054918583350474816,0.1679952432722692,0.06601496267496994,0.06799600414334458,0.03938846347001582,0.03228191277250571,0.01799609275450597,0.19466245055081774,0.06799605717899851,-0.4215,0.0,-0.10579000000000001
20.40733337402344,20.40733337402344,100678500,20170517,TSLA,21.13400077819824,20.40733337402344,0,0.0166672657425636,0.0166666666668752,0.016666666666879,0.0166667624034811,0.0166666666669283,0.4166657247981605,0.016666666666881,0.4166667175496864,0.0166668628379868,0.0166666666668867,0.0166666666668293,0.0166666666668416,0.0,0.0,0.0
20.722000122070312,20.722000122070312,70314000,20170519,TSLA,20.87066650390625,20.722000122070312,0,0.01875004578366215,0.14213915734438287,0.47167559653841984,0.01875016922071225,0.14082174367373626,0.018750000000461023,0.018750073332629874,0.01875043159971715,0.09536057708384513,0.018750557902040048,0.018751227607370524,0.018750419913022325,0.0116,0.6652,0.285025
20.690000534057617,20.690000534057617,64938000,20170522,TSLA,20.722000122070312,20.690000534057617,0,0.03475931337245625,0.179786159552917,0.17768109651203504,0.0560555401317476,0.03158491474355,0.039521218923537306,0.12163222019652113,0.08383342509804989,0.031584694819814435,0.09772191929787005,0.10830240997499933,0.03753708737650144,-0.3291,0.8151,0.3275611111111111
20.257333755493164,20.257333755493164,64776000,20170523,TSLA,20.690000534057617,20.257333755493164,0,0.0185185488974412,0.28270505124654705,0.1851846556468211,0.0185193673140482,0.0185185185191106,0.01851852004173955,0.01851873311527975,0.01851854600591545,0.01851865868132525,0.0185185387915703,0.3654421235680439,0.01851873817215715,-0.296,0.8439,0.27395
20.68133354187012,20.68133354187012,75499500,20170524,TSLA,20.257333755493164,20.68133354187012,1,0.21874987829994091,0.14374999629250515,0.21760582482252216,0.01875001812398675,0.26989305448431655,0.01875000000010845,0.01875025267513105,0.0187500000001042,0.0187500000000905,0.018750460796326848,0.01875038708563965,0.0187501274193271,0.3182,0.5994,0.4588
21.121999740600582,21.121999740600582,75210000,20170525,TSLA,20.68133354187012,21.121999740600582,1,0.013227708332286967,0.06084672599152113,0.0132275408336091,0.013227554410829968,0.013227596714384067,0.1719576642332665,0.0132275132279036,0.013227931505097434,0.2037040392992847,0.0132275806949705,0.45767063152901355,0.013227513227831967,0.3612,0.4939,0.4054333333333333
21.676000595092773,21.676000595092773,117033000,20170526,TSLA,21.121999740600582,21.676000595092773,1,0.0208333333346639,0.0208333333343801,0.0208333333343992,0.0208333333346113,0.0208333333346468,0.2708334955238189,0.5208302607253653,0.020833333334532,0.0208333333343738,0.0208333333344377,0.0208333333341496,0.0208362437406209,0.34,0.34,0.34
22.733999252319336,22.733999252319336,149451000,20170531,TSLA,22.34000015258789,22.733999252319336,1,0.03298611111196125,0.19965169942725874,0.032986111111792074,0.03298676780012,0.47048489739966404,0.03298611111190815,0.032986661035697654,0.03298622575002845,0.03298611111177592,0.03298703913518057,0.032986117167885645,0.03298614783672702,-0.1531,0.0,-0.038275
22.691333770751957,22.691333770751957,114120000,20170601,TSLA,22.733999252319336,22.691333770751957,0,0.28111053934063024,0.01444495977692568,0.07565169609835679,0.273302905532407,0.01444453953124936,0.014444535383939838,0.01444472386548796,0.09437807775559488,0.014444444444734139,0.1339421241077118,0.014444685102865978,0.0549467690600956,-0.3412,0.5859,0.17644
23.15466690063477,23.15466690063477,101766000,20170605,TSLA,22.656667709350582,23.15466690063477,1,0.07086179403909428,0.023242645118798786,0.02324270672772073,0.339568765120008,0.023242641367129644,0.023243337104486585,0.14228972302087495,0.023242633411263314,0.02324264507052653,0.07086167389474339,0.023242891866814046,0.21371854325853934,-0.5267,0.0772,-0.06561428571428571
23.523332595825195,23.523332595825195,166302000,20170606,TSLA,23.15466690063477,23.523332595825195,1,0.49397390302097377,0.021760658328816834,0.021759713788838033,0.021759292549106534,0.021760264175456068,0.021759398710893666,0.021760845784875665,0.22175934602870753,0.021759283920055498,0.021760088672038335,0.08842565223741779,0.0217615527828198,0.0,0.5719,0.19063333333333332
23.976667404174805,23.976667404174805,140970000,20170607,TSLA,23.523332595825195,23.976667404174805,1,0.325867551770221,0.09670138221149714,0.023784938110797575,0.06961799125140483,0.04461801211019891,0.11545151502663664,0.13211803780246262,0.06545140102381777,0.055034763620507264,0.02378496262701495,0.0237847222227022,0.023784722222738724,-0.8074,0.7269,0.058687500000000004
24.666667938232425,24.666667938232425,135922500,20170608,TSLA,23.976667404174805,24.666667938232425,1,0.024874366847143774,0.061866954340741465,0.17420836225518668,0.17864344089826834,0.04049956660151986,0.06623272543773681,0.11791911131394044,0.02487435586522798,0.09161529875023446,0.04273158948008876,0.15165990388813497,0.024874324321775845,-0.1027,0.7717,0.25904375
23.821332931518555,23.821332931518555,258921000,20170609,TSLA,24.666667938232425,23.821332931518555,0,0.061676474122137205,0.14466471091006933,0.12705595485774387,0.061657222950582534,0.031617081554236,0.05453383571191409,0.08578363152272694,0.08519154586829004,0.1406647412599587,0.111974124922484,0.03396833145916575,0.061212344860691006,-0.8126,0.8622,-0.006579999999999986
25.06333351135254,25.06333351135254,177118500,20170613,TSLA,23.93400001525879,25.06333351135254,1,0.13260463315524668,0.2797774332418129,0.01613120331873434,0.0161309561051458,0.09113086742301127,0.01613108145499488,0.10287962331440215,0.01613127776964318,0.06613118418080166,0.016131172511909618,0.23068952312356278,0.01613104440073428,0.25,0.705,0.56924
25.37733268737793,25.37733268737793,192276000,20170614,TSLA,25.06333351135254,25.37733268737793,1,0.0128968253976815,0.012896825397498951,0.0128968253975112,0.1440198405380066,0.26272581686963503,0.01289718644580975,0.012896882463444649,0.01289682539759645,0.01289682539749475,0.167658606659859,0.01289682539735065,0.32242071463811095,0.4767,0.4767,0.4767
24.76000022888184,24.76000022888184,100965000,20170616,TSLA,25.022666931152344,24.76000022888184,0,0.013599780749280999,0.07609958276442888,0.07609953853478058,0.013599553101711424,0.01359953703732805,0.321700967252151,0.07609925534382052,0.0827970763288504,0.013599718543887751,0.013599552028253175,0.28560582355432135,0.013599614761185526,-0.1027,0.6908,0.404725
24.65333366394043,24.65333366394043,98239500,20170619,TSLA,24.76000022888184,24.65333366394043,0,0.0166667371498199,0.0166666666668759,0.0166667046573198,0.0166667592340738,0.0166666666669291,0.0166667161370727,0.0166669878469541,0.0166666666669062,0.016667742435258,0.2451916345206158,0.5881400513513318,0.0166666666668422,-0.296,-0.296,-0.296
24.81599998474121,24.81599998474121,111580500,20170620,TSLA,24.65333366394043,24.81599998474121,1,0.0152779518339716,0.015277850145212976,0.07256718916336714,0.21527748772401717,0.015277777778255525,0.015277810034329601,0.015277860197437,0.09535448691594593,0.01527819535236615,0.1560344233528895,0.3538211883524172,0.015277779149789575,-0.3535,0.6258,0.0981
25.09333229064941,25.09333229064941,73848000,20170621,TSLA,24.81599998474121,25.09333229064941,1,0.0089965489058774,0.07149622241775626,0.16780361780023678,0.00899638352916365,0.0714963527329302,0.05445055264169815,0.0089962828333499,0.0089962121214049,0.00899646534049325,0.00899628595975555,0.5717788003063605,0.0089962754109727,-0.5267,0.0531,-0.23679999999999998
25.507333755493164,25.507333755493164,112947000,20170622,TSLA,25.09333229064941,25.507333755493164,1,0.0208333589777429,0.0208333716670441,0.0208333467753128,0.104166610962356,0.0208333603499659,0.0208333333338238,0.0208333333337562,0.18750005199730935,0.10416667182390675,0.18750003367022938,0.27083319377487375,0.0208333333336786,-0.4125,0.6474,0.11745
25.56333351135254,25.56333351135254,96687000,20170623,TSLA,25.507333755493164,25.56333351135254,1,0.13077748531988054,0.20113066528343054,0.0168983865993191,0.20439799361993913,0.016898400076750177,0.072840329068369,0.016898220861919177,0.01689844798494205,0.1425621924445432,0.016898266560205676,0.1469013572586173,0.01689825492208355,0.0,0.7644,0.43385
25.166000366210938,25.166000366210938,99061500,20170626,TSLA,25.56333351135254,25.166000366210938,0,0.059119008876862555,0.0104166666670009,0.010416696384422549,0.09967594857278486,0.0104166711754066,0.010416666667065,0.0104166666670101,0.09374968780531161,0.4019474342084091,0.0104169862587917,0.2725905786735867,0.01041698804334765,-0.4215,0.5187,0.04860000000000003
24.74933242797852,24.74933242797852,94537500,20170628,TSLA,24.15800094604492,24.74933242797852,1,0.4513881387206444,0.2013888935962684,0.034722222222311354,0.0347222222223291,0.03472222222233205,0.0347222222223266,0.03472222222231215,0.03472222222232245,0.03472222222230925,0.03472222222231455,0.0347229676822334,0.03472222222229565,-0.5423,0.0,-0.27115
24.049999237060547,24.049999237060547,123315000,20170629,TSLA,24.74933242797852,24.049999237060547,0,0.0277777777779846,0.0277777777779404,0.0277777777779434,0.6944404065026362,0.0277777777779819,0.0277777777779716,0.0277777777779449,0.027777777777964,0.0277777777779394,0.0277777777779494,0.0277777777779046,0.0277818157178394,0.0,0.0,0.0
24.107332229614254,24.107332229614254,87727500,20170630,TSLA,24.049999237060547,24.107332229614254,1,0.1917919981803633,0.1805553503675314,0.1675688569173282,0.3489714655364956,0.0138888888892154,0.0138888888891991,0.0138895634446052,0.0138890270193696,0.0138889604299689,0.0138888888891634,0.0138892225476519,0.0138888888891072,0.0,0.0,0.0
23.507999420166016,23.507999420166016,94581000,20170703,TSLA,24.107332229614254,23.507999420166016,0,0.011177389620395259,0.06832013966416309,0.07780962967586627,0.04077707828709608,0.011177571981486879,0.01117724867753648,0.1802247181921089,0.07787862102276477,0.11278135510329179,0.09451052384596205,0.25298843067487303,0.06117729325445488,0.0,0.4574,0.3343
21.80599975585937,21.80599975585937,255700500,20170705,TSLA,23.507999420166016,21.80599975585937,0,0.0166666666667291,0.0166666666667158,0.0166666666667167,0.8166646483435015,0.0166666666667283,0.0166679813798458,0.0166672032415498,0.0166666666667229,0.0166666718896141,0.0166666666667185,0.0166668284784495,0.0166666666667078,0.8658,0.8658,0.8658
20.588666915893555,20.588666915893555,289867500,20170706,TSLA,21.80599975585937,20.588666915893555,0,0.013541694904688501,0.4135415037908519,0.0135416666667187,0.3830226130517208,0.0135416666667308,0.013541938185957801,0.013541792788621651,0.01354168861938905,0.013541849584954548,0.0135417242875453,0.08156018176107735,0.01354167969174315,0.4939,0.7639,0.6289
20.881332397460938,20.881332397460938,212653500,20170707,TSLA,20.588666915893555,20.881332397460938,1,0.0119058301314525,0.0119056636598855,0.0119049422826512,0.3779487132750604,0.0119047619052236,0.0119048821582514,0.5030002208033406,0.0119049430296026,0.0119047619051277,0.0119053595598659,0.0119051354000236,0.0119047858895144,0.0,0.0,0.0
21.814666748046875,21.814666748046875,173391000,20170711,TSLA,21.06999969482422,21.814666748046875,1,0.10443894738182422,0.10185159818123513,0.21037580162113828,0.03518520036024572,0.16851843840588482,0.035185185185355364,0.1018517021190996,0.03518560718678494,0.0351851851853271,0.03518520889085904,0.03518522037223174,0.10185190511001352,0.0,0.9194,0.41459999999999997
21.968000411987305,21.968000411987305,155191500,20170712,TSLA,21.814666748046875,21.968000411987305,1,0.0208336958918469,0.0208333333336377,0.0208334926461252,0.0208334200391519,0.0208333333337151,0.020833333333696,0.0208336920592965,0.0208333333336818,0.0208333333336359,0.2708332489639814,0.5208324503976426,0.0208333333335886,0.2716,0.2716,0.2716
21.560667037963867,21.560667037963867,128917500,20170713,TSLA,21.968000411987305,21.560667037963867,0,0.0141534391541882,0.08081985784229544,0.0141534888839634,0.014153507906936367,0.014153439154178465,0.08082013533410266,0.0141536688179427,0.0141534391541141,0.014153484619422,0.08082028643802074,0.4744709019507157,0.18399435074411974,0.0,0.3182,0.1815
21.85199928283692,21.85199928283692,84378000,20170714,TSLA,21.560667037963867,21.85199928283692,1,0.0537301448212394,0.2918244298560027,0.025158730158796737,0.0251591589005687,0.02515873015881226,0.16515867713610688,0.02515873015879736,0.025158829214098843,0.2880157117194338,0.025159363109209583,0.02515876460814822,0.02515873015878502,0.0,0.6486,0.38899999999999996
21.30466651916504,21.30466651916504,148153500,20170717,TSLA,21.85199928283692,21.30466651916504,0,0.013541987175051898,0.4135401297281015,0.0671102574178821,0.0135420076849266,0.0135418628306867,0.10025096088823734,0.01354214066624405,0.17707331794913794,0.013542329891488049,0.013541849455896302,0.14723138670447936,0.013541769607867751,-0.539,-0.3919,-0.46545000000000003
21.68400001525879,21.68400001525879,95355000,20170719,TSLA,21.882667541503903,21.68400001525879,0,0.0166666666667755,0.0166666666667523,0.0166666666667538,0.0166666666667712,0.0166666666667741,0.0166666666667687,0.0166666666667546,0.0166666666667647,0.0166679062583487,0.016666666666757,0.8166654270740402,0.0166666666667385,0.1655,0.1655,0.1655
21.994667053222656,21.994667053222656,77493000,20170720,TSLA,21.68400001525879,21.994667053222656,1,0.5576306992980125,0.06133561792371135,0.058138573488393415,0.026992232435693358,0.05392812092068089,0.0168913678592558,0.04713809338342008,0.09096496247360943,0.01689121549223958,0.016891138010855823,0.03630666721361628,0.0168913115005111,-0.5719,0.7925,0.34147777777777777
21.893333435058597,21.893333435058597,73524000,20170721,TSLA,21.994667053222656,21.893333435058597,0,0.20687838294112454,0.0152867996612161,0.015287095338658125,0.0152874071008252,0.03917134289291418,0.015287000130191526,0.23825989137656595,0.08671510940113107,0.039687540197790076,0.12242957200539478,0.1673122838313087,0.0383975751228793,0.3612,0.6249,0.508675
22.63999938964844,22.63999938964844,104838000,20170725,TSLA,22.834667205810547,22.63999938964844,0,0.16552296907261413,0.052447206495916686,0.01911395591912912,0.06846993360031255,0.019113776978128865,0.2333993106974357,0.17038692897201657,0.13022481790349347,0.019113756613925066,0.019113765415217063,0.019113919233416734,0.0839796590983935,0.0,0.7469,0.32156666666666667
22.92333221435547,22.92333221435547,72312000,20170726,TSLA,22.63999938964844,22.92333221435547,1,0.0208333333339375,0.0208333333338086,0.2708323376500781,0.0208351980869489,0.0208333333339295,0.0208333333338999,0.0208339648942923,0.5208314440282307,0.0208333333338057,0.0208333333338346,0.0208337220035016,0.020833333333732,-0.3182,-0.3182,-0.3182
22.33799934387207,22.33799934387207,73206000,20170728,TSLA,22.297332763671875,22.33799934387207,1,0.020965737223506965,0.020965608465682736,0.020965856662996035,0.13207671877950583,0.020965608465701682,0.020965624842791866,0.020965608465684783,0.020965608465693498,0.36328450260167644,0.02096560846568682,0.3159478666734109,0.020965650887661866,-0.296,0.0,-0.04933333333333333
21.564666748046875,21.564666748046875,128026500,20170731,TSLA,22.33799934387207,21.564666748046875,0,0.0187500000003676,0.018750050458467553,0.018750210413185052,0.0187500000003529,0.0187500000003626,0.20475522383900632,0.0187501507434857,0.0187500000003309,0.2327440869480169,0.14871865807219983,0.2637816195239814,0.018750000000242552,0.3818,0.8885,0.63515
21.72599983215332,21.72599983215332,196372500,20170802,TSLA,21.30466651916504,21.72599983215332,1,0.21874985143212605,0.018750000000193348,0.26874981009366244,0.018750123767317252,0.018750000000242552,0.018750118824101047,0.0187501255126351,0.143749977018617,0.0187500000001922,0.2187497437738786,0.0187502495768717,0.0187500000001622,0.2714,0.7964,0.5339
23.139333724975582,23.139333724975582,203025000,20170803,TSLA,21.72599983215332,23.139333724975582,1,0.0166666666668673,0.0166666666668245,0.0166666666668274,0.3931355135794568,0.0166666666668647,0.4401966843844739,0.0166666666668289,0.0166666666668474,0.0166678020345863,0.0166666666668332,0.0166666666667898,0.0166666666667991,0.0,0.0,0.0
23.69333267211914,23.69333267211914,106393500,20170810,TSLA,24.235332489013672,23.69333267211914,0,0.0166671912340014,0.2166472649015298,0.41668351551972,0.0166668420000712,0.0166666666668913,0.01666666666688,0.0166673722789494,0.0166669834476851,0.0166674155862231,0.2166663508138279,0.0166668908022591,0.0166668400819613,0.0,0.0,0.0
23.857999801635746,23.857999801635746,65487000,20170811,TSLA,23.69333267211914,23.857999801635746,1,0.05630359255896481,0.12136006919297732,0.030662690513846624,0.043482828624027844,0.0819443769172039,0.10441306498612293,0.18450821772603304,0.1011753093363767,0.043483054315716765,0.06912337533027062,0.08835450003718398,0.07518892046127497,-0.6908,0.8625,0.22703076923076923
24.253332138061523,24.253332138061523,67788000,20170814,TSLA,23.857999801635746,24.253332138061523,1,0.06166730362303708,0.057986127987222975,0.052103961698039776,0.06594375539206827,0.09965275535854942,0.14858790540374026,0.0163197465014113,0.01631962317394845,0.1140788965008834,0.07881960416636857,0.14720088257749903,0.14131943761723095,0.4019,0.8793,0.675375
23.16399955749512,23.16399955749512,81123000,20170818,TSLA,23.461332321166992,23.16399955749512,0,0.0119048758252166,0.0119048517594547,0.0119048154703989,0.0119047857358697,0.0119048522691631,0.0119048843787762,0.158073305960544,0.0119047619048641,0.0119049987569196,0.0119048424333405,0.7228781769677498,0.0119048485377021,-0.7364,-0.7364,-0.7364
22.52400016784668,22.52400016784668,97431000,20170821,TSLA,23.16399955749512,22.52400016784668,0,0.01736111111125995,0.0173611111112282,0.01736111111123035,0.36819544999371306,0.017361111111258,0.15549423453981032,0.017361226099166002,0.01736111111124515,0.01736119553427295,0.017361111111234652,0.32006011605437157,0.01736111111120935,0.0,0.6239,0.31195
22.75666618347168,22.75666618347168,64830000,20170822,TSLA,22.52400016784668,22.75666618347168,1,0.10879628453108436,0.13657408342145616,0.025462962963296736,0.02546296296336323,0.025463909167907434,0.0254629629633536,0.136574034254036,0.025462962963338266,0.025463827427026003,0.24768448572696253,0.0254629629632185,0.1921285606549568,-0.0258,0.4019,0.12536666666666665
23.51799964904785,23.51799964904785,74317500,20170823,TSLA,22.75666618347168,23.51799964904785,1,0.025462962963607467,0.13657407294343565,0.10879629119402486,0.10879638655882594,0.025462962963599067,0.10879627643785512,0.025462962963483868,0.025462962963543334,0.0254629629634669,0.0254629629634978,0.24768518518433438,0.13657400990032506,0.0,0.2263,0.1181
23.203332901000977,23.203332901000977,52260000,20170825,TSLA,23.52866744995117,23.203332901000977,0,0.0153061804073715,0.04387777901409937,0.13188281859180997,0.015306172705235271,0.038226798650385176,0.0724491469968537,0.0153062021790059,0.01530619119108787,0.09693920622421422,0.049528613265780785,0.4497485279187945,0.056122362855361194,-0.7083,0.4019,-0.039142857142857146
23.04400062561035,23.04400062561035,56460000,20170828,TSLA,23.203332901000977,23.04400062561035,0,0.16545657217219492,0.11109805156709852,0.01607660448947547,0.1015466871435645,0.031461140255724766,0.07982008777651542,0.1131529840668529,0.031461196976851555,0.016076668345500054,0.031461278452090756,0.28631221101103654,0.016076517743094022,-0.4341,0.8472,0.1495923076923077
23.15733337402344,23.15733337402344,61105500,20170829,TSLA,23.04400062561035,23.15733337402344,1,0.2862635160113561,0.0208333333334762,0.0208335102914064,0.0208333333335077,0.0208333333335126,0.505402786448367,0.0208333333334801,0.0208333333334969,0.0208333333334753,0.020833333333484,0.0208335205809841,0.0208333333334531,0.25,0.25,0.25
23.545333862304688,23.545333862304688,51193500,20170830,TSLA,23.15733337402344,23.545333862304688,1,0.0347223643935807,0.0347222222233304,0.0347236172905685,0.4513880326264403,0.0347222222236123,0.03472303170929405,0.2013873984167298,0.0347222222234908,0.0347222222233235,0.0347222222233912,0.03472222222308605,0.0347222222231518,0.3023,0.5356,0.41895
23.726667404174805,23.726667404174805,61092000,20170831,TSLA,23.545333862304688,23.726667404174805,1,0.14745330654930885,0.12187453427296963,0.10044634191903463,0.05349902419367879,0.08616102813761031,0.047394727856500354,0.014732503734139651,0.014732298223638788,0.014732758609997374,0.014732242607032126,0.3695090482181097,0.01473218567797935,-0.296,0.7876,0.10066249999999999
24.415332794189453,24.415332794189453,62778000,20170913,TSLA,24.183332443237305,24.415332794189453,1,0.0092598114576994,0.0092594557021818,0.1203696522856531,0.0092597492573395,0.231481593587167,0.313253173453613,0.0092596356829004,0.0092592599663095,0.260819625262109,0.0092592592595826,0.0092594989786252,0.0092592851068191,0.2263,0.2263,0.2263
25.176000595092773,25.176000595092773,108037500,20170914,TSLA,24.415332794189453,25.176000595092773,1,0.01212123320758925,0.0121212191572692,0.13384355707790804,0.01212126776264185,0.112121051357588,0.05757959494814615,0.012121421975980151,0.19039912891770558,0.28484850777655224,0.01212130184732735,0.10077929132916835,0.05982242464212325,0.1531,0.6249,0.389
24.92733383178711,24.92733383178711,73786500,20170920,TSLA,25.00666618347168,24.92733383178711,0,0.0208333333339181,0.0208333333337934,0.0208333333338017,0.020833333333895,0.2708328442813407,0.5208323764894057,0.0208333333338059,0.02083333333386,0.020833498636939,0.0208339182964069,0.0208334136841947,0.0208339486086382,0.6697,0.6697,0.6697
22.99933242797852,22.99933242797852,114088500,20170925,TSLA,23.4060001373291,22.99933242797852,0,0.4152774955461726,0.01527834480081565,0.015277777778495651,0.01527778648053835,0.015278084555151299,0.09861100926087761,0.0152779335369403,0.0152777777785847,0.0152778765118043,0.0152779412570567,0.34861019471519306,0.015277777778369198,0.0,0.3182,0.1591
23.01666641235352,23.01666641235352,107344500,20170926,TSLA,22.99933242797852,23.01666641235352,1,0.015741054367571932,0.01574079512077167,0.0157409515125359,0.01574076896310817,0.015740740740995133,0.4277207243429297,0.015740740740949066,0.23726502928448048,0.015740775756518135,0.015740888835537634,0.1933467895936908,0.015740740740910867,0.0,0.6486,0.43239999999999995
22.731332778930664,22.731332778930664,90904500,20170927,TSLA,23.01666641235352,22.731332778930664,0,0.11621296182716145,0.01875009827584735,0.01875043526860575,0.018750000000476302,0.0187500000004894,0.14374994283066014,0.1556544740041072,0.0187500000004466,0.01875000000038785,0.0187500000004115,0.43438192158949174,0.01875016620191415,0.0,0.2263,0.11315
22.739999771118164,22.739999771118164,76606500,20170929,TSLA,22.63999938964844,22.739999771118164,1,0.013988146761542312,0.013988136251029721,0.013988144682892167,0.03979719064207358,0.1965273456716117,0.04557447645294363,0.16109006444979548,0.013988150430986676,0.013988233465025035,0.013988189587288924,0.4590938172005809,0.013988104404229299,0.0,0.9455,0.10505555555555555
22.768667221069336,22.768667221069336,79302000,20171002,TSLA,22.739999771118164,22.768667221069336,1,0.0138888888892484,0.1805555662972979,0.0138888888891769,0.6805539025725102,0.0138893531825543,0.0138900668342273,0.0138888888891794,0.0138888888892126,0.01388888888917,0.0138888888891872,0.0138888888891094,0.0138888888891261,0.6588,0.6588,0.6588
23.667333602905277,23.667333602905277,122452500,20171004,TSLA,23.209333419799805,23.667333602905277,1,0.18055517583344,0.0138888888890899,0.0138888888890935,0.1805552124612013,0.013888888889141,0.0138888888891284,0.0138891308829539,0.0138888888891189,0.0138900925752742,0.0138888888891009,0.5138881660234,0.0138888888890575,0.0,0.0,0.0
23.68866729736328,23.68866729736328,62575500,20171005,TSLA,23.667333602905277,23.68866729736328,1,0.06446292671405911,0.02071440626616692,0.020714438669901438,0.0207144383271829,0.02071431450401428,0.05305597926809286,0.08568357077927764,0.15128971840296884,0.22071426843869535,0.16322410236351986,0.02071431680543608,0.157997519460684,0.1505,0.9313,0.6925600000000001
23.79199981689453,23.79199981689453,64462500,20171006,TSLA,23.68866729736328,23.79199981689453,1,0.06658263193484558,0.0748080117819342,0.059920983959362434,0.4176809694377485,0.0533836750224442,0.013901690159729863,0.01390205496104867,0.06021353271516458,0.024938077821212486,0.013901818415800323,0.13968063452517318,0.0610859192655355,-0.7152,0.6369,-0.01345384615384615
22.86266708374023,22.86266708374023,112405500,20171009,TSLA,23.79199981689453,22.86266708374023,0,0.0208333333335551,0.0208333333335078,0.0208341836347889,0.0208333333335464,0.0208333333335522,0.5208332829499803,0.0208337895940301,0.020833333333533,0.02083342531257,0.0208333333335174,0.2708319851739387,0.0208333333334797,0.0,0.0,0.0
23.63999938964844,23.63999938964844,67512000,20171011,TSLA,23.70599937438965,23.63999938964844,0,0.0166666666667884,0.0166666666667624,0.0166667484950373,0.0166666666667838,0.0166666666667868,0.0166666666667808,0.016666666666765,0.0166666666667763,0.3777223574598309,0.0166666666667677,0.4556108940441734,0.016666666666747,-0.3566,-0.3566,-0.3566
23.71199989318848,23.71199989318848,61305000,20171012,TSLA,23.63999938964844,23.71199989318848,1,0.02224340275163575,0.022243303911875113,0.046862164899788124,0.10104636542409796,0.03883089736018674,0.0222434438797621,0.054131759332584274,0.0555987697020239,0.13513235082538663,0.08663731147340763,0.39278693486457417,0.02224329557467714,0.0,0.8126,0.3728625
23.37333297729492,23.37333297729492,80632500,20171016,TSLA,23.704666137695312,23.37333297729492,0,0.0277777777786221,0.027777777778442,0.3611105769921769,0.0277777777785887,0.0277777777786111,0.3611107315451283,0.0277777777784603,0.0277777777785381,0.0277777777784381,0.0277777777784785,0.0277786914561805,0.0277777777783349,0.5106,0.5106,0.5106
23.976667404174805,23.976667404174805,74086500,20171018,TSLA,23.71666717529297,23.976667404174805,1,0.2708334666241576,0.0208333333340805,0.2708332777300847,0.0208333333342456,0.0208333333342707,0.0208333333342237,0.0208333333341011,0.0208333333341886,0.0208333333340759,0.0208333333341215,0.2708332556384895,0.0208333333339602,0.0,0.0,0.0
23.45400047302246,23.45400047302246,75927000,20171019,TSLA,23.976667404174805,23.45400047302246,0,0.018601209809319924,0.018601640909581562,0.018601190476648637,0.06111418084587595,0.018601411715146038,0.18526735672819425,0.19774934979433173,0.04985119574571609,0.060267918372710616,0.1019344022837129,0.25080887182855727,0.0186012714902045,0.0772,0.8718,0.61665
23.00666618347168,23.00666618347168,73956000,20171020,TSLA,23.45400047302246,23.00666618347168,0,0.0277784725042509,0.3610958153881913,0.3611222803013808,0.0277777777782175,0.0277777777782296,0.027777777778207,0.0277789538920802,0.0277783057195127,0.0277790265124242,0.0277777777781578,0.0277781513187562,0.0277778832505912,-0.1419,0.8734,0.36574999999999996
21.744667053222656,21.744667053222656,75352500,20171026,TSLA,21.7226676940918,21.744667053222656,1,0.02326390465246504,0.02326389754899994,0.040816028596616996,0.40211845374197724,0.02326389458315234,0.0232638924039694,0.023263917963427076,0.02326390829470474,0.03649001692761924,0.2899305555546521,0.0677976310361037,0.02326389869631174,-0.6249,0.0,-0.31796
20.19933319091797,20.19933319091797,81706500,20171109,TSLA,20.292667388916016,20.19933319091797,0,0.025000000000331635,0.02500000000026083,0.15833332547633158,0.1583333404915401,0.02500000000032727,0.2916670307816833,0.025000000000267964,0.0250000513012167,0.02500000000025923,0.025000484488921032,0.025000000000203266,0.1916657674586565,-0.2263,0.0,-0.07543333333333334
21.02666664123535,21.02666664123535,113773500,20171113,TSLA,20.19933319091797,21.02666664123535,1,0.011904761905581,0.0119047619054063,0.0119058667331545,0.0119047619055486,0.1885567993481315,0.0119050703286088,0.1547616239113391,0.0119051784258978,0.0119047619054024,0.0119055943562815,0.5495360573693456,0.0119047619053025,0.6249,0.6249,0.6249
20.753332138061523,20.753332138061523,89680500,20171115,TSLA,20.57999992370605,20.753332138061523,1,0.29236116867337797,0.1048609014835834,0.02152796654413135,0.12152779417718139,0.0215277777782167,0.02152779794799365,0.13402770797332964,0.07152770483629983,0.0840277730359092,0.08402785199385447,0.02152777777805055,0.0215277777780713,-0.802,0.0772,-0.441575
21.187332153320312,21.187332153320312,108919500,20171121,TSLA,20.582666397094727,21.187332153320312,1,0.0138888888897628,0.0138901975324695,0.0138888888895887,0.0138890132147047,0.0138889447551128,0.013889165966435,0.2869911566477008,0.1805556159767316,0.013888888889572,0.0138888888896139,0.4074514159205257,0.0138889344277819,0.8221,0.8221,0.8221
21.170000076293945,21.170000076293945,74242500,20171128,TSLA,21.12066650390625,21.170000076293945,1,0.0208335231685607,0.020833333333662,0.020833333333668,0.121134496923756,0.3541663316872269,0.020833396884747498,0.020833333333671,0.02083333333370965,0.02083333333366,0.02083396172959975,0.337198200703942,0.020833422233795952,-0.357,0.0,-0.1785
20.59000015258789,20.59000015258789,65274000,20171130,TSLA,20.502666473388672,20.59000015258789,1,0.3697087588982422,0.012566137566344867,0.012566358533942933,0.012566296340389966,0.012566137566397633,0.012566151209730966,0.2013000772874454,0.06812170164524224,0.1078040894693424,0.012566137566356265,0.16510201635025315,0.012566137566311466,-0.3182,0.1901,-0.042699999999999995
21.0086669921875,21.0086669921875,52027500,20171208,TSLA,20.74933242797852,21.0086669921875,1,0.02916666666708275,0.27916613609469154,0.02916666666699995,0.0291667055025195,0.029166666667077353,0.2164467575761662,0.02916666666700295,0.02916666666704135,0.0291675710845769,0.029166666667011946,0.24188606656699688,0.02916676317283185,0.0,0.0,0.0
21.92733383178711,21.92733383178711,119070000,20171211,TSLA,21.0086669921875,21.92733383178711,1,0.052083333333735105,0.0520833333336494,0.052083333333655155,0.05208333333371925,0.17708332680629446,0.05208333333371,0.05208333333365805,0.17708338901627566,0.0520833333336475,0.05208333333366675,0.17708328417438987,0.0520833333335985,-0.5849,-0.3182,-0.45155
22.60199928283692,22.60199928283692,93322500,20171213,TSLA,22.735332489013672,22.60199928283692,0,0.01909758340375365,0.3524270973451751,0.08721822859181116,0.0190976261592982,0.01909722222247795,0.1514665920003766,0.1415711283365376,0.0190982766603141,0.01909763204971925,0.019097425711181,0.13363331570196085,0.019097871817393898,-0.5423,0.5719,0.01479999999999998
22.525999069213867,22.525999069213867,86998500,20171214,TSLA,22.60199928283692,22.525999069213867,0,0.2604160773781858,0.1354160040148528,0.0104168057797951,0.0104171742315828,0.0104172051149384,0.0104175421514937,0.3854161789943156,0.0104166666674158,0.0104166666673171,0.010416666667357,0.0104168626929168,0.1354161496398286,0.25,0.25,0.25
22.89666748046875,22.89666748046875,103998000,20171215,TSLA,22.525999069213867,22.89666748046875,1,0.014285791525213351,0.11428572731785559,0.014286261239284,0.01428584061082645,0.01428616739939255,0.1554637604598907,0.0142857142858522,0.0142863682507466,0.014285714285847701,0.6016771992577273,0.014285741081536251,0.014285714285826898,-0.6124,-0.5563,-0.58435
21.93199920654297,21.93199920654297,89307000,20171220,TSLA,22.07333374023437,21.93199920654297,0,0.011193902127815476,0.011193785345133175,0.011193862986781052,0.011193783068967976,0.011193786143588076,0.10286750105643457,0.01119378306893865,0.01119379382178325,0.6395987749480657,0.0111937830689428,0.1567894462133899,0.011193798150158776,0.0,0.6369,0.31845
22.11066627502441,22.11066627502441,65778000,20171221,TSLA,21.93199920654297,22.11066627502441,1,0.14467070191508263,0.2559246323858748,0.08422590830697796,0.0395834375514517,0.12797591648740161,0.08422619731269318,0.02172625704861695,0.039583316316828814,0.06547619577066892,0.07529754619938563,0.021726385635536638,0.03958350506948079,-0.9335,0.8779,-0.04003749999999999
21.152666091918945,21.152666091918945,65676000,20171226,TSLA,21.68000030517578,21.152666091918945,0,0.10158635733458717,0.05552618660031111,0.08614987670177482,0.06365280276258327,0.050214057565801155,0.03312984507580303,0.2317110797784421,0.027832898869297584,0.03559167306739793,0.16651455399040005,0.1357940827650057,0.01229658548859545,-0.204,0.9325,0.32571666666666665
21.149999618530277,21.149999618530277,67822500,20180103,TSLA,21.368667602539062,21.149999618530277,0,0.012896842478414001,0.012896825397062349,0.0843252327133251,0.42956308591499565,0.0128968457241699,0.0128969753519603,0.1557540547144797,0.0128968253970966,0.15575397215304915,0.01289682564225435,0.08432568911616829,0.012896825397024199,0.4588,0.8685,0.6636500000000001
22.42733383178711,22.42733383178711,147891000,20180108,TSLA,21.10533332824707,22.42733383178711,1,0.0138888888890899,0.013888888889047,0.0138888888890499,0.0138891105453449,0.0138888888890872,0.1805553527824109,0.180555539223276,0.0138889163532412,0.0138892106647486,0.0138888888890557,0.5138885370966269,0.0138888888890215,0.0,0.0,0.0
22.4146671295166,22.4146671295166,72376500,20180112,TSLA,22.530000686645508,22.4146671295166,0,0.3184887040051744,0.0092594601947566,0.3310557587519051,0.0092594352387906,0.0092592592594202,0.0092592592594121,0.0092592980920545,0.0092592592594061,0.0092593006910967,0.0092592592593946,0.2671217467292216,0.0092592592593669,0.8705,0.8705,0.8705
23.05933380126953,23.05933380126953,79312500,20180124,TSLA,23.519332885742188,23.05933380126953,0,0.0119047619054766,0.1547617686515266,0.0119047619053345,0.0119047619054483,0.0119047619054673,0.1547619275727185,0.0119051311318126,0.0119050099691068,0.4404764991103125,0.0119047619053551,0.1547610921322068,0.0119047619052337,0.128,0.128,0.128
23.302000045776367,23.302000045776367,71206500,20180129,TSLA,22.856666564941406,23.302000045776367,1,0.0277777777783078,0.0277777777781947,0.3611111612346231,0.0277777777782869,0.361111060983211,0.0277777777782747,0.0277777777782061,0.0277777777782551,0.0277777777781922,0.0277777777782176,0.0277777777781028,0.0277777777781275,0.8519,0.8519,0.8519
23.62066650390625,23.62066650390625,93211500,20180131,TSLA,23.05466651916504,23.62066650390625,1,0.022222449717458025,0.022222468340699776,0.022222222222667423,0.14722223925639466,0.11388870665251505,0.022222363654366924,0.0222222572247393,0.0222222683950202,0.18888920622033992,0.12119577040451128,0.22222184980717516,0.07324819810411169,0.0,0.6124,0.32120000000000004
23.28333282470703,23.28333282470703,62965500,20180201,TSLA,23.62066650390625,23.28333282470703,0,0.027777933172511197,0.19444434927322427,0.02777799300309,0.19444412085236143,0.19444503522285675,0.0277779783712884,0.0277783673521387,0.027777853123493547,0.0277781077872698,0.027778252099645698,0.027778328059136402,0.19444168168298331,-0.2023,0.1154,-0.04345
22.916667938232425,22.916667938232425,55572000,20180202,TSLA,23.28333282470703,22.916667938232425,0,0.0166675008572064,0.08333354158667332,0.016666666667238535,0.01666668627295473,0.21666584565868016,0.0166667080875848,0.48333184265650025,0.016666666667309534,0.0166666666672249,0.016666864282998902,0.0166669122558764,0.08333409833975164,0.0,0.4019,0.13396666666666665
22.208667755126957,22.208667755126957,66961500,20180205,TSLA,22.916667938232425,22.208667755126957,0,0.025462962963092698,0.025462962963065005,0.025463836833983764,0.0254629866870376,0.025463114242831635,0.025462962963084566,0.025463293770278336,0.0254629629630798,0.5532405892398681,0.025462962963070667,0.19212840144755883,0.0254629629630486,0.0,0.0,0.0
22.264667510986328,22.264667510986328,76326000,20180206,TSLA,22.208667755126957,22.264667510986328,1,0.04726350798841433,0.0660134228707265,0.0472635753844438,0.016014093265059762,0.0971591893618073,0.09934711752452831,0.016014081852383174,0.047263471444902366,0.30523797744520287,0.016013589772946913,0.2263962524925242,0.016013720597059886,0.0,0.6486,0.1093625
23.0,23.0,104538000,20180207,TSLA,22.264667510986328,23.0,1,0.0170139020825954,0.01701388888929735,0.22534720908382513,0.058680658129078904,0.0170144155395082,0.3578645705055783,0.08868833496914989,0.01701389834612035,0.017014404855567072,0.017013895639935925,0.15032090356572217,0.01701391839362065,0.0,0.5859,0.3595
21.048667907714844,21.048667907714844,93417000,20180212,TSLA,20.69466781616211,21.048667907714844,1,0.029535784928281468,0.03969949697237015,0.039665232447584145,0.011017209930416567,0.02989432379350211,0.04995788797386174,0.0508104232481219,0.039636749498306534,0.22962260896360454,0.052173184444200965,0.4010968927831383,0.026890205016611116,-0.8176,0.4939,0.017255555555555555
22.36599922180176,22.36599922180176,84639000,20180216,TSLA,22.271333694458008,22.36599922180176,1,0.0119047619049924,0.1970071592975261,0.396485583379384,0.0119047674941826,0.0119047619049894,0.011904761904978,0.2993639461107639,0.0119047619049695,0.0119047619049421,0.0119051624382795,0.0119048098500781,0.011904761904914,-0.5994,-0.5994,-0.5994
22.31800079345703,22.31800079345703,60141000,20180220,TSLA,22.36599922180176,22.31800079345703,0,0.0277777777780061,0.0277782561688772,0.0277777777779606,0.027777777777997,0.027777777778003,0.0277777777779918,0.0277780876352762,0.0277777777779833,0.0277783788649899,0.0277789485725843,0.6944418843124016,0.0277777777779284,-0.5214,-0.5214,-0.5214
22.21999931335449,22.21999931335449,48294000,20180221,TSLA,22.31800079345703,22.21999931335449,0,0.0159970450622554,0.0576635023276693,0.18266368373105651,0.015997023809677675,0.04724702332191327,0.10524930208766259,0.0159970424580984,0.015997034901850827,0.4010889720167707,0.01599702380965675,0.1101053226637585,0.0159970238096295,-0.2023,0.6652,0.367575
23.07799911499023,23.07799911499023,104547000,20180222,TSLA,22.21999931335449,23.07799911499023,1,0.021470333365069774,0.021469970896411863,0.039609258010206254,0.0214701588453673,0.17572498008021195,0.24768590164701454,0.05272021277596822,0.02146991827302011,0.11522013568235843,0.06313660557376279,0.1985525852512926,0.021469939599315698,-0.4341,0.8555,0.10837500000000003
23.39933204650879,23.39933204650879,71961000,20180227,TSLA,23.82799911499023,23.39933204650879,0,0.03618812974341408,0.048261051144295894,0.06128128266819095,0.10584908876361684,0.15413702133359555,0.10396757573297383,0.15242986463633842,0.009989011697132625,0.009988897791087074,0.009988850947915774,0.08183078223569928,0.2260884433057392,0.1655,0.802,0.45665
22.87066650390625,22.87066650390625,91045500,20180228,TSLA,23.39933204650879,22.87066650390625,0,0.0416671340729435,0.0416666666667582,0.0416669568105098,0.0416666666667784,0.0416666666667815,0.0416666666667758,0.0416669142501041,0.0416666666667715,0.0416666666667576,0.0416666666667632,0.5416652662287799,0.0416670619702761,0.0,0.0,0.0
22.22333335876465,22.22333335876465,57357000,20180305,TSLA,22.341333389282227,22.22333335876465,0,0.2604161497508965,0.0104168206322974,0.0104168009359557,0.0104166666668144,0.0104166749494631,0.0104173773202699,0.0104167953700091,0.0104167122057964,0.6354154541217165,0.0104168746293312,0.0104170067506808,0.0104166666667682,0.0,0.0,0.0
21.8799991607666,21.8799991607666,64285500,20180306,TSLA,22.22333335876465,21.8799991607666,0,0.0115742181918841,0.011574074074438199,0.0115740740744448,0.1759309689826079,0.2615719986603868,0.011574761554609351,0.01157556408837965,0.011574074074490851,0.45832790445328914,0.0115740740744582,0.01157421369663085,0.0115740740743795,0.0,0.5838,0.2919
22.15333366394043,22.15333366394043,75109500,20180307,TSLA,21.8799991607666,22.15333366394043,1,0.09681388891445934,0.018981497499330334,0.1333190011309082,0.12140730524778492,0.0189823738081466,0.052314791970801,0.10231482267201647,0.0189815382167116,0.018981531600203102,0.241202590165833,0.15771910694749422,0.01898155182631067,0.0,0.5719,0.19063333333333332
21.940000534057617,21.940000534057617,53493000,20180308,TSLA,22.15333366394043,21.940000534057617,0,0.05148163466782392,0.011481606180205401,0.05148169679416066,0.01148165865281422,0.03148157708395494,0.01148151332627478,0.3399308444470877,0.05647975023366446,0.01148151602783264,0.01148157403637,0.011481636464369279,0.40025499208544135,-0.1531,0.3182,0.09241999999999999
21.81133270263672,21.81133270263672,82602000,20180309,TSLA,21.940000534057617,21.81133270263672,0,0.32787945695881504,0.018778442954473683,0.0755833989081501,0.018778424694284014,0.018778371494163188,0.06987928059830609,0.018778472990100686,0.1106150383673025,0.08680558048266364,0.018778489386907054,0.2165666102991146,0.018778432865718758,-0.3182,0.7184,0.2972428571428572
21.775333404541016,21.775333404541016,119511000,20180314,TSLA,22.78933334350586,21.775333404541016,0,0.0277777777778552,0.0277777777778387,0.3611095993932453,0.0277777777778522,0.02777806298907,0.0277777777778504,0.0277777777778404,0.3611111177899281,0.0277777777778383,0.0277787607039845,0.0277780146788675,0.0277777777778289,0.0,0.0,0.0
20.90399932861328,20.90399932861328,112264500,20180319,TSLA,21.42333221435547,20.90399932861328,0,0.0277777777782961,0.0277777777781855,0.0277777777781929,0.3611111395666906,0.0277777777782893,0.0277783037709431,0.0277777777781967,0.0277777777782445,0.3611101936612276,0.0277777777782079,0.0277781407754053,0.0277777777781198,0.0,0.0,0.0
20.703332901000977,20.703332901000977,71464500,20180320,TSLA,20.90399932861328,20.703332901000977,0,0.0119047619065228,0.0119047619061471,0.0119047619061728,0.0119048436842713,0.0119054642825655,0.3142664334116737,0.0119075659167155,0.2976137207218332,0.0119047619061387,0.2809725303428106,0.0119048258751045,0.0119055681400439,0.0,0.0,0.0
21.10199928283692,21.10199928283692,89376000,20180321,TSLA,20.703332901000977,21.10199928283692,1,0.0104166666667304,0.1354166672110404,0.0104166666667177,0.0104166666667279,0.0104166666667296,0.135416648973382,0.0104166666667182,0.2929870273524944,0.0104170917362069,0.0104166666667196,0.1354162342628094,0.2278463304637231,-0.5574,-0.5574,-0.5574
20.606666564941406,20.606666564941406,74097000,20180322,TSLA,21.10199928283692,20.606666564941406,0,0.07805214665614273,0.03723568538682411,0.06055087868415084,0.15081711155003455,0.01682738802456327,0.06739417968189929,0.09582124462227658,0.016827324206527557,0.05473651350532088,0.13247285542558115,0.25202932111049736,0.03723535114618121,-0.4559,0.7096,0.12092857142857141
20.1026668548584,20.1026668548584,99823500,20180323,TSLA,20.606666564941406,20.1026668548584,0,0.014781985284434775,0.0727906529636119,0.3301774215220839,0.014781768046105774,0.06161444848034708,0.09811518781543906,0.05644842362148668,0.1504960705795714,0.10644844913232232,0.01478223177636625,0.014781948519273575,0.06478141225895681,-0.128,0.7635,0.275875
20.27866744995117,20.27866744995117,125628000,20180326,TSLA,20.1026668548584,20.27866744995117,1,0.15151532049924285,0.2845905333808728,0.017229643721684226,0.1476723597721098,0.0873281801505889,0.017229702487911974,0.041140157768509274,0.15659751535689848,0.017229708698516425,0.017229614012250573,0.017229886454396125,0.04500737769701797,-0.0258,0.8842,0.389325
18.61199951171875,18.61199951171875,208080000,20180327,TSLA,20.27866744995117,18.61199951171875,0,0.0208333333340591,0.0208335860902965,0.0208333333339147,0.1458332979364581,0.1203552613267469,0.1458329921982881,0.2708331907242163,0.02083356431922525,0.0208333333339008,0.1713110248171589,0.02083333333377865,0.020833749251956,0.0772,0.4019,0.23954999999999999
17.185333251953125,17.185333251953125,315021000,20180328,TSLA,18.61199951171875,17.185333251953125,0,0.09305556361148587,0.026388888889234335,0.09305543833083785,0.026389107785391965,0.10972201404684523,0.0263888888893006,0.3263888914585938,0.026388888889284368,0.026388888889232232,0.10972220339176751,0.0263889954861164,0.1097222303319093,0.0,0.658,0.3224666666666667
16.832000732421875,16.832000732421875,241710000,20180402,TSLA,17.742000579833984,16.832000732421875,0,0.07357568113998839,0.09158332024148284,0.22768751312922506,0.012467005472372271,0.1262360692504784,0.012467177167865214,0.20209609427017258,0.16102822760974536,0.028339963314052842,0.03958476864249226,0.012467161032998159,0.0124670187291262,-0.1901,0.8318,0.1947142857142857
19.12933349609375,19.12933349609375,298450500,20180404,TSLA,17.8353328704834,19.12933349609375,1,0.008333364682404,0.1123241916786977,0.2646159979186094,0.4480592773591082,0.0083333333335863,0.0083334764503893,0.0083336692607675,0.0083333334392528,0.008333360920116,0.108333252324133,0.0083334092994329,0.0083333333335025,0.4404,0.4404,0.4404
20.381332397460938,20.381332397460938,286816500,20180405,TSLA,19.12933349609375,20.381332397460938,1,0.022222222222546502,0.14273974923648494,0.0222225171169061,0.0222222222225337,0.022222243479939348,0.0222222222225263,0.3017037125345914,0.02222222222251425,0.1888883372038711,0.18888909098345988,0.0222232383321899,0.0222222222224362,0.0,0.2263,0.11315
19.953332901000977,19.953332901000977,202804500,20180406,TSLA,20.381332397460938,19.953332901000977,0,0.0198414212391427,0.01984126984158975,0.1626975545161864,0.0912698447172572,0.0198412698416712,0.0198421521234643,0.0198412698415985,0.18650795981890214,0.25793610916646736,0.16269842464561673,0.0198414544065649,0.019841269841538202,0.0,0.5106,0.2553
19.310667037963867,19.310667037963867,153747000,20180409,TSLA,19.953332901000977,19.310667037963867,0,0.0138888888893043,0.0138890240853856,0.0138889424006963,0.0138891576043019,0.0138889960193516,0.0138904155643199,0.013888905406654,0.0138889535414698,0.0138888888892137,0.1927655614384367,0.6683433772717025,0.0138888888891631,0.0,0.0,0.0
20.31333351135254,20.31333351135254,164847000,20180410,TSLA,19.310667037963867,20.31333351135254,1,0.4166664796688912,0.0166667860919836,0.0166666666667697,0.0166666666667903,0.0166666735662375,0.0166667344509511,0.0166668775644803,0.0166669036373316,0.0166666666667673,0.0166684554585442,0.0166666666667456,0.4166644228945071,-0.2975,-0.2975,-0.2975
19.60533332824707,19.60533332824707,114132000,20180412,TSLA,20.062000274658203,19.60533332824707,0,0.5416666666657234,0.0416666666667485,0.0416666666667499,0.0416666666667665,0.0416666666667693,0.0416666666667642,0.0416666666667507,0.0416666666667603,0.041666666666748,0.0416666666667529,0.0416666666667304,0.0416666666667353,0.3804,0.3804,0.3804
20.022666931152344,20.022666931152344,109908000,20180413,TSLA,19.60533332824707,20.022666931152344,1,0.018783304729106,0.12989294242665386,0.145470983392266,0.129894144437779,0.018783068783248633,0.018783241263524635,0.01878377623712357,0.20953787863870124,0.06640245914534923,0.20610126469560933,0.018783354000631036,0.018783582250006866,-0.6146,-0.1027,-0.33016666666666666
19.41399955749512,19.41399955749512,95077500,20180416,TSLA,20.022666931152344,19.41399955749512,0,0.0083333333336597,0.008333548852217,0.3083319146016171,0.0083333333336468,0.0083334874831796,0.0083339606614167,0.0083334280184102,0.0083334886866141,0.6083328647734886,0.0083333986800116,0.0083336049267321,0.0083336366490062,-0.6124,-0.6124,-0.6124
19.179332733154297,19.179332733154297,105000000,20180417,TSLA,19.41399955749512,19.179332733154297,0,0.0208333333339731,0.0208341229002115,0.020833463136978,0.2708324416970323,0.0208333333339647,0.0208333333339331,0.0208333333338504,0.0208333333339095,0.0208333333338336,0.5208308903813362,0.0208357485472215,0.0208333333337555,0.7644,0.7644,0.7644
19.55666732788086,19.55666732788086,98365500,20180418,TSLA,19.179332733154297,19.55666732788086,1,0.0691980497724506,0.01111121039299035,0.1603575307933141,0.27853073534281825,0.011111111111220099,0.08045215377575289,0.0111114942437176,0.01111111797551605,0.0111111430593723,0.011111367165363099,0.3336829752563002,0.011111111111184,0.0,0.915,0.4575
18.71266746520996,18.71266746520996,60204000,20180425,TSLA,18.8973331451416,18.71266746520996,0,0.05555565866558295,0.0555555555556903,0.05555555555569275,0.055555876339721796,0.05555598386141415,0.055555555555716146,0.055555555555694,0.055555555555709804,0.22222211729191627,0.05555555555569765,0.2222214749514951,0.05555555555566855,0.0,0.0,0.0
19.60533332824707,19.60533332824707,65469000,20180427,TSLA,19.03199958801269,19.60533332824707,1,0.2166666130311825,0.0166666666668197,0.0166666666668225,0.0166669703424716,0.0166666666668587,0.2166662098700341,0.2166666793458762,0.2166666884958332,0.0166666666668188,0.0166666666668281,0.0166668389136589,0.0166666666667951,0.4779,0.4779,0.4779
20.07666778564453,20.07666778564453,134556000,20180502,TSLA,19.994667053222656,20.07666778564453,1,0.016203826327428502,0.016204277032749032,0.0162037871416387,0.016203802880205936,0.016203831303375767,0.07175928883431193,0.2939800121573007,0.016203919926084668,0.32175901106166466,0.016204004645745198,0.09953713632162337,0.09953710236787087,0.0,0.0,0.0
19.606000900268555,19.606000900268555,128541000,20180504,TSLA,18.96333312988281,19.606000900268555,1,0.01757944303378986,0.27113075060533354,0.06757924270286267,0.05885068372525084,0.06257960584595584,0.01757967219932636,0.10941927219094774,0.17377158917743346,0.01757943477707164,0.05318241407860487,0.11888283283639886,0.03186505882702386,-0.3182,0.9118,0.27402000000000004
20.184667587280277,20.184667587280277,130173000,20180507,TSLA,19.606000900268555,20.184667587280277,1,0.680553122693705,0.0138895035970917,0.0138890141507959,0.0138888888892598,0.01388888888927,0.0138888888892509,0.0138889971430078,0.1805556020421199,0.0138888888891908,0.0138888888892093,0.0138902651594169,0.0138890507676812,-0.5719,-0.5719,-0.5719
20.131332397460938,20.131332397460938,88950000,20180508,TSLA,20.184667587280277,20.131332397460938,0,0.0277777777781006,0.0277777777780317,0.0277777777780363,0.0277777777780878,0.0277780011672966,0.0277777777780804,0.0277778765013247,0.0277778344663766,0.0277777777780301,0.6944440656406684,0.0277777777779757,0.0277777777779908,0.5773,0.5773,0.5773
20.456666946411133,20.456666946411133,85911000,20180509,TSLA,20.131332397460938,20.456666946411133,1,0.02416681031087006,0.02416701417228552,0.02416673826847604,0.15942066439902575,0.19083285221832105,0.02416703651163976,0.02416706271058096,0.024166726839377,0.14083330586317055,0.15557919236047418,0.18416563351395737,0.024166962831821077,-0.5423,0.296,-0.14804
20.334667205810547,20.334667205810547,84774000,20180510,TSLA,20.456666946411133,20.334667205810547,0,0.15054558965127063,0.025545650471882474,0.025545731629908325,0.26017963878014183,0.025545658368910172,0.1088793944062728,0.19269648940471867,0.1088785388741996,0.025545673890694273,0.02554631617347565,0.025545683427438924,0.025545634921086226,0.25,0.7901,0.6105
20.070667266845703,20.070667266845703,70194000,20180511,TSLA,20.334667205810547,20.070667266845703,0,0.1782157479351782,0.1146465595283408,0.0426660215905093,0.12052974691034615,0.06481763288862487,0.03994437091788479,0.061658349461267095,0.01088992609704733,0.1341178599004536,0.0210539789800439,0.16336099249679847,0.04809881329350505,-0.4019,0.6808,0.27976999999999996
19.46466636657715,19.46466636657715,109302000,20180514,TSLA,20.070667266845703,19.46466636657715,0,0.03561357298218107,0.012615847997127283,0.3920603399453067,0.12253811861876361,0.01261583953264365,0.0422420873640574,0.07257953321387496,0.08825784006590708,0.012615789497921234,0.052986747437053366,0.14325839538660612,0.012615887958557018,-0.9153,0.8294,-0.48356666666666664
19.09866714477539,19.09866714477539,85110000,20180516,TSLA,18.94533348083496,19.09866714477539,1,0.2618486834452924,0.013542019916333,0.01354224355027215,0.11354107473719435,0.13854164263423155,0.01354191290974795,0.0135416828140235,0.2777336951788009,0.11354162278234664,0.01354171863205595,0.013542036732679948,0.013541666667021349,-0.3182,-0.3182,-0.3182
18.96933364868164,18.96933364868164,66309000,20180517,TSLA,19.09866714477539,18.96933364868164,0,0.0104171302069435,0.0104166666668387,0.5104162309391709,0.385415515431586,0.0104167650492603,0.0104174043329097,0.0104167159258809,0.0104166929952836,0.0104166666668377,0.0104168311032602,0.0104166666668008,0.0104167140152274,0.296,0.296,0.296
18.454666137695312,18.454666137695312,108778500,20180518,TSLA,18.96933364868164,18.454666137695312,0,0.1458339494313605,0.02083367832124695,0.020833333333686248,0.0208333333337565,0.14583329001670933,0.0208333333337464,0.0208335370087681,0.1458333402577702,0.02083372852019115,0.1458318434719933,0.2708332996371467,0.0208333333336241,-0.501,0.0,-0.2505
18.965999603271484,18.965999603271484,137739000,20180521,TSLA,18.454666137695312,18.965999603271484,1,0.09113815680065572,0.055204207907105445,0.13413332454936608,0.22025035716238409,0.04430436117247856,0.05590571453592485,0.15556631101958548,0.03676098194403585,0.08952945337225589,0.02892346298067463,0.06666234082650478,0.021621327729028056,-0.743,0.6908,0.08141818181818182
18.333999633789062,18.333999633789062,134187000,20180522,TSLA,18.965999603271484,18.333999633789062,0,0.05432022552010659,0.07343902167874257,0.24487786518457555,0.07819043580041343,0.0252428209476645,0.02894190607942746,0.11368872901720325,0.031158225448834103,0.042576646618280846,0.06259010017402869,0.2164652124855862,0.02850881104513629,-0.9215,0.9423,0.30017
18.60466766357422,18.60466766357422,89776500,20180523,TSLA,18.333999633789062,18.60466766357422,1,0.020460906421260264,0.04019796694024108,0.0773685917211932,0.060973979436411196,0.061287187081413924,0.05868147172108626,0.031984838759790295,0.3392814006778739,0.04824805666523019,0.1773158656545565,0.03666501670481488,0.04753471821612777,-0.8176,0.9091,0.08166842105263158
18.523332595825195,18.523332595825195,62650500,20180524,TSLA,18.60466766357422,18.523332595825195,0,0.05159509409729099,0.08937470653924849,0.12902172087865194,0.05220248605056541,0.077248112581806,0.03179418418863699,0.07865232088272332,0.18682717630392587,0.02674366616722321,0.17431140656354888,0.027144968136607873,0.07508415760977051,-0.4588,0.6808,0.1884636363636364
18.59000015258789,18.59000015258789,58126500,20180525,TSLA,18.523332595825195,18.59000015258789,1,0.04527481189796136,0.05240670415409621,0.0749412901897489,0.11881853012406197,0.11632429816503233,0.10691408057710448,0.09223921543923715,0.13548476300734255,0.0643580066442334,0.08854694202963818,0.05015816597231996,0.054533191799223,-0.3732,0.7078,0.10264285714285713
18.917333602905277,18.917333602905277,84999000,20180529,TSLA,18.59000015258789,18.917333602905277,1,0.07323834460993267,0.12905940900920695,0.021301776504956637,0.01628311004684474,0.0718388734535625,0.10612408802293795,0.056553198487718635,0.0763606940612775,0.0718387336724466,0.1708086215489542,0.12921983056301367,0.07737332001914742,-0.8979,0.8955,0.01595333333333332
19.447999954223636,19.447999954223636,112345500,20180530,TSLA,18.917333602905277,19.447999954223636,1,0.08216547440119751,0.115939093228434,0.08419504544558956,0.07273060890474202,0.010883539053994326,0.050080787699724086,0.02626094173728035,0.0207828741273649,0.11692332805194675,0.08076040818592939,0.29714421735770324,0.04213368180609335,-0.217,0.933,0.333375
18.98200035095215,18.98200035095215,88795500,20180531,TSLA,19.447999954223636,18.98200035095215,0,0.052083333333463946,0.0520833333334361,0.0520834916556486,0.0520833333334588,0.05208333333346225,0.0520833333334558,0.05208333333343895,0.1770831672523,0.0520833333334355,0.05208333333344175,0.3020833410910384,0.05208333333341955,0.0,0.6369,0.31845
19.454666137695312,19.454666137695312,81366000,20180601,TSLA,18.98200035095215,19.454666137695312,1,0.02082450216870509,0.05653837567498569,0.159675423580073,0.020824481470980826,0.1636814667341915,0.020824356406354556,0.02082456743389943,0.056578548041346884,0.11515735728234926,0.020824923002539374,0.32342156909982384,0.020824429104749985,0.0,0.7184,0.40927142857142856
19.408666610717773,19.408666610717773,89928000,20180605,TSLA,19.78266716003418,19.408666610717773,0,0.1423611152687132,0.01736162521141095,0.01736124224791405,0.18402831090565802,0.01736111111148525,0.14238765953391946,0.01736153703906525,0.0173611111114525,0.01736111111140755,0.2673608888990442,0.14233317644856772,0.0173611111113613,0.0,0.9001,0.45005
21.299999237060547,21.299999237060547,281509500,20180606,TSLA,19.408666610717773,21.299999237060547,1,0.0208343113633258,0.0208343979241259,0.0208336049717925,0.0208334811498569,0.0208333333335817,0.0208333333335693,0.5208286957606013,0.0208336075535063,0.0208339808057588,0.2708332875239889,0.0208345781592682,0.0208333881206239,0.0,0.0,0.0
21.07266616821289,21.07266616821289,215179500,20180607,TSLA,21.299999237060547,21.07266616821289,0,0.013888923395279999,0.1805555617602612,0.12383086235183649,0.013888928492561,0.2638887274649769,0.01388888888899335,0.01388896078113905,0.0138888888889892,0.01388912668909045,0.0138888916380973,0.32061335075981207,0.013888888888962399,-0.296,0.024,-0.13599999999999998
21.17733383178711,21.17733383178711,123078000,20180608,TSLA,21.07266616821289,21.17733383178711,1,0.15370983053636533,0.0703763320010624,0.06515410478770538,0.08091123277185062,0.03863053081045073,0.04259860034781896,0.031422614414935664,0.04409246758269483,0.07037653627360031,0.08353511551463161,0.30437162896945796,0.014821005989425632,0.2732,0.8807,0.46341666666666664
22.13999938964844,22.13999938964844,197752500,20180611,TSLA,21.17733383178711,22.13999938964844,1,0.270833431814945,0.0208333333338576,0.0208333333338672,0.0208333333339735,0.2708331979805365,0.0208333333339581,0.020833333333872,0.0208333333339335,0.0208333333338545,0.270833370199686,0.0208333333337421,0.0208333333337732,0.0,0.0,0.0
22.851333618164062,22.851333618164062,335211000,20180612,TSLA,22.13999938964844,22.851333618164062,1,0.0166666666668694,0.0166669478596529,0.2161414725622966,0.0166671448842907,0.2166665777456827,0.0166666666668567,0.0166672909545091,0.4171905074638747,0.0166666666668252,0.0166666666668349,0.0166667251955062,0.0166666666668005,-0.5719,-0.5719,-0.5719
22.985332489013672,22.985332489013672,142047000,20180613,TSLA,22.851333618164062,22.985332489013672,1,0.023148148148551834,0.023148415551928467,0.023148434710865168,0.0231487292106176,0.023148148148546568,0.023148148148526698,0.12985419575422913,0.02314814814851167,0.2731486138508585,0.10648144826323797,0.3053294219157114,0.023148148148414534,0.0,0.4019,0.23263333333333333
23.87800025939941,23.87800025939941,162724500,20180615,TSLA,23.847999572753903,23.87800025939941,1,0.05741064812481322,0.07007523550348897,0.06921009708370501,0.0339590455750397,0.07437422107462792,0.19970113458746938,0.04608028748674016,0.05214074009301956,0.015777110175088416,0.14966488207260767,0.06627118888264887,0.16533540934075067,0.0,0.8555,0.2698181818181818
24.722000122070312,24.722000122070312,181098000,20180618,TSLA,23.87800025939941,24.722000122070312,1,0.0142857142860065,0.014285778621835402,0.014285996590515401,0.3285709812259394,0.0142857142860027,0.11428609664033455,0.014285842758494451,0.014285714578041502,0.01428577814156845,0.014285852326011601,0.014285758721059898,0.42857077182418957,-0.296,0.296,0.0
23.503332138061523,23.503332138061523,191428500,20180619,TSLA,24.722000122070312,23.503332138061523,0,0.09393413462697113,0.07430858709767514,0.04971666522042429,0.0782881893398949,0.05915626429781299,0.04971660402137268,0.2748216255394815,0.040192826591938284,0.02590705559323698,0.040192645114880916,0.034550178590321126,0.1792152239659896,-0.8316,0.9286,0.16635
24.14800071716309,24.14800071716309,125755500,20180620,TSLA,23.503332138061523,24.14800071716309,1,0.03175845385305636,0.13122247773025228,0.06390158241995465,0.05115846286997001,0.04488198308063135,0.013901359259626375,0.10846627545318142,0.10508995642075897,0.01390137852311955,0.15381299469648912,0.09876614464723078,0.18313893104572865,-0.8346,0.9274,0.0956
23.167333602905277,23.167333602905277,119506500,20180621,TSLA,24.14800071716309,23.167333602905277,0,0.02546296296333553,0.025462962963256033,0.025462962963261365,0.247685157657618,0.025462962963330633,0.02546296296331223,0.025463050281788597,0.13657406870481656,0.27546296296287015,0.13657401965001012,0.02546296296319143,0.0254629629632088,-0.128,0.0,-0.042666666666666665
22.242000579833984,22.242000579833984,153991500,20180622,TSLA,23.167333602905277,22.242000579833984,0,0.11912573353954917,0.039959434269910964,0.09134850747378788,0.12120986080802806,0.029819864436126487,0.09734266663570315,0.21658271746003016,0.014959513633063913,0.15165376025297733,0.046209470353705207,0.035995645977856296,0.03579282515926095,0.0,0.936,0.459975
22.200666427612305,22.200666427612305,103969500,20180625,TSLA,22.242000579833984,22.200666427612305,0,0.15107034138877798,0.047705151656757365,0.12879760309124044,0.10175308723893058,0.05133579866059813,0.06168185204399633,0.04864309536446261,0.02296669858654642,0.01437185818266096,0.1699164700023322,0.1873861549663611,0.014371888817335367,-0.8707,0.7906,0.17326
22.799999237060547,22.799999237060547,111787500,20180626,TSLA,22.200666427612305,22.799999237060547,1,0.09292794637597744,0.014220583526964113,0.1325658439052714,0.11023956258271964,0.1814546529902715,0.1637128126457842,0.0142207608402763,0.0583849171675735,0.09552302436529615,0.059045810729217114,0.04965441559153936,0.028049669279108798,-0.6115,0.8478,0.16747499999999998
22.96666717529297,22.96666717529297,125005500,20180627,TSLA,22.799999237060547,22.96666717529297,1,0.06917223018845266,0.05011701016980129,0.13184562352946064,0.21926593940697728,0.017559564722048702,0.046131079189592805,0.047445006285444354,0.035416639216776125,0.06405992732315778,0.0175596128079137,0.24100865138651012,0.0604187157738641,-0.5325,0.5956,0.21145714285714284
23.32866668701172,23.32866668701172,125970000,20180628,TSLA,22.96666717529297,23.32866668701172,1,0.04027777777833824,0.040277777778218705,0.04027777777822668,0.1069443656474128,0.10694446945147011,0.09526148691024139,0.26862738839162564,0.04027777777828252,0.04027777777821598,0.04027783709491552,0.0402777858366243,0.14027777777642755,-0.4767,0.8875,0.23064
20.61066627502441,20.61066627502441,262146000,20180705,TSLA,20.724000930786133,20.61066627502441,0,0.16193469025468574,0.05838556983387682,0.16804125836196282,0.07618292957923642,0.03278381107301229,0.11374168767488221,0.04004877855496982,0.14234756103258908,0.024847303695284702,0.11748155871666291,0.03414209316298883,0.030062758059847806,-0.7003,0.862,0.25770952380952383
20.59333229064941,20.59333229064941,132982500,20180706,TSLA,20.61066627502441,20.59333229064941,0,0.14366858789315143,0.0865980196896796,0.03290090341891575,0.0573606739971531,0.03927252699105282,0.06301582919114651,0.133163167527845,0.01121828167382146,0.23554099279350776,0.0295437452411805,0.15233238070124624,0.01538489088129928,-0.6412,0.4779,-0.07540666666666666
21.233999252319336,21.233999252319336,113952000,20180709,TSLA,20.59333229064941,21.233999252319336,1,0.020171957672211,0.02017195767215693,0.0677910059267438,0.020172033185238098,0.020171978977521,0.2981913422103912,0.2104061870946858,0.020172012399259,0.1035052889833258,0.1312831068710643,0.0677911018669832,0.0201720271404195,0.4019,0.8858,0.6107333333333334
21.49799919128418,21.49799919128418,142072500,20180710,TSLA,21.233999252319336,21.49799919128418,1,0.10771605556756314,0.06454682945971656,0.0943034541071707,0.11983631861210084,0.15666631464929676,0.06574229452482357,0.07048642479166507,0.04277319887200752,0.04894854334939193,0.10583065081215588,0.08031610653232049,0.042833808721787,-0.7506,0.9628,0.23618999999999998
21.263999938964844,21.263999938964844,73261500,20180711,TSLA,21.49799919128418,21.263999938964844,0,0.1508418427818681,0.08795973532571866,0.05322415494293719,0.06287882434556406,0.15491990948228004,0.07024931344901734,0.12000566338964043,0.019210672246688456,0.05492506076261626,0.12783963412580676,0.07873450093904262,0.019210688208819503,-0.4588,0.8779,0.25257142857142856
21.11400032043457,21.11400032043457,85818000,20180712,TSLA,21.263999938964844,21.11400032043457,0,0.13591513552942117,0.10235509298650569,0.0715213186036125,0.05021537178547604,0.03818817790351446,0.13152118124853793,0.1291767247496961,0.08152190316585796,0.11335351746051284,0.08652167605424874,0.02152163436307001,0.03818826614954611,0.0,0.8166,0.59727
21.257999420166016,21.257999420166016,88047000,20180713,TSLA,21.11400032043457,21.257999420166016,1,0.010119047619333452,0.0101190890423947,0.0101190595348087,0.0101190664800176,0.2434767175780545,0.0101190476193156,0.0101190807143734,0.010119047619305,0.20297559665343062,0.0101197849370656,0.46247541458266406,0.0101190476192363,0.1027,0.7906,0.44665
21.59000015258789,21.59000015258789,84363000,20180718,TSLA,21.512666702270508,21.59000015258789,1,0.0121528490288722,0.01215295661951665,0.27725303587863204,0.0121529232792445,0.01215277777809135,0.22823386889103126,0.0778597167518731,0.10244483562934645,0.012152781256029,0.22913811577097823,0.0121527777779727,0.0121533613384121,-0.5106,0.1779,-0.16635000000000003
21.34866714477539,21.34866714477539,88729500,20180719,TSLA,21.59000015258789,21.34866714477539,0,0.0416674903096557,0.0416666666666966,0.5416658430233625,0.0416666666667032,0.0416666666667042,0.0416666666667024,0.0416666666666974,0.0416666666667009,0.0416666666666964,0.0416666666666982,0.04166666666669,0.0416666666666918,0.7783,0.7783,0.7783
20.905332565307617,20.905332565307617,77433000,20180720,TSLA,21.34866714477539,20.905332565307617,0,0.08027745984909003,0.11995407275426669,0.051003160958139,0.009336685446318667,0.1297068212311857,0.0093364197536703,0.009336835082371266,0.009336466054938599,0.08341070343932748,0.0834105149869776,0.33148042956426593,0.08341043087944815,0.0,0.936,0.312
20.21333312988281,20.21333312988281,164893500,20180723,TSLA,20.905332565307617,20.21333312988281,0,0.08117742276913742,0.053468474315439316,0.169595407366137,0.09430955728354125,0.014510609430577682,0.04951937093795606,0.16675385897845815,0.014510798751226761,0.01451070805043062,0.17396386083823312,0.15316906960648774,0.01451086167237434,0.0,0.7938,0.37961999999999996
20.582666397094727,20.582666397094727,106131000,20180725,TSLA,19.82866668701172,20.582666397094727,1,0.3611111691156586,0.0277777777782321,0.0277777777782404,0.0277777777783325,0.0277777777783478,0.3611110531018683,0.0277777777782445,0.0277777777782979,0.0277777777782294,0.0277777777782571,0.027777777778132,0.0277777777781589,0.636,0.636,0.636
20.44333267211914,20.44333267211914,69457500,20180726,TSLA,20.582666397094727,20.44333267211914,0,0.0185186362512894,0.018519166220335948,0.06858551978404745,0.32029616061295413,0.12962948473772715,0.16667194638477587,0.18518541833099494,0.01851874719519265,0.01851859031487755,0.01851882184875435,0.018518609301030352,0.01851889901801955,0.0,0.2023,0.10115
19.344667434692383,19.344667434692383,102211500,20180730,TSLA,19.812000274658203,19.344667434692383,0,0.0119047619049059,0.1547618825597722,0.011905287205719,0.0119056590710482,0.2976188629433035,0.0119047619048969,0.4404748006017914,0.0119047619048916,0.0119048033555565,0.0119047619048814,0.0119048947383758,0.0119047619048569,0.8462,0.8462,0.8462
19.875999450683597,19.875999450683597,76153500,20180731,TSLA,19.344667434692383,19.875999450683597,1,0.015850464601095154,0.044751064400507135,0.13162423348629892,0.14967984951599178,0.07201644416370011,0.015850480860929925,0.02547866495022376,0.05317419085649155,0.03453454924354663,0.12583873072459556,0.27902615751400894,0.052175169682610004,-0.1027,0.7906,0.3063222222222222
20.05599975585937,20.05599975585937,151941000,20180801,TSLA,19.875999450683597,20.05599975585937,1,0.030368548271651846,0.0961829497478737,0.1699468615835871,0.12850917900453732,0.0197204270053315,0.09749808765722424,0.1561526320437497,0.056757411888197176,0.17350809917247584,0.019720430545408056,0.0319149894061862,0.019720383673776844,-0.5228,0.8746,0.35473333333333334
23.30266761779785,23.30266761779785,348225000,20180802,TSLA,20.05599975585937,23.30266761779785,1,0.0277777777780169,0.3611110065997025,0.0277777777779693,0.0277777777780074,0.0277777777780137,0.0277777777780019,0.361111110280437,0.0277777777779931,0.0277777777779647,0.027777883118033,0.0277777777779244,0.0277777777779355,0.0,0.0,0.0
22.79933357238769,22.79933357238769,128464500,20180806,TSLA,23.211332321166992,22.79933357238769,0,0.0198415162359387,0.01984126984159245,0.0198412698415983,0.1865071036782271,0.16516467423152326,0.019841269841654248,0.019841935633385502,0.0198412698416391,0.3030892415234012,0.18650789073285073,0.0198412887566486,0.0198412698415404,0.5574,0.6249,0.5911500000000001
25.30466651916504,25.30466651916504,463137000,20180807,TSLA,22.79933357238769,25.30466651916504,1,0.016269919602977627,0.24402417783655486,0.0674479439533521,0.016270063992183115,0.01626985303584683,0.09126982566250862,0.034127033887570025,0.3167489417097955,0.0734124042622137,0.016269841270251828,0.01627000800536497,0.09161998678138024,-0.8405,0.892,0.17345714285714284
24.689332962036133,24.689332962036133,368568000,20180808,TSLA,25.30466651916504,24.689332962036133,0,0.0164689037740945,0.016468419906351565,0.08115312855255691,0.016468338574243634,0.06636882443166353,0.016468267314656965,0.6375953049190195,0.016468280540502134,0.01646835896100157,0.08313481762036369,0.016469017356869498,0.016468338048676,-0.296,0.0,-0.1244
23.69933319091797,23.69933319091797,173280000,20180810,TSLA,23.49666786193848,23.69933319091797,1,0.2812500004727485,0.0312500000008347,0.031250000000849945,0.0312500000010192,0.03125000000104725,0.0312500000009948,0.15624985894030174,0.0312500000009556,0.03125000000082965,0.0312500000008807,0.031250140585668745,0.2812499999938686,0.0,0.8779,0.43895
23.76066780090332,23.76066780090332,156958500,20180813,TSLA,23.69933319091797,23.76066780090332,1,0.14120377754947822,0.0300925925929703,0.19675841908270575,0.11342556030263616,0.030092620890881536,0.19675940328880462,0.030092837824766433,0.0300930312787909,0.030092592592968034,0.14120391566634174,0.030092656336746335,0.030092592592909435,-0.296,0.5106,0.07153333333333335
23.176000595092773,23.176000595092773,104796000,20180814,TSLA,23.76066780090332,23.176000595092773,0,0.0833333333333333,0.0833333333333333,0.0833333333333333,0.0833333333333333,0.0833333333333333,0.0833333333333333,0.0833333333333333,0.0833333333333333,0.0833333333333333,0.0833333333333333,0.0833333333333333,0.0833333333333333,0.4404,0.4404,0.4404
22.36333274841309,22.36333274841309,90960000,20180816,TSLA,22.57933235168457,22.36333274841309,0,0.07109803928453594,0.0988758434996506,0.1822088690760144,0.015542347997509165,0.015542458501483567,0.015542465124439768,0.26951010862514835,0.07109802342820297,0.155721587027999,0.015542446583827767,0.07377548280860496,0.0155423280425831,-0.6369,0.802,0.22523333333333337
21.459999084472656,21.459999084472656,197583000,20180821,TSLA,20.562667846679688,21.459999084472656,1,0.39583030740373104,0.02083578032183355,0.14583337670342292,0.020833333333948753,0.1458333542537812,0.02083339767810015,0.02083333333385125,0.0208333333339105,0.0208336991172741,0.020833333333865098,0.0208334309286529,0.14583332025762813,-0.5994,-0.4215,-0.5104500000000001
21.44266700744629,21.44266700744629,89190000,20180822,TSLA,21.459999084472656,21.44266700744629,0,0.0119047619053085,0.011904761905192,0.2437521069009096,0.0119047702045502,0.1547617822824687,0.0119047619052744,0.0119049100410526,0.0119047619052542,0.0119047619051894,0.0119047619052156,0.4943430972344615,0.0119047619051227,0.9166,0.9166,0.9166
21.34000015258789,21.34000015258789,77209500,20180823,TSLA,21.44266700744629,21.34000015258789,0,0.20680115419069933,0.1944443755902389,0.027778018076662497,0.027778414982676747,0.027778016802459553,0.18208680319992473,0.02777787594874355,0.027777777778420103,0.027777777778335552,0.19444423009537476,0.02777777777821535,0.02777777777824845,0.6486,0.8976,0.7730999999999999
21.521333694458008,21.521333694458008,54039000,20180824,TSLA,21.34000015258789,21.521333694458008,1,0.011022936228467,0.011022966069005567,0.24689295133132164,0.011023522754406866,0.011023129630540035,0.0110233133467081,0.4968179820394541,0.011022951698073366,0.10946190366393244,0.058642072358056636,0.011023132935590166,0.011023137944443533,-0.4389,0.8881,0.05106666666666667
20.790666580200195,20.790666580200195,114736500,20180828,TSLA,21.284666061401367,20.790666580200195,0,0.0710317780245205,0.279421902143714,0.021032355486741,0.0210317460318682,0.021031811467719798,0.171031323253331,0.02103174603184885,0.0210321872573368,0.021031746031845475,0.3102598451106666,0.021031800384662826,0.0210317587757444,-0.5267,0.7506,-0.06319999999999998
20.11066627502441,20.11066627502441,80626500,20180831,TSLA,20.209999084472656,20.11066627502441,0,0.26043519182188357,0.14372929515537033,0.014583547903208802,0.01458351134749155,0.0145833660417165,0.01458339473630665,0.2887482846030594,0.1404179452163567,0.014583346371632049,0.0145837460896838,0.0145852114904664,0.06458315922282375,0.3818,0.4404,0.4111
18.715999603271484,18.715999603271484,115812000,20180905,TSLA,19.26333236694336,18.715999603271484,0,0.0119050401096298,0.5833307051981839,0.2976205146946589,0.0119047721894053,0.0119048344955958,0.0119048072284599,0.0119052329291629,0.0119048021117503,0.0119048568235192,0.011904785694955,0.011904878586057,0.0119047699386216,-0.0994,-0.0994,-0.0994
17.549333572387695,17.549333572387695,337378500,20180907,TSLA,18.729999542236328,17.549333572387695,0,0.0166666666677383,0.0166666666675097,0.2166666190505007,0.0166666666676959,0.0166668031508362,0.0166666666676712,0.2166659998293255,0.0166666666676316,0.0166666666675046,0.0166666666675559,0.4166668936320087,0.0166670176640211,-0.5994,-0.5994,-0.5994
18.62933349609375,18.62933349609375,137550000,20180911,TSLA,19.03333282470703,18.62933349609375,0,0.062004256704007166,0.7524781771517745,0.014385571472821101,0.0560516153987786,0.014384928173310265,0.014384982874027966,0.014385144154261134,0.014385171304842168,0.014384978109629333,0.014385298642486265,0.0143849553789105,0.0143849206351504,-0.296,0.2144,-0.059666666666666666
19.36933326721192,19.36933326721192,150231000,20180912,TSLA,18.62933349609375,19.36933326721192,1,0.1083333185329566,0.1230029408547505,0.0083336669147033,0.0083335352923293,0.0083333333335108,0.1083333468225735,0.4936631945054846,0.008333333518121,0.008333345045369,0.1083331363006145,0.0083334604869748,0.0083333883926113,0.6908,0.6908,0.6908
19.297332763671875,19.297332763671875,95104500,20180913,TSLA,19.36933326721192,19.297332763671875,0,0.48918098732692783,0.0807295704601946,0.08072890920250622,0.04172205425831565,0.0182292136069503,0.08072904377708648,0.055033951795579905,0.018229195883186076,0.018229364409317324,0.08072913038354988,0.0182293251511138,0.018229253745271526,-0.3802,0.5106,-0.04694999999999998
19.68000030517578,19.68000030517578,101484000,20180914,TSLA,19.297332763671875,19.68000030517578,1,0.134643161366784,0.20365729023605375,0.1901075252074761,0.0246216331301844,0.0246213566357225,0.27462098131547974,0.02462150046855135,0.02462158490800265,0.02462128011285905,0.0246212264970252,0.0246212480005434,0.0246212121213174,0.5848,0.7876,0.6861999999999999
19.6560001373291,19.6560001373291,103314000,20180917,TSLA,19.68000030517578,19.6560001373291,0,0.1425559057367093,0.10934692783183211,0.04329812526670871,0.06322822160055613,0.04588910973287239,0.030233682724449668,0.18920068470337156,0.09885339690801487,0.07088746978210374,0.015520402973549789,0.11620658385582572,0.07477948888400553,-0.4497,0.9136,0.3524555555555555
18.997333526611328,18.997333526611328,248212500,20180918,TSLA,19.6560001373291,18.997333526611328,0,0.015062863315227817,0.015062847858121115,0.15395126324293834,0.015062867898729133,0.015062887394764283,0.11506294169536364,0.01506284703930415,0.07895181842933935,0.08631117889912394,0.04147405639109975,0.43387142177079174,0.0150630060651961,0.0,0.6588,0.24585
19.934667587280277,19.934667587280277,124423500,20180919,TSLA,18.997333526611328,19.934667587280277,1,0.019444444444838265,0.019444710804525468,0.01944464187500353,0.18611114146432314,0.019444444444833103,0.3361106289481173,0.019444444444762735,0.0194444995142948,0.019444721644521403,0.08611107600951644,0.23611080196055897,0.019444444444704334,0.0,0.128,0.042666666666666665
19.8886661529541,19.8886661529541,110241000,20180920,TSLA,19.934667587280277,19.8886661529541,0,0.01595123824779648,0.02731495503521252,0.298541459651898,0.015951269349553418,0.02731490698759158,0.03988432538470463,0.08402668190913318,0.11468844198403919,0.027314755402716037,0.14708099271562156,0.1859797482948876,0.015951225036845346,-0.6705,0.8805,0.2924272727272727
19.940000534057617,19.940000534057617,75757500,20180921,TSLA,19.8886661529541,19.940000534057617,1,0.0208334394195841,0.020833333333582,0.0208333333335865,0.020833333333637,0.0208333333336453,0.0208333333336297,0.5162093502320465,0.020833333333618,0.020833554970353,0.0208333333335957,0.2754569887091795,0.020833333333542,0.0,0.0,0.0
19.978666305541992,19.978666305541992,72645000,20180924,TSLA,19.940000534057617,19.978666305541992,1,0.1948936391282786,0.0083333333338113,0.3848644408125286,0.2108642510665882,0.0083333333339329,0.0083333333339029,0.1427092402395879,0.008333657619383,0.0083342355921777,0.0083333604639093,0.0083338417421645,0.0083333333337344,-0.3612,-0.3612,-0.3612
20.06599998474121,20.06599998474121,67225500,20180925,TSLA,19.978666305541992,20.06599998474121,1,0.0142858719771051,0.11428562260379979,0.21428533047500337,0.014285714286181351,0.01428576509934035,0.01428575975294005,0.01428615921699005,0.014285714286152149,0.1142858330623373,0.014285760969945702,0.4428567539841691,0.014285714286035152,0.1128,0.4019,0.25734999999999997
20.6386661529541,20.6386661529541,117648000,20180926,TSLA,20.06599998474121,20.6386661529541,1,0.016666913595088,0.8166634601212077,0.016666825295268,0.0166679365851754,0.0166669483832685,0.0166669644356873,0.0166667144843648,0.0166666666672147,0.0166668527457193,0.0166668821621379,0.0166669582346091,0.0166668772902591,0.4019,0.4019,0.4019
17.65133285522461,17.65133285522461,504745500,20180928,TSLA,20.501333236694336,17.65133285522461,0,0.11666689793083275,0.0166677704013066,0.016667377022673,0.016666955441848097,0.016666666667158853,0.01666679524596045,0.6122136950922061,0.01666699602207205,0.0166666666670566,0.0166672466390188,0.01666677702498525,0.12111615584488089,-0.6239,0.8585,0.11730000000000002
20.06800079345703,20.06800079345703,176152500,20181002,TSLA,20.71333312988281,20.06800079345703,0,0.012121212121767248,0.11212083780852694,0.2736488589140038,0.2121207503343805,0.0121212344947372,0.0121215073416342,0.20513884211633585,0.0121216224457789,0.0121212125742422,0.1121207735497954,0.012121338440560701,0.0121218098582367,-0.2041,0.784,0.28995000000000004
18.788667678833008,18.788667678833008,147213000,20181004,TSLA,19.65333366394043,18.788667678833008,0,0.019642876482004846,0.18630895091799624,0.07210191904563974,0.10059525908745869,0.04345239800469921,0.06726194678700846,0.06726209441901658,0.22432726203907344,0.06726188326642508,0.07678561495064931,0.05535686629054021,0.01964292870948783,-0.4404,0.8658,0.11321428571428571
17.463333129882812,17.463333129882812,269167500,20181005,TSLA,18.788667678833008,17.463333129882812,0,0.054725283769072895,0.19855955892587063,0.029711289270562206,0.03902699409418057,0.01159096435937499,0.02989423812704351,0.11789886489326129,0.3569306327965239,0.09159096684868999,0.03659094236844136,0.01159096548220856,0.021889299064769618,-0.7345,0.5574,-0.09859000000000001
16.70400047302246,16.70400047302246,202090500,20181008,TSLA,17.463333129882812,16.70400047302246,0,0.0092592592593828,0.0092593035689638,0.335012545503185,0.0092593549877215,0.2314814996969394,0.0092593700332699,0.1647370490205953,0.0092592592593705,0.0092592747882019,0.1946943564938436,0.0092594540996694,0.0092592732888565,0.6593,0.6593,0.6593
17.520000457763672,17.520000457763672,180909000,20181009,TSLA,16.70400047302246,17.520000457763672,1,0.01296305671891015,0.012963364217841201,0.0815632576101952,0.22026870470058935,0.01296296296323815,0.012962962963224349,0.20565641419370795,0.0129629999234557,0.0912749599253838,0.01296296296319435,0.310495276873811,0.0129630769464484,-0.2263,0.2023,-0.011999999999999997
17.125333786010742,17.125333786010742,192229500,20181010,TSLA,17.520000457763672,17.125333786010742,0,0.04861112347394125,0.0486111111111982,0.04861111111119975,0.21527766850716515,0.04861111111122035,0.04861116175101405,0.04861168809979695,0.04861115862049795,0.2986104769995955,0.04861111111120295,0.04861112684386455,0.04861115125930295,0.0,0.7184,0.3592
16.815332412719727,16.815332412719727,122515500,20181011,TSLA,17.125333786010742,16.815332412719727,0,0.0138888888894012,0.0138889283957095,0.6489814568578616,0.013888960312367,0.0138888888893943,0.0138891868292104,0.2121286577492286,0.0138888890687136,0.0138888888892894,0.0138894238531723,0.0138889413764243,0.0138888888892269,0.1007,0.1007,0.1007
17.25200080871582,17.25200080871582,108021000,20181012,TSLA,16.815332412719727,17.25200080871582,1,0.053705367370144134,0.011574321891732431,0.0115743160070331,0.1113608887664656,0.0949072208598083,0.0115742294542548,0.0670877641666345,0.0533482539773752,0.011574091517765233,0.12270944398944765,0.24973619135744252,0.2008479106418962,0.4215,0.8591,0.5970666666666666
17.305999755859375,17.305999755859375,93000000,20181015,TSLA,17.25200080871582,17.305999755859375,1,0.01500002741971436,0.015000296663570719,0.18611457066484768,0.01500019709684496,0.12999997803802835,0.015000019014641219,0.3017178896660642,0.015000007976112919,0.015000115696407721,0.01500013802929966,0.2621667577810879,0.01500000195337978,0.0,0.765,0.49602
18.439332962036133,18.439332962036133,142896000,20181016,TSLA,17.305999755859375,18.439332962036133,1,0.0561163130148548,0.014450295944979749,0.0394799316035662,0.07694983766764597,0.014449792312080875,0.07694976641639341,0.3795164625066416,0.03430729122036113,0.03526462041696452,0.1811157713372445,0.0769500535846308,0.014449863974635876,0.0,0.9409,0.53565
18.118667602539062,18.118667602539062,129832500,20181017,TSLA,18.439332962036133,18.118667602539062,0,0.012247682183546401,0.10460293827956503,0.35464304049628875,0.012247509375977433,0.012247613640191633,0.10344530200256614,0.30438212167844264,0.012247643285180366,0.04719355549658913,0.012247541102795967,0.012247573739556832,0.012247478719299099,-0.4003,0.9687,0.18946666666666667
17.5939998626709,17.5939998626709,81318000,20181018,TSLA,18.118667602539062,17.5939998626709,0,0.014699180032841616,0.1190750764880751,0.09008512043780674,0.01469944444815185,0.12447252270302468,0.04622463834572995,0.14129728293846974,0.01469911043457135,0.02789602362526045,0.0313657956591858,0.3607866663862009,0.014699138500681283,-0.296,0.8988,0.25503333333333333
17.333332061767578,17.333332061767578,140632500,20181019,TSLA,17.5939998626709,17.333332061767578,0,0.0166668805939121,0.0166672973027809,0.3727319276664995,0.0166672021596908,0.2166665233257856,0.0166666666670796,0.0166669236744444,0.2605980250936243,0.016666666667011,0.0166666666670322,0.0166669340707375,0.0166682861114014,0.0772,0.0772,0.0772
17.39666748046875,17.39666748046875,84004500,20181022,TSLA,17.333332061767578,17.39666748046875,1,0.18640206098278428,0.08706530475449188,0.014973871317981141,0.16164009095783322,0.12608470243584408,0.09497334760461174,0.12065948645313851,0.01497357515605452,0.08164016902436344,0.0149735449739232,0.08164017367627954,0.01497367266269394,0.0,0.5106,0.18250000000000002
19.60933303833008,19.60933303833008,285417000,20181023,TSLA,17.39666748046875,19.60933303833008,1,0.01486169335892372,0.11099903212464438,0.11118335314785661,0.01486120424261532,0.06486110977727491,0.014861125681797418,0.15170969103040405,0.07487559508576373,0.01486111309226856,0.04513435276005948,0.3669305657243964,0.01486116397399492,-0.1531,0.7817,0.33692
20.99066734313965,20.99066734313965,312610500,20181025,TSLA,19.233333587646484,20.99066734313965,1,0.021180739490963774,0.10812648790121,0.06472659604412205,0.02118064669589315,0.1878473207249756,0.021180699871094548,0.2295132265115948,0.14256744638474644,0.0211805555558586,0.021180694808649897,0.07763500920663105,0.08368057680425968,-0.6808,0.6124,0.16115000000000002
22.059999465942383,22.059999465942383,411382500,20181026,TSLA,20.99066734313965,22.059999465942383,1,0.01666666814408777,0.016666718227319334,0.016666859328311634,0.19990672256250797,0.016666809168937032,0.016666666666971933,0.016666845845702497,0.11928476841044393,0.09999986719593128,0.28080773789078933,0.18333360469237092,0.016666731866625834,0.0,0.6804,0.4136666666666667
22.32333374023437,22.32333374023437,217290000,20181029,TSLA,22.059999465942383,22.32333374023437,1,0.10938173274434965,0.29233250031749136,0.13822213026511088,0.0152779922347672,0.015277777778107099,0.015277777778090602,0.0152780712805579,0.015277778358435,0.01527777777803865,0.1819444254491284,0.015277804395485501,0.17117423162043735,0.0,0.2023,0.10115
22.488000869750977,22.488000869750977,114364500,20181031,TSLA,21.99333381652832,22.488000869750977,1,0.0083333562446911,0.0083342628799137,0.5076700079628551,0.0083333658561834,0.0083334034128797,0.2083321989729712,0.0083334744009215,0.0083333334217721,0.108333132820658,0.008333333333706,0.1089967429487667,0.0083333877446812,0.7044,0.7044,0.7044
22.95199966430664,22.95199966430664,120001500,20181101,TSLA,22.488000869750977,22.95199966430664,1,0.01534397543572134,0.03897588184798216,0.19867761227708686,0.01534395921185032,0.0153439171864825,0.015344015044784099,0.5286751004432155,0.04867716601472328,0.047395640865322816,0.0455347597028324,0.015344028576247521,0.0153439433937506,-0.2617,0.5848,0.30047999999999997
23.0939998626709,23.0939998626709,117120000,20181102,TSLA,22.95199966430664,23.0939998626709,1,0.053555563566715585,0.03903272646478955,0.12031483251023778,0.18703467094498705,0.10343441193452128,0.09244891200553167,0.12356925957439674,0.027437478211790798,0.013932179164150967,0.01393223851461365,0.21137552166617146,0.013932205442092949,-0.3182,0.7883,0.11569999999999998
23.21066665649414,23.21066665649414,110617500,20181107,TSLA,22.73733329772949,23.21066665649414,1,0.15809735599234168,0.01349228142657368,0.01349207646446618,0.10872990973514784,0.13849223719904172,0.01349245794833386,0.06349167131853536,0.0134921299350473,0.10817145264122449,0.15634899357237855,0.1992073482325101,0.013492085534398821,-0.7783,0.3612,-0.05735999999999999
23.426666259765625,23.426666259765625,106360500,20181108,TSLA,23.21066665649414,23.426666259765625,1,0.0277791940706756,0.0277788073761677,0.027777987843439,0.0277786153390952,0.0277780428978989,0.0277777777780794,0.3578081570972112,0.0277777777780675,0.3644088693245884,0.0277782912130347,0.0277787015037518,0.0277777777779901,0.9042,0.9042,0.9042
23.367332458496097,23.367332458496097,76482000,20181109,TSLA,23.426666259765625,23.367332458496097,0,0.0152783455727307,0.0152787762667141,0.3486100458017628,0.01527802505755455,0.015277777778047851,0.015277777778034348,0.0986109094896664,0.01527777777802425,0.30361393058561376,0.0152777939538038,0.12694106216008846,0.015277777777958402,0.0,0.6486,0.3243
22.0853328704834,22.0853328704834,104122500,20181112,TSLA,23.367332458496097,22.0853328704834,0,0.0166669283510249,0.0166672689300005,0.016666901187197,0.016666711178911,0.0166666666668979,0.2900232571331586,0.0166667581172183,0.0166668171472261,0.0166666666668498,0.5433077966942661,0.016666914818665,0.016667313108584,0.8555,0.8555,0.8555
23.22933387756348,23.22933387756348,69385500,20181115,TSLA,22.933332443237305,23.22933387756348,1,0.21188458648623154,0.04135858520996062,0.09563832389412114,0.0668736919797598,0.09358213150274496,0.04695523139453509,0.12289139287894946,0.06362190055403623,0.08674079834183528,0.05251070390482048,0.09876526417937657,0.019177389673628316,-0.7579,0.6369,0.013349999999999996
23.62066650390625,23.62066650390625,108093000,20181116,TSLA,23.22933387756348,23.62066650390625,1,0.1111108977510912,0.11111093266684324,0.3611111170626592,0.0277779938567428,0.02777777777808755,0.027777834460359252,0.02777799902415755,0.02777777777806045,0.027777800680653848,0.027777777778038252,0.19444431338532114,0.027777777777984902,0.6378,0.7096,0.6737
23.564666748046875,23.564666748046875,145633500,20181119,TSLA,23.62066650390625,23.564666748046875,0,0.050862250511296794,0.09039047087622529,0.18544864611930423,0.10389581852373181,0.049730991374599305,0.09052467559556257,0.15943225019511245,0.07206441532735769,0.01437207534341273,0.024226780331617608,0.12224376195315544,0.03680786384862355,-0.5704,0.7783,0.21595384615384614
23.166000366210938,23.166000366210938,120070500,20181120,TSLA,23.564666748046875,23.166000366210938,0,0.0083333333334096,0.0083333333333933,0.0083333333333944,0.0083333333334065,0.0083333781629602,0.0083333711810659,0.0083333333333949,0.008333333333402,0.3625669236395857,0.0083333333333966,0.5540996603492068,0.0083333333333836,0.7717,0.7717,0.7717
22.54599952697754,22.54599952697754,70302000,20181121,TSLA,23.166000366210938,22.54599952697754,0,0.0166666666670532,0.0166672121330477,0.2542008312790202,0.5791288909814477,0.0166674198594264,0.0166668836123703,0.0166683905699086,0.0166666666670148,0.0166666666669689,0.0166667664851242,0.0166669384116959,0.0166666666669218,0.0,0.0,0.0
21.722000122070312,21.722000122070312,63039000,20181123,TSLA,22.54599952697754,21.722000122070312,0,0.0166666666667817,0.2284112090161402,0.6049202151770825,0.0166667870734675,0.0166666666667802,0.0166666666667746,0.0166669262509294,0.0166666669680029,0.0166666666667567,0.0166666666667622,0.0166667586957307,0.0166681034847906,0.0772,0.0772,0.0772
23.06666755676269,23.06666755676269,119881500,20181126,TSLA,21.722000122070312,23.06666755676269,1,0.18106937293021405,0.18587504348140368,0.019455542747640955,0.05409371327902063,0.0823387541236234,0.04371518431443525,0.019455648464644832,0.019455533471955576,0.019455740799375957,0.11314639404744718,0.24248357537034693,0.01945549696989111,-0.6652,0.9183,0.21946666666666667
22.92799949645996,22.92799949645996,95374500,20181127,TSLA,23.06666755676269,22.92799949645996,0,0.0166666666671688,0.0166667614266404,0.0166666666670689,0.016666666667149,0.216666703242729,0.4166663978538891,0.0166666666670726,0.2166666785893721,0.0166666666670593,0.0166666666670834,0.0166667922177688,0.0166666666669982,0.0,0.0,0.0
23.191333770751957,23.191333770751957,61914000,20181128,TSLA,22.92799949645996,23.191333770751957,1,0.0064102564102973,0.0064103256975118,0.00641059232246,0.2371789375533246,0.6987178761232412,0.0064102564102947,0.0064104318074283,0.0064102567248342,0.0064102832937875,0.0064102564102903,0.0064102708362465,0.0064102564102834,0.1007,0.1007,0.1007
22.744667053222656,22.744667053222656,46210500,20181129,TSLA,23.191333770751957,22.744667053222656,0,0.127222175205013,0.027987816469037703,0.18394643344064474,0.0963649860319815,0.08341269993520534,0.01293689527366888,0.37682034078151505,0.012936536262563761,0.03956208078714388,0.01293656025878106,0.012936873981997398,0.01293660157244714,0.0,0.9412,0.33826
23.365333557128903,23.365333557128903,84436500,20181130,TSLA,22.744667053222656,23.365333557128903,1,0.20483211811976246,0.01736133307225765,0.27560962182286886,0.01736140490882545,0.21735242171131874,0.0173611111114897,0.017361460898121,0.0173613331297511,0.16331566846751291,0.017361111111446198,0.01736130453526775,0.0173611111113776,0.0,0.1901,0.09505
23.89933204650879,23.89933204650879,124597500,20181203,TSLA,23.365333557128903,23.89933204650879,1,0.12314147419035526,0.12446491126956898,0.2053308324866602,0.012037097303525235,0.012037037037382133,0.012037146223294534,0.012037620077511866,0.012037140246137633,0.28981501465665455,0.13965405168510822,0.012037318042811935,0.045370356780988996,-0.5267,0.408,-0.1529
23.86466789245605,23.86466789245605,172668000,20181207,TSLA,24.20400047302246,23.86466789245605,0,0.1555413900858569,0.0064102583927592,0.3537864599930089,0.0064108350079862,0.0064102564106855,0.1798663427009482,0.0064103168137974,0.1602556187445102,0.1056771314269627,0.0064102564106173,0.0064108776023236,0.0064102564105434,0.1324,0.1324,0.1324
24.450666427612305,24.450666427612305,94632000,20181211,TSLA,24.34333229064941,24.450666427612305,1,0.03363016107812239,0.06699470021713708,0.21477104852397635,0.04308729012095457,0.19220205713097238,0.01391047367471684,0.1420176382158076,0.09726141133587299,0.058196084030361375,0.09637330118432598,0.013910478459178649,0.027645356028573282,-0.0334,0.8955,0.46007999999999993
25.11933326721192,25.11933326721192,110488500,20181213,TSLA,24.440000534057617,25.11933326721192,1,0.0277777777778747,0.027777777777854,0.0277812732667011,0.0277778726736726,0.0277777777778734,0.0277777777778686,0.0277791010067236,0.027777777777865,0.0277777777778535,0.0277777777778582,0.6944395308300132,0.0277777777778417,0.4767,0.4767,0.4767
23.22800064086914,23.22800064086914,115110000,20181217,TSLA,24.38066673278809,23.22800064086914,0,0.270833069138271,0.0208333333339148,0.0208333333339254,0.0208333333340434,0.2708331143076111,0.2708331972376684,0.0208333333339308,0.0208335287328911,0.020833550831078,0.0208333333339468,0.0208333333337867,0.0208335397489321,0.0,0.0,0.0
22.46866607666016,22.46866607666016,106500000,20181218,TSLA,23.22800064086914,22.46866607666016,0,0.11350460295139082,0.11381323384012897,0.05085376866721957,0.0471459769348035,0.11381250185367528,0.07571754722429794,0.10170527227327406,0.09000305751093036,0.07200966922042087,0.01857457322284204,0.1485709470465681,0.05428884925444801,-0.6808,0.8356,-0.10722857142857142
22.197999954223636,22.197999954223636,124113000,20181219,TSLA,22.46866607666016,22.197999954223636,0,0.1934369831823371,0.0472080526651126,0.16249867093796622,0.1178318684349263,0.03679145975236602,0.1173663266334586,0.04739813038948243,0.022207961276594693,0.09291604040547996,0.06804108791363493,0.06272047220796224,0.03158294620067844,-0.4341,0.872,0.23474375
21.025333404541016,21.025333404541016,136078500,20181220,TSLA,22.197999954223636,21.025333404541016,0,0.1634832969585444,0.1411353559100436,0.016666845300394566,0.23888623924199862,0.016667111894878732,0.016666921406697,0.183165649081909,0.016666695802856034,0.083332976164495,0.016666808187941164,0.08999538005442753,0.016666719995813834,-0.3595,0.8953,0.10459999999999998
21.31800079345703,21.31800079345703,120252000,20181221,TSLA,21.025333404541016,21.31800079345703,1,0.0277777777780745,0.0277777777780112,0.0277777777780154,0.0277777777780628,0.0277777777780706,0.027777777778056,0.0277777777780176,0.694444444441724,0.0277777777780098,0.027777777778024,0.0277777777779597,0.0277777777779736,-0.5994,-0.5994,-0.5994
19.69266700744629,19.69266700744629,83398500,20181224,TSLA,21.31800079345703,19.69266700744629,0,0.01651516128509656,0.15616524814555063,0.01651539584292076,0.2786335763593364,0.01651515151575668,0.01651515957907854,0.0346970266902142,0.016515172810742117,0.158452950872577,0.15686482765156282,0.11609517773160756,0.0165151515155562,0.0,0.3612,0.1085
21.73933219909668,21.73933219909668,122446500,20181226,TSLA,19.69266700744629,21.73933219909668,1,0.1295459321132835,0.05041641603495401,0.2820634488079016,0.10625249300027241,0.0413674808918219,0.0156982944800172,0.1241848345931591,0.009525326251261944,0.029996180240663337,0.029727301913840112,0.14018218482007655,0.041040106852747865,-0.5267,0.6751,0.26363333333333333
21.07533264160156,21.07533264160156,128626500,20181227,TSLA,21.73933219909668,21.07533264160156,0,0.018750000000723847,0.0187500424487968,0.1747290595987357,0.01875021973127155,0.01875000000071445,0.01875006960687195,0.38777066976445285,0.14374970343638763,0.01875000187523885,0.018750314317424903,0.14374991921890315,0.018750000000477753,0.0,0.6588,0.3294
22.257999420166016,22.257999420166016,149085000,20181228,TSLA,21.07533264160156,22.257999420166016,1,0.3611103963414853,0.0277789409174656,0.3611088471188753,0.0277785612570717,0.0277777777779735,0.0277777777779637,0.0277787105605888,0.0277777798981005,0.0277777777779329,0.0277777777779424,0.0277778750166912,0.0277777777779087,0.5983,0.5983,0.5983
22.18666648864746,22.18666648864746,94534500,20181231,TSLA,22.257999420166016,22.18666648864746,0,0.020833478184989,0.0208333333338789,0.0208333333338889,0.0208335818902884,0.0208333333340178,0.0208333333339835,0.5208331431528478,0.270832318293945,0.0208333392763916,0.0208341391982188,0.0208333333337588,0.020833333333791,0.6908,0.6908,0.6908
20.02400016784668,20.02400016784668,104478000,20190103,TSLA,20.67466735839844,20.02400016784668,0,0.016369125128894074,0.016369069609683352,0.09802684173952353,0.6056529240179408,0.01636926591486635,0.016369377758492325,0.016369235158214375,0.0163690476872534,0.0163690482190094,0.01636919953030045,0.148997771504332,0.016369093731489474,0.0,0.6588,0.255
21.179332733154297,21.179332733154297,110911500,20190104,TSLA,20.02400016784668,21.179332733154297,1,0.0416666666670121,0.0416666666669383,0.0416666666669433,0.0416666666669984,0.5416666666635307,0.0416666666669905,0.0416666666669458,0.0416666666669777,0.0416666666669367,0.0416666666669532,0.0416666666668784,0.0416666666668945,0.0,0.0,0.0
22.33066749572754,22.33066749572754,113268000,20190107,TSLA,21.179332733154297,22.33066749572754,1,0.11141004710010599,0.07896927651067182,0.0123030338777841,0.13730187297128732,0.0123025941048441,0.03611251686810145,0.29394335645723496,0.012302612864910084,0.012302621642607649,0.04260559138326575,0.2196253821429988,0.0308210940761874,0.0,0.3788,0.24803333333333333
22.568666458129883,22.568666458129883,81493500,20190109,TSLA,22.356666564941406,22.568666458129883,1,0.011805656194205765,0.0118058559200268,0.0118060297437313,0.15805346453618033,0.2951389811087955,0.0118056332769983,0.011805840364069667,0.07847139838177053,0.12770285527411065,0.05135907757815214,0.21843934485772934,0.011805862764229269,-0.5267,0.3818,-0.04829999999999999
22.99799919128418,22.99799919128418,90846000,20190110,TSLA,22.568666458129883,22.99799919128418,1,0.11428532003032531,0.24394644553473668,0.3142855531570751,0.0142857720529086,0.01428571428588425,0.0142860073492651,0.2131963928016101,0.01428583527062355,0.01428571428584895,0.01428571428585725,0.014285721457056599,0.01428580948880795,0.5255,0.7845,0.655
23.15066719055176,23.15066719055176,75586500,20190111,TSLA,22.99799919128418,23.15066719055176,1,0.0162037037038633,0.016203703703829276,0.04398148870998617,0.0162037097905566,0.23655690845561994,0.016203723216350573,0.01620379183477565,0.016203769754101423,0.23335037476869422,0.0439814843853964,0.32870363797301694,0.016203703703809025,0.0,0.0,0.0
23.06999969482422,23.06999969482422,70375500,20190116,TSLA,22.96199989318848,23.06999969482422,1,0.05004018333005712,0.07146196372315038,0.0187902494458519,0.06879030570276498,0.0187901015640631,0.2572403621833745,0.080234207700833,0.01879024282352835,0.14031810722964747,0.08474591762869617,0.13970287663823688,0.05109548202979557,-0.4201,0.2374,-0.105225
23.15399932861328,23.15399932861328,55150500,20190117,TSLA,23.06999969482422,23.15399932861328,1,0.017212371998393126,0.017212463956815652,0.2047132156755121,0.0172124190631357,0.05292650564740615,0.017212509693596726,0.19578334460043637,0.017212402231533426,0.045464489834884325,0.017212331923716125,0.380625500625555,0.017212444749014625,0.0,0.8442,0.401825
19.92799949645996,19.92799949645996,181000500,20190122,TSLA,20.15066719055176,19.92799949645996,0,0.2030073649289789,0.09850105464879694,0.359896038659281,0.016388931375729422,0.04606723519522824,0.01638916733443762,0.06076833362207914,0.01638894458272324,0.05329374367948175,0.049722219834685735,0.0631875247496041,0.01638944138897338,0.0,0.6369,0.24176000000000003
19.172666549682617,19.172666549682617,187950000,20190123,TSLA,19.92799949645996,19.172666549682617,0,0.1989495781646096,0.05650180832389847,0.0382325150672639,0.09496850288701732,0.0088827964957188,0.008882804985269667,0.0088828807031143,0.04404169145409387,0.0088831045768711,0.0824155701890273,0.39285693366387414,0.05650181348924083,-0.5719,0.75,0.08800000000000001
19.80266761779785,19.80266761779785,108744000,20190125,TSLA,19.43400001525879,19.80266761779785,1,0.07435752609986457,0.1324080623597876,0.021296448592304118,0.1712960908180525,0.06296329667553875,0.021296516507315733,0.2129614493176505,0.021296631623394697,0.1349017185317695,0.10462942760630045,0.02129650785887058,0.02129632400915042,0.0,0.8832,0.43598333333333333
19.7586669921875,19.7586669921875,96349500,20190128,TSLA,19.80266761779785,19.7586669921875,0,0.03472222222253045,0.03472222222246465,0.19616027896772603,0.20661696231126275,0.0347222222225264,0.03472222222251115,0.0347226500154989,0.03472222222249975,0.0347222222224632,0.0347222222224779,0.28472233092561283,0.0347222222224255,0.0,0.6249,0.31245
20.584667205810547,20.584667205810547,168754500,20190130,TSLA,19.83066749572754,20.584667205810547,1,0.2557867104292166,0.0196761432657709,0.3738425582925611,0.10300947088344994,0.0196760400255388,0.04745367694935905,0.0196760535296494,0.019676077609553276,0.019675925926145876,0.08217549123654448,0.019675925926098476,0.0196759259261116,-0.5994,0.2827,-0.174625
20.468000411987305,20.468000411987305,188538000,20190131,TSLA,20.584667205810547,20.468000411987305,0,0.014843157309683816,0.014843418359081718,0.23576284508272835,0.17416692252909402,0.014843274181365933,0.014842965037654915,0.014843158446385084,0.033375656396794816,0.17687971220233142,0.014843133323055833,0.27591287327961933,0.014842883852204234,0.0,0.9698,0.41773333333333335
20.81399917602539,20.81399917602539,109251000,20190201,TSLA,20.468000411987305,20.81399917602539,1,0.018092599134572285,0.06329740175892234,0.009931634314821984,0.1381246258073456,0.009931679766977843,0.009931696963956944,0.009931693312209944,0.009931665153866271,0.2255994734484827,0.030659949403544745,0.46463583294513383,0.0099317479901649,-0.34,0.875,0.20772857142857143
20.85933303833008,20.85933303833008,110281500,20190204,TSLA,20.81399917602539,20.85933303833008,1,0.020297645644533038,0.07029762059560746,0.020297639499396718,0.21447935020031256,0.020297639597528637,0.12935511381230244,0.02029785923671826,0.02029761904799256,0.26501449997863075,0.020297723030735022,0.17876942839992516,0.02029786095631676,-0.2023,0.8038,0.28428
21.14800071716309,21.14800071716309,75577500,20190206,TSLA,21.42333221435547,21.14800071716309,0,0.15129874517723182,0.11296310545672779,0.12627462493405023,0.012963198775828168,0.012962962963236934,0.040968795327118966,0.10734927928857368,0.012962962963212967,0.012963072142133767,0.012962962963193334,0.138598414052508,0.2577318759561839,0.0,0.1779,0.0593
20.500667572021484,20.500667572021484,97809000,20190207,TSLA,21.14800071716309,20.500667572021484,0,0.0569785734921379,0.04501087288127533,0.051086372001962345,0.03785879428967632,0.0140492409450476,0.014049368368011983,0.03785875140072075,0.014049285477096149,0.5201963866596396,0.014049286122355934,0.18076372083807038,0.014049347524005149,0.0,0.8885,0.3317333333333334
20.38666725158692,20.38666725158692,87663000,20190208,TSLA,20.500667572021484,20.38666725158692,0,0.011164558648592567,0.011164566850029133,0.14320729919189176,0.011164652521447266,0.10359795748212486,0.011164746053071634,0.011164813363844332,0.011164531296573868,0.011165112717105033,0.011164546955571099,0.6527120379331212,0.011165176986626666,-0.296,0.5267,0.07689999999999998
20.856000900268555,20.856000900268555,106945500,20190211,TSLA,20.38666725158692,20.856000900268555,1,0.10232932186792047,0.038475864802097505,0.01574859439351318,0.02614134094418187,0.0601171088933,0.09199955389237738,0.06309215817319495,0.0687787545898488,0.23435234379530037,0.07635399948115448,0.20686236584276785,0.01574859332434271,-0.3291,0.8947,0.43322727272727274
20.544666290283203,20.544666290283203,77124000,20190213,TSLA,20.78733253479004,20.544666290283203,0,0.015364265364497134,0.015364288096907467,0.15682301145359223,0.015364295971293166,0.06298331959046176,0.015364265364482701,0.04545154547753053,0.015364301294056366,0.42719339532857675,0.0153643710978411,0.19999867559634185,0.015364265364418333,-0.5023,0.7178,0.15516666666666667
20.251333236694336,20.251333236694336,78012000,20190214,TSLA,20.544666290283203,20.251333236694336,0,0.0375550432705311,0.16477458102049833,0.10212985535661505,0.1713501360523293,0.019036600075734333,0.019036625389029883,0.0982342423536645,0.10236996086531124,0.05706398694212964,0.09170970983652173,0.11770261628983593,0.01903664254779845,0.2023,0.765,0.4804833333333333
20.17066764831543,20.17066764831543,107131500,20190220,TSLA,20.375999450683597,20.17066764831543,0,0.18628130106467236,0.0159724473205997,0.4659719505233891,0.015972324787139332,0.015972233823297034,0.0159722222222947,0.20399627143172971,0.0159722224568328,0.01597222222228267,0.015972222222286434,0.0159723597032023,0.015972222222273232,0.0,0.0,0.0
19.415332794189453,19.415332794189453,133638000,20190221,TSLA,20.17066764831543,19.415332794189453,0,0.06976229031437009,0.04200729276317164,0.02602987537496612,0.028597911571634896,0.08067636643772687,0.07358703329485154,0.06783780127621465,0.05820035505433757,0.2272676032694302,0.033381934100548544,0.24572770330602886,0.04692383323671854,-0.5719,0.7964,0.12354210526315788
19.6473331451416,19.6473331451416,86109000,20190222,TSLA,19.415332794189453,19.6473331451416,1,0.035276981317535115,0.04669645068938884,0.031209377267405736,0.00898710970263058,0.09176477914020634,0.09445023454458978,0.10550452925100542,0.033987069466287385,0.34387480589376757,0.04998686409570976,0.14927471430544265,0.00898708432603034,-0.6082,0.3182,-0.14975999999999998
19.857332229614254,19.857332229614254,128737500,20190226,TSLA,19.917999267578125,19.857332229614254,0,0.3510854652623069,0.0187741362747117,0.0346471290786708,0.01877419809906913,0.042583576716362724,0.08425026476251372,0.018774131234795814,0.018774069795697085,0.07982061211507589,0.031761168380181,0.28198101700282197,0.01877423127779277,-0.4767,0.9538,0.3360142857142857
20.982667922973636,20.982667922973636,167758500,20190227,TSLA,19.857332229614254,20.982667922973636,1,0.023148212349324068,0.1342592474912019,0.1064815231020575,0.023148608214238402,0.10648125868191459,0.13425952688392592,0.106481150165811,0.10648147320121241,0.02314814814881803,0.1064812692824136,0.023148148148673598,0.10648143433040842,-0.3595,0.0,-0.2185
21.32533264160156,21.32533264160156,157810500,20190228,TSLA,20.982667922973636,21.32533264160156,1,0.019097501582630075,0.26909691734755975,0.20659720459876338,0.19448116088070275,0.08159721970195495,0.019097222222474324,0.019097713070188524,0.0190972222224644,0.0190972258705776,0.0520462107412997,0.08159715376314865,0.019097247998235325,0.0,0.3182,0.2216
19.652666091918945,19.652666091918945,343671000,20190301,TSLA,21.32533264160156,19.652666091918945,0,0.03927673563902832,0.061336422879977696,0.0832669087315267,0.18928311500480494,0.11228919185432823,0.014995443553138725,0.04182289446656155,0.014995690351619174,0.01499547445620545,0.014995440256909425,0.18691653225913488,0.22582615054676436,0.144,0.6369,0.389475
19.02400016784668,19.02400016784668,256452000,20190304,TSLA,19.652666091918945,19.02400016784668,0,0.4412969271566631,0.0069445881247788,0.0069445153458435,0.0069446990689752,0.006944444444767,0.0069444444447509,0.0069446214156695,0.0069446720896437,0.0069445271797645,0.1001355196826005,0.3960665895995737,0.006944451446969,-0.586,-0.586,-0.586
18.43600082397461,18.43600082397461,281470500,20190305,TSLA,19.02400016784668,18.43600082397461,0,0.0347222222224538,0.03472231504935905,0.36805320200127334,0.03472279810412945,0.0347222222224508,0.03472262558616645,0.0347224075801215,0.03472222264385475,0.03472222222240325,0.0347237629721086,0.2847217771733034,0.034722222222375046,-0.34,0.3612,0.010599999999999998
18.439332962036133,18.439332962036133,141637500,20190307,TSLA,18.416000366210938,18.439332962036133,1,0.0721076780654687,0.10761307559271795,0.15073685243185883,0.1909311644129782,0.011338230424725837,0.06267745951916655,0.09133286271025998,0.011338226731790638,0.07397440886609588,0.04436672285116509,0.15478222901415037,0.028801089379621513,-0.5709,0.9186,0.3450875
18.94266700744629,18.94266700744629,132294000,20190308,TSLA,18.439332962036133,18.94266700744629,1,0.01781752687178218,0.13413519273000613,0.05374483520017118,0.0674028225108735,0.046388879445594125,0.08199129560198778,0.01781765133465234,0.01781750591650514,0.11149935719545293,0.01781760876749782,0.41574986410781173,0.01781746031766466,0.0,0.7263,0.30558
19.39466667175293,19.39466667175293,110884500,20190311,TSLA,18.94266700744629,19.39466667175293,1,0.01736111111133335,0.5590275246461786,0.01736111111128915,0.0173611111113246,0.14236108518545346,0.01736111111131945,0.14236132962678666,0.01736111111131125,0.01736117165120245,0.01736111111129555,0.0173611111112474,0.0173611111112578,0.3818,0.4404,0.4111
18.89066696166992,18.89066696166992,112561500,20190312,TSLA,19.39466667175293,18.89066696166992,0,0.10143607209583987,0.4111830047616811,0.04785906113720497,0.01572205422693256,0.06334103213246038,0.015721956876301398,0.13257845646144964,0.04429327344977385,0.015721848493662,0.04429326455630511,0.028636317144021286,0.07921365866436732,-0.3802,0.0,-0.14517142857142856
19.263999938964844,19.263999938964844,102670500,20190313,TSLA,18.89066696166992,19.263999938964844,1,0.0277777777781022,0.02777955335501335,0.02777808346907195,0.027777777778089402,0.027778964564715403,0.02777777777808195,0.6944411763868081,0.02777777777806995,0.02777777777803145,0.027777777778047047,0.02777777777797675,0.027777777777991848,0.0,0.0,0.0
19.33066749572754,19.33066749572754,106551000,20190314,TSLA,19.263999938964844,19.33066749572754,1,0.06957963539479177,0.17873674712456858,0.20828274021775892,0.012070134721618933,0.012070148351554634,0.10205748669751559,0.0120704187485709,0.012070417786417034,0.0676256547702808,0.21179482490973892,0.10157168545691365,0.012070105820269766,-0.3612,0.0516,-0.09460000000000002
18.36199951171875,18.36199951171875,221782500,20190315,TSLA,19.33066749572754,18.36199951171875,0,0.0277777777791123,0.3611112751582367,0.0277777777788466,0.0277777777790597,0.0277777777790948,0.3611096017493185,0.0277791230823911,0.0277777777789793,0.027777777778821,0.027777777778885,0.0277777777785961,0.0277777777786583,0.0,0.0,0.0
18.26799964904785,18.26799964904785,89206500,20190321,TSLA,18.239999771118164,18.26799964904785,1,0.017857289071347298,0.017857743394187466,0.01785731538542627,0.32167837805147953,0.083083186775669,0.10119013055504274,0.10119060817007704,0.18452337181685577,0.017857142857629,0.017857142857658832,0.10119054820707334,0.017857142857553132,-0.296,0.6369,0.11363333333333335
17.635332107543945,17.635332107543945,131184000,20190322,TSLA,18.26799964904785,17.635332107543945,0,0.22687116810795838,0.01979183759348225,0.144792291757432,0.10312471442690972,0.019792496358743025,0.082291254298135,0.019791897670158976,0.06979186908940915,0.019791915565282824,0.12937762892927615,0.14479112685554382,0.01979179934766815,-0.2263,0.9787,0.4665
17.3613338470459,17.3613338470459,153225000,20190325,TSLA,17.635332107543945,17.3613338470459,0,0.0138896021530804,0.0138890493565886,0.013889201659632,0.0138888888892022,0.0138890072173439,0.0138888888891948,0.217694095220689,0.3990583249104735,0.013888888889144,0.0138888888891596,0.2582462750363873,0.0138888888891042,0.0,0.0,0.0
17.851333618164062,17.851333618164062,110263500,20190326,TSLA,17.3613338470459,17.851333618164062,1,0.04792926687545092,0.08959559427848557,0.16251249233078502,0.17006482963109415,0.10585205370599682,0.11411327487777788,0.06619551769475973,0.06876228152759388,0.03965866052869569,0.016679201192001177,0.10195754612086783,0.016679281236490876,-0.4497,0.9603,0.3385875
18.32200050354004,18.32200050354004,131688000,20190327,TSLA,17.851333618164062,18.32200050354004,1,0.0119047619051349,0.0119047952201175,0.5711799218814652,0.0119051364980663,0.01190476190513,0.0119047619051116,0.1669151281118965,0.0119047620563519,0.0119047695184618,0.1547616702513528,0.011904768841903,0.0119047619050081,0.807,0.807,0.807
18.57466697692871,18.57466697692871,101611500,20190328,TSLA,18.32200050354004,18.57466697692871,1,0.1805555085406362,0.0138889088105637,0.1985246466962252,0.0138888888892068,0.0138890786921271,0.0138890045849658,0.0138897914659685,0.0138891459951454,0.0138888888891477,0.4959180015432207,0.0138891731815714,0.0138889627112207,0.5326,0.5326,0.5326
18.65733337402344,18.65733337402344,89869500,20190329,TSLA,18.57466697692871,18.65733337402344,1,0.0625001686266803,0.10940791757608408,0.0319942781624298,0.012500066055779361,0.01250009758497074,0.01250004925103464,0.3585115002000014,0.01250010348540676,0.05255606818856656,0.06559191193861483,0.21583305130984626,0.053604787620584717,0.1027,0.8689,0.49432
19.27866744995117,19.27866744995117,121656000,20190401,TSLA,18.65733337402344,19.27866744995117,1,0.018750002667016652,0.0187504964883934,0.281042047474942,0.018750326305854,0.1393919628831986,0.1437498176246802,0.16081551969851032,0.14374933890954625,0.01875000000029465,0.01875000000031275,0.01875048794700205,0.0187500000002487,0.0,0.442,0.221
19.058666229248047,19.058666229248047,82183500,20190402,TSLA,19.27866744995117,19.058666229248047,0,0.0208333333336292,0.0208334978412673,0.0208333333335704,0.0208335260457771,0.02083430251023,0.0208333333336107,0.0208333333335725,0.0208333333335998,0.0208336592581494,0.0208333333335789,0.7708316810094856,0.0208333333335286,0.4588,0.4588,0.4588
19.45400047302246,19.45400047302246,118791000,20190403,TSLA,19.058666229248047,19.45400047302246,1,0.06537693826369474,0.1391513969964374,0.11730142064169077,0.15229520729871387,0.14873016823348442,0.020158796771151642,0.048730153234022945,0.02015873533841072,0.2276207555156425,0.02015887536692764,0.0201588035181655,0.02015874882165724,0.0,0.7422,0.28432
17.851999282836914,17.851999282836914,355810500,20190404,TSLA,19.45400047302246,17.851999282836914,0,0.02000029630845476,0.14167323563951623,0.2630739720016202,0.02000092678266286,0.0200000461421917,0.06394197306188888,0.15298256477161026,0.058326573785730064,0.02000004178444392,0.10000006170794835,0.12000029797094336,0.020000010042989003,0.0,0.8591,0.42112
18.33066749572754,18.33066749572754,195574500,20190405,TSLA,17.851999282836914,18.33066749572754,1,0.01569457015624445,0.058273759496087485,0.15453795604810705,0.01569447009136625,0.01569450812569605,0.06973330438042927,0.28497603228434054,0.09069443509225884,0.21830471386441289,0.03236119188853151,0.01569468334225809,0.02834037523026705,-0.4215,0.5106,0.12683
18.21333312988281,18.21333312988281,156156000,20190408,TSLA,18.33066749572754,18.21333312988281,0,0.012070458265497267,0.05968933214783576,0.012070629428175899,0.0120702554871494,0.012070598355313834,0.012070426890456433,0.7303213583640836,0.012070146363184833,0.05373638110477819,0.059689344651205234,0.012070753731732033,0.012070315210586833,-0.0258,0.0516,0.0086
18.15399932861328,18.15399932861328,88560000,20190409,TSLA,18.21333312988281,18.15399932861328,0,0.216987884877148,0.2494961800459547,0.013888983215937,0.4085146963020613,0.0138888888891641,0.0138888888891504,0.0138892713667325,0.0138890169839507,0.0138894065335001,0.0138888888891204,0.0138889795248032,0.0138889144824774,0.0,0.0,0.0
18.40399932861328,18.40399932861328,105919500,20190410,TSLA,18.15399932861328,18.40399932861328,1,0.1954485119894799,0.01896408733110675,0.018963697326340727,0.018963675214203626,0.04107318361188018,0.1322128550960235,0.018964001465033,0.10561226045481377,0.24287893834459456,0.16899039089647194,0.0189646387533887,0.018963759516662924,-0.296,0.4019,0.017625000000000002
17.84666633605957,17.84666633605957,101190000,20190412,TSLA,17.89466667175293,17.84666633605957,0,0.01722222222271096,0.1758907006294055,0.057222337506370055,0.15984776144454532,0.09348507092208483,0.06722224933897658,0.1529990931288439,0.0172223543430084,0.11722148960472216,0.05722224369150432,0.06722225137686147,0.01722222579096596,-0.2732,0.4939,0.20882
17.7586669921875,17.7586669921875,150579000,20190415,TSLA,17.84666633605957,17.7586669921875,0,0.00974032349861515,0.00974028480798005,0.00974060142905855,0.08262964911885669,0.00974026917530885,0.009740298079380351,0.3654220721323376,0.0097407425291843,0.1541223078727993,0.056383292264884,0.27325987185519,0.00974028723640455,0.296,0.3612,0.3286
18.224000930786133,18.224000930786133,109093500,20190416,TSLA,17.7586669921875,18.224000930786133,1,0.01805569641375005,0.01805555555615805,0.06920585515582965,0.24516336386736706,0.3513876951834854,0.0180555555562734,0.018055700708950698,0.06805552717585735,0.13979793364098025,0.01805555555619095,0.0180557733583324,0.0180557878268243,0.296,0.6284,0.46219999999999994
17.516666412353516,17.516666412353516,182206500,20190422,TSLA,18.21733283996582,17.516666412353516,0,0.0173611111119508,0.01736162738476285,0.4340245664686622,0.1664930582679191,0.24322948301870506,0.0173612731357114,0.01736118185233535,0.01736111118563795,0.017361111111767698,0.017361111111808148,0.01736290361425855,0.01736146173648035,0.0,0.6114,0.3057
17.593332290649414,17.593332290649414,164158500,20190423,TSLA,17.516666412353516,17.593332290649414,1,0.04577627454528709,0.05823600047723465,0.19363537547210624,0.04608017717124473,0.03323609858208785,0.043818849354715556,0.11912694152289398,0.11579253489873705,0.05406942816644552,0.07366054296143429,0.1999983128815492,0.016569463966263263,-0.9638,0.7003,-0.17427
17.243999481201172,17.243999481201172,160912500,20190424,TSLA,17.593332290649414,17.243999481201172,0,0.01876271546005294,0.10781586029852101,0.10209592550646777,0.05615280694024914,0.24545263779214813,0.01876244156471665,0.059681820961113186,0.01876240079400511,0.018762414942097287,0.08126234122102957,0.21876221387642703,0.05372642064317153,0.0,0.3182,0.1021125
16.5086669921875,16.5086669921875,327741000,20190425,TSLA,17.243999481201172,16.5086669921875,0,0.24007917824791525,0.17761952347273735,0.017857203355392866,0.017857183976615433,0.23711709716073462,0.017857142857368568,0.0922321664920497,0.017857340252005232,0.017857142857331098,0.08033236310700403,0.0654763991331538,0.017857259087691535,0.0,0.0,0.0
15.675999641418455,15.675999641418455,335410500,20190426,TSLA,16.5086669921875,15.675999641418455,0,0.0138893168915528,0.0138888888890068,0.0138888888890089,0.0138892554831847,0.0138888888890368,0.0138888888890294,0.8472214262365549,0.0138888888890238,0.0138888902766194,0.0138888888890132,0.0138888888889808,0.0138888888889878,0.807,0.807,0.807
16.097999572753906,16.097999572753906,250717500,20190429,TSLA,15.675999641418455,16.097999572753906,1,0.13611132066016096,0.0709148395710828,0.07547418418106698,0.13611110212282232,0.03611139165320694,0.2286102723272661,0.03611118969797074,0.03611111111141254,0.03611112972652638,0.13611118361512706,0.03611113308764796,0.036111142245708716,0.0,0.8481,0.16962
15.912667274475098,15.912667274475098,141969000,20190430,TSLA,16.097999572753906,15.912667274475098,0,0.0277777777778279,0.0277777777778172,0.6944444444439793,0.0277777777778259,0.0277777777778273,0.0277777777778248,0.0277777777778183,0.0277777777778229,0.027777777777817,0.0277777777778194,0.0277777777778085,0.0277777777778109,-0.7351,-0.7351,-0.7351
17.022666931152344,17.022666931152344,162508500,20190506,TSLA,17.00200080871582,17.022666931152344,1,0.10509268768725616,0.021759467787544267,0.1884259502331241,0.2884249547053985,0.021759406052635297,0.021759620130004733,0.02175925925956093,0.0217593969867115,0.13287103286842358,0.021759639675327666,0.1328693253545071,0.02175925925950557,0.0,0.4404,0.1468
16.470666885375977,16.470666885375977,151971000,20190507,TSLA,17.022666931152344,16.470666885375977,0,0.06347206093274275,0.023472561025855522,0.1611871295216662,0.21415188093245327,0.06007722267813955,0.02347223352457846,0.02347242474712098,0.0901389458872482,0.02347223548586504,0.12347209482277673,0.10347223113371776,0.09013897930783497,-0.5423,0.34,0.0335
16.32266616821289,16.32266616821289,92646000,20190508,TSLA,16.470666885375977,16.32266616821289,0,0.09509439027015432,0.014261358046168501,0.3242142829739889,0.014260927887157125,0.014260934109697301,0.014260912698749875,0.18368476652778454,0.05592767549834068,0.014261168504220925,0.01426094089447795,0.2412514980739888,0.014261144515270649,0.0,0.4404,0.299725
16.131999969482422,16.131999969482422,100671000,20190509,TSLA,16.32266616821289,16.131999969482422,0,0.17757930563721894,0.03472230643177342,0.24189099617947246,0.034722264936781586,0.0347223011302925,0.03472222222244258,0.19660045887911307,0.10615106895842945,0.034722222222406,0.034722327861895975,0.03472229379951285,0.03472223174066067,-0.3818,0.7906,0.1006857142857143
15.968000411987305,15.968000411987305,105124500,20190510,TSLA,16.131999969482422,15.968000411987305,0,0.16297627512763138,0.018611524414431122,0.330622063512551,0.15889932111397298,0.018611309547457818,0.05861143902169461,0.06861133096723945,0.01861127932442678,0.01861123757115278,0.10861102817267984,0.01861141423868768,0.01861177698807402,-0.5994,0.7003,-0.16946
15.487333297729492,15.487333297729492,108786000,20190514,TSLA,15.133999824523926,15.487333297729492,1,0.017708436288864825,0.017708333333470876,0.08020837326652727,0.017708557917146324,0.16699372087943312,0.042708492939107626,0.27859727102782134,0.05937498878384977,0.14086691194466175,0.1427081168157237,0.017708463469944126,0.017708333333448727,0.0,0.5256,0.22169999999999998
15.463333129882812,15.463333129882812,109440000,20190515,TSLA,15.487333297729492,15.463333129882812,0,0.5208329884560894,0.0208334132923482,0.0208335026825005,0.0208333333340767,0.020833333334097,0.2708331637458819,0.0208333333339589,0.0208333333340302,0.0208335984853889,0.0208333333339756,0.0208333333338081,0.0208333333338441,0.0,0.0,0.0
15.222000122070312,15.222000122070312,112249500,20190516,TSLA,15.463333129882812,15.222000122070312,0,0.02583713238087128,0.09401653791298159,0.025837078817754402,0.11840495637000807,0.025837011019544453,0.22576993756188465,0.10917027444332926,0.02583708466224385,0.1476025752697621,0.15001359731156938,0.025836919662943967,0.0258368945871066,0.0,0.8883,0.36003333333333337
14.0686674118042,14.0686674118042,266800500,20190517,TSLA,15.222000122070312,14.0686674118042,0,0.012610229277348733,0.012610428595862234,0.07927731179472547,0.012610282329499666,0.2945552213066867,0.06022930892569,0.06022938046324596,0.07927681850597507,0.07927691795374693,0.012610263192834167,0.09362778966850273,0.20308604798588178,-0.7269,0.0,-0.3622
13.67199993133545,13.67199993133545,270058500,20190521,TSLA,13.690667152404783,13.67199993133545,0,0.021759407460989002,0.24398090405587636,0.021759591255169335,0.021759348460778632,0.15509053335002246,0.021759906249510064,0.021760791316323868,0.18842485071440537,0.021759275321952532,0.10509376173181673,0.1550923515753305,0.021759278507824702,-0.2263,0.25,0.0672
12.84866714477539,12.84866714477539,280278000,20190522,TSLA,13.67199993133545,12.84866714477539,0,0.0083333466305504,0.0083333333335837,0.0083333770568124,0.0083335668147527,0.0083334696918047,0.0083341647539339,0.0083333624553579,0.00833333333362,0.6607830315526244,0.0083333333335975,0.2558823089458473,0.0083333720975146,-0.4754,-0.4754,-0.4754
13.03266716003418,13.03266716003418,398206500,20190523,TSLA,12.84866714477539,13.03266716003418,1,0.10218043632109347,0.014496032582799284,0.023035002135101016,0.04360404093677917,0.0711201587317898,0.03942998949238525,0.06841746779675725,0.04826845777678505,0.19563246853194363,0.02058620003788266,0.3587337280544367,0.014496017602246176,-0.5221,0.7184,0.1090764705882353
12.708666801452637,12.708666801452637,212049000,20190524,TSLA,13.03266716003418,12.708666801452637,0,0.20238635091807045,0.025930959914126108,0.07230106603452575,0.12285466566265288,0.017418672843549362,0.1279554494970279,0.0413488034771081,0.09737356156924627,0.04014596458293156,0.03596930050901284,0.13829082155087924,0.07802438344086907,-0.2714,0.6705,0.2251090909090909
12.579999923706056,12.579999923706056,154693500,20190528,TSLA,12.708666801452637,12.579999923706056,0,0.0277781205831029,0.0277777777783509,0.0277777777783613,0.0277777777784775,0.0277777777784968,0.3611106847853754,0.3611111946261881,0.0277777777784339,0.0277777777783474,0.0277777777783823,0.0277777777782246,0.0277777777782585,0.8225,0.8225,0.8225
12.657333374023438,12.657333374023438,179529000,20190529,TSLA,12.579999923706056,12.657333374023438,1,0.023148228740635334,0.023148382013424732,0.18964507684901802,0.13425965668934461,0.06388750654872477,0.023148872497713666,0.023148650531851833,0.1492439373055792,0.1898140055891917,0.1342592577911705,0.023148253868102302,0.023148171575242835,-0.7579,0.1531,-0.39223333333333327
12.54800033569336,12.54800033569336,118897500,20190530,TSLA,12.657333374023438,12.54800033569336,0,0.012770401653400418,0.03128897293624835,0.146103244017839,0.03547450196725591,0.0127701787864693,0.07948028097813965,0.054285415592534435,0.08598922183552003,0.01277019621777035,0.01277017662512455,0.4890272524963295,0.027270156893367897,-0.7906,0.8934,0.24021666666666666
12.343999862670898,12.343999862670898,156100500,20190531,TSLA,12.54800033569336,12.343999862670898,0,0.01812169312214858,0.239549922661415,0.01812183603676954,0.0181217721595709,0.168121646235667,0.01812179238781294,0.08478873937313366,0.01812173580482134,0.040343913724397676,0.11812154928748864,0.24034364852584716,0.018121750680926963,-0.25,0.4588,0.11664
11.9313325881958,11.9313325881958,195966000,20190603,TSLA,12.343999862670898,11.9313325881958,0,0.0138894162981809,0.3005322640844486,0.0138898493339851,0.0138890603755534,0.0138888888890861,0.0138889496501941,0.5605767132778611,0.0138888893089887,0.0138888888890451,0.0138888888890547,0.0138893021145811,0.0138888888890208,0.0,0.0,0.0
12.90666675567627,12.90666675567627,207112500,20190604,TSLA,11.9313325881958,12.90666675567627,1,0.32658708640473255,0.01408758922721085,0.2283729945794952,0.03492074683612817,0.06408735883323538,0.12091213846371601,0.06783047531260518,0.014087417168194375,0.0140873395651609,0.0140874466218021,0.08685208932409255,0.0140873176636261,-0.1531,0.0516,-0.025375
13.105999946594238,13.105999946594238,202662000,20190605,TSLA,12.90666675567627,13.105999946594238,1,0.2589431751378339,0.5743885911355677,0.0166666666865203,0.0166666666668248,0.0166666666668292,0.016666666666821,0.0166674183465594,0.0166668178562476,0.0166670236216348,0.0166666666668033,0.0166669436738096,0.0166666968745476,0.0,0.0,0.0
14.19200038909912,14.19200038909912,158775000,20190610,TSLA,13.633333206176758,14.19200038909912,1,0.0222222316589786,0.02222231500032655,0.22222270781013803,0.022222295786762075,0.022222456310639002,0.02222225547054895,0.022222237761024048,0.07222221682701335,0.02222239081049095,0.18888827206538963,0.33888839159835704,0.0222222289003313,0.4201,0.7959,0.537575
14.473333358764648,14.473333358764648,174802500,20190611,TSLA,14.19200038909912,14.473333358764648,1,0.08352802428859805,0.0133931949250491,0.01339286880333275,0.2508513734998689,0.0133928935624084,0.04910708039941705,0.01339296723217765,0.26339287177468174,0.06294210407951764,0.08482129240924431,0.01339286297991845,0.1383924660457856,-0.6486,-0.4939,-0.57125
13.95066738128662,13.95066738128662,227962500,20190612,TSLA,14.473333358764648,13.95066738128662,0,0.0222223810033386,0.0222222920016242,0.4222202727889343,0.022222458325083252,0.02222222222233175,0.022222222222326247,0.0222224290728202,0.022222222335397848,0.022222222222309,0.0222222222223143,0.022223594819831903,0.35555546076368777,0.1531,0.5719,0.3625
14.260666847229004,14.260666847229004,122524500,20190613,TSLA,13.95066738128662,14.260666847229004,1,0.10168368134969502,0.019444758811001966,0.09578918596352097,0.2526873053209131,0.18610977248354688,0.10277782063405277,0.019444999144824334,0.10286733116725527,0.019444444444814,0.019444774367474132,0.06086083476781581,0.019445091545085332,0.0,0.7269,0.3627
14.32800006866455,14.32800006866455,111501000,20190614,TSLA,14.260666847229004,14.32800006866455,1,0.010185203806272301,0.07685149173445284,0.0101852733714155,0.23497638721561478,0.17472026144714184,0.010185194284921132,0.23892115239982067,0.0101852230676166,0.0101852424362851,0.010185372829498334,0.14351841205172033,0.06990078535523993,0.0,0.6249,0.3355666666666666
15.001999855041504,15.001999855041504,184752000,20190617,TSLA,14.32800006866455,15.001999855041504,1,0.0344444795548898,0.0344446009362636,0.0344444613194509,0.0344444444449854,0.07444460185382876,0.034444628076242455,0.16777702429922514,0.07898430540311205,0.26990436144342317,0.13444419750570122,0.06777779711377403,0.034445098049103076,-0.1511,0.25,0.01978
14.982666969299316,14.982666969299316,190737000,20190618,TSLA,15.001999855041504,14.982666969299316,0,0.0277785080622622,0.0277777777783555,0.027777777778366,0.0277777777784831,0.0277777777785025,0.0277783366084969,0.3611105068096505,0.3611104262926533,0.0277777777783519,0.0277777777783872,0.0277777777782281,0.0277777777782624,0.0,0.0,0.0
15.095333099365234,15.095333099365234,98626500,20190619,TSLA,14.982666969299316,15.095333099365234,1,0.015211691832490274,0.30902414544443396,0.15893442997106721,0.015211958322650826,0.1260132430192516,0.09854499368796173,0.015212186646864901,0.01521167785755995,0.015211666687552226,0.12881604300510216,0.05550304250889925,0.047104921016165376,-0.8402,0.2023,-0.15947499999999998
14.641332626342772,14.641332626342772,177952500,20190620,TSLA,15.095333099365234,14.641332626342772,0,0.01527777884332875,0.015278521309775549,0.015278065727460249,0.015278047305523899,0.10573217487070516,0.49860929502843304,0.2581564079573393,0.0152777780743274,0.015277777778054601,0.015277777778071601,0.01527779561812915,0.015278579708850552,-0.0865,0.2023,0.05790000000000001
14.790666580200195,14.790666580200195,123031500,20190621,TSLA,14.641332626342772,14.790666580200195,1,0.018783236013064534,0.5076702847272445,0.1623387647650238,0.0187833643790504,0.08804687231053764,0.018783403448715565,0.018783267020396933,0.018784060429104632,0.01878307439785737,0.0187833803839343,0.09167719493397253,0.018783097191097234,0.0,0.7263,0.45439999999999997
14.90933322906494,14.90933322906494,86262000,20190624,TSLA,14.790666580200195,14.90933322906494,1,0.07106552256310966,0.07148503138880791,0.1318268498081827,0.05582979083902956,0.02966641653509069,0.061098555474076,0.05926369716802372,0.042779456605502156,0.19495766840281137,0.021961655623052707,0.24345130939307846,0.01661404619923459,-0.5994,0.802,0.15387647058823528
14.650667190551758,14.650667190551758,92731500,20190625,TSLA,14.90933322906494,14.650667190551758,0,0.053371044555063196,0.0176094827436988,0.07686238179870117,0.03760947047864593,0.050942778561359724,0.11944577176589302,0.01760944641389245,0.026700437812147138,0.25103877654496415,0.050942701755969266,0.24692493232144858,0.050942775248216,-0.0772,0.8777,0.24767
14.618000030517578,14.618000030517578,127608000,20190626,TSLA,14.650667190551758,14.618000030517578,0,0.10908064527050976,0.04350519654778959,0.04350552409637518,0.05100537509447215,0.04967685506462875,0.07327899271287756,0.030172036158495962,0.01350535719591756,0.22710593967883058,0.03231878945064402,0.28833990597172204,0.03850538275773642,-0.5267,0.4404,-0.05010000000000001
14.855999946594238,14.855999946594238,95095500,20190627,TSLA,14.618000030517578,14.855999946594238,1,0.22855574379620294,0.01686508528972445,0.09970372111303612,0.1716515183606707,0.06754857435757865,0.016865079365420175,0.0168654262047944,0.05853175477995268,0.05853168169490615,0.016865107192510498,0.23115122847988337,0.0168650793653193,-0.7227,0.1779,-0.10435
14.897333145141602,14.897333145141602,102771000,20190628,TSLA,14.855999946594238,14.897333145141602,1,0.019444444444941467,0.0194446085938772,0.019444727759686403,0.08730544285106641,0.11587470141154393,0.019444533628205366,0.38491633457503954,0.019444470374004933,0.1027777917402178,0.0896807320950355,0.019444505757685332,0.10277770676869558,0.0,0.6705,0.3937
15.14466667175293,15.14466667175293,123201000,20190701,TSLA,14.897333145141602,15.14466667175293,1,0.0119047619048487,0.0119047619048302,0.1547612748850569,0.0119048381046252,0.7261903880810844,0.0119047619048433,0.0119051437203472,0.01190476190484,0.0119047931994422,0.0119047619048339,0.0119049842634286,0.011904768221819,0.296,0.296,0.296
14.970000267028809,14.970000267028809,138885000,20190702,TSLA,15.14466667175293,14.970000267028809,0,0.019676040194870636,0.19467237592503928,0.1307871153775604,0.304653937158807,0.0196759259264685,0.13078773663839974,0.10136723467245994,0.019675926008651732,0.0196759265474693,0.019675925926382135,0.019675929697602065,0.019675925926288734,0.2023,0.8118,0.4848333333333333
15.65999984741211,15.65999984741211,213016500,20190703,TSLA,14.970000267028809,15.65999984741211,1,0.046064858642975125,0.09693359125209794,0.5331842962880058,0.010350638766595751,0.010350631096086475,0.010350614579575274,0.041912064751196326,0.010350623771153124,0.038128315554917004,0.038815960423937076,0.1532078334065817,0.010350571466877975,0.6249,0.8591,0.744775
15.355999946594238,15.355999946594238,88207500,20190708,TSLA,15.539999961853027,15.355999946594238,0,0.027027976463159468,0.09373535202695976,0.19358544609764866,0.04793064618942993,0.07095132145706336,0.03018080656903531,0.21877787203939902,0.027974437643548986,0.08956604145312445,0.06300507945238445,0.12295718290331077,0.014307837704935199,-0.2263,0.7498,0.16612222222222223
15.337332725524902,15.337332725524902,92862000,20190709,TSLA,15.355999946594238,15.337332725524902,0,0.011441858625467476,0.3923388126916044,0.0114420793965069,0.01144186602372395,0.04715605003249272,0.14859099678331653,0.09457526555489854,0.011441844177426875,0.04081746408320755,0.05205509997590475,0.16725686133209475,0.011441801323354974,-0.6705,0.6808,0.149675
15.928000450134276,15.928000450134276,137185500,20190710,TSLA,15.337332725524902,15.928000450134276,1,0.0138890885760005,0.27661909953837077,0.01388942297867775,0.013889523673363099,0.0138890330731916,0.15850907899076155,0.01388926366105315,0.0138889551620486,0.0138888888890428,0.01388914137739515,0.2859342252019898,0.1678242788781047,0.0,0.6997,0.34985
15.90666675567627,15.90666675567627,112716000,20190711,TSLA,15.928000450134276,15.90666675567627,0,0.0104175042932579,0.010416666667005,0.0104170893019364,0.0104166791252476,0.0104166666670911,0.0104166666670699,0.0104168403212366,0.010416666667054,0.1354164188646896,0.0104169198037734,0.635415391311901,0.1354164903097371,0.8309,0.8309,0.8309
16.338666915893555,16.338666915893555,138007500,20190712,TSLA,15.90666675567627,16.338666915893555,1,0.0166673788538165,0.016666885788327902,0.016666773630126818,0.0166666666669668,0.05666682265882472,0.03875516306536688,0.01666703192484336,0.016666916184913,0.28666641318429775,0.06935098994366538,0.43189224610139537,0.01666671199745496,-0.191,0.8834,0.21885999999999997
16.825332641601562,16.825332641601562,122235000,20190716,TSLA,16.899999618530273,16.825332641601562,0,0.07290101162408219,0.15712747633714963,0.15337862491285442,0.05110207902348982,0.013906726583268022,0.013906722952204055,0.22631424611094658,0.06390675006245568,0.013906708051365334,0.11946218785301574,0.08529762150988673,0.0287898449792813,-0.1531,0.6808,0.23754444444444445
16.99066734313965,16.99066734313965,146470500,20190717,TSLA,16.825332641601562,16.99066734313965,1,0.0166666666670938,0.0166670710772919,0.0166666666670088,0.0166666666670769,0.0166666666670882,0.0166666666670671,0.4166663557972682,0.216666666493578,0.0166666666670007,0.0166666666670212,0.2166665732955563,0.0166666666669485,0.3818,0.3818,0.3818
16.902666091918945,16.902666091918945,71379000,20190718,TSLA,16.99066734313965,16.902666091918945,0,0.09361637906044934,0.09106718444900372,0.1600297681786792,0.1454214526772949,0.034152602926065055,0.047129200919402,0.06223352821576671,0.01331961602296805,0.013319280471452975,0.20381761802396922,0.12257413168612169,0.013319237368826637,-0.8316,0.9493,0.0759875
17.211999893188477,17.211999893188477,105726000,20190719,TSLA,16.902666091918945,17.211999893188477,1,0.099841665764512,0.01388907926932845,0.34460270919456754,0.0138889140642779,0.1248666182166605,0.01388890476665145,0.013889231280619651,0.0138889313822052,0.3195771580674117,0.013888898439231651,0.01388899217510415,0.01388889737942935,0.0,0.0,0.0
17.045333862304688,17.045333862304688,102636000,20190722,TSLA,17.211999893188477,17.045333862304688,0,0.12526253279654018,0.0705247030386327,0.020525103836208355,0.10467508035598325,0.04274689584870308,0.048613027529421544,0.020524706198155367,0.04274691930481727,0.1390434057940967,0.020524903595796354,0.3442879789890894,0.020524742712555156,0.0,0.6249,0.12093333333333334
17.658666610717773,17.658666610717773,166092000,20190724,TSLA,17.344667434692383,17.658666610717773,1,0.02083337810209415,0.18749930600442755,0.18750001825158455,0.2708327880689605,0.02083339453573325,0.0208339602709966,0.0208338396856767,0.0208333333338152,0.18749998174558552,0.0208333333337774,0.02083333333366155,0.02083333333368645,0.0,0.1531,0.07655
15.254667282104492,15.254667282104492,336274500,20190725,TSLA,17.658666610717773,15.254667282104492,0,0.09652782865887367,0.013194618486327326,0.01319458120816075,0.13492232171871255,0.013194604810333525,0.013194589569326124,0.013194573189609225,0.0131946416428158,0.34192201405329925,0.08508413796821887,0.24918164424970868,0.0131944444446138,-0.4215,0.7906,0.182575
15.202667236328123,15.202667236328123,150415500,20190726,TSLA,15.254667282104492,15.202667236328123,0,0.020833713861625098,0.1319444577507945,0.020833605263993832,0.02083353074906567,0.020833400644004768,0.0208334586860789,0.2986104153782588,0.020833350258251736,0.2708327577544915,0.020833398816688265,0.13194457750313385,0.020833333333612633,0.0,0.8118,0.2706
15.718000411987305,15.718000411987305,139099500,20190729,TSLA,15.202667236328123,15.718000411987305,1,0.0138889464738564,0.0138890094939236,0.013888903368327,0.450557161474709,0.0138888888891651,0.0138888888891513,0.0138889177438728,0.013888997187083,0.0138888888891077,0.0138888888891211,0.4105534480534021,0.0138890606482804,0.2732,0.2732,0.2732
16.150667190551758,16.150667190551758,121635000,20190730,TSLA,15.718000411987305,16.150667190551758,1,0.0104169914521736,0.205505728552821,0.0104171360916399,0.1403329104776497,0.0104167328970225,0.0104168360381545,0.5604095772586883,0.0104166666668314,0.0104166666668098,0.0104166666668185,0.0104174205646028,0.0104166666667874,0.4215,0.4215,0.4215
16.107332229614258,16.107332229614258,137673000,20190731,TSLA,16.150667190551758,16.107332229614258,0,0.0119050107243392,0.0119053784987628,0.0119047619048437,0.6186892013755633,0.0119047619048627,0.0119057098505135,0.0119047945093636,0.0119049195314109,0.2622602306739133,0.011905069897365,0.0119053992242324,0.0119047619048293,0.3089,0.3089,0.3089
15.59000015258789,15.59000015258789,123892500,20190801,TSLA,16.107332229614258,15.59000015258789,0,0.011342618671187334,0.011342603194684801,0.2528503703035825,0.09599736977671536,0.0113429581856652,0.19864578592400842,0.011342932591460466,0.0113426447005442,0.07009836586755673,0.07138690201316476,0.0113428191445864,0.24296462962684343,0.0,0.6369,0.3905
15.221332550048828,15.221332550048828,105424500,20190805,TSLA,15.62266731262207,15.221332550048828,0,0.0075757969456222,0.0075757575759125,0.0075757575759154,0.2785991531811578,0.0075758324620206,0.0075762601171105,0.2395036876828172,0.007575757575935,0.0075764133438879,0.0984847250453624,0.3228051009183706,0.0075757575758876,0.7749,0.7749,0.7749
15.383333206176758,15.383333206176758,83463000,20190806,TSLA,15.221332550048828,15.383333206176758,1,0.05707065790676034,0.12373734106568705,0.05707056223856775,0.05707077140436569,0.0170708709630285,0.13707070070158717,0.15820786991670258,0.057070622029170584,0.2206374743029027,0.01707079046010426,0.08085163100346848,0.01707070800765444,0.0,0.9387,0.5619799999999999
15.56133270263672,15.56133270263672,71647500,20190807,TSLA,15.383333206176758,15.56133270263672,1,0.0208333333337244,0.02083391590265435,0.02083333333364655,0.0208336659006271,0.0208333758794831,0.2708330489624641,0.0208333333336494,0.0208333333336855,0.18750018720176076,0.1874992532461357,0.18749988623857705,0.02083333333359145,-0.1531,0.0,-0.07655
15.886667251586914,15.886667251586914,79114500,20190808,TSLA,15.56133270263672,15.886667251586914,1,0.048744343306319333,0.008642070936875799,0.3027834223913749,0.23772589161879135,0.008642049074545065,0.08605432263868258,0.008642134913093834,0.04197532100091367,0.008642005113355467,0.23086407733924297,0.008642187403062133,0.008642174263742433,0.7503,0.9052,0.8323666666666667
15.667332649230955,15.667332649230955,58473000,20190809,TSLA,15.886667251586914,15.667332649230955,0,0.015910682681756733,0.18763498061888084,0.061221598727200253,0.08549046084768802,0.1070497380260517,0.051261626972912505,0.17983789646839762,0.024243892824865627,0.044409304686986575,0.03757721713749727,0.1701825552727188,0.03518004573504358,-0.3182,0.9022,0.19552666666666668
14.37600040435791,14.37600040435791,122394000,20190815,TSLA,14.641332626342772,14.37600040435791,0,0.06076376062823765,0.28992717144222524,0.019097399268352574,0.019097309617397952,0.0190973153190648,0.10243094711133871,0.0784397559301363,0.06392407868089157,0.019097407357277475,0.019097427514598926,0.2899302049081135,0.019097222222364874,-0.3595,0.6705,0.195325
14.662667274475098,14.662667274475098,76477500,20190816,TSLA,14.37600040435791,14.662667274475098,1,0.0277777777781877,0.0277777777781002,0.0277780107484153,0.0277777777781714,0.0277777777781823,0.027777777778162,0.027777777778109,0.6944441687293988,0.0277778205190774,0.0277777777781179,0.0277777777780291,0.0277777777780483,0.0,0.0,0.0
15.121999740600586,15.121999740600586,79644000,20190819,TSLA,14.662667274475098,15.121999740600586,1,0.0208333333346418,0.0208333333343627,0.0208333333343815,0.020833719745224,0.0208333333346249,0.2708331232823002,0.2708332673543062,0.2708332229430501,0.0208333333343565,0.0208333333344192,0.0208333333341359,0.020833333334197,0.0,0.0,0.0
15.057332992553713,15.057332992553713,61878000,20190820,TSLA,15.121999740600586,15.057332992553713,0,0.0376147295917914,0.1789438022763068,0.03844734436801049,0.062311370002037306,0.09674582431172882,0.040079438318605796,0.051026340161785685,0.01341273861353878,0.01341316842403785,0.02341282449219547,0.42117969045474196,0.02341272898521913,0.0,0.8777,0.34018
14.333333015441896,14.333333015441896,75778500,20190826,TSLA,14.09333324432373,14.333333015441896,1,0.0194444444446185,0.019444481750841066,0.019444444444583864,0.019444463025141,0.41968828463957886,0.019444444444607634,0.019444607527497933,0.019445390232770567,0.13586739623898636,0.019444683346250897,0.2694429154605635,0.019444444444559266,0.0,0.2382,0.0794
14.272000312805176,14.272000312805176,81243000,20190827,TSLA,14.333333015441896,14.272000312805176,0,0.024305555555751653,0.024305555555709825,0.024305555555712625,0.08680563599536856,0.1659354275838629,0.02430557386753715,0.02430555555571405,0.19097197958530387,0.2368427444339298,0.024305555555718325,0.14930526105794892,0.02430559969744185,0.0,0.0,0.0
14.37266731262207,14.37266731262207,48382500,20190828,TSLA,14.272000312805176,14.37266731262207,1,0.021701388889275676,0.052951420507587124,0.06336803979922455,0.021701418924648275,0.2200917364560421,0.061938769444349825,0.021701509374038,0.02170153403322935,0.2622400449542342,0.021701435806648225,0.20920131056780306,0.021701391242919175,0.0,0.2023,0.050575
15.000666618347168,15.000666618347168,80311500,20190903,TSLA,15.040666580200195,15.000666618347168,0,0.2190313459041644,0.0166674682069999,0.0166683660024494,0.4140814823497056,0.016666666667036,0.0166666666670175,0.0166672530393229,0.2168838764805704,0.0166666666669593,0.0166666666669773,0.0166667277944741,0.0166668135543228,0.3612,0.3612,0.3612
14.711999893188477,14.711999893188477,86415000,20190904,TSLA,15.000666618347168,14.711999893188477,0,0.0156250081166887,0.08570200343502515,0.6330472825990978,0.1406251386409096,0.01562500000033805,0.015625000000321153,0.0156250753026048,0.0156250000003085,0.015625000000267848,0.0156250000002843,0.015625491903927452,0.0156250000002261,-0.6808,-0.6486,-0.6647
15.305333137512209,15.305333137512209,110929500,20190905,TSLA,14.711999893188477,15.305333137512209,1,0.0138889733093714,0.0138892862793832,0.0138888888890306,0.0138889144867356,0.1805552369457836,0.0138889349296485,0.0138889414791212,0.0138891670969559,0.0138888888890272,0.6805543867146279,0.0138889545845084,0.0138894263958062,0.0,0.0,0.0
15.16333293914795,15.16333293914795,62841000,20190906,TSLA,15.305333137512209,15.16333293914795,0,0.02222222222277445,0.0222222222226566,0.022222551729913352,0.0222222222227526,0.3222222814722263,0.02222222222273995,0.022222261326782247,0.02222222222271955,0.02222317059375855,0.28888845557334236,0.18888793815469393,0.022222230035639702,0.0,0.3182,0.1591
15.452667236328123,15.452667236328123,72040500,20190909,TSLA,15.16333293914795,15.452667236328123,1,0.07983792657876936,0.02214647612494259,0.02214657931881695,0.0346464669352176,0.1263130124106188,0.09123753009731814,0.0721463621448892,0.022146468889841092,0.16961552463285795,0.0827525335193334,0.2548646538629202,0.022146465484474208,-0.8689,0.2975,-0.09024
15.702667236328123,15.702667236328123,73255500,20190910,TSLA,15.452667236328123,15.702667236328123,1,0.12554442218607126,0.03298628515613888,0.07465277724464822,0.2204856765679228,0.03298613935074143,0.03298621109417945,0.032986216692169903,0.03298614607821038,0.15798608279213847,0.14876073301922854,0.07465319407677737,0.03298611574177283,-0.2023,0.5423,0.2656
16.47333335876465,16.47333335876465,150642000,20190911,TSLA,15.702667236328123,16.47333335876465,1,0.1152777840596505,0.09861100701085385,0.09861078649755274,0.015278167967993101,0.015277777778046649,0.0986110834922708,0.11527790676064284,0.01527784977295945,0.09869114972004381,0.01527786888867105,0.29853084027335713,0.01527777777795755,0.0,0.8983,0.44915
16.391332626342773,16.391332626342773,128718000,20190912,TSLA,16.47333335876465,16.391332626342773,0,0.020833450849269818,0.1612895967485776,0.0875002067306246,0.08749990529744847,0.08750019530651408,0.020833355681833098,0.08750014358489573,0.020833333333670278,0.02083333333362586,0.020833347742665882,0.3637096801559699,0.02083345123490426,-0.296,0.8553,0.19024
16.187332153320312,16.187332153320312,70921500,20190916,TSLA,16.34666633605957,16.187332153320312,0,0.0716446858463058,0.08374021424157096,0.3928187519205133,0.014351887039993967,0.09768540353400763,0.1369763242657623,0.014351923006051698,0.04768991178424497,0.014351905216316067,0.014351883421727434,0.014352122742088332,0.09768498698141694,0.541,0.9387,0.7639666666666667
16.319332122802734,16.319332122802734,57981000,20190917,TSLA,16.187332153320312,16.319332122802734,1,0.019271113219567076,0.019270850457791377,0.01927095487191555,0.27655684659589336,0.01927095328679575,0.138020848405757,0.0192708581153952,0.01927083333354045,0.06927053124486537,0.019270833333524175,0.29948455754901415,0.08177081958593994,-0.4215,0.7871,0.09785
16.232667922973633,16.232667922973633,62553000,20190918,TSLA,16.319332122802734,16.232667922973633,0,0.0347222222228901,0.11805621434014724,0.11805629659383954,0.0347222222228636,0.034722925695837466,0.034723000394394195,0.28472242248266205,0.20138503342802364,0.034722501247962397,0.0347227169260847,0.03472222222263163,0.0347222222226629,0.0,0.4404,0.1468
16.440000534057617,16.440000534057617,71937000,20190919,TSLA,16.232667922973633,16.440000534057617,1,0.023412698412954066,0.20440070701134336,0.0234131081214491,0.23769842168057367,0.0234126984129507,0.023412698412938065,0.10909094677142274,0.16626914379272403,0.02341289573279617,0.023413244610102937,0.11865059033841097,0.023412846702333765,0.0,0.6981,0.4627333333333334
16.041332244873047,16.041332244873047,95295000,20190920,TSLA,16.440000534057617,16.041332244873047,0,0.0208333356849252,0.020833577541886,0.0208336431620375,0.0208333333337395,0.0208335534597569,0.0208336184872592,0.0208333333336752,0.2708333250731975,0.020833333333664,0.0208337863441429,0.0208333333335927,0.5208318269121229,0.4404,0.4404,0.4404
16.082000732421875,16.082000732421875,65103000,20190923,TSLA,16.041332244873047,16.082000732421875,1,0.0480392729243021,0.0187410331686007,0.16524951169532898,0.0624461943574629,0.05445527532351156,0.17893889718238729,0.08213026283782306,0.018741001778763772,0.10414795776645915,0.08889879121215179,0.13089945084827553,0.04731235090493269,0.0,0.7345,0.21182857142857145
14.880666732788086,14.880666732788086,193372500,20190924,TSLA,16.082000732421875,14.880666732788086,0,0.06928523749880018,0.08638490790677267,0.03322315351304616,0.08013826298536436,0.05248317925456596,0.11624704682890968,0.15514332801738126,0.046422587896818565,0.05248311418246298,0.05248320314012884,0.23958634049219363,0.016119638283555154,0.0,0.9042,0.42010000000000003
16.17066764831543,16.17066764831543,178267500,20190926,TSLA,15.24666690826416,16.17066764831543,1,0.03772088755712598,0.29374005052029084,0.03252459293275843,0.018741523978503528,0.04731235684486084,0.01874098723682783,0.08904731821678656,0.0901699255851151,0.08754924347263358,0.01874120471519103,0.24697092607265456,0.018740982867251257,0.0,0.802,0.1694
16.142000198364258,16.142000198364258,166746000,20190927,TSLA,16.17066764831543,16.142000198364258,0,0.038272341754953136,0.044593322307939436,0.011260003783656117,0.03726155091817433,0.027926633427430948,0.06125994381171679,0.09615204533123083,0.011259972377093449,0.4169421176382053,0.1149413467451985,0.12887079685839845,0.0112599250460021,-0.5267,0.8398,0.18756666666666666
16.058000564575195,16.058000564575195,88197000,20190930,TSLA,16.142000198364258,16.058000564575195,0,0.016666666666881,0.0166666666668353,0.416666641673876,0.0166668655262502,0.0166666666668782,0.0166666666668676,0.4166659155833022,0.0166666666668597,0.0166666714211729,0.01666723912747,0.0166666666667982,0.0166666666668081,0.0,0.0,0.0
16.312667846679688,16.312667846679688,92439000,20191001,TSLA,16.058000564575195,16.312667846679688,1,0.11324142676675973,0.07973499326374532,0.04640178543783225,0.04640159931949145,0.013068215787231767,0.013068244009601916,0.1292802526155343,0.054112235725308794,0.1341728269757758,0.013068256853224767,0.34438196604506993,0.0130681972004235,-0.296,0.7717,0.28501666666666664
16.208667755126953,16.208667755126953,84471000,20191002,TSLA,16.312667846679688,16.208667755126953,0,0.10069426950162365,0.26736122770779613,0.10069450122520135,0.3923601820853198,0.017361182611596,0.01736111111124575,0.0173614569745909,0.0173611116223869,0.0173612082172479,0.01736144388833575,0.01736119394344935,0.01736111111120585,0.0,0.4574,0.2287
15.428667068481444,15.428667068481444,119925000,20191004,TSLA,15.535332679748535,15.428667068481444,0,0.0243056046586861,0.2743056275284289,0.024305555556033448,0.024305555556128552,0.024305555556144498,0.024305555556114952,0.0243055555560378,0.024305555556092998,0.35763749462025696,0.02430555555605065,0.1493054656921791,0.0243069186078455,0.4926,0.6588,0.5757
15.847999572753906,15.847999572753906,120963000,20191007,TSLA,15.428667068481444,15.847999572753906,1,0.0277777777783643,0.0277777777782391,0.0277777777782476,0.027777777778341,0.0277777777783565,0.0277777777783277,0.0277777777782518,0.0277777777783059,0.3611110656645349,0.3611111565527284,0.0277777777781374,0.0277777777781648,0.0,0.0,0.0
16.003332138061523,16.003332138061523,130173000,20191008,TSLA,15.847999572753906,16.003332138061523,1,0.014880957553788474,0.13988082835427978,0.01488102148037165,0.17309634138347882,0.014880991761054925,0.10549667452371103,0.05059551642106375,0.05654750227176103,0.27678577341971783,0.09821430342638462,0.039859135490981745,0.014880953913405826,-0.34,0.891,0.2444
16.302000045776367,16.302000045776367,103416000,20191009,TSLA,16.003332138061523,16.302000045776367,1,0.026388893834732342,0.12638886618101125,0.02638905617488782,0.05972228273350304,0.02638888888963612,0.0597222068853336,0.17638979176653652,0.02638892468305188,0.12638921204638734,0.159721334053936,0.15972165386159504,0.026388888889388486,-0.6249,0.0,-0.17665999999999998
16.31599998474121,16.31599998474121,94249500,20191010,TSLA,16.302000045776367,16.31599998474121,1,0.0143849222298486,0.05885333822582176,0.28748003115574794,0.39458302043855137,0.0143849227126217,0.05906847763755207,0.014385097433605568,0.0143849209150876,0.014384932645624834,0.0143849321905143,0.0993204455519417,0.014384958863082,-0.1531,0.6124,0.19576666666666667
17.130666732788086,17.130666732788086,153075000,20191014,TSLA,16.525999069213867,17.130666732788086,1,0.045152235696547804,0.045119990104755994,0.11024955170650001,0.022836804884013625,0.05197779575055276,0.0828107893865623,0.013869945238223106,0.06031565507032487,0.1574701868190161,0.03648776729551651,0.35983934330993395,0.013869934738052524,-0.6971,0.7783,0.21485625
17.19266700744629,17.19266700744629,96492000,20191015,TSLA,17.130666732788086,17.19266700744629,1,0.27725398475119806,0.013878480742103868,0.14134090741826996,0.013878478267976118,0.013878443019583185,0.1331951389096002,0.11334631217177055,0.08585486371007933,0.11733259964620996,0.013878490866831168,0.06228386167221958,0.01387843882415755,-0.4927,0.6236,0.28126666666666666
17.316667556762695,17.316667556762695,100261500,20191016,TSLA,17.19266700744629,17.316667556762695,1,0.34724889279092636,0.0208335672049941,0.2777496458365281,0.02083375163906495,0.0208333486104548,0.020833333333734598,0.02083393812347295,0.0208333343950848,0.0208333593546943,0.02083333333368855,0.02083353513597165,0.1874999602413842,0.0,0.9081,0.45405
17.46466636657715,17.46466636657715,71539500,20191017,TSLA,17.316667556762695,17.46466636657715,1,0.014285895910339401,0.01428607517294685,0.01428585182057985,0.014285718578145049,0.014285944975753952,0.0142857142859785,0.014285714285942101,0.0142858650262568,0.5317472035776075,0.2142844922403846,0.1253958098401643,0.01428571428590035,-0.5106,0.1531,-0.17875000000000002
16.899999618530273,16.899999618530273,75304500,20191021,TSLA,17.1299991607666,16.899999618530273,0,0.0093750408659075,0.00937502616925865,0.00937523371355935,0.6843747064818538,0.07187506045944014,0.0093750000001231,0.009375076554840999,0.05646565292587785,0.00937500000010265,0.06228424917149875,0.059374887283569495,0.009375066373967199,0.2003,0.7579,0.4791
17.038667678833008,17.038667678833008,69012000,20191022,TSLA,16.899999618530273,17.038667678833008,1,0.0138888888889503,0.1805555291723761,0.0138888888889381,0.0138889353998231,0.0138888888889495,0.680555506644587,0.0138888888889385,0.0138888888889442,0.0138889176716967,0.0138888888889399,0.0138888888889266,0.0138888888889294,0.0,0.0,0.0
16.978666305541992,16.978666305541992,78916500,20191023,TSLA,17.038667678833008,16.978666305541992,0,0.07665714864242537,0.01388899834222515,0.04117485287087792,0.10158078639431378,0.0138889862712255,0.18055523628585118,0.2254490316617794,0.23137280720374168,0.013888898356200524,0.041666604240102774,0.04598774664614405,0.0138889030851123,0.0,0.9582,0.60495
19.978666305541992,19.978666305541992,445813500,20191024,TSLA,16.978666305541992,19.978666305541992,1,0.0683625854758797,0.0129962619271908,0.012996394545707,0.4502004172152529,0.14791758213229503,0.012996034716491031,0.012996151658239134,0.0606150611948487,0.07966289361925981,0.012996078302385068,0.11526448087526824,0.012996058337182198,-0.2023,0.5267,0.1081333333333333
21.875333786010746,21.875333786010746,450091500,20191025,TSLA,19.978666305541992,21.875333786010746,1,0.025463392060489934,0.02546298792593643,0.11539234056145913,0.2410891682614643,0.08101841793781103,0.025462962963326535,0.19212967948420978,0.025462963076641396,0.025462962963266198,0.025462962963284767,0.1921291988388912,0.025462962963218833,0.2598,0.636,0.5086
21.84733390808105,21.84733390808105,283054500,20191028,TSLA,21.875333786010746,21.84733390808105,0,0.015338744308078784,0.04867203461443435,0.08545436149497491,0.3705742036509492,0.07735716551755013,0.03617219976637385,0.029115137209673275,0.03333106804195291,0.08081490116522817,0.0775460926710235,0.09955100735411308,0.046073084205647354,-0.6249,0.8,0.032041666666666656
21.000667572021484,21.000667572021484,144627000,20191030,TSLA,21.08133316040039,21.000667572021484,0,0.016493536445381724,0.18416132020554818,0.016493237778895824,0.18315713324075644,0.18272339314963326,0.03958588107117542,0.23663317523537722,0.016493407027703626,0.01649305555578535,0.01649353435691445,0.01649342583287865,0.07477890009994935,-0.3595,0.765,0.385
20.994667053222656,20.994667053222656,76005000,20191031,TSLA,21.000667572021484,20.994667053222656,0,0.01362179487234605,0.0136218616729835,0.0136218366296724,0.05208334076400825,0.013621814472658901,0.17890817086387156,0.2897794197819533,0.01362209972783525,0.01362182843290005,0.0136217948722522,0.37025424303735943,0.01362179487215855,-0.5423,-0.2263,-0.3843
20.88733291625977,20.88733291625977,95758500,20191101,TSLA,20.994667053222656,20.88733291625977,0,0.0083333333335717,0.0083333365300288,0.0083334672494827,0.0083333333335623,0.0083333333335686,0.0083333333335569,0.0083348838736809,0.0083335780268702,0.2083332399614485,0.0083336867512699,0.7083311409394681,0.0083333333334908,0.4574,0.4574,0.4574
21.1646671295166,21.1646671295166,131805000,20191104,TSLA,20.88733291625977,21.1646671295166,1,0.036476317472679896,0.007923789173941766,0.0079240558830889,0.22704971418900685,0.09125719419765366,0.007924058123873532,0.007923853853939867,0.03570150427505673,0.17891947981827402,0.007923960961975667,0.3830522291361189,0.007923842914389733,0.1635,0.9033,0.46166666666666667
21.14800071716309,21.14800071716309,104151000,20191105,TSLA,21.1646671295166,21.14800071716309,0,0.0135416666668541,0.0990657481548312,0.4135404802370577,0.013541875405135649,0.01354173798205635,0.01354174627214255,0.365517067442086,0.013542209242941649,0.013542157109918448,0.0135417139150783,0.013541930905107202,0.01354166666679035,0.3182,0.8214,0.5698
21.77199935913086,21.77199935913086,119113500,20191106,TSLA,21.14800071716309,21.77199935913086,1,0.00942555362477765,0.0094246031748162,0.17178753887454384,0.3196772235031635,0.00942460317487045,0.00942499168757,0.0094246876740221,0.00942470258508005,0.25942474669408516,0.0094246434832863,0.17371210234900236,0.009424603174781901,0.0,0.0,0.0
22.36933326721192,22.36933326721192,217009500,20191107,TSLA,21.77199935913086,22.36933326721192,1,0.016518100330186213,0.04151797547940363,0.0165184361398427,0.04151801801551544,0.01651789622594574,0.040631026144200985,0.09924713139458305,0.06466409849443137,0.3226568186153796,0.01651788281991745,0.3071747344492742,0.016517881891319138,-0.6486,0.4019,0.0484625
22.47599983215332,22.47599983215332,91038000,20191108,TSLA,22.36933326721192,22.47599983215332,1,0.05140773202825728,0.0101356495334107,0.1086987458210668,0.055264439439828415,0.09584940602526232,0.037970192775968456,0.01013605146702584,0.0101356416556157,0.5052841561172279,0.01013559584153864,0.094846640902745,0.010135748392052401,-0.7056,0.7813,0.13502
23.32866668701172,23.32866668701172,110391000,20191112,TSLA,23.006000518798828,23.32866668701172,1,0.0208333333334131,0.020833439694391,0.0208340581278816,0.0208340989486848,0.020833333333412,0.0208333333334081,0.0208335958147649,0.0208333333334051,0.0208333706087752,0.0208333333333995,0.7708314368050784,0.0208333333333859,0.0,0.0,0.0
23.073999404907227,23.073999404907227,126301500,20191113,TSLA,23.32866668701172,23.073999404907227,0,0.0119048677607165,0.0119047619049012,0.0119052301133566,0.0119048693496903,0.0119047619049367,0.0119047619049279,0.4154338790155392,0.0119047619049214,0.2985398041385877,0.0119047619049089,0.1788827781926344,0.0119047619048788,0.906,0.906,0.906
23.290000915527344,23.290000915527344,96973500,20191114,TSLA,23.073999404907227,23.290000915527344,1,0.0166666666670462,0.0166667048652158,0.0166674459158583,0.0166674368001083,0.0166686810913623,0.016667534886764,0.0166666863828203,0.0166666666670084,0.0166668937850182,0.8166615370395196,0.0166666666668995,0.0166670792323786,0.0,0.0,0.0
23.332666397094727,23.332666397094727,66006000,20191118,TSLA,23.47800064086914,23.332666397094727,0,0.018923699232917274,0.3105885077823948,0.27392583313409785,0.05029906693767543,0.0189236428839985,0.13142347264981644,0.0189239273190176,0.018924292456303674,0.01892361111143975,0.018923664000964825,0.05129678559668541,0.0689234968946879,-0.2411,0.8879,0.199975
23.968000411987305,23.968000411987305,115872000,20191119,TSLA,23.332666397094727,23.968000411987305,1,0.0138888888894186,0.3472209126291719,0.0138888888893133,0.0138888888893977,0.0138888888894117,0.5138890992052578,0.013888888889317,0.0138888888893663,0.0138888888893031,0.0138888888893286,0.0138888888892138,0.0138899881614995,0.5046,0.5046,0.5046
23.481332778930664,23.481332778930664,100876500,20191120,TSLA,23.968000411987305,23.481332778930664,0,0.26317087658799937,0.02083333333355595,0.0208334232111471,0.0208333333336052,0.0208333730225411,0.0208333333335987,0.0208333333335621,0.1118291508326424,0.10416649612994801,0.02083339544598755,0.0208335263517612,0.3541664250836509,-0.8689,0.4767,-0.1961
23.655332565307617,23.655332565307617,91650000,20191121,TSLA,23.481332778930664,23.655332565307617,1,0.41435165254142986,0.025462977983646468,0.1365742103163741,0.13657380377066913,0.025462962963386432,0.02546301524896727,0.025462993459868133,0.025462962963349267,0.025463049148934463,0.02546296296331897,0.1087964456768093,0.025462962963246034,0.0,0.5994,0.1998
22.202667236328125,22.202667236328125,253059000,20191122,TSLA,23.655332565307617,22.202667236328125,0,0.20173593727225075,0.014236253886279176,0.014236440215104701,0.22256906234917428,0.22256772992574564,0.09756942785465422,0.05590306926016168,0.01423649752706185,0.014236205856500424,0.014236222660857126,0.11423702224545536,0.014236130946754324,0.0,0.6682,0.27715
22.422666549682617,22.422666549682617,185092500,20191125,TSLA,22.202667236328125,22.422666549682617,1,0.07895788317130986,0.0129419483230616,0.012942079189893665,0.10017456747342086,0.012941919192216067,0.012941954284346066,0.2779903918349543,0.0129419191921901,0.23265897265051572,0.13794147620321176,0.09462458683304915,0.012942301651830267,0.0,0.7418,0.3306
22.086000442504883,22.086000442504883,83334000,20191127,TSLA,21.92799949645996,22.086000442504883,1,0.2731467594333157,0.10648056868113186,0.023148453863873934,0.10648228667660993,0.21759259517685928,0.1342592817236673,0.023148724778020602,0.023148148149031333,0.0231482915212875,0.02314814814896207,0.023148445366730035,0.023148296480509867,0.0,0.4588,0.2869
22.32466697692871,22.32466697692871,91117500,20191202,TSLA,21.996000289916992,22.32466697692871,1,0.14583321900512505,0.0208333333337463,0.020833405233298102,0.020833333333837502,0.02083333333385145,0.02083344502662835,0.0208333333337576,0.0208333333338061,0.2708333944555354,0.020833333333769,0.39583320294296503,0.0208333333336798,0.0,0.0,0.0
22.20199966430664,22.20199966430664,82995000,20191204,TSLA,22.413333892822266,22.20199966430664,0,0.0166666666668131,0.0166666666667818,0.0166666666667839,0.0166666922584562,0.0166666835963951,0.0166667395784924,0.016666666666785,0.0166666666667985,0.8166664969059663,0.0166666666667882,0.0166667209931757,0.0166666666667633,0.0,0.0,0.0
23.256000518798828,23.256000518798828,132424500,20191210,TSLA,22.635332107543945,23.256000518798828,1,0.01781770629240828,0.046388937871097824,0.0731558879979282,0.06673754995605932,0.07496008787575234,0.15115031580612023,0.01781766087425394,0.10353227320370866,0.08498804805520357,0.017817460317834637,0.32781661143187446,0.017817460317758,-0.2732,0.8622,0.22397999999999998
23.978666305541992,23.978666305541992,116458500,20191212,TSLA,23.51333236694336,23.978666305541992,1,0.13100108679847744,0.10904558181961807,0.08455058766088433,0.07493360773273224,0.01937884894225259,0.14399641517389367,0.09320564997185202,0.04715616421908089,0.0616764011061397,0.1486494893359751,0.0670278097997406,0.01937835743935288,-0.1779,0.2942,0.07678888888888889
23.892667770385746,23.892667770385746,98563500,20191213,TSLA,23.978666305541992,23.892667770385746,0,0.0208336426450979,0.0208333333336462,0.020833333333652,0.7708318471786895,0.0208333333337258,0.020834478401317,0.0208333333336548,0.0208333333336916,0.0208333333336443,0.0208333333336634,0.0208333651056212,0.0208333333335958,0.0,0.0,0.0
25.266000747680664,25.266000747680664,127452000,20191217,TSLA,25.433332443237305,25.266000747680664,0,0.5416643815197532,0.0416666666668508,0.0416666666668542,0.0416666666668916,0.0416666666668978,0.0416666666668862,0.0416666666668559,0.0416666666668775,0.0416679676415304,0.0416666666668609,0.0416676508369201,0.0416666666668211,0.0,0.0,0.0
26.209999084472656,26.209999084472656,211815000,20191218,TSLA,25.266000747680664,26.209999084472656,1,0.1994392284042107,0.026786184425577397,0.026785916393815497,0.0267857142862,0.026785832920097903,0.026785923068559953,0.19813616809987042,0.0267857142861698,0.02678571428610965,0.2767853811136721,0.02678640318326475,0.11135181953245135,-0.6888,0.3834,-0.15269999999999997
26.93600082397461,26.93600082397461,271606500,20191219,TSLA,26.209999084472656,26.93600082397461,1,0.0877315686147016,0.0321762929850955,0.1187589252842995,0.11550932202085537,0.03217594896694395,0.03217605443235815,0.27146584114232963,0.032175996547690724,0.11550913820552519,0.032176052203511524,0.03217614659922272,0.0979687129974657,0.0,0.7867,0.31589999999999996
27.03933334350586,27.03933334350586,221290500,20191220,TSLA,26.93600082397461,27.03933334350586,1,0.015079365079909368,0.37330970981397654,0.08174618605818924,0.0817461259447385,0.015079365079902268,0.015079489219127334,0.09460291871215713,0.015079365265025067,0.12643413872690723,0.06303942728556562,0.10372454373477684,0.015079365079724369,0.0,0.7351,0.27926666666666666
28.350000381469727,28.350000381469727,120820500,20191224,TSLA,27.947999954223636,28.350000381469727,1,0.11590919288406304,0.027777777778056147,0.027777777778061202,0.3742013444301018,0.027777777778127,0.02777777777810955,0.02777779553683695,0.0277778242717903,0.027777832352904302,0.0277778091689474,0.2598893124649906,0.02777777777801125,-0.5719,0.7783,0.10320000000000001
28.72933387756348,28.72933387756348,159508500,20191226,TSLA,28.350000381469727,28.72933387756348,1,0.03711969966462288,0.2004402721807104,0.10227361620425936,0.10395263500935645,0.05688403705175634,0.17632537845656548,0.14757027583465965,0.013570969049919616,0.04434009500393628,0.044340253246924914,0.05961179154184204,0.013570976755446091,-0.3818,0.8777,0.1705076923076923
28.691999435424805,28.691999435424805,149185500,20191227,TSLA,28.72933387756348,28.691999435424805,0,0.0083333854319838,0.0083336323062667,0.0083334416168143,0.4824350270041862,0.0083334098975896,0.0083336591728647,0.0083336077647187,0.0083333333335406,0.0083336302456263,0.0083333333335245,0.4342302065593987,0.0083333333334853,-0.3612,-0.3612,-0.3612
27.64666748046875,27.64666748046875,188796000,20191230,TSLA,28.691999435424805,27.64666748046875,0,0.05761497980526739,0.03533463800459541,0.06526085210183763,0.10257006979136328,0.04735347328977568,0.027854065764764933,0.14607865630443298,0.030549754528427543,0.15385251490702215,0.08009897017304003,0.22901203545341234,0.02441998987606008,-0.7632,0.8537,0.23117307692307693
31.270666122436523,31.270666122436523,268231500,20200107,TSLA,30.1026668548584,31.270666122436523,1,0.0186432112757421,0.0186432345928355,0.04847324096181428,0.01864335801343086,0.05386376787133442,0.14556587864597176,0.2673610107720843,0.01864318220159744,0.018643351662916523,0.15197539392296439,0.22090100603291973,0.018643364046388118,0.0,0.4215,0.0843
32.80933380126953,32.80933380126953,467164500,20200108,TSLA,31.270666122436523,32.80933380126953,1,0.02604186083216125,0.026041685317039702,0.02604174847994275,0.02604171311481,0.026041666667059052,0.0260421061527112,0.4635414202314048,0.02604166675169725,0.27604112856902363,0.0260416666669965,0.0260416705502244,0.0260416666669289,0.0,0.8011,0.40055
31.87666702270508,31.87666702270508,194392500,20200110,TSLA,32.089332580566406,31.87666702270508,0,0.02594704548011406,0.028744162770951966,0.05094701643650902,0.06744705205725025,0.053744237794111895,0.02874465010004606,0.11056186497439939,0.02874419394082624,0.26049566216983483,0.056716140553744174,0.2773455924104588,0.010562381311752638,-0.7789,0.8979,0.09788
34.990665435791016,34.990665435791016,397764000,20200113,TSLA,31.87666702270508,34.990665435791016,1,0.2192766465537964,0.0069444874764706,0.0069444477465839,0.0069449368524167,0.0069444729014215,0.1040838610543363,0.0069444444448587,0.006944444444906,0.0069445379077837,0.0069445838192167,0.6141384790850375,0.0069446577131714,0.8687,0.8687,0.8687
35.861331939697266,35.861331939697266,434943000,20200114,TSLA,34.990665435791016,35.861331939697266,1,0.012021355147727,0.043271332584186424,0.10086178069187332,0.08380123882962667,0.10577126537007858,0.18519415324409347,0.039798953617801974,0.01202141438329565,0.01202140135714685,0.07452151027889903,0.3186938833855882,0.012021711109682325,-0.1759,0.9061,0.278
34.56666564941406,34.56666564941406,260532000,20200115,TSLA,35.861331939697266,34.56666564941406,0,0.0208333333339147,0.0208339279869846,0.0208354864692412,0.0208335261346628,0.2708332202771895,0.0208336272646223,0.5208299887834282,0.020833333333857,0.020833333333788,0.0208335564149044,0.02083333333369,0.0208333333337171,0.6486,0.6486,0.6486
34.232666015625,34.232666015625,326050500,20200116,TSLA,34.56666564941406,34.232666015625,0,0.0291107015023739,0.012444714007709865,0.0124440635653022,0.012444061854358932,0.03734905438145915,0.012444098026911883,0.15823774969092297,0.012444037444246317,0.2987496616307603,0.08082224664405317,0.2972560529822131,0.03625355826968775,-0.69,0.34,-0.12981666666666666
34.03333282470703,34.03333282470703,204436500,20200117,TSLA,34.232666015625,34.03333282470703,0,0.10658719221758384,0.036672965685543756,0.07806623330790512,0.03442263391061168,0.0843851267529922,0.0493155535367888,0.042531843477726844,0.06042125376519172,0.17585086641243455,0.015839597089896008,0.28214891608797693,0.03375781775534804,-0.2748,0.8268,0.14870833333333333
36.47999954223633,36.47999954223633,267052500,20200121,TSLA,34.03333282470703,36.47999954223633,1,0.024305645131704898,0.35292272900188226,0.0243062443861779,0.23735334930795374,0.19097222689761456,0.02430555555589485,0.0243060480447793,0.02430578270827525,0.0243055555558385,0.02430555555585595,0.0243057522982279,0.0243055555557944,0.0,0.8319,0.41595
37.97066879272461,37.97066879272461,470535000,20200122,TSLA,36.47999954223633,37.97066879272461,1,0.017129811451460433,0.017129755747076234,0.0171303144336147,0.017130877345026933,0.017129629630309732,0.0171296296302757,0.6782384870956095,0.017129630202728164,0.017130358013238634,0.01713002739166063,0.017129736866915,0.15046174219208389,-0.4389,0.836,0.2663333333333333
38.14666748046875,38.14666748046875,294765000,20200123,TSLA,37.97066879272461,38.14666748046875,1,0.0192957514682068,0.11929564470216528,0.10262900387716742,0.019295647461094897,0.019295634921077498,0.11929567921820447,0.09987478757333702,0.14093487048633663,0.019295660970812773,0.019295634921007075,0.3021960372330119,0.019295647167577777,0.0,0.6369,0.2777
37.20133209228516,37.20133209228516,204121500,20200127,TSLA,37.654666900634766,37.20133209228516,0,0.008333373836226,0.0083333333335279,0.0083333333335314,0.2531987145855219,0.1083333588908019,0.0083333333335652,0.0083333333335332,0.0083333993245676,0.3224979175744206,0.0083333572166326,0.2493032119041748,0.0083333333334966,-0.4003,-0.4003,-0.4003
37.79333114624024,37.79333114624024,176827500,20200128,TSLA,37.20133209228516,37.79333114624024,1,0.0198412698415361,0.019841269841479298,0.1865076389021364,0.23412703457670997,0.09126981243281095,0.01984126984151945,0.01984126984148505,0.0912698520808001,0.1865075227168645,0.09126980884564825,0.0198419812375639,0.01984126984144555,0.0,0.7506,0.3753
38.732666015625,38.732666015625,267022500,20200129,TSLA,37.79333114624024,38.732666015625,1,0.0243055555559925,0.02430555555589915,0.024305555555905453,0.1493056465510018,0.4826386401398566,0.024305555555965,0.0243055555559086,0.0243055555559489,0.14930552851570694,0.024305615158584648,0.024305555555823498,0.02430568074340625,0.4939,0.4939,0.4939
42.72066879272461,42.72066879272461,435085500,20200130,TSLA,38.732666015625,42.72066879272461,1,0.01273196092385505,0.012731551403221849,0.0127317849447646,0.012731485424874098,0.3877308505827307,0.01273148174627925,0.0127314870546052,0.01273163835822165,0.15448381598075075,0.012731520088678101,0.3432009420102509,0.01273148148176745,-0.3612,0.0,-0.1806
43.37133407592773,43.37133407592773,235789500,20200131,TSLA,42.72066879272461,43.37133407592773,1,0.3261638910500777,0.0208343775287386,0.0208333333334232,0.0208334107397849,0.0208333333334441,0.0208334753977909,0.0208334923674829,0.0208335431192975,0.0208333333334211,0.4655011153484369,0.0208333333334022,0.0208333611146993,-0.7269,-0.7269,-0.7269
52.0,52.0,705975000,20200203,TSLA,43.37133407592773,52.0,1,0.08439372893059964,0.09417793049654904,0.12776956056750619,0.10802879742461373,0.030305552412284765,0.07699251535476717,0.0347847798880388,0.014226205686418913,0.014226346399471275,0.2149874714870336,0.1858809188529365,0.014226192499779926,-0.2899,0.9393,0.359175
59.137332916259766,59.137332916259766,914082000,20200204,TSLA,52.0,59.137332916259766,1,0.0591793207773428,0.009081242123286934,0.03840242363574147,0.19341545946858543,0.25356568251885797,0.0731778406142734,0.009081301102940168,0.009081238614780067,0.009081273144692432,0.07777198142559943,0.25908098795272,0.009081248621179367,0.0,0.9657,0.5832333333333334
48.97999954223633,48.97999954223633,726357000,20200205,TSLA,59.137332916259766,48.97999954223633,0,0.0163690476192925,0.01636904761924025,0.016369072037004002,0.08779774158135766,0.3020834147549067,0.3913689545832856,0.08779748370874775,0.016369047619268152,0.016369047619239102,0.01636904761925085,0.01636904761919785,0.0163690476192092,0.3182,0.5378,0.42799999999999994
49.93066787719727,49.93066787719727,598212000,20200206,TSLA,48.97999954223633,49.93066787719727,1,0.02500024762816972,0.025000470742549862,0.07500011694374774,0.16805872886780954,0.09166670051408986,0.1943940632542275,0.16254618945114882,0.02500012340113424,0.02500000000030212,0.09172898986358913,0.09160425415631546,0.025000115176915482,-0.7003,0.5562,0.08193999999999999
49.87133407592773,49.87133407592773,255952500,20200207,TSLA,49.93066787719727,49.87133407592773,0,0.037544145403583355,0.013184062869044633,0.0131840320982516,0.17744249457740294,0.11735051027256331,0.13041084343546464,0.01318406891369935,0.01318403124625365,0.09651765727047616,0.013183963357281918,0.34079683251715903,0.034017358038818814,0.2023,0.9441,0.63615
51.41866683959961,51.41866683959961,370338000,20200210,TSLA,49.87133407592773,51.41866683959961,1,0.06525831748251577,0.06510553878695421,0.08786279542592482,0.20042272172428802,0.04036582816655805,0.02873813351588419,0.06574148596318787,0.0589944890625113,0.12544634424089213,0.04722476784362551,0.19172602722932286,0.023113550558334753,-0.3057,0.8777,0.30912
53.59999847412109,53.59999847412109,394339500,20200213,TSLA,51.15266799926758,53.59999847412109,1,0.0277777777779499,0.0277777777779132,0.0277777777779156,0.0277777777779431,0.0277777777779476,0.0277777777779391,0.0277777777779169,0.0277777777779328,0.0277799414458041,0.0277777777779206,0.6944422807749252,0.0277777777778913,-0.0772,-0.0772,-0.0772
53.33533477783203,53.33533477783203,235405500,20200214,TSLA,53.59999847412109,53.33533477783203,0,0.11569359431635609,0.0468750000002608,0.0468750353654532,0.0468751380967257,0.04687500000032715,0.10937492426337381,0.0468750000002679,0.10305637768076285,0.0468754973256123,0.10937486949114325,0.23437456345949775,0.0468750000002188,0.0,0.5927,0.29635
57.22666549682617,57.22666549682617,245725500,20200218,TSLA,53.33533477783203,57.22666549682617,1,0.0312500000009105,0.1562504605000449,0.03125000000072925,0.2812492749017511,0.0312500000008986,0.1562499933720298,0.0312500000007359,0.03125003519332445,0.15625000612192536,0.031250229906490595,0.031250000000558345,0.03125000000060075,0.0,0.4588,0.2294
61.16133117675781,61.16133117675781,381345000,20200219,TSLA,57.22666549682617,61.16133117675781,1,0.03796313458602207,0.037963042305783797,0.0379630102295273,0.09351851948455381,0.03796307171081653,0.03796307851627236,0.20721926055425824,0.0993650753008845,0.0379634503133602,0.0379630772059528,0.13537307119662767,0.19878220859594012,0.0,0.6597,0.21989999999999998
59.96066665649414,59.96066665649414,264523500,20200220,TSLA,61.16133117675781,59.96066665649414,0,0.17203447305529684,0.012701243317169575,0.023117835276672494,0.012701260681088082,0.012701170177058843,0.027047881794388925,0.12587445388364493,0.021034529416407974,0.17635306122102543,0.021960445729216835,0.38177247701750755,0.012701168430521935,-0.4019,0.7416,0.15684166666666668
60.06666564941406,60.06666564941406,214722000,20200221,TSLA,59.96066665649414,60.06666564941406,1,0.009838682156042451,0.0694639997940695,0.13676550639659887,0.00983811065723145,0.009838372754644501,0.0653936175210162,0.1348375013919069,0.00983797843376225,0.3223367546029802,0.009838081053475198,0.21217335724135514,0.0098380379969169,0.0,0.6597,0.32985
53.32733154296875,53.32733154296875,259357500,20200225,TSLA,55.58599853515625,53.32733154296875,0,0.12500008406987026,0.09166664646896017,0.1416661436259406,0.02500011934196284,0.025000091173167982,0.025000000000360678,0.09166663968800212,0.09166668744901624,0.24166627327432733,0.02500005628515566,0.09166707674788419,0.02500018187535158,-0.3818,0.4457,0.07882
51.91999816894531,51.91999816894531,211282500,20200226,TSLA,53.32733154296875,51.91999816894531,0,0.23245031639064578,0.025545855632864874,0.02554599134454425,0.08649704552493459,0.0255456471427858,0.10887877036724371,0.1088791611109405,0.22197420485525662,0.02554563492095465,0.025545634920974253,0.0880459346070428,0.025545803181811724,0.0,0.7809,0.49105
45.26666641235352,45.26666641235352,364158000,20200227,TSLA,51.91999816894531,45.26666641235352,0,0.2166664357926613,0.2166663270358488,0.0166666666671504,0.0166666666672467,0.0166666666672628,0.0166666666672328,0.016666666667155,0.0166667565471935,0.4166664377461859,0.0166666666671679,0.016667376207829,0.0166666666670653,0.2263,0.2263,0.2263
44.53266525268555,44.53266525268555,363343500,20200228,TSLA,45.26666641235352,44.53266525268555,0,0.11354195197269915,0.1135416078972457,0.01354166666705795,0.0135416666671358,0.30104095491017535,0.01354175524534245,0.0760416759457497,0.0135420206629857,0.2010417265185003,0.01354166666707205,0.1135416401790464,0.0135416666669891,0.0,0.2023,0.10115
49.574668884277344,49.574668884277344,302925000,20200302,TSLA,44.53266525268555,49.574668884277344,1,0.012566326832906968,0.012566591878515165,0.10780372944121053,0.11430514819435174,0.012566169667681168,0.060185169277308465,0.1554228195723165,0.012566257315788134,0.47431916673330926,0.012566154910504099,0.012566328609802132,0.0125661375663055,0.0,0.4588,0.15293333333333334
49.70066833496094,49.70066833496094,386760000,20200303,TSLA,49.574668884277344,49.70066833496094,1,0.29251206578794897,0.14305562785338516,0.01805591017583125,0.0805552991699309,0.01805557020446815,0.08055542558700073,0.018055655974438124,0.018055668715435076,0.0743029089522067,0.0680555098431842,0.10818472722752774,0.08055563050864242,-0.1779,0.8176,0.337325
49.96666717529297,49.96666717529297,225735000,20200304,TSLA,49.70066833496094,49.96666717529297,1,0.0173612520733791,0.15843048286823536,0.017361428014914325,0.017361202458090075,0.06275867407058419,0.14236093395238159,0.4119209159802535,0.017361192512544123,0.01736126528725995,0.017361437665052624,0.017361230934718825,0.10299998418258585,-0.296,0.8885,0.35934999999999995
40.53333282470703,40.53333282470703,256105500,20200309,TSLA,46.89866638183594,40.53333282470703,0,0.0098381442349121,0.00983806514773025,0.0098380457322737,0.07233796944846335,0.07233802233146071,0.009838122988841451,0.16428037360565745,0.0098379713601233,0.5236952195377885,0.00983805454018815,0.09848194958930305,0.0098380614832574,-0.296,-0.0342,-0.1651
43.02199935913086,43.02199935913086,233916000,20200310,TSLA,40.53333282470703,43.02199935913086,1,0.02138910826280806,0.02138902001310464,0.11784236667877894,0.22796201085038223,0.1213876933508744,0.02138897109318836,0.15472187549637453,0.07138883724908221,0.021389134376695578,0.08805604633896173,0.11169600497107604,0.02138893131867278,0.0,0.6688,0.23228
42.28200149536133,42.28200149536133,199837500,20200311,TSLA,43.02199935913086,42.28200149536133,0,0.06813207355842232,0.05628305190908144,0.08818404711855309,0.056283088501304826,0.09199719366025491,0.15163493229550848,0.09199731442900401,0.15152139029430736,0.056283103828820104,0.06501331595681778,0.10210158621488152,0.020568902233043584,-0.8779,0.836,0.11495714285714285
29.67133331298828,29.67133331298828,307342500,20200316,TSLA,36.44133377075195,29.67133331298828,0,0.014153454254533834,0.014153442370791166,0.014153439153839133,0.06970897604208963,0.11297012901595149,0.014153481458330201,0.19488219405253468,0.08658403922282054,0.19343240675447446,0.2575009702242306,0.014153899226240232,0.014153568224163636,0.0,0.4215,0.24656666666666668
28.68000030517578,28.68000030517578,359919000,20200317,TSLA,29.67133331298828,28.68000030517578,0,0.23205739867128003,0.022280145555338724,0.022280281277005327,0.022280126518654998,0.2083357978650074,0.022280200493221377,0.10561327774505919,0.02228037116563095,0.13365281271396529,0.022280193446650526,0.16437917825666287,0.0222802162915227,-0.9231,0.8074,0.14615
24.08133316040039,24.08133316040039,356793000,20200318,TSLA,28.68000030517578,24.08133316040039,0,0.04311942846908993,0.0148683882545569,0.06958284458922456,0.044662179858404295,0.014868233618486965,0.056840259062203996,0.014868271694903465,0.27928461703482244,0.2951193666583838,0.07988883766219276,0.07202909755833527,0.014868475539395068,-0.4939,0.6114,0.03916666666666668
28.50933265686035,28.50933265686035,452932500,20200319,TSLA,24.08133316040039,28.50933265686035,1,0.08477428568317444,0.05819808173619009,0.04147696000069192,0.04724185939406256,0.10137993477060625,0.04986477020292202,0.32475993286155486,0.04153137828860856,0.03471348026706924,0.06633014691520084,0.0665311268096795,0.08319804307023919,-0.796,0.4404,-0.08682
28.50200080871582,28.50200080871582,424282500,20200320,TSLA,28.50933265686035,28.50200080871582,0,0.015025330735458533,0.015025432124622401,0.1816919912257283,0.015025670343139933,0.015025252525824567,0.015025256540937669,0.47940077250764745,0.045610231726195466,0.0594581625505746,0.12866123701581514,0.015025370452402667,0.015025292251652701,-0.4341,0.5187,0.1486
28.952667236328125,28.952667236328125,246817500,20200323,TSLA,28.50200080871582,28.952667236328125,1,0.11124783937110772,0.08050812758571202,0.060693286601443616,0.0201852946926677,0.020185344199406537,0.02018531972510744,0.18066089451582407,0.1201852008754661,0.02018525194206566,0.1766870552018042,0.04841185360464276,0.14086453168475166,-0.1027,0.6369,0.35116
33.66666793823242,33.66666793823242,343428000,20200324,TSLA,28.952667236328125,33.66666793823242,1,0.3383873534079573,0.014540868469121001,0.01454120992706114,0.04311246707758692,0.22406429699539504,0.014541072732476243,0.16334978388444346,0.014540916134031242,0.038350442277310874,0.014540995808939128,0.10548974486432929,0.014540848421347799,-0.3818,0.9423,0.5101857142857142
35.95000076293945,35.95000076293945,318340500,20200325,TSLA,33.66666793823242,35.95000076293945,1,0.013492267081458066,0.013492499148889366,0.2801582308965882,0.07143398402175886,0.061111217215352065,0.08620583603262333,0.12515954838505383,0.013492467981740834,0.013492063492351066,0.18753859532653783,0.050787782458002396,0.08363550795964347,-0.6378,0.5574,0.10716666666666665
35.21066665649414,35.21066665649414,260710500,20200326,TSLA,35.95000076293945,35.21066665649414,0,0.02083333333366655,0.02083338610730015,0.0208336288373768,0.02083333333365335,0.2778025981948087,0.020833438608850903,0.02083364958969565,0.0208333333336334,0.1388635246831518,0.3958319648721018,0.0208333333335377,0.02083447577222285,0.0,0.0,0.0
34.29066848754883,34.29066848754883,215661000,20200327,TSLA,35.21066665649414,34.29066848754883,0,0.01601851851875036,0.07618063927098362,0.01601868126411264,0.040856312853408724,0.359351973348032,0.01601852989681114,0.25274776680805217,0.03873354920283056,0.01601853072529854,0.13601842347501983,0.01601852374567658,0.01601855089102348,-0.2023,0.9197,0.32242
33.47533416748047,33.47533416748047,179971500,20200330,TSLA,34.29066848754883,33.47533416748047,0,0.0119047619049228,0.0119047619048885,0.0119047619048908,0.0119047762484833,0.1563140282456675,0.0119047619049128,0.011904761904892,0.0119047619049068,0.7246382112175789,0.0119048022450551,0.0119048487089327,0.0119047619048681,0.4019,0.4019,0.4019
34.93333435058594,34.93333435058594,266572500,20200331,TSLA,33.47533416748047,34.93333435058594,1,0.0462963780626256,0.0462962962965053,0.10450209935769075,0.10185172101421945,0.04629670580620855,0.10762692904760246,0.3156477214420337,0.04629629629653555,0.04629629629650405,0.0462962962965168,0.0462968239353481,0.04629643614820925,0.09,0.6808,0.38539999999999996
32.104000091552734,32.104000091552734,200298000,20200401,TSLA,34.93333435058594,32.104000091552734,0,0.23958930413921614,0.0107324890327308,0.010732632290191599,0.01073251493861795,0.0107324514100769,0.1210328804670073,0.3136902506089913,0.0107324136320445,0.01073308234772315,0.01073299338137895,0.239826627037868,0.01073236071415285,0.0,0.7959,0.39795
30.29800033569336,30.29800033569336,297876000,20200402,TSLA,32.104000091552734,30.29800033569336,0,0.11254125294860326,0.035954248049429614,0.07760497200575975,0.0930969785469832,0.12784176546111714,0.018096981254178787,0.2125341408887457,0.11913159761984957,0.04309691508685847,0.08952547820912281,0.05247872566362303,0.01809694426572815,-0.7845,0.8,-0.102225
32.000667572021484,32.000667572021484,338431500,20200403,TSLA,30.29800033569336,32.000667572021484,1,0.017502841625288514,0.15780897247512585,0.04460857517741529,0.0889314465149038,0.0643541786888324,0.08893097125024382,0.16720935378471888,0.050553662375570116,0.14505339918705257,0.07048891731788214,0.06806463747301286,0.036493044129953287,-0.4767,0.7082,0.2239857142857143
34.41600036621094,34.41600036621094,223527000,20200406,TSLA,32.000667572021484,34.41600036621094,1,0.041666830929687836,0.04166666666676803,0.04166666666676986,0.1527771701791435,0.0416666666667938,0.04166666666678747,0.15277819618790214,0.15277777725273367,0.04166693583507607,0.041666666666773565,0.20833308961481187,0.0416666666667517,0.0,0.4497,0.1499
36.36333465576172,36.36333465576172,268797000,20200407,TSLA,34.41600036621094,36.36333465576172,1,0.0277782119048666,0.1944447517143483,0.02777787569113405,0.02777790742341095,0.02777810806253565,0.02777777777819575,0.0277777777781381,0.02777808766423805,0.0277777777781264,0.02777877639684785,0.5277748237962094,0.0277781240119482,0.0,0.7543,0.37715
36.589332580566406,36.589332580566406,189840000,20200408,TSLA,36.36333465576172,36.589332580566406,1,0.014660674935382367,0.26466006600366143,0.12577147270870928,0.0146606996346876,0.014660583647060701,0.18132673005636468,0.15538218623478664,0.014660676963993166,0.014660501307101101,0.014660697051266866,0.1702352072024885,0.014660504254497135,-0.3612,0.5106,0.17020000000000002
38.20000076293945,38.20000076293945,204750000,20200409,TSLA,36.589332580566406,38.20000076293945,1,0.020833899454286847,0.0208336400986503,0.0208346326481996,0.02083343335201185,0.1458338150562527,0.1308087839627324,0.0208337879847637,0.020833692575727147,0.0208333978788411,0.14583332266750482,0.4108542609871303,0.02083333333389865,-0.5423,-0.4019,-0.47209999999999996
43.39666748046875,43.39666748046875,337131000,20200413,TSLA,38.20000076293945,43.39666748046875,1,0.026389050123627435,0.0263889110361966,0.2430549764601281,0.026389287802867565,0.0263889966876024,0.026388888889053132,0.1097218159667025,0.09305566978531277,0.1097220587323301,0.026389038323433565,0.026389200425632798,0.2597221057671127,-0.4939,0.4341,0.11403333333333332
47.32600021362305,47.32600021362305,458647500,20200414,TSLA,43.39666748046875,47.32600021362305,1,0.1400465507191519,0.27468847083139825,0.015046296296799301,0.015046627837348201,0.015046320738925551,0.2650453277229937,0.1998480619053142,0.015046421295272751,0.01504629629678725,0.0150470325298898,0.01504629629668145,0.015046297529437098,0.6318,0.7809,0.70635
48.65533447265625,48.65533447265625,353655000,20200415,TSLA,47.32600021362305,48.65533447265625,1,0.0138892200410628,0.6590553695700706,0.0138888888894597,0.0138890445159813,0.0138894487060779,0.0138888888895568,0.2020542677967687,0.0138893160334106,0.013888888889446,0.0138888888894801,0.013888888889326,0.0138888888893591,0.4854,0.4854,0.4854
49.68066787719727,49.68066787719727,309868500,20200416,TSLA,48.65533447265625,49.68066787719727,1,0.05370075758545782,0.11660844618504045,0.03763575601327657,0.02781586978616172,0.09648741208029472,0.03184965971840561,0.16577715828484876,0.05636951270309782,0.15511022492270007,0.05218422327632703,0.15234421381714006,0.05411676562724888,-0.836,0.9393,0.19531428571428572
50.25933456420898,50.25933456420898,196923000,20200417,TSLA,49.68066787719727,50.25933456420898,1,0.1326093640690479,0.11597214142265413,0.06597248806057204,0.01597243007162698,0.01597238220520152,0.015972441378943943,0.08574860238931012,0.041736476655076224,0.06597214164678053,0.1159716185362019,0.31212761178956416,0.015972301775020143,-0.2617,0.4939,0.018400000000000007
45.78133392333984,45.78133392333984,303136500,20200421,TSLA,49.75733184814453,45.78133392333984,0,0.023148148148691632,0.0231481481485757,0.023148166983310233,0.023148457428038834,0.10648156643433841,0.023148241246997266,0.21759235501143934,0.023148148148637537,0.023148632266913067,0.0231481481485992,0.46759183988595154,0.02314814814850673,0.0,0.9454,0.5806
48.80733489990234,48.80733489990234,212482500,20200422,TSLA,45.78133392333984,48.80733489990234,1,0.033320369512215224,0.03523637555890282,0.039676650117904964,0.10796358853522708,0.12323814293665393,0.20859635144079283,0.11175126356033145,0.04196534713456198,0.054300422428866506,0.037598270057769584,0.14514299214408638,0.06121022657268676,-0.8271,0.6996,0.11919090909090911
47.04199981689453,47.04199981689453,198550500,20200423,TSLA,48.80733489990234,47.04199981689453,0,0.034911886259420516,0.08945709366941249,0.06218433191866581,0.016730014091736873,0.09735717539123495,0.03945724717709954,0.12563010159889276,0.10832733497424564,0.11369922535506549,0.11617155374278171,0.12285900786977488,0.07321502795166887,-0.0525,0.6597,0.2611818181818182
48.34333419799805,48.34333419799805,198180000,20200424,TSLA,47.04199981689453,48.34333419799805,1,0.08489574337030732,0.0223961265179034,0.08489542381334375,0.022396160109584576,0.022396244814501323,0.0848960064110461,0.022396025829267124,0.2411460359693674,0.1473950458811644,0.12239555565395338,0.022396436156789375,0.1223951954727714,-0.3182,0.7959,0.27122500000000005
53.25,53.25,310221000,20200427,TSLA,48.34333419799805,53.25,1,0.0790121211550896,0.06049377553911454,0.05123460262524587,0.07172316193224601,0.1530864464192767,0.0640796474160566,0.02345689907093479,0.051234551047240985,0.1530866204324216,0.10679011963592679,0.1623452646026824,0.0234567901237636,-0.3736,0.7725,0.08714444444444444
53.367332458496094,53.367332458496094,243240000,20200429,TSLA,51.27466583251953,53.367332458496094,1,0.1805553962752398,0.0138888888893781,0.1805553265150273,0.3472211616822919,0.0138899574975218,0.0138888888894717,0.0138891214571252,0.013888954657117,0.1805553347407333,0.0138888888894049,0.0138890156097869,0.0138890648969015,-0.0387,-0.0387,-0.0387
52.12533187866211,52.12533187866211,427078500,20200430,TSLA,53.367332458496094,52.12533187866211,0,0.02083338826125855,0.020834022992435624,0.31249916510683723,0.24982207599472708,0.0208333333337669,0.0208337701277561,0.08333308500723327,0.0833333277498534,0.12517752012778094,0.020833333333697926,0.02083351177809245,0.020833466186560026,-0.5994,0.8869,0.071875
46.75466537475586,46.75466537475586,487977000,20200501,TSLA,52.12533187866211,46.75466537475586,0,0.08749998793116713,0.1060183495195472,0.022685188405166687,0.07824067864956936,0.15416621106210182,0.022685247613137213,0.022685526076963846,0.05972225948597931,0.10046321553311838,0.0967592480143872,0.2263889025233965,0.022685185185464845,-0.802,0.7717,0.022866666666666664
50.74599838256836,50.74599838256836,288556500,20200504,TSLA,46.75466537475586,50.74599838256836,1,0.05891206565952606,0.017245403500003767,0.14224532212123256,0.0172453992523915,0.017245370370770834,0.04502317525004138,0.09793944429556557,0.017245606589005518,0.061762397449338265,0.1700229611424454,0.33786747313335197,0.01724538123632665,-0.5487,0.5994,-0.12956666666666664
51.2140007019043,51.2140007019043,254875500,20200505,TSLA,50.74599838256836,51.2140007019043,1,0.12487570763149045,0.0165185929865603,0.0636760656101405,0.016517977388979574,0.0165185572160794,0.2049855694094096,0.11651792074667827,0.17431765126623255,0.21651728162189401,0.016518815825921424,0.016517901769534073,0.016517958527079227,-0.4215,0.8126,0.037425
52.172000885009766,52.172000885009766,166848000,20200506,TSLA,51.2140007019043,52.172000885009766,1,0.026041666666820427,0.026041666666787602,0.15104156899899393,0.026041722101529975,0.026041765671606626,0.06770827751189352,0.0885415664884122,0.10937500098619225,0.3177080882858796,0.02604166666679425,0.026042010941189624,0.10937499901389944,-0.34,0.636,0.32094999999999996
52.00266647338867,52.00266647338867,172915500,20200507,TSLA,52.172000885009766,52.00266647338867,0,0.05444643969896391,0.10059283549005742,0.11175856030040295,0.032855891906628826,0.022599468905115383,0.08660383987864616,0.16173568801105878,0.037726280346372605,0.04632185854194316,0.036764419835547894,0.2924053420534781,0.016189375031784258,-0.4341,0.8271,0.127575
54.62799835205078,54.62799835205078,241297500,20200508,TSLA,52.00266647338867,54.62799835205078,1,0.035258117371498504,0.01445129726570879,0.13563747609361337,0.07767838292393911,0.07982524710853776,0.032969803803735404,0.07606760651566766,0.034398538136937835,0.15533048553359263,0.13354802488298712,0.19324084766479732,0.031594172698984006,-0.7964,0.8787,0.26816666666666666
54.08599853515625,54.08599853515625,247794000,20200511,TSLA,54.62799835205078,54.08599853515625,0,0.02455366007680047,0.024553771520924732,0.02455375808875555,0.3817631110837445,0.024553571428990752,0.024553698273656232,0.26473103605661025,0.04918955103946331,0.08010901568872436,0.02455370103334323,0.02455369003339145,0.052331435675594666,-0.4767,0.8748,0.20513333333333336
53.96066665649414,53.96066665649414,238603500,20200512,TSLA,54.08599853515625,53.96066665649414,0,0.01907427190961102,0.08574083913050998,0.2090730184228428,0.2575646091411885,0.08574114813206798,0.01907447892785698,0.12707243327728826,0.06353468567267095,0.019074143063414838,0.01907427596216824,0.01907419961635248,0.07590189674402732,-0.6124,0.7334,0.08826
52.73066711425781,52.73066711425781,285982500,20200513,TSLA,53.96066665649414,52.73066711425781,0,0.08819455571927934,0.0381944483883066,0.08173371282779948,0.04652796230487134,0.11132136797613909,0.02152783853504996,0.10486093624565226,0.021527875720745097,0.28813434802008986,0.02152777777805856,0.15492096209135514,0.021528214392652678,-0.6597,0.6588,0.18242000000000003
53.55533218383789,53.55533218383789,205233000,20200514,TSLA,52.73066711425781,53.55533218383789,1,0.0138894263610103,0.1903032377547561,0.504140226820723,0.0138889815622735,0.0138888888892696,0.1805555361544683,0.0138889992129591,0.0138891361833475,0.0138888888891905,0.013888888889209,0.0138889003936489,0.0138888888891435,0.0,0.0,0.0
53.27799987792969,53.27799987792969,157776000,20200515,TSLA,53.55533218383789,53.27799987792969,0,0.0903653880132963,0.04865033943156023,0.08524295998987667,0.04968508713600486,0.059611618315635176,0.06333243245376621,0.07584519059348824,0.10510566111812085,0.09530333464461997,0.15100862895782768,0.04804964683348628,0.12779971251231698,-0.8126,0.8996,0.0845913043478261
54.242000579833984,54.242000579833984,174987000,20200518,TSLA,53.27799987792969,54.242000579833984,1,0.014099345814960898,0.06781539975454903,0.0140995077586299,0.014099726814288968,0.35809364558683837,0.0140993581307036,0.22866453689922753,0.04440232908709893,0.09046636871348236,0.014099393391259499,0.12596091378167615,0.014099474267284098,0.0,0.8316,0.5007
53.867332458496094,53.867332458496094,144547500,20200519,TSLA,54.242000579833984,53.867332458496094,0,0.0416666666673548,0.0416666666672079,0.0416666666672178,0.0416666666673275,0.0416666666673457,0.0416666666673119,0.0416666666672228,0.0416666666672863,0.5416666666602781,0.0416666666672377,0.0416666666670885,0.0416666666671206,-0.5093,-0.5093,-0.5093
54.45866775512695,54.45866775512695,149812500,20200522,TSLA,55.17333221435547,54.45866775512695,0,0.043287272356747376,0.04328716236069302,0.15439723754077225,0.10353353384655684,0.04328718356068162,0.08798171170086483,0.15439816274058607,0.04328710404067875,0.12532009368963554,0.04328752651527725,0.08625386242168481,0.07167914922582115,0.0,0.6808,0.11346666666666666
54.68199920654297,54.68199920654297,173242500,20200527,TSLA,54.5913314819336,54.68199920654297,1,0.0208333333338508,0.0208333333337405,0.0208333333337479,0.0208333333338305,0.0208333333338441,0.2708333485515363,0.0208333333337517,0.0208333333337994,0.2708333396175404,0.0208334874999921,0.2708331576606909,0.0208333333336749,0.296,0.296,0.296
55.66666793823242,55.66666793823242,176467500,20200529,TSLA,53.72066879272461,55.66666793823242,1,0.015625172453643997,0.0156251585328383,0.15515296842753154,0.0156250856986812,0.0781248781895452,0.0156250000002015,0.32719965057517747,0.0156250001203002,0.01562500000016805,0.01562500000017835,0.31452166626717976,0.0156254197345539,0.1882,0.6079,0.39805
59.87333297729492,59.87333297729492,224092500,20200601,TSLA,55.66666793823242,59.87333297729492,1,0.1033615808356158,0.14236105240136054,0.017361111111384102,0.01736111111143845,0.01736111111144745,0.0173611705529862,0.01736111111138655,0.01736111111141805,0.0173613607016544,0.2673611436593278,0.3480270251806441,0.01736111111133605,-0.296,0.0,-0.148
57.62533187866211,57.62533187866211,133315500,20200604,TSLA,58.86399841308594,57.62533187866211,0,0.39601930663421014,0.0067708997806138,0.00677114227013885,0.00677088638119975,0.24399708603878975,0.0067708954407095,0.00677084421241775,0.0067708389065959,0.12415063489084245,0.006770998674581899,0.18166558856342485,0.006770878206474949,0.7459,0.8316,0.7887500000000001
59.04399871826172,59.04399871826172,117178500,20200605,TSLA,57.62533187866211,59.04399871826172,1,0.0277777777780907,0.0277777777780239,0.0277777777780285,0.0277777777780783,0.0277777777780866,0.0277777777780711,0.0277777777780307,0.0277777777780596,0.0277781685785315,0.0277777777780375,0.6944440536409769,0.0277777777779843,0.0,0.0,0.0
63.32799911499024,63.32799911499024,212620500,20200608,TSLA,59.04399871826172,63.32799911499024,1,0.04517782031536395,0.11973068187463815,0.11018424307338698,0.008619805959902626,0.00861975647640125,0.00861980451897795,0.15694851435183205,0.00861982219409515,0.04092062905709895,0.00861986246246965,0.40076662748923114,0.08317243222660162,-0.5267,0.743,-0.0007249999999999757
68.336669921875,68.336669921875,278451000,20200610,TSLA,62.711334228515625,68.336669921875,1,0.02514970096559724,0.07274477734404618,0.0827481252741489,0.14109582148891817,0.03196098359161619,0.0664255996136208,0.02912151752619771,0.11077648014395713,0.10221029100732264,0.08686978008887178,0.22613799619293432,0.024758926762768415,-0.9475,0.8957,0.2515928571428571
64.85600280761719,64.85600280761719,238747500,20200611,TSLA,68.336669921875,64.85600280761719,0,0.0131629277047176,0.08134475155353488,0.038962417793787854,0.013163147091635175,0.013163157071537925,0.06645636558125616,0.07566291927406328,0.06316302080003405,0.013163029440824776,0.08800256921060533,0.5205928132185379,0.013162881259464576,0.0,0.8462,0.39454999999999996
66.05999755859375,66.05999755859375,235458000,20200615,TSLA,62.35200119018555,66.05999755859375,1,0.11403988112233025,0.009727495902588543,0.08782591123492782,0.08909254604134169,0.05128404784943428,0.04600855014279304,0.07629273930385332,0.027584535565697628,0.20822384836399396,0.009727604689246414,0.2704653060693361,0.009727533714456357,-0.6901,0.8515,-0.02217142857142858
65.47533416748047,65.47533416748047,210766500,20200616,TSLA,66.05999755859375,65.47533416748047,0,0.03819451432670211,0.03725928550276555,0.09930549585191815,0.015972376158703745,0.09004628886653365,0.0632377838867917,0.015972338002640023,0.02986110248970816,0.11954026091810273,0.07236627070972551,0.3606054164386203,0.05763886684778784,-0.296,0.8047,0.10098888888888889
66.9306640625,66.9306640625,146278500,20200618,TSLA,66.11933135986328,66.9306640625,1,0.2708327139980793,0.0208339214938567,0.5208279985188541,0.0208335668952215,0.0208338548057144,0.0208334620147749,0.0208347172207984,0.0208333339659108,0.0208338147208313,0.0208336958084639,0.0208355872238577,0.0208333333336364,0.0,0.0,0.0
66.72666931152344,66.72666931152344,130195500,20200619,TSLA,66.9306640625,66.72666931152344,0,0.017129633601308435,0.23379475434815636,0.017130504290124467,0.1004632935769325,0.017129629630039032,0.1504630329797597,0.0171299549003246,0.017129630369115936,0.23565862379323885,0.1004624651115325,0.07637884776956377,0.017129629629903432,-0.1027,0.6597,0.3196333333333333
66.28800201416016,66.28800201416016,95436000,20200622,TSLA,66.72666931152344,66.28800201416016,0,0.01230165671609463,0.09447581890169458,0.25039643784784116,0.08936853199419531,0.012301752870364599,0.012301607846782135,0.2921514277885216,0.13987711736494335,0.012301666610613866,0.01230158730206,0.012302012021372233,0.059920382735516066,0.0,0.0,0.0
66.78533172607422,66.78533172607422,95479500,20200623,TSLA,66.28800201416016,66.78533172607422,1,0.0119048704502445,0.1547617672527157,0.1547619101279136,0.0119047619050469,0.0119063037139233,0.0119047917256622,0.0119047619050017,0.1734534965909447,0.0119047619049939,0.0119054800946152,0.0119047619049439,0.4217823324239938,-0.2357,-0.2357,-0.2357
64.0566635131836,64.0566635131836,164394000,20200624,TSLA,66.78533172607422,64.0566635131836,0,0.11516175854013742,0.28657345809999435,0.017939922566042724,0.01793983496285335,0.017939814815364823,0.22847214458245507,0.0179401829305762,0.10732645658980212,0.13688626522619124,0.017939895449602623,0.017940137032295002,0.017940129204684574,0.0,0.7003,0.2875
65.73200225830078,65.73200225830078,138817500,20200625,TSLA,64.0566635131836,65.73200225830078,1,0.09704432531100478,0.06673752873067336,0.013711330713650867,0.08208739394526769,0.013710826211315,0.03760726046916293,0.31523211539472906,0.08825540046803264,0.06499289849150713,0.16638943996738856,0.013711964536963868,0.04051951576030343,-0.4003,0.6808,0.04313333333333332
63.982666015625,63.982666015625,132823500,20200626,TSLA,65.73200225830078,63.982666015625,0,0.01458360082178355,0.12673075742620474,0.2854153062622629,0.058397629127172224,0.014583601838744551,0.038295785694633024,0.2145834782495972,0.060936509984194,0.0145833493413758,0.03541681027990475,0.056250181608790376,0.08022298936533655,-0.34,0.5255,0.046374999999999986
67.29000091552734,67.29000091552734,135396000,20200629,TSLA,63.982666015625,67.29000091552734,1,0.1726694535199227,0.01851858962893485,0.0185188238392488,0.0185186434846255,0.3718870033679828,0.01851851851915105,0.19770067546175316,0.01851856686372055,0.01851851851904605,0.1095940847901342,0.0185185347786038,0.0185185872268761,0.3612,0.9186,0.6399
71.98733520507812,71.98733520507812,253777500,20200630,TSLA,67.29000091552734,71.98733520507812,1,0.08991675077682737,0.020635440841037165,0.020635221312716598,0.1873017278397976,0.20507241443003563,0.020635031189736034,0.02063517559052967,0.020634942235145733,0.0206349391663545,0.3526282790914747,0.02063509894463497,0.020634978581709634,-0.9228,0.5994,-0.10779999999999997
74.64199829101562,74.64199829101562,199903500,20200701,TSLA,71.98733520507812,74.64199829101562,1,0.21578531644224105,0.017729707018560838,0.017729865394983925,0.13205252564221048,0.10939609940016101,0.06772980028641995,0.01772944832929014,0.1552286573977773,0.017729466039527464,0.11157713634948943,0.11958254598927483,0.017729431710063026,-0.2263,0.908,0.39427500000000004
80.57733154296875,80.57733154296875,258751500,20200702,TSLA,74.64199829101562,80.57733154296875,1,0.03992141824089748,0.12766070400013563,0.14784354757564194,0.08426799412788605,0.06554575906086507,0.11055613343040109,0.11021720960959744,0.055674496241720356,0.03992153073198765,0.10749680589705961,0.03835151593667442,0.07254288514713268,-0.1027,0.955,0.3545277777777778
92.65733337402344,92.65733337402344,322345500,20200707,TSLA,91.43866729736328,92.65733337402344,1,0.14002852201978044,0.01014968364176545,0.0770077926165699,0.06189958758407825,0.0101496807079453,0.30124305012278957,0.0101496656889453,0.12225367412336476,0.01015000880748735,0.010149666726153899,0.23666890755680092,0.01014976040431835,0.1007,0.9042,0.50245
91.05867004394533,91.05867004394533,244669500,20200708,TSLA,92.65733337402344,91.05867004394533,0,0.017361276521801,0.01736114679378605,0.3923603481549968,0.01736119998114785,0.01736111111145045,0.01736111111143345,0.434027322971788,0.01736111127341835,0.01736111180509165,0.0173620306227508,0.017361118540997048,0.01736111111133805,-0.3597,0.6588,0.14955000000000002
92.9520034790039,92.9520034790039,175764000,20200709,TSLA,91.05867004394533,92.9520034790039,1,0.09965273726839127,0.09965266809259363,0.037152803817646005,0.03715277777811232,0.12048604460866938,0.037152938696686025,0.037152847629245,0.2704858282410965,0.09965283303642315,0.08715286672182687,0.0371528763313017,0.03715277777800763,-0.7003,0.636,-0.060899999999999996
102.97666931152344,102.97666931152344,350064000,20200710,TSLA,92.9520034790039,102.97666931152344,1,0.019357727543628713,0.12151590150467867,0.1534920211326318,0.04435765164239145,0.0193577138838541,0.019357805884351164,0.08504392151713586,0.1042212327371579,0.019357940744497,0.23361720822206933,0.08283824900772212,0.09748262617988136,-0.7351,0.8316,0.2489625
99.8040008544922,99.8040008544922,584781000,20200713,TSLA,102.97666931152344,99.8040008544922,0,0.0498035957231869,0.0597635917839606,0.07464553828437302,0.03595403892377188,0.11928693001867387,0.034274948662509935,0.04309696883828395,0.018097123786157986,0.12672807332381342,0.018097045936042777,0.4021551473718823,0.018096997347342873,-0.5106,0.8519,0.3208625
101.12000274658205,101.12000274658205,351271500,20200714,TSLA,99.8040008544922,101.12000274658205,1,0.015436614904892499,0.05304587963508249,0.13542628204238966,0.19144113940330856,0.06543658306901934,0.14947858868790825,0.01543692211765178,0.08877992563024661,0.055886189603200576,0.0154368359715062,0.19875843592717946,0.015436603007614,0.0,0.7269,0.36928
103.06732940673828,103.06732940673828,245517000,20200715,TSLA,101.12000274658205,103.06732940673828,1,0.06925850070032755,0.23979422169321393,0.08720364479595466,0.14757487808397807,0.036607392606209134,0.06021490249254274,0.16719299262582624,0.016198987705817458,0.01619925096909417,0.03751582128916471,0.05191335538275527,0.07032605165511552,-0.765,0.6249,-0.20507142857142857
109.53333282470705,109.53333282470705,256821000,20200720,TSLA,100.05599975585938,109.53333282470705,1,0.016203818180551267,0.09073469385956623,0.016203733558015198,0.29398110779453746,0.016203703703866233,0.09953724943009884,0.21945117138657444,0.0162037235483274,0.18286929832353052,0.016203703703840368,0.0162040888421509,0.016203707668940536,0.0,0.4753,0.15843333333333334
104.55733489990234,104.55733489990234,241608000,20200721,TSLA,109.53333282470705,104.55733489990234,0,0.02488468770649783,0.19155037808831657,0.06655133006266735,0.1082179441819957,0.024884331015201933,0.07014514980473635,0.06655092396129246,0.2087891943016955,0.024884259260112385,0.06655096010059273,0.08043984865564226,0.06655099286124842,0.0,0.4926,0.21814999999999998
106.15533447265624,106.15533447265624,212416500,20200722,TSLA,104.55733489990234,106.15533447265624,1,0.02777813219985877,0.0277778036654321,0.21336233900955215,0.027777940074660668,0.027777777778219468,0.027778315864560598,0.027777777778139435,0.0277777777781808,0.027777777778127732,0.19444463210488228,0.3421919481903124,0.0277777777780731,0.0,0.7003,0.23343333333333335
100.87133026123048,100.87133026123048,364927500,20200723,TSLA,106.15533447265624,100.87133026123048,0,0.10969044889454008,0.0560546966494713,0.10770953248094654,0.024463582879946624,0.024463383838732176,0.14946338739436507,0.0244638438217502,0.10788330136624265,0.17911912853400935,0.0244633863835643,0.16776192391781447,0.024463383838616723,0.0,0.8764,0.5274749999999999
94.46666717529295,94.46666717529295,290949000,20200724,TSLA,100.87133026123048,94.46666717529295,0,0.04807871053095303,0.0730788462801111,0.02307905664354776,0.13725582331763492,0.023078859063212432,0.023078765206534478,0.20557835454373435,0.09307877841058845,0.054889543166405305,0.06699701348022503,0.08974545880057676,0.1620607905564758,-0.3595,0.8957,0.15567
102.63999938964844,102.63999938964844,240730500,20200727,TSLA,94.46666717529295,102.63999938964844,1,0.13231557775813071,0.07807590605212487,0.015542458804985566,0.015542768042470465,0.1822089046696764,0.015542382217217201,0.2019594180262799,0.0631613129890257,0.09887563118133234,0.015542358678235802,0.16569088617235692,0.0155423954081636,0.2585,0.8015,0.5387666666666667
98.43267059326172,98.43267059326172,237130500,20200728,TSLA,102.63999938964844,98.43267059326172,0,0.013541666667664102,0.01354275333663085,0.07860959335281914,0.01354166666762445,0.0135416677416468,0.27603878986655644,0.013544140958200751,0.013541666667564699,0.3234730013787237,0.013541666667494248,0.1135417066357476,0.11354168005932685,-0.6187,-0.3182,-0.46845000000000003
99.94066619873048,99.94066619873048,141403500,20200729,TSLA,98.43267059326172,99.94066619873048,1,0.017559523809946798,0.182913345870068,0.01755977166154695,0.017559841915418675,0.0175595238099413,0.017559542179399024,0.10533147669507709,0.017559619355553224,0.017559607674849726,0.13725096395227718,0.2412188776575489,0.21036790541837264,0.0,0.4284,0.207575
99.16600036621094,99.16600036621094,114315000,20200730,TSLA,99.94066619873048,99.16600036621094,0,0.07772773329030568,0.032228044184433265,0.04598248864849514,0.03407745338004447,0.07574418870714612,0.1303952607311346,0.056324956617539994,0.10301482687899521,0.10400875346053601,0.0971688740787593,0.20032145763562212,0.04300596238698756,-0.4145,0.802,0.21062499999999998
95.38400268554688,95.38400268554688,183123000,20200731,TSLA,99.16600036621094,95.38400268554688,0,0.020833333334323002,0.2708331631830639,0.020833404894365297,0.14583353585177325,0.1458333049128068,0.0208340569921834,0.0208333333341378,0.14583177636652245,0.0208334900216729,0.14583362541784278,0.02083364235732165,0.020833333333986452,0.0,0.6249,0.31245
99.0,99.0,132139500,20200803,TSLA,95.38400268554688,99.0,1,0.0119047979298495,0.0119050099399898,0.0119047731587755,0.0119052484521692,0.4379406024294271,0.0119049786238554,0.0119049086217512,0.0119049219668022,0.0119047619049815,0.0119049952891495,0.4430102397783014,0.0119047619049472,0.0,0.0,0.0
99.13333129882812,99.13333129882812,126225000,20200804,TSLA,99.0,99.13333129882812,1,0.0104166666673644,0.010416685531667,0.0104166666672255,0.137697935436169,0.0104166666673552,0.3831341227125672,0.0104175932291146,0.0104166666672949,0.0104177919325196,0.0104166666672456,0.3854158644894773,0.0104166733319991,0.0,0.0,0.0
99.00133514404295,99.00133514404295,74217000,20200805,TSLA,99.13333129882812,99.00133514404295,0,0.01289691853381815,0.012897292593259151,0.012896893643290299,0.01289682539712315,0.01289682539713135,0.012896825397116,0.08528038407653214,0.01289713198901405,0.1150878606561836,0.012896849121445151,0.6835593677980565,0.01289682539703,0.0,0.631,0.3155
96.84733581542967,96.84733581542967,133446000,20200807,TSLA,99.30533599853516,96.84733581542967,0,0.12555532666408153,0.025555555555891903,0.02555555555589804,0.02555568080653542,0.06555560631795125,0.025555768172052778,0.12555485716141315,0.025555555555940617,0.47888845955291515,0.025556054850157724,0.02555602425132414,0.025555555555837717,-0.34,0.7096,0.2212
91.6259994506836,91.6259994506836,129387000,20200811,TSLA,94.5713348388672,91.6259994506836,0,0.030324238950888684,0.030324074074594965,0.05491306834874532,0.07476902820945204,0.055324167789870385,0.03032423910304366,0.18899329285359107,0.05664731146984096,0.1633443438074183,0.030324098265035397,0.25438806305300776,0.030324074074511043,-0.296,0.5267,-0.013060000000000006
108.06666564941406,108.06666564941406,306379500,20200813,TSLA,103.65066528320312,108.06666564941406,1,0.08917797159673124,0.012941938392334132,0.254316039340712,0.05266231347015723,0.012942970849396032,0.14449374207772214,0.08054795684505424,0.012941980701554468,0.06087855416965216,0.012942528512586066,0.1478046881362257,0.11834931590787423,-0.4019,0.3382,-0.021233333333333326
110.04733276367188,110.04733276367188,188664000,20200814,TSLA,108.06666564941406,110.04733276367188,1,0.0951304776255952,0.07059619915685116,0.06735415734905689,0.08255965795839647,0.048677075479596384,0.0275874024232649,0.2974579502859799,0.030789423888097082,0.07905637373602252,0.06027662149057823,0.11549448132774377,0.025020179278817032,-0.4588,0.9279,0.43793846153846155
122.3759994506836,122.3759994506836,303634500,20200817,TSLA,110.04733276367188,122.3759994506836,1,0.06444429214174928,0.08444393478075525,0.05481159549553751,0.024444669262011533,0.10040684264749264,0.09701493826915664,0.02444464832535825,0.02444444472176866,0.3422110100720174,0.02444448172077275,0.13444464145187401,0.0244445011115056,-0.5255,0.6369,0.05986000000000001
125.80599975585938,125.80599975585938,247117500,20200818,TSLA,122.3759994506836,125.80599975585938,1,0.09486285428832297,0.026387624893446367,0.12149310950234653,0.05019296041723142,0.12829344885461827,0.0168598976330524,0.05852617179745645,0.016859731104420683,0.19679154344245187,0.10019262346649781,0.1393470774999412,0.05019295710021355,-0.5267,0.838,0.2457666666666667
125.23533630371094,125.23533630371094,183079500,20200819,TSLA,125.80599975585938,125.23533630371094,0,0.1238539990143158,0.08731800981253561,0.04517848962649537,0.07364188018929702,0.054590036581436234,0.018226553334494418,0.09902994655573473,0.050938794702634856,0.09638710114289686,0.018226549808494027,0.29916881962377223,0.03343981960789234,-0.4767,0.9022,0.1504090909090909
133.45533752441406,133.45533752441406,309177000,20200820,TSLA,125.23533630371094,133.45533752441406,1,0.08379634486153441,0.06836769433780693,0.11157439038819829,0.02824108031518158,0.056018523497656784,0.028240740741241766,0.17700221604224445,0.08379590673429786,0.028240740741158548,0.11157419565858621,0.08379640061684407,0.1393517660652486,-0.0891,0.4767,0.18146666666666667
136.6653289794922,136.6653289794922,322344000,20200821,TSLA,133.45533752441406,136.6653289794922,1,0.09861136365468856,0.01527777777827615,0.11527779785816794,0.01527777777838625,0.015277777778402949,0.0152777777783717,0.39860966191734304,0.01527777777834825,0.1673059110104395,0.01527788717519505,0.11325071171418426,0.0152777777781959,0.0,0.3291,0.16455
134.27999877929688,134.27999877929688,300954000,20200824,TSLA,136.6653289794922,134.27999877929688,0,0.12433893535696056,0.013227513227767801,0.013227565443497099,0.013227588010789033,0.1243386514534952,0.06475087532468764,0.013227734793834165,0.013228037900618534,0.21665019711479647,0.013227704437537601,0.3773275660427562,0.013227630893259333,0.0,0.6808,0.22693333333333332
134.8893280029297,134.8893280029297,159883500,20200825,TSLA,134.27999877929688,134.8893280029297,1,0.013599619629087501,0.013599703317566601,0.12429435478623363,0.07609959380936103,0.0760993364358418,0.04137729682493028,0.1698494165978648,0.04642634763622853,0.10618915453302423,0.013599672489036525,0.3052659310277058,0.01359957291311885,0.0,0.9136,0.2477
143.54466247558594,143.54466247558594,213591000,20200826,TSLA,134.8893280029297,143.54466247558594,1,0.018981845143539934,0.06064835009122465,0.34937518617628865,0.07056553697522731,0.018981547322363568,0.0189816111734297,0.018981953388433035,0.01898148184576162,0.13713923718736568,0.018981481501366984,0.24940028771329892,0.018981481481699383,-0.2732,0.7777,0.17145
149.25,149.25,355395000,20200827,TSLA,143.54466247558594,149.25,1,0.048611275861980496,0.0208333513863849,0.020833366008360703,0.0208333333339917,0.31405721388574176,0.07638892254822836,0.02083408854444733,0.048611118872779,0.0208334427819135,0.2553869310581622,0.13194343917711052,0.020833516540898964,-0.7183,0.0,-0.2651666666666667
147.55999755859375,147.55999755859375,301218000,20200828,TSLA,149.25,147.55999755859375,0,0.21781421986303912,0.03049867059849397,0.08191070290645466,0.051500042123274394,0.14403785413552128,0.03696147969292679,0.11515307023832748,0.016961387439807123,0.13409506362895268,0.0559041340108404,0.07982383821769576,0.03533953714466591,-0.6124,0.7845,0.19516999999999998
158.35000610351562,158.35000610351562,269523300,20200901,TSLA,166.10667419433594,158.35000610351562,0,0.0056561412505342495,0.0056561256203747495,0.04667214583708855,0.0056561085974789,0.0056561386190579,0.0056561168790449,0.0056561290687017,0.14740019253342346,0.6523579575511959,0.0056561522263807,0.10832066335803466,0.0056561284586839,-0.296,0.0,-0.148
149.1233367919922,149.1233367919922,288528300,20200902,TSLA,158.35000610351562,149.1233367919922,0,0.0277777777781654,0.0277780439135638,0.027777813009949,0.0277806613655423,0.0277779240889556,0.0277781489462197,0.0277781718322414,0.0277778072217181,0.0277786238378311,0.6944379353049291,0.0277777777780156,0.0277793149228681,0.0,0.0,0.0
135.6666717529297,135.6666717529297,262788300,20200903,TSLA,149.1233367919922,135.6666717529297,0,0.0178571428573365,0.017857142857295234,0.017857145087609366,0.01785779545923793,0.017857142857334,0.15108082378550128,0.30357144794353225,0.0178573428645456,0.017857474013079733,0.017857142857303568,0.26785654347195337,0.1346328559452707,0.0,0.9359,0.31196666666666667
139.44000244140625,139.44000244140625,330965700,20200904,TSLA,135.6666717529297,139.44000244140625,1,0.0208333333342179,0.0208333333340292,0.0208333333340422,0.0208338969112884,0.0208333333342063,0.0208333333341627,0.0208333333340483,0.0208333333341299,0.0208333333340252,0.5069893933062195,0.2846767097757124,0.0208333333339171,0.0,0.0,0.0
110.06999969482422,110.06999969482422,346397100,20200908,TSLA,139.44000244140625,110.06999969482422,0,0.0833333333333333,0.0833333333333333,0.0833333333333333,0.0833333333333333,0.0833333333333333,0.0833333333333333,0.0833333333333333,0.0833333333333333,0.0833333333333333,0.0833333333333333,0.0833333333333333,0.0833333333333333,0.0,0.0,0.0
122.09333038330078,122.09333038330078,238397400,20200909,TSLA,110.06999969482422,122.09333038330078,1,0.11655426947687753,0.160011510782261,0.0328931072802135,0.06001181775455045,0.10492295199016048,0.024203542283843874,0.10376121460266788,0.010011748683233776,0.1526582545609178,0.03501159714474882,0.17742756534543658,0.02253242009508785,-0.2111,0.8271,0.2308
123.77999877929688,123.77999877929688,254791800,20200910,TSLA,122.09333038330078,123.77999877929688,1,0.06818148563437718,0.02818224749243618,0.18470365218453,0.028181975758946643,0.02818189771961896,0.2926978196280092,0.22896111687056903,0.02818194614472446,0.02818181942376346,0.02818224130692006,0.02818197965402556,0.028181818182078877,0.0,0.7964,0.5061
124.23999786376952,124.23999786376952,182152500,20200911,TSLA,123.77999877929688,124.23999786376952,1,0.0138888888894889,0.013888888889361,0.0138888888893696,0.1987905504054747,0.4956541519958757,0.0138888888894514,0.0138888888893739,0.0138888888894293,0.1805552155421361,0.0138888888893869,0.0138889709413672,0.0138888888892849,0.7717,0.7717,0.7717
139.8733367919922,139.8733367919922,249061800,20200914,TSLA,124.23999786376952,139.8733367919922,1,0.19212996896427414,0.02546319454026427,0.27546112419385804,0.025462962963400598,0.025463202097376566,0.13657452794773792,0.02546394737982527,0.025462991950627265,0.025462962963319166,0.1921290565672611,0.025463074140067068,0.025462986291988066,-0.4767,0.4019,-0.024933333333333346
149.9199981689453,149.9199981689453,291894600,20200915,TSLA,139.8733367919922,149.9199981689453,1,0.37976405989090034,0.16287876582095673,0.07545557385346915,0.01295648277125222,0.01295669327602042,0.07348773099098638,0.012956748788284839,0.01295647210093126,0.1067950197974602,0.01295647510571942,0.09530822281388236,0.04152775479013622,0.3612,0.6969,0.5053
147.25332641601562,147.25332641601562,216837900,20200916,TSLA,149.9199981689453,147.25332641601562,0,0.10277778825003184,0.08623895621489186,0.058140219340850494,0.1673004703883895,0.019444462041815425,0.019444541626581876,0.019444582751597876,0.10277781149945778,0.019444458398070123,0.019444444444758777,0.2715878626437392,0.11395440239981475,-0.5267,0.4215,-0.12677499999999997
141.14332580566406,141.14332580566406,230337600,20200917,TSLA,147.25332641601562,141.14332580566406,0,0.1374062263641846,0.0083335817978415,0.3470253383119284,0.0083333922251438,0.0083333492119195,0.0083334191850001,0.0083333608951479,0.0083333968639123,0.0083333333334462,0.0083335337678905,0.4405677131487848,0.0083333548947998,0.8154,0.8154,0.8154
147.38333129882812,147.38333129882812,259220400,20200918,TSLA,141.14332580566406,147.38333129882812,1,0.0166666666668938,0.0166666666668453,0.0166666666668486,0.2166662614293935,0.0166666666668908,0.0166670744505846,0.0166666666668502,0.0166666666668712,0.1642839316272327,0.0166666666668552,0.4690492018190197,0.0166668640057138,0.5106,0.5106,0.5106
149.79666137695312,149.79666137695312,328430400,20200921,TSLA,147.38333129882812,149.79666137695312,1,0.13375533074177293,0.007154882155102366,0.05105136504460416,0.0588802730820868,0.034932666458046664,0.0071548891501525,0.2416402446287819,0.1536187796546088,0.03614964274638487,0.007155596993948633,0.2613512762877719,0.0071550530567379665,0.1586,0.5667,0.3621666666666667
141.41000366210938,141.41000366210938,238742400,20200922,TSLA,149.79666137695312,141.41000366210938,0,0.0092596571808776,0.0092601156762291,0.0092596168944707,0.2412013972603729,0.0092592592595455,0.0092597828615626,0.0092598429900928,0.0092592592595205,0.009259342179259,0.0092594906221918,0.3328698377009488,0.342592398114928,-0.4963,-0.4963,-0.4963
126.7866668701172,126.7866668701172,285222600,20200923,TSLA,141.41000366210938,126.7866668701172,0,0.0208350983328201,0.0208333333338409,0.7708289997568983,0.0208357095794067,0.02083333333397,0.0208333333339381,0.0208334466214071,0.0208333333339144,0.0208333333338378,0.0208333333338687,0.0208334123723385,0.0208333333337591,0.0,0.0,0.0
129.26333618164062,129.26333618164062,289683300,20200924,TSLA,126.7866668701172,129.26333618164062,1,0.0277777777785379,0.3611111103942844,0.0277777777783867,0.0277777777785079,0.027777777778528,0.0277777777784904,0.0277777777783921,0.0277777777784623,0.0277777777783722,0.361110567289527,0.0277783223102313,0.0277777777782795,0.3612,0.3612,0.3612
135.77999877929688,135.77999877929688,201625500,20200925,TSLA,129.26333618164062,135.77999877929688,1,0.04930564838725024,0.02073450510823292,0.07787707277062147,0.02073418644021938,0.08740050851519532,0.1707336443613416,0.08740059180743823,0.020734384739295418,0.18642086330293717,0.02073440871236416,0.23719005887071787,0.02073412698438574,-0.3818,0.6652,0.15714
140.39999389648438,140.39999389648438,149158800,20200928,TSLA,135.77999877929688,140.39999389648438,1,0.1350878831443675,0.07520830302041472,0.1574130810172085,0.01550949342023735,0.04884270161129393,0.16828706105535177,0.015509582248566934,0.0844906639231653,0.015509280846376918,0.01550928402012765,0.18936891525585645,0.07926375043703243,-0.34,0.967,0.28550000000000003
139.69000244140625,139.69000244140625,150657900,20200929,TSLA,140.39999389648438,139.69000244140625,0,0.0138890689388331,0.3061726949782667,0.3070170032693609,0.0138892498145475,0.0138889899946163,0.0138890624686729,0.0138890779913352,0.013888985328616,0.0138889440438105,0.0138892270136602,0.2618087944976249,0.0138889016606552,0.1779,0.1779,0.1779
149.3866729736328,149.3866729736328,152224500,20201001,TSLA,143.00332641601562,149.3866729736328,1,0.01682574570652894,0.01682552232606944,0.01682539682599262,0.16682549449561,0.01682548037959366,0.016825450120518597,0.10847883681530957,0.056825566991607256,0.3034912801707363,0.01682602851829652,0.24659979227453005,0.016825405375206583,0.0,0.6588,0.44421999999999995
138.3633270263672,138.3633270263672,214290000,20201002,TSLA,149.3866729736328,138.3633270263672,0,0.04596501571782826,0.07721502365691979,0.027215197950206212,0.029849975141315235,0.0575720746307323,0.29065370210502245,0.11938272095576359,0.027214973999191053,0.13078641765397406,0.07096494857506068,0.10846497480308792,0.01471497481089795,-0.6705,0.8858,0.21889999999999998
141.89332580566406,141.89332580566406,134168400,20201005,TSLA,138.3633270263672,141.89332580566406,1,0.15052076626340818,0.08802092103340058,0.12968715752515178,0.025521045925804037,0.0567708509759438,0.05052086056599246,0.025521137566453963,0.10445283237846624,0.06350112338297415,0.18754042224446893,0.09242203762685176,0.02552084451108355,0.0,0.8047,0.4301375
137.9933319091797,137.9933319091797,147438900,20201006,TSLA,141.89332580566406,137.9933319091797,0,0.0109350847037164,0.12846285776162494,0.06930786185255834,0.04662153322570958,0.026550492657447366,0.0376374006820328,0.13106518890375085,0.010934829215789851,0.27990844790132435,0.01093480066005765,0.21818809474102938,0.029453407694957967,-0.7643,0.8922,0.33731666666666665
141.76666259765625,141.76666259765625,129383100,20201007,TSLA,137.9933319091797,141.76666259765625,1,0.1357169247610845,0.05856037834661661,0.16345459830781314,0.0462902700568137,0.0878382852374772,0.018802182047768533,0.058819311269936406,0.13840593985316044,0.10861984391606327,0.0740549818953081,0.09421032406335139,0.015226960244606255,-0.872,0.8588,0.012650000000000008
141.97332763671875,141.97332763671875,121263300,20201008,TSLA,141.76666259765625,141.97332763671875,1,0.05901723451208609,0.2672074142966932,0.017350769623235448,0.017350637024683584,0.10135325450611014,0.017350714091367198,0.0717866183799497,0.09235048224887892,0.01735087624195793,0.1623865445090155,0.13401681751237313,0.04247863705364862,-0.2263,0.9127,0.4134
144.6666717529297,144.6666717529297,86777100,20201009,TSLA,141.97332763671875,144.6666717529297,1,0.057784512200170425,0.2812490073462175,0.014583338920751266,0.25237292249264254,0.0145834005778377,0.014583498903654235,0.10612032892145229,0.014584084158984467,0.0145833742300951,0.014583570226003267,0.20038862126382476,0.014583340758365933,-0.5819,0.7375,0.06906666666666668
147.43333435058594,147.43333435058594,116373300,20201012,TSLA,144.6666717529297,147.43333435058594,1,0.014097199545094781,0.1704712395311528,0.07448790451059026,0.08665412791378248,0.13285809520995262,0.12672046238671386,0.07289686425787474,0.0379790748288213,0.014097262911722102,0.07281701684144837,0.15399410225107033,0.04292664981177585,-0.2942,0.8074,0.35000000000000003
148.88333129882812,148.88333129882812,103391100,20201013,TSLA,147.43333435058594,148.88333129882812,1,0.18611113313878586,0.12565248800016032,0.036111298962847496,0.03611111111149666,0.10277783930635535,0.036111410203786984,0.09656943811230564,0.03611127332854526,0.10277780258197297,0.03611111111144426,0.03611130381671866,0.16944379032557993,-0.2411,0.7935,0.40758
153.76666259765625,153.76666259765625,143639100,20201014,TSLA,148.88333129882812,153.76666259765625,1,0.16252539081489942,0.11013908632060306,0.06108520891144261,0.13180573202473445,0.02347223168669639,0.02347257199384047,0.09847210628089074,0.02347229641297847,0.0941394734299934,0.04013897382354179,0.1201389065870178,0.11113802171336089,0.0,0.8422,0.19705999999999999
146.55667114257812,146.55667114257812,98327700,20201016,TSLA,149.6266632080078,146.55667114257812,0,0.1394318530235159,0.01250000000010535,0.0125000335279267,0.067373165070877,0.01250049269297385,0.012500018111046701,0.0125000000001083,0.01250000000012065,0.01250010022396605,0.01250000702507515,0.6806943303241955,0.012500000000088399,0.2263,0.6597,0.44299999999999995
143.61000061035156,143.61000061035156,108863400,20201019,TSLA,146.55667114257812,143.61000061035156,0,0.4264795935146958,0.0119053575522563,0.0119047619250798,0.0119047619051273,0.0119047619051374,0.0119047619051186,0.0119051034910881,0.0119049365241341,0.3116146501651137,0.1547615885441974,0.0119049112866739,0.0119048112813772,-0.2263,-0.2263,-0.2263
140.64666748046875,140.64666748046875,94968900,20201020,TSLA,143.61000061035156,140.64666748046875,0,0.01527777777813905,0.31527856516391256,0.015278304036069449,0.01527777777812475,0.01527779055830145,0.17230405290949044,0.10825052415766045,0.0152777777781031,0.2819438987669206,0.015277777778077602,0.0152779755171838,0.01527777777801625,-0.1689,0.128,-0.020449999999999996
140.8800048828125,140.8800048828125,97111500,20201021,TSLA,140.64666748046875,140.8800048828125,1,0.07253085897607082,0.08832894072291354,0.010030991240591949,0.1261768902210682,0.0587991444833754,0.07996045152589681,0.010030973675540475,0.0308641455400339,0.4832980108579953,0.019917428400555624,0.01003115840856195,0.010031005947395425,-0.2732,0.6486,0.09384999999999999
141.92999267578125,141.92999267578125,119979600,20201022,TSLA,140.8800048828125,141.92999267578125,1,0.03494321002153029,0.40832448731761345,0.12714922639919343,0.08256213879627963,0.011133748948404451,0.04446716534905968,0.11190463631175035,0.0111336687511799,0.08879665324363739,0.05731739208538423,0.011133870574721066,0.011133802201245583,-0.3595,0.5994,0.013016666666666676
140.2100067138672,140.2100067138672,101151000,20201023,TSLA,141.92999267578125,140.2100067138672,0,0.12919343331521524,0.1512225319373373,0.14960286030757147,0.10211271409303058,0.056270016549112754,0.046565343820988106,0.05696530186621622,0.0162698477468752,0.056270032032245974,0.12883146274703455,0.090426614314251,0.016269841270121023,0.0,0.7897,0.3685
140.0933380126953,140.0933380126953,84717600,20201026,TSLA,140.2100067138672,140.0933380126953,0,0.0243059438976761,0.0243055555563758,0.02430555555639085,0.19097185573167355,0.02430555555658465,0.02430555555653305,0.024306544070877498,0.02430558890331925,0.14930548588242096,0.1909717817150968,0.024306172119816997,0.2743044054532338,0.0,0.5574,0.2787
141.55999755859375,141.55999755859375,68059500,20201027,TSLA,140.0933380126953,141.55999755859375,1,0.04380789318596925,0.06255789216500887,0.012558018142016975,0.3114499150134548,0.0125578829951016,0.012558003827603725,0.25116550295098855,0.1529167270066636,0.01255799485367205,0.10275442540042075,0.012557874088586876,0.01255787037051235,-0.3612,0.6588,0.30305
135.33999633789062,135.33999633789062,76354200,20201028,TSLA,141.55999755859375,135.33999633789062,0,0.06659556309309875,0.07138910481613453,0.021389079694734258,0.0961827844304042,0.061389142981019065,0.17138800102381208,0.07138889458112754,0.12138888237101604,0.15472103451961736,0.07138926483608482,0.0713891845412233,0.0213890631117275,-0.6166,0.7906,-0.1438
136.94332885742188,136.94332885742188,67965900,20201029,TSLA,135.33999633789062,136.94332885742188,1,0.13888888072181252,0.13888853289362887,0.13877263778861737,0.13888916244232377,0.02777777777815753,0.1388888938112977,0.027778124540436832,0.13900484643401909,0.0277777777780786,0.027777777778097066,0.0277778102554984,0.027777777778031632,0.0,0.3182,0.10606666666666666
129.34666442871094,129.34666442871094,127533900,20201030,TSLA,136.94332885742188,129.34666442871094,0,0.018750883470079298,0.01875008219158395,0.0187500000007035,0.0187501380950528,0.0187500000008669,0.0187500000008234,0.01875009910550235,0.0187500000007908,0.018751076913327,0.01875002926609205,0.7937476909545977,0.01875000000057955,0.1027,0.2732,0.18795
133.50332641601562,133.50332641601562,87063300,20201102,TSLA,129.34666442871094,133.50332641601562,1,0.17799878702874863,0.2237865306480397,0.022321702436237788,0.022321501732140172,0.02232154581808596,0.20089210036704389,0.09375041510123137,0.022321527427994512,0.05803563681277689,0.022321534296297997,0.04017866879956401,0.0937500495318387,-0.3705,0.6124,0.009500000000000008
141.3000030517578,141.3000030517578,103055100,20201103,TSLA,133.50332641601562,141.3000030517578,1,0.044813730941300645,0.07654248949230413,0.16433855451385143,0.09760818874314903,0.11533263335651726,0.009893277022101049,0.07179659190527783,0.1935539426414258,0.009893233850638866,0.009893228032107399,0.11851889761763551,0.08781523188369039,-0.8934,0.8622,0.02185000000000002
146.02999877929688,146.02999877929688,85243500,20201105,TSLA,140.32666015625,146.02999877929688,1,0.0092592592594585,0.0092593832125243,0.0092592829313573,0.0092592592594506,0.1203703071138239,0.1256616520878062,0.4537037405250588,0.0092592592594387,0.0092592592594151,0.2261900135109413,0.0092592592593815,0.0092593243213432,0.0,0.0,0.0
143.31666564941406,143.31666564941406,65118000,20201106,TSLA,146.02999877929688,143.31666564941406,0,0.1004631533800439,0.0171303714629386,0.21826454198185485,0.017130084027421933,0.0837962382868047,0.15046152212874878,0.0726853213586203,0.017129750781953033,0.017129629629892697,0.017129865310792334,0.27154982967547764,0.017129691975450532,0.4404,0.5859,0.5067333333333334
140.4199981689453,140.4199981689453,104499000,20201109,TSLA,143.31666564941406,140.4199981689453,0,0.05474214444386514,0.0696895651679916,0.18789911832881043,0.0814082463676362,0.05474205666356794,0.04331353622606386,0.12911459681697685,0.09474225807041088,0.01474210983926184,0.05125862398697058,0.20360513042437614,0.01474261366406802,-0.6486,0.807,0.05222000000000002
137.25332641601562,137.25332641601562,59565300,20201112,TSLA,139.0433349609375,137.25332641601562,0,0.0092592592595322,0.009259259259474,0.0092592592594779,0.1261395564840157,0.0092593475835541,0.1256831152398503,0.0092592592594798,0.009259259259505,0.6648438868459542,0.0092592592594857,0.0092592790302313,0.0092592592594394,0.0,0.0,0.0
136.1666717529297,136.1666717529297,59313300,20201113,TSLA,137.25332641601562,136.1666717529297,0,0.06812729469346744,0.026452310019436025,0.027745133037130325,0.06109693164371057,0.35727818103602343,0.04455159277368809,0.030639729539769827,0.0449817503298991,0.08212207160203622,0.13418706198648694,0.1048767871680353,0.0179411561703162,-0.6625,0.8949,0.24876470588235294
136.02999877929688,136.02999877929688,80515800,20201116,TSLA,136.1666717529297,136.02999877929688,0,0.0193057648898119,0.07653332091135831,0.04496200453243534,0.08669826180793974,0.13597218545478237,0.08147708199607931,0.055832247119919,0.01930556557135574,0.08597239824518468,0.16750201912760881,0.15713373436909767,0.06930541597442672,-0.128,0.5267,0.13893999999999998
147.20333862304688,147.20333862304688,183564900,20201117,TSLA,136.02999877929688,147.20333862304688,1,0.06443007634650864,0.02838372266339508,0.04183361535393638,0.05408749534189406,0.12159246657966787,0.04123448959431651,0.04696180345373824,0.05473648872542565,0.1584657552307416,0.054654086609595295,0.29178644926259906,0.04183355083818109,-0.8442,0.7178,0.062423076923076914
162.2133331298828,162.2133331298828,234132000,20201118,TSLA,147.20333862304688,162.2133331298828,1,0.11260999263787894,0.1131392121117633,0.15017685626912397,0.08403867373389322,0.13527654521164567,0.042769086682864756,0.04832456975211319,0.07795382292918775,0.020547000475329966,0.1185151736470644,0.07610232223917285,0.020546744309961434,-0.296,0.7269,0.11353333333333332
166.42333984375,166.42333984375,187425900,20201119,TSLA,162.2133331298828,166.42333984375,1,0.08043981466984036,0.3191988857916435,0.045718045787178446,0.21442885134245895,0.017939856058950352,0.0992276813558919,0.07084738246051597,0.017939814815008774,0.017939859893391474,0.0179401857368836,0.017939910603996075,0.08043971148424008,-0.34,0.7003,0.30555
163.20333862304688,163.20333862304688,98735700,20201120,TSLA,166.42333984375,163.20333862304688,0,0.08419791150905982,0.06606432824007923,0.12608379321594612,0.014010761993561183,0.014010662522468966,0.043521717404744586,0.27710471126116143,0.06882297937160203,0.05275257182220503,0.11401061111343737,0.12540930686898946,0.014010644676744267,-0.1882,0.8966,0.24956666666666663
185.1266632080078,185.1266632080078,160945500,20201124,TSLA,173.9499969482422,185.1266632080078,1,0.11066072525834436,0.16273983523158575,0.01122481131386336,0.0809217035898078,0.011224785522581819,0.0112249723114498,0.16092452067256863,0.011224779302975581,0.01122500348258122,0.01122483669254558,0.4061792540989958,0.0112247725226997,-0.2732,0.7945,0.2615
191.3333282470703,191.3333282470703,146790600,20201125,TSLA,185.1266632080078,191.3333282470703,1,0.22625042413334656,0.01875066367618395,0.0187502609051569,0.018750000000384202,0.01875000000039485,0.0187500000003751,0.16124911319825044,0.01875000000036025,0.24374958519433837,0.2187488707286003,0.01875045295711595,0.01875062920549255,-0.3962,0.9213,0.26255
194.9199981689453,194.9199981689453,120310500,20201201,TSLA,189.1999969482422,194.9199981689453,1,0.0208333333338612,0.5208316264871985,0.0208333333337562,0.0208335402301986,0.0208335045234755,0.0208334960911524,0.0208342789186089,0.0208333333338087,0.2708333078961275,0.0208333333337714,0.020833579184359,0.0208333333336817,-0.6808,-0.6808,-0.6808
189.60667419433597,189.60667419433597,143327100,20201202,TSLA,194.9199981689453,189.60667419433597,0,0.017361111111366,0.10069406381255476,0.18402734168777726,0.017361197048507367,0.0173611111113627,0.44112209299391264,0.017361244003441,0.017361535166762334,0.0173611413171194,0.017361651455489634,0.13526639918042713,0.017361111111279335,-0.296,0.8126,0.37633333333333335
197.7933349609375,197.7933349609375,127656000,20201203,TSLA,189.60667419433597,197.7933349609375,1,0.0277777777780748,0.361111111339232,0.0277777777780157,0.027777777778063,0.0277777777780709,0.0277777777780562,0.0277777777780178,0.0277777777780453,0.3611111108804658,0.0277777777780243,0.0277777777779599,0.0277777777779738,0.0,0.0,0.0
213.9199981689453,213.9199981689453,168929100,20201207,TSLA,199.67999267578125,213.9199981689453,1,0.0833333333333333,0.0833333333333333,0.0833333333333333,0.0833333333333333,0.0833333333333333,0.0833333333333333,0.0833333333333333,0.0833333333333333,0.0833333333333333,0.0833333333333333,0.0833333333333333,0.0833333333333333,0.0,0.0,0.0
216.6266632080078,216.6266632080078,192795000,20201208,TSLA,213.9199981689453,216.6266632080078,1,0.1819442434567474,0.08194444841065893,0.015278058616708168,0.07457728398583034,0.015277940047361766,0.1939680376690379,0.015277800246192299,0.015277777778113599,0.0986110936260417,0.015277777961448502,0.2772877604238349,0.0152777777780239,0.0,0.25,0.08333333333333333
201.4933319091797,201.4933319091797,213873600,20201209,TSLA,216.6266632080078,201.4933319091797,0,0.00992064944236885,0.00992090653190715,0.00992162791407955,0.00992065387235945,0.00992073604988055,0.06758945459823724,0.1303230656861673,0.0099206516473874,0.1791166569080849,0.0099209361051401,0.5436040263236163,0.0099206349207706,-0.4635,0.6239,0.0802
209.02333068847656,209.02333068847656,201249600,20201210,TSLA,201.4933319091797,209.02333068847656,1,0.024305555556026252,0.14930560366102893,0.1493055369005241,0.1909715247723248,0.02430555555602005,0.0243058106531543,0.024305555555936047,0.0243057948361217,0.14930552610219236,0.0243055555559462,0.1909722231382894,0.0243057577124353,0.6696,0.8974,0.7835
213.27667236328125,213.27667236328125,156121800,20201214,TSLA,203.3300018310547,213.27667236328125,1,0.2166663727978855,0.0166666666674817,0.4070812705543742,0.0166666666676617,0.016666733166921,0.016666666667638,0.016667173362079,0.0166669920922748,0.0166667537413401,0.0166668736820293,0.2262511639329638,0.0166666666673504,0.8553,0.8553,0.8553
211.0833282470703,211.0833282470703,135214500,20201215,TSLA,213.27667236328125,211.0833282470703,0,0.03506947798688823,0.15824141566260613,0.06562819281445807,0.0350694479650269,0.035069444444569234,0.03506946965611154,0.36533747328390337,0.03506961569953534,0.0350694767325003,0.13023700196783253,0.0350695388248735,0.03506944496169437,0.0,0.3626,0.21846666666666667
207.58999633789065,207.58999633789065,126287400,20201216,TSLA,211.0833282470703,207.58999633789065,0,0.1392126595192049,0.09853187178183566,0.041990766582295905,0.163708378275486,0.10587969940150462,0.016990857796598056,0.19873149532438264,0.01699074637700032,0.16699073149636953,0.0169909322797024,0.016991076471284637,0.01699078469433492,0.2492,0.9524,0.4861
218.63333129882807,218.63333129882807,168810300,20201217,TSLA,207.58999633789065,218.63333129882807,1,0.017857142857274466,0.01785715048168683,0.5257931069374836,0.017857155645372335,0.01785727320846067,0.017857266780483366,0.017857265431041897,0.017857142891877568,0.19986112276123125,0.017857158372678535,0.11363107177517923,0.017857142857229735,-0.296,0.8197,0.32136666666666663
216.6199951171875,216.6199951171875,174135900,20201221,TSLA,231.6666717529297,216.6199951171875,0,0.011904761904989,0.0119047974783568,0.5833331629965781,0.0119048261755764,0.2976189161740124,0.0119047619049749,0.0119048993053617,0.0119047620664731,0.0119047619049395,0.0119047619049504,0.0119048262788756,0.0119047619049118,0.5267,0.5267,0.5267
213.44667053222656,213.44667053222656,155148000,20201222,TSLA,216.6199951171875,213.44667053222656,0,0.00841348331491105,0.00841357496644945,0.30484128898365837,0.1051674504114221,0.00841346153860075,0.00841368042053275,0.24478116709603864,0.2136082339099635,0.0084134615385719,0.0084134671605501,0.07270719881308885,0.0084135318462122,-0.6124,0.34,-0.13620000000000002
220.58999633789065,220.58999633789065,68596800,20201224,TSLA,215.32666015625,220.58999633789065,1,0.0986105277416861,0.19861081462818664,0.015277777778074202,0.21527759366156934,0.01527790124476865,0.01527786010854165,0.11527775922789504,0.01527802699069975,0.0152780488102368,0.01527811536366625,0.26527759980777715,0.0152779746368979,0.0,0.8881,0.44405
221.22999572753903,221.22999572753903,96835800,20201228,TSLA,220.58999633789065,221.22999572753903,1,0.01875043743788165,0.13202708522599851,0.13925071354216312,0.15997115876034634,0.0187502350497079,0.01875010814717465,0.33410382304169306,0.1033957758526308,0.01875000000041995,0.018750427796046548,0.018750197986146952,0.0187500371597901,0.0,0.0,0.0
221.9966735839844,221.9966735839844,68732400,20201229,TSLA,221.22999572753903,221.9966735839844,1,0.018518703128589775,0.1391873962299724,0.018518651770566025,0.04660744277543505,0.10185194608588741,0.10185186418538968,0.36640359483225593,0.018518645528357174,0.049652824709925,0.10185165434602367,0.01851861511771795,0.018518661289879425,0.0,0.5106,0.22740000000000002
231.5933380126953,231.5933380126953,128538000,20201230,TSLA,221.9966735839844,231.5933380126953,1,0.168815441927692,0.025641220620057487,0.012896989167394814,0.10413337230833881,0.08881312602581296,0.012896843635888245,0.1378966151842759,0.08158161363012169,0.16011698803862656,0.012897225398149085,0.16360969431789193,0.03070086974575006,0.0,0.8658,0.38878571428571435
235.22332763671875,235.22332763671875,148949700,20201231,TSLA,231.5933380126953,235.22332763671875,1,0.0347222222225831,0.03472222222250605,0.034722356633758854,0.0347222222225688,0.03472251295765695,0.0347222222225606,0.03472222222251385,0.0347222222225472,0.034722405833547146,0.2847220878098722,0.3680550812074245,0.0347222222224603,0.3353,0.6249,0.48009999999999997
245.0366668701172,245.0366668701172,96735600,20210105,TSLA,243.2566680908203,245.0366668701172,1,0.1354166478448634,0.0104170068870576,0.0104166823333969,0.0104167405759177,0.0104167278237864,0.0104167473310076,0.010416770258259,0.0104166666667693,0.0104170922364221,0.0104168163862474,0.7604154349895302,0.0104166666667419,0.4728,0.4728,0.4728
272.0133361816406,272.0133361816406,154496700,20210107,TSLA,251.9933319091797,272.0133361816406,1,0.022381047076230582,0.12388960916834708,0.022380976121056738,0.09095216552930455,0.02238096679000038,0.12087209818852282,0.022381151906659562,0.055714207920190974,0.0223814930944914,0.1890476993868814,0.28523760210498983,0.0223809827133242,-0.1779,0.4003,0.11680000000000001
293.3399963378906,293.3399963378906,225166500,20210108,TSLA,272.0133361816406,293.3399963378906,1,0.016203850731530467,0.23842579061091596,0.18286988308273752,0.016203739080125634,0.016203802918426335,0.016204027286785102,0.016204013582647434,0.09953743686923362,0.016203734215443067,0.2939804522571586,0.016203977171079898,0.07175929219391584,0.0,0.7906,0.26353333333333334
270.39666748046875,270.39666748046875,177904800,20210111,TSLA,293.3399963378906,270.39666748046875,0,0.018750477706242198,0.01875032899120705,0.21874999752606844,0.16270743454388187,0.0187502304767082,0.118749740085928,0.01875013170417665,0.24979139521849344,0.0187500918612939,0.01875016284466,0.0187500000002723,0.11875000904106739,0.6249,0.6597,0.6423
283.14666748046875,283.14666748046875,138812100,20210112,TSLA,270.39666748046875,283.14666748046875,1,0.0833333333333333,0.0833333333333333,0.0833333333333333,0.0833333333333333,0.0833333333333333,0.0833333333333333,0.0833333333333333,0.0833333333333333,0.0833333333333333,0.0833333333333333,0.0833333333333333,0.0833333333333333,0.0,0.0,0.0
284.8033447265625,284.8033447265625,99937500,20210113,TSLA,283.14666748046875,284.8033447265625,1,0.015129150072087,0.015129044276298725,0.05847442089527963,0.09846191674980555,0.0619938324721762,0.015129374195085424,0.133251593313533,0.015128976386644375,0.20262847481939567,0.01512947586803985,0.3544145031442711,0.015129237807382973,-0.5574,0.7177,0.040075
281.6666564941406,281.6666564941406,93798900,20210114,TSLA,284.8033447265625,281.6666564941406,0,0.5242040069088257,0.0104166666667607,0.0104167250562549,0.0104166984457045,0.0104166666667847,0.0104166666667788,0.0104167979606755,0.3716288686164813,0.0104166666667602,0.0104166666667659,0.0104169030114617,0.0104166666667456,0.2023,0.2023,0.2023
275.3866577148437,275.3866577148437,116332800,20210115,TSLA,281.6666564941406,275.3866577148437,0,0.07291670588982452,0.16265954079929038,0.07291669895043597,0.0229171982751862,0.0229167317794942,0.20848894618780475,0.0229167078584691,0.022916719144882976,0.12291609272292697,0.05705608711959888,0.04183779663015312,0.16954077464193243,0.0,0.7317,0.45465
281.663330078125,281.663330078125,61563300,20210121,TSLA,283.4833374023437,281.663330078125,0,0.14430562698629598,0.18070911075749913,0.01875016911069565,0.01875004093934545,0.2687498048303533,0.01875007337725065,0.0187500000005275,0.0187500000005878,0.01875000000051035,0.01875041357275395,0.13123479483675324,0.14374996558742645,0.7964,0.8176,0.8069999999999999
282.2133178710937,282.2133178710937,60199500,20210122,TSLA,281.663330078125,282.2133178710937,1,0.12673795493739307,0.1157664850667731,0.010141327787132134,0.08421485833467207,0.010141093474603633,0.07036437885979373,0.0959885167492655,0.05776035934909977,0.010141180670350433,0.0101411296131252,0.39846160438980815,0.0101411107679827,0.4003,0.8151,0.5885666666666667
293.6000061035156,293.6000061035156,123520200,20210125,TSLA,282.2133178710937,293.6000061035156,1,0.014909348561830415,0.04015451711968484,0.11014722858124903,0.014909445008092412,0.014909328569778316,0.25300459578823686,0.37830604420507524,0.014909327871109714,0.014909465055885843,0.038872353311720155,0.06148760318429443,0.043480742743042186,-0.8442,0.6124,-0.18722857142857144
294.36334228515625,294.36334228515625,69394800,20210126,TSLA,293.6000061035156,294.36334228515625,1,0.18888898382443017,0.0222222222224625,0.02222225181886455,0.0222223823315476,0.13552614821066963,0.25194052029574593,0.0722221159422202,0.07583710599835924,0.058918247487557376,0.10555532326017862,0.022222364834820277,0.0222223337731433,0.0772,0.7096,0.497575
278.4766540527344,278.4766540527344,79134000,20210128,TSLA,288.0533447265625,278.4766540527344,0,0.08568521583501146,0.02884994881402292,0.1521991879532361,0.056122469691855685,0.049455630545423825,0.033202435789321534,0.10391653341089173,0.08037275775286581,0.03019656414257756,0.0794556076187542,0.23886564711396108,0.06167800133207759,-0.68,0.7964,0.004639999999999992
264.510009765625,264.510009765625,104972400,20210129,TSLA,278.4766540527344,264.510009765625,0,0.027777777777964866,0.19444328265604416,0.0277785421893957,0.027777777777957466,0.027777777777962403,0.02777787837907743,0.27777798672505777,0.1111111225865168,0.1944440364635599,0.027777854129828167,0.0277781857587336,0.027777777777901233,-0.5994,0.6369,0.012499999999999992
279.9366760253906,279.9366760253906,76174200,20210201,TSLA,264.510009765625,279.9366760253906,1,0.0152778099455673,0.01527777777799115,0.18194375323234574,0.01527786426762175,0.01527777777804545,0.1296550227734093,0.41527774561005104,0.15090025160381326,0.015277777777989849,0.015278518057492502,0.01527784412113005,0.0152778570545422,0.4215,0.875,0.64825
283.3299865722656,283.3299865722656,47438100,20210204,TSLA,284.89666748046875,283.3299865722656,0,0.0145833333336692,0.0145833333335976,0.0145836742733175,0.0145833563049227,0.0746031349160841,0.01458339984391825,0.014583333333604752,0.13958317955936345,0.514582994890951,0.15456317512570367,0.0145836169028036,0.01458346818206355,-0.4588,0.6249,0.08305000000000001
284.07666015625,284.07666015625,55699800,20210205,TSLA,283.3299865722656,284.07666015625,1,0.04872125499050659,0.1069223062735735,0.011684332216531567,0.011684303351212033,0.011684303351218632,0.011684344676201634,0.011684315988345434,0.011684309024617067,0.1000557091559225,0.011684370296860867,0.6508261473238733,0.0116843033511363,0.0,0.9001,0.45849999999999996
287.8066711425781,287.8066711425781,60485100,20210208,TSLA,284.07666015625,287.8066711425781,1,0.20247620728533014,0.0075757575760023,0.18939379239032245,0.00757575757605635,0.17631146807767092,0.0075757807332219994,0.00757575757600925,0.00757575757603765,0.30916836780547896,0.00757580591551875,0.0696197871241064,0.007575760364244399,-0.3291,0.4404,0.055650000000000005
283.1533203125,283.1533203125,45473100,20210209,TSLA,287.8066711425781,283.1533203125,0,0.04391545874625686,0.2606330786707037,0.07282535190436012,0.015344119092244044,0.015343963967688301,0.135621562100197,0.04391543369047483,0.06296308317435052,0.04855914406904799,0.015344165057934515,0.22016101553347542,0.06537362399326627,-0.6597,0.5106,-0.09597142857142857
268.2733459472656,268.2733459472656,108648300,20210210,TSLA,283.1533203125,268.2733459472656,0,0.0324074917352862,0.25462818585399294,0.032407465431276004,0.0324074074082367,0.30404639025399066,0.0324074074082169,0.03240766321714696,0.032407407408185034,0.03240742835143313,0.03240740740812393,0.14965826313167344,0.03240748239243767,-0.34,0.0,-0.11763333333333335
270.5533447265625,270.5533447265625,64868400,20210211,TSLA,268.2733459472656,270.5533447265625,1,0.27083327841204596,0.2708329975529442,0.0208333333336896,0.14583335347544135,0.02083333333377225,0.02083337404231985,0.02083351188939915,0.020833394672005248,0.0208333333336811,0.02083349451676915,0.14583325398114527,0.02083334145678645,0.4574,0.8513,0.65435
272.0400085449219,272.0400085449219,71304900,20210212,TSLA,270.5533447265625,272.0400085449219,1,0.0277787555528673,0.027777777778122,0.6944393732898649,0.0277777777781981,0.0277783220329133,0.0277781442189585,0.0277777777781315,0.0277777777781719,0.0277785409772187,0.0277794746954324,0.0277783111966219,0.0277779669234991,0.0,0.0,0.0
265.4066772460937,265.4066772460937,59406900,20210216,TSLA,272.0400085449219,265.4066772460937,0,0.018750000000281847,0.0187500127671127,0.21874947183173526,0.11875046504254745,0.2437496308172121,0.14375030899758912,0.14374968857180268,0.0187500000002538,0.01875000747929345,0.0187500000002339,0.01875041449175125,0.01875000000018605,-0.296,0.6597,0.18184999999999998
262.4599914550781,262.4599914550781,53871300,20210218,TSLA,266.04998779296875,262.4599914550781,0,0.1203698302101857,0.1318160682430386,0.0092595346518422,0.4793178888014874,0.0092592708717084,0.1944211944683297,0.0092593811199494,0.0092592595365105,0.0092595356052292,0.0092592592594349,0.0092595179728844,0.009259259259399,0.875,0.875,0.875
260.4333190917969,260.4333190917969,56874900,20210219,TSLA,262.4599914550781,260.4333190917969,0,0.010218292633778533,0.3363891263289365,0.08593936269446079,0.05965010153280229,0.0102182849833049,0.010218502009564,0.010218438886077466,0.19939019381653558,0.010218306877042567,0.21960547460349256,0.010218290355511734,0.03771562527849247,-0.25,0.6239,0.07303333333333334
238.1666717529297,238.1666717529297,111809100,20210222,TSLA,260.4333190917969,238.1666717529297,0,0.12764212065597513,0.012301812593871933,0.012302237176564,0.15290313970838185,0.30979441754831455,0.2087865131539655,0.0123017575990479,0.012301609757160534,0.012301721487325432,0.012301662583778766,0.1147613076040267,0.012301700131587268,0.34,0.7684,0.606
247.33999633789065,247.33999633789065,110301000,20210224,TSLA,232.94667053222656,247.33999633789065,1,0.013368204291994552,0.1530503766883258,0.0550346560497446,0.038368143111898095,0.01336806788809915,0.0454872094157713,0.22698331822631565,0.013368369054336724,0.07586806611380265,0.13836756711265463,0.21336795776294415,0.013368064284112226,0.0,0.5994,0.250325
227.4066619873047,227.4066619873047,117071700,20210225,TSLA,247.33999633789065,227.4066619873047,0,0.066728504928197,0.055395887549332896,0.08159070560158561,0.18339526273012177,0.0167285774157322,0.13895047801459556,0.06388886877154606,0.016728663617945068,0.12783979674297197,0.01672862136919219,0.16773789345696186,0.0642867398018173,-0.4168,0.7684,0.027655555555555558
225.1666717529297,225.1666717529297,123267600,20210226,TSLA,227.4066619873047,225.1666717529297,0,0.0416666666666968,0.0416666666666903,0.5416644605877012,0.0416667573228635,0.0416666666666964,0.0416666666666949,0.0416680038324607,0.0416666666666938,0.0416666666666902,0.0416666666666916,0.0416674449234336,0.0416666666666865,0.25,0.25,0.25
239.47666931152344,239.47666931152344,81408600,20210301,TSLA,225.1666717529297,239.47666931152344,1,0.022073573683269898,0.06482200308203667,0.022073546815506724,0.022073443982929673,0.25471034023253375,0.022073412698649028,0.23635902938551823,0.14599142701474138,0.14360285146292523,0.0220734667982611,0.022073492145048876,0.022073412698579025,-0.3612,0.7506,0.20745000000000002
228.81333923339844,228.81333923339844,71196600,20210302,TSLA,239.47666931152344,228.81333923339844,0,0.021528169580266276,0.08402784242351055,0.0215287767396691,0.021527876833218523,0.17152787966493985,0.07152768814721056,0.20902614677912007,0.021527967775542774,0.02152843118116235,0.08402778457301086,0.2506936585241628,0.0215277777781857,0.0,0.296,0.074
217.73333740234372,217.73333740234372,90624000,20210303,TSLA,228.81333923339844,217.73333740234372,0,0.07152768507610546,0.11523728019417596,0.015972413670834722,0.07152779230928609,0.18294821864354058,0.08618378858755009,0.09415565691477895,0.08263846881125743,0.17415485919437226,0.0159723423720585,0.07370926026018261,0.01597223396585683,0.0,0.6597,0.22954444444444444
207.14666748046875,207.14666748046875,197758500,20210304,TSLA,217.73333740234372,207.14666748046875,0,0.07339764862820418,0.02118063282488555,0.1619342257329659,0.16547452484894984,0.021180694735424124,0.02118087515911485,0.021180864705465926,0.08309867519842963,0.10451423364463444,0.22951306160166085,0.07616398331666163,0.0211805796036025,-0.4215,0.8977,0.254625
199.3166656494141,199.3166656494141,268189500,20210305,TSLA,207.14666748046875,199.3166656494141,0,0.0208333333333749,0.0208338005636256,0.0208341697602625,0.0208336506099146,0.0208333333333744,0.0208333333333723,0.7708316721571723,0.0208333341920819,0.0208333333333659,0.0208333333333679,0.0208333727167263,0.0208333333333608,-0.3384,-0.3384,-0.3384
187.6666717529297,187.6666717529297,155361000,20210308,TSLA,199.3166656494141,187.6666717529297,0,0.1111106232196576,0.02777781558430535,0.2777783443793783,0.0277780055094744,0.02777777777795455,0.12263883560466135,0.02777799388009545,0.027777803524399552,0.0277781169005823,0.02777777777792645,0.2662491280636681,0.02777777777789595,0.0,0.743,0.3715
224.52667236328125,224.52667236328125,202569900,20210309,TSLA,187.6666717529297,224.52667236328125,1,0.025746405518574822,0.20124106678289752,0.07433057627018066,0.02574637914721346,0.02574636916322966,0.025746342530606682,0.2932178881520854,0.025746336996589358,0.13359888552203839,0.0411309517188877,0.10200246120117389,0.025746336996521978,-0.5994,0.3818,-0.07414000000000001
222.6866607666016,222.6866607666016,181817100,20210310,TSLA,224.52667236328125,222.6866607666016,0,0.014351864453771578,0.01435185185210002,0.08125292905252571,0.16435184194953026,0.01435214557327082,0.014351965787049259,0.01435185185210686,0.0143518835581161,0.33128795047632026,0.014351889848702521,0.30829197130606195,0.01435185429044412,-0.1531,0.7543,0.17487999999999998
233.1999969482422,233.1999969482422,108761700,20210311,TSLA,222.6866607666016,233.1999969482422,1,0.01536581610333716,0.015365402923425659,0.015365392357404301,0.2956776868854376,0.01536572711019358,0.015365656949722358,0.02761540200440692,0.05185531140716069,0.10220688905672826,0.059618126267918056,0.3708332711557234,0.01536531777854144,-0.517,0.8439,0.15462
231.2433319091797,231.2433319091797,100751400,20210312,TSLA,233.1999969482422,231.2433319091797,0,0.015147256020608119,0.1256437748362515,0.1328855713266811,0.01514739457642264,0.06514680127339553,0.09514751726493595,0.015147060710227919,0.23514680161496263,0.05514693094025488,0.2151465456457994,0.01514728606273216,0.015147059727727698,-0.3802,0.1082,-0.1204
235.97999572753903,235.97999572753903,88006800,20210315,TSLA,231.2433319091797,235.97999572753903,1,0.0138890018417701,0.0138893508054878,0.0138888888890299,0.0138890922361398,0.0138888888890626,0.1644695439191934,0.0138889592529138,0.0138889817069027,0.0138893085848757,0.5052117632080926,0.2053173194855045,0.0138889011810268,0.0,0.0,0.0
217.72000122070312,217.72000122070312,99674400,20210318,TSLA,233.9366607666016,217.72000122070312,0,0.020172007611055767,0.020171957672243834,0.04931093367037903,0.020172054955407567,0.020172196696359834,0.020171981018535068,0.0201719922474652,0.0201719576722852,0.3783465369474858,0.1868384735332597,0.22412795030332475,0.020171957672197732,-0.5859,0.4019,-0.06133333333333333
218.2899932861328,218.2899932861328,128682000,20210319,TSLA,217.72000122070312,218.2899932861328,1,0.020833333333626,0.0208333333335635,0.0208333333335678,0.7708331471697311,0.020833390341239,0.0208333333336077,0.0208333333335699,0.020833462486917,0.0208333333335622,0.0208333333335762,0.0208333333335128,0.0208333333335264,0.0,0.0,0.0
223.3333282470703,223.3333282470703,118536600,20210322,TSLA,218.2899932861328,223.3333282470703,1,0.5138861037977397,0.0138888888890774,0.0138900971631785,0.0138900464066466,0.0138888888891254,0.0138888888891135,0.0138893923814074,0.0138888888891047,0.0138889756161365,0.0138888888890877,0.3472220513003351,0.013888888889047,0.3382,0.3382,0.3382
220.72000122070312,220.72000122070312,91475700,20210323,TSLA,223.3333282470703,220.72000122070312,0,0.05234562933336355,0.013550627715969779,0.013550788683445942,0.04905852895067546,0.041041223341643215,0.17019774300669316,0.03050440463416882,0.1468837230664415,0.01355079246785626,0.01355061672397832,0.44221523652320816,0.01355068555255538,-0.228,0.6369,0.15732
210.08999633789065,210.08999633789065,101385600,20210324,TSLA,220.72000122070312,210.08999633789065,0,0.02256944444545405,0.18923640211425552,0.022569668173885726,0.022569614767241827,0.022569444445440925,0.02256950535087545,0.1683603838402414,0.2965162055392401,0.022569444445233927,0.10283104122378928,0.022569455058401425,0.08506939059593985,-0.1027,0.2481,0.0428
213.4633331298828,213.4633331298828,117674700,20210325,TSLA,210.08999633789065,213.4633331298828,1,0.010416666667060849,0.07721064394448604,0.010416767816271849,0.0104171738916569,0.10334750363265965,0.0104171785209064,0.0520833428204851,0.3247172645794178,0.0104166666669749,0.1058634734824306,0.0104166666669085,0.2742766513107411,-0.7096,0.4019,-0.15385000000000001
206.23666381835935,206.23666381835935,101558400,20210326,TSLA,213.4633331298828,206.23666381835935,0,0.19722167876409366,0.07500009850706334,0.08593669554691936,0.1305555016232253,0.019444444444732367,0.0194445211678456,0.0194446525406839,0.1529523594870208,0.2416657054459249,0.019444444444686567,0.0194454535831667,0.019444444444636968,0.0,0.25,0.1585
203.76333618164065,203.76333618164065,85911000,20210329,TSLA,206.23666381835935,203.76333618164065,0,0.0277777777779358,0.0277777777779021,0.0277777777779043,0.0277777777779295,0.0277778467737546,0.0277777777779259,0.0277779138506231,0.02777777777792,0.6944442393744387,0.0277777777779089,0.0277777777778746,0.027777777777882,-0.4404,-0.4404,-0.4404
211.8733367919922,211.8733367919922,118297200,20210330,TSLA,203.76333618164065,211.8733367919922,1,0.15770644794752067,0.07312850670252115,0.021463911604451383,0.1996268616458322,0.11454474877025102,0.05097972121289207,0.024448457882819876,0.04907527763458779,0.15828135416560898,0.026186256058041545,0.11135925645723614,0.013199199918236619,-0.7269,0.9312,0.29256363636363636
222.6433258056641,222.6433258056641,100011900,20210331,TSLA,211.8733367919922,222.6433258056641,1,0.1203701769216817,0.0092592592595857,0.0092592592595916,0.1228753874533005,0.2638793222465769,0.0092592592596482,0.3076896351176166,0.1203702221499596,0.0092597005533879,0.0092592592596036,0.0092592592595138,0.0092592592595331,0.0,0.0,0.0
220.5833282470703,220.5833282470703,105895200,20210401,TSLA,222.6433258056641,220.5833282470703,0,0.0208333333337686,0.0208333333336757,0.020833333333682,0.0208336398982081,0.14583307599540407,0.2708352990677503,0.0208334875454897,0.02083333333372535,0.0208338606092821,0.020833333333694602,0.39583063688169845,0.0208333333336206,0.0,0.0,0.0
230.3500061035156,230.3500061035156,125528400,20210405,TSLA,220.5833282470703,230.3500061035156,1,0.09902341488271257,0.05642234115577612,0.0656895434550693,0.3068983212730026,0.015689932358948326,0.015689883658418648,0.015690292171612726,0.01568986979771765,0.01568990108756415,0.16568989178491328,0.2121367426842569,0.015689865690007174,0.0,0.9069,0.453925
230.5399932861328,230.5399932861328,84815400,20210406,TSLA,230.3500061035156,230.5399932861328,1,0.0287042815858793,0.0287038004188,0.028704112783557,0.028703703703996598,0.2509233864121934,0.0287038864657093,0.028703703703950135,0.028703830148741564,0.028704463427525802,0.028704745427620665,0.46203628788606016,0.02870379803596543,0.0,0.6674,0.22246666666666667
223.6566619873047,223.6566619873047,78928200,20210407,TSLA,230.5399932861328,223.6566619873047,0,0.01250057969525784,0.0677500328282645,0.012500039874546582,0.01250038124014472,0.01250019754221364,0.1820924617323274,0.03750011676743464,0.06250006390255142,0.2588791152267669,0.09290620556459654,0.235870763113263,0.01250004251263232,0.0,0.6893,0.3826
227.93333435058597,227.93333435058597,71772900,20210408,TSLA,223.6566619873047,227.93333435058597,1,0.1371522281075623,0.0121527777779938,0.0121539687669202,0.0121528285681109,0.0121528635555667,0.0121528271639856,0.0121527777779997,0.0746527029140557,0.18732386477759658,0.012153124260393298,0.5036471923468828,0.012152843982931899,-0.6444,0.0,-0.3222
225.67333984375,225.67333984375,64311300,20210409,TSLA,227.93333435058597,225.67333984375,0,0.019138628471305527,0.07861540422606492,0.16473827676005454,0.019138576796157374,0.21110253126604273,0.034937691174712446,0.14567358273662828,0.019138561791194324,0.06103876184007525,0.07535183172432304,0.12073764015987755,0.050388513053563476,-0.2732,0.3365,0.033712500000000006
254.10667419433597,254.10667419433597,133958400,20210413,TSLA,233.9933319091797,254.10667419433597,1,0.0092592592594339,0.0092593545237822,0.0092596290561531,0.0092593999217376,0.0092592592594316,0.0092592816850102,0.3421461253219671,0.5652606248154802,0.0092592709185006,0.0092592592594042,0.0092592767197243,0.0092592592593745,-0.6428,-0.6428,-0.6428
244.07666015625,244.07666015625,147052200,20210414,TSLA,254.10667419433597,244.07666015625,0,0.014716787650638188,0.12423492014425584,0.1987006322761169,0.09043106220469854,0.05846655307659481,0.06237898938112745,0.11209978587019133,0.037352162408798975,0.15013298082037935,0.03579022830747738,0.10097929759956081,0.014716600260159887,0.0,0.923,0.3916
246.2833404541016,246.2833404541016,83546700,20210415,TSLA,244.07666015625,246.2833404541016,1,0.15714757131954324,0.07826347928861867,0.11429131265731673,0.019052861639828687,0.019052883083812155,0.09962911230156338,0.13928054628256875,0.08036871181026266,0.07249063022811918,0.019052956471456016,0.13469848028859138,0.06667145462831871,0.0,0.7959,0.2552285714285714
246.5933380126953,246.5933380126953,83938500,20210416,TSLA,246.2833404541016,246.5933380126953,1,0.3441818640433601,0.0208333333333963,0.0208334708981343,0.0208334082040381,0.0208333333334123,0.0208333333334083,0.0208336425201742,0.0208333333334054,0.0208333333333959,0.0208333333333997,0.4474842810004888,0.0208333333333861,-0.2263,-0.2263,-0.2263
238.2100067138672,238.2100067138672,119058600,20210419,TSLA,246.5933380126953,238.2100067138672,0,0.00974027357211185,0.009740323697205351,0.552919568427622,0.00974090410251285,0.08116877716543805,0.21115752570046145,0.07683091549969846,0.0097403686071305,0.0097402597404258,0.0097403850353419,0.00974029489590765,0.00974040355614355,0.4926,0.8883,0.69045
239.663330078125,239.663330078125,106827000,20210420,TSLA,238.2100067138672,239.663330078125,1,0.013888888889435,0.3555632215916588,0.0138893442747417,0.013890095827661,0.0138897858172322,0.3388785319534925,0.0138889887855152,0.180555474003522,0.013888888889316,0.0138890021889517,0.0138888888892239,0.0138888888892494,0.4404,0.4404,0.4404
248.0399932861328,248.0399932861328,93646500,20210421,TSLA,239.663330078125,248.0399932861328,1,0.01458333333345635,0.0145833333334301,0.13958346530957264,0.4645828002749316,0.0145833888805629,0.1395833322562165,0.01458333333343275,0.13958334026943406,0.0145833333334295,0.0145833333334354,0.0145833872030387,0.0145836191390591,0.0,0.4767,0.23835
239.89666748046875,239.89666748046875,106770900,20210422,TSLA,248.0399932861328,239.89666748046875,0,0.011459744205822275,0.07158130595114862,0.09264081942364537,0.4382109454516596,0.03930389090368482,0.011459723116759038,0.06046131106950042,0.011459825378271313,0.055945188472854124,0.04137387029946151,0.154643675429726,0.011459700297466287,-0.8481,0.8176,0.16083750000000002
246.0666656494141,246.0666656494141,93115500,20210426,TSLA,243.13333129882807,246.0666656494141,1,0.1055553032751703,0.016666752409714183,0.08686257350988763,0.24819320543620735,0.044444422707380644,0.14625113245233756,0.05833341458919775,0.2001121109105122,0.016666671854640734,0.043580828423546915,0.0166668659819859,0.01666671844941825,-0.296,0.8264,0.4214
234.913330078125,234.913330078125,88311000,20210427,TSLA,246.0666656494141,234.913330078125,0,0.01472956480346314,0.09472956625796365,0.22180586205645597,0.014729542498537317,0.05601045770171024,0.014729506078542481,0.014729537797058278,0.2490798303776815,0.09344844690197436,0.14936287292354983,0.03291136334182126,0.04373344926124138,-0.34,0.5296,0.14512
231.46665954589844,231.46665954589844,66813000,20210428,TSLA,234.913330078125,231.46665954589844,0,0.0254629639409113,0.10879623219695507,0.0254629629634695,0.10879633805965176,0.025462962963586997,0.02546296296355577,0.025462962963474032,0.1087963176534746,0.1365739833074517,0.24768516939815152,0.13657418062593707,0.025462962963380232,0.0,0.902,0.4536
225.6666717529297,225.6666717529297,86536200,20210429,TSLA,231.46665954589844,225.6666717529297,0,0.05582192173489562,0.057991751475260866,0.22476675543969496,0.013211232726877633,0.06795850947931276,0.16640907405927077,0.23667419707392864,0.04098881216455993,0.013211046584871218,0.013211170642343601,0.013211216083176552,0.09654431253580698,0.0,0.7906,0.46285
228.3000030517578,228.3000030517578,81129300,20210503,TSLA,236.47999572753903,228.3000030517578,0,0.1840800093508253,0.008333669213488,0.0083335554561897,0.008333539921381,0.0083333333334451,0.181303318616484,0.1498613274164335,0.0083333465537234,0.0083333333334219,0.0083333740244315,0.4180878594467683,0.0083333333334081,0.2023,0.2023,0.2023
224.5333404541016,224.5333404541016,89217900,20210504,TSLA,228.3000030517578,224.5333404541016,0,0.0104166666668191,0.4082895984010466,0.0104172315709442,0.0104168891961917,0.0104166666668171,0.1774049875344055,0.0104168215280514,0.0104166666668039,0.0104167238369758,0.0104167760835048,0.3205543051816722,0.0104166666667673,-0.1585,-0.1585,-0.1585
223.64666748046875,223.64666748046875,65705700,20210505,TSLA,224.5333404541016,223.64666748046875,0,0.0208356765224926,0.0208351493708045,0.0208333333340242,0.0208333333341619,0.0208333333341846,0.020833333334142,0.5208290955727289,0.0208333333341101,0.0208333333340078,0.0208333333340492,0.0208333333338624,0.2708334118614313,0.4019,0.4019,0.4019
221.17999267578125,221.17999267578125,83353800,20210506,TSLA,223.64666748046875,221.17999267578125,0,0.19359571729265235,0.0542610356812568,0.01821437506238652,0.058214123310478816,0.0182143334560742,0.01821460007581072,0.11728990358795813,0.06821435555234907,0.0682142401545091,0.01821428571470124,0.29913871870428815,0.06821431140753434,0.0,0.2732,0.07518
209.67999267578125,209.67999267578125,94177200,20210510,TSLA,224.1233367919922,209.67999267578125,0,0.0416666666667371,0.0416666666667221,0.0416666666667231,0.0416666666667343,0.0416666666667362,0.0416666666667327,0.0416666666667236,0.0416666666667301,0.0416666666667217,0.0416666666667251,0.5416666666660002,0.0416666666667131,0.0,0.0,0.0
196.6300048828125,196.6300048828125,101470800,20210512,TSLA,205.73333740234372,196.6300048828125,0,0.01259816607186575,0.25817945904142,0.25343170965335954,0.01259804808299915,0.012597974797168926,0.01259793715675415,0.18750744143216375,0.0876315461548858,0.12506359991970653,0.012597938096070125,0.012598232134825775,0.012597947458779925,0.0,0.7532,0.50985
190.56333923339844,190.56333923339844,132554700,20210513,TSLA,196.6300048828125,190.56333923339844,0,0.27544438473133587,0.016793427208040203,0.11462875788909824,0.01679333751141228,0.01679292929326724,0.1542452785925305,0.0167932524023585,0.01679309679505342,0.016793136183030438,0.1755188908556236,0.16261042670797013,0.01679308183027922,-0.1531,0.7964,0.48262
196.5800018310547,196.5800018310547,100112700,20210514,TSLA,190.56333923339844,196.5800018310547,1,0.0208345256963681,0.0208333333343109,0.2708318866132308,0.0208333333345272,0.0208333333345599,0.0208333333344988,0.0208333333343377,0.0208333333344524,0.020833894445885,0.0208333333343648,0.5208330265693103,0.0208333333341535,0.3182,0.3182,0.3182
192.27667236328125,192.27667236328125,97171200,20210517,TSLA,196.5800018310547,192.27667236328125,0,0.0277777777784084,0.0277782458780023,0.3607624139653925,0.0277785739432218,0.0277777777784002,0.027777777778369,0.0277788180656722,0.3614574062671682,0.0277777777782708,0.0277777777783012,0.0277778752105989,0.0277777777781939,0.0,0.0,0.0
192.6233367919922,192.6233367919922,110491800,20210518,TSLA,192.27667236328125,192.6233367919922,1,0.014063028378586124,0.0448332236758948,0.0458110461398802,0.07884078896918378,0.014062528767761826,0.0731995868509324,0.28311454034349065,0.014062650583436125,0.0140627553954341,0.07442534060663707,0.2658780072683204,0.07764650302044206,0.0,0.5562,0.275475
187.82000732421875,187.82000732421875,118735200,20210519,TSLA,192.6233367919922,187.82000732421875,0,0.35967352363557015,0.022486772487041368,0.022486772487046298,0.19323588565540217,0.022486772487109837,0.022487031514509,0.13359842016121068,0.022486822044853635,0.13359762998564487,0.02248678268885643,0.022486772486982134,0.022486814365772868,0.3818,0.9725,0.7491666666666666
195.5933380126953,195.5933380126953,92463300,20210520,TSLA,187.82000732421875,195.5933380126953,1,0.05819578364258115,0.051927848531134066,0.04908738465876806,0.038083417504720725,0.03673958518468861,0.019734179483029614,0.11158588694931601,0.10171861451562249,0.05046082748898011,0.10726719169582877,0.3011260979091058,0.07407318243622406,-0.296,0.9413,0.2646615384615385
193.6266632080078,193.6266632080078,78091800,20210521,TSLA,195.5933380126953,193.6266632080078,0,0.27830571589437575,0.012556160638475965,0.10869882967039379,0.0698517277561667,0.07810156998151277,0.04567942347924447,0.1160943693896375,0.049593078296824966,0.012556168115795801,0.20344979587731002,0.0125563739068422,0.012556786993419599,0.6338,0.7717,0.7098
202.14666748046875,202.14666748046875,103674300,20210524,TSLA,193.6266632080078,202.14666748046875,1,0.028704294107426767,0.028705006265519233,0.0287037037042288,0.0287037233105859,0.028704214341819263,0.19537041580065181,0.2287030480679388,0.2509241868291444,0.028703703704216266,0.028703817582960534,0.09537018258137153,0.028703703704136302,0.6222,0.8834,0.7545000000000001
201.56333923339844,201.56333923339844,84017700,20210525,TSLA,202.14666748046875,201.56333923339844,0,0.26735990500635076,0.01736112118628665,0.1423611322589799,0.0173611111114193,0.18402771524488565,0.017361144270547198,0.0173611519519185,0.0173623693686156,0.017361111111362,0.26736063473517063,0.01736111111130795,0.01736149264315525,-0.1082,0.0,-0.0541
206.3766632080078,206.3766632080078,85917900,20210526,TSLA,201.56333923339844,206.3766632080078,1,0.013095284332496501,0.203571270069928,0.1321426051652716,0.013095254784312935,0.07976185391787556,0.07976191117120833,0.013095289521629765,0.013095359939302833,0.013096150594961067,0.0130952387260747,0.41309436519326814,0.013095416583670067,-0.296,0.25,-0.015333333333333329
210.2833404541016,210.2833404541016,79111800,20210527,TSLA,206.3766632080078,210.2833404541016,1,0.0105821259722736,0.01058233158589695,0.0105820381307196,0.224867368337647,0.01058211046474215,0.010582062538151051,0.0105824497587451,0.01058206906450215,0.23280389167864,0.232803560276488,0.22486784228288342,0.01058214990931055,-0.2766,0.25,-0.013300000000000006
208.4066619873047,208.4066619873047,68211000,20210528,TSLA,210.2833404541016,208.4066619873047,0,0.2166664447158248,0.0166666666670956,0.0166666666671035,0.0166666666671904,0.0166666920652518,0.0166666666671779,0.0166667127100945,0.0166666666671577,0.6166664071013198,0.0166666666671192,0.0166670767376376,0.0166666666670266,0.0,0.0,0.0
207.96665954589844,207.96665954589844,54254700,20210601,TSLA,208.4066619873047,207.96665954589844,0,0.020833333334132,0.02083333333396165,0.020833680948974552,0.2708334243350464,0.1458333484891375,0.0208344227967833,0.02083333333398335,0.14583178600901653,0.0208333333339577,0.02083410778173905,0.145833702018893,0.14583219428437455,-0.4926,0.6124,0.05990000000000004
201.7066650390625,201.7066650390625,69908400,20210602,TSLA,207.96665954589844,201.7066650390625,0,0.020648155920979662,0.06745987772800129,0.21514673964223094,0.020648268105071442,0.0206481481484589,0.23731482342505536,0.040648176934097856,0.11229720238697645,0.08731486559393861,0.042187104922510876,0.11503846940371636,0.02064816778896164,-0.5514,0.802,0.01816000000000002
199.68333435058597,199.68333435058597,72110700,20210604,TSLA,190.94667053222656,199.68333435058597,1,0.0833333333333333,0.0833333333333333,0.0833333333333333,0.0833333333333333,0.0833333333333333,0.0833333333333333,0.0833333333333333,0.0833333333333333,0.0833333333333333,0.0833333333333333,0.0833333333333333,0.0833333333333333,-0.5574,-0.5574,-0.5574
201.7100067138672,201.7100067138672,67631100,20210607,TSLA,199.68333435058597,201.7100067138672,1,0.0166672514993513,0.0166677789944414,0.3810505671998654,0.2522041000972284,0.0166666666669115,0.0166670435796502,0.0166668719959593,0.2167422217760508,0.0166666666668607,0.0166669781860168,0.016667186670833,0.0166666666668304,0.4939,0.4939,0.4939
199.5933380126953,199.5933380126953,49753800,20210609,TSLA,201.19667053222656,199.5933380126953,0,0.15363542766460303,0.03938230797984173,0.037726046718068174,0.061425567948806256,0.14704199993655817,0.11983351921143834,0.009892518731734625,0.18210854618255465,0.009892538615840924,0.027753096773334176,0.11616334458391397,0.0951450856533054,-0.2023,0.5868,0.18755
203.3733367919922,203.3733367919922,71758800,20210610,TSLA,199.5933380126953,203.3733367919922,1,0.0166666666673363,0.0166666666671935,0.2040836123894033,0.0166667160465587,0.0166666666673276,0.3262711445466386,0.0166668407511837,0.0166666666672697,0.0166672829545812,0.0166668521687044,0.3196437914010375,0.0166670930727654,0.6908,0.6908,0.6908
203.29666137695312,203.29666137695312,48615900,20210611,TSLA,203.3733367919922,203.29666137695312,0,0.017129649493028767,0.1671297229905168,0.12548402773289494,0.017129783475531932,0.07268517016569437,0.09026542415242876,0.0171298127886759,0.017129775527616267,0.15046295779500626,0.017129629630079933,0.2911943989617327,0.017129647286792903,0.0,0.8383,0.27943333333333337
205.89666748046875,205.89666748046875,61272000,20210614,TSLA,203.29666137695312,205.89666748046875,1,0.02554626724056435,0.025545775373102375,0.09697491580941613,0.0255457338425539,0.3172094428849342,0.025545873952823022,0.02554609979868665,0.061260110742802146,0.13268859692227486,0.025545874347753725,0.15054568488433975,0.08804562420074845,-0.2732,0.765,0.22342499999999998
199.7866668701172,199.7866668701172,53292300,20210615,TSLA,205.89666748046875,199.7866668701172,0,0.0416666666668335,0.0416666666667979,0.0416671257235144,0.0416666666668269,0.0416666666668313,0.041668201806439,0.5416646724687919,0.0416666666668169,0.0416666666667971,0.0416666666668051,0.0416666666667689,0.0416666666667767,-0.0772,-0.0772,-0.0772
201.6233367919922,201.6233367919922,66432300,20210616,TSLA,199.7866668701172,201.6233367919922,1,0.028518534998924483,0.05074078819112858,0.22851849416614362,0.028518663789869097,0.07296293207346323,0.0685185013570314,0.14851866376015954,0.02851851861971778,0.1129629440003285,0.10851852246775631,0.09518489524959918,0.028518541325877823,0.0,0.7543,0.41658
205.5333404541016,205.5333404541016,68104200,20210617,TSLA,201.6233367919922,205.5333404541016,1,0.020833486734178633,0.020833333333588267,0.020833494138386366,0.10416666334450027,0.20967378983535,0.020833566900663434,0.17854725372380312,0.020833333333625165,0.24865980257950185,0.11311823803794659,0.0208337047049087,0.020833333333547168,0.0,0.6249,0.2083
206.94332885742188,206.94332885742188,74438100,20210621,TSLA,207.7700042724609,206.94332885742188,0,0.00763892993524205,0.007638975764748051,0.00763905962680115,0.2682008900530503,0.19143024121257346,0.00763891711297365,0.3775057001718827,0.0576609509337673,0.00763902689249265,0.051729467685989704,0.0076389105479842,0.00763893006249435,0.0,0.4215,0.21075
218.85667419433597,218.85667419433597,93297600,20210623,TSLA,207.90333557128903,218.85667419433597,1,0.0138890622862212,0.0138892886445844,0.0138892465326189,0.0138893104640863,0.0138888888893852,0.2195340812048486,0.0138888888892953,0.0138898088492242,0.0138891819429967,0.0138904886033151,0.6415722267924007,0.0138895269010229,0.25,0.25,0.25
226.60667419433597,226.60667419433597,137947200,20210624,TSLA,218.85667419433597,226.60667419433597,1,0.01289683141183225,0.16982272493256556,0.012897864011528499,0.01289727585068325,0.0128968253969975,0.08432541049816775,0.42956318897004875,0.213112457187408,0.012896826090789099,0.01289685494213055,0.01289688809803285,0.0128968526098154,0.2516,0.8814,0.5665
223.9566650390625,223.9566650390625,97490100,20210625,TSLA,226.60667419433597,223.9566650390625,0,0.035331275687378795,0.18110987680917895,0.13813553097493544,0.16801159657587647,0.051997588858009515,0.1159586970114791,0.08015314635383874,0.02104542583367647,0.035415586727545946,0.0210453540895409,0.1307506125763159,0.02104530850222317,-0.4199,0.5848,0.32257
229.5733337402344,229.5733337402344,64884600,20210628,TSLA,223.9566650390625,229.5733337402344,1,0.3727420750324384,0.0083334148928444,0.0083336270947169,0.0083333333335211,0.0083333333335262,0.1088847954067531,0.0083333629124912,0.0083333333335093,0.0083338233671255,0.0083333333334956,0.4433722346261156,0.0083333333334623,0.6239,0.6239,0.6239
226.9199981689453,226.9199981689453,52143900,20210629,TSLA,229.5733337402344,226.9199981689453,0,0.041646905327138516,0.1719053804966773,0.0611201141138457,0.03602945492136038,0.05807535593765308,0.11307500326262712,0.12076587072811931,0.013075513418327082,0.1809318242817921,0.07974223600269698,0.1105566270121634,0.01307571449759864,-0.7717,0.914,0.07746
226.5666656494141,226.5666656494141,56774700,20210630,TSLA,226.9199981689453,226.5666656494141,0,0.12320989195952119,0.01049613475962754,0.030496061094357197,0.01049622491819994,0.030496058700229776,0.07716272028667184,0.1021626401903589,0.010496044561420458,0.27624457620699155,0.06049572929081748,0.2577478856154191,0.01049603241638442,-0.1761,0.7959,0.31184
225.97332763671875,225.97332763671875,55903500,20210701,TSLA,226.5666656494141,225.97332763671875,0,0.10671706793132088,0.016390825900475584,0.06437168654640774,0.09075892356864079,0.016390705595865945,0.06480709216771972,0.07915184735506993,0.13945226767698007,0.15106877756060072,0.08257606940596562,0.11164862686213174,0.07666610942882073,-0.7738,0.8899,0.12003076923076923
226.3000030517578,226.3000030517578,81163500,20210702,TSLA,225.97332763671875,226.3000030517578,1,0.07413590501078318,0.013747318754919555,0.0932457522213858,0.14469939018484448,0.023951263089639557,0.0617416347156829,0.3180486080249854,0.04974422693578671,0.12702273060629568,0.028828242733505902,0.01374738552246847,0.0510875421997019,-0.8194,0.7783,0.24572857142857144
219.8600006103516,219.8600006103516,69853500,20210706,TSLA,226.3000030517578,219.8600006103516,0,0.03335813492089395,0.0646082531000785,0.11669158156618062,0.033358229309830574,0.09585813479721106,0.0333581603712025,0.33692928605718614,0.03335817264491365,0.11669145847374295,0.06907216966744885,0.033358284170504855,0.033358134920805874,0.0,0.5994,0.250325
214.88333129882807,214.88333129882807,56376000,20210707,TSLA,219.8600006103516,214.88333129882807,0,0.035589840906513015,0.06588681448804395,0.10743799169901382,0.18113222041036728,0.06843900385159192,0.07687589220864244,0.12440891495894882,0.03125487647589613,0.15563037186410558,0.06597308721236275,0.06910310061077686,0.01826788531373693,0.0,0.7896,0.28824285714285713
217.60333251953125,217.60333251953125,68319900,20210708,TSLA,214.88333129882807,217.60333251953125,1,0.01672192259289385,0.2589470519353925,0.16672157475460295,0.06434080350629391,0.12386470168629705,0.016721781305504765,0.05326781857039,0.08434987503530578,0.0167218922458667,0.01672203751274968,0.16489873416591097,0.016721806688791332,-0.296,0.4767,0.03871666666666667
218.98333740234372,218.98333740234372,54421500,20210709,TSLA,217.60333251953125,218.98333740234372,1,0.14821412683182175,0.05381159308899265,0.057954180042313626,0.20787679198201992,0.032738243172300445,0.08988091586832159,0.0468145898931247,0.014880952413453715,0.05059564374161799,0.1817564492081321,0.01488135881279007,0.10059515494511093,-0.7255,0.5719,-0.1057857142857143
228.5666656494141,228.5666656494141,77781000,20210712,TSLA,218.98333740234372,228.5666656494141,1,0.045138894468383844,0.04513898392801035,0.045138892895103526,0.045138903062406276,0.04513904667675265,0.045138895114301296,0.045138888889290775,0.17013885581084043,0.045138893307410576,0.33680521079526166,0.08680543423000045,0.0451391008222377,-0.2732,0.4939,0.2887
222.8466644287109,222.8466644287109,62898300,20210713,TSLA,228.5666656494141,222.8466644287109,0,0.023072593803706073,0.023072577082354256,0.10640576692964403,0.02307266804076216,0.07069155687766708,0.11188984989719368,0.05127734022330293,0.02307265720570787,0.10515507175469373,0.2239768278678866,0.08803876945453962,0.15027432086254142,-0.2732,0.8658,0.1721857142857143
217.7933349609375,217.7933349609375,64923600,20210714,TSLA,222.8466644287109,217.7933349609375,0,0.200980557848418,0.0665324461391617,0.10207637479444745,0.17290223422835949,0.01636302749784578,0.01636252176287762,0.06553682999228003,0.0163624952643097,0.05636237234045126,0.01636258136279662,0.25379607681775807,0.01636248195129372,-0.4574,0.5629,0.19935999999999998
216.86666870117188,216.86666870117188,60628800,20210715,TSLA,217.7933349609375,216.86666870117188,0,0.05973310019970175,0.052244517987700544,0.15916601022979357,0.03023074121208221,0.010119574305028939,0.2769075911317704,0.0807594287162165,0.010119529456033107,0.06682774509785093,0.028545498224962797,0.215226737028159,0.010119526410699669,-0.1137,0.92,0.4141538461538462
214.7400054931641,214.7400054931641,49113000,20210716,TSLA,216.86666870117188,214.7400054931641,0,0.012500506697852899,0.0125003666082411,0.26785002724538315,0.012500292585687252,0.0125002198125488,0.07684817784532215,0.2008411442451981,0.01250000817580485,0.01250000000013945,0.012500051456106848,0.3544590749186436,0.012500130409071351,0.5719,0.5994,0.58565
215.4066619873047,215.4066619873047,63891300,20210719,TSLA,214.7400054931641,215.4066619873047,1,0.267361115396349,0.017361611283000497,0.01736142604785735,0.0173611176570426,0.0173611111114295,0.1423610398208188,0.3500529794449492,0.1013350160926926,0.017361111111363348,0.017361160213697498,0.017361200709475052,0.01736111111132405,0.0,0.0,0.0
220.1666717529297,220.1666717529297,46461300,20210720,TSLA,215.4066619873047,220.1666717529297,1,0.0105820823176532,0.0105820123862235,0.29564400969515636,0.03504369404906503,0.06613757517738633,0.010582010582225099,0.05820099955343427,0.058200975928375566,0.4232803657693636,0.0105820140740829,0.010582244641851632,0.010582015825181867,-0.3182,0.4199,0.06813333333333334
218.42999267578125,218.42999267578125,41859900,20210721,TSLA,220.1666717529297,218.42999267578125,0,0.34167433827178156,0.04389012683824648,0.0126393661582536,0.012639476042731801,0.06317901568696992,0.07748403166965881,0.0126394583385282,0.012639527027256101,0.012639304320855025,0.03877476351198475,0.35916129700303046,0.0126392951307028,-0.4003,0.9441,0.08312500000000002
216.4199981689453,216.4199981689453,45317100,20210722,TSLA,218.42999267578125,216.4199981689453,0,0.019841269841534302,0.01984126984147785,0.0198412950290836,0.0198412698415238,0.1723901343744396,0.01984126984151775,0.01984127761613725,0.18650796628434801,0.0198415518457508,0.0198413016849277,0.4625301239578144,0.01984126984144435,0.0,0.0772,0.0386
214.4600067138672,214.4600067138672,43814700,20210723,TSLA,216.4199981689453,214.4600067138672,0,0.021560933350141302,0.06918018405586139,0.07070036984857149,0.12870277206370145,0.050625930417695975,0.021560895621714243,0.14539977504979512,0.0374338605090968,0.02156113155121846,0.08685196447391243,0.32486133649727067,0.02156084656102023,0.0,0.9331,0.4373
219.2066650390625,219.2066650390625,76009800,20210726,TSLA,214.4600067138672,219.2066650390625,1,0.006790124459783834,0.0067902504131028335,0.2642285345095083,0.11605890923743267,0.006790162268907166,0.0067902977681583996,0.24327109983296977,0.0067903093386872,0.0067902043075876,0.006790358847604,0.3221195117262448,0.006790237290012932,-0.2732,0.8856,0.4696
214.9266662597656,214.9266662597656,98439900,20210727,TSLA,219.2066650390625,214.9266662597656,0,0.026212939477909415,0.17615283846222088,0.08858889571209141,0.009493730571039529,0.009493865013543342,0.04695402817013361,0.27045099346866863,0.1333567138242168,0.032016567448731784,0.06008874835308113,0.13769713030040712,0.009493549197955859,-0.0258,0.836,0.3705142857142857
215.66000366210935,215.66000366210935,48019800,20210728,TSLA,214.9266662597656,215.66000366210935,1,0.024074074074269498,0.024074074074227864,0.11210033699542893,0.024074140186856333,0.15826949838743712,0.024074237709310536,0.15675665978694814,0.024074074074250097,0.38027990494934905,0.024074519329916267,0.024074406357802433,0.024074074074203065,0.0,0.7644,0.38876666666666665
225.7833404541016,225.7833404541016,91183800,20210729,TSLA,215.66000366210935,225.7833404541016,1,0.07485115097964648,0.0929503039140861,0.06291170770941695,0.06481077132945917,0.06799578510046685,0.0179963903731933,0.10966301093455047,0.10312586079295269,0.15647650683224074,0.046181194346720925,0.1850412062730177,0.01799611141424809,-0.296,0.8979,0.36505
229.0666656494141,229.0666656494141,88969200,20210730,TSLA,225.7833404541016,229.0666656494141,1,0.013198543577547087,0.11758471182540435,0.18940882363849176,0.03020784160148281,0.08686896966014769,0.0704898313159722,0.2933960646973914,0.02318016286819705,0.031055462170513137,0.052699705153236784,0.013198461804021,0.07871142168759432,-0.5859,0.7964,0.2175125
236.55667114257807,236.55667114257807,100847400,20210802,TSLA,229.0666656494141,236.55667114257807,1,0.017857341893406133,0.017857142857472034,0.10119060502952637,0.18452304139902806,0.10119009186872407,0.017857163597784366,0.017857142857481034,0.23214228240141713,0.2559524153984744,0.017857182508931334,0.017858033921089266,0.01785755626666523,-0.0516,0.0,-0.0172
236.5800018310547,236.5800018310547,64860900,20210803,TSLA,236.55667114257807,236.5800018310547,1,0.013408124029976525,0.01340817519963495,0.013408189539760324,0.013408308441890424,0.3081170845756095,0.18007466763735547,0.013408157700810174,0.03309529246584687,0.21657014238151942,0.034559863019837274,0.14713385872396378,0.013408136283794675,-0.4199,0.8245,0.251
236.97332763671875,236.97332763671875,51007800,20210804,TSLA,236.5800018310547,236.97332763671875,1,0.04373483197887305,0.013432127448286235,0.043734921229951325,0.037241915210153735,0.058886512320021074,0.25206739032212144,0.013432095723091534,0.08377811312580329,0.2316858049908592,0.06527193597758041,0.01343210140355955,0.14330225026969876,0.0,0.7809,0.31838333333333335
238.2100067138672,238.2100067138672,38758800,20210805,TSLA,236.97332763671875,238.2100067138672,1,0.03574085087288354,0.10240746652426769,0.07873830312407107,0.12607634418965383,0.03574074074093026,0.17574060093881463,0.035740769420427074,0.035740747199276904,0.03574092535883862,0.08018517182568823,0.22240733906428017,0.03574074074086746,-0.717,0.771,0.09498000000000001
233.0333404541016,233.0333404541016,46869000,20210806,TSLA,238.2100067138672,233.0333404541016,0,0.05323548195760612,0.03763893319276523,0.07935940750225134,0.06016850507732705,0.01269295015444718,0.08241749180484023,0.02038559268073072,0.024978840997919617,0.17101886465212596,0.08093503758300016,0.351975903078872,0.02519299131811395,-0.7783,0.8622,0.02087
236.663330078125,236.663330078125,40296900,20210810,TSLA,237.9199981689453,236.663330078125,0,0.0166676494049667,0.0166666666667762,0.3570629046819139,0.2762661457279786,0.2166666720191577,0.0166666666667972,0.0166678805782388,0.0166666666667921,0.016666939868888,0.0166666666667822,0.0166684743849494,0.0166666666667586,0.2023,0.2023,0.2023
235.94000244140625,235.94000244140625,29401800,20210811,TSLA,236.663330078125,235.94000244140625,0,0.24535405745739483,0.008882889262589165,0.008882829560778268,0.05812547594935544,0.04316681094140459,0.14221577895200177,0.008882995945021,0.008882859439677001,0.2886574542638179,0.008882836525265267,0.16918319134098248,0.0088828203617118,0.0,0.3089,0.11156666666666666
240.75,240.75,52377300,20210812,TSLA,235.94000244140625,240.75,1,0.046412045281243125,0.01863427725316935,0.0464121663952361,0.018634270571843123,0.06863426621609545,0.018634259259673526,0.16444152627817255,0.22699337875306785,0.24676487420496973,0.018634259259626026,0.1071704172673518,0.018634259259550874,-0.2716,0.4215,0.018174999999999993
239.05667114257807,239.05667114257807,50194500,20210813,TSLA,240.75,239.05667114257807,0,0.05611011093806479,0.05838842375036388,0.04053142188486622,0.016721868886183298,0.0773334532708615,0.016721979357878017,0.1972772412937609,0.1245258003727212,0.12148366178056841,0.07227709796697308,0.14635151630693857,0.07227742419081964,-0.296,0.7783,0.17673333333333333
229.663330078125,229.663330078125,61048200,20210818,TSLA,221.90333557128903,229.663330078125,1,0.0489712022525691,0.0109747833748158,0.0109748050275537,0.04577702381293808,0.010974707682249299,0.010974711067063325,0.010974704713983851,0.09394617780988332,0.010975013454811175,0.010974714170340976,0.7235073238522108,0.010974832781580025,-0.7269,0.6369,0.021550000000000014
226.7533264160156,226.7533264160156,44525700,20210820,TSLA,224.4900054931641,226.7533264160156,1,0.0187500000004246,0.018750000000334,0.0187512101436188,0.0187500000004078,0.01875029155010695,0.1437490087308914,0.01875027488230115,0.218750259075228,0.11874965792024725,0.3687480687463709,0.01875111062348045,0.0187501183265881,0.0,0.0,0.0
235.43333435058597,235.43333435058597,60794700,20210823,TSLA,226.7533264160156,235.43333435058597,1,0.06935233489032691,0.0193521792806806,0.1755527200531223,0.043466750717064476,0.11935205774958262,0.01935195989638564,0.0431504214973411,0.019351961370044697,0.01935190808155158,0.12495842009101961,0.21295537491482452,0.1338039114580554,0.0,0.522,0.1849
236.163330078125,236.163330078125,39249300,20210824,TSLA,235.43333435058597,236.163330078125,1,0.0208333555942267,0.0208349769836647,0.7708257984179306,0.020833333333716,0.0208335525773328,0.0208338773996083,0.0208333333336554,0.0208333601530056,0.0208333333336449,0.0208335542528817,0.0208379458829592,0.0208335787373737,0.7269,0.7269,0.7269
237.0666656494141,237.0666656494141,37936800,20210825,TSLA,236.163330078125,237.0666656494141,1,0.005208429147129,0.8802078421948069,0.067708049323264,0.0052083333334237,0.0052083867532142,0.0052083333334216,0.0052084121960801,0.0052083333334181,0.0052083333334069,0.0052084995095159,0.005208377705304,0.0052086698370151,0.6369,0.6369,0.6369
233.72000122070312,233.72000122070312,39642900,20210826,TSLA,237.0666656494141,233.72000122070312,0,0.018518547171042,0.1296288325484588,0.35185192329875564,0.01851881088625605,0.01851864020674935,0.01851851868482595,0.01851897450695505,0.01851851851890585,0.0185185757752545,0.35185079342479797,0.0185193464591958,0.0185185185188024,-0.2023,-0.1406,-0.17145
237.30667114257807,237.30667114257807,41501400,20210827,TSLA,233.72000122070312,237.30667114257807,1,0.024074074074464134,0.0240740740743809,0.31296166002546544,0.024074142829114867,0.15740738407254626,0.09074062644762154,0.024074119692549634,0.024074074074425366,0.024075345420971766,0.0240741915105539,0.24629536915184136,0.0240749386260643,-0.1531,0.8882,0.4608999999999999
243.6366729736328,243.6366729736328,55812600,20210830,TSLA,237.30667114257807,243.6366729736328,1,0.14351268021293181,0.0952612384660594,0.13078993148694637,0.04193950918907706,0.02110625799229294,0.13593093327570352,0.0211061751572452,0.08777296347601218,0.021106350581261323,0.1356895467659371,0.14467821755772586,0.021106195838806636,-0.8122,0.5859,-0.015662500000000024
245.2400054931641,245.2400054931641,62566200,20210831,TSLA,243.6366729736328,245.2400054931641,1,0.0208335797272164,0.5208320588358264,0.0208333333334305,0.0208341110599488,0.2708326905260572,0.0208335442731902,0.0208333656232326,0.0208334894297175,0.0208333333334282,0.02083363831526,0.0208335222092783,0.0208333333334134,-0.6249,-0.6249,-0.6249
244.69667053222656,244.69667053222656,39612900,20210901,TSLA,245.2400054931641,244.69667053222656,0,0.09442405613017106,0.08266514864098522,0.10059832981085225,0.015764903573913584,0.02603014379459647,0.3133835333738921,0.11406712208090072,0.10667394336872937,0.015764871751801014,0.05147914262067688,0.01576490180398043,0.06338390304950034,-0.0429,0.9615,0.19382857142857143
244.1300048828125,244.1300048828125,38331900,20210902,TSLA,244.69667053222656,244.1300048828125,0,0.01424401662266081,0.24615287526147023,0.13685192530004692,0.0583007048997949,0.014243946062954978,0.11281587783312744,0.11188988260909968,0.08100488043972212,0.01424403780476661,0.08186101490759429,0.058591349640852566,0.06979948861790894,0.0,0.899,0.5396
244.52333068847656,244.52333068847656,45738300,20210903,TSLA,244.1300048828125,244.52333068847656,1,0.06837242520532437,0.06816293403645601,0.10360459989889194,0.014016424439500642,0.049730208027576196,0.0140163899530444,0.050759331514501134,0.0140161646415812,0.014016360639378287,0.03741218797935839,0.5518768310765951,0.014016142587791828,-0.0094,0.5719,0.2908
250.97332763671875,250.97332763671875,60119400,20210907,TSLA,244.52333068847656,250.97332763671875,1,0.0208337029250404,0.0208333333335196,0.5208333113533081,0.2708319870321796,0.020833333333567,0.0208333333335553,0.0208343320212669,0.0208333333335465,0.0208333333335184,0.0208333333335298,0.0208333333334785,0.0208333333334896,-0.636,-0.636,-0.636
251.6199951171875,251.6199951171875,42233100,20210909,TSLA,251.2899932861328,251.6199951171875,1,0.14138794699307772,0.19875014502330035,0.10821076296388192,0.04374147345749082,0.040535671466943465,0.05196430148824478,0.011964660082944039,0.05200560049634556,0.09249697759508843,0.011964379470323699,0.19501378186368226,0.05196429909867648,-0.0772,0.8126,0.14708
245.42333984375,245.42333984375,45552600,20210910,TSLA,251.6199951171875,245.42333984375,0,0.02502837744964127,0.0862528549330682,0.025028578656418998,0.2542858420385246,0.08625282210011163,0.13862722737663466,0.053600067968857266,0.02502838139475767,0.06584511300958272,0.060742621019171474,0.09305550558920936,0.08625260846402165,-0.296,0.8268,0.08685714285714285
247.6666717529297,247.6666717529297,68857500,20210913,TSLA,245.42333984375,247.6666717529297,1,0.033564978787305626,0.18052818426061223,0.033564846961082404,0.096064985608057,0.12384256402868499,0.21298960425499147,0.08912021142834198,0.09606481174129788,0.033565368484257,0.033564814815179575,0.03356481481508445,0.033564814815104926,-0.5859,0.2732,-0.152175
248.163330078125,248.163330078125,55574700,20210914,TSLA,247.6666717529297,248.163330078125,1,0.0138889548466411,0.0138888888889848,0.0138896423261132,0.0138889054997491,0.0138888888890092,0.0138894157240077,0.0138891204258703,0.0138889209078619,0.0138889527831423,0.01388888888899,0.8472205319306604,0.0138888888889693,-0.2716,-0.2716,-0.2716
251.94332885742188,251.94332885742188,46073100,20210915,TSLA,248.163330078125,251.94332885742188,1,0.01666666666704555,0.016666666666964775,0.0166668579623075,0.21666627204221414,0.0166670146134066,0.04166625907507305,0.016666703061384625,0.0166666666670079,0.566666933811093,0.01666670302999015,0.04166657484087333,0.016666681562638827,0.0,0.4404,0.1101
252.3300018310547,252.3300018310547,41770200,20210916,TSLA,251.94332885742188,252.3300018310547,1,0.025462962963848534,0.0254629629636598,0.025463112653041867,0.025463052642530733,0.13657398218148464,0.025462962963793332,0.21990731871094113,0.025463027990778334,0.21233250238402226,0.1365737606782725,0.11637139090407896,0.0254629629635474,0.0,0.6369,0.41209999999999997
253.163330078125,253.163330078125,84612600,20210917,TSLA,252.3300018310547,253.163330078125,1,0.01876982970265401,0.20165041497532205,0.05555779446758382,0.07706447097560745,0.04786040085979085,0.11766988882100973,0.08752784691648047,0.08305501216728878,0.21432698214299445,0.01876966174584373,0.04469234763442943,0.03305534959099465,0.0,0.8953,0.42377000000000004
243.38999938964844,243.38999938964844,74273100,20210920,TSLA,253.163330078125,243.38999938964844,0,0.11722234283367587,0.18388787458820213,0.18630274551622233,0.12613383841685,0.01722222222269138,0.01722247488986636,0.06722302913118325,0.06385813660130064,0.017222258803609537,0.05259409697473281,0.13388869033934575,0.01722228968231938,0.0,0.7777,0.25088
246.4600067138672,246.4600067138672,48992100,20210921,TSLA,243.38999938964844,246.4600067138672,1,0.0222224457827542,0.06984141558230399,0.02222274041813623,0.11746059287602803,0.09365059943637556,0.09365081631363432,0.022222380821099785,0.046031908803401245,0.2365073393306889,0.022222360104793216,0.2317451485799789,0.02222225195080497,-0.6072,0.8221,0.3565714285714286
250.64666748046875,250.64666748046875,45378900,20210922,TSLA,246.4600067138672,250.64666748046875,1,0.10443748959557735,0.06600805918999472,0.15560951508804133,0.016026396947013227,0.050178068873954554,0.01602642501849395,0.2585224461103417,0.09753842629764815,0.05729701063230011,0.07852625941994025,0.06079628883926864,0.039033613987425456,-0.765,0.8402,0.134425
258.1300048828125,258.1300048828125,64119000,20210924,TSLA,251.2133331298828,258.1300048828125,1,0.02430555555616215,0.14930550649690075,0.02430555555604135,0.1909723316232039,0.14930533233734156,0.1493053822971869,0.02430577669272105,0.02430569324791465,0.0243055555560297,0.19097210404305756,0.024305651037484048,0.024305555555955753,0.0,0.1027,0.05135
263.78668212890625,263.78668212890625,84212100,20210927,TSLA,258.1300048828125,263.78668212890625,1,0.05916659390597786,0.019166869253838082,0.16611533613774584,0.21916657930496056,0.0191667033510132,0.05249987562428384,0.06765335023886329,0.01916670886174144,0.01916677356480002,0.019166742439025837,0.3203977338704297,0.019166733447319877,-0.53,0.0,-0.10600000000000001
259.1866760253906,259.1866760253906,76144200,20210928,TSLA,263.78668212890625,259.1866760253906,0,0.013710899612672365,0.3530815806871888,0.08638880764760697,0.23561196955560185,0.15490158751151598,0.013710830868557733,0.013710942935816,0.013710826211053165,0.013711195608839035,0.013710886748006532,0.07403964640214833,0.013710826210992566,0.0,0.8718,0.2906
260.4366760253906,260.4366760253906,62828700,20210929,TSLA,259.1866760253906,260.4366760253906,1,0.323195203946641,0.016667457232733,0.310013755604321,0.01666694451899,0.0166666666668487,0.0166669000103053,0.0166669974472074,0.2167886908374006,0.0166666666668109,0.0166669780770834,0.0166670723248698,0.0166666666667884,0.4497,0.4497,0.4497
258.49334716796875,258.49334716796875,53868000,20210930,TSLA,260.4366760253906,258.49334716796875,0,0.0119048178254671,0.0119049275741174,0.0119047619104004,0.0119047736586406,0.0119047619048784,0.0119047953904441,0.0119048565136954,0.011904804402905,0.8690471688455185,0.0119047619048598,0.0119047996726461,0.0119047703964267,0.4404,0.4404,0.4404
258.4066772460937,258.4066772460937,51094200,20211001,TSLA,258.49334716796875,258.4066772460937,0,0.0166666666667493,0.0166666666667317,0.0166668027124031,0.8166664118094583,0.0166666666667482,0.0166666666667441,0.0166666666667335,0.0166666666667411,0.0166666666667313,0.0166666666667353,0.0166667854775026,0.0166666666667212,0.4019,0.4019,0.4019
260.510009765625,260.510009765625,91449900,20211004,TSLA,258.4066772460937,260.510009765625,1,0.0119049802969563,0.0119047619049233,0.011905048572172,0.0119048276039994,0.0119047619049643,0.0119054671036965,0.4404745203387281,0.4404761774187281,0.0119047619049223,0.0119047619049321,0.0119051691410795,0.0119047619048973,-0.0516,-0.0516,-0.0516
260.1966552734375,260.1966552734375,55297800,20211005,TSLA,260.510009765625,260.1966552734375,0,0.0208333333334403,0.0208333333334175,0.020833333333419,0.5208333325384584,0.0208333333334389,0.0208333333334336,0.0208333333334198,0.0208333333334297,0.020833333333417,0.0208333333334221,0.2708333341272992,0.0208333333334039,0.0,0.0,0.0
264.53668212890625,264.53668212890625,57587400,20211007,TSLA,260.9166564941406,264.53668212890625,1,0.0282528970398438,0.25119367444667434,0.07129219617257677,0.18002183432748942,0.08963908373622033,0.14557330898460305,0.011886829023574134,0.06795379084739256,0.08001774766970328,0.050395534171940835,0.011886622520568367,0.011886481059412543,0.0,0.8555,0.5812666666666666
261.8299865722656,261.8299865722656,50215800,20211008,TSLA,264.53668212890625,261.8299865722656,0,0.012896938081387525,0.13789681265273243,0.17956367572001192,0.01289686768294245,0.10664265198056636,0.012897157355423024,0.22904028271275753,0.012896916005691775,0.01289682569464125,0.17324484737670565,0.05456351081710267,0.05456351392003692,-0.0191,0.9558,0.4527
263.9800109863281,263.9800109863281,42600900,20211011,TSLA,261.8299865722656,263.9800109863281,1,0.02123740261339854,0.16337928539930494,0.19312493484324503,0.18654728193099085,0.03910620573560672,0.07726608097335365,0.18545523197806296,0.021237403629583616,0.02123742807758098,0.04893381391938456,0.02123752081972728,0.021237410079760318,-0.6966,0.7574,0.2284
268.5733337402344,268.5733337402344,66060000,20211012,TSLA,263.9800109863281,268.5733337402344,1,0.19074064521114545,0.02407407407420267,0.02407414458009363,0.024074112445743867,0.024074074074235396,0.02407412090475,0.12217220629689761,0.2037531714430938,0.22407405190886034,0.09074067756950577,0.024074647417289,0.02407407407418193,-0.2865,0.6249,0.11280000000000001
272.7733459472656,272.7733459472656,36741600,20211014,TSLA,270.3599853515625,272.7733459472656,1,0.0538888986348496,0.01388901326096846,0.0938888423775207,0.01388890710423698,0.05388891363336048,0.11388893813089855,0.11066074748356929,0.14753826927257788,0.20775076847274798,0.0829387919342334,0.013889026636322499,0.09388888305871372,-0.5994,0.5411,-0.08802
281.010009765625,281.010009765625,56773800,20211015,TSLA,272.7733459472656,281.010009765625,1,0.015432115719417966,0.23765430017397923,0.08845176660270355,0.1275974080030135,0.12654351063030203,0.015432112869500567,0.015432850060083533,0.015432098765607269,0.015432157423896366,0.015432108357823967,0.3117274726281109,0.015432098765560467,0.0,0.8225,0.4146666666666667
288.6000061035156,288.6000061035156,42096300,20211020,TSLA,288.0899963378906,288.6000061035156,1,0.1941798167280375,0.06640217083416462,0.05211630700566081,0.11402118164328694,0.018783101715648235,0.09445419754962714,0.018783338517429818,0.12261179985019177,0.15515595781682648,0.0187832449152678,0.1259258146406065,0.0187830687832518,-0.3384,0.807,0.1324666666666667
303.2266540527344,303.2266540527344,68642400,20211022,TSLA,298.0,303.2266540527344,1,0.055550105368616924,0.03311963430972123,0.02649810628713607,0.014733782085125486,0.03514195388355749,0.075633659765901,0.27643934276212473,0.014733799287159028,0.3757644139662867,0.014733848074155984,0.06291752494105048,0.014733829269164358,-0.3535,0.7717,0.03554285714285716
341.6199951171875,341.6199951171875,188556300,20211025,TSLA,303.2266540527344,341.6199951171875,1,0.08087117320402634,0.10384073660360423,0.04350292485045537,0.19364794570454427,0.07628283794848253,0.03885124446428885,0.10212612219760817,0.0592695122222932,0.10889463885919283,0.05505130130853085,0.07443207022726936,0.06322949240970362,-0.7032,0.6908,-0.05180000000000001
339.4766540527344,339.4766540527344,187245000,20211026,TSLA,341.6199951171875,339.4766540527344,0,0.017261970861872502,0.0839284158109952,0.23949468263436077,0.051640855689889374,0.0172620896737526,0.05551464275948597,0.01726215358342775,0.10059524518361455,0.180730322629258,0.05892843587421168,0.1358151251849624,0.041566060114168614,0.0,0.8405,0.43595
345.9533386230469,345.9533386230469,115579500,20211027,TSLA,339.4766540527344,345.9533386230469,1,0.02153756175521044,0.12625743587216404,0.09779649556806903,0.08346802371985175,0.056881001762966656,0.0418980031458942,0.04862085859933136,0.06942203076047866,0.061945758642475285,0.06092619794054549,0.07156883296367454,0.25967779926933804,-0.5994,0.8442,0.22924999999999998
359.0133361816406,359.0133361816406,81639600,20211028,TSLA,345.9533386230469,359.0133361816406,1,0.12529663791328333,0.05585235725337196,0.24116008317264118,0.014185730132211367,0.014185693298039833,0.01418569748296275,0.014185760409482233,0.13467098784884526,0.014185712360544216,0.055852225263810874,0.17936812247744313,0.1368709923873633,-0.5574,0.8397,0.03241666666666665
371.3333435058594,371.3333435058594,89755200,20211029,TSLA,359.0133361816406,371.3333435058594,1,0.02407426382994146,0.024074775434999703,0.24067125843990347,0.02407429372459356,0.02407407407461306,0.1462953706974355,0.04426806082099422,0.09080999724445422,0.20943579743343127,0.07407383519869674,0.024074202025117057,0.07407407107581909,0.0,0.7184,0.14368
402.86334228515625,402.86334228515625,168146100,20211101,TSLA,371.3333435058594,402.86334228515625,1,0.07777755740063984,0.1277774378787838,0.060989227717631656,0.05634914653497355,0.049206362116354284,0.12777807069214037,0.04920636329031928,0.1302811294258445,0.020635028220505443,0.25872941236643016,0.020635265194868517,0.02063499916150811,0.0,0.8779,0.3227285714285714
390.6666564941406,390.6666564941406,128213400,20211102,TSLA,402.86334228515625,390.6666564941406,0,0.0142045753292359,0.13920460012641386,0.13920495678417144,0.16662756567841033,0.0142045454550544,0.13920445331572906,0.01420476808379525,0.08152261953774745,0.014204545454948649,0.0886755415232659,0.17453728325634146,0.014204545454885798,0.4213,0.6588,0.54005
409.9700012207031,409.9700012207031,76192200,20211104,TSLA,404.6199951171875,409.9700012207031,1,0.10251793321765335,0.2858095427948167,0.12000540693824491,0.0250001589440351,0.025000090746552562,0.15833181250678144,0.02500130164584824,0.15833288448119515,0.025000522234802057,0.025000125394381,0.02500011543542502,0.025000105660263984,0.0,0.4767,0.25222
387.6466674804688,387.6466674804688,100337100,20211108,TSLA,407.36334228515625,387.6466674804688,0,0.036375615044488274,0.033483995465648855,0.060064544535358914,0.01596773159398473,0.015967577068664515,0.06582831607001947,0.015967588737406543,0.03184052646257855,0.4747218106023895,0.015967512781028287,0.21784728180499044,0.01596749983344137,-0.228,0.5563,0.0985
341.1666564941406,341.1666564941406,177317400,20211109,TSLA,387.6466674804688,341.1666564941406,0,0.0208333333335456,0.020833333333500348,0.1874997246736149,0.02083351156663405,0.02083333333354285,0.0208334188801211,0.0208333333335049,0.0208333333335245,0.3541664576654401,0.0208333429352156,0.27083354427788203,0.0208333333334734,0.0,0.3612,0.1806
355.9833374023437,355.9833374023437,128408100,20211110,TSLA,341.1666564941406,355.9833374023437,1,0.015889582638877065,0.09121698783715325,0.01588964865989095,0.06350872683977185,0.015889632087280097,0.08913757497156112,0.01588957022575195,0.015889848569038783,0.11112779508588844,0.015889665292824085,0.4782256476775355,0.07144532011442638,-0.5411,0.7506,0.10038333333333334
354.5033264160156,354.5033264160156,67189800,20211111,TSLA,355.9833374023437,354.5033264160156,0,0.07763395192813595,0.09621475689926232,0.15398893529883242,0.012882306415941774,0.03395719533737345,0.08492560216391551,0.01288237950168175,0.10003422583812238,0.2569298519050677,0.012882707982083375,0.1447858367979556,0.012882249931627301,0.0,0.836,0.209
344.47332763671875,344.47332763671875,76719300,20211112,TSLA,354.5033264160156,344.47332763671875,0,0.020172011202147597,0.15798759182410185,0.11275108093817567,0.3257275254148761,0.020171957672175767,0.020172288007638067,0.0201720328786694,0.020171973857777335,0.24215761537166047,0.020171975623915234,0.020171969124726397,0.020171978084135567,-0.1531,0.4215,0.08946666666666665
337.7966613769531,337.7966613769531,104326800,20211115,TSLA,344.47332763671875,337.7966613769531,0,0.013490426920960212,0.13478219958350046,0.1940398706350711,0.0632497832425655,0.10483793928500121,0.033247861845150335,0.0134906523457883,0.06798857881369332,0.09686229688612068,0.013490428035393975,0.10003070174050657,0.1644892606662478,0.0,0.8832,0.3332
351.57666015625,351.57666015625,79627200,20211116,TSLA,337.7966613769531,351.57666015625,1,0.023810049296454302,0.06155779693697125,0.1054632541339136,0.02380957373401985,0.0238095368723426,0.023809523809781,0.32851942481715796,0.10399685649727805,0.023809553906487202,0.0238095901206832,0.02380953653200045,0.2337953033429101,0.4404,0.4767,0.45855
363.0033264160156,363.0033264160156,94336200,20211117,TSLA,351.57666015625,363.0033264160156,1,0.2226998888799554,0.0672641522337966,0.01215282441566235,0.0677083114328191,0.11778219634217275,0.01215280632239625,0.012153102099761075,0.045412021008163626,0.32833107440069803,0.012152845319044925,0.09003798974431661,0.0121527878012128,0.0,0.8908,0.566825
365.4599914550781,365.4599914550781,62696700,20211118,TSLA,363.0033264160156,365.4599914550781,1,0.06277770039769934,0.05915846262243544,0.07997750618749547,0.22919719663187227,0.022777777778064178,0.06277784267263088,0.12277785060135818,0.02277792391269574,0.16277750681633732,0.0627779663210952,0.02277794279206648,0.08944432326624914,-0.7868,0.3612,-0.23946
379.0199890136719,379.0199890136719,64926900,20211119,TSLA,365.4599914550781,379.0199890136719,1,0.0639272145383165,0.012468535072228025,0.07257469057754225,0.01246847839662015,0.17978702709562294,0.037976779925457275,0.0595889163237583,0.11598219306909206,0.18589598977515023,0.012468652136175025,0.14820371738107627,0.09865780570896038,-0.4003,0.7722,-0.06602499999999999
385.6233215332031,385.6233215332031,99217500,20211122,TSLA,379.0199890136719,385.6233215332031,1,0.2016983269259296,0.09120812447950645,0.08216741273005031,0.06550101953392765,0.019667726338476313,0.11341755677828438,0.05091779073199065,0.06966762268017308,0.06966782949356551,0.10300117142613147,0.0509176356044362,0.08216778327752794,-0.0772,0.6808,0.3121125
369.6766662597656,369.6766662597656,108515100,20211123,TSLA,385.6233215332031,369.6766662597656,0,0.0872423212904333,0.15001716943370982,0.19773758230891764,0.04888610988217702,0.014521328416833346,0.029549788177139158,0.0861618510383452,0.042782215652307456,0.186743314667864,0.05117821565566167,0.07176038129103735,0.03341972218557354,-0.816,0.4497,0.1396888888888889
372.0,372.0,67680600,20211124,TSLA,369.6766662597656,372.0,1,0.08771389134681506,0.06683605975388049,0.015248716203091687,0.061594794233308915,0.08205237643842489,0.14995874361510922,0.0152487547107584,0.06286775411456559,0.17129250499684429,0.015249001880996657,0.22097442005204143,0.05096298265416286,-0.7053,0.5423,-0.028271428571428576
360.6400146484375,360.6400146484375,35042700,20211126,TSLA,372.0,360.6400146484375,0,0.012610278572814965,0.012610424108533165,0.08696772619210467,0.0126104052697799,0.17528958201986478,0.0126107242103682,0.012610283811326367,0.13410510947883117,0.079276899491894,0.0126102609413847,0.3846236897396273,0.06407461616347027,0.1154,0.5423,0.3325666666666667
378.9966735839844,378.9966735839844,58393500,20211129,TSLA,360.6400146484375,378.9966735839844,1,0.09010759647963129,0.1401700653695962,0.1724203208574099,0.01867930875502664,0.11051573204127434,0.018679224178885713,0.06629851853438641,0.11147406542412844,0.0186792526117078,0.0676588163144747,0.059495431553667225,0.12582166787981086,-0.4019,0.7783,0.17357142857142854
381.586669921875,381.586669921875,81276000,20211130,TSLA,378.9966735839844,381.586669921875,1,0.17438781407970916,0.09083864074985377,0.045615147755671444,0.030416907863145066,0.0977448899620546,0.11193624021712621,0.04923008108236753,0.012103330688787316,0.03545622517233492,0.0857424378595741,0.22543718555108264,0.0410910990182927,-0.8957,0.4215,-0.019166666666666665
365.0,365.0,68450400,20211201,TSLA,381.586669921875,365.0,0,0.0208333333337611,0.020833507797278,0.02083340451966794,0.02083363776201324,0.07083337068071754,0.27083307930292144,0.07083338334715616,0.0708333940684858,0.07083320996781359,0.0708329653464658,0.17083338949775068,0.12083332437596823,-0.4574,0.7876,0.09666
361.5333251953125,361.5333251953125,73114800,20211202,TSLA,365.0,361.5333251953125,0,0.0170238185888833,0.01702400725008156,0.01702388850702186,0.18369025777580603,0.017023841986904258,0.2072443965596656,0.01702384713993422,0.05775858312975306,0.19585104801119302,0.017024633095010438,0.0170239008893696,0.23628777706637655,0.0,0.5709,0.12962
338.3233337402344,338.3233337402344,92322000,20211203,TSLA,361.5333251953125,338.3233337402344,0,0.03321587420367378,0.1489561644977782,0.05636419714175357,0.09322691336272387,0.019327249740096322,0.09096865505683532,0.10921373811999037,0.01932688897580388,0.21566234746018914,0.019326896487046035,0.13804717331408622,0.05636390164002287,-0.5786,0.5916,0.10845555555555556
336.336669921875,336.336669921875,81663000,20211206,TSLA,338.3233337402344,336.336669921875,0,0.06531931399821611,0.24639571218024084,0.20729113556658407,0.10312507217218504,0.09926395346105882,0.0197922741563359,0.10312505936494562,0.01979168439637765,0.019791734826799627,0.07652052871988949,0.01979186449050015,0.0197916666668661,-0.4019,0.4404,-0.076525
350.5833435058594,350.5833435058594,56084700,20211207,TSLA,336.336669921875,350.5833435058594,1,0.012942028163006934,0.051010724551321364,0.0129421514203752,0.30460787261757793,0.09627537398787904,0.24729873071937047,0.04354632327168684,0.012942251835793034,0.0129419461551043,0.012942117986953869,0.1796084642267489,0.012942015064181701,-0.4767,0.296,-0.06023333333333334
356.32000732421875,356.32000732421875,41906400,20211208,TSLA,350.5833435058594,356.32000732421875,1,0.07824058143043268,0.022685266271656766,0.1337961604725032,0.10601843665907791,0.041620072903255756,0.022685926356490034,0.05046325154857039,0.05972220755682462,0.12453718048057831,0.041203743522927196,0.11157399679336727,0.20745317600431532,-0.6369,0.4574,-0.009244444444444451
334.6000061035156,334.6000061035156,59438400,20211209,TSLA,356.32000732421875,334.6000061035156,0,0.01909771086468405,0.18576389242595354,0.08159731050935215,0.08159723414506265,0.18576310333346033,0.0190974011900171,0.01909722222240155,0.01909722222242205,0.33159687927061327,0.0190973120060071,0.0190974895876569,0.0190972222223687,0.0,0.4404,0.2202
339.010009765625,339.010009765625,59664300,20211210,TSLA,334.6000061035156,339.010009765625,1,0.07723763029241837,0.21149677949310206,0.2411379378623514,0.02168233708210915,0.021682098766038934,0.021682100425986003,0.15501534413148252,0.06334886257417803,0.04020060044484027,0.021682469827394982,0.08463323850211536,0.040200600597982465,-0.5106,0.8044,0.2788333333333333
322.1366577148437,322.1366577148437,78595500,20211213,TSLA,339.010009765625,322.1366577148437,0,0.020338123033227375,0.07620892174480005,0.02033730913335205,0.08283731356188888,0.2078369888205992,0.15383062463005748,0.020337316937552426,0.020337405654006376,0.02033746120450145,0.0560515501421862,0.3012096492227243,0.020337335915103675,-0.886,0.7351,-0.06420000000000001
319.5033264160156,319.5033264160156,70806300,20211214,TSLA,322.1366577148437,319.5033264160156,0,0.0180556233027427,0.018055828063981202,0.1013890053474576,0.21805400134780786,0.0847222592549205,0.08472279770060397,0.018055719736397233,0.10138919928469496,0.1680552519158739,0.018055827892193,0.08472196752652304,0.08472251862680354,-0.6705,0.3182,-0.15166666666666667
308.97332763671875,308.97332763671875,82771500,20211216,TSLA,325.3299865722656,308.97332763671875,0,0.056870166201360504,0.02562003968293976,0.17264396587392064,0.025620064315492963,0.025620047518785213,0.14029705597700548,0.24407197832494942,0.07770364279226363,0.025620082891723614,0.10469284268911257,0.025620080806152454,0.07562003292629318,-0.5719,0.7351,0.168425
310.8566589355469,310.8566589355469,100437300,20211217,TSLA,308.97332763671875,310.8566589355469,1,0.1891088784001966,0.02407407407419097,0.02407454599372083,0.024074534143692868,0.024074121586336466,0.02407407407421337,0.1257052315718478,0.0796296274350851,0.1351850832756368,0.02407411878486537,0.024074074074165164,0.30185163658604813,-0.5314,0.7906,0.29436666666666667
299.9800109863281,299.9800109863281,56480100,20211220,TSLA,310.8566589355469,299.9800109863281,0,0.0277777777779075,0.0277777777778798,0.3611111161925047,0.0277777777779023,0.0277777777779058,0.0277777777778994,0.0277777777778826,0.0277780531613542,0.0277777777778792,0.3611108306451633,0.0277777777778573,0.0277777777778634,0.1007,0.1007,0.1007
312.84332275390625,312.84332275390625,71517900,20211221,TSLA,299.9800109863281,312.84332275390625,1,0.013442545678389766,0.15304732754179456,0.03427575913528574,0.09605956483784378,0.07455352320073068,0.10669679256407531,0.06899809127589542,0.03725197775746105,0.20868062322054856,0.013442496535007733,0.15233108247958807,0.041220215773378734,0.0,0.9224,0.36896666666666667
336.2900085449219,336.2900085449219,93634200,20211222,TSLA,312.84332275390625,336.2900085449219,1,0.01692144685225541,0.21080869498703508,0.23858767643605786,0.039143686458909435,0.0627547615128747,0.0335881181021931,0.17192253841464483,0.016921426759024392,0.041921260025289085,0.01692136793522252,0.036921543382849045,0.11358747913364395,-0.1779,0.5859,0.18731
355.6666564941406,355.6666564941406,92713200,20211223,TSLA,336.2900085449219,355.6666564941406,1,0.0083334448234879,0.1117447244900563,0.2878252552151862,0.1344237130853151,0.0083333551360183,0.0083334432828154,0.3993391290552963,0.0083334365760438,0.0083333343231565,0.008333333333534,0.0083334101771739,0.0083334205019158,0.893,0.893,0.893
364.6466674804688,364.6466674804688,71145900,20211227,TSLA,355.6666564941406,364.6466674804688,1,0.0661376204985401,0.1450721063952572,0.05687838045176127,0.029100652340519704,0.06613747283868633,0.09566861363338297,0.07671958620569784,0.04747796072598939,0.05687813333671013,0.2369129200899872,0.056878458321402404,0.06613809516206494,0.0,0.6369,0.19245555555555555
362.0633239746094,362.0633239746094,56154000,20211229,TSLA,362.8233337402344,362.0633239746094,0,0.012070472123422833,0.11091526446647343,0.22130544902540916,0.012070284818079766,0.10421689792926747,0.0120703328232905,0.22383034683882366,0.06762560143352293,0.05968933180170327,0.152065433448807,0.0120704550726774,0.0120701302185221,-0.3219,0.4767,0.0516
356.7799987792969,356.7799987792969,47040900,20211230,TSLA,362.0633239746094,356.7799987792969,0,0.2166664634741738,0.0166666666675546,0.2166659298584206,0.0166666666677507,0.0166668679518537,0.016668473241767,0.016666666667579,0.4166647980057701,0.0166667169558263,0.0166666666676033,0.0166671771726508,0.0166669066690498,0.0772,0.0772,0.0772
399.9266662597656,399.9266662597656,103931400,20220103,TSLA,352.260009765625,399.9266662597656,1,0.01354166957175635,0.31354042377319746,0.01354178995994025,0.01354178593654655,0.01354166666694525,0.0760415164605984,0.0135416666668948,0.01354267048611485,0.38854179548959383,0.01354166666690095,0.013541691914328701,0.1135416564071822,-0.296,-0.296,-0.296
354.8999938964844,354.8999938964844,90336600,20220106,TSLA,362.7066650390625,354.8999938964844,0,0.013621863213391101,0.013621794872107702,0.0136217948721134,0.0136217948721768,0.01362179487218735,0.6141438868752153,0.0136217948721162,0.013621794872153,0.2496380203837797,0.01362187055066285,0.01362179487203875,0.0136217948720573,0.0,0.34,0.17
342.32000732421875,342.32000732421875,84164700,20220107,TSLA,354.8999938964844,342.32000732421875,0,0.0147296325339486,0.62654482257401,0.18615834685706417,0.014729607677505299,0.014730833394982459,0.0147294625012265,0.014730030447357819,0.014729926979225538,0.01472946581574468,0.01472951124506594,0.05472892236089102,0.014729437612977559,-0.34,0.3612,0.004239999999999999
352.7066650390625,352.7066650390625,91815000,20220110,TSLA,342.32000732421875,352.7066650390625,1,0.20601840273246694,0.0631613500835251,0.23776425848461757,0.06316141721627083,0.09887609346607135,0.18220730783017478,0.015543450350952332,0.0155426038665315,0.015542328042478766,0.015542515008211433,0.0155424600072541,0.07109781291144462,-0.8225,0.4019,-0.14020000000000002
368.739990234375,368.739990234375,83739000,20220112,TSLA,354.79998779296875,368.739990234375,1,0.015586567143798831,0.1919193540021151,0.2907863787957324,0.0903864234969658,0.015586419753489867,0.015586421179711568,0.015586537249788965,0.015586763083248365,0.015586619305926133,0.015586423662420634,0.2188820077570056,0.09892008456979606,-0.3182,0.7184,0.15913333333333335
343.85333251953125,343.85333251953125,97209900,20220113,TSLA,368.739990234375,343.85333251953125,0,0.0166666666667177,0.0166666666667068,0.0166666666667075,0.0166666666667156,0.016666666666717,0.0166667998017927,0.0166666666667079,0.0166666666667126,0.8166665335311144,0.016666666666709,0.0166666666666979,0.0166666666667003,0.0,0.0,0.0
349.8699951171875,349.8699951171875,72924300,20220114,TSLA,343.85333251953125,349.8699951171875,1,0.0208333333337555,0.0208336837357849,0.2708316433644696,0.0208339211254597,0.5208331577535892,0.0208333333337292,0.0208341861436767,0.0208333349242894,0.0208333333336635,0.0208333333336838,0.0208334062842861,0.020833333333612,0.0,0.0,0.0
343.5033264160156,343.5033264160156,66743400,20220118,TSLA,349.8699951171875,343.5033264160156,0,0.35185199583097515,0.01851865785928385,0.01851859424160925,0.01851851851875985,0.01851888447884075,0.07407393484804525,0.07407530423787335,0.0185189951176087,0.01851851851871495,0.3518494119418632,0.0185185235625598,0.0185186608438652,-0.4588,0.3612,-0.04879999999999998
331.8833312988281,331.8833312988281,75442500,20220119,TSLA,343.5033264160156,331.8833312988281,0,0.2002506486172094,0.2539387194165626,0.053472608776711505,0.11271809505834146,0.011805555555728,0.0118055897506014,0.04698084203092313,0.011805583385976634,0.19409913354483485,0.011805619035671134,0.07951204606862071,0.011805558758818634,-0.3802,0.34,0.03763333333333335
314.6333312988281,314.6333312988281,103416000,20220121,TSLA,332.0899963378906,314.6333312988281,0,0.017052484741649117,0.19912526456957322,0.017052726025236317,0.01705249856170778,0.017052598290815867,0.31442684859413095,0.18430251917000037,0.0170524762105572,0.017052472716195217,0.0894566726882881,0.07480244824466661,0.03557099018717872,-0.126,0.296,0.11138333333333333
306.1333312988281,306.1333312988281,86595900,20220125,TSLA,310.0,306.1333312988281,0,0.1167056288694642,0.008333333333564,0.2657151671205366,0.0083337729935829,0.0083333333336226,0.1083331610304093,0.4425785309374264,0.0083335014465066,0.0083333343051915,0.0083333333335767,0.0083334441308477,0.008333459165271,0.8777,0.8777,0.8777
312.4700012207031,312.4700012207031,104867400,20220126,TSLA,306.1333312988281,312.4700012207031,1,0.5142788406135419,0.0208333333335373,0.0208334626733941,0.0208335724452136,0.0208340932251657,0.0208333333335765,0.2773862485397935,0.0208333333335669,0.0208337825016643,0.0208333333335486,0.0208333333334924,0.0208333333335045,0.6588,0.6588,0.6588
276.3666687011719,276.3666687011719,147109500,20220127,TSLA,312.4700012207031,276.3666687011719,0,0.06712947081341056,0.0782409477710444,0.1412030982658569,0.05972191158699694,0.06511332225144854,0.0577958800458321,0.022685490552708368,0.11914560436340255,0.022685185185633824,0.05046358558120593,0.14305584650937703,0.17275965707308238,-0.7351,0.5106,-0.024755555555555545
282.1166687011719,282.1166687011719,134789100,20220128,TSLA,276.3666687011719,282.1166687011719,1,0.023263888889456248,0.25659669542953184,0.13718716790210875,0.09684192768323378,0.0232638888894489,0.023263904604652625,0.023264252372567126,0.10659731808768685,0.07326382496533543,0.18992927641842772,0.023263965868286975,0.02326388888926335,0.1779,0.6486,0.40717499999999995
312.239990234375,312.239990234375,104436000,20220131,TSLA,282.1166687011719,312.239990234375,1,0.019692746317996,0.05584409350823608,0.15140895504018087,0.043364845373960514,0.07686289000848513,0.044638530966969986,0.0812739503864789,0.09585529814054443,0.19187419991545093,0.12837110451812664,0.09112081692365848,0.019692568899911583,-0.4767,0.3071,-0.028266666666666673
310.4166564941406,310.4166564941406,73138200,20220201,TSLA,312.239990234375,310.4166564941406,0,0.04002432023398763,0.12688361613798724,0.12150406494198633,0.012246651362867067,0.15013929447743563,0.08280174881017442,0.19169922278057072,0.049295631579781,0.15216208301721756,0.03038486485278415,0.030611790236801915,0.012246711568405816,0.0,0.802,0.2549
301.8866577148437,301.8866577148437,66792900,20220202,TSLA,310.4166564941406,301.8866577148437,0,0.01972953389139708,0.036190595233708024,0.06306100251331989,0.13639726024415813,0.09705953848560232,0.058878118947523275,0.16972831705027347,0.0197294557783269,0.2911590935727312,0.01972956729121598,0.03885482974929436,0.049482687242448836,0.0,0.816,0.37532
297.0466613769531,297.0466613769531,78855600,20220203,TSLA,301.8866577148437,297.0466613769531,0,0.20189168693927884,0.03737543132647366,0.0790416312148656,0.06594111433113369,0.06862541651365374,0.07292287471604596,0.016542481970575864,0.08073314070245091,0.1668148287462043,0.04156546283491719,0.15200390148634685,0.0165420292180529,-0.3182,0.5707,0.08987499999999998
302.4466552734375,302.4466552734375,60994500,20220207,TSLA,307.7733459472656,302.4466552734375,0,0.12951329042307302,0.05173622336573882,0.08333817855779806,0.051736038612993605,0.060069531718944635,0.018402820474491214,0.018402777778289817,0.266029381166616,0.0184031724180857,0.06369315656942691,0.06006353577402435,0.1786118931405174,-0.7786,0.4404,-0.17736666666666667
310.6666564941406,310.6666564941406,52259400,20220209,TSLA,307.3333435058594,310.6666564941406,1,0.01011916645518155,0.01011904761927705,0.0667431114099971,0.1726290593364351,0.0101190476193354,0.010119100080723451,0.08141794769305201,0.010119069764227051,0.01011904761927565,0.060118995728778754,0.5482573590544761,0.010119047619240151,-0.8737,-0.4201,-0.6469
301.51666259765625,301.51666259765625,66126900,20220210,TSLA,310.6666564941406,301.51666259765625,0,0.013888888889091,0.0138888888890479,0.0138888888890508,0.0138889195174457,0.0138888888890884,0.0138889355898178,0.0138888888890522,0.1805552963864927,0.6805554027494367,0.0138888888890566,0.0138890469701953,0.0138890654522246,0.5994,0.5994,0.5994
286.6666564941406,286.6666564941406,79645800,20220211,TSLA,301.51666259765625,286.6666564941406,0,0.0162939199698508,0.16353138746489587,0.13482045487189603,0.0162939166740347,0.04010341193985355,0.040103528103111415,0.05953180181804048,0.01629389731457303,0.29851293879684243,0.01629404849314744,0.13430774688246058,0.06391294767129316,0.0,0.765,0.17191428571428571
291.9200134277344,291.9200134277344,67756500,20220214,TSLA,286.6666564941406,291.9200134277344,1,0.15347232646116182,0.02847241181193625,0.15347201631176502,0.028472428311049097,0.028472270334716526,0.3443861687032559,0.0284726287488236,0.028472271347440202,0.1208906394406899,0.0284722222226122,0.028472353841085374,0.028472262465463527,0.2732,0.7424,0.556975
307.4766540527344,307.4766540527344,57286200,20220215,TSLA,291.9200134277344,307.4766540527344,1,0.0166666666671213,0.0166671006147949,0.0166666666670308,0.0166666666671033,0.0166666666671153,0.2166661750184597,0.0166666666670341,0.016666666667076,0.0166679341499081,0.0166666666670439,0.6166654568803454,0.0166666666669667,0.0,0.0,0.0
307.7966613769531,307.7966613769531,51294300,20220216,TSLA,307.4766540527344,307.7966613769531,1,0.0166687126976288,0.5013244047950479,0.0166668137552975,0.016667418435712,0.0166667100522893,0.0166666666676281,0.0166666666674954,0.3320055976973143,0.0166666666674685,0.0166666666675176,0.0166667468777781,0.0166669290188219,-0.7,-0.7,-0.7
292.1166687011719,292.1166687011719,55178400,20220217,TSLA,307.7966613769531,292.1166687011719,0,0.07499996708760853,0.01944446679251813,0.19358713941323338,0.24166636501722538,0.019444444444814902,0.019444444444796264,0.11196922815097336,0.019444444546242334,0.019444475448543098,0.019444444444755835,0.18611065656212114,0.0749999236471672,0.0,0.2732,0.1665
285.6600036621094,285.6600036621094,68501700,20220218,TSLA,292.1166687011719,285.6600036621094,0,0.0416673484910015,0.0416666666670082,0.0416666666670144,0.0416666666670838,0.0416666666670951,0.0416671445477715,0.041670032172735,0.0416666666670576,0.041666666667006,0.0416666666670269,0.5416621414522462,0.041666666666953,0.5719,0.5719,0.5719
273.84332275390625,273.84332275390625,83288100,20220222,TSLA,285.6600036621094,273.84332275390625,0,0.13321956817400812,0.05328808792656647,0.07387617307051134,0.2938973190599546,0.01757376147647926,0.0175736985199757,0.0904615599771527,0.04672656917564007,0.053287965446494216,0.14923319915580602,0.017574110087934327,0.0532879879294767,-0.5719,0.5994,0.021471428571428586
254.67999267578125,254.67999267578125,95256900,20220223,TSLA,273.84332275390625,254.67999267578125,0,0.07236793019202467,0.23016033161148536,0.08085288942254065,0.03266952066235268,0.014186147955027062,0.03418616429732288,0.2222600371591698,0.01418612428447818,0.014186157675456921,0.01418658516009956,0.25657200510065403,0.014186106479387561,-0.1513,0.8016,0.457
269.9566650390625,269.9566650390625,76067700,20220225,TSLA,266.92333984375,269.9566650390625,1,0.049586225553567426,0.12335450909899023,0.10902006198895513,0.018336037045915063,0.06000268225166582,0.24767619037104388,0.01833626505330685,0.09125238326175647,0.07734017791184364,0.06425720904659245,0.12250216707006135,0.0183360913463011,-0.6597,0.5927,0.2184375
288.1233215332031,288.1233215332031,74766900,20220301,TSLA,290.1433410644531,288.1233215332031,0,0.28313381980999736,0.14742080099134383,0.016468624964055534,0.1593253950878377,0.27837286683794443,0.016468416343957668,0.016468268071648168,0.01646825396844837,0.0164683333811487,0.016468468827811864,0.016468421531597863,0.0164683301842081,-0.5859,0.5423,-0.014533333333333323
293.2966613769531,293.2966613769531,74643300,20220302,TSLA,288.1233215332031,293.2966613769531,1,0.10270967898083451,0.17307513912207342,0.13036466669411131,0.08033934307362818,0.07362267433821794,0.0382061163907356,0.08107566390097778,0.04653944686565283,0.021539555149923256,0.04685379524994035,0.18413444843881277,0.021539471795091598,-0.7227,0.8625,0.16708333333333333
279.7633361816406,279.7633361816406,61623600,20220303,TSLA,293.2966613769531,279.7633361816406,0,0.014058237459617665,0.09926755285094815,0.04085573402104826,0.17655609927076568,0.024262451528063302,0.18700794855689762,0.030403476232750876,0.07059393647445246,0.14667568171469875,0.09323468993362001,0.02772328457386865,0.08936090738326809,-0.4284,0.7096,0.0393
279.42999267578125,279.42999267578125,66999600,20220304,TSLA,279.7633361816406,279.42999267578125,0,0.05000000000042795,0.1435612621137596,0.14999964066385704,0.1500000640093287,0.05000000000042245,0.15643872150868265,0.0500000000003459,0.0500000000003854,0.05000000000033465,0.05000009701959935,0.0500000000002625,0.0500002146825934,-0.636,0.541,-0.04749999999999999
274.79998779296875,274.79998779296875,80399100,20220308,TSLA,268.1933288574219,274.79998779296875,1,0.0416666666669282,0.0416669937742625,0.0416666666668762,0.0416666666669179,0.0416666666669248,0.0416666666669119,0.041666666666878,0.0416666666669022,0.0416666666668711,0.0416678501482866,0.041666666666827,0.5416651560754131,-0.5719,-0.5719,-0.5719
286.3233337402344,286.3233337402344,59184000,20220309,TSLA,274.79998779296875,286.3233337402344,1,0.05728793045467214,0.0781642764004421,0.13849221026182817,0.16091288319661873,0.04795031125671136,0.010609149796719139,0.04220144383468764,0.01060937312672792,0.20988003737208447,0.01060913161163874,0.11241292360531177,0.1208703290825575,-0.5233,0.6689,0.16776
265.1166687011719,265.1166687011719,67037100,20220311,TSLA,279.4333190917969,265.1166687011719,0,0.0277777777780577,0.027777777777998,0.0277780314133529,0.0277777777780467,0.0277777777780541,0.0277792857542869,0.0277778560637897,0.0277814459480498,0.0277777777779966,0.0277798173355681,0.6944368968168364,0.0277777777779625,0.3182,0.3182,0.3182
255.4566650390625,255.4566650390625,71152200,20220314,TSLA,265.1166687011719,255.4566650390625,0,0.05636682864731387,0.05458275411678123,0.0585855798748399,0.19228422086671354,0.060416606800546946,0.061332445630004014,0.10201244364613814,0.17302718075175433,0.04347537963107384,0.04347540284949773,0.07799924233905726,0.07644191484627873,-0.7385,0.8074,0.10711428571428572
267.2966613769531,267.2966613769531,66841200,20220315,TSLA,255.4566650390625,267.2966613769531,1,0.1267364059989768,0.026736473247670398,0.02673612830855205,0.026736373667810225,0.08923628244282525,0.15173611111114388,0.07673613016314125,0.02673619254365425,0.026736111111438324,0.24340160709286976,0.026736111111367776,0.15173607320054955,0.0,0.9253,0.250575
280.07666015625,280.07666015625,84028800,20220316,TSLA,267.2966613769531,280.07666015625,1,0.0055559543633035,0.2502498556987743,0.0055558312364449,0.0055555721732605,0.0055555859019063,0.2238901788140687,0.2390854807727992,0.0055555682598308,0.005555560508918,0.0055555888975548,0.1747847853653126,0.0731000380078259,0.875,0.875,0.875
290.5333251953125,290.5333251953125,66582900,20220317,TSLA,280.07666015625,290.5333251953125,1,0.0473387174419096,0.015025289436710734,0.2500165150676861,0.20398796753353335,0.015025252525444566,0.06178831588115683,0.015025367771521666,0.08169109276563853,0.26502514231315016,0.015025541523882366,0.015025545213984534,0.015025252525380966,0.0,0.7703,0.48633333333333334
301.7966613769531,301.7966613769531,100414200,20220318,TSLA,290.5333251953125,301.7966613769531,1,0.061527303493598404,0.009927303262247219,0.2609697269032828,0.0099272988001257,0.0099272781641575,0.00992726965104854,0.1364507705644154,0.2619396160646013,0.14326042777103515,0.00992733668063998,0.0099275734090069,0.07628809523584053,-0.623,0.8883,0.06281999999999999
307.0533447265625,307.0533447265625,81981600,20220321,TSLA,301.7966613769531,307.0533447265625,1,0.014164522017631432,0.014164575140748934,0.04113321971224287,0.022517542177655236,0.03356617004785992,0.11733750168597507,0.125275527188029,0.04716645774067337,0.21353696439206551,0.10636460726131697,0.25060843416134243,0.014164478474458767,-0.6948,0.7495,0.12861666666666668
337.97332763671875,337.97332763671875,68920800,20220324,TSLA,333.03668212890625,337.97332763671875,1,0.02326391421318495,0.18993109697501845,0.0232638888891392,0.02326423246073945,0.023264102507552824,0.023263888889181877,0.02326402894064265,0.0232640414940091,0.02326388888913325,0.49409623585196316,0.02326388888908055,0.1065967920003539,-0.4019,0.0,-0.195925
336.8800048828125,336.8800048828125,62031600,20220325,TSLA,337.97332763671875,336.8800048828125,0,0.020337364147641774,0.08283728729022177,0.020337301587799426,0.08283726335471918,0.02033730158791495,0.12630715957258518,0.18700307615209577,0.020337301587861276,0.09058625024027173,0.02033741454096205,0.05840496259187468,0.27033731734605165,-0.3802,0.5574,0.216425
363.9466552734375,363.9466552734375,102506100,20220328,TSLA,336.8800048828125,363.9466552734375,1,0.014861163663873262,0.0148611907524457,0.014861111275213279,0.0708666741459313,0.08152778695042484,0.18683738893342278,0.12192244211706298,0.014861135120828659,0.2508685609632918,0.12897923679316461,0.03469232790058936,0.064860981383751,-0.3314,0.7777,0.31976
366.5233459472656,366.5233459472656,73614900,20220329,TSLA,363.9466552734375,366.5233459472656,1,0.09337701449788514,0.24309627663874353,0.10552312626963763,0.040747302996672084,0.03652652388322192,0.08427380693755689,0.07514923808442252,0.045082433801301953,0.023049484615474684,0.10492859414129595,0.08948239296347782,0.05876380517030937,0.0,0.9127,0.4883
364.663330078125,364.663330078125,59865000,20220330,TSLA,366.5233459472656,364.663330078125,0,0.01860125129154245,0.35103436950006944,0.18787575925873531,0.018601837810600076,0.055582379776955626,0.09002992521729977,0.060267936673767473,0.01860123172278475,0.0186015188103199,0.018601331224165102,0.1436011856362509,0.01860127307750865,-0.1779,0.8516,0.168425
359.20001220703125,359.20001220703125,48992700,20220331,TSLA,364.663330078125,359.20001220703125,0,0.0148809523814478,0.1126286713429391,0.1076088469772737,0.18154724734215025,0.014880952381441334,0.06430720825674001,0.15516356797735417,0.014880971172161367,0.20612528678780997,0.09821431095551723,0.014881015436401532,0.014880968988763133,-0.34,0.7551,0.29129999999999995
381.8166809082031,381.8166809082031,82035900,20220404,TSLA,361.5299987792969,381.8166809082031,1,0.2708333305000108,0.020833333333557,0.0208333333335611,0.5208330786278362,0.020833333333614,0.0208333333336001,0.0208333333335632,0.0208333333335894,0.0208333333335557,0.0208333333335693,0.0208333333335078,0.020833590870035,0.0,0.0,0.0
363.7533264160156,363.7533264160156,80075100,20220405,TSLA,381.8166809082031,363.7533264160156,0,0.2731472910160817,0.2731489333121587,0.24536891783583745,0.023148177993230965,0.023148269187292764,0.023148463005158066,0.023148433650457698,0.023148276046052435,0.0231483741171295,0.023148359588842732,0.0231483369790976,0.02314816726865983,-0.5819,0.5255,-0.08556666666666668
348.586669921875,348.586669921875,89348400,20220406,TSLA,363.7533264160156,348.586669921875,0,0.015144302107072849,0.11835039974343453,0.01514451580986425,0.11633123798046299,0.01514442686870445,0.06548295979517076,0.4119392675953537,0.01514439108811105,0.14014438404466084,0.015144448657356976,0.05688523287407017,0.01514443343573685,0.0,0.6996,0.1942
352.4200134277344,352.4200134277344,79447200,20220407,TSLA,348.586669921875,352.4200134277344,1,0.0142045454549216,0.01420462776750005,0.150568240718582,0.26420276937429976,0.014204700384880701,0.21539171514646296,0.014205036854393002,0.01420454545488415,0.13119999001153826,0.01420454545485755,0.014204721943483201,0.1392045614341962,0.0,0.8439,0.42195
341.8299865722656,341.8299865722656,55013700,20220408,TSLA,352.4200134277344,341.8299865722656,0,0.017233689999426743,0.0625181357732774,0.04812732151313242,0.1552325080418216,0.01723361609479223,0.1325698566960804,0.1585809140681774,0.017233585994572972,0.255426510280193,0.017233659561905697,0.09117253309243863,0.027437668884181043,-0.3164,0.4738,0.18245714285714287
328.3333435058594,328.3333435058594,58422300,20220414,TSLA,340.7900085449219,328.3333435058594,0,0.0789320193595029,0.12016181293268621,0.01601477670328223,0.016014839051534557,0.03642288599827215,0.03982430312600886,0.12315724486248895,0.13906234745900722,0.12315752306473292,0.11125291626898108,0.016014989782897716,0.17998434139060462,-0.4404,0.8053,0.12241428571428571
334.7633361816406,334.7633361816406,51715200,20220418,TSLA,328.3333435058594,334.7633361816406,1,0.1902778080336651,0.023611662106941805,0.0236111111115217,0.1255880301862274,0.023611111111617,0.023611350423090132,0.14876344215651724,0.0236111111115728,0.05699127266225157,0.10694440272360121,0.22976758726154412,0.023611111111449434,0.2023,0.8588,0.6004333333333333
342.7166748046875,342.7166748046875,49847700,20220419,TSLA,334.7633361816406,342.7166748046875,1,0.0166667646975424,0.0166666666667629,0.0166667738363328,0.0166666767087097,0.0166669152118307,0.0166667522304708,0.0166666666667655,0.8166644756389128,0.0166666666667623,0.0166666666667682,0.0166666666667417,0.0166683083424001,0.0258,0.0258,0.0258
325.7333374023437,325.7333374023437,70711200,20220420,TSLA,342.7166748046875,325.7333374023437,0,0.0119047619047922,0.0119047619047857,0.0119047619047861,0.011904761904791,0.8690476190473437,0.0119047619047903,0.0119047619047864,0.0119047619047892,0.0119047619047856,0.011904761904787,0.0119047619047805,0.0119047619047819,0.0,0.0,0.0
336.260009765625,336.260009765625,105416400,20220421,TSLA,325.7333374023437,336.260009765625,1,0.09680831811894705,0.07691600427946993,0.17692421591343468,0.056990692100746754,0.024532600266467617,0.10299508170586213,0.07203713305610891,0.1429472307267181,0.06679496148726942,0.07044614975638455,0.0663359293796015,0.046271683208988786,-0.7574,0.7495,-0.04312608695652173
335.01666259765625,335.01666259765625,69696600,20220422,TSLA,336.260009765625,335.01666259765625,0,0.0243059263513469,0.0243063238846926,0.3576318929247738,0.02430555555596875,0.02430665508360045,0.0243055555559589,0.2491975296590166,0.17441451043884404,0.02430555555589195,0.02430685027208505,0.02430614881729935,0.02430749590052115,-0.1027,0.4199,0.1586
332.67333984375,332.67333984375,68341200,20220425,TSLA,335.01666259765625,332.67333984375,0,0.15590136461863704,0.07777557609573038,0.0790174578185003,0.06651786189737119,0.016518575084714975,0.01651807664338675,0.0165180521782372,0.0467767471098482,0.21651766114427376,0.01651815298647865,0.05223219395363843,0.23918828046918256,-0.4184,0.5859,0.035425
292.1400146484375,292.1400146484375,136133700,20220426,TSLA,332.67333984375,292.1400146484375,0,0.01620890851506093,0.06382793562260468,0.01620890582621563,0.016208884810113445,0.016208934192343857,0.0772095557568032,0.0162088990189478,0.016208879537044574,0.28409451824880655,0.22602906196284445,0.039414682286812046,0.21217083422240243,0.0,0.5118,0.3070428571428572
293.836669921875,293.836669921875,76956300,20220427,TSLA,292.1400146484375,293.836669921875,1,0.015178574718366972,0.17232122359912355,0.06150547929364965,0.11987036732452098,0.015178600290258372,0.06279749335088677,0.07232139186053876,0.06405842837381732,0.25327385306644634,0.040280099381672395,0.015178747092399771,0.10803574164831857,-0.1779,0.6124,0.1569857142857143
292.5033264160156,292.5033264160156,124948500,20220428,TSLA,293.836669921875,292.5033264160156,0,0.039161793197553196,0.2631191366200233,0.060227388990984426,0.039161713499914,0.03916173257338189,0.03916173728096975,0.06416175756352797,0.039161706349445886,0.12041168213628763,0.08580508882245197,0.06416169947326761,0.14630456349219195,-0.5848,0.8555,0.15863750000000001
290.2533264160156,290.2533264160156,88133100,20220429,TSLA,292.5033264160156,290.2533264160156,0,0.024257276191547966,0.21632075872764864,0.0990040976577317,0.1415734945210564,0.024257224257526133,0.12992900029796356,0.024257579839917845,0.05203494659124988,0.10448275585731243,0.024257311147914743,0.07981271700921094,0.07981283790091924,-0.7096,0.6956,0.0773888888888889
300.9800109863281,300.9800109863281,75781500,20220502,TSLA,290.2533264160156,300.9800109863281,1,0.2468965093457285,0.0715283838385356,0.02152783837196658,0.02152795117113336,0.13819426549048977,0.021528048000595983,0.02152788736018666,0.0794907628470908,0.0715276983784939,0.02152848235519626,0.19652766713435604,0.08819450570622596,-0.6996,0.3612,-0.015339999999999998
303.0833435058594,303.0833435058594,63709500,20220503,TSLA,300.9800109863281,303.0833435058594,1,0.06032007063298037,0.12542197675720781,0.1588970800128377,0.01865367267904314,0.018653557578711268,0.08532025937445359,0.08740349275395924,0.10847900420092797,0.018653550198061006,0.20752403212136716,0.030295721858644986,0.08037758183180523,-0.296,0.8283,0.28418333333333334
317.5400085449219,317.5400085449219,81643800,20220504,TSLA,303.0833435058594,317.5400085449219,1,0.00757582606747,0.0984847964463629,0.0075757754817892,0.0075757575761819,0.0075757575761935,0.0075758497473496,0.0075757684468091,0.6439399196641437,0.007575757576103,0.0984845166258012,0.0075757575760286,0.098484517215767,0.8122,0.8122,0.8122
291.09332275390625,291.09332275390625,92519100,20220505,TSLA,317.5400085449219,291.09332275390625,0,0.0138888888889993,0.0138888888889758,0.0138888888889773,0.0138889222793876,0.0138888888889979,0.0138889364520074,0.0138888888889781,0.0138889077234951,0.8472219432986349,0.0138888888889805,0.0138890680236038,0.0138888888889618,0.0,0.0,0.0
288.54998779296875,288.54998779296875,72903000,20220506,TSLA,291.09332275390625,288.54998779296875,0,0.04182102947213332,0.1941902058422727,0.03705912596250413,0.06880506770856426,0.05928126504976353,0.07211440018231169,0.12485667891025592,0.09028336033821747,0.05928121174861748,0.14485594044061545,0.03705926669378333,0.07039244765096014,-0.4588,0.9134,0.21088888888888888
262.3699951171875,262.3699951171875,90810300,20220509,TSLA,288.54998779296875,262.3699951171875,0,0.1534722667052928,0.08023508997934085,0.04460611796444655,0.05347228127622936,0.03671720571657754,0.12165380651461298,0.07771470153968028,0.1159543352633496,0.02316922805365507,0.1256135633815021,0.08537874410484204,0.08201265950047038,-0.6289,0.7717,-0.0525181818181818
266.67999267578125,266.67999267578125,84401700,20220510,TSLA,262.3699951171875,266.67999267578125,1,0.0138892197097487,0.0138889602538297,0.0138892020041872,0.013889066628463,0.0138888888890544,0.0138888888890461,0.8472213126098225,0.013888889213035,0.0138888902764434,0.0138888888890281,0.0138889037483418,0.0138888888889996,0.5859,0.5859,0.5859
244.6666717529297,244.6666717529297,97224600,20220511,TSLA,266.67999267578125,244.6666717529297,0,0.11718684158004172,0.17968780523871836,0.0796882743643554,0.01718750000021875,0.14218750271859526,0.07968759430815042,0.204687089792963,0.017187500000205073,0.01718750865688725,0.0484372781682453,0.07968747428849067,0.017187630883128274,0.0,0.34,0.085
242.6666717529297,242.6666717529297,140313000,20220512,TSLA,244.6666717529297,242.6666717529297,0,0.023313567665483457,0.11801026369409613,0.094742288746936,0.04151157840376564,0.04936451307315596,0.09474186968416858,0.023313510601587616,0.21174844866691886,0.02331349671274146,0.07093242490804129,0.02331367723202327,0.22569436061108114,-0.1779,0.6486,0.19818571428571427
256.5299987792969,256.5299987792969,92150700,20220513,TSLA,242.6666717529297,256.5299987792969,1,0.020601947740496448,0.420182721003394,0.02060186076631845,0.062268346229003076,0.020601862030708483,0.1317129828916163,0.048379772662173574,0.159490845866378,0.020601913740082217,0.05435400496516169,0.02060188501509262,0.020601857089574634,-0.4939,0.4404,-0.058249999999999996
241.4566650390625,241.4566650390625,86098500,20220516,TSLA,256.5299987792969,241.4566650390625,0,0.11039134087343638,0.09166657512871733,0.09166675136173812,0.025000186656024003,0.32499930503770463,0.025000000000401163,0.0812383488359671,0.02500025353732607,0.08337044396942593,0.02500010092679793,0.025000065695990933,0.09166662797646986,0.0,0.7712,0.3081
253.8699951171875,253.8699951171875,80236200,20220517,TSLA,241.4566650390625,253.8699951171875,1,0.029478475260870902,0.19898691065126733,0.02947850580093583,0.10098492381545095,0.1170818533585288,0.042707294349304814,0.1402461022034026,0.04160455046316757,0.029478459523766987,0.19909118212576987,0.04138323944814786,0.02947850299938601,-0.296,0.9153,0.32335714285714284
236.60333251953125,236.60333251953125,87811800,20220518,TSLA,253.8699951171875,236.60333251953125,0,0.020396252760357347,0.11420021459480673,0.06441276473186391,0.05817506764781501,0.10592715234254653,0.057433166423413215,0.060519489154343686,0.09245017396056686,0.0203961839446167,0.2111319205155454,0.04304621678675338,0.15191139713737067,-0.8777,0.7177,-0.14568888888888887
236.47332763671875,236.47332763671875,90296700,20220519,TSLA,236.60333251953125,236.47332763671875,0,0.016750874199258168,0.14231088993659713,0.07433032719150177,0.07828927527674992,0.1483051997636667,0.08330105983750295,0.03384498491779924,0.035981643051842496,0.05521249435804349,0.06947561822905199,0.057579987244168136,0.2046176459938174,-0.6904,0.7783,0.2872230769230769
221.3000030517578,221.3000030517578,144973200,20220520,TSLA,236.47332763671875,221.3000030517578,0,0.022669297583455587,0.11198185278423758,0.07197219922108869,0.04313729875966814,0.09183573770417651,0.06668440977270651,0.05533575690397961,0.18155985428612845,0.028517219937341166,0.1798365144135111,0.02340040657608198,0.12306945205762414,-0.8696,0.807,0.1406894736842105
224.96665954589844,224.96665954589844,88903500,20220523,TSLA,221.3000030517578,224.96665954589844,1,0.019543778136750165,0.0469668763135214,0.06585985925388847,0.10079355228971193,0.04068486809716306,0.2690054403016281,0.06954385252187296,0.06121037865734374,0.035813343366036365,0.06121029886653509,0.1920833818363287,0.03728437035921952,-0.1655,0.6361,0.2099875
209.3866729736328,209.3866729736328,89092500,20220524,TSLA,224.96665954589844,209.3866729736328,0,0.1950628338430064,0.1545646993810425,0.03885744466643192,0.015463893710917612,0.07390829046904428,0.2662490672192382,0.0154638800527146,0.01546387103236585,0.0154638147269442,0.0561686057127192,0.11978092326527781,0.03355267592029688,-0.765,0.5267,-0.0734125
219.6000061035156,219.6000061035156,92139300,20220525,TSLA,209.3866729736328,219.6000061035156,1,0.0141754927323194,0.06179463498725549,0.2095598703403616,0.037985016913510465,0.06973103363179506,0.05121275536197658,0.0141755682718989,0.04749165351893292,0.12528657571270194,0.09750870352395262,0.2569032016838008,0.014175493321493718,-0.296,0.8122,0.22053333333333333
235.91000366210935,235.91000366210935,106003200,20220526,TSLA,219.6000061035156,235.91000366210935,1,0.09693381582336023,0.1212896810602112,0.1337513298447963,0.07999741044772396,0.08260173367657192,0.05639634699445433,0.05812248315371471,0.14432414168045526,0.03624752331831178,0.07194577879783437,0.06540111349050969,0.052988641712055716,-0.7506,0.5994,0.0207875
253.2100067138672,253.2100067138672,89295000,20220527,TSLA,235.91000366210935,253.2100067138672,1,0.03906401433438007,0.0673679942952384,0.05697466686606134,0.07478275556825358,0.03481211910678957,0.15861923390577837,0.05266884839481088,0.1289861253164016,0.12052614186445236,0.0812406834961262,0.09433573600687162,0.09062168084483545,-0.8255,0.7901,0.13185714285714287
252.7533264160156,252.7533264160156,101914500,20220531,TSLA,253.2100067138672,252.7533264160156,0,0.019340806232679673,0.14889416019367732,0.1582581364226205,0.043150418038851286,0.07886471560422639,0.05329880300603272,0.11088607201078807,0.11694989291967331,0.037197851210529397,0.05685914594844434,0.05285927134810459,0.12344072706437186,-0.1779,0.9192,0.3599
246.7899932861328,246.7899932861328,77247900,20220601,TSLA,252.7533264160156,246.7899932861328,0,0.018750065647332673,0.12708339248719303,0.13016192847843128,0.04689217131833539,0.11600068094383967,0.04375007358881924,0.04758874496840089,0.018750069957714686,0.17731536373824253,0.03958344264963362,0.19421261346387747,0.03991145275817904,0.0,0.7642,0.3469375
258.3333435058594,258.3333435058594,93473100,20220602,TSLA,246.7899932861328,258.3333435058594,1,0.07728405769972703,0.23646822414168825,0.06754433087595384,0.05239177976768473,0.034800411389451565,0.11838916762876922,0.08202150549649544,0.08209703609762559,0.015355119337274417,0.07330940770322143,0.1264654198944963,0.033873539967611666,-0.296,0.7671,0.23399999999999999
234.51666259765625,234.51666259765625,112393800,20220603,TSLA,258.3333435058594,234.51666259765625,0,0.08722949106859453,0.06026337418407564,0.17167525493038854,0.14412969094771033,0.02056293098397444,0.02056277882256938,0.020563267223191538,0.0666648677553613,0.02056278845134972,0.12056295393673488,0.02056278242444022,0.24665981927160896,0.0,0.9168,0.6338199999999999
238.27999877929688,238.27999877929688,84204600,20220606,TSLA,234.51666259765625,238.27999877929688,1,0.17193554843731734,0.13606897398756998,0.026432988536108145,0.02643341610361731,0.15606247742300028,0.11996801813626207,0.09309973088102255,0.026433065800111108,0.02643298098751522,0.0634703985677636,0.05315555566138617,0.10050684547832561,-0.8436,0.8306,-0.07473333333333335
238.8866729736328,238.8866729736328,72808500,20220607,TSLA,238.27999877929688,238.8866729736328,1,0.0138888888891765,0.2076959318263729,0.013889478824723,0.4866484509240739,0.0138888888891728,0.0138888888891586,0.0138891566001543,0.1806547316874502,0.0138888888891138,0.0138888888891276,0.0138889168023971,0.0138888888890788,0.0,0.0,0.0
241.86666870117188,241.86666870117188,76210500,20220608,TSLA,238.8866729736328,241.86666870117188,1,0.10474600972958972,0.02141203703753965,0.049190341641792326,0.04918975165064228,0.146410781465591,0.07538299128296015,0.021412037037553424,0.021412255735859375,0.2799405760338894,0.021412232215262526,0.1880787498999862,0.021412236269333425,-0.6114,0.5423,-0.017275000000000013
239.7066650390625,239.7066650390625,96491400,20220609,TSLA,241.86666870117188,239.7066650390625,0,0.0295139479201296,0.07271546585494632,0.029513944953877425,0.08080401970364232,0.029515075518391276,0.029513935018968526,0.2039505606606741,0.0295139001352159,0.09391848938348685,0.27951288912692673,0.09201384628832053,0.02951392543541995,-0.5719,0.8402,0.30385
232.22999572753903,232.22999572753903,97536600,20220610,TSLA,239.7066650390625,232.22999572753903,0,0.13510347493215671,0.04102771998013119,0.018805426767693298,0.08362012466508245,0.12065623514727346,0.1457156324567161,0.08547209320764275,0.03788693779464966,0.06422033570497535,0.09062581306632038,0.12991603756499512,0.04695016871236312,-0.704,0.6588,-0.11589999999999999
215.73666381835935,215.73666381835935,102767400,20220613,TSLA,232.22999572753903,215.73666381835935,0,0.016666949429194,0.0166666666670011,0.0166667909524754,0.2286206296467376,0.0166666666670861,0.0166666666670651,0.0166670062351747,0.016667039341967,0.0166666666669991,0.2166665691791863,0.4047116818801658,0.0166666666669472,-0.2003,-0.2003,-0.2003
220.88999938964844,220.88999938964844,97988700,20220614,TSLA,215.73666381835935,220.88999938964844,1,0.08650336716424574,0.01746046407826101,0.10079335809339562,0.047911271656767083,0.11980227719109782,0.12051672201275555,0.09390616060274688,0.017460329312999512,0.10225072390789042,0.0730159064817669,0.2029190658826825,0.0174603536153905,-0.5267,0.6486,0.11283333333333331
233.0,233.0,119131800,20220615,TSLA,220.88999938964844,233.0,1,0.07886910530613585,0.07886898025813094,0.023314064962745976,0.023313522780665532,0.16881591253888018,0.023313493421410734,0.16974677687756964,0.1251653043654024,0.09738741572767726,0.06035069851822391,0.09738730365492906,0.053467421588227995,-0.5652,0.8834,0.11289999999999997
213.1000061035156,213.1000061035156,107390700,20220616,TSLA,233.0,213.1000061035156,0,0.11223703446558939,0.0355902777779834,0.1057883075337644,0.10502190475416795,0.0355903619087064,0.08394362040874455,0.129188004763204,0.03559027777801317,0.09131045601059762,0.09809052565766513,0.13205895116361324,0.0355902777779503,-0.2732,0.8016,0.278575
216.75999450683597,216.75999450683597,92641800,20220617,TSLA,213.1000061035156,216.75999450683597,1,0.016551157497818433,0.12766067380477644,0.016550925949235268,0.016550961983786635,0.016550925926365898,0.26181465396443027,0.016551317957753765,0.0165511019038113,0.1783849739642284,0.016550926050329734,0.23306483286272486,0.08321754813473843,0.0,0.5499,0.18330000000000002
237.0366668701172,237.0366668701172,122793000,20220621,TSLA,216.75999450683597,237.0366668701172,1,0.0138894158686701,0.0138911200934863,0.0138888888891422,0.4336614909610605,0.1805555299126384,0.2607781650839498,0.0138892171256815,0.0138893219014898,0.0138889788459235,0.0138900259790915,0.0138888991201884,0.0138889462186778,-0.1761,-0.1761,-0.1761
233.0666656494141,233.0666656494141,84581100,20220705,TSLA,227.26333618164065,233.0666656494141,1,0.055401437322790716,0.10910479879503922,0.08317910982199972,0.12947489922821018,0.027623768916340222,0.1635531549406899,0.046141941309336854,0.027623879863146135,0.04984584307716032,0.19243782508011179,0.06466047169072638,0.050952869954448116,-0.6378,0.9458,0.20417777777777776
231.73333740234372,231.73333740234372,71853600,20220706,TSLA,233.0666656494141,231.73333740234372,0,0.06226866057132784,0.10704817014621677,0.2570856124057342,0.02060210136161365,0.020601851852286884,0.08693319238534758,0.05393528943522143,0.02060192934187435,0.06226846754861084,0.020602270860577032,0.1841175054813008,0.10393494860988807,-0.3182,0.636,0.1990333333333333
244.5433349609375,244.5433349609375,81930600,20220707,TSLA,231.73333740234372,244.5433349609375,1,0.20482270485706325,0.038840365796684345,0.12401674745674401,0.03814751957263483,0.042076025397908175,0.22044320086131683,0.06067606564492771,0.02925534329646186,0.11927435620797879,0.01643487303306683,0.08957790738897332,0.016434890486239462,-0.685,0.8356,0.07283846153846155
250.76333618164065,250.76333618164065,101854200,20220708,TSLA,244.5433349609375,250.76333618164065,1,0.09417525612513894,0.08447815598007272,0.04017488562201096,0.01781163879473974,0.017811725740308197,0.062255881872138444,0.09781148117086388,0.29893743069459566,0.07201140232838102,0.017811543249062,0.13299416860186816,0.06372642982081969,-0.7717,0.8807,0.015959999999999995
234.3433380126953,234.3433380126953,99241200,20220711,TSLA,250.76333618164065,234.3433380126953,0,0.07984770627020096,0.0137770676990599,0.03195914153466492,0.21377707749247127,0.013777106134068021,0.05494501393461167,0.031958835073631744,0.07091991614251532,0.09250737847104426,0.0319613673973249,0.3107923284703709,0.05377706138003564,-0.5859,0.5994,0.26664000000000004
233.07000732421875,233.07000732421875,87930900,20220712,TSLA,234.3433380126953,233.07000732421875,0,0.061268106103505936,0.11430913338680633,0.06507172734144825,0.11029290863325025,0.0722513393938316,0.06566528021998003,0.035028061804547456,0.0667831532808999,0.08435162078001998,0.051323484767941206,0.0950707290869339,0.1785844552008346,-0.7579,0.7906,0.15167999999999998
237.0399932861328,237.0399932861328,97954500,20220713,TSLA,233.07000732421875,237.0399932861328,1,0.0959821741444673,0.01860129303122345,0.06490268856539992,0.0186014471529391,0.01860119364346375,0.01860123719400325,0.18526709572048375,0.018601204735571177,0.2223001805202183,0.15848196277066212,0.1614582512974204,0.018601271224146874,0.0,0.75,0.543975
238.31333923339844,238.31333923339844,78557400,20220714,TSLA,237.0399932861328,238.31333923339844,1,0.0115740853276421,0.39972279822480883,0.011574223172936101,0.0115743336357526,0.0115740740745848,0.0115740740745593,0.0115741007613309,0.011574176004553051,0.2599783029563527,0.06786962927634735,0.09650332290998784,0.0949068795811436,0.0,0.6369,0.31845
240.0666656494141,240.0666656494141,69683100,20220715,TSLA,238.31333923339844,240.0666656494141,1,0.08673363360061712,0.0479748464508887,0.08002375703750648,0.07855854096393237,0.01592377228478904,0.025100351597578723,0.09015507059867858,0.02233402409168765,0.20586298318037954,0.05346913927356782,0.25870955558651243,0.0351543253338611,-0.78,0.8107,0.18079230769230767
240.54666137695312,240.54666137695312,82537500,20220718,TSLA,240.0666656494141,240.54666137695312,1,0.017665558046533022,0.036987810228582656,0.12605304033587045,0.10860469237345417,0.0517357172479271,0.15959759027472703,0.017665598532075458,0.01766554026999081,0.18053640419412426,0.05732087143465493,0.171464589017685,0.054702588044374584,-0.25,0.6665,0.30504444444444445
245.52999877929688,245.52999877929688,80890200,20220719,TSLA,240.54666137695312,245.52999877929688,1,0.09477519674323125,0.011441872425835,0.011442233309471575,0.13252099530983402,0.01144190569234395,0.18492133655610105,0.2536429418105845,0.011441798942079124,0.10310845272108612,0.0114418444408285,0.1435175860467898,0.0303038360018146,0.0,0.5707,0.216675
271.7066650390625,271.7066650390625,142032300,20220721,TSLA,247.5,271.7066650390625,1,0.10416671477176576,0.020833333334045634,0.020833333334058568,0.02083386647944427,0.020833333334226902,0.23963479250206854,0.020833333334065132,0.10416674345809353,0.21869799973701545,0.10416663143881888,0.10416658494246607,0.020833333333930837,-0.2168,0.8074,0.3871
272.24334716796875,272.24334716796875,103472700,20220722,TSLA,271.7066650390625,272.24334716796875,1,0.1514877080588847,0.014881029509899833,0.09821432844934545,0.014881003195055366,0.014881057049469399,0.014880952381071932,0.10365490251054388,0.014880966687121399,0.4442617813900665,0.014881042430233233,0.09821408139654098,0.014881146941766834,0.4939,0.6369,0.5807333333333333
268.4333190917969,268.4333190917969,64073400,20220725,TSLA,272.24334716796875,268.4333190917969,0,0.03475827059521086,0.05938672544967165,0.08609378553972082,0.12849275404600283,0.02624004982725886,0.14090840469176286,0.08119707283395254,0.06399280151266908,0.028749735531496824,0.16585292632362358,0.026918280270915876,0.1574091933777137,-0.8389,0.7717,-0.0028846153846153744
258.8599853515625,258.8599853515625,66820800,20220726,TSLA,268.4333190917969,258.8599853515625,0,0.0138888888891376,0.0138888888890845,0.3725931732810721,0.0138891875679475,0.0138888888891343,0.0138894201743091,0.3218496917647417,0.0138900197991487,0.0138888888890833,0.0138892766508415,0.0138888888890415,0.1805547863164577,-0.7579,-0.7579,-0.7579
274.82000732421875,274.82000732421875,88110000,20220727,TSLA,258.8599853515625,274.82000732421875,1,0.046278323269159476,0.015740873494286267,0.0501936811891349,0.07129566665438841,0.0748213973213014,0.057407652289955265,0.015740745187127283,0.08240742662576808,0.01574074736647652,0.2953685474089816,0.0896396870545027,0.18536525213891755,-0.3595,0.7768,0.12258333333333334
280.8999938964844,280.8999938964844,84723000,20220728,TSLA,274.82000732421875,280.8999938964844,1,0.0208334140021137,0.0208333750450578,0.0208333333335194,0.0208333333335565,0.7708329777799982,0.0208333333335511,0.0208333333335211,0.0208333333335426,0.020833333333515,0.0208334839962363,0.0208333333334758,0.0208334158419121,0.4019,0.4019,0.4019
297.1499938964844,297.1499938964844,95313000,20220729,TSLA,280.8999938964844,297.1499938964844,1,0.0300929867859991,0.36342546434749945,0.030092592592694905,0.11342575266954613,0.030092592592718667,0.030092592592712335,0.0300926787936706,0.030092592592707634,0.03009331381531063,0.0300925925926986,0.2523140935917188,0.030092747032722633,0.0,0.7843,0.47176666666666667
297.27667236328125,297.27667236328125,117042900,20220801,TSLA,297.1499938964844,297.27667236328125,1,0.0111112005634997,0.01111133733139825,0.0611110593201579,0.26111029294392984,0.11111118773891271,0.1444444697645273,0.0111111972236908,0.0970617160335921,0.01111111111140135,0.01111178208379645,0.0944443486592073,0.1751602972258859,-0.4939,0.8268,0.16645
300.586669921875,300.586669921875,95577600,20220802,TSLA,297.27667236328125,300.586669921875,1,0.0277777777778442,0.02777777777783,0.027777777777831,0.0277781215271982,0.0277777777778433,0.3611105145898779,0.0277777777778315,0.0277777777778376,0.3611103252601544,0.0277777777778329,0.0277788164000971,0.0277777777778216,0.7684,0.7684,0.7684
308.6333312988281,308.6333312988281,72256200,20220804,TSLA,307.39666748046875,308.6333312988281,1,0.22857142764626434,0.0142857682207119,0.15714267319504596,0.0142858388739003,0.08571416927310735,0.0142857142859279,0.014285797324289948,0.4142856217515491,0.01428583829359335,0.0142857142859034,0.0142857225638414,0.01428571428586465,-0.2081,0.0,-0.10405
288.1700134277344,288.1700134277344,113172900,20220805,TSLA,308.6333312988281,288.1700134277344,0,0.0222222222231154,0.02222222222292495,0.0222222222229378,0.02222222222308015,0.02222258697314705,0.0222222222230596,0.0222222222229441,0.2222221912256595,0.3888883709448181,0.0222222222229635,0.0222224302869443,0.18888886500840493,0.0,0.6705,0.33525
290.42333984375,290.42333984375,98994000,20220808,TSLA,288.1700134277344,290.42333984375,1,0.6944394019617274,0.0277777777780489,0.0277777777780538,0.0277811939487564,0.0277777777781179,0.0277777777781009,0.0277794040870006,0.0277777777780882,0.0277777777780473,0.0277777777780638,0.0277777777779891,0.0277777777780052,0.8381,0.8381,0.8381
283.3333435058594,283.3333435058594,86244600,20220809,TSLA,290.42333984375,283.3333435058594,0,0.0187500000001838,0.018750094575879547,0.018750416916137852,0.31815674604639976,0.01875000000018145,0.01875137471020315,0.39374960116381263,0.0187500004295171,0.11934163417274085,0.018750000000152547,0.01875013198466955,0.0187500000001213,0.0,0.0,0.0
294.3566589355469,294.3566589355469,94918800,20220810,TSLA,283.3333435058594,294.3566589355469,1,0.09234847369844293,0.06777088586164288,0.06926630369286481,0.0123488537202994,0.07930323751303141,0.01234868312613856,0.07388211246482043,0.056113151069534815,0.31649122190856904,0.01234862362950054,0.19542995133348057,0.01234850198167424,-0.34,0.6124,0.11128
286.6300048828125,286.6300048828125,70155000,20220811,TSLA,294.3566589355469,286.6300048828125,0,0.022569444444821923,0.022569546993177876,0.08506916951393713,0.08506949633093674,0.022569444444817,0.0850693914503686,0.18923620745742556,0.14756944361553717,0.2100693886380462,0.08506942513351401,0.022569597532723723,0.0225694444446936,-0.6114,0.4215,-0.132475
300.0299987792969,300.0299987792969,79657200,20220812,TSLA,286.6300048828125,300.0299987792969,1,0.0166669053063536,0.2604439432375007,0.0166671539795937,0.1899135731408889,0.0166668361436054,0.0166683225755272,0.0166666666670499,0.0166666666670937,0.016666840286664,0.0166666671100024,0.3996397582187405,0.0166666666669797,0.4926,0.4926,0.4926
309.32000732421875,309.32000732421875,89359200,20220815,TSLA,300.0299987792969,309.32000732421875,1,0.0138890149726875,0.0138888888890539,0.3472221870716206,0.01388963377186,0.0138888888890959,0.0138888888890855,0.5138880506195237,0.0138888888890778,0.0138888913408867,0.013888888889063,0.0138888888890176,0.0138888888890273,0.8268,0.8268,0.8268
306.5633239746094,306.5633239746094,88136400,20220816,TSLA,309.32000732421875,306.5633239746094,0,0.02083559192537425,0.0208333333340143,0.0208333333340266,0.0208339732030468,0.020833333334187652,0.02083349214317665,0.5208309663342188,0.020833482323950048,0.02083343792020065,0.0208333333340516,0.02083333333386415,0.270832389479888,0.0,0.8748,0.4374
303.9966735839844,303.9966735839844,68766000,20220817,TSLA,306.5633239746094,303.9966735839844,0,0.031746041441753754,0.08888884549060498,0.031746040848052416,0.031746214308178415,0.10550967991198636,0.10793655001370579,0.16984131183282156,0.10317446888265192,0.031746035772940315,0.05555564218740537,0.13893456613658295,0.10317460317331571,-0.4215,0.5417,-0.05494285714285715
302.8699951171875,302.8699951171875,47500500,20220818,TSLA,303.9966735839844,302.8699951171875,0,0.01860131543835815,0.10193442855302665,0.20714028032312765,0.01860126179859265,0.018601199452171473,0.018601190476389324,0.24359416982311743,0.10193453738481055,0.054315418607588775,0.0186013282277115,0.1169736501473363,0.08110121976776898,-0.296,0.6113,0.132425
296.6666564941406,296.6666564941406,61395300,20220819,TSLA,302.8699951171875,296.6666564941406,0,0.014864873732884332,0.1500286960131949,0.01486489511286145,0.04165531201713195,0.014864866887131433,0.15803252749999194,0.09580745392153704,0.014864866898405568,0.27951151195048907,0.13365486417952674,0.06698523893804059,0.014864892848804434,-0.1027,0.6114,0.22821666666666665
289.913330078125,289.913330078125,55843200,20220822,TSLA,296.6666564941406,289.913330078125,0,0.3052358859049644,0.09282407857252938,0.01782443701654628,0.11256506381723397,0.01782407545974296,0.08449067985238463,0.0844911419553694,0.01782407407435932,0.046781762469496356,0.13449045705146812,0.06782419336224835,0.01782415046365636,0.0,0.9595,0.4202199999999999
296.4533386230469,296.4533386230469,63984900,20220823,TSLA,289.913330078125,296.4533386230469,1,0.18842578036995572,0.28842564184979075,0.13286998652789156,0.021759306256684364,0.021759437372288234,0.021759259259485766,0.1328698369766478,0.10509257289005397,0.0217592592594482,0.021759575927899868,0.021759599438221835,0.021759743871631366,-0.2732,0.5106,0.06223333333333334
297.0966796875,297.0966796875,57259800,20220824,TSLA,296.4533386230469,297.0966796875,1,0.020061746986701965,0.4127920203135806,0.020062277922052334,0.020061758548938765,0.0570987643671629,0.0200617584996997,0.09524557702092852,0.02006178653373693,0.18672799382832472,0.0200617540149497,0.10770273416818947,0.0200618277957339,-0.6682,0.711,0.01426666666666665
296.07000732421875,296.07000732421875,53230000,20220825,TSLA,297.0966796875,296.07000732421875,0,0.01736111111152295,0.26736109879900666,0.017361111111441,0.3506937571706208,0.01736111111151755,0.01736111111149715,0.14236110530358476,0.017361111111482,0.01736118171246925,0.01736111111145285,0.10069434599830271,0.0173618443471019,0.0,0.0,0.0
288.0899963378906,288.0899963378906,57163900,20220826,TSLA,296.07000732421875,288.0899963378906,0,0.0858879123939223,0.07041194708923729,0.15635841173107445,0.05885812017874414,0.053745091905083496,0.21594704556063854,0.015054778968669687,0.05672123417508215,0.061185511701836025,0.06088788307921179,0.10365789723421479,0.061284165982284866,-0.7003,0.7845,-0.08499999999999999
284.82000732421875,284.82000732421875,41864700,20220829,TSLA,288.0899963378906,284.82000732421875,0,0.00974025974046225,0.36688309707893973,0.05519477307549575,0.08116882986494639,0.0097403089223417,0.05519467414233255,0.0097405380124375,0.12881139718464954,0.19155850160454424,0.07248701024030225,0.00974033126422885,0.00974027886931875,0.1901,0.7506,0.47035000000000005
277.70001220703125,277.70001220703125,50541800,20220830,TSLA,284.82000732421875,277.70001220703125,0,0.13691291140809803,0.01751893939428885,0.017519015317582726,0.0467555577012011,0.0175189393943777,0.23014701695747733,0.31542702028341674,0.01751893939433935,0.01751943841580765,0.01751896620867945,0.14812431613049803,0.0175189393942325,0.0,0.7003,0.327925
275.6099853515625,275.6099853515625,52107300,20220831,TSLA,277.70001220703125,275.6099853515625,0,0.0138889683148337,0.0138891249654036,0.0138888888967818,0.0138888888889114,0.013888888888912,0.0138888888889108,0.013889023270937,0.0138889492500529,0.8472216571975252,0.0138888888889083,0.0138889315991796,0.0138889009496433,0.0,0.0,0.0
274.4200134277344,274.4200134277344,55860000,20220906,TSLA,270.2099914550781,274.4200134277344,1,0.020946939437961932,0.07665279775950189,0.10809699817142869,0.18421207448892904,0.11618484925869137,0.049518343204121025,0.12570851747427012,0.1101368987805986,0.020946750542349315,0.06856575173712463,0.020947088390972358,0.09808299075405055,-0.886,0.5719,-0.06095714285714286
283.70001220703125,283.70001220703125,50028900,20220907,TSLA,274.4200134277344,283.70001220703125,1,0.0135417709416482,0.1441371311058752,0.0135426130667418,0.435753389469993,0.013541666667034498,0.11747741921006499,0.0135420519768614,0.013541667416115401,0.013541674584328,0.0135416944027506,0.19429725449167365,0.013541666666912599,-0.1531,0.4215,0.13419999999999999
289.260009765625,289.260009765625,53713100,20220908,TSLA,283.70001220703125,289.260009765625,1,0.10670128237578505,0.06433228962009856,0.06428618199289228,0.12064929179238275,0.08043905697754199,0.0911472759103012,0.11496300821484283,0.024932063196269776,0.014515284016514893,0.08447528065604536,0.20654383492926504,0.027015150318059757,-0.8074,0.9413,0.25991875
299.67999267578125,299.67999267578125,54338100,20220909,TSLA,289.260009765625,299.67999267578125,1,0.1414350884848635,0.06830356087164191,0.16456620232376015,0.06643523511252625,0.08032398581944797,0.024768558854902183,0.024768655429142954,0.024768854167442764,0.08032401311575606,0.23310160550714729,0.024768585474489166,0.06643565483887938,-0.4215,0.1779,-0.08186666666666666
304.4200134277344,304.4200134277344,48674600,20220912,TSLA,299.67999267578125,304.4200134277344,1,0.01836746131585693,0.1179024539133851,0.19978466019101232,0.018367437936887544,0.04953203221669756,0.018367361940582385,0.0928767384903305,0.11084205243903576,0.1017003170880602,0.1021911982855788,0.10408196289225013,0.06598632329032231,-0.7351,0.4926,0.00844285714285714
292.1300048828125,292.1300048828125,68229600,20220913,TSLA,304.4200134277344,292.1300048828125,0,0.02500019783394385,0.2749982163177094,0.10833328464421667,0.025000021429458848,0.10833361490562292,0.025000000000532326,0.025000295214903826,0.22499915026031503,0.02500027787055795,0.02500077372562235,0.1083334726156382,0.025000695181478124,0.0,0.4939,0.352875
302.6099853515625,302.6099853515625,72628700,20220914,TSLA,292.1300048828125,302.6099853515625,1,0.2743055396945872,0.0243056046675273,0.14930527259624352,0.02430574064557485,0.024305555555913697,0.024305805263258,0.024305555555848853,0.0243056933130355,0.024305555555839298,0.0243055555558567,0.35763856604051975,0.024305555555795,0.0,0.34,0.17
303.75,303.75,64795500,20220915,TSLA,302.6099853515625,303.75,1,0.0166666666668693,0.2166666572912819,0.0166674217245636,0.6166657945602201,0.0166666666668667,0.0166666666668566,0.0166666666668305,0.0166666666668492,0.0166666666668251,0.0166667930892452,0.016666666666791,0.0166666666668004,0.4215,0.4215,0.4215
303.3500061035156,303.3500061035156,87087800,20220916,TSLA,303.75,303.3500061035156,0,0.0119048188003657,0.3166189612457375,0.0119048344544841,0.0119055441200469,0.0119047619052056,0.1547618788612305,0.0119047619051253,0.0119047619051668,0.0119054226025029,0.0119059284360429,0.4214733369473845,0.0119049888167069,0.7351,0.7351,0.7351
309.07000732421875,309.07000732421875,60231200,20220919,TSLA,303.3500061035156,309.07000732421875,1,0.03619539550778521,0.22873755144290084,0.026094427261952154,0.056397334229849626,0.036361232708281184,0.19273951606582296,0.07810204905827033,0.0639940394675948,0.13772180858589358,0.07912473139480475,0.03843752291385075,0.0260943913629933,-0.4404,0.4404,0.05541818181818181
308.7300109863281,308.7300109863281,61642800,20220920,TSLA,309.07000732421875,308.7300109863281,0,0.011574175294890549,0.0949076221189707,0.4061287755327664,0.2195901323878158,0.0685926603371492,0.0115740740742554,0.1297618484821707,0.011574130581588949,0.011574208719287798,0.0115741029758387,0.0115741841311915,0.01157408536407385,0.0,0.6705,0.33525
300.79998779296875,300.79998779296875,62555700,20220921,TSLA,308.7300109863281,300.79998779296875,0,0.06412661305978394,0.031925180581287085,0.07650441489067482,0.03192505443074588,0.09041280621369559,0.1407801403361221,0.09177537511199851,0.04144895519184822,0.24257737185829165,0.07447934932464266,0.025842594924141135,0.08820214407676794,-0.7333,0.9074,0.17378666666666664
288.5899963378906,288.5899963378906,70545400,20220922,TSLA,300.79998779296875,288.5899963378906,0,0.011376001590507168,0.1542328246481099,0.06410010222939606,0.011375690212865467,0.011375691829322765,0.0113759006647976,0.1990996727554677,0.12425959780497065,0.10089996905069326,0.011375665059032066,0.28915322108443847,0.011375663070398468,0.0,0.5106,0.32313333333333333
275.3299865722656,275.3299865722656,63748400,20220923,TSLA,288.5899963378906,275.3299865722656,0,0.022222222222355502,0.022222958877210798,0.022222222222329002,0.02222222222235025,0.02222222222235375,0.7555545966086197,0.0222224144353253,0.022222222222342297,0.02222222222232645,0.02222222222233285,0.022222247188355,0.0222222273340985,-0.5106,0.1779,-0.16635000000000003
282.94000244140625,282.94000244140625,61925200,20220927,TSLA,276.010009765625,282.94000244140625,1,0.191397413817551,0.024730803358745983,0.024730787066027687,0.04513890320873059,0.08453592932512774,0.11597760744494649,0.02473075699012473,0.02473073868469003,0.23489107864908926,0.09417714082489267,0.09237096645816138,0.042587874171911934,0.0,0.7798,0.2164142857142857
287.8099975585937,287.8099975585937,54664800,20220928,TSLA,282.94000244140625,287.8099975585937,1,0.10803600273933049,0.08691727406388465,0.05352764872586972,0.11359127223469098,0.052480049751336945,0.09698919071218236,0.02470250045261608,0.024702422852912676,0.04014176636330609,0.07929386639897643,0.2671378990367399,0.05248010666815318,-0.2003,0.4588,0.12232222222222222
268.2099914550781,268.2099914550781,77620600,20220929,TSLA,287.8099975585937,268.2099914550781,0,0.06856620051351969,0.15906147698602305,0.05666118381026643,0.04135489551020133,0.04951816130044206,0.09609713575883556,0.15359977484487178,0.02094677034173436,0.16040253185613304,0.020946738978659514,0.11618436972833532,0.056660760370977385,0.0,0.6249,0.2028285714285714
265.25,265.25,67726600,20220930,TSLA,268.2099914550781,265.25,0,0.019444465758585935,0.019444480967438033,0.1027779258323545,0.1861113774786383,0.019444444444822403,0.019444444444803533,0.2861105841741039,0.102777697792374,0.019444497885236032,0.01944444444476227,0.18611113097317458,0.019444505803705967,0.0,0.8221,0.48633333333333334
242.3999938964844,242.3999938964844,98363500,20221003,TSLA,265.25,242.3999938964844,0,0.15297482295581277,0.05479214946014419,0.06484659964393516,0.021931007016431806,0.037406942271470754,0.2400474412722014,0.05397894713192235,0.046987256606021946,0.021930721790777558,0.050906403555934863,0.13461037583556762,0.11958733245977901,-0.9081,0.7906,-0.010070000000000004
249.44000244140625,249.44000244140625,109578500,20221004,TSLA,242.3999938964844,249.44000244140625,1,0.018518522901367948,0.18518493852808876,0.0185185293339895,0.01851864500529645,0.0185185185186467,0.20950275075088096,0.1851851793026992,0.27197856410321525,0.0185185185186201,0.01851877105766355,0.0185185185185982,0.01851854346093285,0.296,0.8651,0.58055
240.80999755859372,240.80999755859372,86982700,20221005,TSLA,249.44000244140625,240.80999755859372,0,0.0093750000002583,0.0093750033073904,0.00937508536822195,0.009375024595610699,0.07187486012783145,0.19914928058992057,0.0093750000002088,0.00937500352094765,0.4593749973022729,0.00937503053241805,0.0093750203255067,0.19460069432941204,0.0,0.1531,0.07655
238.1300048828125,238.1300048828125,69298400,20221006,TSLA,240.80999755859372,238.1300048828125,0,0.0684507206376541,0.05227703650151331,0.056528713642693205,0.15601840287574273,0.054657985257074014,0.20208970596715478,0.06251068611868461,0.04105259734154103,0.13790877415339753,0.04813932434069722,0.07160420852451825,0.048761844639328686,-0.7311,0.802,0.23360714285714287
223.07000732421875,223.07000732421875,83916800,20221007,TSLA,238.1300048828125,223.07000732421875,0,0.07542534042659185,0.08384969175597864,0.02878731347956472,0.04475715933918581,0.016979408448573534,0.32023876961439735,0.06630370220084397,0.1003121237590003,0.14475694308910264,0.08463060018878335,0.016979477592859032,0.016979470105118424,-0.7269,0.6369,-0.042888888888888886
222.9600067138672,222.9600067138672,67925000,20221010,TSLA,223.07000732421875,222.9600067138672,0,0.0138890149731803,0.1805555635555678,0.0138888888895227,0.0138896337728898,0.01388888888967,0.0138888888896308,0.5138883673979984,0.0138888888896015,0.0138888913413397,0.0138888888895457,0.0138888888893743,0.1805551956216782,0.6249,0.6249,0.6249
216.5,216.5,77013200,20221011,TSLA,222.9600067138672,216.5,0,0.030208467677585824,0.21542192369792218,0.030208379621503124,0.15520805824987607,0.0302083552836755,0.16999368038894194,0.03020851768006145,0.09270866544703243,0.030208476091057,0.15520864414495705,0.03020844009357285,0.0302083916238141,-0.296,0.0,-0.16747499999999998
217.2400054931641,217.2400054931641,66860700,20221012,TSLA,216.5,217.2400054931641,1,0.02301601162257202,0.10634914564818716,0.023015873016197844,0.023016158168725587,0.03888890728296739,0.06695608443018733,0.05314974082486737,0.0574154833795337,0.3778291528500509,0.0830606284071609,0.12428685039143342,0.023015963978115846,0.0,0.7003,0.11316666666666667
221.72000122070312,221.72000122070312,91483000,20221013,TSLA,217.2400054931641,221.72000122070312,1,0.11736036026393389,0.07063414728635704,0.12212826120578521,0.16306795354285245,0.01736111111144106,0.20989923061612642,0.01736136965106102,0.11736109499987077,0.01736134201500382,0.01736122104231788,0.11274252616481346,0.017361382100436397,0.0,0.3818,0.16436
204.9900054931641,204.9900054931641,94124500,20221014,TSLA,221.72000122070312,204.9900054931641,0,0.10399732458142306,0.041498076257754875,0.03028101056340321,0.016497697656410324,0.058163918750399696,0.30924868798831356,0.01649763807660254,0.08966184809770483,0.11062851189752108,0.01649765544193424,0.07599116162204177,0.1310364690664903,-0.9349,0.5023,-0.05966249999999998
219.3500061035156,219.3500061035156,79428800,20221017,TSLA,204.9900054931641,219.3500061035156,1,0.02056887975086017,0.15549139524891142,0.055029018041415675,0.026762776153341016,0.17508146500536786,0.21194600190424076,0.02826114144753913,0.028726933122710983,0.06234511610309152,0.06659706153348946,0.08733590893728854,0.08185430275174298,-0.9456,0.8335,-0.14186923076923078
220.19000244140625,220.19000244140625,75891900,20221018,TSLA,219.3500061035156,220.19000244140625,1,0.0138906483644606,0.0138889728453228,0.0138888888894538,0.0138889412222353,0.0138888888895849,0.3786585980374112,0.0138889450685687,0.0138895887565075,0.0138890783303052,0.0138888888894743,0.4824491417285465,0.0138894189781284,0.4391,0.4391,0.4391
222.0399932861328,222.0399932861328,66571500,20221019,TSLA,220.19000244140625,222.0399932861328,1,0.018650996335278985,0.07817263263950246,0.06312499337556142,0.08207182623406455,0.047222182640486284,0.19595906084486098,0.17941371565634312,0.07104379839825109,0.10436505456962751,0.018651019239876943,0.018651259859776614,0.12267346020636952,-0.2942,0.6124,0.06131428571428571
207.27999877929688,207.27999877929688,117798100,20221020,TSLA,222.0399932861328,207.27999877929688,0,0.13662600736059352,0.016217997429697713,0.044789665156860024,0.07255556826204826,0.044789444030627956,0.14115796897077748,0.016218272861398042,0.11621769380922299,0.11825815302105418,0.10155752880870386,0.09920352901371754,0.09240817127529792,-0.9509,0.5707,-0.08535714285714284
214.44000244140625,214.44000244140625,75713800,20221021,TSLA,207.27999877929688,214.44000244140625,1,0.09059222220937382,0.18779580854257463,0.08483003076395351,0.0175290539241477,0.05319532040247809,0.16848266574853085,0.04994964146683053,0.0600638533544171,0.08804198943843902,0.10676919191185132,0.030349649829456298,0.06240057240794658,-0.8555,0.7418,0.0716
211.25,211.25,100446800,20221024,TSLA,214.44000244140625,211.25,0,0.14189897690938097,0.0352408808297649,0.0144075593884155,0.014408011450461833,0.20454704740246768,0.12551824461834563,0.13366877881291966,0.04218525808521408,0.0739312578508332,0.06037912147973882,0.014407556806179484,0.13940730636627766,-0.872,0.9001,-0.06985
222.4199981689453,222.4199981689453,96507900,20221025,TSLA,211.25,222.4199981689453,1,0.2877086060580005,0.34841674847430354,0.02277777777823618,0.02277861401772694,0.02277777777834264,0.07451251246952706,0.022778027835689402,0.06277778691589679,0.02277781561994082,0.06713877749605132,0.02277777777812882,0.02277777777815548,0.0,0.6369,0.25236000000000003
224.63999938964844,224.63999938964844,85012500,20221026,TSLA,222.4199981689453,224.63999938964844,1,0.01929303484146142,0.12596009016558388,0.019293131621303437,0.0192930073474206,0.06293222507224834,0.19043415861286989,0.0595359731797588,0.01929330665942012,0.05565345623086267,0.050488468649476134,0.11929226897774785,0.2585308786418464,-0.4659,0.6365,0.11449999999999998
225.08999633789065,225.08999633789065,61638800,20221027,TSLA,224.63999938964844,225.08999633789065,1,0.0208333333338715,0.2708330143533083,0.0208333333337644,0.0208333333338502,0.0208333333338645,0.2708332466775464,0.0208333333337683,0.020833333333818,0.2708333601566331,0.020833712142223,0.0208333333336634,0.0208333333336885,0.0,0.0,0.0
228.5200042724609,228.5200042724609,69152400,20221028,TSLA,225.08999633789065,228.5200042724609,1,0.01599976853469115,0.09933200613963494,0.015999022680074835,0.14099888241659772,0.015999064315094482,0.09117351021885085,0.057665452165835275,0.07206141226134845,0.22800316437676113,0.23076952666139575,0.015999096156323948,0.01599909407339078,-0.4404,0.6369,0.09156666666666669
227.5399932861328,227.5399932861328,61554300,20221031,TSLA,228.5200042724609,227.5399932861328,0,0.04358462311162265,0.09834653913093397,0.08644171672182413,0.07850526341470825,0.16739421142035266,0.12929891826173862,0.015013227513495184,0.0394755926389749,0.15469574767746344,0.06263243193651091,0.01501322824031057,0.10959849993206425,-0.5255,0.9227,0.27375714285714287
227.82000732421875,227.82000732421875,62688800,20221101,TSLA,227.5399932861328,227.82000732421875,1,0.014249261008008355,0.14912257211808805,0.014249375174173908,0.050612883106228586,0.035228293433014826,0.04758266161117896,0.09974967887345464,0.10655791211672817,0.23069215817246744,0.19140511750463254,0.02124220792071628,0.03930787896130771,-0.7506,0.8225,-0.056072727272727274
214.97999572753903,214.97999572753903,63070300,20221102,TSLA,227.82000732421875,214.97999572753903,0,0.01642332668258741,0.31015574593050016,0.034605004323652384,0.03460503487990332,0.12391077086297861,0.07715329964415156,0.016423269079894692,0.09641760880532081,0.034605010153167796,0.15237644909892956,0.025425961105044057,0.07789851943386913,-0.7906,0.784,0.03262727272727273
215.30999755859372,215.30999755859372,56538800,20221103,TSLA,214.97999572753903,215.30999755859372,1,0.14310476897779584,0.28430384609106923,0.0181057354539145,0.08953373137005873,0.01810515873040065,0.01810517261376905,0.09714383932455788,0.05381961987800578,0.018105533754571326,0.16096219132220216,0.08060516614785745,0.018105236335796873,0.0,0.6763,0.41142500000000004
207.47000122070312,207.47000122070312,98622200,20221104,TSLA,215.30999755859372,207.47000122070312,0,0.018154833293710537,0.17940480507976933,0.0181548627895735,0.033779866633210774,0.1287565781753596,0.052980197027554236,0.03377974932144094,0.15396051341844333,0.037577039134971,0.22648802866891107,0.0181549450018097,0.09880858145524545,-0.6793,0.8689,0.0522375
197.0800018310547,197.0800018310547,93916500,20221107,TSLA,207.47000122070312,197.0800018310547,0,0.0156479693834276,0.165659557667123,0.0491301595605874,0.09205762214483514,0.11148124658464849,0.05210625372995521,0.024576527727183137,0.0436967098215702,0.04749324099439277,0.1958690025034449,0.02606463600562284,0.17621707387720878,-0.7263,0.7964,0.091475
191.3000030517578,191.3000030517578,128803400,20221108,TSLA,197.0800018310547,191.3000030517578,0,0.08333339858727054,0.36011156881490675,0.020833519618027523,0.020833370684439724,0.020833443134007475,0.11905411597273052,0.020833396078527727,0.020833854474767426,0.020833377097099575,0.0208334984045134,0.020833333333463475,0.2708331238002454,-0.7184,0.4576,-0.060300000000000006
177.58999633789062,177.58999633789062,127062700,20221109,TSLA,191.3000030517578,177.58999633789062,0,0.01973389316633935,0.1083453949462196,0.24829125054338275,0.05098400553782935,0.040567154398836486,0.05098382114704631,0.019733858853047074,0.08223386786236936,0.05098387481914511,0.25742506097034756,0.019733815368435863,0.05098400238700067,-0.4389,0.8233,0.121875
190.72000122070312,190.72000122070312,132703000,20221110,TSLA,177.58999633789062,190.72000122070312,1,0.01626992179669312,0.2642387547843764,0.01626984127387172,0.06626987029579853,0.14927728242242194,0.01626987283226746,0.04484128914157954,0.21150787852858732,0.016269913210850077,0.1162697272330131,0.01626988966725762,0.06624575881328275,-0.2342,0.4753,0.06876
195.97000122070312,195.97000122070312,114403600,20221111,TSLA,190.72000122070312,195.97000122070312,1,0.06541665280210165,0.14041627142597918,0.07541654224442049,0.02041685935102744,0.02041668660398542,0.05541671321689186,0.045416750128415936,0.13806150590154537,0.14041676052422614,0.1977719275581397,0.02041677961271979,0.08041655063054651,-0.8217,0.4404,0.06272000000000001
190.9499969482422,190.9499969482422,92226600,20221114,TSLA,195.97000122070312,190.9499969482422,0,0.020601993845372733,0.33523432348486515,0.020601856890870008,0.03912043322817346,0.076157735954861,0.13125694835992427,0.09858141892305118,0.048379649154287434,0.0761573630890871,0.02060213891523479,0.09418575650748236,0.03912038164679002,-0.6808,0.9001,-0.06704444444444443
194.4199981689453,194.4199981689453,91293800,20221115,TSLA,190.9499969482422,194.4199981689453,1,0.05690213099493024,0.20950945806980395,0.0777350187657831,0.04499724255888254,0.05923894724230718,0.12943960422007372,0.12385175969869149,0.08666385214907378,0.04562835326334992,0.08547371068840355,0.05937216483626541,0.021187757512434593,-0.6222,0.6705,-0.060399999999999995
186.9199981689453,186.9199981689453,66567600,20221116,TSLA,194.4199981689453,186.9199981689453,0,0.02222243649681524,0.02222291804295622,0.022222449655349842,0.0754995771295764,0.12638758823699167,0.02222222222243892,0.0222227076763751,0.15555383703171732,0.08472407284602733,0.3055545085288021,0.11894542738426708,0.02222225474868218,0.0,0.2263,0.11602000000000001
183.1699981689453,183.1699981689453,64336000,20221117,TSLA,186.9199981689453,183.1699981689453,0,0.10199436472050505,0.12492691164175551,0.06537286651034314,0.018660972009076834,0.01866102597789125,0.07016997638758532,0.01866096972831682,0.2030628859314678,0.1109685506161519,0.11648994627560032,0.018660971192204518,0.1323705590091011,-0.6486,0.6187,0.018966666666666677
180.19000244140625,180.19000244140625,76048900,20221118,TSLA,183.1699981689453,180.19000244140625,0,0.1127555729308426,0.288014441911253,0.020486137060673367,0.020486114316394532,0.0829860989120102,0.031727731236618296,0.020486195445983648,0.17273711467294772,0.052430539804011404,0.08293298526193206,0.020486144610474682,0.0944709238368579,-0.4017,0.7096,0.19216666666666668
167.8699951171875,167.8699951171875,92882700,20221121,TSLA,180.19000244140625,167.8699951171875,0,0.06717735683589335,0.11722859378979177,0.05519768030162928,0.17653671482508837,0.08389550558877848,0.03945107978456867,0.1256136714461432,0.0950066339120081,0.06167330600182326,0.028340061123819777,0.04500659974754916,0.10487279664290614,-0.7783,0.9476,0.11123999999999999
169.91000366210938,169.91000366210938,78452300,20221122,TSLA,167.8699951171875,169.91000366210938,1,0.10549997758217468,0.23308175522045757,0.01522008792306695,0.08662476107376277,0.050521898924083875,0.015219986713282462,0.0360533746019622,0.19273239092433758,0.015219910432525562,0.19438599531356784,0.015219907407585161,0.040219953883192834,-0.7964,0.4404,0.022287499999999995
183.1999969482422,183.1999969482422,109536700,20221123,TSLA,169.91000366210938,183.1999969482422,1,0.1156644548017715,0.2711807775293888,0.039423206177568636,0.028744246473180243,0.05908202772677975,0.030859786188259988,0.07534189606783598,0.09250598808112612,0.018859813223444318,0.14406286536449056,0.03753791579199077,0.08673702257416281,-0.6597,0.7096,0.144212
182.8600006103516,182.8600006103516,50672700,20221125,TSLA,183.1999969482422,182.8600006103516,0,0.017269695222556985,0.11827596793599271,0.041403469286760634,0.02917433326040317,0.10620484866621994,0.01726959999453989,0.04395463592640797,0.061179829469342424,0.017269589245782386,0.4403342359514879,0.017269629463259443,0.09039416557724606,-0.7845,0.6239,-0.22465
182.9199981689453,182.9199981689453,92905200,20221128,TSLA,182.8600006103516,182.9199981689453,1,0.04682917276996923,0.142419823897301,0.04991573746963271,0.041960617545270085,0.06380436484583304,0.02213771884539042,0.25747328111090456,0.054765555658850266,0.033248858964824074,0.10996121093483152,0.02213794953038679,0.15534570842680573,-0.9381,0.5267,-0.06234444444444444
180.8300018310547,180.8300018310547,83357100,20221129,TSLA,182.9199981689453,180.8300018310547,0,0.01529063224669335,0.03477105000694671,0.22555014152791936,0.0152902115026424,0.09029031872187993,0.049614819652007154,0.14088568562399748,0.10518448617519427,0.04306761819794142,0.06914906936462331,0.015290304859446175,0.19561566212070788,-0.5267,0.9325,0.2636625
194.6999969482422,194.6999969482422,109186400,20221130,TSLA,180.8300018310547,194.6999969482422,1,0.11154487902561751,0.1436703053255118,0.057113867661205034,0.01571183179690425,0.04071170846018854,0.09426811413953828,0.07821186234435415,0.12196182716237075,0.1490452460054077,0.10946168646468497,0.015711910483710314,0.0625867611305062,-0.9412,0.7346,0.07729999999999998
194.6999969482422,194.6999969482422,80046200,20221201,TSLA,194.6999969482422,194.6999969482422,0,0.051460171948704524,0.19050752542626107,0.09406446014182224,0.03360306901144689,0.1374951901981715,0.033603115512474246,0.06514293850159568,0.08969099853171177,0.04023562050396558,0.21402637542496256,0.03442454853088757,0.015745986267995928,-0.6187,0.8316,0.2516428571428571
194.8600006103516,194.8600006103516,73645900,20221202,TSLA,194.6999969482422,194.8600006103516,1,0.057576388296795095,0.19636502446799906,0.08376672529191152,0.0619982913112986,0.045331649153639283,0.04651375754979305,0.05440187280296484,0.03456067160670272,0.0655128253693259,0.12610827502071065,0.0968981886076055,0.13096633052125317,-0.7506,0.8268,0.09693333333333332
182.4499969482422,182.4499969482422,93122700,20221205,TSLA,194.8600006103516,182.4499969482422,0,0.06595046784205619,0.06876020042338891,0.03323409983427047,0.08419741011520754,0.018760143681864648,0.1520932237206308,0.03875991270867438,0.01876009119301168,0.043760061874646296,0.15027641660205399,0.2562596650908925,0.06918830691330205,-0.465,0.5057,0.04791
179.82000732421875,179.82000732421875,92150800,20221206,TSLA,182.4499969482422,179.82000732421875,0,0.015873199122881473,0.27781917856499144,0.015873108783528274,0.015873206546599475,0.1825385955404038,0.05158726559339427,0.01587389625701285,0.10042248524865655,0.0158731176851064,0.24104740569062388,0.05134529504179095,0.015873245925010025,-0.2244,0.2023,-0.031199999999999995
174.0399932861328,174.0399932861328,84213300,20221207,TSLA,179.82000732421875,174.0399932861328,0,0.0119047619049403,0.0119048037925901,0.0119048833195905,0.011905081596897,0.0119047619049379,0.0119047619049291,0.1730731192739938,0.0119047619049226,0.1997112034932467,0.01190476190491,0.5200723370941618,0.0119047619048796,0.4404,0.4404,0.4404
173.44000244140625,173.44000244140625,97624500,20221208,TSLA,174.0399932861328,173.44000244140625,0,0.05945034313436691,0.08493663003177965,0.04808141361547142,0.13016572489196887,0.05310097975767776,0.22505892832335983,0.10945020486473446,0.015005924209842302,0.06130213255713622,0.015005948855932557,0.10803903792175605,0.09040273183597339,-0.4482,0.8519,0.03251111111111111
179.0500030517578,179.0500030517578,104872300,20221209,TSLA,173.44000244140625,179.0500030517578,1,0.07619874870720082,0.18622922090504418,0.04408452705069653,0.05518408682254358,0.09510259375927464,0.039800653178408904,0.03913884679034661,0.11028851026622094,0.029883807889333043,0.22228596553378652,0.04458120104822939,0.057221838048914335,-0.7177,0.9735,0.12358461538461539
167.82000732421875,167.82000732421875,109794500,20221212,TSLA,179.0500030517578,167.82000732421875,0,0.11421354128020493,0.12301842062855742,0.014377677994797567,0.01437762697437811,0.2779097973579571,0.04693019076088778,0.014377688850309621,0.04533127932064967,0.03289620671233879,0.10378689374984029,0.058821982309955244,0.153958694060123,-0.8998,0.0516,-0.4269
160.9499969482422,160.9499969482422,175862700,20221213,TSLA,167.82000732421875,160.9499969482422,0,0.05736099430304722,0.15066754978219626,0.060991727867837416,0.10769967736649562,0.07607598264505702,0.07811211563362903,0.019860990294459133,0.11352474629963243,0.0813900374092393,0.07308032640343338,0.07352146547434986,0.10771438652062287,-0.6467,0.6486,0.010324999999999999
156.8000030517578,156.8000030517578,140682300,20221214,TSLA,160.9499969482422,156.8000030517578,0,0.04486100381780952,0.08986104517872731,0.2085167118085549,0.01986126075747175,0.10965718673868594,0.03986118340194419,0.06453144541274632,0.22652751773057972,0.01986111260844754,0.07819452986394562,0.0584052374569618,0.039861765224124865,-0.296,0.8674,0.14140999999999998
157.6699981689453,157.6699981689453,122334500,20221215,TSLA,156.8000030517578,157.6699981689453,1,0.06417588737693955,0.08542415437603541,0.06984862477663001,0.11665210497835805,0.15854598921782365,0.06567461610596789,0.06892279847834179,0.014563518804796671,0.13221273469998523,0.12170626847314106,0.054376487958492634,0.04789681475348752,-0.6369,0.5859,-0.07334
150.22999572753906,150.22999572753906,139032200,20221216,TSLA,157.6699981689453,150.22999572753906,0,0.051393863045068225,0.11698252315982981,0.08810111068744027,0.08997590010562367,0.033454130949760935,0.07899806759202042,0.09167408890307212,0.11763834930799207,0.07094920107484734,0.14915919476357545,0.022584709404100883,0.08908886100666831,-0.7964,0.9117,0.08154347826086956
149.8699951171875,149.8699951171875,139390600,20221219,TSLA,150.22999572753906,149.8699951171875,0,0.017824074074376278,0.0844913349723207,0.08449101834006734,0.15758131937880812,0.042824115884601575,0.112268564776084,0.06640849343690189,0.01782420579357752,0.01782409081097138,0.2428234096371719,0.01782409426530902,0.13781527862980975,0.0,0.6666,0.23687999999999998
137.8000030517578,137.8000030517578,159563300,20221220,TSLA,149.8699951171875,137.8000030517578,0,0.022117734512747775,0.1702638298812298,0.02566314752869392,0.09444178649531117,0.07380233696004367,0.04527082615900519,0.06431825313049397,0.1300640379596987,0.04176942277698275,0.09598082824060078,0.06948924845430168,0.16681854790089012,-0.765,0.8122,0.19287058823529413
137.57000732421875,137.57000732421875,145417400,20221221,TSLA,137.8000030517578,137.57000732421875,0,0.10297664061046313,0.1126322590756454,0.11166129760097578,0.036022978417691344,0.07570592022415519,0.07788811979964612,0.13752179795349262,0.03126137392074076,0.033245138990819344,0.0568562518526178,0.0729278203744765,0.1513004011792756,-0.5994,0.904,0.16414166666666666
125.3499984741211,125.3499984741211,210090300,20221222,TSLA,137.57000732421875,125.3499984741211,0,0.04233665072854913,0.12854737822337825,0.035193490052754815,0.01733642026007714,0.13670195850081454,0.026315218617167114,0.06409696671508995,0.017336626154767037,0.07983613194287373,0.1051270901067956,0.048586308356013096,0.29858576034171913,-0.7713,0.7351,0.1526875
123.1500015258789,123.1500015258789,166989700,20221223,TSLA,125.3499984741211,123.1500015258789,0,0.04693220550990687,0.2018704930108392,0.0222409502652321,0.05927800620273243,0.15927793697738768,0.06754820522231163,0.1148336556484029,0.04510732464110126,0.022240955559705976,0.14954863923643222,0.02224092779670137,0.08888069992924578,0.0,0.9201,0.3118444444444444
109.0999984741211,109.0999984741211,208643400,20221227,TSLA,123.1500015258789,109.0999984741211,0,0.1812995464625828,0.05034726743922737,0.014633097942867851,0.12177560509486603,0.014632983028010775,0.04408278896894445,0.14728164762359355,0.2558633677808524,0.014633006244370275,0.09715311038492802,0.014633196119468101,0.043664382910288,0.3595,0.8126,0.63495
112.70999908447266,112.70999908447266,221070500,20221228,TSLA,109.0999984741211,112.70999908447266,1,0.01936960721566894,0.13448147395241053,0.07381993665215701,0.05929040041926266,0.1304800440906625,0.1116607620971952,0.019369210643535497,0.10270239765646112,0.09282152998278922,0.0773517924116486,0.09492466221251811,0.08372818266569014,-0.636,0.8513,0.1485
121.81999969482422,121.81999969482422,221923300,20221229,TSLA,112.70999908447266,121.81999969482422,1,0.029166666667297798,0.11241176591736385,0.029166666667172148,0.2791666666625933,0.02916666666728955,0.02916676852936885,0.244945136432062,0.029166666667234997,0.0291666666671601,0.13014294880306804,0.029166713652306,0.02916666666708305,0.0,0.2023,0.10115
123.18000030517578,123.18000030517578,157777300,20221230,TSLA,121.81999969482422,123.18000030517578,1,0.042112257617320195,0.20462827343981238,0.044203485660655406,0.06277887604139384,0.16440067213893633,0.04878524993030917,0.061491515813827335,0.12138833854853007,0.061537586090671004,0.08295879541316434,0.05302823488977599,0.05268671441560341,-0.7783,0.8934,0.1590952380952381
108.0999984741211,108.0999984741211,231402800,20230103,TSLA,123.18000030517578,108.0999984741211,0,0.021329407643925373,0.21920578200348814,0.11656756340638266,0.061547562953607235,0.021329422389840473,0.14037673672330483,0.021329375086356028,0.021329885906874086,0.19394792782390122,0.14037717287577606,0.02132962212568077,0.021329541060862628,-0.7717,0.3612,-0.0036142857142857205
113.63999938964844,113.63999938964844,180389000,20230104,TSLA,108.0999984741211,113.63999938964844,1,0.0277781855013921,0.0277781052013475,0.0277777777778709,0.0277797336641323,0.0277777777778925,0.0277777777778868,0.6944417534101484,0.0277777777778825,0.0277777777778687,0.0277777777778743,0.0277777777778491,0.0277777777778545,0.4199,0.4199,0.4199
110.33999633789062,110.33999633789062,157986300,20230105,TSLA,113.63999938964844,110.33999633789062,0,0.034623292510289214,0.17747979676764988,0.03462337799548643,0.10418488877369877,0.06737700808762627,0.03462327498398817,0.034623213387249684,0.10605161481290505,0.034623015873343925,0.23184026466655583,0.07220391220810758,0.06774633993309871,-0.8625,0.7964,0.009000000000000008
113.05999755859376,113.05999755859376,220911100,20230106,TSLA,110.33999633789062,113.05999755859376,1,0.2708333527124228,0.0208333333335574,0.0208333333335615,0.0208333333336069,0.0208343981248868,0.0208333371113653,0.0208333333335635,0.52083224538288,0.0208333333335561,0.0208333333335697,0.0208333333335081,0.0208333333335213,-0.3182,-0.3182,-0.3182
119.7699966430664,119.7699966430664,190284000,20230109,TSLA,113.05999755859376,119.7699966430664,1,0.020039682540122433,0.203748689789819,0.13359022425037018,0.020040014929105517,0.124801610249426,0.053372993352402066,0.039674178435424014,0.020039682893867466,0.13115077557131982,0.11114077889732489,0.1223616621074965,0.02003970698332162,0.2144,0.8176,0.4892
118.8499984741211,118.8499984741211,167642500,20230110,TSLA,119.7699966430664,118.8499984741211,0,0.1473147658781116,0.01398148148166172,0.013981481481665,0.013981529860772201,0.013981546210294859,0.030350101450244922,0.01398172093159836,0.013981481481687819,0.6563068938520172,0.01398148148167164,0.05417603440864144,0.013981481481632719,0.0,0.8625,0.29238
123.22000122070312,123.22000122070312,183810800,20230111,TSLA,118.8499984741211,123.22000122070312,1,0.01974206830177948,0.01974217704484654,0.01974243333944784,0.2698154354810101,0.06974204454524556,0.01974219751867386,0.01974222960030392,0.04474245837435268,0.0697420603920021,0.1530745410538082,0.141096957523016,0.15307539682551316,0.0,0.802,0.42172
123.55999755859376,123.55999755859376,169400900,20230112,TSLA,123.22000122070312,123.55999755859376,1,0.09143111743983894,0.05809800193466739,0.03585708253609059,0.03205610172427964,0.14678808826801504,0.10776269873765643,0.05393078964875926,0.09976382584706973,0.18518120105765895,0.11010039459547363,0.06259945319631295,0.016431245014176976,-0.4574,0.2815,-0.041125
122.4000015258789,122.4000015258789,180714100,20230113,TSLA,123.55999755859376,122.4000015258789,0,0.013343320517762568,0.3720764941779284,0.0911081078970783,0.013343393434296233,0.013343626566461984,0.01334348008536545,0.12643829676777726,0.04671381225533829,0.013343579672564033,0.12183349541217574,0.16176906987902104,0.013343323334230231,-0.3818,0.4389,0.1253
131.49000549316406,131.49000549316406,186477000,20230117,TSLA,122.4000015258789,131.49000549316406,1,0.05142734879647609,0.18865115775419528,0.11951091922074021,0.016841802815282976,0.016842022265263677,0.039325700319216395,0.06684181843925288,0.1155399152382538,0.0462534818658748,0.17718128193475882,0.08056717559040662,0.08101737576027797,-0.784,0.8658,0.23040588235294118
128.77999877929688,128.77999877929688,195680300,20230118,TSLA,131.49000549316406,128.77999877929688,0,0.01864428519845094,0.20996352161650828,0.10493679466968167,0.14435808140704096,0.08531078495987582,0.01864427049007425,0.018644332760885972,0.14197748343155153,0.01864418588216318,0.03971861123722302,0.01864419595779401,0.18051345238874977,-0.34,0.7615,0.21004
127.16999816894533,127.16999816894533,170291900,20230119,TSLA,128.77999877929688,127.16999816894533,0,0.034191083342413255,0.1554818049932336,0.18088196291604894,0.046783467564355884,0.09133339100530785,0.029464823867959265,0.042722431165906245,0.10175006161826067,0.08855530658629095,0.09735442709124202,0.021889175653554808,0.10959206419542601,-0.7026,0.7489,0.13170833333333332
133.4199981689453,133.4199981689453,138858100,20230120,TSLA,127.16999816894533,133.4199981689453,1,0.07224040287805036,0.28730769579729354,0.10577519818332037,0.027138493600526902,0.02713855009195776,0.049255463628269644,0.08444065543485255,0.07426983886461061,0.04936060346677104,0.11362317330345809,0.05482526972953854,0.054624655021350096,-0.8481,0.8516,0.3396166666666667
143.75,143.75,203119200,20230123,TSLA,133.4199981689453,143.75,1,0.016666666667851,0.0166666666675983,0.0166666666676153,0.2166667862303549,0.2166665969346224,0.016666666667777,0.2166664575269496,0.0166666666677331,0.0166666666675927,0.2166667792191589,0.0166666666673933,0.016666713415353,0.867,0.867,0.867
143.88999938964844,143.88999938964844,158699100,20230124,TSLA,143.75,143.88999938964844,1,0.03336648352052423,0.0869378893908322,0.07618845032084574,0.08313191866160356,0.07404294076177721,0.012958455139229086,0.16033900443208596,0.21777458647271772,0.18883516011763052,0.03081540232031894,0.012958360447946843,0.0226513484144874,-0.6486,0.6597,0.07624285714285714
144.42999267578125,144.42999267578125,192734300,20230125,TSLA,143.88999938964844,144.42999267578125,1,0.08068377163030421,0.22629831439120804,0.04130780673491541,0.06381864965286724,0.05808450562868986,0.049433763798833436,0.018184003659803823,0.20033272805549046,0.018183759320537236,0.08443220571667755,0.08485004315741931,0.0743904482532529,-0.4588,0.1655,-0.09257499999999999
160.27000427246094,160.27000427246094,234815100,20230126,TSLA,144.42999267578125,160.27000427246094,1,0.06310846783180057,0.13664426401635252,0.07476884680935121,0.12958122040702888,0.09601918131822547,0.04159422688393739,0.05476983323957965,0.04289464469455179,0.11396981919341176,0.017894496411578864,0.10122769199276069,0.12752730720142072,-0.34,0.8622,0.3354625
177.89999389648438,177.89999389648438,306590600,20230127,TSLA,160.27000427246094,177.89999389648438,1,0.09082924580924782,0.17416220885535294,0.026014140845098867,0.02601421456446272,0.1490299017065492,0.0815697211902054,0.0552966885603035,0.06305128178100361,0.026014109347682543,0.0537921545421869,0.06305079082265747,0.19117554197524847,-0.3612,0.4019,-0.03052222222222223
166.66000366210938,166.66000366210938,230878800,20230130,TSLA,177.89999389648438,166.66000366210938,0,0.027083681561121935,0.12181901775496039,0.02708389868524592,0.0826385912628697,0.12123638860934256,0.15208210090650634,0.027083686021256718,0.19374994199059584,0.13819409912128533,0.02708353323151895,0.027083333333550733,0.0548617275217451,-0.9398,0.0,-0.15663333333333332
173.22000122070312,173.22000122070312,196813500,20230131,TSLA,166.66000366210938,173.22000122070312,1,0.04329696651996755,0.09936584717325489,0.05203831954996695,0.07997701027853489,0.05440809042009246,0.1536577640121402,0.13032362104548292,0.11350073128521351,0.08079694785404574,0.0182969963090263,0.15604056808360414,0.01829713746866993,-0.7717,0.4767,0.12351999999999999
181.41000366210935,181.41000366210935,213806300,20230201,TSLA,173.22000122070312,181.41000366210935,1,0.10069408905619319,0.30201848334431125,0.01736118247445655,0.017361147363086284,0.09935515469394679,0.05902777256958754,0.017361247501287883,0.0874793964620632,0.0381944298333345,0.20559138350036657,0.038194602090059565,0.017361111111306067,0.0,0.7424,0.2738
188.2700042724609,188.2700042724609,217448300,20230202,TSLA,181.41000366210935,188.2700042724609,1,0.09082895026577856,0.1651909667047506,0.016754923869229832,0.06612734424017915,0.01675496491928669,0.10809959993921738,0.06521523804188044,0.17182294205764417,0.1487002484389316,0.016754901883629044,0.0693760672864549,0.06437385235301718,-0.041,0.9184,0.20103333333333331
189.97999572753903,189.97999572753903,232662000,20230203,TSLA,188.2700042724609,189.97999572753903,1,0.05977974076891156,0.39303794066467457,0.04597472236885912,0.017162987614442786,0.017162715896116842,0.017162762629198358,0.05177881306999166,0.12527174721554163,0.08740071967778165,0.10183509182644927,0.0171628898477182,0.06626986842031388,-0.3612,0.9401,0.29009999999999997
194.75999450683597,194.75999450683597,186188100,20230206,TSLA,189.97999572753903,194.75999450683597,1,0.013888888889094,0.0138888888890503,0.0138888888890532,0.013888888889086,0.0138888888890914,0.0138888888890812,0.0138888888890547,0.4050170712851811,0.0138888888890493,0.0138889557805988,0.0138888888890147,0.4560939729326446,-0.8316,-0.8316,-0.8316
196.80999755859372,196.80999755859372,186010300,20230207,TSLA,194.75999450683597,196.80999755859372,1,0.11128936790540919,0.06538812463348591,0.14808320670878242,0.08674409193205539,0.042625856697466366,0.0576249757475061,0.09256497689199307,0.17351589368085604,0.017625797947358902,0.08123836398204531,0.01762573471930736,0.10567360915373339,-0.6369,0.802,0.0986
201.2899932861328,201.2899932861328,180673600,20230208,TSLA,196.80999755859372,201.2899932861328,1,0.05134545192622562,0.11476190298194486,0.08494117481781914,0.10514623256409972,0.01476192175356258,0.16476200464440405,0.01476206024556044,0.04335012971246728,0.0678430944472379,0.01476214988154376,0.15367245912345165,0.16989141790168247,-0.1779,0.6778,0.22736
207.32000732421875,207.32000732421875,215431400,20230209,TSLA,201.2899932861328,207.32000732421875,1,0.0614583087790684,0.07930036008892265,0.0197917073796577,0.01979172015897415,0.10729176109303416,0.040624875613585014,0.03943679902034405,0.019791680918986674,0.3459798165536161,0.1269497052147178,0.11979124429628325,0.019792020882809614,-0.4631,0.6597,-0.07487500000000002
196.88999938964844,196.88999938964844,204754100,20230210,TSLA,207.32000732421875,196.88999938964844,0,0.06539351856494446,0.14872684341852824,0.023726851852123133,0.06539351922147453,0.08622685442625411,0.02372685185216945,0.1070602803845095,0.07928241154039452,0.19039340121575965,0.1626156449060734,0.023726970765693165,0.023726851852075348,0.0,0.4588,0.32001666666666667
194.63999938964844,194.63999938964844,172475500,20230213,TSLA,196.88999938964844,194.63999938964844,0,0.05402930847696362,0.1648187058264536,0.059862812713232655,0.03308612278385316,0.0413338703323582,0.04124706828783569,0.18651027025737846,0.04509313413466787,0.06432380569328931,0.12358487379609702,0.0846934951426023,0.10141653255526756,-0.7574,0.8442,0.2740769230769231
209.25,209.25,216455700,20230214,TSLA,194.63999938964844,209.25,1,0.15385794080039708,0.024228471687311567,0.024228410341318354,0.05200607116612946,0.09830250114025346,0.07978397172503485,0.0834876522583195,0.024228438844721555,0.1723760927457136,0.13534006851770441,0.12793197113902344,0.02422840963407219,-0.6908,0.4588,-0.04398888888888889
214.2400054931641,214.2400054931641,181006400,20230215,TSLA,209.25,214.2400054931641,1,0.14220369911323968,0.18279623782333868,0.15694452359892114,0.023611148140452915,0.06527777552287028,0.0236111148857833,0.06527769574526328,0.023611135773185535,0.023611171555466815,0.023611162567531468,0.24583322416264106,0.023611111111305334,0.0,0.836,0.3042333333333333
202.0399932861328,202.0399932861328,229586500,20230216,TSLA,214.2400054931641,202.0399932861328,0,0.04934238230730073,0.11263988331918012,0.07910325064913085,0.06213738419024322,0.08517937920981976,0.051568634297493435,0.021564910875089147,0.11925588464217148,0.04008306282196638,0.12356768888337472,0.23399290654819638,0.02156463225603332,-0.5574,0.7351,0.15752222222222223
208.30999755859372,208.30999755859372,213738500,20230217,TSLA,202.0399932861328,208.30999755859372,1,0.08059273875740043,0.2793751750145499,0.07245776822903098,0.04985527222144908,0.057255100263492426,0.03143809922026595,0.04561697532720286,0.09295354074522015,0.07806818342554787,0.17000095129407666,0.018104804405300656,0.024281391096462504,-0.4355,0.8907,0.25076
197.3699951171875,197.3699951171875,180018600,20230221,TSLA,208.30999755859372,197.3699951171875,0,0.07620382362642494,0.15574537755408563,0.08175912032838534,0.07842606933620103,0.11064817522312269,0.06509246676381382,0.039537118954549574,0.07175909551439003,0.09287045294499974,0.10332859526610115,0.048425921396590486,0.07620378309133506,-0.69,0.836,0.21550666666666668
200.8600006103516,200.8600006103516,191828500,20230222,TSLA,197.3699951171875,200.8600006103516,1,0.10487537232832846,0.1286845945396671,0.12868481611826277,0.057256234104530714,0.033447006165421116,0.03344689786326259,0.03344683431492456,0.033446831379278355,0.03344671201837984,0.1763035306119625,0.08106580122508852,0.155895369330893,-0.6833,0.5562,-0.04174285714285714
202.07000732421875,202.07000732421875,146360000,20230223,TSLA,200.8600006103516,202.07000732421875,1,0.1299740432949145,0.09196656675646862,0.22624453732694538,0.03841518194917989,0.02254198863312471,0.022542054344907924,0.05031974960305096,0.13338373021702243,0.1058752486482722,0.059578825076652527,0.022541996678150086,0.0966160774713102,-0.7717,0.8625,0.04540000000000001
196.8800048828125,196.8800048828125,142228100,20230224,TSLA,202.07000732421875,196.8800048828125,0,0.02268623354420228,0.20041887824498636,0.08935157316353584,0.0762894798821458,0.04605872128196568,0.16352537288721897,0.02268529351126758,0.04599753146775106,0.02268520161510608,0.22268520241305428,0.02268522285935684,0.0649312891294086,-0.8858,0.0,-0.35204
207.6300048828125,207.6300048828125,161028300,20230227,TSLA,196.8800048828125,207.6300048828125,1,0.04545454545458985,0.0454545454545804,0.045454545454581,0.0454545454545881,0.0454545454545893,0.2272726919525773,0.045454560435342004,0.04545454545458545,0.3181818385208363,0.0454545454545823,0.0454545454545727,0.04545454545457475,0.0,0.7463,0.37315
205.7100067138672,205.7100067138672,153144900,20230228,TSLA,207.6300048828125,205.7100067138672,0,0.04605576285395054,0.12979644842669402,0.04844727004037335,0.07849675572036877,0.030940555173926056,0.17636415375200562,0.056150992534923505,0.04916809640166504,0.1703626614068109,0.018650884993962957,0.12985684303790831,0.06570957565741042,-0.5434,0.7574,0.065775
202.7700042724609,202.7700042724609,156852800,20230301,TSLA,205.7100067138672,202.7700042724609,0,0.16201798149932486,0.019161326296157112,0.05487562209713679,0.06800366019118319,0.12120213671667579,0.05806706464158514,0.22868430398235853,0.019161098574040802,0.08039164227848085,0.15011287736391152,0.019161211285387614,0.019161075073757312,-0.296,0.7908,0.10971428571428572
190.8999938964844,190.8999938964844,181500700,20230302,TSLA,202.7700042724609,190.8999938964844,0,0.11362378742344566,0.11944993100836873,0.08517110662261394,0.01838626756269693,0.0183863451940381,0.0183863031241295,0.01838627148598563,0.03577418812504425,0.3612432967940148,0.17441973181354412,0.018386479792208598,0.018386291053909185,-0.5574,0.3968,-0.022942857142857147
197.7899932861328,197.7899932861328,154193300,20230303,TSLA,190.8999938964844,197.7899932861328,1,0.0156250000001971,0.0156250129798366,0.0156250000001579,0.15993282093462266,0.015625092844322702,0.14062498344674548,0.0156250000001593,0.015625004807152898,0.37069175068185006,0.0156250648858537,0.203750269418971,0.01562500000013005,0.0,0.0,0.0
193.80999755859372,193.80999755859372,128100100,20230306,TSLA,197.7899932861328,193.80999755859372,0,0.09167475577126813,0.14676977236697025,0.11712737888059344,0.03081794713884015,0.021889556476573972,0.021889246147950486,0.0619081124404102,0.1960290883768747,0.021889344426775512,0.139084364867669,0.021889213563502985,0.1290312195425707,-0.1779,0.7964,0.23599285714285714
187.7100067138672,187.7100067138672,148125800,20230307,TSLA,193.80999755859372,187.7100067138672,0,0.18203673442843327,0.13920669559513052,0.039899642781099004,0.03410890856231116,0.1426770309510651,0.029317482151050026,0.10471435112547373,0.08780288975187396,0.03526986772012893,0.0848580309606568,0.021381087530599807,0.09872727844217716,-0.8024,0.5849,-0.039238888888888886
182.0,182.0,151897800,20230308,TSLA,187.7100067138672,182.0,0,0.022487085965591666,0.28402805468308434,0.022487135217624566,0.10185168616825518,0.13359645604254308,0.07804204748687142,0.048794346670161165,0.17237769908115155,0.022487023502372198,0.06887457710386562,0.022486924506929584,0.022486963571549234,-0.1027,0.4753,0.17628333333333335
172.9199981689453,172.9199981689453,170023800,20230309,TSLA,182.0,172.9199981689453,0,0.051852036768024704,0.09757394740965043,0.05185203225843085,0.08310137361489997,0.047796743705903914,0.12060163556920368,0.020601939244632963,0.051851897803042155,0.13171287549471722,0.20810181908661038,0.08310187582727709,0.05185182321760613,-0.765,0.7345,0.02913750000000001
173.44000244140625,173.44000244140625,191488900,20230310,TSLA,172.9199981689453,173.44000244140625,1,0.16143091804148765,0.08086420261860823,0.014197692240866732,0.014197614575319534,0.014197690573145134,0.12269425425878726,0.014197808452635999,0.20473611626576238,0.0834779005503234,0.2616104099771898,0.014197530864757333,0.014197861581115967,-0.9381,0.0,-0.5867333333333334
174.47999572753906,174.47999572753906,167790300,20230313,TSLA,173.44000244140625,174.47999572753906,1,0.0138888888890832,0.0138890884971148,0.0138897649894958,0.3526320759037298,0.0138888888890806,0.0138888888890711,0.0138893821586693,0.013889012599694,0.0138888888890408,0.0138888888890502,0.5084773425169529,0.0138888888890171,0.2732,0.2732,0.2732
183.25999450683597,183.25999450683597,143717900,20230314,TSLA,174.47999572753906,183.25999450683597,1,0.14228384311442302,0.10282924536274714,0.15154333065359327,0.17003150905150144,0.021913653954591134,0.07746880622800281,0.021913731106961112,0.04972160416861236,0.021913638522869268,0.1372940446892396,0.05895071690311951,0.04413587624433883,0.0,0.8575,0.4606222222222222
180.4499969482422,180.4499969482422,145995600,20230315,TSLA,183.25999450683597,180.4499969482422,0,0.020266577921194857,0.09344699053523843,0.1631234898136819,0.020266513534694056,0.05598079951770031,0.05598084448412887,0.06788507283563071,0.055980537808590566,0.21414409090434153,0.07979031939629554,0.10524935886531017,0.06788540438319247,-0.296,0.743,0.11019999999999998
184.1300048828125,184.1300048828125,121136800,20230316,TSLA,180.4499969482422,184.1300048828125,1,0.05860892248833811,0.05949842182362922,0.08638659924472991,0.057952641164445685,0.05859184709611715,0.08302853713231714,0.14309530675712345,0.15491056741296338,0.06191579758983168,0.16009645114135682,0.016942291120097635,0.05897261702904932,-0.886,0.6808,-0.059555555555555556
180.1300048828125,180.1300048828125,133197100,20230317,TSLA,184.1300048828125,180.1300048828125,0,0.09156746645777684,0.2553635583687858,0.09990086952508626,0.0165677377588224,0.01656765376183085,0.016567562070102584,0.08345241167632327,0.12767856395084284,0.016567511038703586,0.11485440975255307,0.11101145010073295,0.04990080553843898,-0.7579,0.7803,0.021416666666666657
183.25,183.25,129684400,20230320,TSLA,180.1300048828125,183.25,1,0.018576429408306325,0.03420141613933304,0.03420168510794664,0.09149306657244122,0.11753482941998969,0.018576633748348413,0.1279513653182301,0.12439511293969677,0.11752210118984387,0.1690074998716655,0.08629680519348848,0.06024305509070948,-0.3612,0.4215,0.03985
197.5800018310547,197.5800018310547,153391400,20230321,TSLA,183.25,197.5800018310547,1,0.12896825647012108,0.16556737767909502,0.06547610193754493,0.017857202035543567,0.12103160521213424,0.017857149277753365,0.06547620247743596,0.017857142857490533,0.1289680943824489,0.06855968062412957,0.017857313278587868,0.1845238737677145,-0.34,-0.2263,-0.2798333333333333
191.1499938964844,191.1499938964844,150376400,20230322,TSLA,197.5800018310547,191.1499938964844,0,0.0645453666331524,0.054741116132175284,0.05109200160083064,0.3598011515553063,0.028181897445366238,0.10545829933898088,0.02818185211023268,0.028181887580003978,0.06454544373701604,0.08983801477286973,0.04981663857799118,0.07561633051607414,-0.2732,0.0,-0.13488
192.22000122070312,192.22000122070312,144193900,20230323,TSLA,191.1499938964844,192.22000122070312,1,0.4068678490144957,0.13942663639374533,0.028703744913080902,0.02870370370416987,0.0287037557070715,0.028703826132691634,0.1953702236605832,0.028703738517734303,0.028704566895798634,0.0287038044103574,0.028704286949146233,0.028703863701124734,0.0,0.4926,0.2846
190.41000366210935,190.41000366210935,116312400,20230324,TSLA,192.22000122070312,190.41000366210935,0,0.10289502608947179,0.2796870147292307,0.01884413018646546,0.018844264890166693,0.10011288141925534,0.018844289754116453,0.044485299639447695,0.10834168534123954,0.051811190406107155,0.1406069272816537,0.044485360138442745,0.07104193012440206,-0.7096,0.4767,-0.0696
191.80999755859372,191.80999755859372,120851600,20230327,TSLA,190.41000366210935,191.80999755859372,1,0.05382709583139413,0.1288184030194883,0.13085499044504909,0.027407095154334003,0.11222190587229056,0.07222230486925364,0.1266842599941148,0.1395948920042514,0.03472229410756983,0.05432572249644195,0.07266933801232833,0.046651698193483415,-0.7351,0.5423,0.023575000000000006
189.19000244140625,189.19000244140625,98654600,20230328,TSLA,191.80999755859372,189.19000244140625,0,0.05861109883740664,0.01861166115845714,0.06861237605431611,0.018611144376413258,0.0186112124554424,0.11861101299658638,0.09861086779458629,0.08527797847249861,0.01861113343430084,0.3186085111658302,0.0186118704487129,0.15861113280544864,-0.2411,0.6588,0.3558
193.8800048828125,193.8800048828125,123660000,20230329,TSLA,189.19000244140625,193.8800048828125,1,0.07378445619777274,0.0998484688731353,0.17236142798211979,0.060580678112372305,0.033088608576432775,0.05138934276535385,0.015711916635867487,0.0157119290901661,0.07821188036132819,0.1083445163110935,0.05600657924753976,0.2349601958468177,-0.2204,0.8689,0.3318625
195.27999877929688,195.27999877929688,110252200,20230330,TSLA,193.8800048828125,195.27999877929688,1,0.0166666666670378,0.0166668393375446,0.016666666666964,0.0166666666670231,0.016667920978207,0.0166671269837071,0.0166666666669667,0.3135233615952371,0.0166666666669569,0.5198080844365494,0.0166666666668943,0.0166666666669116,0.8975,0.8975,0.8975
207.4600067138672,207.4600067138672,170222100,20230331,TSLA,195.27999877929688,207.4600067138672,1,0.15172990246715917,0.19524485916159046,0.04672964284333468,0.05506306467128238,0.10199409368573767,0.04172990625210925,0.02172981015241088,0.05506293731133538,0.0550631301338658,0.22310186053228995,0.021729797980099143,0.03082099480878474,-0.5574,0.0,-0.14762
194.7700042724609,194.7700042724609,169545900,20230403,TSLA,207.4600067138672,194.7700042724609,0,0.018584793470169596,0.05069427104864084,0.252291522335023,0.018584740580352154,0.047156117971375096,0.16712286883135805,0.10233767955036045,0.21528392748287445,0.018584820396043443,0.07218950714680035,0.018584963300061628,0.018584787886940384,-0.4767,0.836,0.3041714285714286
192.5800018310547,192.5800018310547,126463800,20230404,TSLA,194.7700042724609,192.5800018310547,0,0.11105973258741236,0.07119860826127883,0.09187010142821472,0.02824214827360249,0.05180077713087193,0.06728927981493354,0.09384858521525608,0.04624473645551864,0.040866396277277256,0.1847190999994263,0.029781705834070433,0.1830788287221369,-0.6369,0.9349,0.04795555555555556
185.5200042724609,185.5200042724609,133882500,20230405,TSLA,192.5800018310547,185.5200042724609,0,0.13352926591485328,0.0811964938286307,0.20370428370060767,0.014666032980720976,0.09799960963821802,0.014666022488618476,0.014666044530429925,0.17180877304667475,0.014666005291205675,0.22376527726056306,0.014666069864404326,0.01466612145507245,-0.9804,0.4767,-0.125925
185.05999755859372,185.05999755859372,123857900,20230406,TSLA,185.5200042724609,185.05999755859372,0,0.08338143451729794,0.08525371145550939,0.07459480965614698,0.06348380991416862,0.021817170400727764,0.021817144726105124,0.19265036859890042,0.021817226312829063,0.12806709612364242,0.2634827268198278,0.021817254667599626,0.021817246807244235,0.0,0.7902,0.2461125
184.50999450683597,184.50999450683597,142154600,20230410,TSLA,185.05999755859372,184.50999450683597,0,0.04160208277392293,0.15131476867722296,0.049498426579089524,0.0314431637224911,0.1037290522278446,0.0644638728130838,0.07810967088636712,0.1649498021429343,0.05810980076166088,0.1035900088067127,0.048109779611530505,0.10507957099713906,-0.9153,0.6416,0.013223999999999993
186.7899932861328,186.7899932861328,115770900,20230411,TSLA,184.50999450683597,186.7899932861328,1,0.060012392784390974,0.043345543004303884,0.018345099715553963,0.018344921147299974,0.3485566969886118,0.04334524733680674,0.045910105729119716,0.10167797800848057,0.18417650115122922,0.09959485073567761,0.018345466589137088,0.018345196809388026,-0.8442,0.75,0.1722125
180.5399932861328,180.5399932861328,150256300,20230412,TSLA,186.7899932861328,180.5399932861328,0,0.054716205085507195,0.0217493314689039,0.04097992247456224,0.048945681173897936,0.1372661092007189,0.08890747507736389,0.09674919610024024,0.060210578062487086,0.038833353381379734,0.088521532680984,0.08905669658163112,0.23406391871232318,-0.3818,0.7958,0.1556076923076923
185.8999938964844,185.8999938964844,112933000,20230413,TSLA,180.5399932861328,185.8999938964844,1,0.01903778194606643,0.11396557585614646,0.12737098875941372,0.08505686610839387,0.04903773852265943,0.03903771864775732,0.1564457827929194,0.10513254774390612,0.03903767887581153,0.11577657856963297,0.04903762556783129,0.10106311660946088,-0.7269,0.6808,0.04660999999999999
185.0,185.0,96438700,20230414,TSLA,185.8999938964844,185.0,0,0.07750048938677939,0.17772262395155322,0.02067465879306249,0.05597492452838967,0.03734128370956204,0.07031748729458939,0.11868582451333613,0.06652234845315956,0.09758168976371812,0.10924624555508725,0.045674653052377,0.12275777099838518,-0.6969,0.9231,0.09302
187.0399932861328,187.0399932861328,116662200,20230417,TSLA,185.0,187.0399932861328,1,0.08981461830226026,0.1091139738386541,0.03981481631400663,0.07827645199219893,0.0704036587284527,0.04622508985549824,0.09085631872868082,0.059045670180843654,0.2623249691396766,0.07628492759558518,0.05725538240060811,0.020584122923534225,-0.8074,0.802,0.0063307692307692336
184.30999755859372,184.30999755859372,92067000,20230418,TSLA,187.0399932861328,184.30999755859372,0,0.021433826762934684,0.12314460391138023,0.16429008972468737,0.07177404812279997,0.062037131780644426,0.021433728738429244,0.12381521854273092,0.18856375193223607,0.021433783580539472,0.021433946336317043,0.11158708064995314,0.06905278991734687,-0.765,0.7574,-0.027271428571428582
180.58999633789065,180.58999633789065,125732700,20230419,TSLA,184.30999755859372,180.58999633789065,0,0.05249277621960966,0.19036163173048345,0.018404083076604467,0.07395954371473426,0.08321896991808246,0.08486228448508089,0.05544103080494436,0.09247807057955179,0.18113540094669522,0.08321895188467338,0.018404151305700923,0.06602310533383857,-0.2263,0.8201,0.09463333333333335
162.99000549316406,162.99000549316406,210970800,20230420,TSLA,180.58999633789065,162.99000549316406,0,0.01685865161810291,0.11600455941538597,0.11082667837979751,0.17971445787068316,0.05336656065207242,0.056145231754018976,0.04497341945403745,0.08318810705549057,0.1907277441094984,0.0668584850444082,0.05019198861021307,0.031144116036290897,0.0,0.784,0.28196000000000004
165.0800018310547,165.0800018310547,123539000,20230421,TSLA,162.99000549316406,165.0800018310547,1,0.03146207404508957,0.09485080524462634,0.03146201679446512,0.13979508781199226,0.13843805949544913,0.1032977476435328,0.05974579703206019,0.08516820718514045,0.14206679093935587,0.04412319057035267,0.03146239243352057,0.09812783080441462,-0.3111,0.69,0.26221
162.5500030517578,162.5500030517578,140006600,20230424,TSLA,165.0800018310547,162.5500030517578,0,0.12395803708043235,0.040625863910457895,0.11979146270828384,0.019791967885231063,0.019791666666990924,0.01979174073529545,0.019791806876484075,0.4255829525969013,0.06145832725972676,0.04062537099572947,0.019791666666868175,0.08899913661759815,-0.5994,0.7712,0.0747125
160.6699981689453,160.6699981689453,121999300,20230425,TSLA,162.5500030517578,160.6699981689453,0,0.0779991237252098,0.0819424108775124,0.036841641858308384,0.1625461775007824,0.09381829391011759,0.07432222840478074,0.04373169845748493,0.12148387651669909,0.01763067405606547,0.11325131612281351,0.049502293270563665,0.12693026529966148,-0.9622,0.8625,0.09704210526315789
153.75,153.75,153364100,20230426,TSLA,160.6699981689453,153.75,0,0.049107011509576706,0.0099207635174096,0.0099206454618176,0.00992063492090795,0.506536617294719,0.06090919218081045,0.0099213047864575,0.0479797018538232,0.00992068603706715,0.2660220292773286,0.009920744860026599,0.0099206683000552,-0.765,0.2732,-0.2459
160.19000244140625,160.19000244140625,127015200,20230427,TSLA,153.75,160.19000244140625,1,0.10426199835566777,0.0606734400402189,0.05920178698799945,0.05160197318084306,0.1074572916789009,0.08211766044993553,0.04600693543632989,0.15023745475334932,0.11961751119332907,0.07825101605143371,0.08211794135540683,0.058454990516585086,-0.2023,0.9358,0.3955375
164.30999755859375,164.30999755859375,122515800,20230428,TSLA,160.19000244140625,164.30999755859375,1,0.01275795839382364,0.01275802832720653,0.01275795143113673,0.10951409570895168,0.039543634218530146,0.04863681336995065,0.07663356223263684,0.11225888889078177,0.3352152063547022,0.099899202904948,0.036306178918845786,0.10371847924848546,-0.5023,0.6705,0.07306
161.8300018310547,161.8300018310547,109015000,20230501,TSLA,164.30999755859375,161.8300018310547,0,0.03047847690185597,0.030478395061923184,0.030478395061926702,0.08603370769026465,0.03047839506197275,0.0860341473298586,0.03047855857504625,0.08603423703414148,0.31751542953573414,0.15547810424735545,0.030478397624851782,0.08603375587506856,-0.4019,0.5707,0.028133333333333333
160.30999755859375,160.30999755859375,128259700,20230502,TSLA,161.8300018310547,160.30999755859375,0,0.03033918268636156,0.2617357467327194,0.03626994430203044,0.0687199155948458,0.023769903216392503,0.07464885148352142,0.09201493747225431,0.10362199716047953,0.1139127919745108,0.12643815733492286,0.01126989547533314,0.05725867656662775,-0.7003,0.6734,-0.05263000000000001
160.61000061035156,160.61000061035156,119728000,20230503,TSLA,160.30999755859375,160.61000061035156,1,0.05303553562976043,0.040821631741561365,0.06544286312280881,0.10394583811713684,0.06657476822167777,0.08163704940022717,0.12501603254058924,0.12563659598025084,0.056666128887494435,0.06329076946143318,0.14750028452279834,0.07043250237426109,-0.431,0.4753,0.008862500000000002
161.1999969482422,161.1999969482422,95108500,20230504,TSLA,160.61000061035156,161.1999969482422,1,0.19958298814488323,0.02079149816183766,0.0207915034403912,0.04579139394899337,0.08384691925783819,0.18776584532185014,0.038638621435215445,0.02079145245896581,0.15836673092095155,0.029427249965708474,0.04579149507194638,0.14841430187141796,-0.2212,0.9053,0.2315375
170.05999755859375,170.05999755859375,107607300,20230505,TSLA,161.1999969482422,170.05999755859375,1,0.03981458969974925,0.03727036588394245,0.08369956486800212,0.08422991382539413,0.09875230154273217,0.27183632906274746,0.06730179142914462,0.04378344269989725,0.016005300491411766,0.18362884546014077,0.05767205327197144,0.016005501764866117,0.0,0.6249,0.3381
171.7899932861328,171.7899932861328,112249400,20230508,TSLA,170.05999755859375,171.7899932861328,1,0.056262281848590875,0.16476234244836685,0.12103858785735454,0.12585544802328688,0.05723676765397546,0.06309193174364666,0.04435208343110623,0.06075637684795477,0.017348671554109248,0.08307145358619505,0.056409091360973405,0.14981496364443952,-0.5106,0.9168,0.3136
169.14999389648438,169.14999389648438,88965000,20230509,TSLA,171.7899932861328,169.14999389648438,0,0.1294646463813586,0.12941832351785867,0.03869142394686529,0.020192753506958393,0.0630499455810365,0.06631737149877935,0.0524118076676198,0.17538634979480042,0.027494322847510837,0.1252848187027876,0.03496792623039814,0.1373203103240258,-0.8715,0.8172,0.13795
168.5399932861328,168.5399932861328,119840700,20230510,TSLA,169.14999389648438,168.5399932861328,0,0.017680688191332835,0.08571726041474416,0.02835218458608803,0.04084480118244699,0.126370194602584,0.17552130724641715,0.0974383739990202,0.15329234133973454,0.1363685561057349,0.03196580629769208,0.03196578283787061,0.07448270319633399,-0.7964,0.8555,0.23532857142857141
172.0800018310547,172.0800018310547,103889900,20230511,TSLA,168.5399932861328,172.0800018310547,1,0.02355162983857161,0.1503191084805838,0.07117064885119187,0.1000366258688887,0.02355163518453609,0.11859551454895252,0.02355172882646872,0.05688480223340475,0.07741139825269788,0.1378240291248306,0.1268848062302661,0.0902180725596069,0.0,0.8016,0.4125
167.97999572753906,167.97999572753906,157849600,20230512,TSLA,172.0800018310547,167.97999572753906,0,0.10223604216497079,0.12249276801145831,0.030134697642363328,0.10824033226285047,0.07604180082867552,0.15908696703000433,0.0720347454897968,0.09605492002129142,0.04081704420668175,0.050251320398665277,0.05848864675405022,0.08412071518919124,-0.128,0.7845,0.252125
166.35000610351562,166.35000610351562,105592500,20230515,TSLA,167.97999572753906,166.35000610351562,0,0.0166666666669045,0.0166680440266859,0.0166686871657059,0.0166666666668951,0.0166666666669014,0.8166620095437086,0.0166675694964481,0.0166666666668809,0.0166666666668526,0.0166670230993803,0.0166666666668125,0.0166666666668236,0.6597,0.6597,0.6597
166.52000427246094,166.52000427246094,98288800,20230516,TSLA,166.35000610351562,166.52000427246094,1,0.05846878005209685,0.10846814500937783,0.017559664330432746,0.10846878539570608,0.19028618985064025,0.1607410936178457,0.040286765827158205,0.10392317826536447,0.017559618807091202,0.07727903614884951,0.017559620529238675,0.09939912216619802,-0.7845,0.5106,0.0769909090909091
173.86000061035156,173.86000061035156,125473600,20230517,TSLA,166.52000427246094,173.86000061035156,1,0.03137423520572685,0.06449774058918989,0.19467875385972147,0.03291945245102356,0.05915179997088522,0.13552016477139875,0.09234901223205567,0.038318461740172075,0.05915170201468531,0.06609648630799944,0.10081829072598782,0.12512390013115338,-0.636,0.9246,0.235475
176.88999938964844,176.88999938964844,109520300,20230518,TSLA,173.86000061035156,176.88999938964844,1,0.05082332898220119,0.06989046537295149,0.1030679762276685,0.08633970169952876,0.09146951720662355,0.14721162735140395,0.10018623822296556,0.059599077852955484,0.09174188586255454,0.05952770033069487,0.0750240056616665,0.06511847522878506,-0.6486,0.8074,0.16357272727272726
180.13999938964844,180.13999938964844,136196700,20230519,TSLA,176.88999938964844,180.13999938964844,1,0.022774313723805676,0.09391150091724218,0.04485059589338287,0.02277428065382223,0.09118140901186199,0.20313728614091314,0.054543260153981254,0.022774279496430825,0.2627110734638427,0.08194750281777824,0.022774276105843008,0.0766202216210954,-0.7088,0.5574,-0.03703846153846154
188.8699951171875,188.8699951171875,132001400,20230522,TSLA,180.13999938964844,188.8699951171875,1,0.023333453205860822,0.19666675617488033,0.06333332104681308,0.15666663580553974,0.02333333333372048,0.1210416110311157,0.08562425071788742,0.0233336341815989,0.23666631795694318,0.0233336929957991,0.02333364717518254,0.02333334637465834,-0.1779,0.7003,0.20958000000000002
185.7700042724609,185.7700042724609,156952100,20230523,TSLA,188.8699951171875,185.7700042724609,0,0.047474987695217345,0.17971699146374326,0.09048223859975307,0.09122508160157555,0.1421715017977888,0.1777615169219848,0.027588708194826724,0.04747496525148701,0.016224753024673026,0.12242903415670649,0.016225480673595326,0.0412247406186481,-0.2732,0.784,0.4167625
182.8999938964844,182.8999938964844,137605100,20230524,TSLA,185.7700042724609,182.8999938964844,0,0.10338310786718563,0.09505002840469919,0.020049915995080565,0.020049929111073034,0.020049927613126167,0.0200503678936141,0.020049901433887282,0.28116073153967086,0.15001664583628063,0.13115938884803188,0.043930243057400516,0.09504981239994964,0.0,0.4767,0.2768833333333333
184.47000122070312,184.47000122070312,96870700,20230525,TSLA,182.8999938964844,184.47000122070312,1,0.03369368675299851,0.10468074808196941,0.0494830746822687,0.07073056105112657,0.15097742565400163,0.12319960810999259,0.03369346471635778,0.07073068777207443,0.021347743257082823,0.21549991241090496,0.04905970434038365,0.07690338317083842,-0.7345,0.6369,0.10835555555555557
193.1699981689453,193.1699981689453,162061500,20230526,TSLA,184.47000122070312,193.1699981689453,1,0.06746505823266744,0.06970901446094814,0.5925870266698441,0.014153466236137733,0.014153535415296868,0.014153477409210498,0.014153513058686132,0.0617725119698239,0.014153447962639232,0.014153596523295668,0.10939158735632476,0.014153764705125,0.0,0.6597,0.3499999999999999
207.5200042724609,207.5200042724609,148029900,20230601,TSLA,203.92999267578125,207.5200042724609,1,0.03722126581379644,0.07055453553647346,0.03351766940524809,0.11198695921236516,0.07509947331353692,0.17968199179068073,0.09455388065052169,0.014999363535093312,0.2262761386790344,0.12610968252835858,0.014999627044223088,0.014999412490667611,-0.5631,0.7639,0.11563333333333332
213.97000122070312,213.97000122070312,164398400,20230602,TSLA,207.5200042724609,213.97000122070312,1,0.09465327460705632,0.13452116073186104,0.04020551742575005,0.11121481589650414,0.05877713985261354,0.045300757494929844,0.047194335784994046,0.0880494447790615,0.05967503514832129,0.19226068481908132,0.07813833798921499,0.05000949547061142,-0.8585,0.7184,0.11624705882352941
217.6100006103516,217.6100006103516,151143100,20230605,TSLA,213.97000122070312,217.6100006103516,1,0.04970249141041186,0.1065368122228146,0.1934577312276243,0.041834486523663623,0.09136899617767061,0.03303583478033212,0.01636936563605506,0.1123358346574733,0.2030354763235312,0.10499001008135286,0.03096377597090984,0.01636918498816008,0.0,0.8555,0.44942000000000004
221.30999755859372,221.30999755859372,146911600,20230606,TSLA,217.6100006103516,221.30999755859372,1,0.02380957588843422,0.023809556049449,0.023809691531904476,0.26055250769724003,0.0238095238100291,0.14880962083239138,0.023809523809937574,0.10300748083867557,0.06242303001626485,0.023809523809948673,0.09187402698501998,0.19047593873070448,0.0,0.6588,0.29235
224.57000732421875,224.57000732421875,185710800,20230607,TSLA,221.30999755859372,224.57000732421875,1,0.0234317857171744,0.12723756567931932,0.037578886499462005,0.09527123194031949,0.15864271857882725,0.10870206898863276,0.11455302161038115,0.10157044274761613,0.029816889730669753,0.1536786586344417,0.031168596461843077,0.01834813341131242,-0.3412,0.6249,0.12824615384615384
234.8600006103516,234.8600006103516,164489700,20230608,TSLA,224.57000732421875,234.8600006103516,1,0.14476818663373664,0.10970157385004245,0.04811364405698795,0.01810209850529536,0.12863730693856684,0.043101985942962474,0.07220563206165334,0.10143499418733257,0.0606647493237093,0.06576157650865769,0.109444454222318,0.09806379776873683,0.0,0.8439,0.50704
244.3999938964844,244.3999938964844,200242400,20230609,TSLA,234.8600006103516,244.3999938964844,1,0.016633826639777968,0.0710073681805223,0.15552137756961712,0.0669647493144773,0.12774467935338218,0.04441167189128653,0.07218914090219725,0.14701472849191696,0.07859111286998989,0.07405333106129766,0.045900991840479854,0.09996702188505452,-0.6597,0.7366,0.16123333333333334
249.8300018310547,249.8300018310547,150337900,20230612,TSLA,244.3999938964844,249.8300018310547,1,0.01388905105554725,0.013889035372936249,0.27904985173220487,0.013889026362764099,0.01388908767781575,0.01388890287969325,0.013889101381700249,0.102022250407044,0.013888961576269301,0.1807494419348544,0.3270659668616128,0.0138893227575573,0.128,0.8402,0.4841
258.7099914550781,258.7099914550781,162384300,20230613,TSLA,249.8300018310547,258.7099914550781,1,0.02083339335383535,0.25354035431104854,0.0208333762747654,0.020833351532307448,0.02083333333350795,0.0208333660665425,0.2047926398152218,0.02083338265458745,0.0208333333334717,0.3541667961261768,0.02083333333344185,0.02083333986509275,-0.4168,0.4215,0.002349999999999991
256.7900085449219,256.7900085449219,170575500,20230614,TSLA,258.7099914550781,256.7900085449219,0,0.05231480362219664,0.06898157369631448,0.08703706934254775,0.14298037162067403,0.04537050900523654,0.08199907348483611,0.05231487316401165,0.16303777100531527,0.024537213652629966,0.116839356654613,0.08009216337675208,0.0844952213748719,-0.6369,0.8176,0.1527666666666667
255.8999938964844,255.8999938964844,160171200,20230615,TSLA,256.7900085449219,255.8999938964844,0,0.030903010277568668,0.06471601444556858,0.0309029110575483,0.10637957007087621,0.030902816591584767,0.03090277777815925,0.2247790809469187,0.16423566750401694,0.051736101399514234,0.0782128234174876,0.030903176749589284,0.15542604976116692,-0.128,0.2584,0.0004000000000000022
260.5400085449219,260.5400085449219,167915600,20230616,TSLA,255.8999938964844,260.5400085449219,1,0.01428583923065315,0.30823044038391006,0.12034034673017596,0.0142858317198919,0.1571426242300458,0.01428582125138345,0.014285767193630899,0.01428589703462235,0.01428571428594925,0.2285715853988241,0.014285827534541249,0.0857143050063714,-0.6597,-0.5267,-0.5932
274.45001220703125,274.45001220703125,165611200,20230620,TSLA,260.5400085449219,274.45001220703125,1,0.08777611853129347,0.019444469196381566,0.019444488421704365,0.05277792065061113,0.1922366880148267,0.01944451069730217,0.2511049394907248,0.11332645414802235,0.019444444444629897,0.18611099060128442,0.019444502711796766,0.019444473091421867,0.0,0.8122,0.5157666666666666
259.4599914550781,259.4599914550781,211797100,20230621,TSLA,274.45001220703125,259.4599914550781,0,0.035522512773800696,0.12121541268432233,0.04822105578288654,0.01647496773035202,0.08158675858323956,0.04980819450481456,0.17784573577185991,0.1359038639194051,0.02980821545081366,0.12038066563468136,0.09920521146378165,0.08402740570004212,-0.7964,0.6239,-0.0035600000000000076
264.6099853515625,264.6099853515625,166875900,20230622,TSLA,259.4599914550781,264.6099853515625,1,0.02735616005723971,0.12735602711962682,0.1002728494555656,0.0532825556258486,0.027356181091331602,0.02735618611998541,0.32910813404646183,0.027356244907387712,0.06902277745214389,0.1312742505956361,0.0273563211743659,0.05290231235440629,-0.646,0.7701,0.27247499999999997
256.6000061035156,256.6000061035156,177460800,20230623,TSLA,264.6099853515625,256.6000061035156,0,0.0187502879037481,0.19021529174950935,0.0187502702146298,0.09728380519053105,0.11874981066008634,0.21875018559211667,0.11875009774172181,0.1437497376762683,0.0187500000007904,0.01875021437788815,0.0187501645825463,0.0187501343101632,0.0,0.7964,0.3982
241.0500030517578,241.0500030517578,179990600,20230626,TSLA,256.6000061035156,241.0500030517578,0,0.052083364090681705,0.14482506013806162,0.19545195963593817,0.02430558963290477,0.07986117101958444,0.24652696188885803,0.024306216638336233,0.02430587914930653,0.07986116719252521,0.07986130988107497,0.024305708120742883,0.024305612611984984,-0.7351,0.9472,-0.03178333333333332
250.2100067138672,250.2100067138672,164968200,20230627,TSLA,241.0500030517578,250.2100067138672,1,0.018863544210428556,0.14866667955415122,0.038907169335310056,0.11776721883376294,0.17337589897120506,0.03672054224721909,0.03963641980466611,0.1490408055139739,0.20056997602045018,0.03872469240625852,0.018863596066591732,0.01886345703598217,-0.34,0.8474,0.35227142857142857
257.5,257.5,131283400,20230629,TSLA,256.239990234375,257.5,1,0.0277777777786679,0.027777777778478,0.0277778737483152,0.0277777777786328,0.3611111180173577,0.0277788652201273,0.3611068963211824,0.0277777777785795,0.0277777777784736,0.0277794864483931,0.0277783674169685,0.0277785039348233,-0.4649,-0.4649,-0.4649
261.7699890136719,261.7699890136719,112620800,20230630,TSLA,257.5,261.7699890136719,1,0.08793888872570642,0.22291955267637117,0.04638318852591003,0.019510660313846333,0.040906330534837214,0.048202801143351764,0.0766534583886785,0.14377640281282433,0.03376625748795292,0.2313968938925683,0.019511089029860307,0.02903447646809211,-0.7712,0.5859,0.01754
279.82000732421875,279.82000732421875,119685900,20230703,TSLA,261.7699890136719,279.82000732421875,1,0.10381952130256442,0.20381921333750347,0.19548580576406333,0.020486355447354325,0.0204862223388245,0.17048615659426966,0.0829861241426913,0.020486147642010323,0.020486132981994927,0.07048611962856947,0.020486119344048398,0.07048608147610534,-0.2698,0.5974,0.18985000000000002
282.4800109863281,282.4800109863281,131530900,20230705,TSLA,279.82000732421875,282.4800109863281,1,0.026785820670117748,0.026785937136587352,0.0267860497298511,0.02678588732012165,0.23261910144362635,0.02678571428594325,0.0267857255307689,0.15478011371260203,0.02678571428590525,0.12152810875739804,0.02678613086591765,0.2767856962611603,0.0,0.5994,0.2997
276.5400085449219,276.5400085449219,120332100,20230706,TSLA,282.4800109863281,276.5400085449219,0,0.018055587528429833,0.2847207214488166,0.018055555556124103,0.10138979053839918,0.10138881282842782,0.01805555555622097,0.0180555555561292,0.14480684693038712,0.018055555556110565,0.15797131320090682,0.10138882580712716,0.018055879492920167,-0.296,0.1531,-0.14629999999999999
274.42999267578125,274.42999267578125,113879200,20230707,TSLA,276.5400085449219,274.42999267578125,0,0.13347906182600416,0.10461312242320958,0.0332058975643315,0.09678538439383283,0.017113311548187626,0.1113621560622829,0.09218175270817655,0.19343228532211712,0.06659791543406735,0.04836308590901101,0.03368022109840348,0.06918580571037532,0.0,0.5859,0.1413875
269.6099853515625,269.6099853515625,119425400,20230710,TSLA,274.42999267578125,269.6099853515625,0,0.056633322602971596,0.15119219884212287,0.05009689241042105,0.11608104771672852,0.040293396055658376,0.054999384944848635,0.15157381428000868,0.06833249299940941,0.09729679706079221,0.0500973723481463,0.1427176033436491,0.020685677395242658,-0.8102,0.7089,0.0892235294117647
269.7900085449219,269.7900085449219,91972400,20230711,TSLA,269.6099853515625,269.7900085449219,1,0.12928323066259487,0.07864185766253395,0.0987840942999848,0.11638911950483848,0.0701774188899528,0.1378304206879444,0.09182781504031527,0.07860340326261352,0.033055519023061766,0.0663890055358249,0.030888926692599163,0.06812918873773559,-0.2382,0.4588,0.1025
271.989990234375,271.989990234375,95672100,20230712,TSLA,269.7900085449219,271.989990234375,1,0.011574102081097801,0.01157407797172855,0.0115740740742838,0.01157408164812435,0.01157408971296425,0.011574086116118,0.17824068064472315,0.26157417621539397,0.01157407407427885,0.12268516608931139,0.34490731729772844,0.0115740740742469,-0.2244,0.7579,0.26675000000000004
277.8999938964844,277.8999938964844,112681500,20230713,TSLA,271.989990234375,277.8999938964844,1,0.060763901120820696,0.13128413301131686,0.019097265022851025,0.019097356471755752,0.07357615641024867,0.09304068646378524,0.019097252996454102,0.185763900269777,0.12326394460042772,0.019097528220529677,0.01909736944023725,0.2368205059717954,0.0,0.5499,0.24707500000000002
281.3800048828125,281.3800048828125,120062400,20230714,TSLA,277.8999938964844,281.3800048828125,1,0.04871625641492086,0.14018539746656858,0.07835026472377721,0.02697709629846016,0.11306301101253012,0.057413678434513005,0.14473013308382957,0.09410657419978635,0.04690461997957276,0.1811060239362385,0.04146995133893505,0.0269769931108673,-0.6808,0.936,0.11493913043478261
290.3800048828125,290.3800048828125,131569600,20230717,TSLA,281.3800048828125,290.3800048828125,1,0.055236111632893534,0.10705130381660248,0.1520153541562325,0.11083498096778852,0.11000375660877355,0.017140795685592333,0.03936306973211507,0.06600746693650776,0.03936279737287687,0.15047360468383794,0.04856704976327697,0.10394370864350194,-0.631,0.93,0.28946666666666665
293.3399963378906,293.3399963378906,112120300,20230718,TSLA,290.3800048828125,293.3399963378906,1,0.02032009183315948,0.1585528039633104,0.10218438283293801,0.02031993559219921,0.11364174715875183,0.09700832544438197,0.048417281938095975,0.09209339159538993,0.1127370788255961,0.1003461157748058,0.0336534520248063,0.10072539301656451,-0.5267,0.6597,0.17464000000000002
291.260009765625,291.260009765625,142355400,20230719,TSLA,293.3399963378906,291.260009765625,0,0.09781743263545103,0.05734153108391444,0.19781706899863535,0.02162724674693417,0.021626984127334287,0.021627104881605085,0.17876965994381191,0.08726882211664543,0.021627081911606387,0.22265139300835693,0.021627292759197485,0.050198381786506915,-0.8176,0.7351,0.04858571428571428
262.8999938964844,262.8999938964844,175158300,20230720,TSLA,291.260009765625,262.8999938964844,0,0.5747048803560784,0.0277779944673032,0.02777781996696145,0.0277777777779669,0.0277777777779721,0.02777777777796235,0.1475168095357528,0.027777842335154602,0.027777896406799847,0.02777777777794115,0.0277778580025802,0.0277777878175264,-0.7506,0.296,-0.22730000000000003
260.0199890136719,260.0199890136719,161796100,20230721,TSLA,262.8999938964844,260.0199890136719,0,0.139583368793196,0.2645818830829757,0.014583333333653949,0.01458340010790345,0.3145833818664347,0.014583333333708549,0.01458370395543535,0.0145844002646718,0.06458326031361765,0.1145829911163978,0.014583555242863349,0.0145833885891412,0.0,0.3612,0.1806
269.0599975585937,269.0599975585937,136508500,20230724,TSLA,260.0199890136719,269.0599975585937,1,0.021759259259499633,0.08154686208671363,0.16713361763758794,0.021759438011723434,0.021759400410933664,0.08218070480474358,0.02175952180264337,0.021759259259475732,0.021759259259447234,0.4106461313447049,0.10617728686310833,0.021759259259417896,-0.4767,0.34,-0.045566666666666665
265.2799987792969,265.2799987792969,112757300,20230725,TSLA,269.0599975585937,265.2799987792969,0,0.06646826659900719,0.050361108300677714,0.09027801005231544,0.018849319203814784,0.018849491104938283,0.06956779155569696,0.030753989815305933,0.06646830077308408,0.09141541739641064,0.16590876486703654,0.26461135587343587,0.06646818445827603,-0.6442,0.7684,0.020614285714285713
264.3500061035156,264.3500061035156,95856200,20230726,TSLA,265.2799987792969,264.3500061035156,0,0.06610878076504648,0.16078054959289018,0.11304214211052055,0.06483472175973479,0.010688212251032425,0.13186131226873718,0.11624359301988987,0.01068882680052545,0.03303108580855163,0.23097512757553496,0.010688408660404325,0.05105723938713165,0.0,0.7783,0.3124
255.7100067138672,255.7100067138672,103697300,20230727,TSLA,264.3500061035156,255.7100067138672,0,0.0687049668437036,0.04612847155758417,0.07628065388432145,0.06870461093065644,0.09143237633968929,0.023250440944088017,0.14960621947603317,0.18538840786454636,0.06855410294236898,0.17544864691245599,0.02325064923019038,0.023250453074361636,-0.5994,0.875,0.3274727272727273
266.44000244140625,266.44000244140625,111446000,20230728,TSLA,255.7100067138672,266.44000244140625,1,0.04362132136320893,0.08032560057614882,0.05190913215350808,0.02410714809664967,0.04077396653881114,0.059555397218881534,0.0799506728393029,0.1132665006324642,0.17083865346091498,0.16254427441573113,0.07410725898290516,0.09900007372147293,-0.3612,0.6201,0.04476999999999999
267.42999267578125,267.42999267578125,84582200,20230731,TSLA,266.44000244140625,267.42999267578125,1,0.06075304028642998,0.03251925470075714,0.03595786781474433,0.06133840483294883,0.24257100907199447,0.15241969720767856,0.01908676772931937,0.07464251788628279,0.0342381878977579,0.08853155476473089,0.019086985146950366,0.17885471266040487,-0.936,0.4926,-0.14063333333333336
261.07000732421875,261.07000732421875,83166000,20230801,TSLA,267.42999267578125,261.07000732421875,0,0.05077161705049933,0.11977614597679981,0.022993865944285756,0.0229938664518824,0.055240445816751436,0.05096237952820995,0.19766848991713903,0.04573223694220621,0.02299384269015676,0.15635921467296007,0.09521606377291619,0.1592918312361925,-0.8655,0.7569,-0.019277777777777776
254.1100006103516,254.1100006103516,101752900,20230802,TSLA,261.07000732421875,254.1100006103516,0,0.09555942544845193,0.08108033448501681,0.09975318850089285,0.10163627631316925,0.06355290083824507,0.10680369407607404,0.03396487351331011,0.19652917302360798,0.020559644132405557,0.0885713560130696,0.08127355397950052,0.03071557967625573,-0.3382,0.8314,0.41519000000000006
259.32000732421875,259.32000732421875,97569100,20230803,TSLA,254.1100006103516,259.32000732421875,1,0.019264097908799946,0.06764958026268944,0.10441933099542294,0.019264107357108765,0.04956713306622304,0.019264110405290556,0.11465120341198656,0.2984327751344625,0.01926418357262389,0.18765537733149867,0.03225115506379216,0.06831694549010103,-0.7096,0.9285,0.11229090909090908
253.8600006103516,253.8600006103516,99539900,20230804,TSLA,259.32000732421875,253.8600006103516,0,0.10099163892172183,0.12932560779871816,0.020992187317213022,0.1254870361496889,0.02099213228790703,0.22365955480189653,0.10168709009423924,0.1009922349812608,0.0209921117300059,0.03789634437362755,0.0959915608790461,0.02099250066467431,-0.9287,0.7269,0.10979000000000001
251.4499969482422,251.4499969482422,111097900,20230807,TSLA,253.8600006103516,251.4499969482422,0,0.05655990915527034,0.06044501706530429,0.054144155615166556,0.09212442199547285,0.10841244970413208,0.15789353440226475,0.10908453583884804,0.1250064793590618,0.029466310167817485,0.10655126790490185,0.08408445305585573,0.016227465735903716,-0.5137,0.8953,0.22335714285714284
249.6999969482422,249.6999969482422,96642200,20230808,TSLA,251.4499969482422,249.6999969482422,0,0.03376625560036631,0.2185817877622359,0.02077922327566559,0.020779232323070527,0.0813854630891239,0.14477843733461132,0.12792192698735153,0.05429983292639631,0.03896108559569945,0.02077933751831481,0.02077938227340451,0.2171880353137592,-0.9081,0.9137,0.07009090909090908
242.19000244140625,242.19000244140625,101596300,20230809,TSLA,249.6999969482422,242.19000244140625,0,0.10562707635594756,0.027417103834061884,0.06499215503318849,0.08369429024135241,0.05014428279157297,0.06270663898079144,0.027417146975392038,0.19235914567521137,0.1713563200112771,0.05014445450749729,0.02741706838037057,0.1367243172133363,-0.6908,0.5709,-0.11334545454545455
245.33999633789065,245.33999633789065,109498600,20230810,TSLA,242.19000244140625,245.33999633789065,1,0.07037030584209426,0.21137442362550576,0.15500424850877292,0.014814976176098832,0.1259256693058853,0.07037053747666608,0.09684747002102485,0.08492133855730973,0.014815063483381333,0.12592594707803492,0.014814899960757966,0.014815119964467466,-0.4003,0.807,0.3517666666666666
242.6499938964844,242.6499938964844,99038600,20230811,TSLA,245.33999633789065,242.6499938964844,0,0.11899809259067537,0.17471489829077652,0.08116904585392623,0.06884192737260092,0.08273181418420188,0.07956273790071765,0.06133800214802062,0.09823065109523109,0.050549325006847806,0.0748618798851059,0.05224065999002737,0.05676096568186818,-0.8122,0.836,0.14434347826086957
239.75999450683597,239.75999450683597,98595300,20230814,TSLA,242.6499938964844,239.75999450683597,0,0.12553739251772283,0.06681503215561185,0.06184457367003573,0.035565041617300064,0.10693780347656932,0.14667569670176123,0.11908258329417407,0.09806486085773268,0.13278215400148843,0.035564875254817774,0.035565144766465724,0.03556484168631981,-0.5848,0.4738,-0.09773749999999998
232.9600067138672,232.9600067138672,88197600,20230815,TSLA,239.75999450683597,232.9600067138672,0,0.17347224370855602,0.02347225497763414,0.1234724515104733,0.20347193737076208,0.0484725213618729,0.07347189941526226,0.0234722872469749,0.196804568537774,0.023472244816204198,0.06347308710744234,0.02347222222243088,0.02347228172461234,-0.7003,0.7964,-0.09834000000000002
225.6000061035156,225.6000061035156,112484500,20230816,TSLA,232.9600067138672,225.6000061035156,0,0.017939963351798465,0.04864256750714213,0.03182873479887464,0.017939972343643716,0.1663986447396468,0.15121579262455734,0.01793996905669095,0.0665505366255107,0.08755736596600422,0.20839826509701545,0.16764815237296427,0.017940035516150858,-0.4005,0.7906,0.22687500000000002
219.22000122070312,219.22000122070312,120718400,20230817,TSLA,225.6000061035156,219.22000122070312,0,0.08204691073402169,0.08728471304872104,0.09376817562959204,0.12444784618978874,0.08094735495212678,0.02325505448887673,0.08137454267630212,0.14482722834789757,0.023255185253380908,0.13306352030476631,0.04889613333814194,0.07683333503638366,-0.8271,0.6369,-0.10413846153846153
215.4900054931641,215.4900054931641,136276600,20230818,TSLA,219.22000122070312,215.4900054931641,0,0.06731799747616853,0.07490796869600998,0.03919360110517304,0.04514605708356763,0.11776501819072313,0.1055200616853208,0.07654537187093016,0.0834111419598674,0.14058371069550687,0.1922547326533928,0.03601786246022901,0.021336476123110133,-0.7814,0.5859,-0.03974285714285714
231.27999877929688,231.27999877929688,135702700,20230821,TSLA,215.4900054931641,231.27999877929688,1,0.028703699674042737,0.08899663747535104,0.0435649706333726,0.08425913101246649,0.017592851825767992,0.05372253943199079,0.10648151870071192,0.12884691368774664,0.042592643273575134,0.31672034120284953,0.05092605930299796,0.03759269377912663,-0.2023,0.6989,0.14762999999999998
233.19000244140625,233.19000244140625,130442800,20230822,TSLA,231.27999877929688,233.19000244140625,1,0.048681369880394385,0.1446766482676959,0.06834918213257749,0.05458486472050415,0.0209035503921337,0.020903498848258997,0.020903654276186664,0.06832428140657604,0.05794047721824331,0.22766847595575687,0.18050395240573616,0.08656004449593581,-0.4588,0.6588,0.09101111111111111
236.8600006103516,236.8600006103516,101077600,20230823,TSLA,233.19000244140625,236.8600006103516,1,0.08339197762775667,0.05882454022543579,0.10175244711658953,0.046986525897964176,0.09527117763115789,0.04759778509647394,0.1618720547695368,0.09357604808455627,0.03425179848834515,0.12853915550218828,0.1122510312070431,0.03568545835295192,-0.3612,0.8519,0.3028888888888889
230.0399932861328,230.0399932861328,99777400,20230824,TSLA,236.8600006103516,230.0399932861328,0,0.16550961275159495,0.0196760193501404,0.019676111904958576,0.0196759262496648,0.0821759434623973,0.01967592592614975,0.3530075296958993,0.019676165801363124,0.0196761622125858,0.1694312617151144,0.09214340008892782,0.019675940841203273,0.0,0.184,0.084025
238.58999633789065,238.58999633789065,106612200,20230825,TSLA,230.0399932861328,238.58999633789065,1,0.03887148835844455,0.11847907455971016,0.034156210372096,0.0405060161975957,0.04887916515407108,0.08372998632614079,0.14922875502636,0.10580559449866409,0.0905060415013022,0.06990135696317121,0.03570775998530082,0.18422855105714292,-0.7263,0.8617,0.03569
238.82000732421875,238.82000732421875,107673700,20230828,TSLA,238.58999633789065,238.82000732421875,1,0.012037055333381225,0.012037151025031325,0.08394873250898706,0.0120371215904235,0.21203664901196276,0.14012528684021883,0.3870367767153966,0.03820100831849435,0.037037015086668824,0.04142905874315038,0.012037107789052676,0.012037037037231826,-0.68,0.7605,0.16584999999999997
257.17999267578125,257.17999267578125,134047600,20230829,TSLA,238.82000732421875,257.17999267578125,1,0.08752761954029863,0.04169429990414441,0.07675990723280988,0.0605438615453556,0.09586089288465637,0.16345298310119002,0.06020002751063824,0.08748572416392987,0.04863860642389318,0.07363854404806373,0.14167001424863257,0.06252751939638697,-0.25,0.7845,0.12298333333333333
256.8999938964844,256.8999938964844,121988400,20230830,TSLA,257.17999267578125,256.8999938964844,0,0.07129623138438407,0.07129630496420754,0.34089341161146386,0.01574079193479187,0.01574074074112077,0.015740740741101766,0.22392134199576805,0.07129630100090786,0.015740767065237932,0.0712962312085177,0.015740830378455833,0.07129630697404224,-0.3818,0.6249,0.23993333333333333
258.0799865722656,258.0799865722656,108861700,20230831,TSLA,256.8999938964844,258.0799865722656,1,0.04444218380802523,0.06888554088935998,0.06848449476946007,0.06781418554003447,0.13976278587445579,0.0452974849154106,0.09060337724424847,0.20237947979870735,0.03286159457557985,0.06677333981139352,0.03892775019207091,0.13376778258125327,-0.8627,0.8462,0.16291923076923076
245.00999450683597,245.00999450683597,132541600,20230901,TSLA,258.0799865722656,245.00999450683597,0,0.07324009181219024,0.1581462815727272,0.1092188107650558,0.06461819109550689,0.14777904329382138,0.08409475152781526,0.0419882162706414,0.10366296606552701,0.06533837659052893,0.07421596751946082,0.020330048705030423,0.057367254781694216,0.0,0.9324,0.6117
256.489990234375,256.489990234375,129469600,20230905,TSLA,245.00999450683597,256.489990234375,1,0.08111695859045363,0.07043646112920812,0.02043656996079986,0.020436529128872418,0.14896187335300085,0.1204364417304701,0.0204365079369485,0.3037690019926597,0.04900790196464681,0.02043684687596514,0.02043694077104518,0.12408796656592917,-0.3818,0.7684,0.23118
251.9199981689453,251.9199981689453,116959800,20230906,TSLA,256.489990234375,251.9199981689453,0,0.1348741189296447,0.07666839982939172,0.073726622616866,0.04456578714965486,0.11570246120603694,0.06525828254389475,0.0668112439746582,0.1878942853812483,0.043534695978366934,0.036830202822109734,0.08020297102136965,0.07393092854675766,-0.7052,0.8203,0.20296250000000002
251.4900054931641,251.4900054931641,115312900,20230907,TSLA,251.9199981689453,251.4900054931641,0,0.08195450933603131,0.08563899755997058,0.03945982601962578,0.07339717551031097,0.1427919544314422,0.07599416588377199,0.08656123649733076,0.06119918648972358,0.055160351889798016,0.1116659675614265,0.10268383257650918,0.0834927962440586,-0.8225,0.8925,-0.013643478260869568
248.5,248.5,118367700,20230908,TSLA,251.4900054931641,248.5,0,0.024854631404444185,0.09861569467560004,0.10046086369544786,0.2449342717096251,0.04152124733240833,0.024854647828750347,0.07439857871418284,0.0648405736143887,0.08993079509737385,0.04753293884291465,0.030364339798870855,0.15769141728599276,-0.8172,0.765,-0.15705333333333332
273.5799865722656,273.5799865722656,174667900,20230911,TSLA,248.5,273.5799865722656,1,0.05629240670558404,0.15929749732324963,0.14966879797105223,0.08626933955151372,0.04854438358883311,0.12955769144621482,0.017294469469007687,0.11190053204013398,0.0172943590928062,0.10062767689239463,0.017294447767804887,0.10595839815140456,-0.8176,0.872,-0.07161249999999998
267.4800109863281,267.4800109863281,135999900,20230912,TSLA,273.5799865722656,267.4800109863281,0,0.2708331758422683,0.0208334299840004,0.0208333333339666,0.0208333333340926,0.2309385744431447,0.0208333333340744,0.0208333333339721,0.0208333333340454,0.0208333333339513,0.3107281530579937,0.0208333333338181,0.0208333333346719,0.4767,0.4767,0.4767
271.29998779296875,271.29998779296875,111673700,20230913,TSLA,267.4800109863281,271.29998779296875,1,0.14660613810193387,0.04309524884574224,0.0734461964290255,0.08583339872377245,0.03537464817644554,0.01916688297797882,0.18378337717105114,0.0191666853169044,0.18602719213198343,0.11916660546882703,0.06916695998938222,0.019166666666952818,0.0,0.807,0.45308000000000004
276.0400085449219,276.0400085449219,107709800,20230914,TSLA,271.29998779296875,276.0400085449219,1,0.050757728914649934,0.1340906357869721,0.04559169882295209,0.08605431410109575,0.1284394725695675,0.04900525374863506,0.028030343782509758,0.11136376821508943,0.028030320486593648,0.16659105232135227,0.028030448880902947,0.144014962369679,0.0,0.9642,0.34343636363636365
274.3900146484375,274.3900146484375,133692300,20230915,TSLA,276.0400085449219,274.3900146484375,0,0.0416666666672417,0.0416666666671189,0.0416666666671272,0.0416666666672189,0.0416666666672342,0.0416666666672057,0.0416668747901985,0.5416664585383294,0.0416666666671162,0.0416666666671438,0.0416666666670192,0.041666666667046,0.1531,0.1531,0.1531
265.2799987792969,265.2799987792969,101543300,20230918,TSLA,274.3900146484375,265.2799987792969,0,0.1391667945325185,0.0591665132498436,0.01916670879207726,0.06916736403471005,0.06916672127096787,0.21916557459308056,0.053382808245411716,0.01916708528322586,0.01916673779650816,0.11916671262537319,0.088417953877752,0.12569902569853056,-0.2732,0.5106,0.14282
262.5899963378906,262.5899963378906,122514600,20230920,TSLA,266.5,262.5899963378906,0,0.06158688536450583,0.1017653873576138,0.10321088175083032,0.01992024147731859,0.18658636915942703,0.028994934374354076,0.10193553219460741,0.17384461429367992,0.019920250188205164,0.09851585906347207,0.03175031538569732,0.07196872939028795,-0.6249,0.7878,0.1406
255.6999969482422,255.6999969482422,119951500,20230921,TSLA,262.5899963378906,255.6999969482422,0,0.044748970231413276,0.10208444306036328,0.045187468654452334,0.044421786228059826,0.10231424780094395,0.06117622928235949,0.05395961042659485,0.11492748783240048,0.03202974002916961,0.13293631566418912,0.08157305904674164,0.18464064174331166,-0.6915,0.7906,0.03609473684210527
244.8800048828125,244.8800048828125,127524100,20230922,TSLA,255.6999969482422,244.8800048828125,0,0.1231604662195134,0.04075128205512978,0.09213741678921779,0.028862166138575458,0.13441753844169285,0.11497599050758016,0.11248044972269272,0.08591950070738857,0.04275095204059799,0.07451086870924398,0.04925221374781205,0.10078115492055476,-0.7722,0.8201,0.11093333333333333
246.9900054931641,246.9900054931641,104636600,20230925,TSLA,244.8800048828125,246.9900054931641,1,0.024107155268799,0.024107542765280442,0.12233146355584602,0.052678581098330436,0.07172657318950923,0.1288688099107273,0.024107354329844437,0.08958336375754546,0.052678674596031,0.2433887234776815,0.11374314259994765,0.05267861545045706,0.0,0.6369,0.32535714285714284
244.1199951171875,244.1199951171875,101993600,20230926,TSLA,246.9900054931641,244.1199951171875,0,0.0702643948613359,0.12720427976743703,0.09752775328325192,0.07940650677109548,0.0702646360346296,0.09470904583098047,0.08853733737045019,0.08206940839152899,0.07693123139603968,0.10861732093493448,0.01693136054778143,0.08753672481053433,-0.8043,0.8302,-0.08234000000000001
240.5,240.5,136597200,20230927,TSLA,244.1199951171875,240.5,0,0.0639551291647519,0.18629909879713727,0.03220900290179064,0.01633605568806883,0.23747554196423049,0.048082051704604147,0.040145520095424714,0.04671232442530992,0.09385825066959118,0.016336056163766443,0.016336086554300872,0.20225488187102306,-0.3182,0.4207,0.09701428571428572
246.3800048828125,246.3800048828125,117058900,20230928,TSLA,240.5,246.3800048828125,1,0.0441882371522836,0.05781620596490894,0.0962184599908168,0.062718075143111,0.05487495176737474,0.06435102764477717,0.17111814157588837,0.10888109961561085,0.08454182384960188,0.08134545672338211,0.028404405641502845,0.14554211493074118,-0.7717,0.7906,-0.05297058823529414
250.22000122070312,250.22000122070312,128522700,20230929,TSLA,246.3800048828125,250.22000122070312,1,0.09837508527646784,0.03164817848857894,0.04365584577849665,0.041907202829384906,0.11006380093551364,0.0859126260264071,0.05674132773579795,0.12890321880213704,0.01988562262570059,0.1111599092925815,0.04052030517659255,0.23122687703234068,-0.8172,0.8858,0.18076666666666666
251.6000061035156,251.6000061035156,123810400,20231002,TSLA,250.22000122070312,251.6000061035156,1,0.041366047546794536,0.07492617773865197,0.055233128975583135,0.1043066880385564,0.08786394522979922,0.083100993532041,0.10330266329172229,0.10039641729082258,0.07245682485790259,0.08786362165523438,0.04976869410327172,0.13941479773961968,-0.4404,0.8555,0.1531357142857143
246.52999877929688,246.52999877929688,101985300,20231003,TSLA,251.6000061035156,246.52999877929688,0,0.13902871169040157,0.06388233078245611,0.08627045579894194,0.046000163583649584,0.10251295971087106,0.05292029449429436,0.150754343634982,0.09908007717660315,0.030581486524149687,0.12667031395279782,0.07611692633639214,0.02618193631446005,-0.9246,0.8779,0.13050434782608694
261.1600036621094,261.1600036621094,129721600,20231004,TSLA,246.52999877929688,261.1600036621094,1,0.019576795690692542,0.13012586945751167,0.06825450082166293,0.08886994254954388,0.03542129166963761,0.14247705921044732,0.0899352183136756,0.1947419419191794,0.01957675417123003,0.03148153332634419,0.07485686702593339,0.104682225844141,0.0,0.8221,0.5312
260.04998779296875,260.04998779296875,119159200,20231005,TSLA,261.1600036621094,260.04998779296875,0,0.02141211203023165,0.07696775928822759,0.07696765619840025,0.0630789534850045,0.11863420343252219,0.16030047515122214,0.021412223383507,0.07696760216787228,0.07696746037117368,0.07499422168425877,0.021412174374477216,0.21088515843310227,-0.5983,0.5719,-0.042800000000000026
260.5299987792969,260.5299987792969,118121800,20231006,TSLA,260.04998779296875,260.5299987792969,1,0.0757742699990707,0.09994320864590013,0.07615483751914832,0.0799831236657199,0.10183161453946979,0.07774685044769333,0.04152182152322083,0.09646469872300098,0.022290948050299852,0.1563105086091713,0.11203375880767356,0.059944359469630726,-0.7177,0.6114,0.05164615384615385
259.6700134277344,259.6700134277344,101377900,20231009,TSLA,260.5299987792969,259.6700134277344,0,0.039985715057260805,0.04229320134524794,0.02146717443866195,0.14797947903760794,0.021467214877327803,0.1881340364802193,0.02146715167585125,0.09872663719164261,0.0214672369355728,0.1664201223033977,0.0749268397590358,0.15566519089817366,-0.9246,0.4588,-0.26394999999999996
263.6199951171875,263.6199951171875,122656000,20231010,TSLA,259.6700134277344,263.6199951171875,1,0.19517168861478634,0.06302913428529118,0.08241411512508981,0.02017201529673087,0.045172304824873256,0.27749482635678624,0.053505442888655975,0.06461635318813938,0.020172158200156932,0.03313700090341687,0.04875251154116601,0.09636244877490655,-0.5994,0.5859,-0.052550000000000006
262.989990234375,262.989990234375,103706300,20231011,TSLA,263.6199951171875,262.989990234375,0,0.02593104009137023,0.04502568641699416,0.08121500150176215,0.12208503585155697,0.07721310478523698,0.13745380342418512,0.14207537552116956,0.10851510661093701,0.025931020063903024,0.15705162926140365,0.02593108834525507,0.05157210812622558,-0.7783,0.9161,0.14440000000000003
258.8699951171875,258.8699951171875,111508100,20231012,TSLA,262.989990234375,258.8699951171875,0,0.03721239286406427,0.04254142028439933,0.1162599338571539,0.0687598435861326,0.09761367105009655,0.22018804196156955,0.07292666347465625,0.05626000341586995,0.04292665753271563,0.10240630004482562,0.05625981671453054,0.0866452552139853,-0.8622,0.6369,-0.022749999999999992
251.1199951171875,251.1199951171875,102073800,20231013,TSLA,258.8699951171875,251.1199951171875,0,0.12089953261364579,0.08487262057817137,0.049471391141382916,0.02089963816213504,0.05927478890215447,0.02089953146464886,0.04783323208375286,0.02089954815052632,0.27015563872284,0.12385098964629082,0.02089957099370962,0.1600435175407415,-0.807,0.784,-0.03880000000000001
253.9199981689453,253.9199981689453,88917200,20231016,TSLA,251.1199951171875,253.9199981689453,1,0.3472221064566644,0.0138891261754125,0.0138889413038191,0.0138888888892556,0.0138888888892657,0.0138888888892468,0.0138888888891975,0.0138889188620635,0.0138888888891874,0.513888684977623,0.0138888888891231,0.0138888888891409,-0.3595,-0.3595,-0.3595
254.8500061035156,254.8500061035156,93562900,20231017,TSLA,253.9199981689453,254.8500061035156,1,0.0781250151587863,0.022569504047642297,0.022569555127114935,0.12920934755577876,0.07812496987489821,0.07812514456880297,0.11979167649524085,0.022569464539906253,0.022569480387027385,0.27885613993152664,0.022569453138641934,0.12492024917463289,-0.9042,0.4588,-0.18389999999999998
242.67999267578125,242.67999267578125,125147800,20231018,TSLA,254.8500061035156,242.67999267578125,0,0.015466913883863157,0.13318322812656033,0.06250248784573414,0.07557387807791006,0.10118139169668236,0.015466803444785387,0.12260878860237959,0.20139721349307596,0.015466861196766171,0.05284501346168514,0.05741698960089161,0.14689043056966564,-0.8957,0.631,-0.13847142857142858
220.1100006103516,220.1100006103516,170772700,20231019,TSLA,242.67999267578125,220.1100006103516,0,0.04947924501858847,0.018229166666901324,0.08072916604221261,0.018229273380743774,0.0494791786966067,0.16406250271728642,0.01822916666690775,0.1784474484895232,0.0182291666668999,0.28906251133264754,0.0182291666668496,0.09759400765483207,-0.9098,0.0,-0.346625
211.9900054931641,211.9900054931641,138010100,20231020,TSLA,220.1100006103516,211.9900054931641,0,0.08735703143144953,0.056632168497135815,0.03920708395373134,0.07414216528613583,0.12178453433461793,0.07680136552489332,0.03180140285525003,0.1688652321240456,0.04952870941895277,0.14361083783499123,0.04624574835797406,0.10402372038082192,-0.7351,0.8473,-0.02272666666666667
212.0800018310547,212.0800018310547,150683400,20231023,TSLA,211.9900054931641,212.0800018310547,1,0.103646240140893,0.07947849925918989,0.0469228127875323,0.01673288711538094,0.16679951914202426,0.13339945971117276,0.01673284829925322,0.22625627582047106,0.01673280423314494,0.1261587898838758,0.01673281095656922,0.05040705265049206,-0.4939,0.6369,0.02802
216.5200042724609,216.5200042724609,118231100,20231024,TSLA,212.0800018310547,216.5200042724609,1,0.0277777777781104,0.0277777777780394,0.0277777777780442,0.0277777777780973,0.6944444444414242,0.0277777777780896,0.0277777777780466,0.0277777777780773,0.0277777777780379,0.0277777777780538,0.0277777777779818,0.0277777777779972,0.6124,0.6124,0.6124
205.75999450683597,205.75999450683597,115112600,20231026,TSLA,212.4199981689453,205.75999450683597,0,0.3611110759896518,0.0277779958499313,0.0277777777783945,0.0277777777785173,0.0277777777785377,0.0277777777784997,0.0277777777784001,0.0277777777784712,0.0277777777783798,0.0277785667660093,0.02777777777825,0.3611101391669566,-0.2023,-0.2023,-0.2023
207.3000030517578,207.3000030517578,94881200,20231027,TSLA,205.75999450683597,207.3000030517578,1,0.1431878302153535,0.032076795020963146,0.032076849850244185,0.03207674202953798,0.11541008331591705,0.03207677399711925,0.032076816476802696,0.2602918879492314,0.03207671957682468,0.09949650788245468,0.03207671957680205,0.1570762741087488,-0.5994,0.7184,0.19684999999999997
197.3600006103516,197.3600006103516,136448200,20231030,TSLA,207.3000030517578,197.3600006103516,0,0.10069423235981981,0.09236110724551454,0.14236119357136373,0.025694514245127142,0.30902743145788925,0.0256944444447652,0.02569462413578328,0.02569467099267536,0.07569443639322634,0.12569410921994073,0.025694470410482263,0.02569476552341184,-0.7897,0.7906,-0.29052
200.83999633789065,200.83999633789065,118068300,20231031,TSLA,197.3600006103516,200.83999633789065,1,0.12018552557103239,0.10045503534706597,0.19477021977387174,0.05237653277758955,0.02565367239010049,0.04526171642381821,0.07663384350380593,0.06977137974221312,0.025653677835844425,0.12900916169805599,0.11151424799978024,0.048714986936821414,-0.7845,0.7485,0.07739411764705884
205.66000366210935,205.66000366210935,121661700,20231101,TSLA,200.83999633789065,205.66000366210935,1,0.19225344480821824,0.043509185052401374,0.17115988210262845,0.07865377561281461,0.15920956956687102,0.023098651222992216,0.06476518992490062,0.036987452950231293,0.09928920735263035,0.0452754132451391,0.023098658514393827,0.06269956964677842,-0.3384,0.7579,0.09331666666666666
218.50999450683597,218.50999450683597,125987600,20231102,TSLA,205.66000366210935,218.50999450683597,1,0.0957726964745658,0.017276035408546386,0.017275840959083657,0.10859583947191141,0.11196638429811918,0.13070058009995653,0.09454870004776295,0.128570660770589,0.06489457610801427,0.08870419354712193,0.08870435745411473,0.05299013536021357,-0.5983,0.9286,-0.026742857142857155
219.9600067138672,219.9600067138672,119534800,20231103,TSLA,218.50999450683597,219.9600067138672,1,0.027281807073219977,0.15228176102748467,0.08639634804063855,0.027281927611828627,0.0272818062767682,0.0272817460323213,0.35507172071024545,0.15228155074639516,0.027281888388006277,0.06299594890597404,0.027281749154966298,0.027281746032150903,0.8005,0.9299,0.857175
219.2700042724609,219.2700042724609,117335800,20231106,TSLA,219.9600067138672,219.2700042724609,0,0.13154916306384543,0.1132133119381199,0.07902481089991976,0.02049252555569805,0.0673676186941649,0.08299244050312712,0.057239756786787305,0.13611723118572275,0.020492357630769814,0.0944504240539597,0.09427656358146488,0.10278379610641987,-0.9403,0.8126,0.0464125
222.17999267578125,222.17999267578125,116900100,20231107,TSLA,219.2700042724609,222.17999267578125,1,0.018403104741716424,0.13090203430127073,0.0782444475666834,0.018402840832493564,0.028819572892122464,0.1438017794589026,0.06024545387024089,0.21006963312437973,0.09340275657730153,0.0809030863237875,0.018402965779278375,0.11840232453182221,-0.2263,0.7876,0.2841125
222.1100006103516,222.1100006103516,106584800,20231108,TSLA,222.17999267578125,222.1100006103516,0,0.04422189805786638,0.018969663849757908,0.044111813514849836,0.13811568823635179,0.06660001017296521,0.15100434789910636,0.11528959573611436,0.0492723992002373,0.11352039917215033,0.08823366024285574,0.04927257231020215,0.1213879516075421,-0.872,0.9606,0.22416363636363634
209.97999572753903,209.97999572753903,142110500,20231109,TSLA,222.1100006103516,209.97999572753903,0,0.0833333333333333,0.0833333333333333,0.0833333333333333,0.0833333333333333,0.0833333333333333,0.0833333333333333,0.0833333333333333,0.0833333333333333,0.0833333333333333,0.0833333333333333,0.0833333333333333,0.0833333333333333,0.2023,0.2023,0.2023
214.6499938964844,214.6499938964844,130994000,20231110,TSLA,209.97999572753903,214.6499938964844,1,0.06558149465428231,0.09951740285000939,0.08866928165956851,0.08135894477360228,0.0568653076410346,0.18300167656105001,0.01796256593895075,0.0735179409447556,0.0179623751600247,0.15223167303822357,0.07351751630889673,0.08981382046960097,-0.83,0.8065,0.10759999999999999
237.41000366210935,237.41000366210935,149771600,20231114,TSLA,223.7100067138672,237.41000366210935,1,0.04320082914027249,0.0178242781150408,0.08441095129128097,0.1501443136224971,0.19094639279183181,0.08449043118555662,0.19761900638191363,0.08319778978664295,0.0178241484731049,0.017824777795385667,0.04435562057254528,0.06816146084392714,-0.2942,0.9032,0.29188333333333333
242.83999633789065,242.83999633789065,150354000,20231115,TSLA,237.41000366210935,242.83999633789065,1,0.07837268936165794,0.13392819392468755,0.022817530593287182,0.022817495547843653,0.26488090917614104,0.07837315187357696,0.07837298369413086,0.022817900394945,0.02281746031787678,0.06683953980580411,0.07403354721685503,0.13392859809319338,-0.9628,0.9538,-0.2828333333333333
233.58999633789065,233.58999633789065,136816800,20231116,TSLA,242.83999633789065,233.58999633789065,0,0.032407407408489235,0.03240762093975397,0.03240836200050863,0.143518157520886,0.032407407408475135,0.1435182839396113,0.03240740740828164,0.14351853956563795,0.19907407406948108,0.14351792492268256,0.032407407408070736,0.032407407408121196,-0.8402,0.0,-0.5075666666666666
235.6000061035156,235.6000061035156,116320100,20231120,TSLA,234.3000030517578,235.6000061035156,1,0.11585976926810838,0.18855956566345983,0.08235568409851754,0.02283171978677077,0.08453471129183557,0.06104578779986023,0.08861163110090396,0.05854595931499103,0.0441217628512676,0.09426020816571977,0.11806937012186725,0.04120383053669752,-0.6486,0.5859,0.05809285714285715
241.1999969482422,241.1999969482422,122288000,20231121,TSLA,235.6000061035156,241.1999969482422,1,0.07454808011604414,0.14107260581864758,0.02986200484118862,0.031010349867287793,0.08726023913119044,0.08736674609971344,0.12779278344607875,0.11251215241366319,0.08400018235883519,0.13338761747504585,0.03934366349037875,0.051843574941925756,-0.8601,0.9153,0.010843749999999985
234.2100067138672,234.2100067138672,117950600,20231122,TSLA,241.1999969482422,234.2100067138672,0,0.05877963073926545,0.2048094529214579,0.09164999000638147,0.03811865507015872,0.044428020279695814,0.01665034333229554,0.0796225474799665,0.10494364271546604,0.06909755521449838,0.04662915996766354,0.036954230864617924,0.2083167714085322,-0.9186,0.8621,0.005324999999999992
235.4499969482422,235.4499969482422,65125200,20231124,TSLA,234.2100067138672,235.4499969482422,1,0.05659358087549994,0.09059044602778009,0.07013419539935944,0.033445650318674934,0.08643008308408956,0.09168362820399358,0.06675954935443582,0.10751977388101351,0.1296495280084952,0.1027835113342143,0.104463517989018,0.05994653552342509,-0.891,0.8711,0.02691111111111111
236.0800018310547,236.0800018310547,112031800,20231127,TSLA,235.4499969482422,236.0800018310547,1,0.01636922519747435,0.016369121529951,0.01636918054675535,0.01636904761939125,0.39136888222409727,0.0163694384179047,0.08779736906982795,0.1592254080750554,0.01636912696826,0.23065402645197564,0.01636915824040425,0.01637001565890225,0.0,0.0,0.0
246.72000122070312,246.72000122070312,148549900,20231128,TSLA,236.0800018310547,246.72000122070312,1,0.04307200096319146,0.1538474865216876,0.044297099833256644,0.054747141670795196,0.12250987443517311,0.022292368649785788,0.16165043650650154,0.11090912328142816,0.05007010308004146,0.15498249855880847,0.0222924403549114,0.05932942614441867,-0.7964,0.7876,0.3212
240.0800018310547,240.0800018310547,132353200,20231130,TSLA,244.13999938964844,240.0800018310547,0,0.2094901225980025,0.03171307006502182,0.07615760596168158,0.03171339921740856,0.09290075473481381,0.053935208356230654,0.1316329916856787,0.03171302283738104,0.06512661435020495,0.03171308834781514,0.212191132955054,0.031712988890706686,0.0,0.8356,0.2552
238.8300018310547,238.8300018310547,121331700,20231201,TSLA,240.0800018310547,238.8300018310547,0,0.01930555555611944,0.01930606945457182,0.019305832122080778,0.04430562963274598,0.19263850692488038,0.05785022485313126,0.2993049369431845,0.11930531952249863,0.12076094581906857,0.01930583938571228,0.01930594737967796,0.0693051924063279,-0.4019,0.0108,-0.15011999999999998
235.5800018310547,235.5800018310547,104099800,20231204,TSLA,238.8300018310547,235.5800018310547,0,0.05616736832622424,0.0661075557511638,0.12065294475756208,0.017622744938465464,0.1407344979606953,0.135804375296108,0.05853182421683585,0.17569086222907032,0.03580453380671351,0.04035005121327904,0.032774263030243,0.11975897847363885,-0.8689,0.9359,0.06062727272727273
238.72000122070312,238.72000122070312,137971100,20231205,TSLA,235.5800018310547,238.72000122070312,1,0.03931055067845048,0.05830670361117507,0.1972839456679122,0.05337835222136094,0.07290119301876037,0.06823289768279597,0.10558458392525905,0.05791086924265469,0.058709532875977015,0.22617058085090744,0.017042905786061283,0.04516788443868497,-0.6005,0.9431,0.1821375
239.3699951171875,239.3699951171875,126436200,20231206,TSLA,238.72000122070312,239.3699951171875,1,0.10366134919924908,0.10389405243793327,0.1157829818475519,0.07638871385072651,0.0854798088502486,0.09608648483857675,0.024873938974406342,0.11578256979113401,0.02487380109014919,0.047601197071015504,0.09305500345456404,0.11252009859444422,-0.6858,0.4019,-0.0957909090909091
242.63999938964844,242.63999938964844,107142300,20231207,TSLA,239.3699951171875,242.63999938964844,1,0.059325437163761895,0.06974012308754284,0.023611174303204,0.08432539361526793,0.11495994392221288,0.023611131785338767,0.0774823229366338,0.10572997860128011,0.1519113413575353,0.14769160989359972,0.023611188405274836,0.11800035492834736,-0.8034,0.837,0.13697142857142858
243.83999633789065,243.83999633789065,103126800,20231208,TSLA,242.63999938964844,243.83999633789065,1,0.12301579610528753,0.10406485103368476,0.03797265574871989,0.08869638169653704,0.08137635509291834,0.06709047361400328,0.1400572018619578,0.0693329354770434,0.029371642030984715,0.09748283475988037,0.03415187809700021,0.12738699448198215,-0.9493,0.9081,-0.0776952380952381
239.7400054931641,239.7400054931641,97913900,20231211,TSLA,243.83999633789065,239.7400054931641,0,0.08900355619867492,0.1071004117875105,0.07746503236085113,0.03131113728474484,0.1064014603550001,0.12376549589769231,0.1311640495543423,0.11852274479930117,0.031311050061355844,0.06931233932775083,0.031311262540934866,0.08333145983184066,-0.8074,0.7964,0.006907692307692303
237.00999450683597,237.00999450683597,95328300,20231212,TSLA,239.7400054931641,237.00999450683597,0,0.04337307857127113,0.15972335382480143,0.06333752401138922,0.13339578187405662,0.10170640325629006,0.031144906725870218,0.07835025668988146,0.08972242596229811,0.09837301618666956,0.12670609420524342,0.0183730681929752,0.055794090499253046,-0.4574,0.9041,0.38938
239.2899932861328,239.2899932861328,146286300,20231213,TSLA,237.00999450683597,239.2899932861328,1,0.0287037631194158,0.028704515734580934,0.0287040926044233,0.028703917182514766,0.028703848486873868,0.13981434784422217,0.22519931901994347,0.028704050501391003,0.0287039239838983,0.30648085794643504,0.02870373565304417,0.09887362792325673,-0.7839,0.5106,-0.0911
251.0500030517578,251.0500030517578,160829200,20231214,TSLA,239.2899932861328,251.0500030517578,1,0.017129629629851432,0.017129629629804133,0.0171296296298073,0.017129629629842668,0.30456826510894014,0.017129629629837603,0.0903000278238984,0.10046298267129217,0.017129629629803068,0.3676312644511921,0.017129629629765667,0.017130052535964734,0.1531,0.7717,0.40693333333333337
253.5,253.5,135932800,20231215,TSLA,251.0500030517578,253.5,1,0.043813223940159234,0.0726781922116062,0.1332070147516764,0.04835868807587149,0.10453586414939582,0.09148213143587919,0.09787070681310435,0.18312952839265198,0.025631329689200035,0.10523522941421266,0.025631435842893405,0.06842665528334868,-0.6841,0.4402,0.0335090909090909
252.0800018310547,252.0800018310547,116416500,20231218,TSLA,253.5,252.0800018310547,0,0.019058641975753667,0.04128094080469659,0.03757740542591324,0.01905870423650982,0.23294670081165136,0.04683635293058858,0.019059010649594633,0.1449841682934134,0.16165142339127217,0.019058998705736168,0.019058661423947444,0.23942899135092233,-0.8074,0.8658,-0.04497777777777777
257.2200012207031,257.2200012207031,106737400,20231219,TSLA,252.0800018310547,257.2200012207031,1,0.01712980738995287,0.07268537384667177,0.01712992312856437,0.08379632347955825,0.01712981508814927,0.017129913649461568,0.10046211879931727,0.017129841182327434,0.168199315139239,0.21712873296589588,0.08828251889733962,0.18379631643352234,0.0,0.7184,0.3598666666666667
247.13999938964844,247.13999938964844,125097000,20231220,TSLA,257.2200012207031,247.13999938964844,0,0.07043644633598795,0.02043675499533874,0.06692777118664138,0.020437293031487842,0.0871033814573375,0.10727863002587154,0.020436773228060263,0.08710332696791938,0.02043651998416372,0.1537685595594158,0.1204362315660417,0.22519831166173368,-0.6808,0.5106,-0.11811999999999998
254.5,254.5,109594200,20231221,TSLA,247.13999938964844,254.5,1,0.018402823418241385,0.1180384811414553,0.01840278692394175,0.1784989951503051,0.046180557870299545,0.1255835544588589,0.046180740121487186,0.10154100531850192,0.07608300064089317,0.051736110186175084,0.018402846531118015,0.20094909823872212,-0.5574,0.3182,-0.14436666666666667
252.5399932861328,252.5399932861328,93370100,20231222,TSLA,254.5,252.5399932861328,0,0.0414324274377776,0.041432350956229734,0.06824898081120011,0.018704934895483836,0.09341706364495567,0.08623719583622831,0.19364978007490283,0.07931087111554609,0.10076593057734907,0.14361922427805957,0.08843620889006652,0.044745031482200104,-0.9169,0.7845,-0.06001818181818183
256.6099853515625,256.6099853515625,86892400,20231226,TSLA,252.5399932861328,256.6099853515625,1,0.07998885848650153,0.22671392203428403,0.0700555302869256,0.07648845243393758,0.0943449608549597,0.09798724099684046,0.10722920423407276,0.0407738767394778,0.02291671303894893,0.13766785823192787,0.022916698085683616,0.02291668457643963,-0.3647,0.9065,0.11285714285714285
261.44000244140625,261.44000244140625,106494400,20231227,TSLA,256.6099853515625,261.44000244140625,1,0.1993048430683673,0.024305578312211883,0.05763886800662038,0.05788536582404848,0.23263891338886294,0.02430556008563492,0.024305615242397778,0.12405928895698567,0.024305774415661018,0.02430581518093676,0.18263864038894895,0.02430573712932338,-0.4767,0.6114,0.02694000000000001
253.17999267578125,253.17999267578125,113619900,20231228,TSLA,261.44000244140625,253.17999267578125,0,0.020337389977316447,0.05938128621209865,0.315099993962417,0.17592870495216353,0.02033730158790965,0.020337961842285226,0.15625304521455208,0.06764207420788607,0.02033730158778345,0.10367022617335026,0.020337386725256826,0.02033732755698035,-0.4767,0.8225,0.37785
248.47999572753903,248.47999572753903,100891600,20231229,TSLA,253.17999267578125,248.47999572753903,0,0.03223092107322276,0.04451214531670155,0.03818994761775509,0.07383749435739553,0.0763873519770244,0.17267043539830892,0.08326497159479275,0.07475875205503463,0.16625840067405503,0.1196907254409477,0.0623824274485959,0.05581642704616516,-0.5676,0.8908,0.26139444444444443
248.4199981689453,248.4199981689453,104654200,20240102,TSLA,248.47999572753903,248.4199981689453,0,0.08213042656699497,0.08942694121436047,0.06963037384779601,0.04199229312484771,0.16546362043998158,0.1290056236337751,0.038250727895043475,0.09932841746988504,0.019630509628553762,0.061296942621131466,0.06129727656424951,0.14254684699338038,-0.0772,0.9403,0.48625
238.4499969482422,238.4499969482422,121082600,20240103,TSLA,248.4199981689453,238.4499969482422,0,0.061536701406017136,0.07231000333133503,0.05863683236555005,0.055069087808980344,0.151163325470794,0.10870541900943281,0.1273608457079307,0.04901174948956179,0.02545068037020487,0.1583254133615044,0.06160098005095399,0.07082896162773439,-0.8622,0.7954,-0.06889411764705881
237.92999267578125,237.92999267578125,102629300,20240104,TSLA,238.4499969482422,237.92999267578125,0,0.08836170618482461,0.046851257039109286,0.0712763083863028,0.018189582369028796,0.1508076744491289,0.08068959920707496,0.08523132240308035,0.051763768703958976,0.14466723319114627,0.07670536051472672,0.036181894768420576,0.14927429278319726,-0.8919,0.8313,0.04371500000000001
237.4900054931641,237.4900054931641,92488900,20240105,TSLA,237.92999267578125,237.4900054931641,0,0.08032410052977262,0.024768665304953617,0.024768527215950336,0.024768569316675936,0.2331012323840885,0.1136573205325584,0.06643512135350056,0.14976864445379393,0.14143535937103222,0.058101867375409934,0.024768771456887134,0.05810182070537625,-0.6486,0.5994,0.05273333333333335
240.4499969482422,240.4499969482422,85166600,20240108,TSLA,237.4900054931641,240.4499969482422,1,0.043161904890710964,0.09296007961473136,0.061018749819006964,0.11800465226964628,0.07955703747612537,0.08744956029037088,0.034659472819755434,0.08583725550503692,0.06101904088330975,0.09673346223526962,0.07468250431401814,0.16491627988201782,-0.891,0.7951,-0.08027142857142855
234.9600067138672,234.9600067138672,96705700,20240109,TSLA,240.4499969482422,234.9600067138672,0,0.06026954052476034,0.04249924494746469,0.02822173893428656,0.07222871840088509,0.1180311793221457,0.0687918290461417,0.08832063307894857,0.050912885155264626,0.03918634974671368,0.15825481055442858,0.046575572522671214,0.22670749776628876,-0.915,0.7959,0.003792105263157892
233.94000244140625,233.94000244140625,91628500,20240110,TSLA,234.9600067138672,233.94000244140625,0,0.021746101148674778,0.061031756783739,0.07174610118060316,0.08279578178357509,0.03603185593439413,0.09031736604073902,0.0717457197081284,0.19174594152613794,0.04674604059453615,0.07507944532779066,0.0503177240076174,0.20069616596406376,-0.5106,0.4767,-0.01633
227.22000122070312,227.22000122070312,105873600,20240111,TSLA,233.94000244140625,227.22000122070312,0,0.06594479141756954,0.06769797113655249,0.09619573891355308,0.031081731939159328,0.13410069562982166,0.18670050312339803,0.0721798598593116,0.08609606044523195,0.018455499544234033,0.08158686554709377,0.06390965993341315,0.09605062251066085,-0.6597,0.7901,0.07297272727272727
218.88999938964844,218.88999938964844,123043800,20240112,TSLA,227.22000122070312,218.88999938964844,0,0.019841494897859868,0.0795378726770799,0.09233999439812114,0.0804240517982496,0.11650432572791858,0.07160491587785914,0.019841408067230504,0.07231048539707366,0.04761922509693401,0.14400378823377089,0.1243263399362206,0.13164609789168158,-0.4767,0.7579,0.18437222222222222
219.91000366210935,219.91000366210935,115355000,20240116,TSLA,218.88999938964844,219.91000366210935,1,0.0721349536382386,0.06520482892875999,0.08645087889374377,0.07531915369489474,0.06587281903163725,0.06587301192069317,0.13253980969269952,0.10404565669784638,0.10396817989128614,0.1920826204126309,0.01825411894347177,0.0182539682540972,-0.5812,0.5719,0.05787142857142856
211.8800048828125,211.8800048828125,108595400,20240118,TSLA,215.5500030517578,211.8800048828125,0,0.13524268672758763,0.11857637835204533,0.06153061044589504,0.09357647189944114,0.03107644735924795,0.03107644301282844,0.05190961772480912,0.056076844340067954,0.05190974282324989,0.14982638731494097,0.056076344414651064,0.1631220255852349,-0.6588,0.7777,0.11274999999999999
212.19000244140625,212.19000244140625,102260300,20240119,TSLA,211.8800048828125,212.19000244140625,1,0.01420461757624255,0.01420456098803935,0.1392045869202031,0.0596591024653358,0.0596590486075684,0.26420439352694897,0.108559735852964,0.01420457476655865,0.014204782708314649,0.01420454545474955,0.28348530998627275,0.01420474114680185,-0.6486,0.3182,-0.16519999999999999
208.8000030517578,208.8000030517578,117952500,20240122,TSLA,212.19000244140625,208.8000030517578,0,0.3937482508283978,0.01875079676953345,0.11874984571311074,0.0187500000003019,0.0187500000003102,0.01875000000029465,0.0187503396247451,0.31875029785657055,0.0187503389535865,0.01875000000026085,0.018750101572023448,0.0187500286808642,0.0,0.7003,0.35015
209.13999938964844,209.13999938964844,106605900,20240123,TSLA,208.8000030517578,209.13999938964844,1,0.0277777777780291,0.0277777777779754,0.0277777777779791,0.0277777777780191,0.6944440373472429,0.0277777777780134,0.0277777777779809,0.0277780942110767,0.0277777777779742,0.0277777777779863,0.0277777777779319,0.0277778684397906,-0.8074,-0.8074,-0.8074
207.8300018310547,207.8300018310547,123369900,20240124,TSLA,209.13999938964844,207.8300018310547,0,0.06565246688631851,0.15546469877607433,0.10524631331363854,0.04601178089183103,0.01744056240484916,0.09142261160356698,0.09244064066364144,0.09958347723993904,0.01744057717602805,0.15077347999006668,0.09410664425022439,0.06441674680382141,-0.9485,0.6605,0.007789999999999993
182.6300048828125,182.6300048828125,198076800,20240125,TSLA,207.8300018310547,182.6300048828125,0,0.01798128085294456,0.09738673822534374,0.19952782999648533,0.059647737645855625,0.12066001979763513,0.017981260073953877,0.059648066133130444,0.01798120364574344,0.05964759717661587,0.017981426628293686,0.05964772461425277,0.271909115209745,-0.7678,0.7906,0.026299999999999983
183.25,183.25,107343200,20240126,TSLA,182.6300048828125,183.25,1,0.016280994672276883,0.12461382908364567,0.1412810924831941,0.18247075197961363,0.01628102021570045,0.24583058388884707,0.03812600733753812,0.0791126102807793,0.01628086419783995,0.016280964694239116,0.04961424690554723,0.0738270342607779,-0.296,0.4588,0.1678333333333333
190.92999267578125,190.92999267578125,125013100,20240129,TSLA,183.25,190.92999267578125,1,0.05165854714697926,0.029680604679548975,0.020065355665229725,0.020065159004354353,0.16292227205598275,0.07006514650762422,0.07391124759695986,0.1642955834765495,0.050834330604695346,0.20995286665766555,0.020065324771831018,0.126483561832579,-0.7717,0.7603,-0.005276923076923077
191.58999633789065,191.58999633789065,109982300,20240130,TSLA,190.92999267578125,191.58999633789065,1,0.05410961855144296,0.06332658417362357,0.06447595408159276,0.05557636527301432,0.10785577186497212,0.046972291251735146,0.09307070901433087,0.07773849393022099,0.06362578160135782,0.15834420541597177,0.07206858734268275,0.14283563749905448,-0.8439,0.9194,-0.035856250000000006
187.2899932861328,187.2899932861328,103221400,20240131,TSLA,191.58999633789065,187.2899932861328,0,0.04766956427992224,0.07032295401245947,0.06349578443105863,0.09369497954030977,0.08311298208138247,0.14058913900224307,0.08251524748025667,0.07225908017100166,0.0877424912380797,0.10163132739942486,0.10163113269489404,0.055335317668966884,-0.3612,0.7184,0.22702222222222224
188.8600006103516,188.8600006103516,91843300,20240201,TSLA,187.2899932861328,188.8600006103516,1,0.02795737652681234,0.055001344857702535,0.06690250607538303,0.01775379297684205,0.045815750234945676,0.034056251570576394,0.10431080296912523,0.16418013193841205,0.06265128579205888,0.22087483653824366,0.0606103353450211,0.13988558517487645,-0.7351,0.7506,0.034935714285714285
187.91000366210935,187.91000366210935,110612700,20240202,TSLA,188.8600006103516,187.91000366210935,0,0.09841702718453738,0.07048059189116529,0.16067107788632434,0.08796748016351379,0.09494809644434818,0.04029589556176877,0.056195131003235685,0.022861825754240967,0.06651230651032221,0.07815003138966764,0.18952777087523753,0.03397276533563767,-0.8834,0.7184,-0.04926666666666667
181.05999755859372,181.05999755859372,134294400,20240205,TSLA,187.91000366210935,181.05999755859372,0,0.016695645629281476,0.016695796122238725,0.10349272258696474,0.01669575426442615,0.058362293123824474,0.12846521511948958,0.01669566857597115,0.08267646737202118,0.04794561429839129,0.1132694052099518,0.04787154938624257,0.35113386831119636,-0.8718,0.9213,0.086225
185.1000061035156,185.1000061035156,122676000,20240206,TSLA,181.05999755859372,185.1000061035156,1,0.04114190718161491,0.056751856018956215,0.09858807400485468,0.04942125332328984,0.13192121721145797,0.05375757079940283,0.0369213244810319,0.107943200041316,0.042304833294242235,0.2558989411052871,0.053213020259309365,0.07213680227923643,-0.8439,0.8519,-0.142375
187.5800018310547,187.5800018310547,111535200,20240207,TSLA,185.1000061035156,187.5800018310547,1,0.08958315495052223,0.056250248749530475,0.07110339981725824,0.1057497074218813,0.02291694594667177,0.02291694295936208,0.0979158009307235,0.07580972428689312,0.02291670011235217,0.16458348478854984,0.02291672882170419,0.24733716121455052,-0.7757,0.9169,-0.05416
189.55999755859372,189.55999755859372,83034000,20240208,TSLA,187.5800018310547,189.55999755859372,1,0.039676117175165546,0.0632966112642781,0.02300947267867994,0.023009476139757283,0.046947961554963565,0.08300860829464332,0.19738647128154027,0.09529854129545576,0.02300932852161931,0.21101808923180204,0.04300928195723167,0.15133004060486266,-0.7269,0.8187,-0.0023800000000000045
193.57000732421875,193.57000732421875,84476300,20240209,TSLA,189.55999755859372,193.57000732421875,1,0.0426768088142514,0.10782787695036795,0.04722259957064006,0.06237385307626304,0.14722241106880932,0.06994950440700803,0.1305554233267376,0.04722224054265342,0.04267677212155307,0.05479801723889739,0.07904050071581974,0.16843399216699842,-0.6705,0.8268,0.052536363636363645
188.1300048828125,188.1300048828125,95498600,20240212,TSLA,193.57000732421875,188.1300048828125,0,0.15750031780176782,0.10416633994829376,0.02416673434439322,0.02416685290588328,0.02416677020590974,0.024166679667791142,0.024166861121446802,0.12416662956619126,0.1541664897085207,0.2908324588813964,0.024167104553711738,0.02416676129469374,-0.6249,0.5023,-0.05478000000000001
184.0200042724609,184.0200042724609,86759500,20240213,TSLA,188.1300048828125,184.0200042724609,0,0.031617079147191154,0.04411708357304115,0.03340276472727191,0.01911715837807439,0.27506943934112743,0.09768831641385062,0.01911708110780694,0.05023511195864962,0.0470112845375849,0.10015926798955718,0.1103962226114692,0.1720691902143749,-0.7579,0.7958,-0.012780000000000003
188.7100067138672,188.7100067138672,81203000,20240214,TSLA,184.0200042724609,188.7100067138672,1,0.18048743074881932,0.3913681808513253,0.1452699488177798,0.0163690476196199,0.016369138679565652,0.01636938103919345,0.15192129608186694,0.016369162317050802,0.0163690476195136,0.0163690476195422,0.01636904761941315,0.0163692709863094,-0.4215,0.9501,0.2643
200.4499969482422,200.4499969482422,120831800,20240215,TSLA,188.7100067138672,200.4499969482422,1,0.016843075952749965,0.06197606251321281,0.016843053381032612,0.039065372089175376,0.04462082841786554,0.24442294667409628,0.09869403285199757,0.16501817100999172,0.0472395447359705,0.11344194073816873,0.052981404200663364,0.09885356743507497,-0.6705,0.636,-0.06836666666666666
199.9499969482422,199.9499969482422,111346700,20240216,TSLA,200.4499969482422,199.9499969482422,0,0.12772063041763818,0.09893221092835239,0.04588904368526557,0.10892234249606667,0.06982295007694592,0.031233988996236986,0.041483110634653805,0.05910303925611859,0.05943202725360586,0.12191202957703452,0.06855156359087945,0.16699706308720155,-0.7351,0.8519,0.07200769230769231
193.75999450683597,193.75999450683597,104545800,20240220,TSLA,199.9499969482422,193.75999450683597,0,0.06916048976091846,0.05249372893343872,0.01916039899111282,0.07716406289652077,0.10666071872033636,0.1340589174579174,0.028983638959234746,0.15245107350643722,0.07749414254221264,0.1523856389450192,0.0358270545256453,0.09416013476120583,-0.6557,0.7263,0.17163
194.7700042724609,194.7700042724609,103500300,20240221,TSLA,193.75999450683597,194.7700042724609,1,0.055614118312168,0.12821595951065387,0.014742683426692,0.08914361990318952,0.05047081893064535,0.014742509429817512,0.05640920699171271,0.11305179235794771,0.014742476852219638,0.22983710638635574,0.09599256009349301,0.13703714780510437,-0.9423,0.7574,-0.007275000000000011
197.41000366210935,197.41000366210935,92739500,20240222,TSLA,194.7700042724609,197.41000366210935,1,0.05465799666902663,0.08979046153795724,0.03872390278927813,0.04548752578717809,0.07547399477797118,0.101130230721384,0.1850185927958184,0.18629791730302422,0.022760190564981648,0.07879173338106818,0.06641492020197183,0.055452533470339946,-0.7964,0.902,0.03694999999999999
191.97000122070312,191.97000122070312,78841900,20240223,TSLA,197.41000366210935,191.97000122070312,0,0.09081977672090513,0.1497942060042126,0.045947789269549025,0.09658877713628379,0.020306808113297048,0.033127342837363544,0.05876843820973044,0.17648680878284823,0.03569147353317643,0.16974211866929195,0.04839038301989589,0.07433607770344544,-0.9263,0.8591,0.05706153846153846
199.3999938964844,199.3999938964844,111747100,20240226,TSLA,191.97000122070312,199.3999938964844,1,0.06538601040711255,0.053556311772969295,0.033117246204223336,0.07545174671116796,0.10883696020707874,0.17321016122047192,0.10637140721990408,0.10647272709930192,0.08709929380928189,0.08987451581913196,0.01841142304964671,0.08221219647970919,-0.7003,0.7964,0.13493529411764704
199.72999572753903,199.72999572753903,108645400,20240227,TSLA,199.3999938964844,199.72999572753903,1,0.024695783897095296,0.06232154096305582,0.12258706569067429,0.06965976697195338,0.1434798305146216,0.04180204116622372,0.0774325053168814,0.11585874152850602,0.04914365367160715,0.07474235939457402,0.0807042522127115,0.13757245867209533,-0.8313,0.7958,-0.12948888888888888
202.0399932861328,202.0399932861328,99806200,20240228,TSLA,199.72999572753903,202.0399932861328,1,0.13604477768379084,0.16316614953542846,0.12738631180006343,0.04636255760816189,0.05033065623076993,0.08604458020001775,0.014617007794385887,0.050330659509363884,0.05184666376352581,0.1262957311628264,0.07888884707851508,0.06868605763315008,-0.7996,0.5574,-0.15007142857142858
201.8800048828125,201.8800048828125,85907000,20240229,TSLA,202.0399932861328,201.8800048828125,0,0.09050247246396653,0.05189711897547028,0.08405389895811391,0.07512492191697134,0.06485659146630061,0.035442446209581424,0.04734727919738676,0.2096884558191994,0.019569370958694113,0.1958311429926288,0.05863863582930616,0.06704766521238009,-0.4728,0.8478,0.2306888888888889
202.63999938964844,202.63999938964844,82243100,20240301,TSLA,201.8800048828125,202.63999938964844,1,0.12896824607395177,0.017857651557881334,0.017857362662117134,0.017857163308772,0.0178571983163531,0.017857220529340936,0.25508736347485217,0.017857265093599802,0.017857189623777265,0.10178496852697198,0.017857175545416968,0.371301195286965,-0.8316,0.0,-0.2772
188.13999938964844,188.13999938964844,134334900,20240304,TSLA,202.63999938964844,188.13999938964844,0,0.067856884951707,0.07692912536280537,0.03462674933951203,0.06511302575625737,0.09972616680955258,0.06876051670436177,0.0772987748384567,0.11547608104396602,0.1053988786962179,0.11547635838655336,0.08315814293540273,0.09017929517520666,-0.0258,0.9652,0.3299142857142857
180.7400054931641,180.7400054931641,119660800,20240305,TSLA,188.13999938964844,180.7400054931641,0,0.05140665759257155,0.07672690050385826,0.060663659412878206,0.06995601848338978,0.07587335187536025,0.08105426956343074,0.04093400738755391,0.08686354688438633,0.057327286690090795,0.12195446325250744,0.06397897669388378,0.21326086166008845,-0.892,0.8931,-0.030175675675675678
176.5399932861328,176.5399932861328,107920900,20240306,TSLA,180.7400054931641,176.5399932861328,0,0.10201945100982067,0.08521830486808084,0.062285932189105865,0.08881611744174649,0.04763805708343276,0.09152024035174391,0.08193704462444862,0.0922356602917403,0.044742098545483375,0.055707011425896555,0.06140875813843652,0.18647132403006364,-0.6597,0.8016,0.21709473684210528
178.64999389648438,178.64999389648438,102129000,20240307,TSLA,176.5399932861328,178.64999389648438,1,0.0603009756575852,0.08912091095111083,0.07905088390136229,0.04763809755389563,0.12175933401132567,0.03530099097775005,0.0509257245012726,0.0821752350024942,0.03530095044131443,0.18009239499069493,0.0821759635673207,0.13615853844387293,-0.7906,0.8591,0.18885
175.33999633789062,175.33999633789062,85544600,20240308,TSLA,178.64999389648438,175.33999633789062,0,0.04305556460572959,0.10019810141546868,0.01805575197127274,0.14516351972134847,0.0791775457570618,0.0750453265964699,0.06697390247058041,0.06091269683985405,0.018055608507736128,0.095446513217035,0.0775793109038003,0.22033615799364242,-0.7269,0.8074,0.20239285714285712
177.77000427246094,177.77000427246094,85391500,20240311,TSLA,175.33999633789062,177.77000427246094,1,0.016638602510677756,0.10556511620750034,0.11829551675214658,0.0655860406538579,0.06214881633739895,0.026980235110096062,0.0531984707420656,0.03586939097810277,0.13537601654634385,0.1826259152349701,0.03348537867260051,0.1642305002542391,-0.5719,0.864,0.26443076923076925
177.5399932861328,177.5399932861328,87391700,20240312,TSLA,177.77000427246094,177.5399932861328,0,0.0841502644310494,0.05175257924608455,0.04480612208893621,0.02699844169730094,0.09891441259620339,0.026998415144737324,0.023007804169065386,0.1511626592121929,0.07303007119076722,0.15086098244644586,0.07029341230599273,0.19802483547122357,-0.9142,0.7351,-0.2237714285714286
169.47999572753906,169.47999572753906,106524500,20240313,TSLA,177.5399932861328,169.47999572753906,0,0.11008438768647288,0.08090198606135819,0.04435057081720039,0.06635306928552964,0.10936674776045885,0.10382337294971118,0.08049753436764012,0.07656788953008496,0.02754848794114651,0.1400788219089085,0.027548580258587148,0.13287855143290112,-0.8867,0.7184,-0.12569999999999998
162.5,162.5,126325700,20240314,TSLA,169.47999572753906,162.5,0,0.10598806811663272,0.11308705061959827,0.04465494153382619,0.07366268961469978,0.051731915243826296,0.059722815972994975,0.10258306911152297,0.06859251157132562,0.11504806129563186,0.05869248827640831,0.16475552265550866,0.04148086598802383,-0.6486,0.7424,0.13881176470588236
163.57000732421875,163.57000732421875,97146800,20240315,TSLA,162.5,163.57000732421875,1,0.06783868651523058,0.07886596493445283,0.06735357177943528,0.07206201591547089,0.07592276801240129,0.08395650562696381,0.045667505424024035,0.1182961346001813,0.06879554507620199,0.047642134139025044,0.14233524741984316,0.1312639205567693,-0.8357,0.7814,-0.12460689655172413
173.8000030517578,173.8000030517578,108214400,20240318,TSLA,163.57000732421875,173.8000030517578,1,0.059674712373758654,0.06880924847264673,0.029080423700387874,0.09095385375427861,0.16297004097919118,0.05861315522226329,0.033352698001293674,0.14578472072169305,0.017969394482595522,0.15163145955051888,0.07584308792642476,0.10531720481494725,-0.7269,0.8399,0.04266666666666668
171.32000732421875,171.32000732421875,77271400,20240319,TSLA,173.8000030517578,171.32000732421875,0,0.018166157276836847,0.1241882743268489,0.10755958845462622,0.018166109027257925,0.051499547113202454,0.03483279529918954,0.07211193609306663,0.03486442411684142,0.10633487337765349,0.07816624456970336,0.018166083097590314,0.33594396724718234,-0.5487,0.7626,0.04332666666666666
175.66000366210938,175.66000366210938,83846700,20240320,TSLA,171.32000732421875,175.66000366210938,1,0.060486490912371495,0.06708147967891318,0.0664630244506771,0.033686965599785484,0.06874102656492134,0.0165928168245255,0.22880794220308573,0.06787494705974308,0.07572296940406495,0.12880069614805598,0.06664293814725648,0.11909870300659908,-0.8142,0.5707,-0.1541923076923077
172.82000732421875,172.82000732421875,73178000,20240321,TSLA,175.66000366210938,172.82000732421875,0,0.019929188627285373,0.026025935089358552,0.16286402627652313,0.08400784726867346,0.1581207607513972,0.09736405992781838,0.05501709207622682,0.08502258778773311,0.02870118424528714,0.11103133256371671,0.03168565958459742,0.14023032580138214,-0.8977,0.8979,-0.18417894736842105
170.8300018310547,170.8300018310547,75580600,20240322,TSLA,172.82000732421875,170.8300018310547,0,0.07734033738866211,0.019400792061703014,0.06106705664650396,0.04535072752824767,0.1503527801727797,0.061067020361640745,0.1669912677292981,0.1860670170739472,0.0194003528648258,0.09082867682807655,0.06106697652368214,0.06106699482063251,-0.4588,0.9524,0.17561666666666667
172.6300048828125,172.6300048828125,74228600,20240325,TSLA,170.8300018310547,172.6300048828125,1,0.10190930452754847,0.05190962631077886,0.01857701151654261,0.1020598297465531,0.031608311429629214,0.039583138530927424,0.20331089686861126,0.18524312100784365,0.04357619178362735,0.08107650834813318,0.018576488946114637,0.12256957098368958,-0.5994,0.6888,-0.024300000000000016
177.6699981689453,177.6699981689453,113186200,20240326,TSLA,172.6300048828125,177.6699981689453,1,0.04755823124971894,0.10931588790469055,0.07064150938230983,0.0581364517689121,0.07028131928243188,0.08849262708793615,0.051930973762702226,0.08235955821621158,0.04259787771915716,0.07037554152093924,0.14428866096583376,0.16402136113915605,-0.8481,0.743,0.023612499999999995
179.8300018310547,179.8300018310547,81804000,20240327,TSLA,177.6699981689453,179.8300018310547,1,0.04083997524232451,0.027290890589522065,0.04632385759107389,0.017030617133252515,0.056484039690919946,0.1572073337703839,0.09593200247942867,0.18324983163328468,0.16368049865514503,0.07218751453064871,0.03301301164221628,0.10676042704179928,-0.856,0.7993,0.15280000000000002
175.7899932861328,175.7899932861328,77654800,20240328,TSLA,179.8300018310547,175.7899932861328,0,0.10216295605389693,0.04861302479915574,0.0702261457811555,0.06831045245040115,0.027958594448106455,0.040645795954409994,0.06919243811504024,0.08495758284333144,0.027779619759928945,0.18473705129902346,0.03432747304708209,0.24108886544846744,-0.969,0.765,-0.017449999999999993
175.22000122070312,175.22000122070312,81562100,20240401,TSLA,175.7899932861328,175.22000122070312,0,0.047123300452155445,0.15159863126172032,0.06791705781258277,0.04712302800092905,0.07359934788119801,0.15413952841046816,0.023313509809798485,0.18402799655034535,0.023313492063861442,0.13045623417702704,0.050264702956537004,0.04712317062337644,-0.2481,0.7003,0.2462857142857143
166.6300048828125,166.6300048828125,116650600,20240402,TSLA,175.22000122070312,166.6300048828125,0,0.20965543289881425,0.0517479012271641,0.07744711505925371,0.03644189554264148,0.1367035636904292,0.01603384709242397,0.08000584896939898,0.06305519337835423,0.03644175135003503,0.14648610986938468,0.016033684090660257,0.12994765683143958,-0.93,0.5667,-0.3130571428571428
168.3800048828125,168.3800048828125,82950100,20240403,TSLA,166.6300048828125,168.3800048828125,1,0.14098074272741304,0.11825381696431335,0.08112507160727442,0.07318954773570976,0.04241089754679964,0.0503004985829366,0.22543156453017754,0.09637099624053644,0.027045496657919076,0.04722995075940262,0.015497418478252221,0.08216399816926476,-0.7964,0.9577,0.1750307692307692
171.11000061035156,171.11000061035156,123162000,20240404,TSLA,168.3800048828125,171.11000061035156,1,0.06629542018638579,0.14349793494391389,0.02643239776827813,0.10738049981760449,0.10830030326642048,0.04769448913190713,0.01739140636231468,0.1047582377052221,0.05779515049857754,0.07345832287785843,0.09353659688175647,0.1534592405597603,-0.5448,0.9415,0.4517545454545454
164.89999389648438,164.89999389648438,143157600,20240405,TSLA,171.11000061035156,164.89999389648438,0,0.03865456076301756,0.06023758925689716,0.11848850113046942,0.03399712620384481,0.07066355406775315,0.032193314644212954,0.11510776995136268,0.11933919102588454,0.04822009425621639,0.08864831313193469,0.06253845049620704,0.21191153507219906,-0.8419,0.9194,0.15696000000000002
172.97999572753906,172.97999572753906,104423300,20240408,TSLA,164.89999389648438,172.97999572753906,1,0.21875007445613606,0.01875125160628725,0.018750000000762,0.0187500000009136,0.018750000000938752,0.018750000000891852,0.018750000000768853,0.2687491821578556,0.0187500000007438,0.34374846602871967,0.01875090420265095,0.018750121543331152,0.0,0.3612,0.1806
176.8800048828125,176.8800048828125,102951700,20240409,TSLA,172.97999572753906,176.8800048828125,1,0.25485821235023265,0.06925851141964513,0.03511222586402802,0.04024682204258842,0.04024689316752143,0.07429152761981318,0.034686568661340296,0.09068141482375765,0.040246636267356056,0.10662175604357488,0.019413570521619263,0.19433586121852242,-0.8858,0.7579,-0.163075
171.75999450683594,171.75999450683594,84532400,20240410,TSLA,176.8800048828125,171.75999450683594,0,0.06452425593108702,0.07210017924709056,0.03124763149158196,0.02210032273285795,0.1087669978231663,0.10871606042841578,0.11210009523805571,0.151612450777228,0.04814076908093401,0.04210042111673954,0.03119106473996358,0.20739975139287914,-0.5267,0.7684,0.16716000000000003
174.60000610351562,174.60000610351562,94516000,20240411,TSLA,171.75999450683594,174.60000610351562,1,0.07438673312717778,0.03575067015591799,0.08683242457718728,0.06241969880406093,0.14593553298588324,0.08120467176586765,0.03575077530040413,0.09611189421761575,0.06362642311302937,0.11605337349075852,0.017568639385817226,0.1843591630762796,-0.802,0.7345,-0.15614545454545456
171.0500030517578,171.0500030517578,64722700,20240412,TSLA,174.60000610351562,171.0500030517578,0,0.052843960248248945,0.019510582010804158,0.1623677610584424,0.01951067548237866,0.2028436249313726,0.019511010961717763,0.11951045901308148,0.04808230061072052,0.019510582010802798,0.0195107125550215,0.1195099790341112,0.1972883520832976,-0.0299,0.8357,0.28853999999999996
161.47999572753906,161.47999572753906,100245300,20240415,TSLA,171.0500030517578,161.47999572753906,0,0.09238907362045924,0.09921923377720714,0.08669792412288986,0.057519402687830005,0.045681001100281136,0.027360678589597898,0.09443377778381382,0.1381315845774383,0.05513847553404496,0.09323363474852736,0.07806421499512867,0.13213099846278106,-0.6588,0.7968,0.00027142857142857323
157.11000061035156,157.11000061035156,97000000,20240416,TSLA,161.47999572753906,157.11000061035156,0,0.021124462212770926,0.03072980994001092,0.12029822215881289,0.03223562691304937,0.0830674042313783,0.12514175732304678,0.14731463633143382,0.1080957909266732,0.07509264557726751,0.13008169526720836,0.033523313395966106,0.09329463572238136,-0.8208,0.6705,0.07662666666666666
155.4499969482422,155.4499969482422,82439700,20240417,TSLA,157.11000061035156,155.4499969482422,0,0.08027810113746806,0.07027782093707949,0.030277797706398803,0.03027792144126884,0.33694326401993935,0.030277777778244464,0.0969451562646293,0.030278217003291096,0.07027772813761546,0.030277934472014323,0.03027787256093592,0.16361040854111433,-0.5093,0.6705,-0.01851999999999999
149.92999267578125,149.92999267578125,96098800,20240418,TSLA,155.4499969482422,149.92999267578125,0,0.023040767722214615,0.039707342527836094,0.023040825999041333,0.08970728504933963,0.11283894624932582,0.09598097421068447,0.07270011860742355,0.14009658880624162,0.02304072551191141,0.05395291447275032,0.023040745312477132,0.3028527655307534,-0.8442,0.6908,-0.06962499999999999
147.0500030517578,147.0500030517578,87074500,20240419,TSLA,149.92999267578125,147.0500030517578,0,0.017030436731556162,0.04300452958872311,0.033373161887091086,0.017030521887702262,0.017030454882440472,0.01703062643141503,0.039757706440026346,0.1628140479107367,0.04415242486302478,0.12309114075963044,0.11371695976328593,0.37196798885436716,-0.6461,0.7253,0.05695454545454544
142.0500030517578,142.0500030517578,107097600,20240422,TSLA,147.0500030517578,142.0500030517578,0,0.04297143354060336,0.024569635813098893,0.07795959180985633,0.14098626912761972,0.074509588225206,0.09653429021705667,0.08585239580533721,0.125253848623289,0.029972193952455775,0.038805698382006315,0.14512456052298164,0.11746049398048858,-0.7717,0.7906,0.021724999999999998
144.67999267578125,144.67999267578125,124545100,20240423,TSLA,142.0500030517578,144.67999267578125,1,0.08235752710623272,0.08739763976117403,0.03702347029669589,0.04432494269233387,0.0967428688412207,0.027734388429456983,0.10756623513742355,0.10948283550966159,0.05122253618939567,0.0865072200465737,0.1532929918564637,0.116347344133367,-0.7003,0.5707,-0.008447058823529415
162.1300048828125,162.1300048828125,181178000,20240424,TSLA,144.67999267578125,162.1300048828125,1,0.08365168562719971,0.0168986138608255,0.016898252459525785,0.19745337356828815,0.11023014716971902,0.03459037620106785,0.0572601542545312,0.2265358298240844,0.016898151264554486,0.01689833105623335,0.01689821768764075,0.20578686702632923,-0.7469,0.8172,0.12241666666666669
170.17999267578125,170.17999267578125,126427500,20240425,TSLA,162.1300048828125,170.17999267578125,1,0.07096447503275274,0.032261160128240235,0.17634750330072094,0.11744285612688,0.10458574185529261,0.07571658578042394,0.016457380738655377,0.08365611975692751,0.0164572310409272,0.10164221015611015,0.04439738816570446,0.1600713479173643,-0.9441,0.7501,-0.06896666666666668
168.2899932861328,168.2899932861328,109815700,20240426,TSLA,170.17999267578125,168.2899932861328,0,0.04052854255611944,0.09568079478333762,0.05777877744445462,0.05168363310526335,0.1240811647709978,0.06281935020260133,0.0792973159347031,0.14479790755188823,0.037814457745955335,0.10813648509602214,0.12021287616084406,0.07716869464781241,-0.7461,0.8776,0.045856521739130435
194.0500030517578,194.0500030517578,243869700,20240429,TSLA,168.2899932861328,194.0500030517578,1,0.09704749525641741,0.07407558801443617,0.017867492391778317,0.050234305951375374,0.06273915561973047,0.0969501164783957,0.2195126020279446,0.1442398544106545,0.0882469445820805,0.046713680267185094,0.06329724260370925,0.03907552239629204,-0.8519,0.8824,0.24397692307692306
183.27999877929688,183.27999877929688,127031800,20240430,TSLA,194.0500030517578,183.27999877929688,0,0.01950784199873189,0.09450762464694026,0.11117425697599359,0.07784087735627604,0.06496207647357435,0.02944758753247053,0.1300218237274569,0.09450783638836033,0.09450759435620185,0.17784057510499385,0.08617426399874498,0.01950764144025478,-0.4939,0.6705,0.14706999999999998
179.99000549316406,179.99000549316406,92829700,20240501,TSLA,183.27999877929688,179.99000549316406,0,0.2572909578063622,0.019791673649287127,0.2572918278718782,0.019791842137294326,0.019791666667283426,0.01979209373291815,0.01979182634908535,0.0822915426060242,0.019791706695199324,0.1822913620770099,0.019791827105835026,0.08229167330182202,0.0,0.8932,0.323775
180.00999450683594,180.00999450683594,89148000,20240502,TSLA,179.99000549316406,180.00999450683594,1,0.054027033449628586,0.11672507258143675,0.04410432955039207,0.08740411345378447,0.16799559664619673,0.06437009472984939,0.028336407410390285,0.04132748552589398,0.07156807137374782,0.12151963729363076,0.015565522364968255,0.18705663562008043,-0.9674,0.9115,-0.012746153846153851
181.19000244140625,181.19000244140625,75491500,20240503,TSLA,180.00999450683594,181.19000244140625,1,0.03150783390271682,0.09288560080608589,0.04665247974568076,0.0402423308087512,0.02101155636017813,0.08255017527394543,0.07756102399080354,0.10428452581050857,0.021011532794537286,0.19324055059286907,0.11018084740087711,0.17887154251304566,-0.6124,0.6908,0.04734615384615383
184.75999450683597,184.75999450683597,84390300,20240506,TSLA,181.19000244140625,184.75999450683597,1,0.07219654244670794,0.04954538279072352,0.10093396251050908,0.05648967491065356,0.028712066268751824,0.12187525624417221,0.0731565829969945,0.08426734764809674,0.21193724794395796,0.028712144105193158,0.06707295866118203,0.10510083347305693,-0.7424,0.6696,0.09666666666666668
177.80999755859375,177.80999755859375,75045900,20240507,TSLA,184.75999450683597,177.80999755859375,0,0.04736605260547397,0.06025712760121841,0.14834811206902784,0.03440476963659892,0.022561592434621337,0.08219151592954733,0.10271371176428538,0.06422827383799631,0.022561574217357074,0.25693665512217123,0.06920239557653199,0.08922821920516963,-0.2732,0.7924,0.16036250000000002
174.72000122070312,174.72000122070312,79969500,20240508,TSLA,177.80999755859375,174.72000122070312,0,0.16145834993365674,0.022569611819735182,0.10590258924822765,0.13368049930508155,0.07812500040383552,0.022569467686979514,0.05813921633012383,0.022569580035975968,0.043402785031304326,0.20312508593650244,0.07033289468990746,0.07812491957866928,-0.5562,0.6133,0.17259999999999998
171.97000122070312,171.97000122070312,65950300,20240509,TSLA,174.72000122070312,171.97000122070312,0,0.04942387400312933,0.08562903451403306,0.05661387889827553,0.0863751552858707,0.053979018621277346,0.09232800462866557,0.03966405353473979,0.1018518550829435,0.02089959615192796,0.150944388227461,0.029828052630975772,0.23246308842069988,-0.5859,0.8271,0.07399285714285712
168.47000122070312,168.47000122070312,72627200,20240510,TSLA,171.97000122070312,168.47000122070312,0,0.02146827889536789,0.07146834363260227,0.15494491689339646,0.08146829208505905,0.1381349146071723,0.07895033317085634,0.08731954577817724,0.08337961934525699,0.021468302445452708,0.1323025303395982,0.0711022878284201,0.05799263497863997,-0.7269,0.4939,0.020680000000000004
171.88999938964844,171.88999938964844,67018900,20240513,TSLA,168.47000122070312,171.88999938964844,1,0.07751162653560538,0.01550219972425724,0.09411201060271271,0.04466887004115885,0.08412099377827338,0.0902383800754996,0.05320048005972363,0.0564092479478306,0.03216914825380032,0.08689687973924462,0.19466823423013793,0.17050192901175518,-0.9382,0.4588,-0.14579
177.5500030517578,177.5500030517578,86407400,20240514,TSLA,171.88999938964844,177.5500030517578,1,0.08854597638775934,0.08853724490032547,0.12708314704636856,0.022916719214507223,0.05416664188813645,0.06458355116510055,0.11666647839233824,0.11666677811642268,0.0541667466080492,0.09586281276353917,0.11663724663863106,0.054166656878821655,-0.624,0.7964,0.1261
173.99000549316406,173.99000549316406,79663000,20240515,TSLA,177.5500030517578,173.99000549316406,0,0.20763889519561632,0.18181974401939044,0.09216283262475244,0.02073417335439371,0.06835320762639398,0.04930565531094057,0.07856894572949362,0.020734598954416827,0.11133698351704091,0.1278764406226398,0.020734250339085054,0.020734272705835773,-0.2617,0.8172,0.5573714285714286
174.83999633789062,174.83999633789062,59812200,20240516,TSLA,173.99000549316406,174.83999633789062,1,0.05749044571330308,0.01582342813701195,0.015823412698583148,0.11582280873647205,0.0158234126986227,0.14018715341023988,0.19082344640283996,0.057490035916439225,0.12895937806661928,0.015823446011852926,0.015823600882441776,0.23010943132557346,-0.6696,0.5106,-0.03974999999999998
177.4600067138672,177.4600067138672,77445800,20240517,TSLA,174.83999633789062,177.4600067138672,1,0.026620398553313097,0.10838987011361516,0.11151754787368935,0.06828709285928984,0.026620380157428947,0.10995373272455368,0.20717604283918326,0.026620370370626836,0.06828711185465085,0.10995376402229166,0.10995331826079857,0.0266203703705583,-0.5719,0.5562,0.005633333333333342
174.9499969482422,174.9499969482422,61727400,20240520,TSLA,177.4600067138672,174.9499969482422,0,0.07626446130878696,0.05639959040315177,0.07052575640456019,0.15167115847999055,0.07860464069360187,0.04497814289472963,0.10946505781801896,0.08636008273843478,0.09027524376830202,0.06303714239512258,0.07438271867632884,0.09803600441897134,-0.7678,0.8126,0.339596
186.6000061035156,186.6000061035156,115266500,20240521,TSLA,174.9499969482422,186.6000061035156,1,0.15280222958600348,0.13387657877547374,0.05529519335838451,0.02354902457759349,0.09766716936763714,0.023549065510327,0.0949776355559589,0.07515738547760463,0.051142466709216225,0.24488501971901513,0.023549053688091945,0.023549177674693375,-0.9117,0.7906,-0.06007777777777777
173.74000549316406,173.74000549316406,71975500,20240523,TSLA,180.11000061035156,173.74000549316406,0,0.06632210288906717,0.11310977884455546,0.06830921124067275,0.04006297447034161,0.1352367899249425,0.06553133486497013,0.0960866462400221,0.1419566329410765,0.018309164146876347,0.09608708768397024,0.06028397788234838,0.09870429887115631,-0.8176,0.6588,-0.03389333333333333
179.24000549316406,179.24000549316406,65584500,20240524,TSLA,173.74000549316406,179.24000549316406,1,0.09925495580635627,0.059812861457586464,0.05452540653063019,0.10206292128979462,0.09889833591582851,0.1412925180328361,0.053773555039454295,0.041707738944697495,0.06832265635503634,0.14932190927427264,0.05714319603759438,0.0738839453159122,-0.8584,0.7579,0.07980714285714285
176.75,176.75,59736600,20240528,TSLA,179.24000549316406,176.75,0,0.023148148148383497,0.1896626404750383,0.023149217279814397,0.1342596068851031,0.023148148148380468,0.023148286137590967,0.15950757200691557,0.1066321311801693,0.0231481481483322,0.24789886385844853,0.0231490895835198,0.02314814814830347,0.0,0.5848,0.3478666666666667
176.19000244140625,176.19000244140625,54782600,20240529,TSLA,176.75,176.19000244140625,0,0.06095464055868958,0.042060815081483224,0.13899268223647404,0.037515436827976804,0.08296406980759996,0.09614890349713451,0.14054526836409972,0.09263231710974497,0.09706352816171546,0.05048289830667362,0.10261429917039132,0.058025140878016294,-0.7806,0.4926,-0.05567272727272729
178.7899932861328,178.7899932861328,77618400,20240530,TSLA,176.19000244140625,178.7899932861328,1,0.07895436211573671,0.07113652836689534,0.07620575056874605,0.0333220080828749,0.06900720406709406,0.05794587443827968,0.06495638012217934,0.14786569052783777,0.09931509479389945,0.0786490657321318,0.08421786114252795,0.13842418004179646,-0.7351,0.872,0.16777142857142857
178.0800018310547,178.0800018310547,67314600,20240531,TSLA,178.7899932861328,178.0800018310547,0,0.09747885249407269,0.04312181413767998,0.10026397148473012,0.04312184164730444,0.043121950711612476,0.04312174688213246,0.10978838128603094,0.1097883585235867,0.04312169312207572,0.12711904309123315,0.04312184878498728,0.19683049783455364,-0.3612,0.8591,0.18409999999999999
176.2899932861328,176.2899932861328,68568900,20240603,TSLA,178.0800018310547,176.2899932861328,0,0.02916712037996185,0.0291666947500385,0.054166772243459976,0.02916669458466685,0.09166637340997179,0.23749999129033433,0.029166666666912186,0.12916638181784823,0.05416663918448311,0.1041666225523469,0.05000007173737583,0.16249997138260003,-0.4576,0.7893,0.10925
174.77000427246094,174.77000427246094,60056300,20240604,TSLA,176.2899932861328,174.77000427246094,0,0.03540696519244805,0.0662496026692857,0.011597508257483716,0.0710294004093331,0.0891471184675618,0.05326386057067568,0.37150094664295336,0.035407306418704064,0.011597429650892083,0.1615974549221107,0.08160497619211685,0.011597430606434382,-0.5574,0.6597,-0.015316666666666682
175.0,175.0,57953800,20240605,TSLA,174.77000427246094,175.0,1,0.09773797879767776,0.12886701265519843,0.020096409552856114,0.07215379392884377,0.020096405590578542,0.09628683000823153,0.27344811000410296,0.020096390795101456,0.10581066035994868,0.0200966708119454,0.020096466658496986,0.12521327083701783,-0.296,0.8553,0.1608285714285714
177.94000244140625,177.94000244140625,69887000,20240606,TSLA,175.0,177.94000244140625,1,0.10423708635752932,0.026498104588310662,0.07246372675756603,0.17273816870267744,0.05784610626612975,0.06789731121291143,0.07310698220422317,0.03935166513725493,0.15633744796039292,0.021679301414149317,0.19184667131723804,0.015997428081616506,-0.34,0.8398,0.21591875
177.47999572753906,177.47999572753906,56244900,20240607,TSLA,177.94000244140625,177.47999572753906,0,0.07053539896806968,0.01339335098345964,0.01339290228889398,0.24221852761670642,0.013392894097826341,0.013392953815414898,0.013392960321585221,0.07789060471202007,0.09987607283787171,0.1633936414313429,0.21339261898362644,0.06572807394318224,-0.4939,0.8122,0.04142
173.7899932861328,173.7899932861328,50774600,20240610,TSLA,177.47999572753906,173.7899932861328,0,0.0319163551353516,0.12449522653351354,0.13631336535505112,0.03792735889942955,0.08417137230875708,0.02033322089885726,0.08186530924615218,0.15218794077477274,0.036999789063200055,0.06319036925482958,0.04829862295503835,0.18230106957504646,-0.7783,0.9134,0.07622666666666666
170.66000366210938,170.66000366210938,64761900,20240611,TSLA,173.7899932861328,170.66000366210938,0,0.05227060347937752,0.043902702126185675,0.11602753280812492,0.037864653052895346,0.1070252110714452,0.054445885765396,0.11193729930040129,0.05764344377035831,0.034472029440562574,0.20486997163895543,0.04975767432878248,0.1297829932175147,-0.5574,0.7845,0.24397142857142856
177.2899932861328,177.2899932861328,90389400,20240612,TSLA,170.66000366210938,177.2899932861328,1,0.0411992129002183,0.09281668655617023,0.2289590777011652,0.03283354199419608,0.04658312373943256,0.1886912357002665,0.046174427602216066,0.07452519342243516,0.09013849428824162,0.0211743562964659,0.02117430169992931,0.11573034809926248,-0.7184,0.5499,0.02976000000000001
182.47000122070312,182.47000122070312,118984100,20240613,TSLA,177.2899932861328,182.47000122070312,1,0.02326395165067425,0.0232639091045306,0.0232640048190393,0.023264340629848224,0.023263888889166473,0.08828400958754891,0.16909719999104,0.1582433682347694,0.16909711075148445,0.023263904528154824,0.02326405774621025,0.2524302540675328,0.0,0.7562,0.4867
178.00999450683594,178.00999450683594,82038200,20240614,TSLA,182.47000122070312,178.00999450683594,0,0.02611111111158466,0.098459667856206,0.02611141703246152,0.02611112560721368,0.026111123100792676,0.12611078309641782,0.07376268557549386,0.05944443933313102,0.02611111111148128,0.2994443941482309,0.18611103091556264,0.02611111111142348,0.0,0.4404,0.15172
187.44000244140625,187.44000244140625,109786100,20240617,TSLA,178.00999450683594,187.44000244140625,1,0.017438346750602473,0.03315554585638824,0.16808089931965262,0.08284516572223084,0.0313272193719779,0.17803238975248423,0.052531714411439785,0.09199859539290973,0.07448035435145235,0.15198822636972645,0.10068326123491665,0.017438281466218206,-0.5423,0.7906,0.15159999999999998
184.8600006103516,184.8600006103516,68982300,20240618,TSLA,187.44000244140625,184.8600006103516,0,0.025000307125019425,0.025000022473549148,0.1475868071978509,0.14407924819285367,0.14999941348630616,0.025000168659150127,0.02500015628591315,0.10833371379421362,0.06666647279254632,0.19166687328828746,0.025000192128520324,0.06666662457578923,-0.6908,0.0,-0.33485
181.57000732421875,181.57000732421875,55893100,20240620,TSLA,184.8600006103516,181.57000732421875,0,0.01765374461239324,0.11221382748538115,0.04329481850727922,0.1111484292961904,0.04329464133916295,0.094576678226093,0.16460846449276825,0.055656768418892666,0.03688437181180984,0.10163759187938361,0.07292225920247884,0.1461084047281663,-0.6369,0.9366,0.09015384615384615
183.00999450683597,183.00999450683597,61937300,20240621,TSLA,181.57000732421875,183.00999450683597,1,0.0644466807300534,0.051548127454110734,0.05154760119990033,0.08423913479321858,0.11821430606541536,0.08039350088057544,0.052189374317464475,0.018214384121951442,0.01821473904796226,0.26531458879940506,0.12746319384261975,0.0682143687473226,-0.7263,0.9552,-0.10981999999999999
182.5800018310547,182.5800018310547,61992100,20240624,TSLA,183.00999450683597,182.5800018310547,0,0.1013888369036837,0.10138908006677902,0.08466996202262785,0.03472243574326924,0.08472194035050526,0.16805544914023085,0.0680556622174886,0.15144068852044815,0.0347223852335051,0.03472230002317736,0.03472234044127984,0.1013889193370046,-0.8074,0.5563,0.051900000000000016
187.3500061035156,187.3500061035156,62905700,20240625,TSLA,182.5800018310547,187.3500061035156,1,0.04907437963845502,0.06574079340282073,0.08425904935948705,0.07685157101676122,0.06574048846740159,0.10599322659363866,0.06574073677779525,0.16772897293536598,0.021296643933391143,0.07685209990365355,0.17720347570187284,0.0435185622693565,-0.7351,0.4215,0.024422222222222227
196.3699951171875,196.3699951171875,95737100,20240626,TSLA,187.3500061035156,196.3699951171875,1,0.016319465132000624,0.07881948092684775,0.09965260529068905,0.09965247763457584,0.016319444444675524,0.1413198370009273,0.016319525445691527,0.016319444444655325,0.21631948948907634,0.09965280435655711,0.18298598138970407,0.016319444444598975,-0.1779,0.6808,0.12572499999999998
197.4199981689453,197.4199981689453,72746500,20240627,TSLA,196.3699951171875,197.4199981689453,1,0.043294505443089215,0.08432863277977988,0.01751556415376355,0.059182283264625435,0.01751549565172855,0.01751558531201935,0.017515554583583382,0.16163452126783287,0.1995562750653821,0.03981460132309108,0.10084865803445102,0.24127832312065303,-0.1404,0.7684,0.126
197.8800048828125,197.8800048828125,95438100,20240628,TSLA,197.4199981689453,197.8800048828125,1,0.12084880865729768,0.09864563033969928,0.11110483863044097,0.062357989764437904,0.041950112077217626,0.021541950653391515,0.021542086209206186,0.23345963588050125,0.05725612967361059,0.021541950113672742,0.021542049945207198,0.1882088180553165,-0.7184,0.8304,0.20645714285714287
209.8600006103516,209.8600006103516,135691400,20240701,TSLA,197.8800048828125,209.8600006103516,1,0.05014490701901913,0.09282917974551785,0.09675526153645699,0.040142009691880046,0.0793387201463714,0.12537580407595342,0.21089858532445288,0.07620656549903464,0.020581754902888327,0.11254676491627377,0.02570989499662728,0.0694705521455237,-0.875,0.7684,-0.0070066666666666645
231.25999450683597,231.25999450683597,205047900,20240702,TSLA,209.8600006103516,231.25999450683597,1,0.15039221366124894,0.07169226320103936,0.15419326756618382,0.08114398107144354,0.05425827867653352,0.051101807567828055,0.05975291773004631,0.04693224860439171,0.10874093975348641,0.02129125340538496,0.08539390067605704,0.11510692808635584,-0.4019,0.8313,0.2774076923076923
246.38999938964844,246.38999938964844,166561500,20240703,TSLA,231.25999450683597,246.38999938964844,1,0.1723484355576672,0.07234853033824215,0.10011816618447496,0.02234865289882416,0.02234850450927952,0.22234839191886108,0.022348777249055783,0.0950756227462303,0.022348504110308778,0.02234874499538442,0.20366917699620166,0.022348492495469358,-0.4389,0.8519,0.1115
251.5200042724609,251.5200042724609,154501200,20240705,TSLA,246.38999938964844,251.5200042724609,1,0.02083333333399655,0.02083348260817825,0.02083337651769765,0.020833333333970402,0.02083333333398795,0.020833333333955102,0.02083333333386935,0.35416655706903843,0.0208333333338519,0.18750001215203085,0.18749994465903366,0.10416662699038935,-0.4588,0.0772,-0.1908
252.94000244140625,252.94000244140625,157219600,20240708,TSLA,251.5200042724609,252.94000244140625,1,0.07326537032299502,0.11478174779214378,0.01478175539632025,0.0966315476017688,0.20645090814809688,0.014781788497117468,0.014781782421233016,0.0966250264539128,0.014781746031961899,0.014781794386419916,0.014781757794753367,0.3235547751532763,-0.8625,0.4767,-0.07035000000000001
262.3299865722656,262.3299865722656,160210900,20240709,TSLA,252.94000244140625,262.3299865722656,1,0.0550371942962419,0.12983942495737139,0.07018800267913546,0.03555651243288964,0.08660325304811012,0.032270046173269555,0.061889410272948225,0.08479874948214376,0.07716488160476072,0.13643621593263774,0.07605318488356468,0.15416312423692627,-0.7269,0.784,0.1308409090909091
263.260009765625,263.260009765625,128519400,20240710,TSLA,262.3299865722656,263.260009765625,1,0.08407758611721405,0.07204766440908399,0.09711575397567111,0.06324406197365087,0.14136873881213108,0.11577373425103378,0.16119351615291913,0.07886919156454598,0.06741071374069976,0.021577516220974476,0.02157751348920764,0.07574400929286766,-0.5719,0.8126,0.01815
241.02999877929688,241.02999877929688,221707300,20240711,TSLA,263.260009765625,241.02999877929688,0,0.16050853993503475,0.030210143683900702,0.08863237464250652,0.1026708364726785,0.0453196396048892,0.05149524179433616,0.12455029959382423,0.06630276591044713,0.05328637688288236,0.0807381439804228,0.11478709107972605,0.08149854641935105,-0.9081,0.902,0.044607692307692313
248.22999572753903,248.22999572753903,155955800,20240712,TSLA,241.02999877929688,248.22999572753903,1,0.0922501811524449,0.03184328920252963,0.019343531114861867,0.0692644126250368,0.11969984676061154,0.1359618120480801,0.07663481487152311,0.12728374738784554,0.0847259899394543,0.07385688857846048,0.10289574448005784,0.06623974183909341,-0.7345,0.8316,0.005193750000000004
252.63999938964844,252.63999938964844,146912900,20240715,TSLA,248.22999572753903,252.63999938964844,1,0.10815968598162529,0.11238075312822504,0.09177164014966957,0.06889099486051682,0.03418285783249909,0.06625921555387013,0.02388343291002861,0.12921663000199898,0.015553030963975333,0.17963228404337225,0.06767463487927512,0.1023948396949432,-0.9253,0.8718,0.028468421052631577
256.5599975585937,256.5599975585937,126332500,20240716,TSLA,252.63999938964844,256.5599975585937,1,0.08301264698224536,0.08763057555420901,0.05671594199322628,0.12663108914175789,0.08386221848079672,0.06952274973623057,0.07141653603366888,0.06212722691305988,0.07754926098397412,0.04542465796425443,0.027224713050721917,0.20888238316585445,-0.9151,0.6124,-0.2490363636363636
248.5,248.5,115584800,20240717,TSLA,256.5599975585937,248.5,0,0.07789123407367265,0.06299651578103857,0.03830820222498248,0.07789150097529551,0.15456955258044294,0.09625863863451557,0.038308316629021344,0.06011093340647582,0.10067651995823358,0.08909543835761184,0.03679097081453156,0.16710217656417767,-0.7184,0.802,0.12220624999999999
249.22999572753903,249.22999572753903,110869000,20240718,TSLA,248.5,249.22999572753903,1,0.08175141688926578,0.11493880799068712,0.050005157295767065,0.09254733123723861,0.10101586782924181,0.11493822805193432,0.017716813624001133,0.0626775886449407,0.02857743654573279,0.0593833718617228,0.017716735384352634,0.2587312446451147,-0.8402,0.8096,0.07936666666666665
239.1999969482422,239.1999969482422,87403900,20240719,TSLA,249.22999572753903,239.1999969482422,0,0.08228463464102564,0.09728527046620015,0.04827125476507034,0.1013534423961945,0.16364914800904926,0.05507373998456259,0.05262036584098973,0.10287865204951203,0.06705003364473525,0.05743847276620328,0.07628220223662022,0.09581278319983651,-0.8402,0.7184,-0.0706952380952381
251.50999450683597,251.50999450683597,101225400,20240722,TSLA,239.1999969482422,251.50999450683597,1,0.09104635080022402,0.07096236482402546,0.0856651037076991,0.03418383419355958,0.06288606534043395,0.0672461765622561,0.06456523071243109,0.057813483669672594,0.11601050238728035,0.16261510067673612,0.09105723441501488,0.09594855271066625,-0.8779,0.9201,0.26828823529411766
246.3800048828125,246.3800048828125,111928200,20240723,TSLA,251.50999450683597,246.3800048828125,0,0.07155383818970891,0.059207865219080134,0.05920865184393709,0.04180652630587048,0.12402166262238423,0.16661470413594465,0.23204721710547352,0.022170845755857968,0.02217082032668401,0.11981937250398089,0.0221708060091124,0.0592076899819651,0.0,0.7992,0.5140888888888889
215.9900054931641,215.9900054931641,167942900,20240724,TSLA,246.3800048828125,215.9900054931641,0,0.11673090079707295,0.06263730968531542,0.059205672891714876,0.06584561036907388,0.02255601427212881,0.08668679656725749,0.03311423924630375,0.1615581376687644,0.022556108862905752,0.02255604452534521,0.06297076069546213,0.2835824044186548,-0.8372,0.974,0.08832727272727271
220.25,220.25,100636500,20240725,TSLA,215.9900054931641,220.25,1,0.060496398535540764,0.16100327664639857,0.1580112721368725,0.0502388343769698,0.13619063221688096,0.02834814802014945,0.059457373844146254,0.08811011750301366,0.04305362043697755,0.11527575399874583,0.034865402051761064,0.06494917023254301,-0.5994,0.8569,0.24506470588235296
219.8000030517578,219.8000030517578,94604100,20240726,TSLA,220.25,219.8000030517578,0,0.022817532701260614,0.022817470363977403,0.21219452460827187,0.0513889844399587,0.11861272561893145,0.0834403681682415,0.022817506855562972,0.02281748857784127,0.02281746031772213,0.1604003497707645,0.07039164390048368,0.18948394467698332,-0.7351,0.4767,-0.14529999999999998
232.1000061035156,232.1000061035156,129201800,20240729,TSLA,219.8000030517578,232.1000061035156,1,0.07078963333487313,0.11438096519811716,0.10323569690520107,0.08992338607295568,0.0881161556804574,0.0404151889487547,0.03593163906397627,0.1275051981762623,0.025030540096684487,0.09585825745255219,0.0553809726784945,0.15343236639167057,-0.7579,0.6249,0.05902692307692308
222.6199951171875,222.6199951171875,100560300,20240730,TSLA,232.1000061035156,222.6199951171875,0,0.10490342329744476,0.0648048964191882,0.05851376559926165,0.06712912070826854,0.02377909055104987,0.02377906961043093,0.07237755207304428,0.10839431756429284,0.02377903043104968,0.22506625791274407,0.09919876174176058,0.12827471409146407,-0.9429,0.7351,-0.01406153846153845
232.07000732421875,232.07000732421875,67497000,20240731,TSLA,222.6199951171875,232.07000732421875,1,0.25728510896698986,0.14072421632274879,0.019891086371553214,0.06940963996774022,0.01989096628455065,0.08239094356802944,0.0822692324864992,0.0734621412377001,0.07893222056413565,0.01989087301608845,0.08239096666978103,0.0734626045441829,-0.6124,0.8591,0.10373749999999998
216.8600006103516,216.8600006103516,83861900,20240801,TSLA,232.07000732421875,216.8600006103516,0,0.02055567429080463,0.06704694082410796,0.07956392741591671,0.09425359552869682,0.09626099656434578,0.10302128605421598,0.06639270802165169,0.17555562933591498,0.0801318452679716,0.07938104260515931,0.04685726777930704,0.09097908631190696,-0.5983,0.5859,-0.018500000000000016
207.6699981689453,207.6699981689453,82880100,20240802,TSLA,216.8600006103516,207.6699981689453,0,0.0712219750196227,0.07410151867021325,0.12042566672507045,0.08882511872823398,0.06080523614209112,0.06080520110559399,0.0786622027822711,0.1233050208339542,0.029555516103006874,0.09205450747121711,0.0295555488675994,0.17068248755112536,-0.2263,0.8676,0.3528
198.8800048828125,198.8800048828125,100308800,20240805,TSLA,207.6699981689453,198.8800048828125,0,0.01666669547767095,0.0166667419757826,0.01666670656894015,0.01666669337171065,0.2166667546768311,0.01666710502901625,0.4166655452112144,0.0166670063171981,0.01666666666703005,0.11666677379745344,0.016666735876692,0.11666657503045996,-0.6249,-0.2732,-0.44905
200.63999938964844,200.63999938964844,73783900,20240806,TSLA,198.8800048828125,200.63999938964844,1,0.13208926209754415,0.0653130023852189,0.05128377099517712,0.03613216213046433,0.08808728837266942,0.037150816921093774,0.046655026703504715,0.1912862958418123,0.06643536801219416,0.1657600908709619,0.02098068104008019,0.09882623462927849,-0.743,0.7964,-0.18454545454545454
191.75999450683597,191.75999450683597,71159800,20240807,TSLA,200.63999938964844,191.75999450683597,0,0.20198933104821493,0.020833843655281,0.14583332920614164,0.2708324850672804,0.020833333334002575,0.02083333333396895,0.020833644660186175,0.020833481108370425,0.020833333333863426,0.14583308771697595,0.020833399351896476,0.08967739818381755,-0.8158,0.0,-0.3517
198.83999633789065,198.83999633789065,65033900,20240808,TSLA,191.75999450683597,198.83999633789065,1,0.02083339300925035,0.0208333333336727,0.10416628259293781,0.020833333333747598,0.0208333333337591,0.3541666069899935,0.020833569053468202,0.020833388980112402,0.0208333333336706,0.02083333333369135,0.020833333333597902,0.35416675937209807,0.0,0.6486,0.3243
200.0,200.0,58648300,20240809,TSLA,198.83999633789065,200.0,1,0.08987677071120828,0.09026197841716652,0.10285664753143979,0.0205651959818032,0.07889847187693254,0.05394959333487392,0.09053425325564915,0.07264858714684108,0.057023518719348576,0.10389842016367365,0.05915633945915434,0.18033022340190846,-0.7906,0.8016,0.057612500000000004
197.4900054931641,197.4900054931641,64044900,20240812,TSLA,200.0,197.4900054931641,0,0.025741268569870312,0.13946606087997593,0.07302982371507716,0.06350304225210217,0.0885093686807078,0.09171090879757904,0.02574123335014071,0.1278719640342566,0.04534898998832,0.10006624040974703,0.09621109795404391,0.12280000136817878,-0.8653,0.8478,0.004076470588235302
207.8300018310547,207.8300018310547,76247400,20240813,TSLA,197.4900054931641,207.8300018310547,1,0.055717534967130396,0.05540397965091128,0.04178785844044568,0.051903100824950366,0.0884462011491685,0.11769910790236375,0.059126784880739115,0.19982084891741872,0.03101191673695308,0.052693497457694055,0.08050163621441732,0.1658875328578072,-0.7845,0.9066,0.05931515151515152
201.3800048828125,201.3800048828125,70250000,20240814,TSLA,207.8300018310547,201.3800048828125,0,0.11909299384138292,0.054901070215346494,0.054583304061973384,0.042440608328061784,0.08377181198462572,0.036402984082961276,0.10793870346204856,0.17227697911777268,0.04425808120022147,0.15888357983570972,0.029940574733790238,0.09550930913610521,-0.7574,0.9325,0.187225
214.13999938964844,214.13999938964844,89848500,20240815,TSLA,201.3800048828125,214.13999938964844,1,0.0569910268814372,0.20289293651444748,0.13566757741770732,0.096329418478595,0.012996031746339566,0.012996128180099034,0.2916821119543381,0.012996180849344965,0.0667814327534372,0.012996156427699366,0.08467489805536706,0.012996100741187198,-0.126,0.9177,0.47619999999999996
216.1199951171875,216.1199951171875,88765100,20240816,TSLA,214.13999938964844,216.1199951171875,1,0.04841776028388433,0.09344013634592142,0.06746572153896123,0.06194559668922813,0.019846750994174083,0.019846991886574187,0.1627027743693275,0.14841737871235874,0.019846439495796456,0.13413196593763163,0.10019593257968426,0.12374255116645752,0.0,0.8555,0.3717142857142858
222.72000122070312,222.72000122070312,76435200,20240819,TSLA,216.1199951171875,222.72000122070312,1,0.02501029495401158,0.07587228181332933,0.03600210368442063,0.05266867578213231,0.12953989162120388,0.07864758611928484,0.036002135000425275,0.16428998756209395,0.12804827793149479,0.019335452732590973,0.10955449553646998,0.14502881726254194,-0.6808,0.7574,0.14993333333333334
221.1000061035156,221.1000061035156,74001200,20240820,TSLA,222.72000122070312,221.1000061035156,0,0.039761835266558576,0.05888545223439393,0.053095190899749733,0.019761932006623358,0.18761896572722545,0.14642819277117328,0.03976228552253153,0.10642876427407374,0.039761922183174245,0.20897151257058696,0.01976203931656248,0.0797619072273462,-0.91,0.4753,-0.1488
223.2700042724609,223.2700042724609,70146000,20240821,TSLA,221.1000061035156,223.2700042724609,1,0.20863721316877992,0.058977257340536875,0.01860154685387814,0.08110077442719399,0.03943504545094784,0.06039229229155027,0.09954463348330986,0.17735886559834574,0.018601190476522762,0.08110120131784218,0.08110119521503757,0.07514878437605424,-0.6249,0.5457,-0.11373750000000002
210.66000366210935,210.66000366210935,79514500,20240822,TSLA,223.2700042724609,210.66000366210935,0,0.10667984601706088,0.038025231689240185,0.09332395397941473,0.05641548894141914,0.0193784905366656,0.11567456881541688,0.056415226632375165,0.11438955436190769,0.04908484460823184,0.07493392753347239,0.1087193670569933,0.16695949982780173,0.0,0.8481,0.2479555555555556
220.32000732421875,220.32000732421875,81525200,20240823,TSLA,210.66000366210935,220.32000732421875,1,0.011375695949568367,0.0113756613758346,0.011375750414493799,0.0683025242423918,0.13537652891786808,0.0113756613758678,0.29708953399840304,0.2891534233792055,0.130447949416461,0.011375661375844134,0.011375932404062733,0.011375677149998735,0.3612,0.8217,0.5645
213.2100067138672,213.2100067138672,59301200,20240826,TSLA,220.32000732421875,213.2100067138672,0,0.028307259185691436,0.04602165991267741,0.129289516825724,0.0671893973059194,0.08263975048847268,0.03924382036820815,0.0877159479620715,0.0926946249105276,0.10710321087636167,0.09453396178363953,0.08839909893148461,0.1368617514492215,-0.5719,0.8834,0.21344375000000002
209.2100067138672,209.2100067138672,62821400,20240827,TSLA,213.2100067138672,209.2100067138672,0,0.04630925373139444,0.083352717624068,0.10858140115374634,0.10502699107185276,0.01668662595187785,0.1746955628647358,0.1917107623339621,0.09027579019882073,0.04284851069187229,0.03668646485314715,0.016686688620911848,0.08713923090361017,-0.8074,0.8957,0.22792000000000004
205.75,205.75,64116400,20240828,TSLA,209.2100067138672,205.75,0,0.20388832646677252,0.16428891213768537,0.10055570939035212,0.020555782796102838,0.0705555766885929,0.0205555653443578,0.08682251415256606,0.11055560099216215,0.02055555555577218,0.12055521359237324,0.06055551868482686,0.02055572419843546,-0.7506,0.3182,-0.19494000000000003
206.27999877929688,206.27999877929688,62308800,20240829,TSLA,205.75,206.27999877929688,1,0.1386401472724074,0.027015668167035593,0.06431713091741001,0.06180908787049263,0.08257105251558546,0.07094915003489241,0.07361427097174847,0.09038998385104799,0.07152095493810703,0.05082518803123196,0.03608180101498816,0.23226556441505236,-0.8051,0.8519,-0.010280952380952401
214.1100006103516,214.1100006103516,63370600,20240830,TSLA,206.27999877929688,214.1100006103516,1,0.23812983398870355,0.09100420743896048,0.023735817321139403,0.05097389833121705,0.05243445453859493,0.09461149926996466,0.05047748857854887,0.06653189230409699,0.06121873679427134,0.03760147568637807,0.026703728130160195,0.20657696761796393,-0.7717,0.9374,-0.003237037037037044
210.6000061035156,210.6000061035156,76714200,20240903,TSLA,214.1100006103516,210.6000061035156,0,0.11923193870721513,0.07152042399395922,0.09146329640713327,0.08134590662058051,0.050644017415011955,0.09021455337104489,0.04245707524297913,0.08939610656069115,0.033100111361929,0.07254337503233095,0.048012093136471035,0.21007110215065317,-0.9153,0.9245,0.025336842105263147
219.41000366210935,219.41000366210935,80651800,20240904,TSLA,210.6000061035156,219.41000366210935,1,0.0868531124293319,0.040383048894810425,0.09575335240250317,0.04427917402748983,0.015707853399447972,0.05528234475680573,0.02508123768548984,0.10841895347827638,0.06656124882925482,0.11833667583604422,0.03426937845137859,0.3090736198091666,-0.8398,0.9347,0.06344999999999999
230.1699981689453,230.1699981689453,119355000,20240905,TSLA,219.41000366210935,230.1699981689453,1,0.07064082914063634,0.04271331929349198,0.06998960978918148,0.06162084841223467,0.09610791222325256,0.10639332752325217,0.027307026301638254,0.0471448028416512,0.046914805754278456,0.06374595015989212,0.03107993535480255,0.33634163320568766,-0.6705,0.929,0.07415882352941178
210.72999572753903,210.72999572753903,112177000,20240906,TSLA,230.1699981689453,210.72999572753903,0,0.030196599670787888,0.048164755430886386,0.03771814443085673,0.06316507523502689,0.1422117438955067,0.032250390617203854,0.12428864394093662,0.031726974228846225,0.07899703190228542,0.06914976254617242,0.10869110006619243,0.23343977803529786,-0.7783,0.8735,0.1356607142857143
216.2700042724609,216.2700042724609,67443500,20240909,TSLA,210.72999572753903,216.2700042724609,1,0.04279280286301017,0.03202184929168942,0.046428088933446444,0.02691973146742736,0.08495421600477313,0.06381035001989356,0.07964059562054021,0.07563287477103274,0.07964077939249527,0.16815502951457842,0.07453902560050263,0.22546465652061015,-0.926,0.8555,-0.05767619047619048
226.1699981689453,226.1699981689453,78891100,20240910,TSLA,216.2700042724609,226.1699981689453,1,0.05535155202037323,0.1126900357266282,0.11128878115223269,0.10254573600628225,0.03492421346459476,0.0657219618002307,0.08283651340293274,0.07349132497548859,0.06562707832238261,0.018245808011161754,0.09948221228377765,0.17779478283391423,-0.7106,0.7777,0.03591999999999999
228.1300048828125,228.1300048828125,83548600,20240911,TSLA,226.1699981689453,228.1300048828125,1,0.144163021464973,0.016202218227907902,0.1677161669058024,0.06533182335128372,0.01620221474529622,0.09802027089112063,0.06512965648552743,0.08903115267730143,0.04650537099640089,0.08850467985373801,0.061656611013055175,0.1415368133875926,-0.8625,0.8221,0.09365454545454545
229.80999755859372,229.80999755859372,71894900,20240912,TSLA,228.1300048828125,229.80999755859372,1,0.061514014468587654,0.04654864258838469,0.04959302669670635,0.15003401121619567,0.04245707813977114,0.04411587903237252,0.04734041643118,0.03272546758274965,0.09608530945458299,0.14701062309723384,0.05040721647776511,0.23216831481446987,-0.903,0.9285,0.1169
230.2899932861328,230.2899932861328,59515100,20240913,TSLA,229.80999755859372,230.2899932861328,1,0.17515483844179072,0.014099506905012368,0.0140994163422258,0.014099648841597067,0.2363213335986533,0.1881172347107509,0.014099363491390834,0.051681190549918175,0.014099461859295533,0.0723303186633832,0.0838341017965986,0.12206358479938301,-0.421,0.4767,0.17149999999999999
226.77999877929688,226.77999877929688,54323000,20240916,TSLA,230.2899932861328,226.77999877929688,0,0.08446281675369537,0.07528797942237041,0.038309106564135526,0.03574484146503704,0.05783764455285556,0.09984765753773793,0.0677960659406302,0.17898522163898553,0.0687804804422262,0.10212726331768461,0.03987507280760726,0.15094584955703377,-0.8885,0.8807,0.15495384615384616
227.8699951171875,227.8699951171875,66761600,20240917,TSLA,226.77999877929688,227.8699951171875,1,0.04439511687960424,0.04201990970235452,0.10201717513929598,0.05176735717277622,0.1283288718780515,0.17850982789237047,0.08730555667392363,0.047604287021006025,0.03918686822614064,0.07215405007151174,0.07421970169188448,0.13249127765108,-0.7783,0.9153,0.11702916666666667
227.1999969482422,227.1999969482422,78010200,20240918,TSLA,227.8699951171875,227.1999969482422,0,0.054046628373338915,0.03704910968129551,0.05305948358008446,0.09015107909796899,0.12159442377856552,0.04495168705421612,0.14163289086016123,0.06639162729475453,0.0662129742645178,0.08962015595109694,0.04708336348485805,0.1882065765791414,-0.8625,0.9046,0.18910384615384618
243.9199981689453,243.9199981689453,102694600,20240919,TSLA,227.1999969482422,243.9199981689453,1,0.06290066590254705,0.011629721484936482,0.15341155256957334,0.029944452689742333,0.026781234391343552,0.06393435073973099,0.1046284278101595,0.011629851476582765,0.16011446009843427,0.0116299683665169,0.0827182275919543,0.280677086878478,0.6478,0.9323,0.8078333333333334
238.25,238.25,99879100,20240920,TSLA,243.9199981689453,238.25,0,0.06292061305709605,0.044223398280463934,0.15147448405640201,0.07361119845237184,0.025992171172016403,0.0568957694188686,0.09469022621247909,0.10500051751294485,0.025992096539086042,0.17908113328786032,0.07361108018677023,0.10650731182364014,-0.7425,0.6249,-0.13028571428571428
250.0,250.0,86927200,20240923,TSLA,238.25,250.0,1,0.15613153529046156,0.048214983807990816,0.17836875991996598,0.05514041955766009,0.01667926362384003,0.0797495246570277,0.04266769433371758,0.12926112740880663,0.11283284332098889,0.09377873700803765,0.016679088006870492,0.07049602306463197,-0.7227,0.5994,-0.10067692307692308
254.2700042724609,254.2700042724609,88491000,20240924,TSLA,250.0,254.2700042724609,1,0.07425221816360886,0.09263305109641988,0.07289391563533021,0.07098865125263022,0.07254674189060523,0.09152037707020509,0.03490317984794629,0.11864221782924349,0.047813693685639966,0.08896090965478302,0.06934114246660648,0.16550390140698074,-0.8481,0.6597,0.234275
257.0199890136719,257.0199890136719,65034300,20240925,TSLA,254.2700042724609,257.0199890136719,1,0.08175549877700587,0.01925525643183485,0.047121981692111625,0.01925505050557655,0.1783188914189003,0.14523920040367347,0.058499926996492674,0.0192551279084174,0.13676422851806674,0.019255296645516923,0.01925519473008435,0.2560243459723187,0.1779,0.5994,0.399325
254.22000122070312,254.22000122070312,67142200,20240926,TSLA,257.0199890136719,254.22000122070312,0,0.08117142318854378,0.01357871738633554,0.06060263186819226,0.1423001936648473,0.13791453304671167,0.08521226539835469,0.05549097925591484,0.11425417199489092,0.071911998924078,0.0335788436506934,0.11297710518582635,0.09100713643561073,-0.8832,0.6486,0.06919
260.4599914550781,260.4599914550781,70988100,20240927,TSLA,254.22000122070312,260.4599914550781,1,0.042758007357166464,0.026015716710345266,0.011309818327150013,0.017845739456461448,0.05709747251684833,0.17848385458278024,0.047420778313555255,0.17644313512192522,0.07616783465852267,0.07729049875024983,0.04971386360378802,0.2394532806012067,-0.8126,0.8481,0.03835882352941176
261.6300048828125,261.6300048828125,80705700,20240930,TSLA,260.4599914550781,261.6300048828125,1,0.06960023114072787,0.10284856527329786,0.06460036086130198,0.08142566665238091,0.15293326857897055,0.04460017435560017,0.11959927152571925,0.12274957960900919,0.01960022336838162,0.01960046262384766,0.01960023624851799,0.18284195976224438,-0.8375,0.6875,-0.11367000000000001
258.0199890136719,258.0199890136719,87397600,20241001,TSLA,261.6300048828125,258.0199890136719,0,0.03300624409598152,0.07807767689999362,0.03346761323325057,0.09107695652017812,0.1274517159919453,0.13650181200894462,0.07081542000167304,0.059225171795087676,0.044032046841738254,0.06436985232177918,0.038410407321599206,0.22356508296782843,-0.8779,0.9412,0.151109375
249.0200042724609,249.0200042724609,93983900,20241002,TSLA,258.0199890136719,249.0200042724609,0,0.06395663868644703,0.07735937210458195,0.050579396899821404,0.12137815208026506,0.057222372996599546,0.13603096972339307,0.044626706957137566,0.03994243587150923,0.05991759624931544,0.061688629543165424,0.02273587746147912,0.26456185142628463,-0.7835,0.9161,0.07015714285714285
240.66000366210935,240.66000366210935,80729200,20241003,TSLA,249.0200042724609,240.66000366210935,0,0.10048556860526353,0.0737416066948486,0.014374448204141148,0.18704959338422547,0.06767014582927806,0.05485037318406116,0.014374488431171091,0.07849794003894388,0.0262791635301402,0.046919706317398106,0.03520777993337051,0.3005491858471577,-0.4003,0.8395,0.21751666666666666
250.0800018310547,250.0800018310547,86573200,20241004,TSLA,240.66000366210935,250.0800018310547,1,0.08413026139885343,0.04761780244412454,0.053872013542884414,0.07299382296859845,0.0715837119879715,0.08377226858496135,0.099643612622041,0.04993298898119111,0.056274581188555294,0.056981055790453046,0.05234484054206152,0.2708530399483038,-0.6476,0.9809,0.13507115384615384
240.8300018310547,240.8300018310547,68113300,20241007,TSLA,250.0800018310547,240.8300018310547,0,0.020921847580467993,0.0709213417917478,0.0820328414704023,0.12195418647397535,0.04792013651993697,0.03964000056119135,0.05425519346450599,0.16228161320582304,0.08755533362938395,0.054254899887841636,0.051918558937991216,0.20634404647673188,-0.5983,0.7424,-0.007446666666666675
244.5,244.5,56303200,20241008,TSLA,240.8300018310547,244.5,1,0.0658738001047805,0.031452629835357265,0.03887492934379552,0.07535996646817815,0.038595706912016366,0.058215503908247014,0.013595419420830663,0.13998440017824887,0.013595473874569313,0.08251699261180004,0.11081750764855348,0.3311176696936222,-0.4019,0.9134,0.26305
241.0500030517578,241.0500030517578,66289500,20241009,TSLA,244.5,241.0500030517578,0,0.01666675520504515,0.0166669146366567,0.2541663460065921,0.016666916554894676,0.016666666667055477,0.24166652218169288,0.304166180091259,0.01666666666702145,0.06666665569473076,0.0166670270769578,0.01666668255116675,0.016666666666926698,-0.3818,0.9272,0.42010000000000003
238.7700042724609,238.7700042724609,83087100,20241010,TSLA,241.0500030517578,238.7700042724609,0,0.12929077164112146,0.12223343459008768,0.06704689582081591,0.06435953338024805,0.04598340795903925,0.09166553370685457,0.10063574367588925,0.1030093940390168,0.0528210242759466,0.018205814227503316,0.018205714775480924,0.18654273190799564,-0.6669,0.7906,0.022446153846153838
217.8000030517578,217.8000030517578,142628900,20241011,TSLA,238.7700042724609,217.8000030517578,0,0.05043156302611428,0.08200895342677039,0.131073201326413,0.13697363062649767,0.08014132927610791,0.1416074194407982,0.06927198399127019,0.03883723479989414,0.10663446391392797,0.07113541274429211,0.021445906963419508,0.07043890046449412,-0.5267,0.8261,0.1817695652173913
219.16000366210935,219.16000366210935,86291900,20241014,TSLA,217.8000030517578,219.16000366210935,1,0.09379612662192355,0.03773627441860126,0.09126808325467024,0.1131521201837221,0.05644913834541522,0.1260698909335651,0.02533545412734018,0.09467600291933304,0.05360425329016188,0.05122718070346288,0.15421036924243867,0.10247510595936536,-0.25,0.8313,0.429825
219.57000732421875,219.57000732421875,62988800,20241015,TSLA,219.16000366210935,219.57000732421875,1,0.07847453042925454,0.026764879254255546,0.12251793920645192,0.1126720689892723,0.06551212329185643,0.0705799901644403,0.07046885873291286,0.0716031038291139,0.1334210939870055,0.06203718606194263,0.11054084196742112,0.07540738408607241,-0.9468,0.8481,0.11954999999999999
221.3300018310547,221.3300018310547,49632800,20241016,TSLA,219.57000732421875,221.3300018310547,1,0.04115355582987595,0.04347353496964647,0.06709307223637313,0.16958666274555692,0.12988040744253565,0.0779022970695614,0.0170934048936424,0.03376033947484079,0.01709339115341091,0.058965630422681416,0.2059546621441938,0.13804304161768066,-0.7351,0.836,0.12794
220.88999938964844,220.88999938964844,50791800,20241017,TSLA,221.3300018310547,220.88999938964844,0,0.061114127713910296,0.0662212652069053,0.06447517834211833,0.035215848356905576,0.08532380480422123,0.09225734206195334,0.039567334237842616,0.12449501325881115,0.038755373782475816,0.09194263354070703,0.07327793941350633,0.22735413928064244,-0.8555,0.8176,0.03111142857142857
220.6999969482422,220.6999969482422,49611900,20241018,TSLA,220.88999938964844,220.6999969482422,0,0.07667386083074496,0.06487794105623976,0.01898151176104153,0.1297878840021132,0.09163088698338312,0.08308406826799418,0.13009253974511642,0.06257097518765643,0.05743430866388003,0.04633188908381018,0.07083139347473101,0.16770274094328871,-0.5859,0.8478,0.28715384615384615
218.8500061035156,218.8500061035156,47329000,20241021,TSLA,220.6999969482422,218.8500061035156,0,0.06031404178819365,0.049900474450066075,0.13797340804981323,0.07673668537250065,0.0981781531619578,0.05935523923263853,0.040354972274469124,0.09499324556807688,0.047704569720951856,0.05732151192963809,0.05254316920575596,0.22462452924593765,-0.7767,0.9518,0.08433870967741935
217.97000122070312,217.97000122070312,43268700,20241022,TSLA,218.8500061035156,217.97000122070312,0,0.11109085311549295,0.04654805560346949,0.07486057844106728,0.08167587939301804,0.07425569188242198,0.07549320863577999,0.04271467034758069,0.0638270177214189,0.019372789152740738,0.01937279009672346,0.06878532835630996,0.322003137253976,-0.7717,0.8471,0.19084117647058824
213.6499938964844,213.6499938964844,80938900,20241023,TSLA,217.97000122070312,213.6499938964844,0,0.06040779580523659,0.0718769522570368,0.0630381361578454,0.03937600568328425,0.09453903595752301,0.06967884566492792,0.05301242253411764,0.058381355094445045,0.03483069132092361,0.15366170470643062,0.05687451644515875,0.2443225383730698,-0.886,0.7579,0.10009090909090909
260.4800109863281,260.4800109863281,204491900,20241024,TSLA,213.6499938964844,260.4800109863281,1,0.0667659562171763,0.01914688068578257,0.0905128336746697,0.019147044879373413,0.10486108907820416,0.0667658584256032,0.04771828776151054,0.11444709121141886,0.12628977282327045,0.019146832131656098,0.13343244169377771,0.19176591141755647,-0.5719,0.7901,0.20482857142857142
269.19000244140625,269.19000244140625,161611900,20241025,TSLA,260.4800109863281,269.19000244140625,1,0.11389685727001148,0.0360216973632691,0.073781892898869,0.15008665135805813,0.02164569560972645,0.12197829430432477,0.021645533612734982,0.07065758722296976,0.025613654421102826,0.09936529123837035,0.08628405295191709,0.17902279174864555,-0.784,0.946,0.13695000000000002
262.510009765625,262.510009765625,107653600,20241028,TSLA,269.19000244140625,262.510009765625,0,0.043963713212171844,0.055868494971585934,0.0686889530677428,0.10552431720518628,0.06078405841585915,0.050923422241568754,0.08105150140348155,0.1759332256413586,0.04579521495779452,0.06084571803646756,0.06823092114616315,0.18239045970061935,-0.5562,0.8204,0.21102692307692308
259.5199890136719,259.5199890136719,80521800,20241029,TSLA,262.510009765625,259.5199890136719,0,0.13070946122548335,0.03161507369215105,0.039168718402862235,0.12109080679828467,0.11271668170988082,0.13645826253427557,0.029147775157906647,0.08696502619311039,0.033297334373379006,0.06121618964944506,0.02543092063313515,0.1921837496300855,-0.9552,0.8442,-0.040187878787878786
257.54998779296875,257.54998779296875,53993600,20241030,TSLA,259.5199890136719,257.54998779296875,0,0.09251847636480517,0.04287048811570007,0.040780769401749746,0.15031459823004123,0.14416909061597408,0.04730355347011188,0.03772973137942471,0.06259299583673471,0.02438194910937256,0.03953346056394543,0.02870721178265541,0.2890976751294845,-0.5859,0.8555,0.3223318181818182
249.8500061035156,249.8500061035156,66575300,20241031,TSLA,257.54998779296875,249.8500061035156,0,0.024316839250325142,0.02431673848964813,0.056724165146379076,0.05394629256804038,0.16638002547498384,0.14137883170441992,0.07061279084577333,0.08172399030290826,0.05209445860723305,0.056724440603221696,0.07616842497455029,0.19561300203251644,-0.8779,0.8271,-0.01833888888888888
248.97999572753903,248.97999572753903,57544800,20241101,TSLA,249.8500061035156,248.97999572753903,0,0.08164328604122309,0.04222987643701542,0.053730560847956584,0.08808853793036016,0.037575902220481475,0.09073976131581243,0.04093470182794328,0.13032525411765117,0.08408660688209132,0.07928504267108828,0.07349891328689016,0.19786155642148603,-0.6597,0.8718,0.10780357142857143
242.83999633789065,242.83999633789065,68802400,20241104,TSLA,248.97999572753903,242.83999633789065,0,0.05611804906700333,0.03263317988394396,0.07958781934156962,0.06293605230448539,0.04089776515510016,0.0790967923771249,0.0394513680898704,0.17378978911899587,0.05160161647270627,0.07126963744466902,0.05305862811383008,0.25955930263070043,-0.8687,0.8582,-0.1261727272727273
251.44000244140625,251.44000244140625,69282500,20241105,TSLA,242.83999633789065,251.44000244140625,1,0.07738695258495407,0.03328117486739437,0.10253909730193517,0.08390436453985524,0.08793023010130434,0.09784563635119775,0.09265078599126149,0.065000956052004,0.04637996106614986,0.05557516893246302,0.032907644700658115,0.22459802751082206,-0.8126,0.9118,0.203896875
288.5299987792969,288.5299987792969,165228700,20241106,TSLA,251.44000244140625,288.5299987792969,1,0.08502133911341171,0.05410935909580613,0.0697691343543897,0.06466825763299025,0.06433609029854699,0.0495144666448475,0.06872344860966481,0.13267803097991543,0.04174852554766394,0.1556782992082528,0.036882694986906626,0.17687035352760358,-0.9246,0.9756,0.3017095238095238
296.9100036621094,296.9100036621094,117309200,20241107,TSLA,288.5299987792969,296.9100036621094,1,0.08354314162838945,0.06280964706345071,0.018018168573224982,0.05880661936025441,0.10968470556866268,0.14732455681067474,0.06082516025439136,0.08971473193362645,0.035484061858354767,0.057642050852802544,0.0395234452587011,0.23662371083746633,-0.7537,0.9258,-0.00450967741935484
321.2200012207031,321.2200012207031,204782800,20241108,TSLA,296.9100036621094,321.2200012207031,1,0.09930076535285962,0.11617105606265583,0.0968320764659603,0.05326899528888761,0.05425189429275223,0.08683663612424174,0.09472664333146016,0.10001266414377624,0.03184033704998328,0.04814112766657179,0.05612631142887761,0.16249149279197303,-0.8316,0.8882,0.11551428571428572
350.0,350.0,210521600,20241111,TSLA,321.2200012207031,350.0,1,0.017438413562650967,0.17010182387339903,0.03966050590313054,0.13410516989288593,0.017438312801858688,0.06188278693556962,0.035956892331203555,0.09954410619567443,0.06173655288729044,0.12607304397117314,0.050460806161717255,0.18560158548344594,0.0,0.7793,0.24833333333333332
328.489990234375,328.489990234375,155726000,20241112,TSLA,350.0,328.489990234375,0,0.1008309731629924,0.04895069337299173,0.0604100851632285,0.12926659543617863,0.08088597725581112,0.0797751421725911,0.0753306458995306,0.11980369520182449,0.05088625989316757,0.10121732707217652,0.01755296531972307,0.1350896400497837,-0.6249,0.765,0.05736666666666668
330.239990234375,330.239990234375,125405600,20241113,TSLA,328.489990234375,330.239990234375,1,0.10350565542706235,0.05080004588694693,0.06072078236877737,0.0437624918384368,0.051650493056234564,0.13214924308186568,0.039226997059287665,0.11810577098099932,0.02103818918239531,0.10267195198973529,0.030562000470957022,0.24580637865730112,-0.7531,0.9168,-0.054066666666666666
311.17999267578125,311.17999267578125,120726100,20241114,TSLA,330.239990234375,311.17999267578125,0,0.059533250410534526,0.08837746226309888,0.11084043278479676,0.03440736618074955,0.11929521114976711,0.06396856868869334,0.03937465864275398,0.053178381597071986,0.05037492410346238,0.07500947532773605,0.1053353735539017,0.2003048952974332,-0.8856,0.7639,-0.03633928571428572
320.7200012207031,320.7200012207031,114440300,20241115,TSLA,311.17999267578125,320.7200012207031,1,0.07283580127051206,0.026539784956699224,0.03387648139095408,0.047082559373728065,0.09437256620893084,0.058947164873255097,0.07468768640027243,0.1486842857912642,0.07144386968901993,0.06636143547719113,0.07200680658280795,0.2331615579853644,-0.5983,0.9485,0.32869444444444446
338.739990234375,338.739990234375,126085600,20241118,TSLA,320.7200012207031,338.739990234375,1,0.11877679517777812,0.04323547058633956,0.04844380067103666,0.09532003241632568,0.022402216993038536,0.03855189046989441,0.09807772614515352,0.04307540972663724,0.08947821076902368,0.04844917003219801,0.06616263244847952,0.2880266445640946,-0.7269,0.8775,0.19363125
346.0,346.0,88852500,20241119,TSLA,338.739990234375,346.0,1,0.11185446784152298,0.054418492179194075,0.05175969584968456,0.018342600461848865,0.03210614539239132,0.13527557158940823,0.04334251427158067,0.06012832282772354,0.19885138960701237,0.03321954654703693,0.09393036073150367,0.16677089270109227,-0.7717,0.8074,-0.086424
342.0299987792969,342.0299987792969,66340700,20241120,TSLA,346.0,342.0299987792969,0,0.17146872480404626,0.09093774898735005,0.06324597758882544,0.015957692499807604,0.07892843163884584,0.03839328681767915,0.03732499466258148,0.034475978582097576,0.12155507438711383,0.03626151311365959,0.18053198933984566,0.13091858757814695,-0.6486,0.9099,0.021027777777777788
339.6400146484375,339.6400146484375,58011700,20241121,TSLA,342.0299987792969,339.6400146484375,0,0.08702180099653416,0.07413299400681056,0.05747808446365276,0.07412107066429854,0.09541753820489225,0.07502726991860958,0.057224130339653505,0.07660574750181325,0.08353769894127105,0.053778919373654754,0.10783189961234829,0.1578228459764608,-0.9274,0.8478,0.1693909090909091
352.5599975585937,352.5599975585937,89140700,20241122,TSLA,339.6400146484375,352.5599975585937,1,0.084257723716485,0.06922419043990126,0.038386059095035854,0.03684423581134333,0.0670526110720704,0.08109022811931914,0.090618182315486,0.04562403046997509,0.06809455184297346,0.10111103258518143,0.09605675885208448,0.22164039568014401,-0.89,0.9134,0.04464166666666667
338.5899963378906,338.5899963378906,95890900,20241125,TSLA,352.5599975585937,338.5899963378906,0,0.0881039075306048,0.06785543864833561,0.04648189585506964,0.07106091250261415,0.10308041360168539,0.13722151075740638,0.05840673648402853,0.23562712923382825,0.045511330956745595,0.048248044121385225,0.030111439039965954,0.06829124126832993,-0.8052,0.9392,0.06791111111111112
338.2300109863281,338.2300109863281,62295900,20241126,TSLA,338.5899963378906,338.2300109863281,0,0.11699522483556198,0.08611095349029273,0.08977819921958693,0.046692007651526826,0.05635656856550104,0.09222174775502527,0.0413858650545876,0.17145650846895583,0.03245730003676835,0.07759391351849765,0.047630362682651535,0.14132134872104377,-0.7906,0.8122,0.0481
332.8900146484375,332.8900146484375,57896400,20241127,TSLA,338.2300109863281,332.8900146484375,0,0.08535055198759575,0.12600155522938,0.034447456957623045,0.049694438566049146,0.059154208315539566,0.021037578902730024,0.055930781189949236,0.09619296885437092,0.0657071546843682,0.11042726340365401,0.059763164118409096,0.23629287779033048,-0.6249,0.8513,0.026655172413793102
345.1600036621094,345.1600036621094,37167600,20241129,TSLA,332.8900146484375,345.1600036621094,1,0.019523404266147026,0.10285669507786024,0.10815340021916109,0.019523393640853388,0.061190131515045175,0.04225063622194845,0.14755368124109908,0.04153963396170211,0.0195233585860665,0.17502320005639313,0.06530896487229126,0.19755350034143193,-0.4767,0.0,-0.1623
357.0899963378906,357.0899963378906,77986500,20241202,TSLA,345.1600036621094,357.0899963378906,1,0.01569967292121097,0.08420585835571086,0.03950821337568535,0.16941332790368868,0.1704606356737171,0.12144421736537114,0.050610095563729425,0.015698905174897897,0.028721067934592972,0.11093593852176713,0.015698690739085572,0.17760337647054228,-0.3818,0.7825,0.07212857142857143
351.4200134277344,351.4200134277344,58267200,20241203,TSLA,357.0899963378906,351.4200134277344,0,0.27556952248754885,0.06889887105383607,0.033184539861660256,0.03318459045720173,0.08318470733531184,0.03318452380964455,0.03318452380962793,0.15687089170156124,0.08318452002502708,0.03318452380963075,0.033184742451561326,0.13318404319738797,-0.765,0.0,-0.34082500000000004
357.92999267578125,357.92999267578125,50810900,20241204,TSLA,351.4200134277344,357.92999267578125,1,0.026041737181634474,0.0946614957591041,0.026041781070974577,0.09296629045347757,0.08854166786738563,0.15104154046361554,0.026041715325011924,0.14661704765266467,0.026041666667138252,0.08242177229079732,0.026041721363745874,0.21354156390444962,-0.6794,0.5994,-0.210675
369.489990234375,369.489990234375,81403600,20241205,TSLA,357.92999267578125,369.489990234375,1,0.03347841347616401,0.03975580168728351,0.11702884621828158,0.08697379417630638,0.09412205413569688,0.15179358698762713,0.03008317185493527,0.03710067178092988,0.01955689787945737,0.06643730137642413,0.1520126934293363,0.17165676699755705,-0.7096,0.9245,0.09181052631578947
389.2200012207031,389.2200012207031,81455800,20241206,TSLA,369.489990234375,389.2200012207031,1,0.03240756914987036,0.03240795551187433,0.2546294316892709,0.032407407408082504,0.03240746776834637,0.2546290403779468,0.199074042773744,0.0324074074080404,0.032407407407956966,0.03240745568915723,0.0324074074078384,0.0324074074078712,-0.3818,0.0,-0.12726666666666667
389.7900085449219,389.7900085449219,96359200,20241209,TSLA,389.2200012207031,389.7900085449219,1,0.032564487149991994,0.15220024363538268,0.060894269886124085,0.06862966452690901,0.10319753218127584,0.0509634251368084,0.12105159303544322,0.08492317612349785,0.041046655683785176,0.09640388320850206,0.034604398588965524,0.1535206708433137,-0.7421,0.7964,0.15228214285714284
400.989990234375,400.989990234375,97563600,20241210,TSLA,389.7900085449219,400.989990234375,1,0.041450530604509005,0.19069486683873232,0.061940542202969705,0.02143857315623824,0.0852253410017085,0.050605451880642596,0.15002225007688547,0.14300470629176804,0.0381051905903722,0.08429572137556837,0.021438608919253498,0.11177821706135156,-0.8807,0.8516,-0.08806
424.7699890136719,424.7699890136719,104287600,20241211,TSLA,400.989990234375,424.7699890136719,1,0.07301892077855691,0.16620735601758305,0.09358833727755422,0.06320572344203446,0.09863389672674913,0.05531243338364291,0.06138174047671546,0.08661197024673517,0.027768070105029567,0.11578787959678791,0.047637832241087794,0.11084583970752288,-0.7096,0.6096,0.028711764705882353
418.1000061035156,418.1000061035156,87752200,20241212,TSLA,424.7699890136719,418.1000061035156,0,0.15217884006800225,0.12186584402287925,0.07480378088603795,0.040749202782469324,0.08430772811097798,0.018810344419740888,0.08486163839889375,0.14065899277543775,0.03841814696327538,0.046065558904005294,0.051801710246009464,0.14547821242227016,-0.9118,0.7964,0.11898235294117647
436.2300109863281,436.2300109863281,89000200,20241213,TSLA,418.1000061035156,436.2300109863281,1,0.09240695250981518,0.10020511280732404,0.04650198949699286,0.057220701538569896,0.053185725342563134,0.11323253166033372,0.13595117942553264,0.07911276161807723,0.02057637014070163,0.10329391521412508,0.06779493005027691,0.1305178301956872,-0.8074,0.9022,0.10837037037037035
463.0199890136719,463.0199890136719,114083800,20241216,TSLA,436.2300109863281,463.0199890136719,1,0.14418907233350473,0.09082804528597364,0.0931687241681759,0.021740391409468485,0.09793077470569642,0.14409738306984507,0.17531052262934962,0.11611306045891598,0.05140066590485669,0.021740524001013683,0.02174046581208127,0.02174037022111796,0.0,0.7579,0.44731428571428566
479.8599853515625,479.8599853515625,131223000,20241217,TSLA,463.0199890136719,479.8599853515625,1,0.09100984264099178,0.042910069472167744,0.04832223646316906,0.04930342792489381,0.0788850717976864,0.15866809877214968,0.12767693324821,0.08499940564498978,0.06627095929600388,0.05327830438191,0.10195500111006929,0.09672064924775797,-0.9066,0.8331,0.15070740740740743
440.1300048828125,440.1300048828125,149340800,20241218,TSLA,479.8599853515625,440.1300048828125,0,0.06521821093104754,0.0349974034908738,0.049231832125660104,0.09007805940868484,0.10882368656178153,0.10612274486943929,0.04578046659412939,0.05363706323258323,0.030184209760773774,0.09882904007624796,0.037813514896459226,0.2792837680523188,-0.915,0.5093,-0.21695714285714285
436.1700134277344,436.1700134277344,118566100,20241219,TSLA,440.1300048828125,436.1700134277344,0,0.03682347601764959,0.021438887874983752,0.11981213464012147,0.030935592942978707,0.056813901353794084,0.16092206791742358,0.05349007503870143,0.08313840407051172,0.04707975462494127,0.0900732502438156,0.04707964707599389,0.25239280819908433,-0.743,0.5187,-0.23474615384615383
421.05999755859375,421.05999755859375,132216200,20241220,TSLA,436.1700134277344,421.05999755859375,0,0.08919552589671816,0.06413305287485935,0.044067213543083225,0.05632848464320598,0.048320790940412105,0.12018723018360393,0.05188805462997553,0.1128638625392117,0.08755683568235345,0.08974632641194871,0.024759237697042677,0.21095338495758467,-0.9184,0.836,-0.07055
430.6000061035156,430.6000061035156,72698100,20241223,TSLA,421.05999755859375,430.6000061035156,1,0.07839330437022365,0.06876406948280071,0.04793077039770913,0.036819909061492434,0.06279575110431256,0.09237532792022117,0.04793065756539236,0.07753297275185371,0.13126404993596907,0.11449868875659054,0.02015303511826175,0.22154146353517234,-0.4939,0.8687,0.184625
462.2799987792969,462.2799987792969,59551800,20241224,TSLA,430.6000061035156,462.2799987792969,1,0.1499420466562363,0.04552385288756067,0.07710231357488122,0.05120775889750104,0.04299776336776579,0.08213389915784745,0.05549787689691934,0.15213460463118034,0.06383082142615086,0.09502302258167888,0.13401862557052255,0.050587414351754977,-0.802,0.7469,0.102925
454.1300048828125,454.1300048828125,76366400,20241226,TSLA,462.2799987792969,454.1300048828125,0,0.10398642980193658,0.06331572631847827,0.04751450657909429,0.05445893868719679,0.03709767096592579,0.06192016211345073,0.054431712736933674,0.15876391805531317,0.06586053452758446,0.12475650497976748,0.09155406095686859,0.13633983427744964,-0.8316,0.9382,-0.0072374999999999965
431.6600036621094,431.6600036621094,82666800,20241227,TSLA,454.1300048828125,431.6600036621094,0,0.0811193954810345,0.20044493591746804,0.0163927647395006,0.07078153454991719,0.05465787054605018,0.016392863438679,0.029845307086802157,0.016392975921241837,0.07442075461378513,0.24219310998131288,0.03723233529114534,0.1601261524330626,-0.9393,0.8122,0.11257142857142856
417.4100036621094,417.4100036621094,64941000,20241230,TSLA,431.6600036621094,417.4100036621094,0,0.032733154796236695,0.17569419958128468,0.05953390227643959,0.05206230991207248,0.05633809320764404,0.04069332168353858,0.05373683907502715,0.18072919586902625,0.04504104956024984,0.08374427132369033,0.06967880856774405,0.15001485414704577,-0.8553,0.9334,-0.06626956521739129
403.8399963378906,403.8399963378906,76825100,20241231,TSLA,417.4100036621094,403.8399963378906,0,0.13660012791570042,0.0638282933883239,0.06157648696270857,0.08806223234638766,0.06733935700591367,0.09021221853626156,0.042033439089818166,0.11504465721976297,0.07960942002364524,0.09339956024842966,0.05183766800218021,0.11045653926086747,-0.7895,0.9062,0.06197931034482759
379.2799987792969,379.2799987792969,109710700,20250102,TSLA,403.8399963378906,379.2799987792969,0,0.14888888690106955,0.04643321526232971,0.06573854609898229,0.06719289323739351,0.09835917962534738,0.027474274941466207,0.05338326756670413,0.15315590800146522,0.03077692994253001,0.09222927571742592,0.05310280296519137,0.16326481974009424,-0.9601,0.8176,-0.20084827586206896
410.4400024414063,410.4400024414063,95423300,20250103,TSLA,379.2799987792969,410.4400024414063,1,0.07116862110812625,0.05037826609626577,0.07137246824794016,0.05627649004249414,0.06291821083197784,0.051368984344972765,0.06296803662648623,0.10443545648408599,0.07959284420340129,0.17598764619802315,0.04423967286842993,0.16929330294779593,-0.9795,0.5859,-0.25854
411.0499877929688,411.0499877929688,85516500,20250106,TSLA,410.4400024414063,411.0499877929688,1,0.058223781413048056,0.13426548311985326,0.06343184711348611,0.04855135743154139,0.08781946839875578,0.046433813954821025,0.021765488863207526,0.044336352037964134,0.06864027178304777,0.13353894289139345,0.053015427092381155,0.23997776590049982,-0.7003,0.7717,0.09718125
394.3599853515625,394.3599853515625,75699500,20250107,TSLA,411.0499877929688,394.3599853515625,0,0.06918338934975803,0.10481724500884024,0.06028367285416164,0.07992674956661827,0.068176408144195,0.08586596075374096,0.07329282487564966,0.04511283648315338,0.03885536706752136,0.09982587802609186,0.06048225163245857,0.21417741623781056,-0.9287,0.8074,-0.129175
394.9400024414063,394.9400024414063,73038800,20250108,TSLA,394.3599853515625,394.9400024414063,1,0.10281819969357527,0.05448489756444261,0.04261130234816969,0.06502778255292017,0.15182845113787272,0.06154045492446171,0.03254505719960675,0.06864831174754332,0.018656191126677508,0.2012150784174015,0.03611621242790282,0.1645080608594255,-0.8779,0.8074,-0.15644166666666667
394.739990234375,394.739990234375,62287300,20250110,TSLA,394.9400024414063,394.739990234375,0,0.11678816805435824,0.04371184377625868,0.08345544105430519,0.09041512326989941,0.02448127614360507,0.047229208693894846,0.07576246105295524,0.10498653286206097,0.06294265799855026,0.1581803085296789,0.024482007585566838,0.1675649709788658,-0.891,0.25,-0.23831538461538462
403.30999755859375,403.30999755859375,67580500,20250113,TSLA,394.739990234375,403.30999755859375,1,0.0994470634276927,0.02626833722659387,0.11090306780505486,0.08352548402190083,0.017628966333777564,0.13607010437391234,0.017628967646964155,0.08833611700447058,0.06611371356111768,0.09810944329382387,0.017629031172376672,0.23833970413231442,-0.636,0.9201,0.003499999999999998
396.3599853515625,396.3599853515625,84565000,20250114,TSLA,403.30999755859375,396.3599853515625,0,0.02604166666705405,0.10937496240041694,0.026041666666976923,0.33854001612407186,0.06828834048088812,0.026042681670511075,0.026041898856867723,0.10937521705751976,0.1921282996727776,0.02604166666698815,0.0260417654515755,0.02604181828435175,0.296,0.4574,0.40854999999999997
428.2200012207031,428.2200012207031,81375500,20250115,TSLA,396.3599853515625,428.2200012207031,1,0.07745007532083405,0.0611078884107675,0.026852493406940438,0.054188259682444916,0.07697401304733073,0.08120192621578182,0.14057313143015418,0.09116151908389244,0.03621633153939745,0.04861520992238124,0.05017327002668943,0.2554858819133853,-0.9349,0.9186,-0.008718181818181814
413.8200073242188,413.8200073242188,68335200,20250116,TSLA,428.2200012207031,413.8200073242188,0,0.031610483225917654,0.0370426135419582,0.10743874210395352,0.0686867263999165,0.10700401672457971,0.11826283361321205,0.09863917646994023,0.09110695488695224,0.09564831238008852,0.10620639377867273,0.05119589880993066,0.08715784806487742,-0.9397,0.923,0.14652777777777778
426.5,426.5,94991400,20250117,TSLA,413.8200073242188,426.5,1,0.08000304946156601,0.047567568409721116,0.05885673167313054,0.03032039039938001,0.10429744540388806,0.04907802318012667,0.036022152298641745,0.043157562759972234,0.12997298155142387,0.12114417004027962,0.19059688637051792,0.10898303845135167,-0.7184,0.891,-0.030447826086956533
424.0700073242188,424.0700073242188,87320900,20250121,TSLA,426.5,424.0700073242188,0,0.06203075843368275,0.07813404662688862,0.08628577438685402,0.10746733582945255,0.05131650868815805,0.0474474691614348,0.05786439906979002,0.1264405766310319,0.0543920654180596,0.08911413929143987,0.06284306630647338,0.17666386015673394,-0.7579,0.7783,0.05414166666666667
415.1099853515625,415.1099853515625,60963300,20250122,TSLA,424.0700073242188,415.1099853515625,0,0.1215282757672632,0.10069440552024375,0.03819444444484065,0.0381945275660143,0.10069441343826477,0.10069436837210789,0.18402776794102743,0.038194444444889925,0.03819444444483125,0.0381944962447727,0.03819444444474783,0.16319396737099578,-0.8225,0.7906,-0.04515
412.3800048828125,412.3800048828125,50690600,20250123,TSLA,415.1099853515625,412.3800048828125,0,0.052525300048666096,0.09040392734322616,0.08313337091086587,0.09464446926380209,0.1662641590272442,0.09343452063552354,0.029797989279310055,0.09797998007954843,0.0297980444823535,0.0601009681155146,0.02979801492303582,0.17211925589090912,-0.8346,0.7096,-0.14071818181818183
406.5799865722656,406.5799865722656,56427100,20250124,TSLA,412.3800048828125,406.5799865722656,0,0.07403762493968323,0.046259693340072856,0.03888582570424776,0.0288989827425909,0.1489388364412599,0.0705656779263831,0.018482326408458132,0.23055706384528382,0.01848229796498645,0.12126001630377437,0.018482348495004634,0.18514930588825432,-0.8832,0.0,-0.506275
397.1499938964844,397.1499938964844,58125500,20250127,TSLA,406.5799865722656,397.1499938964844,0,0.0240744607905579,0.024074277435670133,0.024074195296442464,0.02407411802313007,0.02407416720670377,0.1592748705831334,0.024074118583582965,0.024074074074653732,0.13518645968794127,0.0240743746546178,0.37775966368747893,0.13518521997608687,-0.2732,0.0,-0.09106666666666667
398.0899963378906,398.0899963378906,48910700,20250128,TSLA,397.1499938964844,398.0899963378906,1,0.0560517581215959,0.0203373310555753,0.05605152796378641,0.07390891376968586,0.12748004176294406,0.05605161680514196,0.13938465392174343,0.02033743799206263,0.0560522616812441,0.05605156735600663,0.020337367201207185,0.31795552236900615,-0.6113,0.6858,0.21798571428571425
389.1000061035156,389.1000061035156,68033600,20250129,TSLA,398.0899963378906,389.1000061035156,0,0.17640757197716267,0.08321807448936298,0.04060349188558083,0.057978861940801256,0.10716795262074622,0.045341853403041615,0.11856529470811213,0.14017408790472963,0.020163788070190324,0.028567037317791647,0.029967681019224653,0.15184430466325546,-0.8811,0.9371,0.2587
400.2799987792969,400.2799987792969,98092900,20250130,TSLA,389.1000061035156,400.2799987792969,1,0.014815508182020732,0.014814850147041668,0.14497276916576066,0.0148148727793455,0.014815612561270368,0.21481349341635494,0.051323080201749166,0.1814803413025811,0.09814810085447083,0.08148175207837156,0.014814814815188834,0.1537048044958441,-0.4019,0.5118,0.03663333333333335
404.6000061035156,404.6000061035156,83283600,20250131,TSLA,400.2799987792969,404.6000061035156,1,0.03926010242206779,0.0944186473792722,0.15973161540036657,0.04172916033033521,0.030586104501248053,0.0170378429282567,0.017038019928008432,0.01703788503638857,0.01703781688906301,0.14216901152596476,0.017037802277150897,0.4069159913818772,-0.9798,0.9186,-0.018588888888888894
383.6799926757813,383.6799926757813,93732100,20250203,TSLA,404.6000061035156,383.6799926757813,0,0.08907443802497723,0.08752949846045946,0.019355243909114955,0.10048548206271675,0.05566473500302281,0.053223665061448974,0.019355228697803126,0.05447263796536761,0.05765108298777216,0.04351159210049836,0.023521864356935023,0.396154531369883,-0.9598,0.872,0.06970000000000001
392.2099914550781,392.2099914550781,57072200,20250204,TSLA,383.6799926757813,392.2099914550781,1,0.08162795234026707,0.045895283789042056,0.048441128344424024,0.057730476737851345,0.035409964893880805,0.05033133739671172,0.017653278401297098,0.0695401501162984,0.066503393827534,0.055732179296468363,0.027997861155574757,0.44313699370064985,-0.9349,0.8429,-0.030151724137931036
378.1700134277344,378.1700134277344,57223300,20250205,TSLA,392.2099914550781,378.1700134277344,0,0.02561817516681954,0.021496275648236605,0.04444612309481862,0.1571131730206769,0.03001374068949664,0.06936832615597174,0.0304548028467549,0.1545190712560595,0.04659022756551713,0.09614429100269814,0.024763353755703297,0.2994724397972464,-0.6696,0.9273,0.1727153846153846
374.3200073242188,374.3200073242188,77918200,20250206,TSLA,378.1700134277344,374.3200073242188,0,0.046141984321700275,0.19058631587292538,0.023919939750249534,0.02392023665444412,0.04614228056421554,0.04614216087213198,0.023919959426407025,0.18132607961064912,0.04614191035656858,0.06836449321167486,0.023919801044963836,0.2794748383140692,-0.7184,0.8481,-0.19104444444444446
361.6199951171875,361.6199951171875,70298300,20250207,TSLA,374.3200073242188,361.6199951171875,0,0.0834842912082226,0.05049381310766458,0.026146900032947087,0.06781303226838802,0.06781376583735924,0.026147062929841633,0.09743133853186114,0.04553514724932108,0.06086909483845587,0.10385190948300076,0.026146946024605777,0.34426669848833164,-0.9682,0.6705,-0.17620833333333333
350.7300109863281,350.7300109863281,77514900,20250210,TSLA,361.6199951171875,350.7300109863281,0,0.09968113488356342,0.04737869418443199,0.0678655329451372,0.05391251457845663,0.041403687932164875,0.06708510741836388,0.05729429699643755,0.07133873074536479,0.044380963465395114,0.0750459054377909,0.058571012317128454,0.3160424190957647,-0.9559,0.9159,-0.0029487804878048783
328.5,328.5,118543400,20250211,TSLA,350.7300109863281,328.5,0,0.1558795711166898,0.04652295940530082,0.027857142038751528,0.05803372620189868,0.06770169840473853,0.06634619862649288,0.03059449477611196,0.0732106316083534,0.03433281682742603,0.11801343906781156,0.028386871037940607,0.2931204508884837,-0.9219,0.7579,-0.1266076923076923
336.510009765625,336.510009765625,105382700,20250212,TSLA,328.5,336.510009765625,1,0.15921004100675137,0.04870342582873131,0.07578683508331273,0.03620357967572526,0.05008617175975703,0.04742929666147052,0.06082463516772204,0.08583794232982567,0.04562816970337436,0.03898966679229867,0.0674532518412669,0.2838469841497636,-0.9178,0.8313,0.035475
355.94000244140625,355.94000244140625,89441500,20250213,TSLA,336.510009765625,355.94000244140625,1,0.07642818674580788,0.07879080111064028,0.03544874908043688,0.06455102743492616,0.05247854447971209,0.06938970302752177,0.0756783658592191,0.0676325966468256,0.03947181606245177,0.1332352140549165,0.05088535004906814,0.25600964544847327,-0.8922,0.802,-0.05264137931034483
355.8399963378906,355.8399963378906,68277300,20250214,TSLA,355.94000244140625,355.8399963378906,0,0.07393755899334431,0.1343419933706479,0.04799388759796956,0.14427228750832327,0.15169720173899226,0.07021655109960058,0.025771681587891435,0.06280856957078915,0.07831221364642499,0.02577171946824391,0.025771777009647678,0.15910455840812446,-0.8442,0.743,0.20852222222222222
354.1099853515625,354.1099853515625,51631700,20250218,TSLA,355.8399963378906,354.1099853515625,0,0.042496172640115376,0.14442196949944425,0.06015887685669028,0.029749807030697423,0.03700789844164724,0.06681084133790618,0.09029188006220548,0.09780693699549652,0.0671490731044077,0.14714431394725883,0.054895648620847205,0.162066581463283,-0.8176,0.9259,0.17854210526315786
360.55999755859375,360.55999755859375,67094400,20250219,TSLA,354.1099853515625,360.55999755859375,1,0.0498469739243366,0.0750757784815558,0.013270546386936347,0.04455983260924233,0.07163068440340341,0.07180274123478994,0.2442670037923054,0.037319674139651406,0.08349325851961435,0.09730964707385453,0.08035955577486256,0.1310643036594468,-0.6746,0.7436,-0.0011294117647058788
354.3999938964844,354.3999938964844,45965400,20250220,TSLA,360.55999755859375,354.3999938964844,0,0.043579012760001166,0.09466604735918495,0.03692479590170158,0.07020176787699371,0.05798333698557553,0.14975051695246153,0.08541213816837655,0.08734724667248178,0.07550464947212425,0.0866599319760862,0.02439374444175272,0.18757681143325958,-0.9313,0.7339,-0.12372666666666668
337.79998779296875,337.79998779296875,74058600,20250221,TSLA,354.3999938964844,337.79998779296875,0,0.0243713759518176,0.05012173100290592,0.0897908289241933,0.01717118398560839,0.11309507455719023,0.11164276864850065,0.12285312775373866,0.12533174559249954,0.05050448862929744,0.0903467694390466,0.03239850750091376,0.17237239801428733,-0.8881,0.8555,-0.12123499999999998
330.5299987792969,330.5299987792969,76052300,20250224,TSLA,337.79998779296875,330.5299987792969,0,0.0678044584752581,0.09486781434036073,0.049329335013833096,0.0836725830436437,0.09219148807390544,0.05994610286915102,0.08870566781915687,0.04572851063629056,0.05534306986427379,0.04948183375031503,0.05453222125875589,0.2583969148550553,-0.9304,0.8883,0.10353030303030301
302.79998779296875,302.79998779296875,134228800,20250225,TSLA,330.5299987792969,302.79998779296875,0,0.134311907732067,0.07585513401467366,0.02346663647218168,0.04319446604777387,0.07019861695222918,0.0691375691419444,0.09487706172329512,0.03061125014069568,0.03299040185677564,0.11205223543294085,0.02367163638840356,0.2896330840970189,-0.8574,0.7088,-0.04140285714285715
290.79998779296875,290.79998779296875,100118300,20250226,TSLA,302.79998779296875,290.79998779296875,0,0.07821048580717317,0.05915954652665223,0.028015666363922182,0.09518645764547898,0.10763544073871581,0.12384810668828539,0.036507807896615556,0.036731232200674944,0.051166762281220454,0.07576807938546579,0.08345817770167838,0.2243122367641166,-0.8704,0.7263,-0.192475
281.95001220703125,281.95001220703125,101748200,20250227,TSLA,290.79998779296875,281.95001220703125,0,0.0737990029776912,0.1104712683840844,0.068258733741698,0.048834138422787096,0.08060605146603274,0.120931484030416,0.05840642508430773,0.0642516875259074,0.10044177544172656,0.05443641914934308,0.0633252411112152,0.1562377726647901,-0.866,0.8858,-0.007563636363636358
292.9800109863281,292.9800109863281,115697000,20250228,TSLA,281.95001220703125,292.9800109863281,1,0.12922891867943603,0.036755834393702586,0.08971628185249929,0.06846559583638805,0.04324966939482935,0.09467145787175574,0.0436510754391172,0.05411875946944392,0.06636479252034533,0.07271476226685579,0.09508759310902412,0.20597525916660206,-0.8885,0.7424,-0.0627235294117647
284.6499938964844,284.6499938964844,115551400,20250303,TSLA,292.9800109863281,284.6499938964844,0,0.09651676814144922,0.0598571434962068,0.04632461269226905,0.10936486301238671,0.11062285902605158,0.13931492515354896,0.0992333510388726,0.0424313633037803,0.08190374813647366,0.0320430018503417,0.07706593617372584,0.10532142797489302,-0.9247,0.7897,0.03626842105263158
272.0400085449219,272.0400085449219,126706600,20250304,TSLA,284.6499938964844,272.0400085449219,0,0.05385390865414049,0.06836606386973783,0.06738422384882405,0.02806359803458125,0.09410174043771528,0.03557848748412557,0.07296189299312349,0.060695740229962436,0.04934126939709813,0.1354956344368855,0.02714846592863932,0.30700897468516614,-0.9423,0.5399,-0.13518
279.1000061035156,279.1000061035156,94042900,20250305,TSLA,272.0400085449219,279.1000061035156,1,0.01752606581207061,0.09271301927265868,0.031811723054336785,0.12027669889948837,0.15585935446002064,0.12288794827582705,0.06294528872762005,0.03752616210536408,0.06619497518343805,0.0900876225543621,0.01752597190532315,0.1846451697494899,-0.9062,0.5267,-0.12778
263.45001220703125,263.45001220703125,98451600,20250306,TSLA,279.1000061035156,263.45001220703125,0,0.08748943961528044,0.017708403912324238,0.017708393825150437,0.08878585247160439,0.059375152088172255,0.05937499640936004,0.03933411259939831,0.0427082688399112,0.038541712371361496,0.03854181481710398,0.017708454077992625,0.4927233989723401,-0.9025,0.0258,-0.5034125
262.6700134277344,262.6700134277344,102369600,20250307,TSLA,263.45001220703125,262.6700134277344,0,0.047000609318731526,0.026592884541438645,0.15646241619336812,0.026592550846131675,0.09802104710080353,0.062306747583487546,0.1932587046232819,0.026592462536723944,0.10822529463814105,0.0470005729159031,0.06230661139983741,0.14564009830215094,-0.5994,0.6486,0.13138571428571427
222.1499938964844,222.1499938964844,189076900,20250310,TSLA,262.6700134277344,222.1499938964844,0,0.13952144160929206,0.0784105689052274,0.048597861145539795,0.0952913226381792,0.08835325027236209,0.03396610753065072,0.04507716093525984,0.11081806937860479,0.022854939064360338,0.02285498574074338,0.022855010868607757,0.2913992819111721,-0.8313,0.7317,0.07292
230.5800018310547,230.5800018310547,174896400,20250311,TSLA,222.1499938964844,230.5800018310547,1,0.10142996870464659,0.0557366853690961,0.06240695877028733,0.0193604393404106,0.07491580564959271,0.01936036298367598,0.12336974743749031,0.019360366459941922,0.03324915777419675,0.07028629772118765,0.029648344246217213,0.39087586554325626,-0.8442,0.8555,-0.04992222222222223
248.08999633789065,248.08999633789065,142215700,20250312,TSLA,230.5800018310547,248.08999633789065,1,0.08657374656255143,0.024074161062296113,0.1499405367827333,0.05532426104356338,0.05792970510179915,0.024074074074523336,0.024074162914358713,0.11782415201032735,0.024074246291947328,0.06921295000883734,0.024074077638807475,0.34282392650825455,-0.899,0.4574,-0.24085
240.67999267578125,240.67999267578125,114813500,20250313,TSLA,248.08999633789065,240.67999267578125,0,0.058517154826538624,0.0168507511664929,0.01685054680925475,0.016850528540692775,0.14185030597732337,0.07935008307113253,0.10018379586242551,0.13588210500964076,0.016850562005913276,0.18351707487632374,0.03155631342719248,0.20174077842706872,-0.3612,0.6249,0.166575
249.97999572753903,249.97999572753903,100242300,20250314,TSLA,240.67999267578125,249.97999572753903,1,0.06898327139036875,0.013541850031598125,0.013541736071415976,0.2196766525174215,0.013541756024044026,0.013541677004909599,0.03656886131683157,0.1843793780713366,0.12604085369065543,0.013541835020839776,0.013541860465032526,0.28310026839554564,-0.636,0.2732,-0.246925
238.00999450683597,238.00999450683597,111900600,20250317,TSLA,249.97999572753903,238.00999450683597,0,0.10261371873281863,0.1376131330288349,0.0547797513332973,0.01261364245023322,0.09514275123031156,0.012613688068012118,0.012613636363856701,0.11745154106577613,0.05202643504234504,0.01261382336558296,0.13654457447486218,0.25337330484406884,-0.743,0.6486,-0.1678
225.30999755859372,225.30999755859372,111477600,20250318,TSLA,238.00999450683597,225.30999755859372,0,0.04773821316041862,0.0277382249184558,0.11552204750080128,0.07025545453264942,0.0531035344024144,0.0777380840624957,0.02773825065585873,0.04202389820010938,0.09593505290115165,0.027738350897988512,0.02773812460943481,0.3867307641582212,-0.9552,0.8715,0.021179999999999994
235.8600006103516,235.8600006103516,111993800,20250319,TSLA,225.30999755859372,235.8600006103516,1,0.1383103782540391,0.025810222168594816,0.06330998085615121,0.025810243508916652,0.025810278236218943,0.19179275852705924,0.053587967034550675,0.07371591840698363,0.09108790701901308,0.025810472025288123,0.025810409231246043,0.25914346473193794,-0.802,0.6476,0.016566666666666657
236.25999450683597,236.25999450683597,99028300,20250320,TSLA,235.8600006103516,236.25999450683597,1,0.05447493884177693,0.06824333404578742,0.07934507077768832,0.024383957989904764,0.10851014539425785,0.08956689389116533,0.0464103420695631,0.0319027810874633,0.09543652233306861,0.10889159308782154,0.024384006642999796,0.2684504138385025,-0.8934,0.6249,-0.21368947368421054
248.7100067138672,248.7100067138672,132728700,20250321,TSLA,236.25999450683597,248.7100067138672,1,0.06095678097569613,0.06095695358848403,0.1538300319334037,0.07484562008694498,0.0192901538446025,0.22236909679353323,0.060957001841805115,0.09475946608767526,0.14429006835087138,0.01929015172088045,0.01929037098240275,0.06916430379369982,-0.9001,0.2732,-0.2861833333333333
278.3900146484375,278.3900146484375,169079900,20250324,TSLA,248.7100067138672,278.3900146484375,1,0.016284066523170226,0.016284249186716414,0.1154545069394608,0.07438962524066454,0.04474800898568354,0.1591406875537927,0.0162844906430306,0.2564497870303049,0.016284046082199344,0.07342727004177042,0.05199824066632812,0.1592550211068779,-0.5267,0.6166,0.017471428571428582
288.1400146484375,288.1400146484375,150361500,20250325,TSLA,278.3900146484375,288.1400146484375,1,0.07591733891610945,0.06944561295286307,0.12783400784500415,0.046965764222169804,0.09491672288634624,0.07552903610619988,0.03894490236016814,0.04619245771279283,0.06043233524574568,0.07637130803799785,0.03038990844865102,0.25706060526595137,-0.8973,0.8783,-0.011903921568627443
272.0599975585937,272.0599975585937,153629800,20250326,TSLA,288.1400146484375,272.0599975585937,0,0.06609318395257766,0.04605264250994591,0.0880853395018169,0.050249016118189715,0.06820789579793732,0.11271555706087621,0.10516889934012115,0.09851962577296537,0.07987697010553713,0.06454171474076252,0.025330603076642578,0.195158552022627,-0.8225,0.7184,-0.00384482758620689
273.1300048828125,273.1300048828125,162572100,20250327,TSLA,272.0599975585937,273.1300048828125,1,0.06655674457591801,0.06914229090827427,0.2019736856190958,0.0422663020423911,0.03931258163480449,0.05961563566899305,0.08749167606505878,0.08188382129440468,0.03993113849033268,0.04456730400398096,0.05721851742726909,0.21004030226947662,-0.8769,0.9245,0.09139090909090908
263.54998779296875,263.54998779296875,123809400,20250328,TSLA,273.1300048828125,263.54998779296875,0,0.07102987141599845,0.04792939142531454,0.20799219137530575,0.06036558782567234,0.07502804675271571,0.034183312951609195,0.08116788673620055,0.10418939595322292,0.048237490518231826,0.09664678042599328,0.04827525652353639,0.1249547880961985,-0.836,0.7345,0.02170204081632653
259.1600036621094,259.1600036621094,134008900,20250331,TSLA,263.54998779296875,259.1600036621094,0,0.11607239703678988,0.043447246218171184,0.2329888336611381,0.04714211304051415,0.08681031582634292,0.030842137335103773,0.04008622703285124,0.04900805811211661,0.06638161735643167,0.053007626550922934,0.041642959093828744,0.19257046873578829,-0.7269,0.8588,0.14555625
268.4599914550781,268.4599914550781,146486900,20250401,TSLA,259.1600036621094,268.4599914550781,1,0.0508429564609445,0.0756454691329328,0.12719657862724987,0.043876435610229435,0.06874046812026677,0.05733896425501467,0.04471688919040162,0.03092916606079629,0.12020985216464944,0.06135276085015362,0.07888068880209201,0.24026977072526845,-0.8159,0.6249,-0.002421428571428569
282.760009765625,282.760009765625,212787800,20250402,TSLA,268.4599914550781,282.760009765625,1,0.07106304786076688,0.0954406634474809,0.16715796302825248,0.024836496973052322,0.02622175732398789,0.07340735595635807,0.07426120538323798,0.09107993857980773,0.0403310577798717,0.07312241159452923,0.06059024757206583,0.20248785450058848,-0.4767,0.7845,0.1501111111111111
267.2799987792969,267.2799987792969,136174300,20250403,TSLA,282.760009765625,267.2799987792969,0,0.05826976552328771,0.03794540860513532,0.11839630846016379,0.1347481938661346,0.06377747028649366,0.12294672693815502,0.039999126390155765,0.033960868569364915,0.03224595450662795,0.07805766047078203,0.11249444980519809,0.16715806657850069,-0.9136,0.8256,0.018377272727272735
239.42999267578125,239.42999267578125,181229400,20250404,TSLA,267.2799987792969,239.42999267578125,0,0.016211981997853783,0.03704518868721912,0.09375559178692465,0.12074825893081831,0.04295244209622449,0.1193465430302595,0.03704538069867483,0.01621204773008399,0.22121951187725367,0.05041743709517279,0.06280526254974782,0.18224035351976653,-0.6841,0.5093,0.086225
233.2899932861328,233.2899932861328,183453800,20250407,TSLA,239.42999267578125,233.2899932861328,0,0.016821244499717242,0.016821088334272753,0.03602556666744358,0.048429615194240355,0.12663510702517003,0.07237663614589858,0.09459873492390766,0.07780512219765677,0.17608003095728955,0.04206101258122376,0.06682099849503964,0.22552484297813954,0.0,0.8786,0.32651111111111114
221.8600006103516,221.8600006103516,171603500,20250408,TSLA,233.2899932861328,221.8600006103516,0,0.07278200418897351,0.02898806849839903,0.2236966011773289,0.045543019417997245,0.03432033341301226,0.07227308792808354,0.061543264377617916,0.06744418895432117,0.015089549896722915,0.04652258639095629,0.05909066056220635,0.2727066351943804,-0.7351,0.4824,-0.03429230769230769
272.20001220703125,272.20001220703125,219433400,20250409,TSLA,221.8600006103516,272.20001220703125,1,0.05110342796535681,0.07346327772757572,0.1993066881282206,0.02980198044709885,0.03075697240091899,0.07888105820624586,0.10288487915839321,0.07659461402019793,0.09677373980878369,0.12135795481589756,0.017770008059827046,0.12130539926148322,-0.8225,0.6486,-0.1492909090909091
252.3999938964844,252.3999938964844,181722600,20250410,TSLA,272.20001220703125,252.3999938964844,0,0.0689223697773199,0.039387602974238003,0.2032466209304139,0.02839855506910334,0.01740964549670613,0.07784893046472342,0.1099171667167148,0.055871063295198045,0.0174095236586847,0.053946837689656586,0.14344356749920026,0.18419811642804038,-0.9187,0.8689,0.1221
252.30999755859372,252.30999755859372,128948100,20250411,TSLA,252.3999938964844,252.30999755859372,0,0.062395441621761936,0.05979142837949724,0.13241255907100083,0.043999478355143,0.13771094487438582,0.08811369730550446,0.03689098375454152,0.047335601143068555,0.05816791466993987,0.029813005390212834,0.06145240850530056,0.24191653692964288,-0.7964,0.8271,0.07822916666666667
