close,adjclose,volume,datetime,ticker,T_minus_1_price,T_price,change_vs_T_minus_1,topic_0_score,topic_1_score,topic_2_score,topic_3_score,topic_4_score,topic_5_score,topic_6_score,topic_7_score,topic_8_score,topic_9_score,topic_10_score,min_sentiment,max_sentiment,avg_sentiment
2.173332929611206,2.173332929611206,15453000,20111201,TSLA,2.182667016983032,2.173332929611206,0,0.0208333333361482,0.14583194232119379,0.1458331009416963,0.020834746394421053,0.02083355531292895,0.020834422971238,0.0208337197052849,0.020834101517071,0.20833257514845618,0.18749809298736064,0.18750040936420062,0.0,0.8588,0.4294
1.838000059127808,1.838000059127808,25582500,20111221,TSLA,1.8600000143051147,1.838000059127808,0,0.0775434989068597,0.055844884328183964,0.15167354353273835,0.022512074202647333,0.15346322530840287,0.022511511748477684,0.046320498202227334,0.0558447647039751,0.05584408986147834,0.33593103927431467,0.02251086993069422,-0.5574,0.8777,0.20425000000000001
1.8513330221176147,1.8513330221176147,15141000,20111222,TSLA,1.838000059127808,1.8513330221176147,1,0.019480519484190332,0.10281277012916969,0.019481197357158832,0.01948051948321097,0.2895535484007697,0.019480789097991533,0.10281408955883918,0.019480519483988067,0.0194805194831305,0.019480519483330665,0.3684550080382199,0.0,0.4019,0.13396666666666665
1.9046670198440552,1.9046670198440552,11662500,20111227,TSLA,1.8600000143051147,1.9046670198440552,1,0.0181818181831978,0.2181784664238839,0.0181827287271392,0.0181818181828296,0.0181818181831658,0.0181818181830942,0.0181818181829961,0.0181851155148754,0.4181818932644379,0.2181808869715662,0.0181818181828135,0.3182,0.3182,0.3182
1.915333032608032,1.915333032608032,7323000,20111229,TSLA,1.9006669521331787,1.915333032608032,1,0.15636264935044158,0.2163635500402624,0.026365540864430943,0.07636374480690408,0.026363671851749683,0.07636371227174732,0.026364019593567538,0.02636385467860062,0.02636363636647468,0.31636189025493044,0.026363729920890245,-0.0772,0.9081,0.47534
1.9040000438690183,1.9040000438690183,5097000,20111230,TSLA,1.915333032608032,1.9040000438690183,0,0.15082097001188413,0.05299123502130127,0.1920625094782285,0.07112033725100625,0.15220581694780708,0.13529085169834765,0.023500933838987444,0.05921461779045486,0.04436384095998154,0.09492844540917815,0.023500441592822514,0.0,0.8176,0.48465714285714284
1.871999979019165,1.871999979019165,13921500,20120103,TSLA,1.9040000438690183,1.871999979019165,0,0.035353535359474365,0.035354737525446635,0.03535454267648137,0.035353535357889834,0.0353535353593362,0.31312994547517653,0.035353535358606664,0.14646338533632383,0.2575742769726036,0.03535464833996913,0.0353543222386913,0.4404,0.6369,0.5613666666666667
1.7940000295639038,1.7940000295639038,14794500,20120106,TSLA,1.807999968528748,1.7940000295639038,0,0.015692946235280066,0.015692771764179336,0.015693577414602398,0.10284970382318136,0.015693189218244932,0.015693605337455164,0.20415797836948646,0.015692800322228168,0.17853421862911054,0.015693218589676868,0.4046059902965542,0.0,0.3182,0.10606666666666666
1.8819999694824217,1.8819999694824217,10084500,20120111,TSLA,1.841333031654358,1.8819999694824217,1,0.0181841607429189,0.0181818181860145,0.2181792940710184,0.0181827900175948,0.0181857251981511,0.0181824619060855,0.0181825741662591,0.0181825724719082,0.0181818181856086,0.6181718123178277,0.0181849727366129,0.6616,0.6616,0.6616
1.8833329677581787,1.8833329677581787,10939500,20120112,TSLA,1.8819999694824217,1.8833329677581787,1,0.0239904006999859,0.0239901844393937,0.02399047901174813,0.2899905182959423,0.02399007025910953,0.14687684558785255,0.023990162238726565,0.02399072492988717,0.023989898991527033,0.023990029686527803,0.3712106858592988,-0.1386,0.6239,0.16176666666666667
1.519333004951477,1.519333004951477,82506000,20120113,TSLA,1.8833329677581787,1.519333004951477,0,0.0082647650012827,0.0082644745115962,0.0082649366797845,0.008265172157294,0.0991733740618779,0.0082644628115776,0.0082647548734084,0.0082646583466362,0.3487011205493655,0.0082645211928683,0.4860077598143082,0.0,0.0,0.0
1.773332953453064,1.773332953453064,69774000,20120117,TSLA,1.519333004951477,1.773332953453064,1,0.13484787708892873,0.19040211841426136,0.09392619370175946,0.023738887069145165,0.023737373741561197,0.15354817364676762,0.13484881570010343,0.023738587899711668,0.023737766170444766,0.17373606915424442,0.023738137413071736,-0.1154,0.0875,-0.03503333333333334
1.7846670150756836,1.7846670150756836,8919000,20120123,TSLA,1.773332953453064,1.7846670150756836,1,0.0227272727371466,0.2727274866997166,0.0227272727346715,0.2727267674870249,0.0227272727369189,0.2727273300430786,0.0227272727357031,0.0227272727366038,0.0227272727342949,0.0227272727348338,0.0227275066200069,0.6361,0.6361,0.6361
1.8279999494552608,1.8279999494552608,12870000,20120124,TSLA,1.7846670150756836,1.8279999494552608,1,0.015692825860833298,0.015692640694756604,0.05735903874191119,0.015693849381051898,0.015692640695267834,0.21647170870295826,0.06331163588350894,0.06331105842785277,0.11693903050192155,0.015693224505960668,0.40414234660397647,-0.2732,0.6369,0.04580000000000001
1.95533299446106,1.95533299446106,11226000,20120127,TSLA,1.929332971572876,1.95533299446106,1,0.0181818181832365,0.018181818182935,0.018182653490938,0.0181833084814165,0.018181818183204,0.818176585761553,0.0181818181830292,0.0181818181831586,0.018183821913687,0.0181822944795516,0.01818224495729,0.5994,0.5994,0.5994
1.937999963760376,1.937999963760376,14346000,20120131,TSLA,1.9713330268859863,1.937999963760376,0,0.0454545454612308,0.0454545454598077,0.0454545454595546,0.0454545454594454,0.0454545454610824,0.5454545453994288,0.0454545454602554,0.0454545454608609,0.0454545454593007,0.0454545454596656,0.045454545459367,0.1531,0.1531,0.1531
1.972000002861023,1.972000002861023,7848000,20120201,TSLA,1.937999963760376,1.972000002861023,1,0.014772761870896399,0.11477270911891055,0.0147730000712522,0.01477272727637015,0.07727289311161495,0.11477253765202734,0.01477352481586405,0.01477276610788715,0.014773493173523,0.21477469217403636,0.3897688946276174,0.1779,0.3818,0.27985
2.016666889190674,2.016666889190674,12085500,20120202,TSLA,1.972000002861023,2.016666889190674,1,0.0227272727289271,0.0227272727285742,0.0227272727285122,0.0227302388786055,0.0227272727288883,0.0227272727288023,0.0227272727286847,0.0227272727288355,0.0227272727284493,0.2727272895057148,0.5227242897860057,0.4576,0.4576,0.4576
2.119999885559082,2.119999885559082,9781500,20120206,TSLA,2.076667070388794,2.119999885559082,1,0.0795452238350649,0.01704545454873565,0.0170457807619013,0.0170454545485105,0.14204509197331897,0.017046555995813298,0.14204593599413937,0.0795462966028118,0.3295448237347201,0.1420432659212543,0.0170461160837293,0.0,0.25,0.125
2.1066670417785645,2.1066670417785645,15324000,20120207,TSLA,2.119999885559082,2.1066670417785645,0,0.0181818181845447,0.0181818181839641,0.0181818181838626,0.0181818181838179,0.0181818181844811,0.0181818181843394,0.0181821913293523,0.0181818181843948,0.0181818181837585,0.2181814392600108,0.6181818239374731,0.6096,0.6096,0.6096
2.128667116165161,2.128667116165161,9355500,20120208,TSLA,2.1066670417785645,2.128667116165161,1,0.089004281172107,0.1711144043737346,0.19545398891010127,0.11212175249347243,0.19545431445768177,0.0287878787916085,0.028788390950527598,0.028787896707084634,0.028788108021037664,0.09291110533185509,0.028787878790788934,-0.5938,0.6893,0.2517333333333333
2.171999931335449,2.171999931335449,19156500,20120209,TSLA,2.128667116165161,2.171999931335449,1,0.0189413731518668,0.0189393939419064,0.01893939394178655,0.0189393939417351,0.01894135634097215,0.2689364177699235,0.17493756894804724,0.018939393942410197,0.11294176264831005,0.018939393941838252,0.31060455143120314,0.0,0.5106,0.2553
2.0733330249786377,2.0733330249786377,28113000,20120210,TSLA,2.171999931335449,2.0733330249786377,0,0.0148992023024965,0.014899060948766966,0.08599541396777914,0.014900120115093266,0.08156559177435097,0.0148993985608227,0.014900348129970065,0.1923481969357924,0.07755712919867007,0.014899068711551633,0.4731364693547058,-0.4574,0.7189,0.08716666666666667
2.211333036422729,2.211333036422729,27162000,20120214,TSLA,2.0993330478668213,2.211333036422729,1,0.0227272727278444,0.0227272727277229,0.0227302717354405,0.0227272727276921,0.0227272727278313,0.0227272727278017,0.0227272727277611,0.0227272727278131,0.0227272727276796,0.0227276217491472,0.7727239246932657,0.4215,0.4215,0.4215
2.3313329219818115,2.3313329219818115,20650500,20120217,TSLA,2.2786669731140137,2.3313329219818115,1,0.0151518829706323,0.0151515151526684,0.2821931894646541,0.1818178029209969,0.0151515151529462,0.01515151515287,0.0151515151527662,0.0151515151528997,0.0151515151525574,0.0151521095686575,0.4147759241583507,0.2023,0.2023,0.2023
2.299999952316284,2.299999952316284,17037000,20120221,TSLA,2.3313329219818115,2.299999952316284,0,0.2727256517159787,0.0227280816536573,0.0227272727351652,0.0227276532382523,0.02272727273757,0.0227272727378927,0.0227272727362628,0.272726231184963,0.2727275758312245,0.0227276861759461,0.0227280292530868,-0.4926,-0.4926,-0.4926
2.253999948501587,2.253999948501587,9183000,20120228,TSLA,2.2413330078125,2.253999948501587,1,0.0101010229164263,0.010101010101379,0.0101010101013613,0.0101010101013537,0.0101010101014679,0.010101067308376,0.0101010101014102,0.0101010536045891,0.8989897854609188,0.010101010101369,0.0101010101013483,0.0,0.0,0.0
2.227333068847656,2.227333068847656,8035500,20120229,TSLA,2.253999948501587,2.227333068847656,0,0.0113642865412038,0.0113638768681207,0.3195273775112197,0.011363918567972,0.0113636363648269,0.2934336505647939,0.0113638901135586,0.011363934614898,0.0113645073009953,0.2961272611735737,0.0113636603788367,0.0,0.0,0.0
2.2693328857421875,2.2693328857421875,8250000,20120302,TSLA,2.2939999103546143,2.2693328857421875,0,0.0181818181889256,0.0181818181874143,0.0181818181871441,0.0181818181870283,0.0181818226652088,0.0181818181883907,0.0181818181878851,0.0181818181885321,0.618182650165616,0.018181818187268,0.2181809816665864,0.0,0.0,0.0
2.2079999446868896,2.2079999446868896,5473500,20120307,TSLA,2.2073330879211426,2.2079999446868896,1,0.0227278770266198,0.0227272727278197,0.0227332362961254,0.0227285610921275,0.2727272590934932,0.0227272727279154,0.0227284721819625,0.0227272727279294,0.0227272727277669,0.0227272727278049,0.5227182306704349,0.0,0.0,0.0
2.4006669521331787,2.4006669521331787,29449500,20120312,TSLA,2.315999984741211,2.4006669521331787,1,0.0113646534796763,0.0113647221491274,0.011363808669142,0.6363637032151038,0.0113636363658027,0.261357625193079,0.0113647819998761,0.0113636363657316,0.0113636363652134,0.0113660514977801,0.0113637446994672,0.126,0.126,0.126
2.4059998989105225,2.4059998989105225,15024000,20120313,TSLA,2.4006669521331787,2.4059998989105225,1,0.0454545454603985,0.5454545454055013,0.0454545454589309,0.045454545458835,0.0454545454602604,0.0454545454599581,0.0454545454595409,0.045454545460074,0.0454545454587064,0.0454545454590268,0.0454545454587673,0.6956,0.6956,0.6956
2.352667093276977,2.352667093276977,12772500,20120314,TSLA,2.4059998989105225,2.352667093276977,0,0.0909090909090909,0.0909090909090909,0.0909090909090909,0.0909090909090909,0.0909090909090909,0.0909090909090909,0.0909090909090909,0.0909090909090909,0.0909090909090909,0.0909090909090909,0.0909090909090909,0.0,0.0,0.0
2.3333330154418945,2.3333330154418945,8574000,20120315,TSLA,2.352667093276977,2.3333330154418945,0,0.0151517191818353,0.015151890407272,0.0151538721705614,0.8484809245976992,0.0151515151539882,0.015151515153856,0.0151515151536771,0.0151518238177519,0.0151515965153054,0.0151520729699436,0.0151515548781095,0.6597,0.6597,0.6597
2.330667018890381,2.330667018890381,8505000,20120320,TSLA,2.3320000171661377,2.330667018890381,0,0.0227272727279265,0.2727260588459019,0.0227272727277628,0.0227273360036241,0.0227272727279115,0.5227266827679914,0.0227284360766196,0.0227272727278904,0.0227278499388536,0.0227272727277734,0.0227272727277444,0.8439,0.8439,0.8439
2.293333053588867,2.293333053588867,7836000,20120322,TSLA,2.343333005905152,2.293333053588867,0,0.0303030303094726,0.0303030303081025,0.0303038531442815,0.0303030303077543,0.3636362309689645,0.0303030303089893,0.030303030308531,0.0303030303091186,0.030303030307613,0.3636356734194946,0.0303030303076775,0.6124,0.6124,0.6124
2.523333072662353,2.523333072662353,14325000,20120328,TSLA,2.529333114624023,2.523333072662353,0,0.1090904194882121,0.0090909090925147,0.1658637079147601,0.092154944408524,0.009091111135729,0.0090909090927952,0.1266892849284734,0.0090909090928363,0.0090916693594538,0.009090909092471,0.4516552263942298,0.0,0.0,0.0
2.5339999198913574,2.5339999198913574,16471500,20120403,TSLA,2.438667058944702,2.5339999198913574,1,0.1204552559249197,0.11423285275143864,0.02045454545674915,0.02045454545670125,0.2509472933580123,0.02045454545726485,0.0204545454570566,0.0204545454573241,0.0204574921386292,0.2649574106484971,0.12667696789340654,0.0,0.1027,0.05135
2.3333330154418945,2.3333330154418945,67227000,20120404,TSLA,2.5339999198913574,2.3333330154418945,0,0.5227208806632997,0.0227272727285886,0.0227272727285258,0.0227272727284986,0.0227286706251335,0.0227282170374603,0.2727258162135528,0.0227272727288522,0.0227281725875108,0.0227272727285528,0.0227318792300247,0.7506,0.7506,0.7506
2.298666954040528,2.298666954040528,22641000,20120405,TSLA,2.3333330154418945,2.298666954040528,0,0.4619628861097103,0.02083334398002085,0.0208343686707372,0.0963637022841535,0.020833333335701,0.02083333333557435,0.02083360610492175,0.020833346588344348,0.020833867846876148,0.1874999731452086,0.1083382385987514,0.6239,0.7579,0.6909000000000001
2.2100000381469727,2.2100000381469727,24835500,20120409,TSLA,2.298666954040528,2.2100000381469727,0,0.02272818339131973,0.022728143566747,0.18939012574785882,0.27272607363895046,0.1338381376840818,0.022727272729187165,0.022728300777886835,0.022727518427320032,0.2449493586555803,0.022729612652300866,0.022727272728766502,0.1779,0.8646,0.4747666666666666
2.177333116531372,2.177333116531372,12346500,20120418,TSLA,2.149333000183105,2.177333116531372,1,0.0227272727311288,0.0227272727303081,0.0227280911360477,0.2727262538389485,0.022727272731041,0.5227274731807484,0.0227272727305648,0.0227272727309166,0.022727272730015,0.0227272727302265,0.0227272727300542,0.2263,0.2263,0.2263
2.21066689491272,2.21066689491272,11623500,20120419,TSLA,2.177333116531372,2.21066689491272,1,0.034091402559272496,0.4090873346394187,0.2840909701444695,0.03409104113822075,0.03409090909399965,0.034091613603735346,0.034091553713198,0.03409112269768225,0.034090909093159746,0.03409205878737995,0.0340910845294629,0.6705,0.7184,0.69445
2.129333019256592,2.129333019256592,13362000,20120423,TSLA,2.21066689491272,2.129333019256592,0,0.01515158867688345,0.0151515888565243,0.015151652474878551,0.1818179594317216,0.0151515151529053,0.015151536447946149,0.2651513538842281,0.01515151515285975,0.18181973147354533,0.0151516801062158,0.2651498783422912,0.0,0.0,0.0
2.121332883834839,2.121332883834839,10117500,20120424,TSLA,2.129333019256592,2.121332883834839,0,0.0129870129881867,0.0129870129879367,0.0129870129878925,0.3118107727654025,0.0129870129881593,0.0129896364053688,0.012987012988015,0.0129870129881218,0.571303486925145,0.0129870129879117,0.0129870129878596,0.0,0.0,0.0
2.208667039871216,2.208667039871216,6208500,20120430,TSLA,2.22266697883606,2.208667039871216,0,0.10858715241232197,0.025252525253444933,0.025252525253399234,0.10858396607752153,0.025252525253664237,0.0252527308815373,0.10858564085806711,0.0252525252536269,0.49747437692098767,0.025252525253418232,0.02525350658201057,-0.34,0.658,0.2394333333333333
2.1640000343322754,2.1640000343322754,12619500,20120503,TSLA,2.262666940689087,2.1640000343322754,0,0.0181818181849922,0.01818181818431645,0.018181961974734602,0.41817598610658596,0.0181818181849182,0.0181839517498896,0.0181819556959769,0.0181853372696818,0.31818183783656384,0.01818211588759345,0.11818139892474659,0.0,0.4019,0.20095
2.012666940689087,2.012666940689087,46458000,20120508,TSLA,2.1646668910980225,2.012666940689087,0,0.2727314351346758,0.0227280628800633,0.0227272727328421,0.2727218060968027,0.0227272727345355,0.272726048048895,0.0227272727336183,0.0227272727342965,0.0227272727325586,0.0227272727329674,0.0227290114387445,0.3612,0.3612,0.3612
2.003999948501587,2.003999948501587,29218500,20120509,TSLA,2.012666940689087,2.003999948501587,0,0.0101011496472362,0.0101010101025857,0.0101011093252459,0.0101013338542058,0.1309594739624618,0.0101014970566036,0.0101010179743706,0.0101014500681043,0.1272107496289557,0.0101016066661738,0.661019601714056,0.5562,0.5562,0.5562
2.1973330974578857,2.1973330974578857,83344500,20120510,TSLA,2.003999948501587,2.1973330974578857,1,0.01515167714457,0.0151515151543505,0.0151535298124301,0.0151519807960732,0.0151518916156337,0.0151515151548459,0.2066762572371323,0.0151515151549208,0.0151515151540773,0.0151520155021111,0.6569565872738545,0.7184,0.7184,0.7184
2.150000095367432,2.150000095367432,18319500,20120511,TSLA,2.1973330974578857,2.150000095367432,0,0.0147730885522037,0.01477281592640215,0.01477272727365695,0.0147738118403422,0.014772727273939051,0.014772983350362801,0.1424922502993694,0.01477278110813415,0.5123348701900325,0.014772807850105901,0.22698913633545076,-0.0516,0.0,-0.0258
2.003999948501587,2.003999948501587,20713500,20120514,TSLA,2.150000095367432,2.003999948501587,0,0.0227272727293103,0.0227272727288769,0.0227272727287996,0.02273454616497,0.0227297608578401,0.0227287531967564,0.0227272727309605,0.5227186131252443,0.0227272727287218,0.2727246902797769,0.0227272727287426,-0.6597,-0.6597,-0.6597
2.053333044052124,2.053333044052124,35493000,20120522,TSLA,1.9179999828338623,2.053333044052124,1,0.05495069577632975,0.019237687017166626,0.11109738252807055,0.03709401092268911,0.15256875018907282,0.07206535086609944,0.16226502884568839,0.019237161909583023,0.2601260381886616,0.08173723894582663,0.029620654810811664,0.0,0.9269,0.36948749999999997
2.068000078201294,2.068000078201294,18306000,20120523,TSLA,2.053333044052124,2.068000078201294,1,0.0151515151546331,0.0151515151539685,0.0151515151538513,0.3454491772017458,0.0151523385482879,0.1453384417817519,0.1818169285263067,0.0151515151544603,0.2213340230173278,0.0151515151539022,0.015151515153764,0.0,0.0,0.0
2.018666982650757,2.018666982650757,16134000,20120524,TSLA,2.068000078201294,2.018666982650757,0,0.019507575760475224,0.06950712256572115,0.06950770644050683,0.07063000587630883,0.2528397585410188,0.13881845109476937,0.01950874187187195,0.019507575760314925,0.2199080919795322,0.06950758333339074,0.05075738677608965,0.0,0.6486,0.16215
1.987333059310913,1.987333059310913,11355000,20120525,TSLA,2.018666982650757,1.987333059310913,0,0.01477272727469305,0.01477319858843925,0.0147727272742001,0.3891592665656374,0.014772727274646399,0.21931235985105815,0.0147729972103217,0.01477334203394435,0.27334508416796177,0.01477284248495255,0.0147727272741449,0.0,0.6588,0.3294
1.9666670560836792,1.9666670560836792,16780500,20120531,TSLA,2.0273330211639404,1.9666670560836792,0,0.18040675793478686,0.01429473304640885,0.05000875024779702,0.08077883886532326,0.07332407172488223,0.01429575565552055,0.014294778516986776,0.014294733046745174,0.2323689872924568,0.01429499835304375,0.3116375953160483,-0.34,0.658,-0.005500000000000005
1.8606669902801516,1.8606669902801516,9463500,20120605,TSLA,1.858667016029358,1.8606669902801516,1,0.155842409816292,0.0129870129927941,0.1558438744889666,0.0129872304207813,0.4415580294957043,0.0129870129938049,0.0129887949004529,0.0129870129939503,0.1558441637230686,0.0129870129926348,0.0129874451815496,0.0,0.0,0.0
1.9593329429626465,1.9593329429626465,13083000,20120614,TSLA,1.9846669435501096,1.9593329429626465,0,0.01818181818430625,0.01818181818377535,0.11818166889617181,0.018181818183641,0.4181811426572549,0.0181818181841176,0.018181956691523102,0.01818181818416765,0.11818181625638656,0.21818250639504286,0.01818181818361235,0.0,0.4404,0.2202
2.122667074203491,2.122667074203491,18852000,20120618,TSLA,1.99399995803833,2.122667074203491,1,0.01641452075741185,0.0164141414158291,0.0164143744642604,0.2664098171139083,0.01641600513936465,0.1414140748009662,0.0164157543258237,0.0164141534199595,0.27413780952679895,0.016414141415783248,0.2031352076198936,-0.4926,0.8176,0.1625
2.252000093460083,2.252000093460083,51336000,20120620,TSLA,2.1393330097198486,2.252000093460083,1,0.0303030303033133,0.030303030303253,0.0303030303032423,0.0303030303032377,0.0303030303033067,0.030303030303292,0.0303030303032719,0.0303032607878596,0.6969687508924418,0.030303030303247,0.0303037458935343,0.0,0.0,0.0
2.25266695022583,2.25266695022583,45699000,20120622,TSLA,2.1459999084472656,2.25266695022583,1,0.2727271741780671,0.0227272727283702,0.0227272727283173,0.0227272727282947,0.0227272727286342,0.0227272727285617,0.0227272727284628,0.0227272727285898,0.0227272727282639,0.0227272727283402,0.5227273712660976,0.0,0.0,0.0
2.130666971206665,2.130666971206665,15708000,20120627,TSLA,2.107332944869995,2.130666971206665,1,0.022005772025154097,0.022006360721009602,0.022005772010747503,0.06962450368734387,0.022005772012255065,0.13311792926813118,0.10533908919962089,0.21644662121227945,0.3434342731499968,0.0220073996699008,0.022006507043560334,-0.3802,0.6249,0.08156666666666668
2.0820000171661377,2.0820000171661377,18807000,20120705,TSLA,2.0439999103546143,2.0820000171661377,1,0.034090909095846555,0.03409090909479345,0.03409090909460645,0.15909106656727295,0.28408946146239683,0.034091819748268554,0.15908955674200476,0.03409090909557115,0.15909104005106015,0.0340909090946885,0.0340925099534901,-0.357,0.6361,0.13955
2.180000066757202,2.180000066757202,16885500,20120712,TSLA,2.1006669998168945,2.180000066757202,1,0.0113646649194014,0.0113636363642276,0.182883767607028,0.011363636364187,0.1363633306906783,0.0113639198174186,0.0113637408061435,0.0113639127593772,0.0113636363641706,0.0113636363642116,0.5898421179431558,0.3074,0.3074,0.3074
2.2233328819274902,2.2233328819274902,38539500,20120717,TSLA,2.3973329067230225,2.2233328819274902,0,0.0454545454604244,0.0454545454591742,0.0454545454589518,0.045454545458855,0.0454545454602898,0.545454545406079,0.0454545454595658,0.0454545454600998,0.0454545454587265,0.0454545454590474,0.0454545454587859,0.902,0.902,0.902
2.0439999103546143,2.0439999103546143,20802000,20120723,TSLA,2.119333028793335,2.0439999103546143,0,0.01666718550561885,0.01666910818108485,0.0166666666713514,0.0166666666712489,0.0166666666727701,0.0166666666724459,0.0166673091547155,0.1021781935118769,0.01666666667111135,0.41665925969641937,0.3478256105913563,-0.7906,-0.0516,-0.4211
1.9673329591751096,1.9673329591751096,25095000,20120727,TSLA,1.8753329515457156,1.9673329591751096,1,0.1056995444100116,0.08795219237725671,0.17137147565113664,0.11049329489336938,0.022366905779556235,0.06403381803628228,0.022366882078869884,0.02236734783987385,0.14634393348629063,0.1915279890781386,0.05547661636921374,-0.2263,0.8908,0.3743
1.8279999494552608,1.8279999494552608,23626500,20120731,TSLA,1.8233330249786377,1.8279999494552608,1,0.0138889942886941,0.11372180745265507,0.013889366599758868,0.35518663414200624,0.013888888891142467,0.013889493725332101,0.013889006227337066,0.013889371643289766,0.013889621166470266,0.07317000153052136,0.36069681433279227,0.4939,0.7184,0.6375333333333334
1.75,1.75,23884500,20120801,TSLA,1.8279999494552608,1.75,0,0.08595042338790612,0.08112645383846397,0.10398097809281996,0.052554610790400205,0.15731596152362254,0.06398308585291156,0.05255408604409286,0.02398384686497338,0.02398271879400136,0.27826717345537694,0.07630066135543064,0.0,0.7845,0.41702000000000006
1.8179999589920044,1.8179999589920044,18142500,20120803,TSLA,1.7400000095367432,1.8179999589920044,1,0.10227140916050526,0.0189402177215082,0.01894060445601235,0.018942443655746148,0.3522718476765694,0.01893999486429115,0.0189405332196108,0.17988383883699455,0.01893954055376255,0.01894100082517635,0.23298856902982296,0.0,0.743,0.3715
2.078000068664551,2.078000068664551,13051500,20120813,TSLA,1.996000051498413,2.078000068664551,1,0.0129870129913828,0.1558441174287133,0.2987013442397806,0.0129870129902167,0.0129870129912813,0.0129870129910533,0.155844137315912,0.0129870719247113,0.0129870129901207,0.2987012511466624,0.0129870129901651,-0.6908,-0.6908,-0.6908
1.9966670274734497,1.9966670274734497,11632500,20120822,TSLA,1.940667033195496,1.9966670274734497,1,0.0155845345081464,0.16255932912005208,0.2686070468681036,0.015584669067425401,0.015584415586335849,0.0155877356997948,0.30153842610789067,0.01558441558627295,0.01558481372469735,0.0155845770540436,0.15820003667723664,0.7964,0.8122,0.8043
1.888000011444092,1.888000011444092,20256000,20120827,TSLA,1.9666670560836792,1.888000011444092,0,0.13226562497098823,0.013167388169645368,0.013167515967100932,0.0607864196667487,0.15107180902034906,0.013167890758087502,0.0131678831888367,0.0131673881700977,0.06872290492641574,0.013167635056788732,0.5081475401049409,-0.1531,0.7845,0.21046666666666666
1.8940000534057615,1.8940000534057615,12583500,20120829,TSLA,1.9126670360565183,1.8940000534057615,0,0.0189393939452467,0.018939393944001952,0.10227240607339211,0.18560617393448298,0.01893939394510995,0.21549082789405571,0.0189399449080108,0.01893939394492645,0.22727294135906234,0.1557207361080931,0.0189393939436175,0.2263,0.9211,0.5737
1.9033329486846924,1.9033329486846924,12625500,20120906,TSLA,1.8626669645309448,1.9033329486846924,1,0.1417120417381814,0.0113636363691527,0.0113656418232977,0.0113638156025093,0.0113636363704814,0.011364967588255,0.011367145202283,0.0113636363702572,0.0113636363686207,0.0113638918037978,0.7560079507631633,0.0,0.0,0.0
1.9653329849243164,1.9653329849243164,22270500,20120913,TSLA,1.885332942008972,1.9653329849243164,1,0.0227272727306794,0.0227272727299541,0.0227273002792681,0.5490468488117674,0.0227272727306002,0.2463986664427646,0.0227272727301818,0.0227272727304925,0.0227280702063826,0.0227277017671333,0.0227350488407757,0.5859,0.5859,0.5859
2.026000022888184,2.026000022888184,23049000,20120914,TSLA,1.9653329849243164,2.026000022888184,1,0.1893808977384312,0.0101029666458999,0.386376512979811,0.0101010956518579,0.0101018625394147,0.0101012107488087,0.0101013852815429,0.0101010101039218,0.2323198484246069,0.1212120888362407,0.0101011210494639,0.2263,0.2263,0.2263
2.169332981109619,2.169332981109619,48192000,20120917,TSLA,2.026000022888184,2.169332981109619,1,0.0113639458732109,0.011363636364283,0.0113657613369819,0.1935406445536257,0.0113636363644389,0.0113636363643963,0.704180421116318,0.0113639959110807,0.0113641288246981,0.0113646576817433,0.0113655356092226,0.5697,0.5697,0.5697
2.069999933242798,2.069999933242798,15727500,20120919,TSLA,2.0893330574035645,2.069999933242798,0,0.4980718363222699,0.0151515151539013,0.1988973508144385,0.0151515151537377,0.0151515151544764,0.0151515151543196,0.0151515151541037,0.0151515151543793,0.0151519215636479,0.0151515151538366,0.1818182852208885,0.0,0.0,0.0
1.843999981880188,1.843999981880188,85206000,20120925,TSLA,2.0439999103546143,1.843999981880188,0,0.4624345109082005,0.0181818181835624,0.3739274262814527,0.0181821193920451,0.0181818181839851,0.0181818181838676,0.0181824776232669,0.0181818181839127,0.0181818181833942,0.0181818181835153,0.0181825566927971,0.6369,0.6369,0.6369
1.944000005722046,1.944000005722046,13266000,20121001,TSLA,1.9520000219345093,1.944000005722046,0,0.1900780396427971,0.0082644628133646,0.0082644628131996,0.0082644628131288,0.1307060135018692,0.0082655010497554,0.0082667251897792,0.0082658725465721,0.3620008776286568,0.0991736697848377,0.1684499122160392,-0.128,-0.128,-0.128
1.9866670370101929,1.9866670370101929,10935000,20121002,TSLA,1.944000005722046,1.9866670370101929,1,0.0082644628108696,0.0082644628106668,0.0082644628106313,0.1964162222174327,0.0082644628108476,0.0082655431815087,0.0082645313976685,0.008264462810817,0.7292024232304551,0.0082644628106466,0.0082645031084555,0.0,0.0,0.0
1.953333020210266,1.953333020210266,15792000,20121003,TSLA,1.9866670370101929,1.953333020210266,0,0.0303030303046822,0.0303030303043304,0.0303030303042682,0.0303030303042412,0.0303030303046436,0.0303030303045581,0.6969696969559623,0.0303030303045908,0.0303030303042052,0.0303030303042952,0.0303030303042221,-0.0772,-0.0772,-0.0772
1.950000047683716,1.950000047683716,13345500,20121008,TSLA,1.9259999990463257,1.950000047683716,1,0.0101010101020365,0.0101010101018179,0.0101010101017793,0.0101010101017625,0.0101010101020127,0.0101010775591099,0.0101010101018865,0.0101010101019798,0.7556030335829288,0.0101010101017961,0.1534878080428895,0.0,0.0,0.0
1.888000011444092,1.888000011444092,6759000,20121011,TSLA,1.8933329582214355,1.888000011444092,0,0.0101010613016037,0.0101010101022706,0.0101010511305272,0.2746499708985995,0.2996177712217692,0.0101035018395183,0.0101026849967088,0.010101010102523,0.3449187384832604,0.0101010101022365,0.0101021898209824,0.0,0.0,0.0
1.8566670417785645,1.8566670417785645,7053000,20121022,TSLA,1.8493330478668213,1.8566670417785645,1,0.0151519117993561,0.0151515151534006,0.1818159826652753,0.0151521342017816,0.4961687238122797,0.0151515151537302,0.0151528086369734,0.0151515151537784,0.015151515153219,0.2008000267285413,0.0151523515416639,0.0,0.0,0.0
2.076667070388794,2.076667070388794,34860000,20121106,TSLA,2.0999999046325684,2.076667070388794,0,0.0303030303069674,0.03030303030613,0.0303041215136889,0.3636352027708919,0.0303030303068786,0.0303030303066742,0.0303030303063921,0.0303030303067507,0.0303030303058305,0.3636364332639247,0.0303030303058707,0.4926,0.4926,0.4926
2.102667093276977,2.102667093276977,25717500,20121107,TSLA,2.076667070388794,2.102667093276977,1,0.0082651146906947,0.008264462811445,0.0082644628114224,0.008264507120698,0.3678510132410122,0.0082645292567317,0.0082650169862805,0.0082644628418079,0.3623039515747699,0.1042334843118126,0.1077589943533249,0.0,0.0,0.0
2.107332944869995,2.107332944869995,14974500,20121113,TSLA,2.0713329315185547,2.107332944869995,1,0.7727195185207196,0.0227272727335437,0.0227272727332433,0.0227346725051819,0.0227272727350586,0.0227272727346524,0.0227272727340798,0.0227273512535521,0.0227272727329415,0.022727548584006,0.0227272727330206,0.6696,0.6696,0.6696
2.122667074203491,2.122667074203491,13630500,20121116,TSLA,2.0546669960021973,2.122667074203491,1,0.1252335216378735,0.0101010101016717,0.0101019625817716,0.0101011460181163,0.0101010101018311,0.0101010101017874,0.0101011366422889,0.0101010101018042,0.0101010101016078,0.0101010101016539,0.7838561725095933,0.6597,0.6597,0.6597
2.200000047683716,2.200000047683716,13837500,20121120,TSLA,2.194667100906372,2.200000047683716,1,0.17237061146377283,0.016082309134627982,0.0160830823159105,0.06812649252213615,0.04686474279044432,0.06608206649126139,0.01608235742482656,0.12725761922564227,0.1560824085755876,0.298885636987167,0.01608267306862292,-0.6369,0.1655,-0.24486
2.1646668910980225,2.1646668910980225,14448000,20121121,TSLA,2.200000047683716,2.1646668910980225,0,0.0227274938326244,0.0227272727295853,0.0227325730050933,0.5227192511381242,0.022727272730144,0.0227296821559896,0.0227272727297814,0.0227272727300497,0.2727273634896915,0.0227272727295241,0.0227272727293921,0.7717,0.7717,0.7717
2.1419999599456787,2.1419999599456787,6454500,20121123,TSLA,2.1646668910980225,2.1419999599456787,0,0.0454545454549591,0.0454545454548711,0.0454545454548554,0.5454545454510559,0.0454545454549495,0.045454545454928,0.0454545454548986,0.0454545454549362,0.0454545454548398,0.0454545454548622,0.0454545454548439,0.7783,0.7783,0.7783
2.1433329582214355,2.1433329582214355,13662000,20121127,TSLA,2.1513330936431885,2.1433329582214355,0,0.0166666666691157,0.0166672423431815,0.01666817063080945,0.2999960839227932,0.01666682559228365,0.10000028701278325,0.016666906670252703,0.01666710082304445,0.3833335284057951,0.0166671253278552,0.10000006260208545,0.0772,0.2263,0.15175
2.2153329849243164,2.2153329849243164,22878000,20121128,TSLA,2.1433329582214355,2.2153329849243164,1,0.0454576051752125,0.0454602394816465,0.0454600894683874,0.0454606044050489,0.0454545454570815,0.0454545454569455,0.0454545454567614,0.0454591776854038,0.0454557650970253,0.5454277414574211,0.0454551408590654,0.6474,0.6474,0.6474
2.259999990463257,2.259999990463257,18949500,20121204,TSLA,2.308000087738037,2.259999990463257,0,0.0113651206471267,0.0113636363641628,0.0113657141745554,0.0113642063950689,0.0113637898639085,0.0113636363642548,0.5004465260353193,0.3972759261194387,0.011363636364112,0.0113636363641485,0.0113641713079039,0.8834,0.8834,0.8834
2.24733304977417,2.24733304977417,9922500,20121205,TSLA,2.259999990463257,2.24733304977417,0,0.0303030303171311,0.0303030303141256,0.0303030303135918,0.0303030303133617,0.0303030303167954,0.0303030303160711,0.0303030303150671,0.6969604225419151,0.0303123046249173,0.0303030303138267,0.0303030303131966,0.3182,0.3182,0.3182
2.351999998092652,2.351999998092652,23589000,20121211,TSLA,2.3046669960021973,2.351999998092652,1,0.0129886082369113,0.012987521178019,0.0129885414765626,0.7192015690524008,0.1639082495671093,0.0129870129890057,0.0129878823788489,0.0129872015783542,0.0129879185424525,0.0129870439870962,0.0129884510132392,0.75,0.75,0.75
2.3506669998168945,2.3506669998168945,30957000,20121212,TSLA,2.351999998092652,2.3506669998168945,0,0.1892845481116033,0.08073633577428263,0.08787829559055102,0.023593354860771527,0.12359177697649489,0.11091318673106206,0.12912964998040544,0.1069270334627462,0.023593506914735544,0.059307996986685686,0.06504431461066121,-0.7603,0.8519,0.04280000000000001
2.253999948501587,2.253999948501587,15345000,20121214,TSLA,2.2406671047210693,2.253999948501587,1,0.026515151521754377,0.08901512228081437,0.026515151517082648,0.02651540408574455,0.026515151517668478,0.08901518378563425,0.026515781197697926,0.02651515151758655,0.15151486799178235,0.15151452183245095,0.3598485127517831,-0.6705,0.0772,-0.14832499999999998
2.293333053588867,2.293333053588867,12373500,20121217,TSLA,2.253999948501587,2.293333053588867,1,0.0151515151522903,0.0151515151521252,0.015151515152096,0.4592560150331555,0.0151515151522722,0.2180529816709689,0.015151515152177,0.0151515151522474,0.0151528987136472,0.2014772475831367,0.015151766085883,0.5994,0.5994,0.5994
2.307332992553711,2.307332992553711,19482000,20121219,TSLA,2.305999994277954,2.307332992553711,1,0.021645021647792348,0.02164502164720275,0.21702176187424416,0.021645021647053248,0.02164502164772835,0.093073316335712,0.0216450324337078,0.02164502164764015,0.02164502164699315,0.021645397351993,0.5167443621199326,0.7832,0.8777,0.83045
2.2853329181671143,2.2853329181671143,5637000,20121224,TSLA,2.266666889190674,2.2853329181671143,1,0.024080086583278502,0.024080086582598376,0.02408008658247845,0.024080142857868424,0.08442480703341686,0.024080423412119675,0.024081005793002725,0.02408008663275115,0.32394094768862025,0.06574680469526978,0.3573255221385955,-0.296,0.0,-0.074
2.293333053588867,2.293333053588867,10110000,20130104,TSLA,2.318000078201294,2.293333053588867,0,0.3455208905319887,0.0660371302754236,0.014141641444256548,0.1141415210010997,0.11414146994445151,0.0141419658835842,0.01414149447242065,0.014141432333425701,0.11414143007860385,0.11414138793792819,0.0753096360968167,0.3612,0.4753,0.41825
2.23533296585083,2.23533296585083,13837500,20130110,TSLA,2.242666959762573,2.23533296585083,0,0.15151659513652016,0.0265161646987745,0.15151453792769243,0.02651556890913745,0.0265151515200838,0.0265151515198202,0.026516117226846853,0.026515151519924098,0.31818200308874367,0.19317840693366,0.0265151515187963,0.0,0.6419,0.32095
2.301332950592041,2.301332950592041,53326500,20130118,TSLA,2.2920000553131104,2.301332950592041,1,0.0113637424637038,0.0113637194931593,0.0113646609341653,0.0113639801452669,0.0113636363644195,0.261363465168303,0.011363846916914,0.011363674999461,0.0113636363642067,0.0113636363642504,0.6363620007861496,0.8625,0.8625,0.8625
2.501332998275757,2.501332998275757,14521500,20130130,TSLA,2.5299999713897705,2.501332998275757,0,0.0129873339273783,0.4301299820680022,0.1832657886888536,0.0129872773915,0.0129871620836846,0.012987012990231,0.0129874526613305,0.012987123302426,0.0129870129894878,0.012989328241372,0.2827045256557339,0.0,0.0,0.0
2.5160000324249268,2.5160000324249268,16920000,20130204,TSLA,2.553333044052124,2.5160000324249268,0,0.0340909090978084,0.0340909090963397,0.034090909096079,0.4090904363703637,0.034090909097649405,0.03409090909729,0.28409097229357866,0.0340909090974365,0.03409112330056045,0.03409110435700885,0.03409090909588495,-0.7003,0.8881,0.09389999999999998
2.615999937057495,2.615999937057495,17097000,20130208,TSLA,2.631999969482422,2.615999937057495,0,0.0151515151539004,0.015152862217463,0.1567607608199727,0.0151515826263885,0.0151515151538451,0.7068724085667182,0.0151532948481521,0.0151515151537692,0.0151515151532118,0.0151515151533424,0.0151515151532359,0.0,0.0,0.0
2.561332941055298,2.561332941055298,48994500,20130211,TSLA,2.615999937057495,2.561332941055298,0,0.122437136329424,0.0155309018776105,0.29765070512100805,0.04570534120653383,0.14886199322937851,0.01553072840741925,0.1129933170454368,0.04886406283482639,0.015530304333895248,0.09886483787811075,0.07803067173635612,-0.0772,0.8932,0.3784166666666666
2.551332950592041,2.551332950592041,14860500,20130214,TSLA,2.563333034515381,2.551332950592041,0,0.0181878421374202,0.0181818181862557,0.0181834558799596,0.0181818181859528,0.2181813366607229,0.0181818181870321,0.0181818181866326,0.0181818181871455,0.0181842392723863,0.0181818181861363,0.6181722169303556,0.0,0.0,0.0
2.469332933425904,2.469332933425904,30264000,20130215,TSLA,2.551332950592041,2.469332933425904,0,0.14583308744721,0.02083333333603005,0.35416587784981995,0.0208333333358447,0.2018324226369348,0.020833333336502148,0.020834090147071847,0.08333296286447835,0.0208333333357695,0.02083333333595765,0.0898348923743805,0.0,0.3818,0.1909
2.2920000553131104,2.2920000553131104,43341000,20130225,TSLA,2.4073328971862797,2.2920000553131104,0,0.5151489972971423,0.0151515151544939,0.1818178300692408,0.0151515151542908,0.015152563686462,0.0151525241448208,0.1818167726758036,0.0151515151550908,0.0151515151542087,0.0151515151544138,0.015153736354032,0.9081,0.9081,0.9081
2.295332908630371,2.295332908630371,41443500,20130226,TSLA,2.2920000553131104,2.295332908630371,1,0.0090909090911749,0.0090909090911183,0.0090909090911083,0.009090909091104,0.0090909090911688,0.0090909090911549,0.0090909090911361,0.0090909220876056,0.9090908169224864,0.0090909090911127,0.0090909882608296,0.128,0.128,0.128
2.3399999141693115,2.3399999141693115,29388000,20130227,TSLA,2.295332908630371,2.3399999141693115,1,0.014720011298090899,0.014718937725142668,0.014719233437607901,0.12640736508998623,0.014719143638345299,0.014719493498591966,0.0147191833533473,0.014718863456655634,0.014718906255675332,0.2667970259802677,0.4890418362662885,-0.0258,0.3818,0.11866666666666666
2.309999942779541,2.309999942779541,23199000,20130301,TSLA,2.322000026702881,2.309999942779541,0,0.1584876679940954,0.039509885282048504,0.02027986641549902,0.04568746545086883,0.033100310811377036,0.0918328864079054,0.08988165847554343,0.04293088163880591,0.2981470454825253,0.05430822495831214,0.1258341070830185,-0.4588,0.8997,0.2442923076923077
2.512666940689087,2.512666940689087,17250000,20130306,TSLA,2.44333291053772,2.512666940689087,1,0.0151524895864806,0.0151525553565788,0.0151515151526158,0.0151515151525918,0.3484847558600448,0.0151523156022757,0.3418956097797416,0.0151515151529026,0.0151515151525596,0.0151539339753932,0.188402279228815,0.3612,0.3612,0.3612
2.564666986465454,2.564666986465454,13681500,20130308,TSLA,2.548666954040528,2.564666986465454,1,0.1002317665717022,0.06284788054879657,0.08223434603802977,0.1895170756173127,0.1002319295749363,0.10496249318052588,0.10023219304587608,0.028803339520882928,0.14104845555366566,0.028803415777327042,0.061087104570944385,-0.5255,0.6633,0.15074285714285715
2.396667003631592,2.396667003631592,21345000,20130320,TSLA,2.3386669158935547,2.396667003631592,1,0.3463132017160851,0.01073267002940235,0.01073234396003045,0.2102693711300291,0.010732323234589801,0.0619354331275759,0.0817191358026383,0.06870098780284835,0.177399119951755,0.01073282386300825,0.01073258938203685,0.0,0.802,0.401
2.502000093460083,2.502000093460083,35682000,20130325,TSLA,2.441333055496216,2.502000093460083,1,0.18535094829340884,0.40491611580171155,0.1300051038935069,0.0186868686913764,0.06558663339540173,0.01868742794927537,0.10201926628785567,0.0186868686926774,0.018686868691241133,0.018686868691577267,0.018687029611967332,-0.5859,0.5413,-0.014866666666666658
2.5239999294281006,2.5239999294281006,27123000,20130326,TSLA,2.502000093460083,2.5239999294281006,1,0.0167931851037434,0.0167930110423655,0.09409677948709287,0.01679338432205165,0.016793277250450902,0.016793198919516767,0.29456957598466704,0.016793041263831635,0.2479099260743949,0.016793600433313433,0.24587102011857143,-0.1531,0.5994,0.12226666666666668
2.9286670684814453,2.9286670684814453,211477500,20130401,TSLA,2.526000022888184,2.9286670684814453,1,0.0250006580267113,0.0250011289395701,0.2500001813991734,0.1249983272473417,0.07499961069464516,0.025000263383201923,0.22499972420055936,0.0750002930009489,0.025000216004026025,0.07499976487156196,0.0749998322322596,0.303,0.9468,0.74925
2.9560000896453857,2.9560000896453857,99786000,20130402,TSLA,2.9286670684814453,2.9560000896453857,1,0.09725418865821055,0.03475380582008088,0.17412599212305935,0.03475406558704396,0.12329600436634272,0.0847540980787636,0.24954611695511697,0.03475384615752579,0.09725377866725834,0.03475386400871116,0.03475423957788626,0.0,0.873,0.2620625
2.7886669635772705,2.7886669635772705,25185000,20130408,TSLA,2.757999897003174,2.7886669635772705,1,0.3278763804193767,0.027879448888730417,0.10426767258362339,0.027878845087363456,0.02788034808054408,0.02788019216111794,0.07148974387140347,0.02787879580835918,0.1278781718580338,0.06787792376972168,0.16121247747172548,-0.5267,0.5727,0.15367999999999998
2.700000047683716,2.700000047683716,25441500,20130409,TSLA,2.7886669635772705,2.700000047683716,0,0.0297351517908699,0.06098600892560401,0.2975480875900175,0.129734488949974,0.15473462368129343,0.060985119682791245,0.029735748890830686,0.029737429092222375,0.029734865257152687,0.09223522464067829,0.0848332514985655,-0.25,0.7964,0.5286625
2.790667057037353,2.790667057037353,31816500,20130410,TSLA,2.700000047683716,2.790667057037353,1,0.018939752735016198,0.0189393939415043,0.2272722933091737,0.0189397452636983,0.14393833496217945,0.0189396355971749,0.01893964908971795,0.1439394720433561,0.17397552366595362,0.10227318873101834,0.11390301066120675,0.0,0.6597,0.32985
2.9059998989105225,2.9059998989105225,51711000,20130411,TSLA,2.790667057037353,2.9059998989105225,1,0.12095855371963206,0.1467527812359263,0.08484840491310262,0.23906987073238115,0.027706878129651558,0.027705787830683257,0.08484848758366546,0.02770590401414047,0.027705767585515316,0.11356319317733767,0.09913437107796376,0.0,0.8398,0.2769142857142857
3.0299999713897705,3.0299999713897705,31777500,20130417,TSLA,3.0393331050872803,3.0299999713897705,0,0.0166667089254187,0.1166667025394256,0.0999995656745005,0.266669453481354,0.3166621471155855,0.01666666667057525,0.01666849139810715,0.016667167284036298,0.09999901081135736,0.01666686018453675,0.01666722591510235,0.3802,0.5411,0.46065
3.131333112716675,3.131333112716675,50518500,20130418,TSLA,3.0299999713897705,3.131333112716675,1,0.13365101579255584,0.1810638910979868,0.15063511793664652,0.3914670017520697,0.0204545908514128,0.02045454545613495,0.020455016921717903,0.0204549372795733,0.02045459910552155,0.02045454545586145,0.02045473835051865,0.0,0.7125,0.35625
3.345999956130981,3.345999956130981,59091000,20130422,TSLA,3.188667058944702,3.345999956130981,1,0.0181818181858677,0.0181818181850057,0.01818241894307735,0.41817589626804486,0.15623384150030134,0.018184001341983252,0.018181936564340348,0.0181818181856443,0.11818280744649225,0.0181823342609663,0.18013130911827618,0.0,0.7269,0.36345
3.4006669521331787,3.4006669521331787,56007000,20130423,TSLA,3.345999956130981,3.4006669521331787,1,0.10551872469065081,0.14123349817732725,0.022186147188088125,0.1650430444049646,0.022186147188677525,0.022186147188542376,0.022186147188359276,0.022186385685159526,0.0221887634578893,0.05790029454735965,0.3971847002829812,-0.383,0.0,-0.09575
3.361999988555908,3.361999988555908,39450000,20130424,TSLA,3.4006669521331787,3.361999988555908,0,0.0265170395293891,0.2765132492183082,0.02651529430557175,0.31818077277699797,0.02651515152461685,0.0265151515241089,0.02651515152342335,0.026515151524307952,0.0265151515220407,0.19318273502909525,0.026515151522139402,-0.0274,0.4404,0.20650000000000002
3.4666669368743896,3.4666669368743896,41938500,20130425,TSLA,3.361999988555908,3.4666669368743896,1,0.19800350752474744,0.022728816973969574,0.2641146030314447,0.1893931373390635,0.022728420216787698,0.02272727273067335,0.022727347692579447,0.022727298652578925,0.189393906757569,0.0227282654460823,0.022727423634503675,0.0,0.765,0.28155
3.413332939147949,3.413332939147949,54331500,20130426,TSLA,3.4666669368743896,3.413332939147949,0,0.45418964337850865,0.06218186401456469,0.0151517409524534,0.015151515154840034,0.0151515151559441,0.12626261172696382,0.13166723089030272,0.015151620124332334,0.07070802459930318,0.07923271884799944,0.015151515154787068,-0.34,0.2382,-0.14726666666666668
3.5993330478668213,3.5993330478668213,82839000,20130430,TSLA,3.662667036056519,3.5993330478668213,0,0.03295537513871627,0.03295489941080535,0.0329550762445996,0.2872250528162006,0.13295471768581243,0.032954545455487726,0.21618208472900086,0.03295454545550825,0.13295445914479073,0.032954553477828726,0.03295469044124915,0.0,0.5707,0.142675
3.552000045776367,3.552000045776367,41142000,20130501,TSLA,3.5993330478668213,3.552000045776367,0,0.018182084699088948,0.41817684916770087,0.0181852283750157,0.01818181818359335,0.0181818181841853,0.11924981742768095,0.31711465713633963,0.01818212691073625,0.018181911502673,0.01818181818367295,0.0181818702293126,-0.3412,0.0,-0.1706
3.607332944869995,3.607332944869995,45756000,20130502,TSLA,3.552000045776367,3.607332944869995,1,0.02484885214676598,0.09151490950765898,0.158180851911032,0.0248490593803317,0.02484849693507938,0.05818278656669544,0.024850801679380002,0.142088475812041,0.19217901937312526,0.12394957101640988,0.13450717567147982,-0.296,0.5927,0.059340000000000004
3.636667013168335,3.636667013168335,50680500,20130503,TSLA,3.607332944869995,3.636667013168335,1,0.0466460298472199,0.10220081147220426,0.14893343039055554,0.09146693619861875,0.04731658993965028,0.1084750078065077,0.032136891332194474,0.06080001609579683,0.16888062893917521,0.07527371809490786,0.11786993988316864,-0.6808,0.824,0.49840588235294114
3.9666669368743896,3.9666669368743896,65500500,20130506,TSLA,3.636667013168335,3.9666669368743896,1,0.07090911663209898,0.02090909091025386,0.3809052260609681,0.020909209696123282,0.1009090741152175,0.20090853794481514,0.02091033835090278,0.0209090909104873,0.12090915325611018,0.0209090909102224,0.02091207121280002,0.0,0.6476,0.37892000000000003
3.700666904449463,3.700666904449463,149865000,20130507,TSLA,3.9666669368743896,3.700666904449463,0,0.07002073565329867,0.07051907807088545,0.19788989750812364,0.01337669797790762,0.01337685523914774,0.06337660052795646,0.23866313659484448,0.013377414519259159,0.013376713265250839,0.01337699594285798,0.2926458747004675,-0.2846,0.2732,0.003499999999999992
3.7193329334259033,3.7193329334259033,101548500,20130508,TSLA,3.700666904449463,3.7193329334259033,1,0.030304850217073652,0.1136363009779256,0.03030441350420865,0.23842667182919053,0.03030382356143485,0.0303038938692015,0.15550902666701164,0.030303030304583648,0.0303048077212851,0.030303030304289102,0.2803001510437953,0.0,0.6369,0.31845
4.626667022705078,4.626667022705078,429075000,20130509,TSLA,3.7193329334259033,4.626667022705078,1,0.02272735104113465,0.13816394548678276,0.33522671529367276,0.022728947915944597,0.022727272729439647,0.022727272729324524,0.022727428134494,0.022727885570184,0.0227272727288508,0.022727272728971848,0.3447886356411998,0.0,0.624,0.198375
5.853332996368408,5.853332996368408,336253500,20130513,TSLA,5.117332935333252,5.853332996368408,1,0.1407281589953313,0.015719728119905026,0.11571955158374302,0.07878824940281967,0.0643198869625042,0.1386281220571199,0.07071760548963743,0.07601563762518368,0.0157200602112438,0.08667465503475037,0.19696834451776105,0.0,0.7717,0.40549999999999997
5.549333095550537,5.549333095550537,557458500,20130514,TSLA,5.853332996368408,5.549333095550537,0,0.0181835891684684,0.0181818181827823,0.418179908908499,0.018181818182716,0.0181818181830144,0.0181818181829507,0.4181819564604463,0.0181818181829753,0.0181818181826893,0.0181818181827562,0.0181818181827017,0.0,0.0,0.0
5.656000137329102,5.656000137329102,253180500,20130515,TSLA,5.549333095550537,5.656000137329102,1,0.0454545454547969,0.0454545454547433,0.0454545454547338,0.0454545454547297,0.045454545454791,0.0454545454547779,0.0454545454547601,0.0454545454547829,0.0454545454547242,0.0454545454547379,0.5454545454524219,0.0,0.0,0.0
5.995999813079834,5.995999813079834,125226000,20130520,TSLA,6.099999904632568,5.995999813079834,0,0.0151515151539654,0.0151515151534433,0.0151536911793344,0.0151515151533109,0.0151525000121915,0.0151516873111096,0.0151515151536066,0.0151519276889858,0.0151515151532577,0.015151515153391,0.8484811028874032,0.5106,0.5106,0.5106
5.815999984741211,5.815999984741211,128520000,20130522,TSLA,5.8393330574035645,5.815999984741211,0,0.0113638159693088,0.1543381629980049,0.7433880881485553,0.0113641760731507,0.0113636363646516,0.0113636363645976,0.0113636875553398,0.0113637168093815,0.0113636363643757,0.0113636363644325,0.0113638069882012,0.0,0.0,0.0
6.182000160217285,6.182000160217285,180333000,20130523,TSLA,5.815999984741211,6.182000160217285,1,0.0265158886250768,0.0265159926791548,0.7348383881796561,0.026515266764746047,0.02651515151660435,0.0265151515165268,0.02651525881548795,0.026516055580966202,0.0265151515162092,0.0265223938249485,0.0265153009806226,0.0,0.0,0.0
6.4720001220703125,6.4720001220703125,241863000,20130524,TSLA,6.182000160217285,6.4720001220703125,1,0.015000083945377718,0.11243231542628673,0.0675678783171898,0.07864481080357794,0.0150000392706179,0.01500092381170528,0.0150000460288123,0.0150002518118546,0.015000146046210158,0.45829748285092997,0.19305602168743713,-0.3839,0.6908,-0.15497999999999998
6.99666690826416,6.99666690826416,242005500,20130530,TSLA,6.975333213806152,6.99666690826416,1,0.015156174316545765,0.015151515152916835,0.5984838498840602,0.015151644961612467,0.015151612137568266,0.015151515153161967,0.015152837130801301,0.26514585191746903,0.015151515152781533,0.015151929724369165,0.015151554468712932,0.0,0.3182,0.2121333333333333
6.172667026519775,6.172667026519775,287094000,20130603,TSLA,6.517333030700684,6.172667026519775,0,0.0826830635284173,0.013564308168992826,0.05482166190993341,0.10436929946695783,0.0135643201571584,0.01356531802757395,0.0492786087411595,0.013564311773203424,0.5733800170404412,0.013564890228011349,0.06764420095815042,-0.1027,0.6369,0.13355
6.357999801635742,6.357999801635742,183372000,20130605,TSLA,6.322667121887207,6.357999801635742,1,0.0181819206013852,0.81818140355811,0.0181818206238183,0.0181820572596298,0.018181818183004,0.0181818181829408,0.0181818181828549,0.0181818181829652,0.0181818181826816,0.0181818181827478,0.018181888859862,0.0,0.0,0.0
6.489999771118164,6.489999771118164,142663500,20130606,TSLA,6.357999801635742,6.489999771118164,1,0.017004301662153835,0.10033736831373263,0.0978635667839247,0.01700376940033903,0.017003593968744398,0.051596467802479666,0.13364213079633103,0.23614339602719644,0.1917110290909968,0.12069047249203196,0.017003903662069133,-0.754,0.1154,-0.31153333333333333
6.670000076293945,6.670000076293945,138429000,20130610,TSLA,6.802667140960693,6.670000076293945,0,0.0090909090926016,0.0090915086141352,0.0090909090921775,0.0090914449488491,0.0090909090925623,0.0090972912222291,0.0090909090923548,0.009090909092508,0.9090833527302756,0.009090909092205,0.0090909479301013,-0.34,-0.34,-0.34
6.51533317565918,6.51533317565918,137890500,20130612,TSLA,6.297999858856201,6.51533317565918,1,0.09292366382467529,0.2105450197688902,0.01704553007641935,0.3604805953358527,0.017046179050129,0.0170499986737317,0.01704566224430915,0.0170455348227414,0.017045713508327398,0.01704554898153265,0.2167265537133907,0.2732,0.3919,0.33255
6.892666816711426,6.892666816711426,131929500,20130618,TSLA,6.813333034515381,6.892666816711426,1,0.08021592173440559,0.011694362721381801,0.289206308909534,0.011694842360113616,0.06342527724643937,0.1989812094604171,0.011694740945078767,0.011694324196702683,0.011694353285292418,0.011694414632567268,0.2980042445080669,0.0,0.1154,0.03846666666666667
6.710000038146973,6.710000038146973,151597500,20130620,TSLA,6.97866678237915,6.710000038146973,0,0.0113642467786702,0.0113636363652366,0.4056913716355003,0.0113653909960684,0.0113676536056373,0.0113636363655169,0.0113644313804138,0.0113636363655571,0.0113644558201091,0.0113636363651931,0.4920279043220968,0.0,0.0,0.0
6.636666774749756,6.636666774749756,175779000,20130621,TSLA,6.710000038146973,6.636666774749756,0,0.17363220473823315,0.01406941142747235,0.2246676802343546,0.27116994738409606,0.01407067798920585,0.014069911662960299,0.0140695575336938,0.014069264071111101,0.0140692640706546,0.014070377229839701,0.2320417036583782,-0.6369,0.0,-0.31845
6.826666831970215,6.826666831970215,87730500,20130625,TSLA,6.765999794006348,6.826666831970215,1,0.0705496899820543,0.01991359851221585,0.10875225290565252,0.019913507025404925,0.13896169942680142,0.11991355653741656,0.019913778819705276,0.059009597254389826,0.3199129524851863,0.019913602811767878,0.10324576423940462,0.0,0.3774,0.09435
7.157332897186279,7.157332897186279,86229000,20130628,TSLA,7.283332824707031,7.157332897186279,0,0.012987012989290633,0.14133579002695096,0.012987815317712667,0.43885034896093783,0.0129880280766232,0.012987221215333966,0.012987254023116165,0.012987012989164602,0.0129870129886331,0.22067763917227476,0.1082248642399617,0.0314,0.7096,0.2574666666666667
7.854667186737059,7.854667186737059,180961500,20130702,TSLA,7.811999797821045,7.854667186737059,1,0.0181823399429786,0.01818181818304,0.3730103651706702,0.4633497202874483,0.0181820976197758,0.0181818181832533,0.018184068585356,0.0181818614461409,0.0181818181829218,0.0181819295864158,0.0181821628119987,0.795,0.795,0.795
8.229999542236328,8.229999542236328,129049500,20130709,TSLA,8.107333183288574,8.229999542236328,1,0.0181818181872267,0.2243871296538474,0.0181818181858686,0.0181818181857821,0.0181818181870985,0.0181859505664941,0.018181818186433,0.0181821316277221,0.4181777348090435,0.2119761442247665,0.0181818181857171,0.7579,0.7579,0.7579
8.15133285522461,8.15133285522461,84001500,20130710,TSLA,8.229999542236328,8.15133285522461,0,0.28786834308075626,0.037878787879805295,0.03788071991288485,0.0378801965435217,0.0378801611316367,0.37121048903124926,0.03788412795896355,0.0378793688187772,0.03788022988290695,0.037878787879777547,0.03787878787972025,0.3657,0.4754,0.42055
8.484000205993652,8.484000205993652,148836000,20130715,TSLA,8.65999984741211,8.484000205993652,0,0.22726063382240724,0.0992864288214328,0.022897838378258675,0.09795519972983213,0.022897289884414588,0.02289741949007206,0.06853278091975155,0.022897470417730364,0.30650377014482044,0.06456394740005474,0.04430722099122494,-0.7425,0.5859,0.15233750000000001
8.182666778564453,8.182666778564453,116046000,20130723,TSLA,8.161999702453613,8.182666778564453,1,0.0181836646721385,0.0181818181837152,0.0181849773462447,0.8181715474340936,0.018181818184172,0.0181818181840469,0.0181827161330071,0.0181818181840953,0.0181848614171611,0.0181818181836641,0.0181831420776615,0.5562,0.5562,0.5562
8.113332748413086,8.113332748413086,103035000,20130724,TSLA,8.182666778564453,8.113332748413086,0,0.2727240796505041,0.0227272727319072,0.0227272727316855,0.0227272727315891,0.0227275911214276,0.0227278400211223,0.022727272732299,0.0227303442042611,0.02272727273146,0.0227273879902794,0.5227263933534642,-0.0516,-0.0516,-0.0516
9.036666870117188,9.036666870117188,79854000,20130801,TSLA,8.95199966430664,9.036666870117188,1,0.2727272629073013,0.0227272727293564,0.0227272727292562,0.0227272727292132,0.0227272727298573,0.0227272727297201,0.0227272727295321,0.0227272727297731,0.5227272825275088,0.0227272727292993,0.0227272727291818,-0.296,-0.296,-0.296
9.825332641601562,9.825332641601562,223683000,20130812,TSLA,10.199999809265137,9.825332641601562,0,0.18686883778827137,0.020202020204628232,0.020203502907280766,0.020202020204448765,0.17550478786002943,0.02020321510147027,0.020202338963520767,0.020203647887246465,0.020202268837162866,0.3535321218536997,0.14267523839224075,0.0,0.5873,0.39153333333333334
9.290666580200195,9.290666580200195,175407000,20130814,TSLA,9.695332527160645,9.290666580200195,0,0.0151515151528794,0.015151515152589,0.0151515151525378,0.0151515151525153,0.51515122023837,0.0151515151527767,0.01515151515268,0.0151515151528043,0.348484606918912,0.0151515151525599,0.015152051621375,-0.1027,-0.1027,-0.1027
9.466667175292969,9.466667175292969,106621500,20130816,TSLA,9.31133270263672,9.466667175292969,1,0.0303030303032309,0.0303030303031882,0.0303030303031806,0.0303030303031774,0.0303030303032263,0.0303030303032159,0.0303030303032016,0.0303030303032199,0.6969690082365072,0.0303030303031839,0.0303037190346675,0.0,0.0,0.0
9.972000122070312,9.972000122070312,96273000,20130820,TSLA,9.65999984741211,9.972000122070312,1,0.0181819337789422,0.0181818181826736,0.5790971110362348,0.0181818181826149,0.0181818181828797,0.018181818182823,0.0181818181827464,0.0181818181828453,0.018181818182591,0.018182343981891,0.2572658839237575,0.7906,0.7906,0.7906
10.78933334350586,10.78933334350586,193978500,20130823,TSLA,10.473333358764648,10.78933334350586,1,0.014899401201426334,0.10355013547357335,0.0929165682696027,0.014899036322797534,0.31971742081186383,0.014899446177401932,0.13230015101630033,0.014899467834378767,0.07045491123381244,0.014899055461879735,0.20656440619696262,0.1779,0.4939,0.38856666666666667
11.374667167663574,11.374667167663574,172135500,20130904,TSLA,11.262666702270508,11.374667167663574,1,0.0129870129884086,0.0129870129881113,0.0129870129880588,0.1558425131088967,0.012987949787576,0.0129872994541117,0.0129870129882051,0.0129870129883315,0.7272717245573449,0.0129877470627454,0.0129877010882097,-0.34,-0.34,-0.34
11.32866668701172,11.32866668701172,100279500,20130905,TSLA,11.374667167663574,11.32866668701172,0,0.018939393942011,0.01893949865663355,0.2689394149668791,0.01893944304266905,0.0189406863639575,0.26701675421626925,0.01893939394162885,0.1041938184952464,0.2272717261537494,0.01893939394139845,0.018940476279557,0.0,0.4939,0.24695
11.131333351135254,11.131333351135254,129295500,20130906,TSLA,11.32866668701172,11.131333351135254,0,0.0227272727282864,0.022727272728071,0.0227279373845828,0.0227272727280163,0.2727268370360982,0.0227272727282107,0.0227277365415261,0.0227272727282309,0.0227272727279942,0.0227278360380015,0.5227260166309815,0.0,0.0,0.0
11.091333389282228,11.091333389282228,134517000,20130910,TSLA,10.713333129882812,11.091333389282228,1,0.27921935297733763,0.01255510882802103,0.19788060529099172,0.012554112556160466,0.0125548693203622,0.012555669800182198,0.012554118591403833,0.012554116683006466,0.372979993155603,0.06203740594154027,0.01255464685539063,-0.3612,0.0,-0.12040000000000001
11.03600025177002,11.03600025177002,81018000,20130913,TSLA,10.995332717895508,11.03600025177002,1,0.030303030304832,0.0303030303044484,0.0303030303043808,0.0303030303043513,0.0303030303047903,0.0303030303046963,0.3636363485683599,0.0303030303047329,0.3636363786906674,0.03030303030441,0.0303030303043302,-0.34,-0.34,-0.34
11.08133316040039,11.08133316040039,81595500,20130918,TSLA,11.08199977874756,11.08133316040039,0,0.012432102872603967,0.012432296766358467,0.3717088490975358,0.05920367460188166,0.06710304592951406,0.049932921418126164,0.1115857575058656,0.0403814360672909,0.012432236635020133,0.0784495797524284,0.18433809935337422,0.0,0.4588,0.17866666666666667
11.861332893371582,11.861332893371582,233919000,20130919,TSLA,11.08133316040039,11.861332893371582,1,0.0090918248794534,0.009090942543866,0.1361448389686819,0.0090913758691866,0.0090909090927755,0.0090909090926759,0.0090912774153825,0.009090950739887,0.0090925773403741,0.0090910760242392,0.7820333180334773,0.765,0.765,0.765
12.22599983215332,12.22599983215332,201025500,20130920,TSLA,11.861332893371582,12.22599983215332,1,0.26893964179305285,0.018939393942596548,0.14393716478425075,0.10227172290892886,0.0189417484580084,0.0189393939431571,0.018939393942870652,0.018939393943241102,0.35227265001662617,0.018940025136997,0.0189394711302701,-0.34,0.8268,0.24339999999999998
12.349332809448242,12.349332809448242,123790500,20130925,TSLA,12.155332565307615,12.349332809448242,1,0.011708085802200001,0.01170798898174685,0.0117079889816974,0.011707988981676149,0.0117079889819952,0.0117080426288398,0.0950413464340924,0.01170798898195325,0.46625310769260575,0.011707988981718851,0.3450414835514737,0.4404,0.6908,0.5656
12.576000213623049,12.576000213623049,99216000,20130926,TSLA,12.349332809448242,12.576000213623049,1,0.0181818181824078,0.0181818181822824,0.0181818181822601,0.0181818181822505,0.0181818181823942,0.0181818181823635,0.0181821474500632,0.0181819012643723,0.0181818181822377,0.8181814058271241,0.0181818181822437,0.0,0.0,0.0
12.726667404174805,12.726667404174805,88746000,20130927,TSLA,12.576000213623049,12.726667404174805,1,0.02273129856968,0.0227272727292213,0.2727250053253948,0.0227272727290875,0.0227272727296908,0.0227272727295616,0.0227272727293863,0.0227272727296115,0.5227231186664162,0.0227272727291681,0.0227296683327813,0.0,0.0,0.0
10.614666938781738,10.614666938781738,126027000,20131030,TSLA,10.964667320251465,10.614666938781738,0,0.2265527938340339,0.012987012988994,0.5137067885958965,0.0129871192914384,0.0129870129894712,0.1558438700752352,0.0129871119595311,0.0129870129893906,0.012987012988803,0.0129871134368471,0.0129871508503585,0.5562,0.5562,0.5562
9.186667442321776,9.186667442321776,224778000,20131112,TSLA,9.646666526794434,9.186667442321776,0,0.0151515151584675,0.0151515151569879,0.1818179454985995,0.0151515151566119,0.0151515151583073,0.1818179917648506,0.1818182991752161,0.0151523560084866,0.0151515151564595,0.1818175967867047,0.181818234979308,0.0,0.0,0.0
9.173333168029783,9.173333168029783,183055500,20131114,TSLA,9.24666690826416,9.173333168029783,0,0.0101011222796976,0.0101010101026002,0.0101010101025239,0.010101010102491,0.0101010101029833,0.0101010101028783,0.0101010101027349,0.123033519129572,0.400602983178155,0.010101010102557,0.3955553046938062,-0.4404,-0.4404,-0.4404
8.406000137329102,8.406000137329102,297243000,20131119,TSLA,8.10533332824707,8.406000137329102,1,0.04376496212224775,0.011084911150598425,0.4892888354290432,0.0110852391314079,0.011086686356295124,0.011084962230128,0.038862736541475824,0.061006869415087824,0.06434442321056212,0.011084874722597325,0.24730549969055599,-0.9022,0.5279,-0.5071249999999999
8.140000343322754,8.140000343322754,178557000,20131121,TSLA,8.074000358581543,8.140000343322754,1,0.0082650645646539,0.0082644628106952,0.2794224364141447,0.0082645132689227,0.0082644628108826,0.0082650491631958,0.1172641301082453,0.0082646627093287,0.0082647867015674,0.0082644628106742,0.537195968637689,0.4404,0.4404,0.4404
8.033332824707031,8.033332824707031,208282500,20131126,TSLA,8.055999755859375,8.033332824707031,0,0.0101010101018478,0.0101010101016695,0.0101010101016379,0.0101010203048474,0.0101010101018285,0.0101010101017849,0.0101010101017255,0.3352661658541979,0.5738245049515586,0.010101038143726,0.0101012101351757,0.743,0.743,0.743
8.277999877929688,8.277999877929688,116268000,20131202,TSLA,8.485333442687988,8.277999877929688,0,0.0498952693477082,0.01442129043509685,0.10762400951820106,0.11442041511346004,0.01442161653916765,0.07269769698840307,0.0144210297701373,0.0144211856837338,0.11442179834308543,0.014421147180261324,0.46883454108074474,-0.8074,0.4588,-0.08715
9.646666526794434,9.646666526794434,385236000,20131203,TSLA,8.277999877929688,9.646666526794434,1,0.1132756194302763,0.029942656671450487,0.06451549544992428,0.0299424696812275,0.07160950006715795,0.029942706626729335,0.029942483552266197,0.07160906414536157,0.307719092825019,0.07353681021089742,0.17796410133968946,-0.4019,0.7562,0.23898333333333333
9.263333320617676,9.263333320617676,197215500,20131204,TSLA,9.646666526794434,9.263333320617676,0,0.02840909091189375,0.0284093096779502,0.02840920335291445,0.2784079689106741,0.028411105090112552,0.028410051515894548,0.028409190354873798,0.0284090909117373,0.19848344776900279,0.1626485824662754,0.1615929590386707,-0.7983,0.0,-0.39915
9.36533260345459,9.36533260345459,139326000,20131205,TSLA,9.263333320617676,9.36533260345459,1,0.0159934183462424,0.17113216930636832,0.015993413213888533,0.015993630068707364,0.015993265995021166,0.015993301533859434,0.05424594600871507,0.09205834742295377,0.07443454527193756,0.1108546699704744,0.41730729286183155,-0.296,0.8885,0.28856666666666664
9.47933292388916,9.47933292388916,161223000,20131210,TSLA,9.4399995803833,9.47933292388916,1,0.0303030303101198,0.0303037355261435,0.0303030303083442,0.0303030303082279,0.3636357118513768,0.3636363101522983,0.0303030303090833,0.0303030303097286,0.0303030303080731,0.0303030303084601,0.0303030303081439,-0.6114,-0.6114,-0.6114
9.381333351135254,9.381333351135254,191100000,20131219,TSLA,9.86533260345459,9.381333351135254,0,0.13181969635139829,0.031818181819250155,0.03181818181919895,0.13181591158018735,0.0318181818195074,0.031818181819437,0.0318181818193408,0.031818181819464095,0.481816938541,0.0318181818192212,0.03182018079199435,0.0,0.0,0.0
9.800000190734863,9.800000190734863,80416500,20140106,TSLA,9.970666885375977,9.800000190734863,0,0.03030303030768395,0.03030303030669365,0.03030441469174655,0.03030303030644195,0.2234365824187469,0.3636332434965759,0.0303030303070043,0.17050061549414,0.030306389617803048,0.03030303030659405,0.030303602746569097,0.0,0.9117,0.45585
9.957332611083984,9.957332611083984,75511500,20140107,TSLA,9.800000190734863,9.957332611083984,1,0.0227272727306784,0.0227272727299531,0.2727265585187476,0.0227272727297703,0.0227272727306033,0.0227272727304227,0.0227272727301812,0.0227272727304899,0.5227276113407469,0.0227272727298803,0.0227276482985258,-0.2732,-0.2732,-0.2732
12.100000381469728,12.100000381469728,118011000,20140123,TSLA,11.904000282287598,12.100000381469728,1,0.0151522644280347,0.6761764466900679,0.1874520947520805,0.0151521052984845,0.0151518727060255,0.015151903108349,0.0151525968889026,0.0151519011017093,0.0151515151519356,0.0151527854383955,0.0151545144360145,0.0,0.0,0.0
12.189332962036133,12.189332962036133,128475000,20140130,TSLA,11.682000160217283,12.189332962036133,1,0.0151515821401527,0.0151515151522751,0.4973717514821042,0.1910566026904538,0.0151515151524583,0.0151515151524078,0.190357917897048,0.0151515151524272,0.0151515151522017,0.0151515151522545,0.0151530548762163,0.4389,0.4389,0.4389
12.435333251953123,12.435333251953123,133927500,20140207,TSLA,11.892000198364258,12.435333251953123,1,0.0303030303034565,0.030303778615803,0.6969677483373166,0.0303030303033427,0.0303030303034465,0.0303030303034244,0.0303030303033942,0.0303030303034331,0.0303030303033334,0.0303030303033567,0.0303042306196925,0.5106,0.5106,0.5106
13.107999801635742,13.107999801635742,160648500,20140211,TSLA,13.104000091552734,13.107999801635742,1,0.0113659872682174,0.0113657838334949,0.0113636363664383,0.636359286933191,0.0113670584629163,0.0113636363670934,0.0113636363668296,0.0113636363671686,0.0113636363662953,0.0113641245317697,0.2613595771365848,0.0258,0.0258,0.0258
14.510000228881836,14.510000228881836,124176000,20140224,TSLA,13.973333358764648,14.510000228881836,1,0.0166668581618349,0.12930420887019714,0.01666745976808955,0.1939527418529692,0.1166653612665626,0.01666865082476585,0.01666819261447495,0.0166670864169843,0.25604295961609536,0.01666774896469745,0.2040287316433282,0.0,0.0,0.0
16.53333282470703,16.53333282470703,490225500,20140225,TSLA,14.510000228881836,16.53333282470703,1,0.0113636363656803,0.0113636363652451,0.0113643692128817,0.1363633574598369,0.011363636365633,0.0113636363655265,0.1363635710273759,0.0113636363655676,0.0113636363650899,0.0113636363652018,0.6363632477419607,0.4404,0.4404,0.4404
16.8439998626709,16.8439998626709,89035500,20140305,TSLA,16.98933219909668,16.8439998626709,0,0.0151515151578265,0.0151548328804035,0.2595132883096001,0.4374514488735646,0.0151515151576796,0.0151515151573532,0.0151515151569081,0.0151515151574787,0.1818184231923492,0.0151529158007668,0.0151515151560693,0.34,0.34,0.34
15.922666549682615,15.922666549682615,115921500,20140310,TSLA,16.413999557495117,15.922666549682615,0,0.0151515151554795,0.1818178131713862,0.0151515151544868,0.3333733089048189,0.0151515151553889,0.1969288846500325,0.0151515151551939,0.0151526108430508,0.1818182915012351,0.0151515151545516,0.0151515151543752,0.7845,0.7845,0.7845
15.62733268737793,15.62733268737793,132151500,20140311,TSLA,15.922666549682615,15.62733268737793,0,0.021645894257377202,0.02164530603573085,0.0216456963321005,0.34037265358808494,0.188311610667388,0.0216450216479088,0.13148674978664118,0.02164511136355635,0.02164502164724215,0.1883117186949389,0.02164521597903065,-0.4404,0.4019,-0.019250000000000017
15.39799976348877,15.39799976348877,124345500,20140314,TSLA,15.852666854858398,15.39799976348877,0,0.07670479201202521,0.1808698257907974,0.23295291712012223,0.0350387565722212,0.05587147476228747,0.03503787878922612,0.094900371651986,0.03503790351715441,0.11837124412227298,0.07934282481122625,0.055872010850680325,0.0,0.8622,0.42946249999999997
15.59866714477539,15.59866714477539,88689000,20140317,TSLA,15.39799976348877,15.59866714477539,1,0.0151515151565745,0.5151457229505682,0.0151515151553073,0.1818183642485479,0.015151515156456,0.0151515151561939,0.1818182942046776,0.0151515151562945,0.0151517487930028,0.015151515155392,0.0151567788669848,-0.7579,-0.7579,-0.7579
13.896666526794434,13.896666526794434,125700000,20140331,TSLA,14.157999992370604,13.896666526794434,0,0.0227290363677083,0.0227272727284902,0.0227283540504697,0.0227275198761109,0.0227272727287835,0.5227240102314458,0.0227272727285936,0.022727272728734,0.2727260170967509,0.0227272727284572,0.0227286987344553,-0.2244,-0.2244,-0.2244
13.834667205810549,13.834667205810549,147832500,20140407,TSLA,14.148667335510254,13.834667205810549,0,0.03409114419571045,0.11040153395620332,0.20075468081271147,0.03409103294889783,0.07575758421719637,0.28409057100894386,0.034091088216535045,0.07575752319119188,0.034090909092840474,0.0827828453719898,0.034091086987779,0.0,0.5263,0.131575
14.36400032043457,14.36400032043457,103339500,20140408,TSLA,13.834667205810549,14.36400032043457,1,0.05555628980343757,0.0138895980885076,0.23134973425401298,0.013889904618956566,0.057758442177241374,0.49999236036043304,0.013890744646988201,0.013888936375759234,0.013888952395030199,0.013890001698073232,0.07200503558155967,0.0,0.1027,0.03423333333333333
13.208000183105469,13.208000183105469,88902000,20140417,TSLA,13.27400016784668,13.208000183105469,0,0.0151515151524558,0.0151515151522553,0.0151515151522199,0.0151515151522046,0.0151515151524337,0.0151515151523851,0.0151515151523182,0.0151515151524037,0.8484848484768944,0.0151515151522353,0.0151515151521935,0.5859,0.5859,0.5859
13.857333183288574,13.857333183288574,82428000,20140424,TSLA,13.866000175476074,13.857333183288574,0,0.0151515151555404,0.015155719889122,0.0151542933152988,0.0151521589366658,0.191775015977473,0.0151515151552361,0.3385228165171857,0.0151515151553173,0.0151515151543773,0.0151515760909696,0.3484823586528136,0.6597,0.6597,0.6597
13.79466724395752,13.79466724395752,86686500,20140429,TSLA,13.234000205993652,13.79466724395752,1,0.1517657503669588,0.06843414993968555,0.046212721609781425,0.018434397299767327,0.01843460066908285,0.0184344718839451,0.11843453456745874,0.0184345130923741,0.3795455342429201,0.018434584983392323,0.14343474134463333,0.0,0.4939,0.24695
14.060667037963867,14.060667037963867,61302000,20140502,TSLA,13.84866714477539,14.060667037963867,1,0.0151515151584682,0.0151515151569882,0.0151515151567275,0.0151515151566132,0.0151575549615166,0.0151515151579451,0.0151515151574518,0.0151515151580859,0.5151526379304355,0.0151515151568403,0.3484776858489271,0.0,0.0,0.0
11.906000137329102,11.906000137329102,300849000,20140508,TSLA,13.423333168029783,11.906000137329102,0,0.4556585950001289,0.0151517501792784,0.0151517171355578,0.4079773316057133,0.015151515154614,0.0151515151544494,0.0151515151542244,0.0151515151545129,0.0151515151537717,0.0151515151539447,0.0151515151538038,-0.1531,-0.1531,-0.1531
12.708000183105469,12.708000183105469,81100500,20140514,TSLA,12.677332878112791,12.708000183105469,1,0.2727261101960799,0.0227281282169631,0.0227277346415817,0.0227284208880691,0.0227272727278833,0.5227252653284519,0.0227272727278065,0.0227272727278633,0.0227273635562116,0.0227272727277515,0.0227278862613377,0.0,0.0,0.0
13.658666610717772,13.658666610717772,93217500,20140522,TSLA,13.296667098999023,13.658666610717772,1,0.0129870129895085,0.0129870129889773,0.0129873453936739,0.0129898685954599,0.2920512085859532,0.0129870129893208,0.162493650459882,0.1558409695847551,0.2987014999239082,0.0129874054997471,0.0129870129888133,0.7845,0.7845,0.7845
13.81999969482422,13.81999969482422,60102000,20140523,TSLA,13.658666610717772,13.81999969482422,1,0.018398662972908854,0.37424773935743494,0.11090628745325146,0.08735958076384545,0.018398416930892114,0.04712635541651752,0.03268476080510447,0.018398691617239858,0.21996755346672084,0.05411279840866728,0.018399152807416785,0.0,0.5574,0.2877714285714286
14.015999794006348,14.015999794006348,55387500,20140529,TSLA,14.015999794006348,14.015999794006348,0,0.14393939004446815,0.17852156562302554,0.01894065470648035,0.0189399478014905,0.018939393942522302,0.0189393939423556,0.01893939394212895,0.11140049944132666,0.1835608485635141,0.018939514164975198,0.26893939782771215,-0.2263,0.5859,0.1798
13.599332809448242,13.599332809448242,51411000,20140604,TSLA,13.662667274475098,13.599332809448242,0,0.0227272727349981,0.2727269377708539,0.0227272727330603,0.0227272727329383,0.0227272727348163,0.2727276494574379,0.2727272309025277,0.0227272727345691,0.0227272727327666,0.0227272727331866,0.022727272732845,-0.5499,-0.5499,-0.5499
13.567999839782717,13.567999839782717,89905500,20140612,TSLA,13.631333351135254,13.567999839782717,0,0.2921407063147868,0.0129870129891022,0.0129923933755631,0.0129871193141396,0.2987008918337317,0.0129872719512778,0.0129870129892732,0.1623994284516934,0.1558441368024685,0.0129870129890399,0.0129870129889233,0.6124,0.6124,0.6124
15.444666862487791,15.444666862487791,199573500,20140617,TSLA,14.973999977111816,15.444666862487791,1,0.1922655941646306,0.014430167751791132,0.014430014431006832,0.1940315712116298,0.12554095196408288,0.014430321455161767,0.0144303693477382,0.014430014431257833,0.014430225387744666,0.1143717672506624,0.28720900260429333,0.0,0.25,0.08333333333333333
15.185999870300291,15.185999870300291,131896500,20140619,TSLA,15.141332626342772,15.185999870300291,1,0.0090909090922498,0.0090909915178938,0.0090909090919139,0.0090909165149979,0.2090908785798665,0.0090909090921489,0.0090909090920539,0.0090909403859483,0.2090910168511708,0.0090909090919358,0.50909071068982,0.4404,0.4404,0.4404
15.981332778930664,15.981332778930664,65041500,20140701,TSLA,16.003999710083008,15.981332778930664,0,0.0151516958098211,0.0151515151527084,0.0151533123446531,0.0151519002403711,0.0151515151529959,0.0151522496457194,0.0151528375418502,0.0151528977097741,0.015151515152593,0.1818147986092436,0.6818157626402696,0.2023,0.2023,0.2023
14.630666732788086,14.630666732788086,72958500,20140710,TSLA,14.870667457580566,14.630666732788086,0,0.016163986426488735,0.01616161616291883,0.5978438932383838,0.016162856700506767,0.016161616163232865,0.016161810927432563,0.13964217074884042,0.016161627613878734,0.016162270787823268,0.016162294793524868,0.13321585643696846,0.0,0.1779,0.1186
15.113332748413086,15.113332748413086,108048000,20140714,TSLA,14.541999816894531,15.113332748413086,1,0.016161789260071627,0.016161616164019,0.016161702196385224,0.0161616161638544,0.04393936911852062,0.0161616161644393,0.09956336718327552,0.016161971212489974,0.36687798720206477,0.016162002657240524,0.37648696267763854,-0.3818,0.4404,0.20975000000000002
14.832667350769045,14.832667350769045,46249500,20140723,TSLA,14.638667106628418,14.832667350769045,1,0.0101015197559034,0.0101010101021806,0.1212118417815711,0.0101010101021003,0.0101010101024628,0.0101010101023852,0.0101010101022799,0.010101010102415,0.6703275314948889,0.0101012126484048,0.1276518337054075,0.0,0.0,0.0
15.899333000183104,15.899333000183104,80829000,20140805,TSLA,15.90133285522461,15.899333000183104,0,0.01915626263700805,0.01915584415748825,0.0905847443074523,0.019155844157375423,0.019155844157884398,0.019156251457837274,0.019159296694013124,0.01915602819872025,0.49700130108218776,0.18581787797971183,0.0925007051703209,0.0,0.6369,0.227525
17.46733283996582,17.46733283996582,58018500,20140815,TSLA,17.42533302307129,17.46733283996582,1,0.0227272727319055,0.0227278270547364,0.0227275738222535,0.0227272727306673,0.0227280150099791,0.0227272727315526,0.022727309852938,0.0227310087763001,0.022727272730564,0.0227272727308194,0.7727219018282836,0.2732,0.2732,0.2732
17.503332138061523,17.503332138061523,64771500,20140825,TSLA,17.118667602539062,17.503332138061523,1,0.08797151937685711,0.0188311688332778,0.1568336574684348,0.21883126795605162,0.01883128015200302,0.0188311688336463,0.018831530057036798,0.07597415900602834,0.11867134094048697,0.01883228318758044,0.24756062418859637,0.0,0.4215,0.1686
18.80733299255371,18.80733299255371,82524000,20140908,TSLA,18.49266624450684,18.80733299255371,1,0.0178579797878404,0.08928522431539675,0.017858153362237148,0.0178573512202147,0.01785714286205605,0.1428569047366109,0.0178572631781053,0.14285693400618785,0.0178575237374278,0.017857402141562048,0.4999981206523606,0.0,0.5719,0.28595
18.565332412719727,18.565332412719727,68382000,20140909,TSLA,18.80733299255371,18.565332412719727,0,0.0303030303037701,0.0303030303036126,0.0303030303035847,0.0303030303035726,0.3636363780997347,0.363636349167617,0.0303030303036619,0.0303030303037292,0.0303030303035563,0.0303030303035967,0.0303030303035639,0.6542,0.6542,0.6542
18.687332153320312,18.687332153320312,56491500,20140911,TSLA,18.739999771118164,18.687332153320312,0,0.0227272727340601,0.0227272727326163,0.0227272727323599,0.5227271636759554,0.0227276256804037,0.0227272727335502,0.2727254660922892,0.0227272727336862,0.0227272727320995,0.0227288354208097,0.0227272727321693,0.0,0.0,0.0
17.382667541503906,17.382667541503906,124501500,20140916,TSLA,16.923999786376953,17.382667541503906,1,0.019480769835186165,0.019481267791358402,0.11723460534433212,0.019481285981457833,0.10281379650536489,0.0883930363461501,0.019480984648014833,0.10281233068808397,0.4242420100451903,0.019480671807683935,0.067099241007177,0.0,0.9053,0.5881333333333333
16.35066795349121,16.35066795349121,72790500,20140929,TSLA,16.440000534057617,16.35066795349121,0,0.0129870129932858,0.0129874971003153,0.0129871028803079,0.4469120560230651,0.0129883588669816,0.4361989361337011,0.0129870129923676,0.0129870129929392,0.0129871509011492,0.0129876580063989,0.0129902011094879,0.1531,0.1531,0.1531
16.761333465576172,16.761333465576172,134973000,20141002,TSLA,16.016000747680664,16.761333465576172,1,0.0151515151562687,0.1516776938193551,0.3044333297618203,0.0151515151549998,0.2119581725256034,0.2258696578772537,0.0151515151555753,0.0151515151560075,0.0151515845237254,0.0151519857144442,0.0151515151549462,0.7387,0.7387,0.7387
17.134000778198242,17.134000778198242,110419500,20141009,TSLA,17.28533363342285,17.134000778198242,0,0.015151565664754,0.0151515151548001,0.6749882112785266,0.1886455332217499,0.0151515151555962,0.0151515151553733,0.0151516776582867,0.0151515151554581,0.0151515151544824,0.0151515151547105,0.0151539212462617,0.0,0.0,0.0
15.09000015258789,15.09000015258789,80989500,20141016,TSLA,15.313332557678224,15.09000015258789,0,0.0454545454602302,0.0454545454590186,0.0454545454588051,0.0454545454587133,0.0454545454600966,0.0454545454598023,0.5454545454072848,0.0454545454599146,0.0454545454585885,0.0454545454588977,0.0454545454586479,0.0,0.0,0.0
15.165332794189451,15.165332794189451,158241000,20141017,TSLA,15.09000015258789,15.165332794189451,1,0.0151536276846022,0.0151522959074858,0.0151515151539669,0.6818153139349205,0.0151515151547111,0.0151515151545398,0.0151515151543084,0.0151515151546056,0.0151515151538415,0.0151516594776559,0.181818012069362,0.0,0.0,0.0
16.184667587280273,16.184667587280273,157744500,20141028,TSLA,14.777999877929688,16.184667587280273,1,0.1836740713388521,0.01407073935590335,0.014074208666553501,0.2444970329803343,0.22835087546530755,0.01406926407141475,0.0140707884157462,0.15692649968646077,0.0140692640709183,0.1021275680782794,0.0140696878702292,0.0,0.4588,0.2294
16.113332748413086,16.113332748413086,56629500,20141031,TSLA,15.910667419433594,16.113332748413086,1,0.0227272727320414,0.5227255691557685,0.0227287126657633,0.2727243813049856,0.0227277741155569,0.0227272727316817,0.0227296534564936,0.0227272727317774,0.0227275456442949,0.0227272727309237,0.0227272727307123,0.0,0.0,0.0
15.928667068481444,15.928667068481444,55239000,20141104,TSLA,16.172666549682617,15.928667068481444,0,0.0129870129877151,0.0129870129875657,0.0129871224823013,0.0129870129875277,0.0129870129876988,0.0129870962739313,0.0129871343591577,0.0129870129876764,0.0129870861816202,0.0129871058421098,0.8701293899226956,0.0,0.0,0.0
16.01333236694336,16.01333236694336,77415000,20141107,TSLA,16.08133316040039,16.01333236694336,0,0.022730273712282,0.0227272727282653,0.0227272727282177,0.0227272727281972,0.0227272727285046,0.0227272727284389,0.0227272727283494,0.0227272727284643,0.7727241019753978,0.0227272727282383,0.0227274424856442,0.34,0.34,0.34
16.738666534423828,16.738666534423828,119232000,20141111,TSLA,16.1286678314209,16.738666534423828,1,0.0151519817786346,0.0151515151527295,0.2269836899507495,0.0151516864622465,0.0151515151530217,0.3250819401586929,0.0151552356110608,0.0151515151529726,0.3267169735854622,0.0151524318418012,0.015151515152628,0.25,0.25,0.25
16.516000747680664,16.516000747680664,118777500,20141119,TSLA,17.18000030517578,16.516000747680664,0,0.01969729719860875,0.01969733833574805,0.4473123719456432,0.019698116354132898,0.01969714603207695,0.01969696969952825,0.019697017233342898,0.01969920243603935,0.1696928784166912,0.0196974478695518,0.2254142144786363,-0.4563,0.4404,-0.007949999999999985
16.185333251953125,16.185333251953125,112276500,20141121,TSLA,16.58066749572754,16.185333251953125,0,0.0303030303065227,0.0303030303057795,0.0303030303056472,0.6969696969402381,0.0303030303064422,0.0303030303062596,0.0303030303060123,0.0303030303063302,0.0303030303055138,0.0303030303057046,0.0303030303055493,0.2023,0.2023,0.2023
14.290666580200195,14.290666580200195,138384000,20141208,TSLA,14.913999557495115,14.290666580200195,0,0.02045539640598255,0.02045454545816455,0.0204545600299991,0.020456134699423152,0.02045454545903615,0.1204545787138695,0.020454545458471703,0.12045463148345095,0.27045521130423467,0.11539932859863734,0.2505065223887298,0.5859,0.7845,0.6852
14.619333267211914,14.619333267211914,103657500,20141219,TSLA,14.550666809082031,14.619333267211914,1,0.02697799174738792,0.026977567890396757,0.3526197576592399,0.046077974197017854,0.07373058387728779,0.026977793008088103,0.04601036723421008,0.026977602335360562,0.169834578018212,0.02697756789029352,0.1768382161425051,-0.296,0.0,-0.16366
15.187999725341797,15.187999725341797,49905000,20141226,TSLA,14.817333221435549,15.187999725341797,1,0.02453102453477993,0.0245311798705859,0.10796797392746867,0.13608523819349866,0.024531064965746235,0.06763502484871657,0.24675294475883958,0.024531024534572832,0.07215027000898067,0.024531096067352296,0.246753158289458,0.0,0.6846,0.2282
14.815333366394045,14.815333366394045,43548000,20141230,TSLA,15.047332763671877,14.815333366394045,0,0.0151515151533602,0.0151515151529671,0.0151515151528981,0.0151526618309899,0.0151515151533166,0.0151516334150149,0.0151516874881065,0.0151515151532583,0.0151516190844804,0.0151515151529279,0.8484833072626795,0.0,0.0,0.0
14.827333450317385,14.827333450317385,34462500,20141231,TSLA,14.815333366394045,14.827333450317385,1,0.0227278023573635,0.0227272727295571,0.0227299588451894,0.0227272727294011,0.7727224256877714,0.0227282163087684,0.0227272727297515,0.0227276088587505,0.0227272727293375,0.0227272727294957,0.0227276242946134,0.4767,0.4767,0.4767
14.005999565124512,14.005999565124512,80527500,20150105,TSLA,14.620667457580566,14.005999565124512,0,0.01704545454768635,0.01704676977316675,0.01704599564322215,0.01704545454709085,0.20454301298444366,0.017045454547519198,0.0170454545473609,0.0170458836357106,0.5744665494012948,0.01704562148111045,0.08462434889139375,0.0,0.0,0.0
14.085332870483398,14.085332870483398,93928500,20150106,TSLA,14.005999565124512,14.085332870483398,1,0.03842163239344987,0.03841991342232423,0.038420203458157436,0.08008636500431139,0.0384201619417275,0.03842021537671573,0.0384199134225369,0.03841996059826653,0.5741312133985503,0.03842031264888557,0.0384201083350742,-0.296,0.0,-0.09866666666666667
13.480667114257812,13.480667114257812,89254500,20150112,TSLA,13.77733325958252,13.480667114257812,0,0.0090909849534998,0.0090909090917456,0.0090909698828967,0.2581582242833935,0.009091394717222,0.0090924129036328,0.0090909910241591,0.0090909090919131,0.6600209310073558,0.0090909090917229,0.0090913639524584,0.0,0.0,0.0
12.791333198547363,12.791333198547363,78247500,20150115,TSLA,12.845999717712402,12.791333198547363,0,0.4804288211030587,0.01654121529361855,0.05820757866983563,0.05439713406576343,0.09025837623617106,0.058207099120030095,0.06782267003184347,0.0165404795451851,0.06201647202670705,0.07903967748882683,0.016540476418959674,0.0,0.7845,0.286425
12.871333122253418,12.871333122253418,54048000,20150116,TSLA,12.791333198547363,12.871333122253418,1,0.10728809243237644,0.12184772062190906,0.015620591572844887,0.0364541322216854,0.04895972416531715,0.015620562952182724,0.043398472349435176,0.17784269106031647,0.19602902657254886,0.015620751749886964,0.2213182343014964,-0.2732,0.6476,0.02112499999999999
13.419333457946776,13.419333457946776,51579000,20150123,TSLA,13.441332817077637,13.419333457946776,0,0.22744726590949316,0.02929395089269965,0.0292937685050894,0.02929316205454095,0.09595938457288271,0.1959576115032202,0.08484832238669661,0.06262623547980982,0.1866938174581995,0.029292929296023732,0.029293551941343834,0.0,0.6369,0.44141666666666673
13.770000457763672,13.770000457763672,48517500,20150126,TSLA,13.419333457946776,13.770000457763672,1,0.22064139321869264,0.041477458991723434,0.041477423424951344,0.02064428091038696,0.020643958561738424,0.041477709647153,0.07272724928054794,0.020644185732665375,0.24092565730337046,0.020644756680143126,0.25869592624862686,0.0,0.3716,0.1281375
13.291333198547363,13.291333198547363,47244000,20150128,TSLA,13.732000350952148,13.291333198547363,0,0.018181818184409,0.0181825219953935,0.0181827527360481,0.0181827243213403,0.2181815637276668,0.0181859061909488,0.018182189268594,0.0181818181842666,0.0181823223613037,0.0181818181838021,0.6181745648462265,0.34,0.34,0.34
13.68000030517578,13.68000030517578,53221500,20150129,TSLA,13.291333198547363,13.68000030517578,1,0.06672798713028677,0.0482092905357056,0.11140128899673679,0.011172930940098134,0.12228384717282276,0.011172711352675134,0.011172895673408,0.011172329357731,0.011172501096705733,0.16551103959004226,0.43000317815378725,-0.6597,0.4404,-0.1564333333333333
13.57333278656006,13.57333278656006,45105000,20150130,TSLA,13.68000030517578,13.57333278656006,0,0.0227272727282417,0.0227272727280352,0.0227275463616706,0.0227272727279829,0.7727264745048484,0.0227272727281686,0.022727393482326,0.0227272727281881,0.0227272727279617,0.0227272727280146,0.0227276765545616,0.3182,0.3182,0.3182
14.419333457946776,14.419333457946776,80857500,20150210,TSLA,14.498666763305664,14.419333457946776,0,0.03679653679776705,0.03679653679750495,0.0367965367974586,0.03679653679743865,0.10822508130307014,0.1201299488918562,0.036796536797587126,0.036796536797699,0.3939397325534732,0.03679653679747873,0.12012947966866605,-0.1027,0.6486,0.11079999999999998
14.186667442321776,14.186667442321776,146536500,20150211,TSLA,14.419333457946776,14.186667442321776,0,0.07506824689097932,0.01588399956238216,0.09299851316101276,0.08169953677798121,0.04921744116163079,0.01588527607426508,0.015884345905822838,0.01588383838604429,0.4968239740639791,0.055884017976816705,0.08477081003908521,-0.0258,0.7717,0.36658999999999997
13.607333183288574,13.607333183288574,99054000,20150224,TSLA,13.822667121887209,13.607333183288574,0,0.0113656320363681,0.0113656876187989,0.0113648564408787,0.0113637940556319,0.0113636363675067,0.0113652143823314,0.0113659482422224,0.0113667632992589,0.0113636363664539,0.0113683125084603,0.8863465186820882,0.6369,0.6369,0.6369
13.812666893005373,13.812666893005373,97093500,20150226,TSLA,13.583999633789062,13.812666893005373,1,0.0303030303105094,0.0303030303089181,0.0303045531064986,0.0303030303085142,0.0303030303103398,0.3636360920095121,0.0303030303094176,0.0303030303100969,0.0303030303083496,0.3636351124094178,0.0303030303084256,0.8653,0.8653,0.8653
13.155332565307615,13.155332565307615,118831500,20150302,TSLA,13.555999755859377,13.155332565307615,0,0.10840561057097357,0.013167388168503066,0.013167388168449432,0.0607867121124833,0.013167614543437635,0.013167805991794334,0.09297919479272998,0.13700039214642568,0.37896589295866706,0.013167388168472599,0.15602461237806295,-0.3182,0.2263,-0.03063333333333333
12.916000366210938,12.916000366210938,74623500,20150311,TSLA,12.687999725341797,12.916000366210938,1,0.0151515151547024,0.0151515151540235,0.0151522862588896,0.0151525415979683,0.015151771328615,0.0151515151544621,0.0151528314742705,0.0151572380691967,0.0151515151537814,0.0151515151539554,0.8484757555001345,-0.2263,-0.2263,-0.2263
12.73799991607666,12.73799991607666,62239500,20150312,TSLA,12.916000366210938,12.73799991607666,0,0.01471969801217426,0.0718618286645353,0.04329045149042254,0.08138532199578215,0.07186106523172944,0.07601794026706814,0.09118019202141099,0.0147193938834589,0.3621925690399594,0.15805285984377382,0.01471867954968476,0.0,0.34,0.06872000000000002
12.57866668701172,12.57866668701172,81514500,20150313,TSLA,12.73799991607666,12.57866668701172,0,0.02525386816055907,0.1919189703882063,0.13636284907424182,0.13636216879363375,0.025252525257165967,0.025252936512019198,0.1919198342849853,0.025252577402497266,0.025253197275671466,0.19191854759506674,0.0252525252559527,0.34,0.4003,0.36010000000000003
13.046667098999023,13.046667098999023,84432000,20150316,TSLA,12.57866668701172,13.046667098999023,1,0.01406983712230025,0.5907153860684262,0.08549759042656715,0.01406965088218625,0.01407019301425425,0.0140693786183833,0.014069622191908049,0.1398013789230093,0.0140692640702153,0.08549795596534004,0.0140697427174095,-0.2023,0.4404,0.11905
12.982000350952148,12.982000350952148,73411500,20150317,TSLA,13.046667098999023,12.982000350952148,0,0.0522186544841581,0.016504772768647275,0.5671147110235455,0.08512235187644018,0.016504329005530425,0.01650524887181035,0.016504412014442426,0.09983710958120978,0.016504329005203825,0.016504543005728074,0.09667953836328352,0.5859,0.8442,0.6927749999999999
13.380666732788086,13.380666732788086,72313500,20150318,TSLA,12.982000350952148,13.380666732788086,1,0.0454554166713495,0.04545454545467,0.5454476708803963,0.0454564036004828,0.0454545454547,0.0454545454546918,0.0454562751037048,0.0454545454546949,0.0454545454546579,0.0454545454546666,0.0454569610159852,0.6696,0.6696,0.6696
13.308667182922363,13.308667182922363,39474000,20150323,TSLA,13.20533275604248,13.308667182922363,1,0.0227272727284887,0.0227272727282299,0.022727272728184,0.0227272727281643,0.0227272727284604,0.0227272727283973,0.0227272727283112,0.0227272727284217,0.7727271246042253,0.022727272728204,0.0227274208409125,0.0,0.0,0.0
13.447999954223633,13.447999954223633,54748500,20150324,TSLA,13.308667182922363,13.447999954223633,1,0.15184641494093956,0.01775055236807932,0.3345576327046994,0.01774933057696066,0.1382686114152138,0.01774942362246394,0.01774911347379642,0.01774900288165838,0.08441591111633534,0.05108195527553716,0.15108205162431546,-0.6597,0.2023,-0.37714
12.704667091369627,12.704667091369627,151342500,20150330,TSLA,12.333333015441896,12.704667091369627,1,0.0113656756247711,0.0113636363667956,0.2381009304363172,0.0113636363665791,0.0113649103494424,0.0113642990874333,0.5113602611273145,0.0113636363674286,0.0113636363664922,0.0113636363667102,0.1596257415407155,0.0,0.0,0.0
12.584667205810549,12.584667205810549,75399000,20150331,TSLA,12.704667091369627,12.584667205810549,0,0.28636361947112965,0.019696969698095167,0.0196976115268954,0.13180812989660226,0.019696969698366734,0.15758480718221665,0.1530303250479406,0.019696969698320865,0.019696969697991368,0.01969696969806503,0.1530306583843757,0.3008,0.4404,0.39386666666666664
13.539999961853027,13.539999961853027,186837000,20150406,TSLA,12.733332633972168,13.539999961853027,1,0.13468052652410908,0.023569023570976868,0.356900903206592,0.07058373514457914,0.023569023571447096,0.023569051397130465,0.0235690235711418,0.023569023571367902,0.023569023570788602,0.023569023570923536,0.272851642300943,-0.0772,0.6249,0.33549999999999996
14.005999565124512,14.005999565124512,57003000,20150409,TSLA,13.844667434692385,14.005999565124512,1,0.0113637103398987,0.0113636363645271,0.0113643460780646,0.0113637940387428,0.0113636363647417,0.0113637383346438,0.0113645268554621,0.0113636363647056,0.0113636907116855,0.011363636364503,0.8863616481830247,0.0,0.0,0.0
13.985333442687988,13.985333442687988,56373000,20150413,TSLA,14.0600004196167,13.985333442687988,0,0.392043458681256,0.05535016162286856,0.041241164124507526,0.06337871089671131,0.09502008726474655,0.017045817481959352,0.017046497284585026,0.06406869519865865,0.22071423674208648,0.017045577642120925,0.017045593060499076,-0.34,0.4939,-0.04652500000000001
13.830666542053224,13.830666542053224,45390000,20150414,TSLA,13.985333442687988,13.830666542053224,0,0.012626262627179067,0.012626262626984469,0.012626262626949132,0.2744374810620839,0.012626262627157466,0.012627774533941165,0.012626262627044834,0.012626262627128201,0.5563689354739174,0.0681818088084191,0.012626424359194801,0.2023,0.2846,0.22973333333333334
13.85533332824707,13.85533332824707,29286000,20150415,TSLA,13.830666542053224,13.85533332824707,1,0.09549808611109564,0.015498146358469361,0.1869238775159515,0.015497835503462221,0.09902724115479636,0.01549806766214502,0.01549802534405384,0.17549528019758565,0.20978443785781553,0.01549839673580718,0.15578060555881731,-0.4215,0.0,-0.22984
14.57333278656006,14.57333278656006,66168000,20150423,TSLA,14.629332542419434,14.57333278656006,0,0.0113642417997137,0.0113636363679182,0.1745478505607968,0.0113638390276232,0.0113653288372754,0.0113636363686644,0.3621529752857684,0.011363692611143,0.0113636363675043,0.0113655506144381,0.372385612159154,0.4215,0.4215,0.4215
15.436667442321776,15.436667442321776,175089000,20150427,TSLA,14.562000274658203,15.436667442321776,1,0.0090909090930249,0.0090909090925745,0.2090903849869929,0.1090897972741518,0.0090915648253532,0.0090923877822538,0.0090909090927156,0.0090909090929083,0.6090898371146433,0.0090914229423078,0.0090909687030736,0.1248,0.1248,0.1248
15.49666690826416,15.49666690826416,59041500,20150429,TSLA,15.36533260345459,15.49666690826416,1,0.2375092563797571,0.018183138619111,0.0181825777968771,0.0181840314673458,0.0181818181832771,0.0181878520802093,0.0181818181830934,0.0181818181832292,0.0181821359936044,0.018181818182962,0.5988437349305334,0.4404,0.4404,0.4404
15.0686674118042,15.0686674118042,79225500,20150501,TSLA,15.06999969482422,15.0686674118042,0,0.012626386391293251,0.1693178983755635,0.2852218991398743,0.01262703342951195,0.01262634456273055,0.012626486840352849,0.012626287599617099,0.33367975931068117,0.0126267272218971,0.012627104623498399,0.1233940725049795,0.2732,0.4215,0.34735
15.36733341217041,15.36733341217041,66519000,20150504,TSLA,15.0686674118042,15.36733341217041,1,0.2497566972207931,0.0101010101019155,0.0101034520617573,0.0101012364734588,0.121212150187199,0.0101010101020738,0.0101012208572977,0.0101010101020969,0.0101010101018282,0.1212121064942232,0.4371090962973562,0.4927,0.4927,0.4927
15.529999732971191,15.529999732971191,86953500,20150505,TSLA,15.36733341217041,15.529999732971191,1,0.011363636364626,0.0113636363644153,0.0113636363643779,0.0113636363643619,0.0113636363646031,0.0113636363645516,0.0113636363644813,0.0113636363645714,0.8863636363552666,0.0113636363643942,0.0113636363643503,-0.34,-0.34,-0.34
15.362000465393066,15.362000465393066,79063500,20150506,TSLA,15.529999732971191,15.362000465393066,0,0.1711848848518408,0.014478114479548299,0.014478260526127865,0.01447811447945,0.18484858827737982,0.13290401280259825,0.014478261316440469,0.014478205976775202,0.23449600140486326,0.0144781144795095,0.18969744140546604,0.0,0.2023,0.06743333333333333
16.31599998474121,16.31599998474121,95451000,20150512,TSLA,15.965999603271484,16.31599998474121,1,0.09297376690018944,0.1680273024296974,0.022728906665735002,0.08495900739499361,0.0227301700617193,0.02272727273137053,0.02272727273105703,0.022727947109978035,0.24494745927196718,0.2727233146301203,0.022727580073171768,-0.6124,0.5574,-0.01833333333333335
16.47599983215332,16.47599983215332,55113000,20150519,TSLA,16.583332061767578,16.47599983215332,0,0.02045454546252365,0.1281019978044578,0.14545540174866906,0.21280592658628728,0.1454540194093053,0.02045499815549255,0.12045401012074775,0.0204562280572626,0.020455383123833798,0.0204545925052874,0.1454528970261323,0.0,0.0,0.0
16.51533317565918,16.51533317565918,33346500,20150522,TSLA,16.374666213989258,16.51533317565918,1,0.0340927600819077,0.0340932699023008,0.0340909090928957,0.03409090909285225,0.03409090909349895,0.03409237974429685,0.034093499055646,0.034093492613582396,0.4090857425317233,0.28408503021364473,0.0340910985776507,0.0,0.4404,0.2202
16.495332717895508,16.495332717895508,51123000,20150527,TSLA,16.497333526611328,16.495332717895508,0,0.0151524425048911,0.0151515151531329,0.1818164437593492,0.0151531529379524,0.0151515151535224,0.0151552435095211,0.0151515151532698,0.015151515153457,0.6818110171970329,0.0151515151530889,0.0151541243247817,0.34,0.34,0.34
16.71266746520996,16.71266746520996,21334500,20150612,TSLA,16.76066780090332,16.71266746520996,0,0.030303030305442,0.0303030303049287,0.0303030303048373,0.3636339366146406,0.0303030303053856,0.030304191164481,0.0303030303066163,0.0303043412392656,0.3636363188447554,0.0303030303048768,0.03030303030477,0.4926,0.4926,0.4926
16.691999435424805,16.691999435424805,32793000,20150615,TSLA,16.71266746520996,16.691999435424805,0,0.448824576068892,0.012626262627520101,0.01262691069096925,0.08319910652827225,0.012626262627822949,0.22116955528506033,0.0126267604714741,0.012626262627771799,0.012626460681345,0.012626262627486,0.1584215797633859,0.5423,0.6705,0.6064
17.500667572021484,17.500667572021484,36945000,20150619,TSLA,17.459333419799805,17.500667572021484,1,0.0151529441661207,0.0151515151519551,0.310394421739845,0.3684949740895352,0.015151515152061,0.0151520636722171,0.015153177279397,0.0151515151520432,0.0151515778797197,0.0151533569018971,0.1998929388152084,0.8356,0.8356,0.8356
17.844667434692383,17.844667434692383,58062000,20150623,TSLA,17.319332122802734,17.844667434692383,1,0.0151515151527707,0.0151526002684909,0.015156109844705,0.0151515151524357,0.0151515151527414,0.0151515151526762,0.0151515151525871,0.0151515151527015,0.0151515151524082,0.0151515151524768,0.8484791686660059,0.4939,0.4939,0.4939
17.468000411987305,17.468000411987305,52183500,20150629,TSLA,17.805999755859375,17.468000411987305,0,0.012987012990681,0.0129876765174732,0.0129896944417126,0.0129870129897028,0.0129919161369825,0.441550473513129,0.0129876595171295,0.1558434396695367,0.0129884192645314,0.2986968458377583,0.0129898491213626,0.0,0.0,0.0
18.64800071716309,18.64800071716309,61828500,20150706,TSLA,18.667999267578125,18.64800071716309,0,0.09482692920781335,0.02777777777910435,0.027777914335125296,0.0277778269808271,0.027777825745211048,0.02777898333623075,0.2913633297076878,0.0277777914347869,0.0833333602831786,0.33603048341104147,0.02777777777899295,0.0,0.0258,0.0129
18.310667037963867,18.310667037963867,75061500,20150717,TSLA,17.778667449951172,18.310667037963867,1,0.0151515151546309,0.1818177981569567,0.1818182634449532,0.0151515151538003,0.1818181934018644,0.0151515151543978,0.0151515151541759,0.0151515151544586,0.0151567611990561,0.0151515151539014,0.3484798928718043,0.0,0.0,0.0
17.654666900634766,17.654666900634766,58437000,20150728,TSLA,16.867332458496094,17.654666900634766,1,0.031818181822868496,0.0318185719359228,0.03181904726811935,0.03182045336336285,0.5818069637308725,0.13181684229749652,0.03182031318663085,0.031819548055546654,0.0318229937253645,0.031818270054116096,0.03181881455969885,-0.6377,0.3182,-0.15975000000000006
17.74333381652832,17.74333381652832,33339000,20150731,TSLA,17.785999298095703,17.74333381652832,0,0.0234861555585301,0.07348489356195956,0.3401511044374647,0.0234848484878303,0.023484873533829075,0.023485592180519828,0.23181565763791187,0.02348683640561495,0.023484848487739525,0.1901478724993839,0.023487317209215673,-0.2263,0.2975,0.017799999999999996
16.408666610717773,16.408666610717773,219357000,20150806,TSLA,18.0086669921875,16.408666610717773,0,0.03787919075130125,0.0378787878840772,0.03788304958673025,0.0378796467933329,0.03787878788535095,0.03787878788500285,0.03787958752064095,0.0378787878851372,0.03787878788356715,0.2878785018428213,0.3712060840820374,-0.022,0.0,-0.011
16.512666702270508,16.512666702270508,69438000,20150902,TSLA,15.908666610717772,16.512666702270508,1,0.0665154772556528,0.09151549420804603,0.016515484157717537,0.04984882050169208,0.016515659219272637,0.01651537914691824,0.10068032577038341,0.0965151807460041,0.06651526517443049,0.01651550004397892,0.4623474137759033,-0.296,0.3612,0.00042000000000000923
16.87933349609375,16.87933349609375,43363500,20150914,TSLA,16.682666778564453,16.87933349609375,1,0.0128794041906173,0.01287878787989735,0.012878979877743576,0.012878818730973749,0.0128787878801648,0.0128793683012856,0.0128789377488354,0.11287843684005364,0.7712106180168713,0.0128787878798674,0.012879072653689275,0.0,0.7184,0.486525
17.40399932861328,17.40399932861328,39012000,20150923,TSLA,17.395999908447266,17.40399932861328,1,0.0227322120363857,0.0227274875439827,0.0227272727307954,0.0227272727307193,0.0227272727318659,0.0227272727316194,0.772722118570766,0.0227272727317139,0.0227272727306158,0.0227272727308723,0.0227272727306631,0.0,0.0,0.0
17.12733268737793,17.12733268737793,56601000,20150925,TSLA,17.541332244873047,17.12733268737793,0,0.030316811965305,0.0303030303093995,0.0303030303090911,0.0303030303089604,0.0303030303109327,0.0303030303105101,0.696955915248256,0.0303030303106733,0.030303030308783,0.0303030303092243,0.0303030303088641,0.6369,0.6369,0.6369
16.559999465942383,16.559999465942383,73944000,20150930,TSLA,16.44333267211914,16.559999465942383,1,0.0181818181824039,0.2181809487002468,0.018181818182298,0.0181818181822476,0.0181826327784173,0.0181820686349313,0.0181821832483519,0.0181818181823716,0.0181820382810614,0.0181818181822669,0.6181810374454028,-0.3535,-0.3535,-0.3535
16.504667282104492,16.504667282104492,66360000,20151002,TSLA,15.991999626159668,16.504667282104492,1,0.1084641628128075,0.0403690909488637,0.02238013288494495,0.37816474282040585,0.08241313039432129,0.050158066562328775,0.02238008419302385,0.0473804069419842,0.124868795326007,0.04738016221475998,0.07604122490055241,-0.4184,0.4939,0.06001250000000001
14.71266746520996,14.71266746520996,92376000,20151009,TSLA,15.114666938781738,14.71266746520996,0,0.018939611798355575,0.018940437429591978,0.1439395568661333,0.01894005903998635,0.018939393941029423,0.018939592456407674,0.11665777566430512,0.15136245219720743,0.06632087758941956,0.3448475612760927,0.08217268174147055,0.0,0.9558,0.298575
14.458666801452637,14.458666801452637,46566000,20151014,TSLA,14.616666793823242,14.458666801452637,0,0.0227278161955668,0.2727259222446818,0.0227272727308055,0.0227280944702888,0.0227272727318764,0.0227272727316318,0.5227272579712413,0.0227272727317244,0.0227272727306258,0.0227272727308839,0.0227272727306732,0.6808,0.6808,0.6808
15.206666946411133,15.206666946411133,37618500,20151019,TSLA,15.133999824523926,15.206666946411133,1,0.0181820875402485,0.0181818181822749,0.2181817684380454,0.0181818181822435,0.018181818182385,0.0181818181823548,0.6181815985633509,0.0181818181823664,0.0181818181822308,0.0181818181822625,0.0181818181822368,0.7906,0.7906,0.7906
14.005999565124512,14.005999565124512,62272500,20151021,TSLA,14.20199966430664,14.005999565124512,0,0.19742645106202827,0.018858199208812515,0.1510758140941943,0.19742835065284445,0.03473062801807894,0.018857418473672217,0.125999776986718,0.05457177555303833,0.0188580057298722,0.054571983075365656,0.12762159714537472,0.0,0.6322,0.2861714285714285
14.114666938781738,14.114666938781738,42378000,20151022,TSLA,14.005999565124512,14.114666938781738,1,0.1818173314944435,0.1818177213646648,0.0151527638221284,0.0151515151528013,0.0151515151532289,0.0151515445823709,0.515150511812272,0.0151515151531729,0.0151515151527628,0.0151525511593733,0.0151515151527808,0.4404,0.4404,0.4404
13.939332962036133,13.939332962036133,63532500,20151023,TSLA,14.114666938781738,13.939332962036133,0,0.09535632184392434,0.11454454282232432,0.20706841368880874,0.03454636836654772,0.034545454547291396,0.19454273600636848,0.07454565382027682,0.03454652399023754,0.0345455687638867,0.10121232148941375,0.07454609466091977,0.0,0.6293,0.26484
14.350666999816896,14.350666999816896,50871000,20151026,TSLA,13.939332962036133,14.350666999816896,1,0.1931818073118975,0.026516610199689,0.02651568169621805,0.1931809625328701,0.02651515151878365,0.026515151518590997,0.0265177874343374,0.026515426659243953,0.02651515151779585,0.27651189489099387,0.15151437471957918,0.0,0.8275,0.41375
14.023332595825195,14.023332595825195,52791000,20151027,TSLA,14.350666999816896,14.023332595825195,0,0.0454545454565042,0.0454545454560874,0.045454545456014,0.0454545454559816,0.045454545456459,0.0454545454563568,0.5454507379125012,0.0454545454563958,0.0454545454559384,0.0454545454560458,0.0454583529817152,0.765,0.765,0.765
14.108667373657228,14.108667373657228,27075000,20151029,TSLA,14.197333335876465,14.108667373657228,0,0.1891254758416364,0.0090909090915516,0.0090911733750112,0.0090909090915075,0.1090909169417355,0.0090920428563843,0.0090909157652826,0.0090909090916804,0.009090977806121,0.0090909090915342,0.6290548610475547,-0.3612,-0.3612,-0.3612
14.667332649230955,14.667332649230955,66010500,20151120,TSLA,14.786666870117188,14.667332649230955,0,0.15389343057793395,0.01103932905932635,0.6753214738333633,0.01104223685312545,0.01103896104204595,0.0110397218495308,0.0110406817945934,0.08246580522454675,0.0110390023038599,0.011040231855684049,0.0110391256059898,0.0258,0.4019,0.21384999999999998
14.550000190734863,14.550000190734863,37204500,20151124,TSLA,14.516667366027832,14.550000190734863,1,0.02101040435399651,0.02101020282821597,0.07100984890801483,0.09605069612906536,0.02101056017749889,0.2797222293550746,0.05434356948772799,0.02101017250641904,0.3240850053842273,0.02101068245968889,0.06973662841007014,-0.25,0.807,0.3948
15.513999938964844,15.513999938964844,44094000,20151203,TSLA,15.465999603271484,15.513999938964844,1,0.0151515151538682,0.0151515151533674,0.015151515153279,0.0151515151532405,0.0151515151538139,0.1818175447730179,0.0151516395204303,0.0151529406213221,0.0151515151531893,0.681817269011258,0.0151515151532128,0.4404,0.4404,0.4404
15.137999534606934,15.137999534606934,31075500,20151210,TSLA,14.968000411987305,15.137999534606934,1,0.0101010101016065,0.0101010101014795,0.010101010101457,0.1212107726367892,0.0101017750943319,0.0101010101015616,0.0101010101015193,0.0101010101015736,0.7878787410099432,0.0101015843562326,0.0101010662935051,-0.34,-0.34,-0.34
15.559332847595217,15.559332847595217,49479000,20151217,TSLA,15.633999824523926,15.559332847595217,0,0.0181818181847902,0.2181813965696391,0.6181770433661312,0.0181818181839978,0.0181818181847221,0.0181818181845675,0.0181818181843559,0.0181818181846286,0.0181818181839321,0.0181866816492949,0.0181821511239402,0.0,0.0,0.0
15.36400032043457,15.36400032043457,45213000,20151218,TSLA,15.559332847595217,15.36400032043457,0,0.02527787296786857,0.025277907578540038,0.02527916418823321,0.02527794764094819,0.2919430631511411,0.20444334870547798,0.04194513438984141,0.060280597581013305,0.19971918966115537,0.04194453488351092,0.058611239252269506,-0.34,0.2732,-0.04014
15.503999710083008,15.503999710083008,29298000,20151221,TSLA,15.36400032043457,15.503999710083008,1,0.0151515151527938,0.0151515151525218,0.015151515153009,0.0151519835824793,0.1818166990012938,0.0151518373599328,0.0151515151526071,0.0151515151527232,0.6818182118154201,0.0151521773247812,0.0151515151524376,0.0,0.0,0.0
15.329999923706056,15.329999923706056,29422500,20151222,TSLA,15.503999710083008,15.329999923706056,0,0.025858585859683342,0.02585858585944954,0.02585858585940818,0.1147473409492453,0.22585817720614076,0.02585921856030492,0.0258589945116657,0.02585858585962254,0.45252475361567546,0.02585858585942628,0.025858585859377437,0.0,0.5093,0.20371999999999998
13.998000144958496,13.998000144958496,46378500,20160112,TSLA,13.856666564941406,13.998000144958496,1,0.0140694405778218,0.01406926407057605,0.0140692640705142,0.09979314989230101,0.01406926407089255,0.10033548595155706,0.014071510125320149,0.014069313681029299,0.6873147120949556,0.01406926407054065,0.014069331394491,0.0,0.0,0.0
13.64799976348877,13.64799976348877,60580500,20160119,TSLA,13.666000366210938,13.64799976348877,0,0.1818178667969938,0.3609035309298642,0.3360642639277793,0.0151537322493823,0.0151515151573708,0.0151515151570596,0.0151515151566342,0.0151515151571805,0.0151515151557795,0.0151515151561057,0.0151515151558494,0.9246,0.9246,0.9246
13.24666690826416,13.24666690826416,87579000,20160120,TSLA,13.64799976348877,13.24666690826416,0,0.0151515151525088,0.0151515151522972,0.515150704929818,0.0151515151522436,0.1818182059987377,0.1818176411844214,0.0151520315367714,0.0151515151524541,0.0151515151522221,0.0151515151522761,0.0151523254362492,0.0,0.0,0.0
11.565333366394045,11.565333366394045,118971000,20160203,TSLA,12.185333251953123,11.565333366394045,0,0.0151530906951654,0.0151515151527744,0.0151518538110352,0.015153163675612,0.0151521613806198,0.0151516585599485,0.1901307000830941,0.0151516669262713,0.0151515151526528,0.6735011594101571,0.0151515151526691,-0.128,-0.128,-0.128
10.84000015258789,10.84000015258789,141564000,20160205,TSLA,11.68866729736328,10.84000015258789,0,0.2181817786114079,0.0181826231957284,0.0181836946316802,0.6181790241392617,0.0181818181836812,0.018181818183582,0.0181818181834465,0.0181819703215646,0.0181818181831744,0.018181818183279,0.0181818181831938,-0.296,-0.296,-0.296
9.57800006866455,9.57800006866455,156097500,20160210,TSLA,9.883333206176758,9.57800006866455,0,0.0227278770271872,0.0227272727283521,0.0227332362960385,0.0227285610923905,0.0227297608574832,0.0227272727285412,0.0227284721823233,0.0227272727285685,0.022727272728248,0.272724693327907,0.52271830830296,0.0,0.0,0.0
10.031332969665527,10.031332969665527,213786000,20160211,TSLA,9.57800006866455,10.031332969665527,1,0.059540814427927725,0.023674242426137724,0.023675306823942276,0.0236743947088823,0.11444357031798687,0.023674319098810126,0.19034135585473652,0.02367436214630895,0.023674242425954225,0.023674310733723676,0.46995308103558897,-0.296,0.2732,-0.005699999999999997
10.344667434692385,10.344667434692385,83907000,20160216,TSLA,10.06933307647705,10.344667434692385,1,0.1978191136713865,0.0227272727303204,0.1893919284794579,0.02272789211149985,0.18939383289547784,0.18096892684732124,0.0227278492797387,0.02272727273093355,0.022727272730026248,0.1060605606073429,0.022728077916494352,0.4019,0.4019,0.4019
11.118000030517578,11.118000030517578,58314000,20160218,TSLA,11.245332717895508,11.118000030517578,0,0.03409090909675955,0.03409090909551415,0.03409090909529365,0.03409090909519785,0.034090909096626196,0.2680454019304783,0.17513586344019835,0.28409090907616397,0.0340912949523702,0.03409107602626745,0.034090909095129796,-0.046,0.4927,0.22335000000000002
11.10533332824707,11.10533332824707,44391000,20160219,TSLA,11.118000030517578,11.10533332824707,0,0.0082647809916916,0.0082648485218005,0.1238081841040884,0.0082645037725327,0.0082648195806617,0.0082644628105499,0.0082647510859974,0.0082648313918633,0.0082644628104038,0.0082644628364233,0.8018098920939868,0.5267,0.5267,0.5267
11.93333339691162,11.93333339691162,80934000,20160224,TSLA,11.814000129699709,11.93333339691162,1,0.0151515151587608,0.0151515151572176,0.1818181661317179,0.0151515151568262,0.015151515158594,0.1818183997613476,0.0151524716179476,0.0151515151583583,0.0151544192525575,0.5151474522899316,0.0151515151567404,0.8402,0.8402,0.8402
12.795332908630373,12.795332908630373,67485000,20160229,TSLA,12.689332962036133,12.795332908630373,1,0.012987012989719,0.0129870129891427,0.0129870129890408,0.0129870129889967,0.1558420204895243,0.012987486448301,0.0129870129893233,0.4377538985203678,0.3025064231349878,0.0129870129890853,0.0129880934715108,-0.7096,-0.7096,-0.7096
12.423333168029783,12.423333168029783,100683000,20160301,TSLA,12.795332908630373,12.423333168029783,0,0.0340909090981997,0.03409090909664645,0.03409090909637305,0.0340909090962544,0.0340909090980331,0.034091392752628805,0.03409090909713295,0.28409090906780354,0.28072250804709215,0.034091625193523246,0.1624581103563122,-0.2755,0.3612,0.04285
12.555999755859377,12.555999755859377,72936000,20160302,TSLA,12.423333168029783,12.555999755859377,1,0.0227272727307245,0.022729312419807,0.7727121666109114,0.0227272727298037,0.0227272727306452,0.0227349273157516,0.0227272727302203,0.0227272727305342,0.0227276486068814,0.022728151038103,0.022731430356617,0.0,0.0,0.0
13.914667129516602,13.914667129516602,48129000,20160309,TSLA,13.506667137145996,13.914667129516602,1,0.0176767676789178,0.14972734853450487,0.0176769248895675,0.017678084657963666,0.2017711757145831,0.017677051928355666,0.017676856837626133,0.017677449119282266,0.22930755679497353,0.18434289179158636,0.12878789205263863,0.2732,0.5707,0.3723666666666667
15.515999794006348,15.515999794006348,70677000,20160318,TSLA,15.092000007629396,15.515999794006348,1,0.0151533463272266,0.0151516521951032,0.0151527606317403,0.0151515151547538,0.0151515151558301,0.6505574982821146,0.0151520866426917,0.0151556224499685,0.2130671270281263,0.015153285260518,0.0151535908719263,0.0,0.0,0.0
15.342000007629396,15.342000007629396,60214500,20160329,TSLA,15.350666999816896,15.342000007629396,0,0.0181824600392378,0.0181818181823762,0.0181818181823459,0.0181820634014516,0.0181818181825058,0.0181818181824693,0.018182155396402,0.0181818181824834,0.3808827221167045,0.0181818181823574,0.4554796899516656,0.5859,0.5859,0.5859
15.12600040435791,15.12600040435791,60495000,20160330,TSLA,15.342000007629396,15.12600040435791,0,0.10278081462161333,0.03625583085002224,0.036255835098257576,0.036255660745249454,0.13149261976904703,0.1791127562349853,0.03625597010894027,0.07196993353009624,0.03625597997882979,0.059015784325021574,0.2743488147379368,0.0,0.7184,0.10262857142857143
15.317999839782717,15.317999839782717,120193500,20160331,TSLA,15.12600040435791,15.317999839782717,1,0.01987087104752818,0.01987030317713502,0.0198705239540987,0.10320320994083103,0.23823607014561032,0.1398697523999354,0.08653618026248695,0.01987016198030398,0.06987005348981322,0.1174835386381133,0.16531933496414344,-0.2732,0.9071,0.08152000000000001
15.839332580566406,15.839332580566406,239962500,20160401,TSLA,15.317999839782717,15.839332580566406,1,0.0929992899690598,0.06701453798076619,0.19021887572909987,0.0962894007202406,0.11663843453244266,0.046708577663566064,0.04527759516326594,0.016404766425594245,0.01640488537880758,0.04705477019426187,0.26498886624289475,0.0,0.9136,0.36005454545454546
16.465999603271484,16.465999603271484,202129500,20160404,TSLA,15.839332580566406,16.465999603271484,1,0.027882021479392997,0.06787944612027208,0.14787866930521648,0.027879268302683842,0.02787878788471202,0.16121066635278505,0.0278788808034498,0.02787878788451738,0.29454256401212137,0.16121205343807815,0.0278788544167703,0.0,0.4497,0.35604
17.031333923339844,17.031333923339844,149230500,20160405,TSLA,16.465999603271484,17.031333923339844,1,0.0303030303056044,0.0303030303050562,0.0303030303049592,0.0303030303049174,0.0303030303055444,0.0303030303054105,0.0303032157296572,0.0303030303054632,0.0303030303048631,0.0303030303050015,0.6969695115235225,0.0,0.0,0.0
17.69466781616211,17.69466781616211,175582500,20160406,TSLA,17.031333923339844,17.69466781616211,1,0.28408949330494987,0.15909067505108285,0.0340909090952368,0.03409090909514315,0.034090909096549604,0.2840892598496788,0.03409090909583965,0.0340925174699773,0.03409259975113505,0.03409090909533175,0.03409090909507475,-0.4824,0.0,-0.2412
17.14666748046875,17.14666748046875,132843000,20160407,TSLA,17.69466781616211,17.14666748046875,0,0.020454953304354602,0.0204550006233779,0.1454543595920431,0.0204565314736058,0.02045598969146445,0.0204568417326488,0.1226626535542884,0.0204548486597706,0.02046036190323575,0.0204560109224287,0.5682324485427814,-0.296,-0.2732,-0.28459999999999996
16.67133331298828,16.67133331298828,110458500,20160408,TSLA,17.14666748046875,16.67133331298828,0,0.1017743597843194,0.016558984094967942,0.016559753369739437,0.1945801104607617,0.01655852131811262,0.01656115297188322,0.01655859893621946,0.016558916383102217,0.41637277701985864,0.06655916116561293,0.12135766449542196,0.0,0.7901,0.34004
16.661333084106445,16.661333084106445,137425500,20160411,TSLA,16.67133331298828,16.661333084106445,0,0.022729186968545,0.0227272727284124,0.5227227692662896,0.0227272727283344,0.0227272727286871,0.0227298882865452,0.0227272727285097,0.0227272727286409,0.2727272463793353,0.0227272727283819,0.022727272728318,0.5423,0.5423,0.5423
16.92533302307129,16.92533302307129,64071000,20160418,TSLA,16.96733283996582,16.92533302307129,0,0.0227272727299295,0.0227272727293643,0.0227272727292641,0.0227306736833998,0.4234384401907039,0.0227272727297294,0.0227272727295411,0.0227272727297828,0.0227272727291623,0.372012704289933,0.0227272727291892,0.4019,0.4019,0.4019
16.6646671295166,16.6646671295166,77911500,20160420,TSLA,16.4913330078125,16.6646671295166,1,0.1118918453985241,0.022511889606920056,0.21553263993703206,0.022511019917736384,0.022511216799817702,0.02251082251394686,0.10455934884749706,0.022511151059076456,0.2463171426366218,0.022513309324552443,0.18662961395827452,-0.4576,0.8402,0.21839999999999998
16.764667510986328,16.764667510986328,48087000,20160427,TSLA,16.916000366210938,16.764667510986328,0,0.16808799175238656,0.13920286485398337,0.045454778730402094,0.014204986539318325,0.1392041078674292,0.014205070145302576,0.0142051616382091,0.01420571433159935,0.3904806967430072,0.014205017784701825,0.046543609613659956,-0.7366,0.743,-0.12187500000000001
16.05066680908203,16.05066680908203,81207000,20160429,TSLA,16.513999938964844,16.05066680908203,0,0.01893972796743615,0.01893945080150155,0.0189409823027529,0.2689367642302664,0.39393628889445953,0.0189394538231946,0.0189399092665068,0.1856060367729683,0.01894026055867155,0.01893955973248245,0.01894156564975915,-0.25,-0.128,-0.189
16.1200008392334,16.1200008392334,57658500,20160502,TSLA,16.05066680908203,16.1200008392334,1,0.02272741677041375,0.0227272727298705,0.02272845813041445,0.0227273647601236,0.02272846335060575,0.16428555309385065,0.02272788338073355,0.02272761172266745,0.2145004536434125,0.10605976491783604,0.35605975750007113,0.128,0.8625,0.49525
14.10200023651123,14.10200023651123,168822000,20160505,TSLA,14.837332725524902,14.10200023651123,0,0.1436513435672421,0.0113636363654791,0.0113647131579853,0.3047776685711602,0.0113636363659233,0.0113636363658013,0.1693052664532665,0.0113636363658488,0.0113636863413444,0.0113636363654296,0.3027191400805188,0.5719,0.5719,0.5719
14.32866668701172,14.32866668701172,85278000,20160506,TSLA,14.10200023651123,14.32866668701172,1,0.028478768400742826,0.04550503304399611,0.06882101256586719,0.08881709945308743,0.028478664194938403,0.07528229695532687,0.028479283321198513,0.04936100790677985,0.4238328268735517,0.02847877851531817,0.1344652287691925,-0.296,0.3182,0.07068571428571428
13.8186674118042,13.8186674118042,54757500,20160512,TSLA,13.93066692352295,13.8186674118042,0,0.0227272727280924,0.0227272727279177,0.0227274542272126,0.0227291173855426,0.0227272727280731,0.0227272727280305,0.7727247037729356,0.0227272727280469,0.0227273920106772,0.0227272727279002,0.0227276962355707,0.088,0.088,0.088
13.88599967956543,13.88599967956543,44241000,20160516,TSLA,13.84066677093506,13.88599967956543,1,0.0146104537319174,0.014610430616195925,0.1776455068482154,0.014610438832663076,0.014610389612181024,0.014610389612085425,0.01461051909335105,0.0421394108754726,0.37050245585116726,0.30743949608327975,0.014610508843470649,-0.4215,0.4019,-0.110275
14.07800006866455,14.07800006866455,84262500,20160518,TSLA,13.644000053405762,14.07800006866455,1,0.06287954368663083,0.07676793054603541,0.2295429801940748,0.02121282974959435,0.10454486910382442,0.08787897468389422,0.021212471460862834,0.021212800763528415,0.07676710288931331,0.14343460119727053,0.15454589572497035,-0.4588,0.6808,-0.02538333333333334
14.638667106628418,14.638667106628418,46902000,20160525,TSLA,14.52733325958252,14.638667106628418,1,0.0151515151523304,0.0151515151521571,0.0151532199884127,0.0151520399500851,0.0151515151523119,0.0151515151522692,0.0151515151522114,0.0151517047813343,0.0151515151520951,0.0151516852416533,0.848482259125139,0.8313,0.8313,0.8313
15.008000373840332,15.008000373840332,61086000,20160526,TSLA,14.638667106628418,15.008000373840332,1,0.012987247751359,0.0129889675050737,0.0129874474086402,0.0129870129886038,0.0129875096982426,0.0129876592883205,0.0129870129888661,0.01298705714304,0.4769989895820248,0.0129872413306876,0.4061138543151412,0.4131,0.4131,0.4131
14.869333267211914,14.869333267211914,54754500,20160527,TSLA,15.008000373840332,14.869333267211914,0,0.013637100613178634,0.013636971480165433,0.013636497134027,0.013636363637753368,0.013636566927178235,0.013636740872768366,0.013636560535305634,0.013636363638155166,0.36382126382311347,0.013636433812702067,0.5134491375256521,-0.3291,0.5267,-0.043833333333333356
14.597332954406738,14.597332954406738,30492000,20160602,TSLA,14.637332916259766,14.597332954406738,0,0.4181799785073282,0.0181846808574701,0.0181833892645339,0.0181818181847305,0.4181753888982649,0.01818181818549,0.0181821031571208,0.0181840175431367,0.0181818181846414,0.0181827054861774,0.0181822817311058,0.6124,0.6124,0.6124
14.599332809448242,14.599332809448242,33435000,20160603,TSLA,14.597332954406738,14.599332809448242,1,0.022943776195144476,0.1638684244023189,0.05865779470158395,0.42770545932579274,0.022943872775193,0.08201693106387095,0.022944267007363225,0.13008625922112943,0.022943722944654375,0.02294401445129415,0.022945477911654525,0.335,0.7906,0.56675
15.489333152770996,15.489333152770996,93204000,20160607,TSLA,14.711999893188477,15.489333152770996,1,0.0227272727351049,0.0227272727334378,0.0227272727331423,0.0227272727330188,0.2727262462375883,0.0227272727345156,0.0227272727339608,0.0227272727346735,0.52272717049442,0.0227272727332709,0.0227284013968669,0.0,0.0,0.0
15.701333045959473,15.701333045959473,89580000,20160608,TSLA,15.489333152770996,15.701333045959473,1,0.01515176481942,0.0151515151518883,0.0151542497480918,0.0151520473729753,0.0151515151519782,0.0151516957739829,0.0151520106527945,0.0151518488803654,0.0151515151518523,0.3484841909665682,0.5151476463300829,0.3612,0.3612,0.3612
15.290666580200195,15.290666580200195,67381500,20160609,TSLA,15.701333045959473,15.290666580200195,0,0.0303030303093015,0.0303030303079661,0.0303137269520289,0.0303030303076285,0.6969569634168841,0.0303050671659626,0.0303030303083855,0.0303030303089589,0.0303030303074913,0.0303030303078339,0.0303030303075584,0.0,0.0,0.0
14.586000442504885,14.586000442504885,90399000,20160610,TSLA,15.290666580200195,14.586000442504885,0,0.0201118718298454,0.3969131967082273,0.28428648463182854,0.02011232008955715,0.020112276359443182,0.020112062098703833,0.020112266756053383,0.0201120007361875,0.020111916385062118,0.02011323077859035,0.15790237362650086,-0.5267,0.7003,0.06136666666666668
14.513333320617676,14.513333320617676,43627500,20160615,TSLA,14.330666542053224,14.513333320617676,1,0.038497439943188314,0.018089071168376044,0.06570736068161491,0.018089203627119858,0.018089931537910643,0.042005821430120154,0.1248515449161021,0.06570812497935734,0.572782724416192,0.0180890729467355,0.018089704353282585,-0.296,0.6808,0.15237142857142857
14.364666938781738,14.364666938781738,46689000,20160617,TSLA,14.528667449951172,14.364666938781738,0,0.13838378026431317,0.07648522879276314,0.06694899574983613,0.016161762590473968,0.0161616161659611,0.016161616165730867,0.0161617214993987,0.2600894565881568,0.36112224278433835,0.0161617131834896,0.0161618662155378,-0.7469,0.5719,0.06206666666666664
13.11066722869873,13.11066722869873,356136000,20160622,TSLA,14.640666961669922,13.11066722869873,0,0.2967819065677182,0.298701471031707,0.01298800080627,0.1558441714487461,0.0129870129893076,0.0129870129891858,0.0129870129890186,0.012987012989233,0.0129870129886842,0.1577623722114211,0.0129870129887079,-0.5994,-0.5994,-0.5994
13.236666679382324,13.236666679382324,108081000,20160627,TSLA,12.876667022705078,13.236666679382324,1,0.19318114017422874,0.02651515151622615,0.15151456618725595,0.1931802641229779,0.02651515151648495,0.02651566166479675,0.1515172723676348,0.02651552798587075,0.0265151515161226,0.02651600019240445,0.1515141127559966,0.0,0.3182,0.1591
13.452667236328123,13.452667236328123,93186000,20160628,TSLA,13.236666679382324,13.452667236328123,1,0.0303030303097921,0.0303030303083518,0.363634937448765,0.0303041433485859,0.3636366767330446,0.0303030303092818,0.0303030303088041,0.0303030303094176,0.0303030303078406,0.030303030308208,0.0303030303079081,0.8016,0.8016,0.8016
14.012666702270508,14.012666702270508,89923500,20160629,TSLA,13.452667236328123,14.012666702270508,1,0.300566754545265,0.03030426815106345,0.34337073306814825,0.030303329426300048,0.030303273169405974,0.11363592664759306,0.030303463445683524,0.030303030307674478,0.030303160625491925,0.030303030306795577,0.030303030306578223,-0.3506,0.6249,0.32025
14.152000427246094,14.152000427246094,72646500,20160630,TSLA,14.012666702270508,14.152000427246094,1,0.0181870632994585,0.0181820048512023,0.0181829638409079,0.0181818181833246,0.0181818181838261,0.5360834031826056,0.3002735976384059,0.0181818181837595,0.0181818762698166,0.0181818181833919,0.0181818181833007,0.0772,0.0772,0.0772
14.26533317565918,14.26533317565918,77629500,20160705,TSLA,14.43333339691162,14.26533317565918,0,0.1035988254220763,0.16073085088094496,0.24492885514733784,0.020265220654228776,0.020265164107450426,0.020265151516770174,0.02026515151664595,0.1840150708127045,0.051515297685492525,0.07055190700249481,0.10359850525385346,-0.8555,0.5859,-0.147875
14.29599952697754,14.29599952697754,73798500,20160706,TSLA,14.26533317565918,14.29599952697754,1,0.016363677301218023,0.01636410953590166,0.6535612685152106,0.01636372361739626,0.01636363636546962,0.01636391903836906,0.0163638861910798,0.016363636365409398,0.016363638614037678,0.08532093077932328,0.13020757367658414,-0.4019,0.5267,0.07972
14.45199966430664,14.45199966430664,61122000,20160708,TSLA,14.395999908447266,14.45199966430664,1,0.020454545455662,0.02045456884455315,0.3060049746230518,0.02045454545536405,0.14545455833347246,0.020454771610236698,0.0204545454554989,0.02045454545560045,0.0204545454553396,0.2704546210053853,0.1349037783058349,-0.6908,-0.6597,-0.6752499999999999
14.976667404174805,14.976667404174805,68569500,20160712,TSLA,14.985333442687988,14.976667404174805,0,0.0454554166713495,0.04545454545467,0.5454476708803963,0.0454564036004828,0.0454545454547,0.0454545454546918,0.0454562751037048,0.0454545454546949,0.0454545454546579,0.0454545454546666,0.0454569610159852,0.4926,0.4926,0.4926
14.835332870483398,14.835332870483398,53506500,20160713,TSLA,14.976667404174805,14.835332870483398,0,0.2181791604055058,0.2181818614433257,0.2181818556180297,0.0181818181832554,0.0181818181837329,0.0181818181836309,0.2181817814756693,0.0181818181836703,0.018182390861101,0.0181818181833194,0.0181838592787592,0.4215,0.4215,0.4215
14.768667221069336,14.768667221069336,40137000,20160714,TSLA,14.835332870483398,14.768667221069336,0,0.0155844155873129,0.11558433611003015,0.4920278760248288,0.08701288933042339,0.0155844155872462,0.0155844155870948,0.1962830162353684,0.01558441558715325,0.01558442225084435,0.01558494039410065,0.0155848573055966,-0.6597,0.1531,-0.25329999999999997
14.69333267211914,14.69333267211914,33513000,20160715,TSLA,14.768667221069336,14.69333267211914,0,0.026033066539690165,0.02603337031920142,0.26917591030421606,0.026033190402725358,0.0260331229027877,0.026033506443415764,0.3044492283073976,0.026033206053927286,0.026033065023836056,0.1836092752406152,0.06053305846218695,-0.4767,0.5574,0.06025454545454545
15.083333015441896,15.083333015441896,51181500,20160718,TSLA,14.69333267211914,15.083333015441896,1,0.07163755301845497,0.019387773325196925,0.03856669472970853,0.03979602709894762,0.043197295332036645,0.06700681127947464,0.01938790161405927,0.04319726763947688,0.5261896195736029,0.11224486527025664,0.019388191118784415,-0.3818,0.8807,0.25260000000000005
15.017333030700684,15.017333030700684,46726500,20160719,TSLA,15.083333015441896,15.017333030700684,0,0.0113641968708672,0.0113636363644939,0.5038434365543988,0.0113638770792181,0.0113636363647005,0.0113636363646438,0.0113637104476611,0.011363636364666,0.2506642248311642,0.0113636363644707,0.1545823723937154,0.0,0.0,0.0
15.223999977111816,15.223999977111816,38527500,20160720,TSLA,15.017333030700684,15.223999977111816,1,0.04545672721574095,0.045454545455917,0.04545454545585145,0.045455380066480255,0.0454545454562474,0.0454545454561571,0.04545454545603365,0.04545454545619215,0.29545076857225333,0.29545454545222005,0.04545530595690605,0.0,0.0,0.0
14.699999809265137,14.699999809265137,66430500,20160721,TSLA,15.223999977111816,14.699999809265137,0,0.113473183471773,0.0176407897813709,0.28192533142324133,0.10097461285067531,0.08014072166668507,0.017640907423084152,0.042641010974958225,0.017640933903020926,0.16764043059199701,0.01764084085398839,0.14264123705920512,-0.7717,0.8479,0.18379999999999996
14.817999839782717,14.817999839782717,38695500,20160722,TSLA,14.699999809265137,14.817999839782717,1,0.0181824849094037,0.0181826126001404,0.0181818181828986,0.5330725409229145,0.0181818181832263,0.0181818181831513,0.3032864135536446,0.0181823005324506,0.0181818181828435,0.018182540207954,0.0181838345413721,0.4019,0.4019,0.4019
15.300666809082031,15.300666809082031,51450000,20160726,TSLA,15.333999633789062,15.300666809082031,0,0.0179660527637913,0.017965949820848936,0.017966779577336636,0.06558449622115577,0.0179658940391247,0.13466298522391115,0.017966040410276534,0.01796538345942977,0.017965367967333133,0.3393945248543507,0.334596525662441,0.0,0.4215,0.14049999999999999
15.232666969299316,15.232666969299316,43335000,20160727,TSLA,15.300666809082031,15.232666969299316,0,0.0227272727294785,0.0227272727290085,0.0227272727289256,0.2727270736633743,0.0227272727294267,0.0227272727293124,0.022727272729156,0.0227272727293563,0.0227272727288411,0.0227272727289613,0.5227274717741587,0.6204,0.6204,0.6204
15.37399959564209,15.37399959564209,36286500,20160728,TSLA,15.232666969299316,15.37399959564209,1,0.0303030303123329,0.0303030303103521,0.0303030303100044,0.3636365107443058,0.0303030303121178,0.0303030303116329,0.0303030303109754,0.3636330088060972,0.0303030303096499,0.0303062379627893,0.0303030303097418,0.4404,0.4404,0.4404
15.652667045593262,15.652667045593262,46062000,20160729,TSLA,15.37399959564209,15.652667045593262,1,0.02234935065784005,0.1330622342793422,0.022350472705941073,0.147348091861776,0.0223484848520446,0.022348484851855675,0.0223497010297816,0.022348484851928647,0.08484849093255852,0.12833128358355644,0.37231492039337455,-0.1531,0.6249,0.18014999999999998
15.272000312805176,15.272000312805176,33117000,20160809,TSLA,15.077333450317385,15.272000312805176,1,0.019696969702679278,0.3821943426072022,0.0196984530459806,0.01969720858792946,0.11969666079648895,0.153029486186017,0.13636558307513744,0.019697374723280082,0.01969717504107506,0.01969819483041426,0.09052855140379518,0.0,0.8381,0.4763
14.994000434875488,14.994000434875488,28213500,20160811,TSLA,15.043333053588867,14.994000434875488,0,0.0227272727304349,0.0227272727297626,0.0227272727296428,0.0227284143298609,0.5227266382874213,0.0227272727301964,0.022727272729973,0.0227275855402362,0.2727260333862163,0.0227276920767012,0.0227272727295538,0.7177,0.7177,0.7177
14.862000465393066,14.862000465393066,30982500,20160822,TSLA,15.0,14.862000465393066,0,0.2727255365740589,0.022727272728032,0.0227289783571177,0.0227272727279799,0.0227272727282149,0.0227272727281647,0.022727272728097,0.0227272727281842,0.0227272727279587,0.2727272803291814,0.2727272956430102,-0.4588,-0.4588,-0.4588
14.989333152770996,14.989333152770996,71766000,20160823,TSLA,14.862000465393066,14.989333152770996,1,0.0227291915099096,0.02272727272963735,0.27272800238794814,0.14772747126674599,0.39771660086050525,0.02272727273005045,0.022728455348669997,0.0227295104099065,0.02272727272940905,0.022731677297777753,0.0227272727294396,0.0,0.0,0.0
14.089332580566406,14.089332580566406,47533500,20160830,TSLA,14.346667289733888,14.089332580566406,0,0.3484812232576011,0.0151515151558321,0.0151515151556251,0.0151519072878274,0.0151515151568698,0.1818180637398968,0.0151543491251859,0.0151515151566931,0.3484853656532874,0.015151515155712,0.0151515151554688,0.6908,0.6908,0.6908
14.133999824523926,14.133999824523926,49147500,20160831,TSLA,14.089332580566406,14.133999824523926,1,0.017803608951647176,0.017803201764497376,0.10000310923918793,0.017803188819447348,0.01780303030765175,0.01780350254545045,0.451137480423632,0.017803364087396325,0.017803030306395625,0.25643364562334964,0.06780283793134395,0.0,0.5106,0.2553
13.38466739654541,13.38466739654541,119146500,20160901,TSLA,14.133999824523926,13.38466739654541,0,0.0210438548868746,0.0210444710178057,0.10437729815272484,0.021043785266558566,0.1043769930071378,0.0210441993111762,0.1043770668096282,0.12520460511277673,0.2457878182662748,0.021043771048077402,0.21065613712096468,-0.3182,-0.1198,-0.21343333333333336
12.964667320251465,12.964667320251465,56355000,20160909,TSLA,13.157333374023438,12.964667320251465,0,0.02394009585436328,0.02394034472212374,0.02393943498770658,0.02393940133227568,0.1229015692992268,0.023939697815279458,0.18393872543883855,0.0239398230111659,0.20830965295231324,0.15727418837779739,0.18393706620890896,-0.7264,0.8074,-0.0043400000000000105
13.06999969482422,13.06999969482422,53841000,20160913,TSLA,13.220000267028809,13.06999969482422,0,0.017006852032496245,0.01700693466656387,0.08461130514686459,0.01700691903623707,0.03741480486558646,0.0884353888785154,0.017006930152207514,0.017006818231488145,0.017007404909500316,0.4455775445209676,0.24191909755957225,-0.8555,0.743,0.07532857142857143
13.69333267211914,13.69333267211914,46617000,20160916,TSLA,13.361332893371582,13.69333267211914,1,0.01787925469064364,0.01787951600964674,0.207230053600335,0.10397010873546889,0.12178586329961745,0.017879259259664382,0.09519538035008189,0.0178795907606418,0.0578778438451796,0.137879601030527,0.2045435284181932,-0.2263,0.5562,0.20784000000000002
13.6813325881958,13.6813325881958,39502500,20160921,TSLA,13.642666816711426,13.6813325881958,1,0.06832640504796851,0.0199727739385894,0.1064349229918816,0.062298054593140265,0.18373819045936626,0.019972720056102764,0.080578794602427,0.21694041370837774,0.0805790729234711,0.019973002435899116,0.1411856492427758,-0.5574,0.7096,0.11965454545454546
13.76200008392334,13.76200008392334,35743500,20160922,TSLA,13.6813325881958,13.76200008392334,1,0.1063826418141433,0.08033156522767673,0.2504767443907821,0.07744831230231537,0.017255892257752665,0.0589225989433236,0.12836724104790753,0.017255998497599033,0.17003340985770654,0.017255892257350667,0.07626970340344195,-0.296,0.0258,-0.09006666666666667
13.829999923706056,13.829999923706056,43578000,20160923,TSLA,13.76200008392334,13.829999923706056,1,0.3636362888501218,0.0303030303055889,0.0303045531044937,0.0303030303054138,0.0303030303062054,0.0303030303060366,0.0303030303058058,0.0303030303061015,0.0303030303053422,0.3636349155995145,0.0303030303053754,0.4404,0.4404,0.4404
13.932666778564451,13.932666778564451,35916000,20160926,TSLA,13.829999923706056,13.932666778564451,1,0.06431686121745908,0.010707070708728419,0.01070707070864888,0.01070746295756526,0.01070733768155956,0.11976962698453197,0.01070770677106686,0.13354441597339825,0.4520407844144988,0.01070835970191872,0.16608330288062365,-0.34,0.0,-0.1272
13.720666885375977,13.720666885375977,50598000,20160927,TSLA,13.932666778564451,13.720666885375977,0,0.0627290290614867,0.02146467173701665,0.021464900266550114,0.021464695570302117,0.14646472090735732,0.10479800002389811,0.11522756909467606,0.0214646608681647,0.3116863461430068,0.07702001293330102,0.0962153933942399,0.0,0.4404,0.0734
13.751333236694336,13.751333236694336,31326000,20160928,TSLA,13.720666885375977,13.751333236694336,1,0.0202020202049791,0.020204291476463517,0.020203572767590983,0.020202735938647784,0.3257558505579167,0.047979934917502465,0.12457114678416152,0.020202542389383665,0.15909024992897114,0.16583019656405054,0.07575745847033206,-0.7579,0.8779,0.3627500000000001
14.093999862670898,14.093999862670898,53122500,20161004,TSLA,14.24666690826416,14.093999862670898,0,0.0129870129915217,0.0129873515381151,0.0129870129903916,0.1558440097145353,0.0129870129914166,0.2987013920858082,0.1558434798353433,0.0129872991604962,0.0129870129902193,0.2987014027118842,0.0129870129902678,0.0,0.0,0.0
13.897333145141602,13.897333145141602,28162500,20161005,TSLA,14.093999862670898,13.897333145141602,0,0.0227272727294359,0.0227275791876292,0.0227284148282777,0.0227272727288586,0.2727268764010832,0.0227272727292732,0.0227272727291192,0.0227272727293167,0.2727260372561139,0.2727261524622282,0.0227285762186639,0.8573,0.8573,0.8573
13.399999618530272,13.399999618530272,70551000,20161006,TSLA,13.897333145141602,13.399999618530272,0,0.0161616161647397,0.12727401515494038,0.016161616163957032,0.016162266411548134,0.016162127753239264,0.0161617006041781,0.0161616161642834,0.12727263841328626,0.01616186210281127,0.2828266374604796,0.34949390360653637,0.2023,0.296,0.23353333333333334
13.107333183288574,13.107333183288574,52395000,20161007,TSLA,13.399999618530272,13.107333183288574,0,0.2896925521380781,0.02303040419881888,0.46177733746166316,0.02303035630469076,0.02303059349925498,0.0230303030313515,0.06428557576430514,0.023030400161712,0.023030303031109457,0.02303030303117112,0.02303187137784448,0.0,0.0,0.0
13.396666526794434,13.396666526794434,49744500,20161010,TSLA,13.107333183288574,13.396666526794434,1,0.0177495553376013,0.08441621992458885,0.14867804405901314,0.28441264415112655,0.08441560252373526,0.08205905514555625,0.017749720488876738,0.04718856857599082,0.01774895502908452,0.11298490358190134,0.10259673118252474,-0.5859,0.4215,-0.26724
13.570667266845703,13.570667266845703,104868000,20161019,TSLA,13.273332595825195,13.570667266845703,1,0.0930014125004846,0.0171717171734411,0.12285315430434522,0.2114914488542572,0.0727276713234276,0.017171918372305233,0.20800540018066638,0.0727272977835991,0.1505043580352695,0.01717283901464683,0.017172782457556632,-0.4019,0.0,-0.13396666666666665
13.273332595825195,13.273332595825195,76093500,20161020,TSLA,13.570667266845703,13.273332595825195,0,0.03645394516409232,0.01978815297345429,0.24857309045132203,0.17070775174246192,0.09501681345078745,0.03645530577160617,0.12418965769841935,0.03698403059873589,0.12997797508894046,0.01978772605948011,0.08206555100069952,-0.024,0.5859,0.13640833333333333
13.600666999816896,13.600666999816896,196405500,20161027,TSLA,13.482666969299316,13.600666999816896,1,0.47913215585621594,0.02303121403016208,0.02303149938122184,0.02303222931791548,0.02303047818785712,0.02303048799174612,0.12198499077656184,0.02303116960747974,0.21463374151242012,0.02303146955137198,0.02303056378704724,0.0,0.3182,0.06364
12.494667053222656,12.494667053222656,39795000,20161103,TSLA,12.534667015075684,12.494667053222656,0,0.022223700785952732,0.022225228900993,0.2888858545651793,0.08888931393664144,0.022223311863328866,0.24443906323937922,0.022222677097592767,0.02222268763611503,0.2222220151989367,0.02222296626807273,0.022223180507807732,-0.3612,0.8398,0.2506
12.70400047302246,12.70400047302246,77190000,20161104,TSLA,12.494667053222656,12.70400047302246,1,0.13918329045826847,0.06717685583230854,0.13290588293534464,0.06137576332579167,0.10835270439175308,0.08476872269625085,0.042857315997069385,0.042857161519495604,0.07526445381913044,0.12023789812177034,0.12501995090281656,-0.3612,0.775,0.26281666666666664
12.880666732788086,12.880666732788086,58051500,20161107,TSLA,12.70400047302246,12.880666732788086,1,0.0227275277856631,0.0227282110815884,0.0227272727292083,0.022727272729166,0.0227272727297962,0.5227275549161834,0.0227272727294782,0.0227274921430593,0.0227272727291091,0.2727255776976119,0.0227272727291354,0.8266,0.8266,0.8266
12.26200008392334,12.26200008392334,51516000,20161116,TSLA,12.251333236694336,12.26200008392334,1,0.027879030430250383,0.02787892515430048,0.02787995384072346,0.027879083004075222,0.02787999381479106,0.22787628596631135,0.2095785846385684,0.027878858487089275,0.04629578062795616,0.027879016579966498,0.32109448745596725,0.4404,0.6096,0.5219400000000001
12.577333450317385,12.577333450317385,73306500,20161117,TSLA,12.26200008392334,12.577333450317385,1,0.2752942557733935,0.161069223691583,0.0181818181837289,0.4181817091057379,0.0181820056652973,0.0181818181841759,0.018181818183995,0.0181818181842271,0.0181818181836314,0.0181818181837706,0.0181818966604591,0.7088,0.7088,0.7088
12.334667205810549,12.334667205810549,78154500,20161118,TSLA,12.577333450317385,12.334667205810549,0,0.0303033102341281,0.0303030303034856,0.0303033530450056,0.0303030303034544,0.0303030303035954,0.0303037697069823,0.6969672746613818,0.0303030303035769,0.0303035606924628,0.030303580142479,0.0303030303034477,0.0,0.0,0.0
12.744667053222656,12.744667053222656,84051000,20161122,TSLA,12.3013334274292,12.744667053222656,1,0.024243012004612,0.024242424243934947,0.024242424243862748,0.3909073932918466,0.024242424244299197,0.0242426263049547,0.02424472759289455,0.02424242424423785,0.0242426018061896,0.1909082339126252,0.22424170811054214,-0.1189,0.4588,0.16995
12.125332832336426,12.125332832336426,76896000,20161201,TSLA,12.626667022705078,12.125332832336426,0,0.5151465298087377,0.015151515153802,0.1818180608590125,0.015151515153645,0.0151515151543531,0.0151548780876389,0.015151515153996,0.0151519033237533,0.0151527725659844,0.0151515151537399,0.1818182795853368,0.0,0.0,0.0
13.896666526794434,13.896666526794434,46666500,20161222,TSLA,13.846667289733888,13.896666526794434,1,0.0748686250294006,0.0094278395513053,0.4711119708313232,0.04868025578956586,0.009427609429531567,0.009428323825544167,0.07759872338347433,0.009427613097947433,0.009427609429008733,0.009427609429116333,0.27117382020378206,0.4404,0.6808,0.6006666666666667
14.22266674041748,14.22266674041748,70057500,20161223,TSLA,13.896666526794434,14.22266674041748,1,0.13623455001847215,0.016414231201904633,0.2683933017225746,0.01641418634720933,0.016414185218708636,0.26641203342383263,0.17239370892535819,0.016414159666843665,0.0580808193940704,0.016414141415220067,0.016414682665805234,-0.1531,0.6369,0.3654
15.116666793823242,15.116666793823242,88675500,20170105,TSLA,15.13266658782959,15.116666793823242,0,0.0101013475660642,0.0101010101016751,0.0101010101016432,0.0101010101016294,0.0101010101018352,0.0101012008510506,0.1212121388242307,0.0101010101018083,0.787877265875455,0.010101010101657,0.0101019862729505,-0.34,-0.34,-0.34
15.324666976928713,15.324666976928713,54900000,20170110,TSLA,15.41866683959961,15.324666976928713,0,0.0227272727292259,0.0227272727288096,0.0227307197070952,0.022727272728704,0.0227272727291796,0.0227289591878599,0.7727219193026461,0.0227272727291172,0.0227274926999131,0.0227272727287678,0.022727272728681,0.0,0.0,0.0
15.315333366394045,15.315333366394045,54762000,20170111,TSLA,15.324666976928713,15.315333366394045,0,0.0090909484264174,0.0090913550539812,0.2466406222285753,0.0090912557479174,0.0090909090924033,0.0090909090923242,0.4715394993593646,0.2090879960471833,0.0090909090919974,0.0090938994985473,0.0090916963612882,0.7269,0.7269,0.7269
15.305999755859377,15.305999755859377,56853000,20170112,TSLA,15.315333366394045,15.305999755859377,0,0.15091640183419855,0.01828441535663276,0.1532467567204864,0.01828341453986314,0.08495027447275359,0.0182828868304377,0.22243321678242162,0.01828322148296994,0.0582828179107708,0.07042879494092369,0.18660779912854136,0.0,0.9246,0.44084
16.250667572021484,16.250667572021484,115984500,20170119,TSLA,15.890666961669922,16.250667572021484,1,0.0514367616558372,0.050562790723977756,0.3356849442654081,0.15532477995231617,0.0219913660614196,0.02199141011066866,0.02199150024640536,0.10199127936625554,0.021992890296215182,0.0219913419927718,0.19504093532872405,-0.0772,0.6124,0.3358
16.594667434692383,16.594667434692383,93943500,20170123,TSLA,16.315332412719727,16.594667434692383,1,0.0181818181828827,0.018181818182656,0.6181808076968159,0.0181818181825986,0.0181818181828578,0.0181818181828026,0.0181824554218956,0.0181820220135421,0.2181817617999392,0.0181820439714229,0.0181818181825862,0.7351,0.7351,0.7351
16.974000930786133,16.974000930786133,74482500,20170124,TSLA,16.594667434692383,16.974000930786133,1,0.021212803897623502,0.13377479331132663,0.10030417599875881,0.3434330544323882,0.10187035600212897,0.0767671443485834,0.05323144127702641,0.021212267846365134,0.02121219016632135,0.05021422513794336,0.0767675475815338,0.4019,0.8705,0.6427166666666667
16.96466636657715,16.96466636657715,77139000,20170125,TSLA,16.974000930786133,16.96466636657715,0,0.23116068945083051,0.01939455864525226,0.01939417552619908,0.059394170297294754,0.05272740082255415,0.07272729452981684,0.1309589896209471,0.01939395174257198,0.01939478214042525,0.25885213091402115,0.11660185631008657,-0.4215,0.7184,0.26248
16.863332748413086,16.863332748413086,47494500,20170127,TSLA,16.833999633789062,16.863332748413086,1,0.2670457043178753,0.017045454546865547,0.3920450539853407,0.0170458831386808,0.01704578239694525,0.01704546283385575,0.1396236315317144,0.01704548650056895,0.01704550302911105,0.0170454545468271,0.08196658317221465,0.3612,0.891,0.6261
16.708667755126953,16.708667755126953,57016500,20170130,TSLA,16.863332748413086,16.708667755126953,0,0.01575759838513776,0.01575841613115614,0.11406030825608882,0.01575767215378614,0.05575780417856572,0.11575862133429123,0.01575757575978584,0.554116117334255,0.0657584290042402,0.01575957060884628,0.01575788685384636,0.2023,0.9661,0.55176
16.795333862304688,16.795333862304688,61741500,20170131,TSLA,16.708667755126953,16.795333862304688,1,0.0227272727319516,0.0227321643253245,0.0227295099264015,0.0227272727307049,0.022727272731842,0.0227272727316008,0.0227272727312689,0.5227177040345655,0.0227279520292819,0.2727262498498914,0.0227300561771664,-0.4019,-0.4019,-0.4019
17.165332794189453,17.165332794189453,63672000,20170207,TSLA,17.184667587280273,17.165332794189453,0,0.2658754852880427,0.017217677519631613,0.09550943465887565,0.017217764327394976,0.01721763085630779,0.01721800139420055,0.017218277912324113,0.017217938580424374,0.058885092756547006,0.07080533871384596,0.4056173579924047,-0.296,0.6705,0.1199125
17.472000122070312,17.472000122070312,58995000,20170208,TSLA,17.165332794189453,17.472000122070312,1,0.2034375795296,0.0189395349656083,0.11162498930743474,0.01893939394150425,0.01893939394220625,0.01894045953275155,0.0189393939418519,0.0189393939421141,0.0189393939414415,0.1867212205799956,0.3656392463754914,0.0,0.0,0.0
17.948667526245117,17.948667526245117,54295500,20170210,TSLA,17.946666717529297,17.948667526245117,1,0.01262640786085225,0.09595938412073936,0.09595850464635,0.01262665891892495,0.0126262626279791,0.17929299257443504,0.01262655096607165,0.012626262627922501,0.4570706770763488,0.0959596032852814,0.0126266952950943,0.0,0.3182,0.1591
18.65066719055176,18.65066719055176,74218500,20170215,TSLA,18.73200035095215,18.65066719055176,0,0.05066401476006418,0.02100584870626675,0.2852304166367526,0.02100559093767245,0.021005886350940674,0.021005631276022375,0.0210070410504175,0.22933709138554934,0.23979996543384036,0.02100604854105135,0.06893246492142208,0.3595,0.765,0.599575
17.93000030517578,17.93000030517578,106159500,20170216,TSLA,18.65066719055176,17.93000030517578,0,0.01928374655778095,0.01928374655750295,0.0192837465574533,0.0192885955285377,0.01928374655775065,0.01928473353647885,0.019284369186082652,0.35261126233993023,0.47382854425455373,0.0192837465574747,0.0192837623664541,0.0,0.8734,0.4367
18.148666381835938,18.148666381835938,93856500,20170217,TSLA,17.93000030517578,18.148666381835938,1,0.0227312106799582,0.0227272727307267,0.0227272727305626,0.0227272727304901,0.272721887104389,0.0227272727313307,0.2727272432883474,0.022728649387343,0.2727273731557801,0.022727272730633,0.0227272727304387,0.0644,0.0644,0.0644
17.06599998474121,17.06599998474121,223728000,20170223,TSLA,18.233999252319336,17.06599998474121,0,0.0181820349604099,0.0181818181822281,0.018184173046093,0.0181822802657385,0.0181818181823268,0.0181818181822998,0.018182248387884,0.0181818181823103,0.0181818181821886,0.018182020217611,0.8181781522109093,0.5719,0.5719,0.5719
17.133333206176758,17.133333206176758,122574000,20170224,TSLA,17.06599998474121,17.133333206176758,1,0.25316419378530364,0.05909090158359646,0.017424242424889498,0.059090978434592725,0.0174242424250858,0.017424501962345573,0.2650169974114396,0.25909081188484484,0.017424300889841274,0.017424242424903674,0.0174245867731564,0.3182,0.6808,0.4394
16.666000366210938,16.666000366210938,91171500,20170228,TSLA,16.415332794189453,16.666000366210938,1,0.0227272727340955,0.0227272727326374,0.022728833608886,0.0227275590542716,0.0227272727339307,0.7727209173174944,0.0227317808881715,0.0227272727337105,0.0227272727321189,0.0227272727324904,0.0227272727321927,-0.4023,-0.4023,-0.4023
16.246000289916992,16.246000289916992,45994500,20170310,TSLA,16.32666778564453,16.246000289916992,0,0.03596551704994474,0.012879090197164761,0.5717475627776751,0.10957262823671302,0.012879531120698881,0.012878881131485002,0.012878969584091881,0.06796442207523035,0.0378794382663964,0.012879243976065598,0.11247471558453359,0.0,0.4588,0.22640000000000002
17.200000762939453,17.200000762939453,113976000,20170314,TSLA,16.411333084106445,17.200000762939453,1,0.0227272727329646,0.0227272727317522,0.2727249784019704,0.022727272731446,0.2727275531426894,0.0227272727325353,0.0227272727321318,0.272726679782737,0.0227272727313197,0.022727791293191,0.022729360987262,0.0,0.0,0.0
17.000667572021484,17.000667572021484,60889500,20170322,TSLA,16.711999893188477,17.000667572021484,1,0.022727339693001,0.10606194329568999,0.0227272727296588,0.022727727249898348,0.02272958960509075,0.28983433431744166,0.02272905953349255,0.17227914993063315,0.2727273719832738,0.022727387102612448,0.0227288245592069,-0.296,0.0,-0.148
16.985332489013672,16.985332489013672,49803000,20170323,TSLA,17.000667572021484,16.985332489013672,0,0.0303030303042595,0.0303030303040118,0.0303030303039515,0.0303030303039313,0.0303030303042308,0.0303030303041669,0.3636363843020417,0.0303030303041914,0.3636363429613261,0.0303030303039715,0.0303030303039171,0.3612,0.3612,0.3612
17.54400062561035,17.54400062561035,84709500,20170324,TSLA,16.985332489013672,17.54400062561035,1,0.07855996587729101,0.018073070084812702,0.10904780435437934,0.06857777897481201,0.08636162068861569,0.047463481807648256,0.08685111044778662,0.02792111766066154,0.06251679586644067,0.05376266220109391,0.3608645920364577,-0.8316,0.7184,0.12382727272727272
18.49666786193848,18.49666786193848,119814000,20170328,TSLA,18.014667510986328,18.49666786193848,1,0.18090885691431696,0.13757479644947285,0.08757546567623123,0.02090911607382504,0.02090925616062602,0.11717294048777893,0.12090815552546041,0.02090909091148408,0.1713125832685558,0.02091036594100856,0.10090937259123955,-0.5267,0.4588,-0.013579999999999991
18.492000579833984,18.492000579833984,55143000,20170329,TSLA,18.49666786193848,18.492000579833984,0,0.3571428880773076,0.08928426207781026,0.28571435273176216,0.01785714285953915,0.017857279593989098,0.0178589529933053,0.0178571428599351,0.01785746250270885,0.01785781160526715,0.1428548853286002,0.01785781936977465,0.0,0.0,0.0
18.527999877929688,18.527999877929688,62226000,20170330,TSLA,18.492000579833984,18.527999877929688,1,0.0168355461354001,0.016835016836997334,0.12794463855145816,0.322846403633368,0.016837191849493834,0.1940261745310957,0.12622249151234063,0.01683501683739407,0.12794686689656487,0.016835099587780903,0.016835553628106,0.0,0.5697,0.37979999999999997
18.553333282470703,18.553333282470703,49419000,20170331,TSLA,18.527999877929688,18.553333282470703,1,0.04684091062208584,0.015094825811106143,0.19523234720138158,0.015094842534058872,0.09899505562741093,0.015096121228852715,0.11472069690978973,0.06668219827208247,0.3215544909647364,0.03890472573099696,0.07178378509749783,0.0,0.8172,0.4139428571428571
19.90133285522461,19.90133285522461,208329000,20170403,TSLA,18.553333282470703,19.90133285522461,1,0.03463203463401313,0.1774889064491086,0.03463207850930413,0.0346320346334845,0.03463212169099846,0.034632099903689234,0.034632034633723836,0.1774891631458497,0.3679653679511345,0.034632057698464266,0.03463210075022923,0.0,0.0,0.0
20.16933250427246,20.16933250427246,68694000,20170407,TSLA,19.913333892822266,20.16933250427246,1,0.0652760503403022,0.021464695426156134,0.021465632079151198,0.021464717478658166,0.021465211087547235,0.1325759293861253,0.11635825555679297,0.0214649363402929,0.2714652597190284,0.021464785546723365,0.28553452703922155,0.0,0.6486,0.21619999999999998
19.78933334350586,19.78933334350586,90760500,20170412,TSLA,20.58066749572754,19.78933334350586,0,0.0222222430545036,0.21527113594549377,0.3625072218536786,0.24444143978651278,0.022222680739130297,0.022222222224601833,0.0222222635582152,0.022223677137689232,0.0222222222240524,0.022222222224193667,0.022222671251928033,0.0,0.5859,0.32926666666666665
20.26666641235352,20.26666641235352,139269000,20170413,TSLA,19.78933334350586,20.26666641235352,1,0.3843055366968675,0.0129877385174746,0.3612704542590623,0.1505229923577702,0.0129875046649823,0.0129875634777585,0.0129882260951213,0.0129873583529826,0.01298750820677,0.0129875221096482,0.0129875952615617,0.4767,0.4767,0.4767
20.01666641235352,20.01666641235352,45535500,20170418,TSLA,20.09600067138672,20.01666641235352,0,0.0181818181844963,0.0181818181839256,0.5876145443946729,0.0181818181837809,0.0181818181844334,0.0181818359413658,0.2487452154749579,0.0181818181843478,0.0181818181837224,0.0181818181838687,0.0181856769004278,0.1779,0.1779,0.1779
20.53533363342285,20.53533363342285,76252500,20170424,TSLA,20.37333297729492,20.53533363342285,1,0.0227292164309636,0.0227303670223223,0.0227272727316198,0.0227272727315251,0.7727194628859558,0.0227299075388011,0.02272727273223,0.0227274097320098,0.0227272727313979,0.0227272727317162,0.022727272731458,0.9638,0.9638,0.9638
21.52199935913086,21.52199935913086,132444000,20170501,TSLA,20.9379997253418,21.52199935913086,1,0.09956665376394419,0.016233766236763966,0.09956719858663547,0.016233874265102033,0.0162337662374856,0.016234390686096833,0.06385211954832111,0.016234101020705168,0.5400429797401753,0.016234405481947968,0.099566744432822,-0.34,0.34,0.0172
20.55666732788086,20.55666732788086,122659500,20170505,TSLA,19.69733238220215,20.55666732788086,1,0.045454545457622675,0.045454545456968025,0.29545404378009266,0.04545454545680135,0.045455039352499775,0.0454545454573909,0.17045454544414376,0.170454545455907,0.0454545454567341,0.045454553225074,0.04545454545676528,0.0,0.3818,0.265275
21.417333602905277,21.417333602905277,145147500,20170509,TSLA,20.47933387756348,21.417333602905277,1,0.4181816967623441,0.0181825381971204,0.4181807736319517,0.018181818183589,0.0181818181841771,0.0181820396456047,0.0181818181838803,0.0181818181840999,0.0181820426600038,0.0181818181836676,0.0181818181835609,-0.5994,-0.5994,-0.5994
21.68133354187012,21.68133354187012,86124000,20170510,TSLA,21.417333602905277,21.68133354187012,1,0.08567327732334089,0.14749646017808185,0.03838229626186586,0.22290296548402946,0.124526641127543,0.02036011662258475,0.06202643491148024,0.1355222330841634,0.08286013512396317,0.020360020451994663,0.05988941943095227,-0.5574,0.6249,0.086975
21.540000915527344,21.540000915527344,71307000,20170511,TSLA,21.68133354187012,21.540000915527344,0,0.6818178691998108,0.0151515151524685,0.0151515151524228,0.0151515151524034,0.0151518470033371,0.0151515151526354,0.0151515151525496,0.1818181625771636,0.0151515151523766,0.0151515151524426,0.015151515152389,0.1779,0.1779,0.1779
21.65399932861328,21.65399932861328,61824000,20170512,TSLA,21.540000915527344,21.65399932861328,1,0.359944136772006,0.01963243268023647,0.07538957974458273,0.01963279584617363,0.08094256977174952,0.036299335255641565,0.09463102005283339,0.09463215680398332,0.019632393492536572,0.01963208187198511,0.17963149770827125,-0.4215,0.0,-0.10579000000000001
20.40733337402344,20.40733337402344,100678500,20170517,TSLA,21.13400077819824,20.40733337402344,0,0.0181828860255867,0.0181818181828017,0.0181818181827545,0.0181818181827343,0.0181818181830391,0.0181867540218718,0.0181818181828852,0.8181756544205185,0.0181819782523126,0.0181818181827751,0.0181818181827196,0.0,0.0,0.0
20.722000122070312,20.722000122070312,70314000,20170519,TSLA,20.87066650390625,20.722000122070312,0,0.020455159057728302,0.18341346426004998,0.2579546228310789,0.020455425605448774,0.02045467306122565,0.0204545454576522,0.020454925100205024,0.02045487434610775,0.06999613512358775,0.2892242087444541,0.0766819664124611,0.0116,0.6652,0.285025
20.690000534057617,20.690000534057617,64938000,20170522,TSLA,20.722000122070312,20.690000534057617,0,0.0507979791789894,0.09145445928433435,0.217234697410844,0.05820525785332827,0.039687312654575535,0.053213260726023254,0.09676897329790203,0.05820553392695698,0.025798061485390926,0.0762132657306799,0.232421198450975,-0.3291,0.8151,0.3275611111111111
20.257333755493164,20.257333755493164,64776000,20170523,TSLA,20.690000534057617,20.257333755493164,0,0.0202030369428601,0.2793284579604626,0.02020256989509625,0.094407105280925,0.0202020202043705,0.1868690431999433,0.07575693498842685,0.0202020202042933,0.020202241339150648,0.02020224944796745,0.2424243205365036,-0.296,0.8439,0.27395
20.68133354187012,20.68133354187012,75499500,20170524,TSLA,20.257333755493164,20.68133354187012,1,0.02045698573108415,0.12045452990101135,0.2704530670670313,0.0204545454551203,0.14545427057023494,0.02045483434053395,0.020454545455215252,0.020454821850312402,0.0204545454551031,0.0204548827813507,0.32045297139300216,0.3182,0.5994,0.4588
21.121999740600582,21.121999740600582,75210000,20170525,TSLA,20.68133354187012,21.121999740600582,1,0.0144300727043467,0.06204909939651567,0.014430014431602268,0.0144300635789568,0.014431437513915834,0.014430329641947433,0.014430014431824,0.014430099322967535,0.36530442938654134,0.014430697195581368,0.45720374239580064,0.3612,0.4939,0.4054333333333333
21.676000595092773,21.676000595092773,117033000,20170526,TSLA,21.121999740600582,21.676000595092773,1,0.022728801054901,0.0227272727330866,0.0227272823932227,0.0227272727326881,0.0227273297967627,0.2727259303945157,0.5227234799421266,0.0227308127546395,0.022727272732526,0.0227272727329289,0.0227272727326014,0.34,0.34,0.34
22.733999252319336,22.733999252319336,149451000,20170531,TSLA,22.34000015258789,22.733999252319336,1,0.03598484848888245,0.1193187386428898,0.035985016996404426,0.03598703068842728,0.41098039578814327,0.03598484848857818,0.03598648957166435,0.035984848488659474,0.03598484848771735,0.18181790572884277,0.035985028629790174,-0.1531,0.0,-0.038275
22.691333770751957,22.691333770751957,114120000,20170601,TSLA,22.733999252319336,22.691333770751957,0,0.24566912317617157,0.01575907398696874,0.11283938052734518,0.1554309501157366,0.0157575757602835,0.015757828340617,0.0157578140989654,0.13975462929114452,0.015757575759547678,0.17575729116326372,0.09175875777995555,-0.3412,0.5859,0.17644
23.15466690063477,23.15466690063477,101766000,20170605,TSLA,22.656667709350582,23.15466690063477,1,0.025355770898955316,0.12059383820526484,0.07297468328605836,0.25577222104738295,0.07297468210662525,0.11126474651892078,0.11904142326751957,0.12059399765069444,0.025355640065780057,0.025355596788310654,0.05071740016448741,-0.5267,0.0772,-0.06561428571428571
23.523332595825195,23.523332595825195,166302000,20170606,TSLA,23.15466690063477,23.523332595825195,1,0.30151152755487504,0.22374032533958008,0.023738105318869232,0.13484298407841078,0.023738295320731132,0.023738069011838534,0.10707140024953755,0.0237378185004278,0.023737575383501467,0.023738700396693267,0.09040519884553477,0.0,0.5719,0.19063333333333332
23.976667404174805,23.976667404174805,140970000,20170607,TSLA,23.523332595825195,23.976667404174805,1,0.4212003933308142,0.0571972813786367,0.07594781085559763,0.05719722857367128,0.10928028657906375,0.0259489664243229,0.07594619789418507,0.047357035316926525,0.05719726429717464,0.0467805364130821,0.02594699893652475,-0.8074,0.7269,0.058687500000000004
24.666667938232425,24.666667938232425,135922500,20170608,TSLA,23.976667404174805,24.666667938232425,1,0.07215050984182583,0.02713567688477597,0.18568076945932563,0.14036324750281778,0.053177271693846284,0.0862502744054782,0.08678029377734484,0.036064192659355225,0.08552889380399467,0.06433809640248214,0.162530773568753,-0.1027,0.7717,0.25904375
23.821332931518555,23.821332931518555,258921000,20170609,TSLA,24.666667938232425,23.821332931518555,0,0.08029507397324098,0.14876012941650435,0.20048126783979722,0.02085579581853152,0.03335531504556595,0.0517718209372882,0.06668857485678184,0.05590282101255477,0.1703775312509309,0.09597642404973918,0.07553524579906455,-0.8126,0.8622,-0.006579999999999986
25.06333351135254,25.06333351135254,177118500,20170613,TSLA,23.93400001525879,25.06333351135254,1,0.16116811891134933,0.20777298897357133,0.09027876528073736,0.01759760117830244,0.01759786439338932,0.01759752493554132,0.07188778209973597,0.01759749335405264,0.017598091447982262,0.1425969220342343,0.23830684739110328,0.25,0.705,0.56924
25.37733268737793,25.37733268737793,192276000,20170614,TSLA,25.06333351135254,25.37733268737793,1,0.014069264071793899,0.014073174794613199,0.014069696942944299,0.39501510247447547,0.47835493611929775,0.01406986468672335,0.01406938485079915,0.014070741749481749,0.014069264071063,0.0140692640712014,0.014069306167606349,0.4767,0.4767,0.4767
24.76000022888184,24.76000022888184,100965000,20170616,TSLA,25.022666931152344,24.76000022888184,0,0.07733558691400277,0.014836649799426201,0.014837888599006501,0.014835966911402,0.01483585858782965,0.2196974681758649,0.1398360770164548,0.01483596484137925,0.12544064676638872,0.01483585858740395,0.34867203380084083,-0.1027,0.6908,0.404725
24.65333366394043,24.65333366394043,98239500,20170619,TSLA,24.76000022888184,24.65333366394043,0,0.0181842274160786,0.0181818181838875,0.0181818181837883,0.0181827405776947,0.0181818181843855,0.0181820381079451,0.0181820235539199,0.0181818181843022,0.0181872110983493,0.2253533889756875,0.6110010975339607,-0.296,-0.296,-0.296
24.81599998474121,24.81599998474121,111580500,20170620,TSLA,24.65333366394043,24.81599998474121,1,0.016667728367904,0.0166668078144469,0.041655989161633676,0.06666815609420375,0.01666666667043075,0.01666666667023195,0.03795646145847718,0.11666724589073497,0.0166677447483919,0.18517237298327222,0.4685441601402723,-0.3535,0.6258,0.0981
25.09333229064941,25.09333229064941,73848000,20170621,TSLA,24.81599998474121,25.09333229064941,1,0.21438734230955864,0.058533262411098304,0.009814875947370301,0.009814148136774,0.009814082775742899,0.0098140495892558,0.00981444945984395,0.0098153794905366,0.07558046643551215,0.07487411574700885,0.517737827697298,-0.5267,0.0531,-0.23679999999999998
25.507333755493164,25.507333755493164,112947000,20170622,TSLA,25.09333229064941,25.507333755493164,1,0.02272727273113115,0.02272741721402225,0.02272727273016445,0.0227272727301017,0.10606042697322371,0.02272727273084115,0.022727272730567398,0.18939406994851854,0.10606058511599185,0.18939385536306275,0.2727272817323745,-0.4125,0.6474,0.11745
25.56333351135254,25.56333351135254,96687000,20170623,TSLA,25.507333755493164,25.56333351135254,1,0.08093420794064791,0.06861536605719615,0.018434774426836425,0.018434369611928174,0.14343642829362108,0.06843399162451168,0.20593042864435213,0.018434422609082,0.30233514699523956,0.018434622384164576,0.056576241412419896,0.0,0.7644,0.43385
25.166000366210938,25.166000366210938,99061500,20170626,TSLA,25.56333351135254,25.166000366210938,0,0.11053056520999881,0.0113639728057919,0.011363660801515,0.053029482448589446,0.0113636470648201,0.0113636695877245,0.01136363636580185,0.01136510791023905,0.34252515027728053,0.1643038262757036,0.26142728125253484,-0.4215,0.5187,0.04860000000000003
24.74933242797852,24.74933242797852,94537500,20170628,TSLA,24.15800094604492,24.74933242797852,1,0.4545437757795029,0.20454530355090017,0.0378787878793639,0.0378787878793513,0.0378787878795386,0.03787955828579055,0.037878787879444195,0.0378787878795141,0.03787878787933455,0.03787878787937645,0.03787984722788275,-0.5423,0.0,-0.27115
24.049999237060547,24.049999237060547,123315000,20170629,TSLA,24.74933242797852,24.049999237060547,0,0.3636346530755792,0.030303030305809,0.0303030303056755,0.0303030303056187,0.0303030303064798,0.030304634277379,0.0303030303060451,0.0303047120096601,0.0303030303055404,0.3636347884966363,0.0303030303055764,0.0,0.0,0.0
24.107332229614254,24.107332229614254,87727500,20170630,TSLA,24.049999237060547,24.107332229614254,1,0.1818180579851961,0.0151515151538257,0.3349973931288856,0.0151515161025679,0.0151515151543825,0.0151515151542302,0.1818183108328843,0.0151515151542888,0.1953043833601765,0.015151515153763,0.0151527628197991,0.0,0.0,0.0
23.507999420166016,23.507999420166016,94581000,20170703,TSLA,24.107332229614254,23.507999420166016,0,0.04177756858647204,0.01219374046388658,0.1788603275980455,0.039752183534320994,0.0121935354433791,0.012193478551263839,0.20714433919376204,0.040764983271657715,0.12330398133562785,0.06219336558167275,0.26962249643991104,0.0,0.4574,0.3343
21.80599975585937,21.80599975585937,255700500,20170705,TSLA,23.507999420166016,21.80599975585937,0,0.0181820268734588,0.0181818181824099,0.018182045001455,0.8181746977708846,0.0181831543642142,0.0181862823434817,0.0181823834535645,0.0181818181825283,0.0181821374632482,0.0181818181823938,0.0181818181823605,0.8658,0.8658,0.8658
20.588666915893555,20.588666915893555,289867500,20170706,TSLA,21.80599975585937,20.588666915893555,0,0.01477301225804415,0.4147710322395859,0.0147727394050264,0.3824341559222862,0.0147727272732541,0.014773959106261801,0.01477314135521725,0.01477272727323695,0.08460995646272575,0.014773516661229849,0.014773032043131,0.4939,0.7639,0.6289
20.881332397460938,20.881332397460938,212653500,20170707,TSLA,20.588666915893555,20.881332397460938,1,0.0129884523134719,0.0129875040168346,0.0129870129886361,0.0129886229004304,0.012987106611106,0.0129873908728804,0.4617131260844191,0.012987012989059,0.012987012988553,0.0129881663161098,0.4213985919184994,0.0,0.0,0.0
21.814666748046875,21.814666748046875,173391000,20170711,TSLA,21.06999969482422,21.814666748046875,1,0.14262152503422015,0.10505069923191597,0.1785902836176419,0.17171623108167394,0.17171710874917717,0.03838383838477284,0.03838480239903192,0.038383932551695,0.038383838384557,0.038383855435374384,0.03838388512993936,0.0,0.9194,0.41459999999999997
21.968000411987305,21.968000411987305,155191500,20170712,TSLA,21.814666748046875,21.968000411987305,1,0.0227272727302705,0.0227272727296321,0.0227272727295206,0.0227272727294714,0.0227272727302005,0.0227272727300447,0.0227277427074016,0.0227272727301055,0.0227272727294062,0.2727269693796874,0.5227271060742592,0.2716,0.2716,0.2716
21.560667037963867,21.560667037963867,128917500,20170713,TSLA,21.968000411987305,21.560667037963867,0,0.01544011544354,0.0154403706009589,0.015440289423229933,0.015440272307612066,0.08210653291516226,0.08210674217169874,0.1186142339189683,0.015440211281882534,0.0154413028282748,0.015440192342677966,0.6090897367659941,0.0,0.3182,0.1815
21.85199928283692,21.85199928283692,84378000,20170714,TSLA,21.560667037963867,21.85199928283692,1,0.0274459345696998,0.29410783122430617,0.0274458874464672,0.027446069778395976,0.027445887446643356,0.21509586530930874,0.027445887446548023,0.027446727912744617,0.2712242018022042,0.027449527195481115,0.027446179868200297,0.0,0.6486,0.38899999999999996
21.30466651916504,21.30466651916504,148153500,20170717,TSLA,21.85199928283692,21.30466651916504,0,0.014774736423147401,0.13514493506999276,0.27191721526432255,0.01477334065914205,0.014772727274943949,0.01477274981270315,0.01477361206610155,0.4747507770056998,0.01477291345153705,0.0147734697245159,0.0147735232478932,-0.539,-0.3919,-0.46545000000000003
21.68400001525879,21.68400001525879,95355000,20170719,TSLA,21.882667541503903,21.68400001525879,0,0.0181821306973415,0.0181818181821056,0.0181818181820918,0.0181819378843231,0.0181818181821748,0.0181818181821559,0.01818181818213,0.0181818181821632,0.818181276884916,0.0181818181820978,0.0181819272584998,0.1655,0.1655,0.1655
21.994667053222656,21.994667053222656,77493000,20170720,TSLA,21.68400001525879,21.994667053222656,1,0.6796973983260718,0.06287156167911274,0.03431903677335856,0.01842711261775466,0.05546373862560895,0.018427681719665176,0.05708617386296223,0.018427006770946813,0.018426819333313867,0.01842669115516888,0.018426779136035836,-0.5719,0.7925,0.34147777777777777
21.893333435058597,21.893333435058597,73524000,20170721,TSLA,21.994667053222656,21.893333435058597,0,0.29040112215851344,0.0603299809956401,0.0166773452158571,0.07903564664023185,0.04278169785219198,0.016677180167207824,0.2250089330376261,0.016677865506657525,0.0166765403302694,0.05239061588627575,0.1833430722095284,0.3612,0.6249,0.508675
22.63999938964844,22.63999938964844,104838000,20170725,TSLA,22.834667205810547,22.63999938964844,0,0.05418481335095593,0.16529636263366745,0.11717613606873484,0.055035046884539106,0.12084939601625484,0.27084857315493216,0.04743909522870055,0.020851370854006665,0.07328187656639032,0.02085163660040967,0.054185692641407934,0.0,0.7469,0.32156666666666667
22.92333221435547,22.92333221435547,72312000,20170726,TSLA,22.63999938964844,22.92333221435547,1,0.0227275771624555,0.022727615357724,0.7727256630533839,0.0227272727280924,0.0227272727283648,0.0227272727283069,0.0227272727282277,0.0227276253878675,0.0227274667883526,0.0227272727281288,0.0227276886090954,-0.3182,-0.3182,-0.3182
22.33799934387207,22.33799934387207,73206000,20170728,TSLA,22.297332763671875,22.33799934387207,1,0.05870077319020698,0.02287157287218935,0.022871805740343934,0.02287252492815485,0.13398049066439696,0.02287157287229727,0.02287188676917583,0.02287157287231285,0.5132334986951057,0.02287157287217262,0.13398272852364315,-0.296,0.0,-0.04933333333333333
21.564666748046875,21.564666748046875,128026500,20170731,TSLA,22.33799934387207,21.564666748046875,0,0.020454545459302552,0.020454678038384452,0.0204569746549727,0.0204552668128203,0.0204547520689993,0.02045454545894185,0.020455175314712498,0.02045537871806715,0.3204513410727788,0.16459176281702326,0.3513155795839967,0.3818,0.8885,0.63515
21.72599983215332,21.72599983215332,196372500,20170802,TSLA,21.30466651916504,21.72599983215332,1,0.545453763888142,0.02045454545563625,0.27045383870816087,0.02045475937043805,0.020454545455899,0.0204546454337045,0.02045475627453655,0.0204550480666654,0.0204545454555309,0.0204545454556066,0.02045500643567945,0.2714,0.7964,0.5339
23.139333724975582,23.139333724975582,203025000,20170803,TSLA,21.72599983215332,23.139333724975582,1,0.0181818181832483,0.0181818181829437,0.0181818181828898,0.4145387969038291,0.0181818181832151,0.1744060694752003,0.0181818181830392,0.0181818181831693,0.2656005881567015,0.0181818181829132,0.0181818181828499,0.0,0.0,0.0
23.69333267211914,23.69333267211914,106393500,20170810,TSLA,24.235332489013672,23.69333267211914,0,0.0181833828789987,0.0181818181829029,0.8181711570388124,0.018182400339518,0.0181818181831646,0.0181818181830932,0.0181859611982362,0.0181818181831203,0.0181831726909371,0.0181848349384032,0.0181818181828128,0.0,0.0,0.0
23.857999801635746,23.857999801635746,65487000,20170811,TSLA,23.69333267211914,23.857999801635746,1,0.059091506952116436,0.11806586995433345,0.06753234063163704,0.03345023260685999,0.03345062994317464,0.07191190431882918,0.21090569404700166,0.08473255857047629,0.04627099687312596,0.24113730456532256,0.03345096153712234,-0.6908,0.8625,0.22703076923076923
24.253332138061523,24.253332138061523,67788000,20170814,TSLA,23.857999801635746,24.253332138061523,1,0.05946972944904018,0.19280311931021946,0.01780394941684285,0.08030292020925016,0.10113613058319089,0.08030432478650372,0.13702172237352436,0.017803030331815826,0.16780246347664707,0.0178030430763591,0.1277495669866059,0.4019,0.8793,0.675375
23.16399955749512,23.16399955749512,81123000,20170818,TSLA,23.461332321166992,23.16399955749512,0,0.0129875857022413,0.0129881529220979,0.0129870129880433,0.012987012988021,0.3206729932799634,0.0129874617620703,0.0129871592405462,0.012987012988312,0.2576082039440037,0.0129874623205497,0.317819941864151,-0.7364,-0.7364,-0.7364
22.52400016784668,22.52400016784668,97431000,20170821,TSLA,23.16399955749512,22.52400016784668,0,0.14393896069054046,0.0189393939407324,0.0189393939406684,0.10619017173596661,0.1439386777089779,0.2610886411288379,0.018939926238422902,0.01893939394100065,0.10620602371781815,0.0189393939406959,0.14394002301633815,0.0,0.6239,0.31195
22.75666618347168,22.75666618347168,64830000,20170822,TSLA,22.52400016784668,22.75666618347168,1,0.027777777779997636,0.13888894596213644,0.027777777779441733,0.02777817139290943,0.11111092223498444,0.027777777779830704,0.3055550681647101,0.0277779847703091,0.02777791902688757,0.24999987732941298,0.02777777777937927,-0.0258,0.4019,0.12536666666666665
23.51799964904785,23.51799964904785,74317500,20170823,TSLA,22.75666618347168,23.51799964904785,1,0.027777777783063867,0.24999636974755582,0.027778418757870803,0.13995632889657897,0.027778140552809902,0.1655979386206104,0.02778140800606323,0.02777777778277173,0.027777777781538032,0.027778062074513568,0.24999999999662315,0.0,0.2263,0.1181
23.203332901000977,23.203332901000977,52260000,20170825,TSLA,23.52866744995117,23.203332901000977,0,0.037105976908316615,0.09424798876730887,0.045269274492691684,0.016697599515941828,0.03710614719140804,0.10363382735059021,0.01669817623334567,0.01669781857135427,0.11873965057282533,0.07261894416053713,0.44118459623567985,-0.7083,0.4019,-0.039142857142857146
23.04400062561035,23.04400062561035,56460000,20170828,TSLA,23.203332901000977,23.04400062561035,0,0.29869635473116624,0.07291728304168618,0.01753844085345167,0.08805062234116189,0.03292269688154448,0.06382397363194532,0.10490457507832625,0.04728875121844077,0.12567862377784667,0.03292302209286774,0.11525565635156232,-0.4341,0.8472,0.1495923076923077
23.15733337402344,23.15733337402344,61105500,20170829,TSLA,23.04400062561035,23.15733337402344,1,0.0227272727285559,0.0227272727282826,0.0227272727282341,0.2727272912848021,0.0227272727285261,0.5227272541601077,0.022727272728368,0.0227272727284847,0.0227272727281854,0.0227272727282551,0.0227272727281981,0.25,0.25,0.25
23.545333862304688,23.545333862304688,51193500,20170830,TSLA,23.15733337402344,23.545333862304688,1,0.4545437163567649,0.037878787884595255,0.0378796819567995,0.0378805916749482,0.037878787885994,0.2045444948174665,0.0378787878850883,0.03787878788576045,0.03787878788403465,0.03787878788443755,0.0378787878841102,0.3023,0.5356,0.41895
23.726667404174805,23.726667404174805,61092000,20170831,TSLA,23.545333862304688,23.726667404174805,1,0.16409448730949663,0.01607167770583765,0.10178609935276138,0.04616067901175287,0.08750044992075749,0.10566621881876602,0.0785709852533436,0.016072386651832325,0.016072290153208747,0.06739948468765954,0.3006052411345834,-0.296,0.7876,0.10066249999999999
24.415332794189453,24.415332794189453,62778000,20170913,TSLA,24.183332443237305,24.415332794189453,1,0.3434270993881435,0.0101010101039749,0.0101054416498529,0.0101021063369104,0.2119441222281038,0.3638099832943122,0.010102545309083,0.0101019109296374,0.0101010101036926,0.0101011720415231,0.010103598614766,0.2263,0.2263,0.2263
25.176000595092773,25.176000595092773,108037500,20170914,TSLA,24.415332794189453,25.176000595092773,1,0.01322373765364915,0.01322334309733385,0.41322347961734945,0.013223143453953552,0.01322314049692135,0.05867649225627615,0.013223260348645849,0.01322318639464425,0.33140484174736623,0.0132231912490917,0.10413218368476786,0.1531,0.6249,0.389
24.92733383178711,24.92733383178711,73786500,20170920,TSLA,25.00666618347168,24.92733383178711,0,0.0227272727347191,0.0227281908062113,0.0227272727328518,0.022727272732731,0.2267161160842039,0.0227272727341576,0.022727272733629,0.318738156717531,0.0227272727325696,0.2727266272587522,0.0227272727326432,0.6697,0.6697,0.6697
22.99933242797852,22.99933242797852,114088500,20170925,TSLA,23.4060001373291,22.99933242797852,0,0.41666531738529444,0.0166667686639506,0.09999951096699335,0.01666674998856405,0.0166666964862776,0.18333090052502365,0.016667402915231,0.0166675694493132,0.18333333925535356,0.01666674536487265,0.0166689989991254,0.0,0.3182,0.1591
23.01666641235352,23.01666641235352,107344500,20170926,TSLA,22.99933242797852,23.01666641235352,1,0.017171923628737634,0.017172016809099497,0.28383322127263216,0.0171717496076932,0.017171717174094468,0.4505035544105793,0.0171717171737951,0.017171717174017966,0.12828262077042793,0.017176671000313466,0.017173090978608765,0.0,0.6486,0.43239999999999995
22.731332778930664,22.731332778930664,90904500,20170927,TSLA,23.01666641235352,22.731332778930664,0,0.02045508278789825,0.0204545454570132,0.02045454545699725,0.020454545456843047,0.0204545454576066,0.5454521803562922,0.14545433747816494,0.020454545457506502,0.02045454545677715,0.020454545456945153,0.14545658117795524,0.0,0.2263,0.11315
22.739999771118164,22.739999771118164,76606500,20170929,TSLA,22.63999938964844,22.739999771118164,1,0.037481920740398626,0.015259767144093621,0.02914849186769298,0.0965546344849789,0.120695863446044,0.13858539285924504,0.17666474246955735,0.015260510846513633,0.1886782430226529,0.015260391057459279,0.16641004206136328,0.0,0.9455,0.10505555555555555
22.768667221069336,22.768667221069336,79302000,20171002,TSLA,22.739999771118164,22.768667221069336,1,0.0151515151628373,0.1818175697595973,0.015151515154002,0.6818159313877584,0.0151521929089228,0.0151515151545839,0.0151515151543489,0.0151515151546505,0.0151535055142299,0.0151515151540565,0.0151517094950119,0.6588,0.6588,0.6588
23.667333602905277,23.667333602905277,122452500,20171004,TSLA,23.209333419799805,23.667333602905277,1,0.0151515151550982,0.0151515151543352,0.0151515151542003,0.015151515154142,0.015153247216464,0.0151517290366858,0.0151581373992708,0.0151516980382811,0.6721907811461045,0.015151515154259,0.1914368313911584,0.0,0.0,0.0
23.68866729736328,23.68866729736328,62575500,20171005,TSLA,23.667333602905277,23.68866729736328,1,0.07864757866165523,0.02259775072729736,0.09455723007788863,0.07458855799814675,0.022597680737671218,0.14083040380919262,0.22259645516347284,0.02259762139593566,0.2757910280583252,0.02259806468437416,0.02259762868603982,0.1505,0.9313,0.6925600000000001
23.79199981689453,23.79199981689453,64462500,20171006,TSLA,23.68866729736328,23.79199981689453,1,0.02690955997668587,0.0479180933097832,0.03439694184926791,0.38471774521716023,0.034396329130338035,0.05307758751307896,0.05362731728812753,0.06076963944887302,0.015165661241278031,0.03634796961599415,0.25267315540941254,-0.7152,0.6369,-0.01345384615384615
22.86266708374023,22.86266708374023,112405500,20171009,TSLA,23.79199981689453,22.86266708374023,0,0.0227272727286171,0.0227272727283307,0.0227284934581486,0.0227272727282583,0.0227272727285855,0.5227270630112183,0.0227274223916976,0.0227272727285429,0.0227275445923818,0.022727272728302,0.2727258401759166,0.0,0.0,0.0
23.63999938964844,23.63999938964844,67512000,20171011,TSLA,23.70599937438965,23.63999938964844,0,0.0181820374063937,0.0181818181823581,0.0181818181823323,0.0181818181823211,0.0181818181824883,0.0181819421099694,0.0181818181824039,0.0181870832548024,0.0181819362785835,0.0181818181823435,0.8181760918560035,-0.3566,-0.3566,-0.3566
23.71199989318848,23.71199989318848,61305000,20171012,TSLA,23.63999938964844,23.71199989318848,1,0.1347415628067677,0.024265472317158324,0.09259651721038561,0.05551541576701995,0.08329323433804103,0.024265514019282126,0.02426574918450021,0.024265647102761724,0.09918785992019132,0.024265927409919747,0.4133370999239719,0.0,0.8126,0.3728625
23.37333297729492,23.37333297729492,80632500,20171016,TSLA,23.704666137695312,23.37333297729492,0,0.0303043941755437,0.0303030303051863,0.6969676950373961,0.0303030303050385,0.0303030303057062,0.0303030303055645,0.0303030303053691,0.0303030303056183,0.0303030303049799,0.0303030303051281,0.0303036683444688,0.5106,0.5106,0.5106
23.976667404174805,23.976667404174805,74086500,20171018,TSLA,23.71666717529297,23.976667404174805,1,0.2727276215510996,0.0227272727326138,0.2727270404475811,0.0227272727322493,0.0227272727339002,0.0227272727335476,0.0227272727330689,0.0227272727336838,0.0227272727320988,0.0227272727324694,0.2727271561376872,0.0,0.0,0.0
23.45400047302246,23.45400047302246,75927000,20171019,TSLA,23.976667404174805,23.45400047302246,0,0.09767324032705076,0.02029241264641979,0.051541735005870025,0.0907596370360584,0.05154202468218491,0.02029220779533329,0.3015419820772865,0.06195910109761445,0.05696745176316721,0.02029239273946595,0.2271378148295483,0.0772,0.8718,0.61665
23.00666618347168,23.00666618347168,73956000,20171020,TSLA,23.45400047302246,23.00666618347168,0,0.0303038308175042,0.0303030303051142,0.4370147977002461,0.0303030303049706,0.0303030303056154,0.0303030303054779,0.2902540395898163,0.0303030303055311,0.0303045472167896,0.0303046028439945,0.0303030303049397,-0.1419,0.8734,0.36574999999999996
21.744667053222656,21.744667053222656,75352500,20171026,TSLA,21.7226676940918,21.744667053222656,1,0.07286463100752331,0.02538066375161498,0.061379872574453244,0.35096408817783065,0.025379499603919702,0.02537883303354314,0.025379004011459278,0.02537888136015478,0.0381961110612375,0.292042828702527,0.05765558671573606,-0.6249,0.0,-0.31796
20.19933319091797,20.19933319091797,81706500,20171109,TSLA,20.292667388916016,20.19933319091797,0,0.027272727274597064,0.19393854184976014,0.16060604110637375,0.1606044591864797,0.027273645263490603,0.2939394077633004,0.0272727272743238,0.02727272727449437,0.027272727274057135,0.027274268459046735,0.027272727274075967,-0.2263,0.0,-0.07543333333333334
21.02666664123535,21.02666664123535,113773500,20171113,TSLA,20.19933319091797,21.02666664123535,1,0.0129870129944052,0.0129870129928311,0.0129894009016218,0.0129870129924312,0.1558440057424808,0.1558445043350274,0.1558435201980291,0.0129870129939962,0.1558440472949697,0.2986994565618612,0.0129870129923461,0.6249,0.6249,0.6249
20.753332138061523,20.753332138061523,89680500,20171115,TSLA,20.57999992370605,20.753332138061523,1,0.08598497039589112,0.10681795338188677,0.0234849240641005,0.25054097970590183,0.023485669254408773,0.0234848484874038,0.14226130980286167,0.14848459401820346,0.14848316955089624,0.023486732851603402,0.0234848484868419,-0.802,0.0772,-0.441575
21.187332153320312,21.187332153320312,108919500,20171121,TSLA,20.582666397094727,21.187332153320312,1,0.2167432133480852,0.0151515151554054,0.0151515248755218,0.0151523132198068,0.0151517046113168,0.0151520498575777,0.3016651106173783,0.1818182683346078,0.015151736137354,0.015151590687142,0.1937109731558036,0.8221,0.8221,0.8221
21.170000076293945,21.170000076293945,74242500,20171128,TSLA,21.12066650390625,21.170000076293945,1,0.02272769393333995,0.0227272727292229,0.0227272727291293,0.12185525648244995,0.35606045350783544,0.02272740135371945,0.02272727272938785,0.0227274320127925,0.1855508236949509,0.02272789948515575,0.17744122134201554,-0.357,0.0,-0.1785
20.59000015258789,20.59000015258789,65274000,20171130,TSLA,20.502666473388672,20.59000015258789,1,0.46608787710289795,0.0137087726696545,0.0137097626201267,0.013708759965259533,0.06926388714109323,0.013708633103746266,0.06926402709250219,0.013708780250097368,0.013708563161862466,0.013708531603849966,0.29942240528890923,-0.3182,0.1901,-0.042699999999999995
21.0086669921875,21.0086669921875,52027500,20171208,TSLA,20.74933242797852,21.0086669921875,1,0.03181818182089295,0.031818975118852,0.03182034795466195,0.0318182758813341,0.0318181818208311,0.48181486629628034,0.0318181818204966,0.0318181818207422,0.23181823720608952,0.03181818182025805,0.031818388439560696,0.0,0.0,0.0
21.92733383178711,21.92733383178711,119070000,20171211,TSLA,21.0086669921875,21.92733383178711,1,0.0568187981312207,0.0568188786014875,0.18181625955028238,0.056818181820241245,0.1818181537734622,0.05681818182077845,0.0568181818205798,0.0568189005160888,0.05681818182017935,0.0568181818203321,0.1818181003253472,-0.5849,-0.3182,-0.45155
22.60199928283692,22.60199928283692,93322500,20171213,TSLA,22.735332489013672,22.60199928283692,0,0.02083396424955845,0.3541590704730965,0.0208346033170971,0.0208348859416043,0.020833333335304502,0.1552429409983289,0.08693957960960035,0.020834750917738898,0.2578180129882664,0.020835044827775852,0.02083381334162825,-0.5423,0.5719,0.01479999999999998
22.525999069213867,22.525999069213867,86998500,20171214,TSLA,22.60199928283692,22.525999069213867,0,0.2613638000798209,0.0113636363659493,0.0113646161250494,0.011363636365791,0.011367457306338,0.0113637227308007,0.5113572485505291,0.136363719679858,0.0113636363657263,0.0113636363658868,0.01136489006425,0.25,0.25,0.25
22.89666748046875,22.89666748046875,103998000,20171215,TSLA,22.525999069213867,22.89666748046875,1,0.11558424096312594,0.1155843507685531,0.01558552023792275,0.01558441558513575,0.0155844155853752,0.015584415585324,0.015584528827863951,0.015584415585344,0.015584415585114201,0.6441547728319397,0.015584508444300899,-0.6124,-0.5563,-0.58435
21.93199920654297,21.93199920654297,89307000,20171220,TSLA,22.07333374023437,21.93199920654297,0,0.01221195502950555,0.012211400123701975,0.012211399712204975,0.012211399712187475,0.0122114408616509,0.012211399712393425,0.09554465486861317,0.012211403240254775,0.7659185694709916,0.012211399712222525,0.04084497755627313,0.0,0.6369,0.31845
22.11066627502441,22.11066627502441,65778000,20171221,TSLA,21.93199920654297,22.11066627502441,1,0.2135626568530431,0.05951512777126724,0.08145977721111478,0.04155847903639238,0.1128878740477602,0.12053627728931166,0.08620193593893576,0.04287581412389542,0.06763913405051532,0.15006135842447393,0.023701565253289838,-0.9335,0.8779,-0.04003749999999999
21.152666091918945,21.152666091918945,65676000,20171226,TSLA,21.68000030517578,21.152666091918945,0,0.09951336781161131,0.034439053472640146,0.1759554187206749,0.07744421370339306,0.028566052106751397,0.06174243240242402,0.24761564890473545,0.04597810206751177,0.0536500950660071,0.041500367043125284,0.13359524870112507,-0.204,0.9325,0.32571666666666665
21.149999618530277,21.149999618530277,67822500,20180103,TSLA,21.368667602539062,21.149999618530277,0,0.01406931682100155,0.01406926407133535,0.0974028930643359,0.3474013301542293,0.0140693168968098,0.08700033107630005,0.3697067701904317,0.014069264071750201,0.014069961685968049,0.0140693876907983,0.01407216427703965,0.4588,0.8685,0.6636500000000001
22.42733383178711,22.42733383178711,147891000,20180108,TSLA,21.10533332824707,22.42733383178711,1,0.0151517878448815,0.015151515152749,0.01515151515269,0.0151516696777977,0.0151515151530463,0.0151556132159535,0.0151539592091216,0.0151515151529961,0.4839560414154158,0.0151515151527156,0.3796733528726327,0.0,0.0,0.0
22.4146671295166,22.4146671295166,72376500,20180112,TSLA,22.530000686645508,22.4146671295166,0,0.3397485398977996,0.0101010101024343,0.1298124152334525,0.0101010101023364,0.0101010101027775,0.0101010101026832,0.0101014755558802,0.0101010101027198,0.0101011188311471,0.0101010101023957,0.4496303898663733,0.8705,0.8705,0.8705
23.05933380126953,23.05933380126953,79312500,20180124,TSLA,23.519332885742188,23.05933380126953,0,0.012987012990406,0.0129870129896832,0.0129870129895556,0.0129870129895,0.0129870129903269,0.012987817985069,0.1718011786970472,0.0129870129902183,0.5684584244072906,0.0129870129896116,0.1558434879812913,0.128,0.128,0.128
23.302000045776367,23.302000045776367,71206500,20180129,TSLA,22.856666564941406,23.302000045776367,1,0.0303030303070371,0.0303030303061841,0.3636364909043996,0.0303030303059678,0.3636362363385114,0.0303030303067349,0.0303030303064507,0.0303030303068156,0.0303030303058799,0.0303030303060981,0.0303030303059205,0.8519,0.8519,0.8519
23.62066650390625,23.62066650390625,93211500,20180131,TSLA,23.05466651916504,23.62066650390625,1,0.024242930690095674,0.02424257563937825,0.024242666340527224,0.14924242422125636,0.07424237070866556,0.024242540687980676,0.02424258402968585,0.024242555991973475,0.48257505354032854,0.12424178793160168,0.02424251021850625,0.0,0.6124,0.32120000000000004
23.28333282470703,23.28333282470703,62965500,20180201,TSLA,23.62066650390625,23.28333282470703,0,0.19696970715907225,0.0303035487132929,0.030303370242986148,0.3636324117168881,0.19696995164084183,0.03030336958123115,0.03030356727226885,0.0303032968731477,0.0303034958431705,0.0303037980603532,0.0303034828967469,-0.2023,0.1154,-0.04345
22.916667938232425,22.916667938232425,55572000,20180202,TSLA,23.28333282470703,22.916667938232425,0,0.08484834274667734,0.018181859230451833,0.08485045457265178,0.01818324019142027,0.15151573804524435,0.018181958525655798,0.5515101701932408,0.018181882571656597,0.018181818186454066,0.018181934806430333,0.018182600930116335,0.0,0.4019,0.13396666666666665
22.208667755126957,22.208667755126957,66961500,20180205,TSLA,22.916667938232425,22.208667755126957,0,0.027777777780704865,0.027777777780082034,0.11111049818935988,0.027777777779924736,0.0277800723838942,0.027777777780484667,0.02777777778027707,0.027777777780543467,0.638886595264665,0.0277777777800197,0.027778389700043867,0.0,0.0,0.0
22.264667510986328,22.264667510986328,76326000,20180206,TSLA,22.208667755126957,22.264667510986328,1,0.07371896195290897,0.0174696988799597,0.09441443098136926,0.017469758353154886,0.017469999343828813,0.11121891780070452,0.017469502721265538,0.07371911465285423,0.4536519351522361,0.06770452825086455,0.05569315191085291,0.0,0.6486,0.1093625
23.0,23.0,104538000,20180207,TSLA,22.264667510986328,23.0,1,0.0185606060650275,0.018560663026953,0.10189318329193116,0.06022790526206875,0.018560885821436023,0.4440782953323098,0.11855965640412687,0.018560606064782825,0.16387527140825053,0.0185614463889954,0.018561480934117726,0.0,0.5859,0.3595
21.048667907714844,21.048667907714844,93417000,20180212,TSLA,20.69466781616211,21.048667907714844,1,0.05788372880438565,0.030537418770612446,0.0278919042404939,0.022406100259449366,0.04905543276060482,0.06185217403538204,0.05414240662781053,0.042675094472810586,0.41510260458738646,0.04124763958194546,0.19720549585911828,-0.8176,0.4939,0.017255555555555555
22.36599922180176,22.36599922180176,84639000,20180216,TSLA,22.271333694458008,22.36599922180176,1,0.0129870129901088,0.155841666262448,0.5384441038226565,0.0129870129892828,0.0129880560033959,0.0129870226221112,0.2018157764467342,0.0129871076536076,0.0129879216442769,0.0129871178497454,0.012987201715632,-0.5994,-0.5994,-0.5994
22.31800079345703,22.31800079345703,60141000,20180220,TSLA,22.36599922180176,22.31800079345703,0,0.0303030303042228,0.0303030303039682,0.0303030303039236,0.030303030303904,0.0303030303041944,0.0303030303041331,0.0303076008700971,0.0303030305453447,0.6969650009902942,0.0303031554660271,0.0303030303038903,-0.5214,-0.5214,-0.5214
22.21999931335449,22.21999931335449,48294000,20180221,TSLA,22.31800079345703,22.21999931335449,0,0.017451708551892323,0.017451298702251424,0.22578383599981558,0.017451323647604076,0.04870129804413587,0.10636649243979533,0.017451298702332526,0.017451334662669824,0.4969883017051244,0.017451298702225525,0.01745180884215265,-0.2023,0.6652,0.367575
23.07799911499023,23.07799911499023,104547000,20180222,TSLA,22.21999931335449,23.07799911499023,1,0.09302031260542748,0.02342178721286374,0.02342203787934641,0.02342279710740925,0.20915998684669204,0.1691461059446296,0.07550505185591964,0.02342182542703639,0.12249920098629372,0.044255223724367784,0.19272567041001343,-0.4341,0.8555,0.10837500000000003
23.39933204650879,23.39933204650879,71961000,20180227,TSLA,23.82799911499023,23.39933204650879,0,0.1190941111199221,0.01089746104166485,0.08825810783073502,0.14766887969824066,0.0108973292812798,0.12083216085020247,0.0604229951417765,0.23905591667284634,0.010897210866689374,0.010899701778439599,0.1810761257182026,0.1655,0.802,0.45665
22.87066650390625,22.87066650390625,91045500,20180228,TSLA,23.39933204650879,22.87066650390625,0,0.0454545454550951,0.0454545454549781,0.0454545454553675,0.0454545454549485,0.0454545454550824,0.0454545454550537,0.0454545454550148,0.0454545454550648,0.0454545454549365,0.0454545454549664,0.5454545454494916,0.0,0.0,0.0
22.22333335876465,22.22333335876465,57357000,20180305,TSLA,22.341333389282227,22.22333335876465,0,0.2613630342572884,0.0113636968212677,0.0113636363643242,0.0113636363643091,0.0113636363645327,0.0113658024662722,0.0113643801583072,0.0113638327547095,0.6363609936785322,0.0113636528537118,0.0113636979167448,0.0,0.0,0.0
21.8799991607666,21.8799991607666,64285500,20180306,TSLA,22.22333335876465,21.8799991607666,0,0.0126266492834687,0.01262626262734265,0.0126262838823748,0.1731932285229097,0.012626262627603201,0.01262831224756255,0.01262638386175215,0.2553452168604407,0.2965020229284605,0.0126262626273133,0.18657311453077136,0.0,0.5838,0.2919
22.15333366394043,22.15333366394043,75109500,20180307,TSLA,21.8799991607666,22.15333366394043,1,0.15489242947836954,0.020707303227467666,0.18148455155281393,0.020707236882677768,0.05404232380562197,0.0207075815578795,0.10404033652720009,0.020707626928762365,0.020707070711597702,0.13181686052023087,0.2701866788073781,0.0,0.5719,0.19063333333333332
21.940000534057617,21.940000534057617,53493000,20180308,TSLA,22.15333366394043,21.940000534057617,0,0.16699351211739835,0.012525722958091502,0.07196056755247082,0.2925742929739391,0.3007928099121682,0.012525365050785381,0.05770171954006168,0.0125257610760769,0.01252533531075264,0.01252578834572538,0.0473491251625296,-0.1531,0.3182,0.09241999999999999
21.81133270263672,21.81133270263672,82602000,20180309,TSLA,21.940000534057617,21.81133270263672,0,0.37359084230265144,0.03834329589447866,0.19885955767355276,0.04725351103993713,0.020485547516418002,0.03888165320976384,0.033969440064834586,0.02048565951998847,0.06810516930347163,0.08170923784298353,0.07831608563191945,-0.3182,0.7184,0.2972428571428572
21.775333404541016,21.775333404541016,119511000,20180314,TSLA,22.78933334350586,21.775333404541016,0,0.0303030303035478,0.0303030303034377,0.3636338702018901,0.0303030303034097,0.0303030303035359,0.0303030303035089,0.0303030303034723,0.3636363808749869,0.0303030303033984,0.0303055064954082,0.0303030303034036,0.0,0.0,0.0
20.90399932861328,20.90399932861328,112264500,20180319,TSLA,21.42333221435547,20.90399932861328,0,0.0303030303063372,0.0303030303056332,0.0303030303055083,0.0303030303054545,0.0303146553905596,0.0303033163628885,0.0303030303058537,0.0303030303061546,0.6969577858006323,0.0303030303055618,0.0303030303054158,0.0,0.0,0.0
20.703332901000977,20.703332901000977,71464500,20180320,TSLA,20.90399932861328,20.703332901000977,0,0.01298737759492,0.0129870129911544,0.0129870129909561,0.0129901825133317,0.0129883255811677,0.2451167596720646,0.0129870129923093,0.2283977539020036,0.0129870129907545,0.4225840719489112,0.0129874768224263,0.0,0.0,0.0
21.10199928283692,21.10199928283692,89376000,20180321,TSLA,20.703332901000977,21.10199928283692,1,0.0113641577248499,0.6363607242205563,0.0113654196346954,0.0113636363639378,0.011363636364038,0.1363635722271358,0.0113636363639874,0.0113642403173321,0.1363629725669117,0.0113636363639513,0.0113643678526039,-0.5574,-0.5574,-0.5574
20.606666564941406,20.606666564941406,74097000,20180322,TSLA,21.10199928283692,20.606666564941406,0,0.13801168736417616,0.038766455917897256,0.06126112695843983,0.1313739694270184,0.03264282617407479,0.01835728013236106,0.0852804509332591,0.018357049349837055,0.06448318459113132,0.11359406335822701,0.29787190579357753,-0.4559,0.7096,0.12092857142857141
20.1026668548584,20.1026668548584,99823500,20180323,TSLA,20.606666564941406,20.1026668548584,0,0.01612607880747325,0.01612669296352435,0.3792604439324222,0.016125733187122324,0.11107584386810229,0.09613290014705611,0.05779282318371505,0.016125829430103676,0.11107798820270062,0.016126230904470525,0.16402943537330913,-0.128,0.7635,0.275875
20.27866744995117,20.27866744995117,125628000,20180326,TSLA,20.1026668548584,20.27866744995117,1,0.2033660087636485,0.17157370114625856,0.12042346013997729,0.09538724658273674,0.09850742647899376,0.018796619429126027,0.15571472843780704,0.07984196205865837,0.0187963351405208,0.018796165118035925,0.01879634670423655,-0.0258,0.8842,0.389325
18.61199951171875,18.61199951171875,208080000,20180327,TSLA,20.27866744995117,18.61199951171875,0,0.022727714725586247,0.022727272732755953,0.2727267015782336,0.0227297200840776,0.1477271858913149,0.022727292660481152,0.0227281439101013,0.02272754912827445,0.0227272727322273,0.2727246357946661,0.1477265107622809,0.0772,0.4019,0.23954999999999999
17.185333251953125,17.185333251953125,315021000,20180328,TSLA,18.61199951171875,17.185333251953125,0,0.162120094323418,0.02878787879012283,0.028788798458299302,0.19545244612656507,0.0287891755007685,0.11212116126841008,0.1621220516964994,0.1954545454443257,0.0287878787899063,0.028787878790061932,0.0287880908116226,0.0,0.658,0.3224666666666667
16.832000732421875,16.832000732421875,241710000,20180402,TSLA,17.742000579833984,16.832000732421875,0,0.032307255409586046,0.05238402354501621,0.2151321656483758,0.013600855974087014,0.08933297167800061,0.19599588011276595,0.049314530652557455,0.12074317021702917,0.05328259291439361,0.03741060774947721,0.14049594609871047,-0.1901,0.8318,0.1947142857142857
19.12933349609375,19.12933349609375,298450500,20180404,TSLA,17.8353328704834,19.12933349609375,1,0.2171623328663797,0.0090915153892482,0.1615512199379034,0.0090910185917489,0.0090909090937639,0.0090929836835776,0.0090940625070107,0.0090909090936704,0.0090909671639074,0.2090850329004268,0.3485590487723625,0.4404,0.4404,0.4404
20.381332397460938,20.381332397460938,286816500,20180405,TSLA,19.12933349609375,20.381332397460938,1,0.024242424244717703,0.024242862183174098,0.02424387952984015,0.024242424244105498,0.0242441056428324,0.0242435920863242,0.5909041539959636,0.02424252090057545,0.02424339986752385,0.1909075321363857,0.02424310516855685,0.0,0.2263,0.11315
19.953332901000977,19.953332901000977,202804500,20180406,TSLA,20.381332397460938,19.953332901000977,0,0.0216454560659671,0.0216450867470065,0.021645116661725,0.0216452278850556,0.15794347127328784,0.23593074090159272,0.1883118242019805,0.02164502164771815,0.26629711712049076,0.0216458734254256,0.02164506406974985,0.0,0.5106,0.2553
19.310667037963867,19.310667037963867,153747000,20180409,TSLA,19.953332901000977,19.310667037963867,0,0.0151515151547706,0.0151515151540773,0.0151515151539548,0.0151516719224129,0.0151516312248045,0.348484825969176,0.0151518016960905,0.0151516005205721,0.1818179788113576,0.3484837324736079,0.0151522119191754,0.0,0.0,0.0
20.31333351135254,20.31333351135254,164847000,20180410,TSLA,19.310667037963867,20.31333351135254,1,0.1987962848108003,0.445112831768218,0.0181818181826951,0.0181858345288439,0.0181818181829612,0.0181818181829004,0.0181830119186652,0.0181818181829238,0.0181818181826506,0.2106311278766786,0.0181818181826624,-0.2975,-0.2975,-0.2975
19.60533332824707,19.60533332824707,114132000,20180412,TSLA,20.062000274658203,19.60533332824707,0,0.5454545454482264,0.0454545454551543,0.0454545454551252,0.0454545454551125,0.045454545455301,0.0454545454552608,0.045454545455206,0.0454545454552764,0.0454545454550956,0.0454545454551378,0.0454545454551035,0.3804,0.3804,0.3804
20.022666931152344,20.022666931152344,109908000,20180413,TSLA,19.60533332824707,20.022666931152344,1,0.020490795877195666,0.06780660324195707,0.2863166908066726,0.020493895445205332,0.0204908746946745,0.08715729507555486,0.2427090078983122,0.19306072622347992,0.020490990389239867,0.0204920989519125,0.020491021395794968,-0.6146,-0.1027,-0.33016666666666666
19.41399955749512,19.41399955749512,95077500,20180416,TSLA,20.022666931152344,19.41399955749512,0,0.0090909090920509,0.009091648980266,0.3451415451703643,0.0090910789662767,0.0090910832090145,0.0090921917911943,0.0090909090918845,0.0090912654245674,0.5730372363577121,0.0090911683757364,0.0090909635409324,-0.6124,-0.6124,-0.6124
19.179332733154297,19.179332733154297,105000000,20180417,TSLA,19.41399955749512,19.179332733154297,0,0.0227287785123652,0.3054813417197064,0.0227272727318792,0.022729336466576,0.0227272727332736,0.0227272727329576,0.0227292790274515,0.0227272727330811,0.0227332468997647,0.489959868105041,0.0227290583379034,0.7644,0.7644,0.7644
19.55666732788086,19.55666732788086,98365500,20180418,TSLA,19.179332733154297,19.55666732788086,1,0.062121197298836556,0.06870527697453625,0.16050808518036042,0.16848968159209865,0.0121212121220923,0.0121219913559932,0.0121218115966783,0.0121212375279051,0.012121812905958651,0.0121212582489554,0.4674464351965847,0.0,0.915,0.4575
18.71266746520996,18.71266746520996,60204000,20180425,TSLA,18.8973331451416,18.71266746520996,0,0.0606060606069337,0.0606060606067477,0.06060606060671485,0.06060606060670075,0.2272717445882638,0.06060606060686795,0.060606060606806,0.06060606060688535,0.2272727448679858,0.060606060606729045,0.060607025689364796,0.0,0.0,0.0
19.60533332824707,19.60533332824707,65469000,20180427,TSLA,19.03199958801269,19.60533332824707,1,0.0181828042808028,0.0181829330337887,0.2181786178689263,0.0181822887784143,0.2181815297112377,0.2181814315912834,0.0181821892340027,0.0181829680966677,0.0181818181831915,0.0181818181832968,0.2181816010383877,0.4779,0.4779,0.4779
20.07666778564453,20.07666778564453,134556000,20180502,TSLA,19.994667053222656,20.07666778564453,1,0.0176770117525825,0.017677060223006868,0.0176769798253362,0.0176772879180944,0.0176768540024183,0.07323239859304596,0.2954530470997016,0.017677337876712933,0.4065644198016374,0.017678054667837867,0.10100954823962553,0.0,0.0,0.0
19.606000900268555,19.606000900268555,128541000,20180504,TSLA,18.96333312988281,19.606000900268555,1,0.01917769858705118,0.20332675415366147,0.14422064235130821,0.08016513808463481,0.06657789502249653,0.019177489183034073,0.07165411711708031,0.1699782218576815,0.06677811120024835,0.07269783673850189,0.08624609570430115,-0.3182,0.9118,0.27402000000000004
20.184667587280277,20.184667587280277,130173000,20180507,TSLA,19.606000900268555,20.184667587280277,1,0.6818142179924068,0.0151531771502679,0.0151532147706876,0.0151515151530907,0.0151515151536139,0.0151515151535021,0.0151515151533497,0.0151520936791651,0.0151515151530433,0.0151515151531605,0.1818182054877118,-0.5719,-0.5719,-0.5719
20.131332397460938,20.131332397460938,88950000,20180508,TSLA,20.184667587280277,20.131332397460938,0,0.0303030303077382,0.0303030303067368,0.0303030303065581,0.030303030306481,0.0303030303076305,0.0303030303073835,0.3946869485369345,0.3325857787010965,0.0303030303063789,0.0303030303066358,0.0303030303064256,0.5773,0.5773,0.5773
20.456666946411133,20.456666946411133,85911000,20180509,TSLA,20.131332397460938,20.456666946411133,1,0.026364478440131678,0.026364174252956764,0.026364778562181602,0.02636495480441072,0.365439095908227,0.12858994698478862,0.026364529231868522,0.026364175521878558,0.09302996281003832,0.16928017924165867,0.08547372424185913,-0.5423,0.296,-0.14804
20.334667205810547,20.334667205810547,84774000,20180510,TSLA,20.456666946411133,20.334667205810547,0,0.15286798151965977,0.0278679817308019,0.12559033391093222,0.02786807062614845,0.10663480143670183,0.09036799869169572,0.06566738987489278,0.2361976900546581,0.11120131392916585,0.02786842819297725,0.02786801003236555,0.25,0.7901,0.6105
20.070667266845703,20.070667266845703,70194000,20180511,TSLA,20.334667205810547,20.070667266845703,0,0.1629227742038032,0.1212179221125456,0.06614711670900772,0.10092393894947863,0.1295002269357876,0.036879758363279024,0.08280728935862477,0.01188018945861964,0.026165847444454892,0.05202582943937138,0.20952910702502714,-0.4019,0.6808,0.27976999999999996
19.46466636657715,19.46466636657715,109302000,20180514,TSLA,20.070667266845703,19.46466636657715,0,0.11254745022196329,0.013762782846026583,0.3694744000536158,0.04549805933780173,0.09709453980042,0.0813090748647638,0.06759291143366772,0.013762741399178801,0.013762811827872548,0.047096323023282836,0.1380989051914064,-0.9153,0.8294,-0.48356666666666664
19.09866714477539,19.09866714477539,85110000,20180516,TSLA,18.94533348083496,19.09866714477539,1,0.32727282528116,0.014773642400851949,0.01477668271715115,0.0147730611482594,0.23977197733124225,0.014773217118716951,0.01477275499204965,0.2147687331344863,0.11477118027489909,0.01477289409947925,0.0147730315017035,-0.3182,-0.3182,-0.3182
18.96933364868164,18.96933364868164,66309000,20180517,TSLA,19.09866714477539,18.96933364868164,0,0.1693353343338231,0.0113636363649627,0.4657394992076337,0.1363622118897526,0.0113644560414688,0.1490149234030899,0.0113638508717213,0.0113636363652281,0.0113636363648347,0.0113651787926331,0.0113636363648517,0.296,0.296,0.296
18.454666137695312,18.454666137695312,108778500,20180518,TSLA,18.96933364868164,18.454666137695312,0,0.27272203844201426,0.0227282131516227,0.0227313711767887,0.14772741677814935,0.2727250045381068,0.02272772483727235,0.14772627476681238,0.0227282408035592,0.02272832082992665,0.0227273315372745,0.0227280631384727,-0.501,0.0,-0.2505
18.965999603271484,18.965999603271484,137739000,20180521,TSLA,18.454666137695312,18.965999603271484,1,0.06837614160458125,0.07833112863200388,0.18698408817979145,0.19150911196277828,0.021084657856939262,0.07409661460114586,0.0683539601560062,0.07294786414658262,0.05542837907058888,0.07354395451093211,0.1093440992786498,-0.743,0.6908,0.08141818181818182
18.333999633789062,18.333999633789062,134187000,20180522,TSLA,18.965999603271484,18.333999633789062,0,0.05124383799923998,0.10262665664303079,0.24795277724786083,0.05890927515009582,0.05429518418143785,0.03131139352036667,0.08528927267062918,0.018391271923541737,0.07247979882277653,0.02422139841102626,0.25327913342999386,-0.9215,0.9423,0.30017
18.60466766357422,18.60466766357422,89776500,20180523,TSLA,18.333999633789062,18.60466766357422,1,0.03852696303726579,0.03989193038546817,0.10829967560240514,0.08885340329512081,0.03875724329547476,0.06904315032112147,0.03507997429089451,0.2638130406106281,0.03597268883251831,0.23524394553796804,0.04651798479113436,-0.8176,0.9091,0.08166842105263158
18.523332595825195,18.523332595825195,62650500,20180524,TSLA,18.60466766357422,18.523332595825195,0,0.01815611614101907,0.1081289186190762,0.14197554162935214,0.11495722448813442,0.01815564320473502,0.03330749244135187,0.07270085303448477,0.13136615721697123,0.06889124015058361,0.2611161794528034,0.031244633621487772,-0.4588,0.6808,0.1884636363636364
18.59000015258789,18.59000015258789,58126500,20180525,TSLA,18.523332595825195,18.59000015258789,1,0.08519969883426677,0.10770621932587289,0.08932000292055811,0.05862483779092159,0.06021267594609334,0.033355490322257694,0.177416866639546,0.15411674176361637,0.020529731957317058,0.16840858434530123,0.0451091501542484,-0.3732,0.7078,0.10264285714285713
18.917333602905277,18.917333602905277,84999000,20180529,TSLA,18.59000015258789,18.917333602905277,1,0.09205147771088258,0.12524942419930638,0.017763543857524367,0.017763831676561308,0.06387110745291791,0.14963663364114616,0.045817596837145126,0.0858526115380562,0.08276395469738904,0.20596572466163773,0.11326409372743275,-0.8979,0.8955,0.01595333333333332
19.447999954223636,19.447999954223636,112345500,20180530,TSLA,18.917333602905277,19.447999954223636,1,0.17626223541708055,0.011873969178406137,0.06593366643377827,0.11256541008936445,0.011873045657833438,0.031239578424791137,0.11707875658143335,0.0222759531242198,0.0118730107334372,0.020801737382826212,0.418222636976829,-0.217,0.933,0.333375
18.98200035095215,18.98200035095215,88795500,20180531,TSLA,19.447999954223636,18.98200035095215,0,0.0568181818196908,0.05681818181937055,0.05681818181931325,0.0568181818192882,0.05681818181965605,0.05682231561538125,0.30681399361600026,0.0568181818196076,0.0568181818192557,0.05681818181933755,0.18181823621309853,0.0,0.6369,0.31845
19.454666137695312,19.454666137695312,81366000,20180601,TSLA,18.98200035095215,19.454666137695312,1,0.022718059182754186,0.09414624779196133,0.0227196409657202,0.0227177222056213,0.09414634193577842,0.022718037090636158,0.09414601834472917,0.022717651856423726,0.02271774904090357,0.07285252977877248,0.508400001806699,0.0,0.7184,0.40927142857142856
19.408666610717773,19.408666610717773,89928000,20180605,TSLA,19.78266716003418,19.408666610717773,0,0.14393936462471954,0.01893942440965385,0.01893939394119855,0.18560608203989962,0.018939393941745902,0.14393975745977733,0.01893992442666005,0.01893958400838595,0.01893939394110655,0.2689378714776473,0.14393980972920484,0.0,0.9001,0.45005
21.299999237060547,21.299999237060547,281509500,20180606,TSLA,19.408666610717773,21.299999237060547,1,0.0227274732641733,0.0227272727285425,0.0227275039317375,0.0227272727284555,0.0227272727288486,0.0227272727287649,0.495310590577065,0.0227272727287973,0.0227276526610033,0.3001367453426983,0.0227336705799133,0.0,0.0,0.0
21.07266616821289,21.07266616821289,215179500,20180607,TSLA,21.299999237060547,21.07266616821289,0,0.01515169055690125,0.14015241495947975,0.1141553416801138,0.01515157519779325,0.26515151497124967,0.01515151515214485,0.01515155970484175,0.015151515152158498,0.0151518197598006,0.01515152894196075,0.3744795239235553,-0.296,0.024,-0.13599999999999998
21.17733383178711,21.17733383178711,123078000,20180608,TSLA,21.07266616821289,21.17733383178711,1,0.18996639618098587,0.0161684607092025,0.10967674200095295,0.11465261586054008,0.041707264278770084,0.09395043171883116,0.01616862336409468,0.05094059444774293,0.10622401061316063,0.07433177911640103,0.18621308170931747,0.2732,0.8807,0.46341666666666664
22.13999938964844,22.13999938964844,197752500,20180611,TSLA,21.17733383178711,22.13999938964844,1,0.0227272727338791,0.0227272727324736,0.0227272727322249,0.2727275350906513,0.022727272733728,0.0227272727333825,0.0227272727329133,0.0227272727335164,0.2727268300071414,0.2727274530380503,0.0227272727320388,0.0,0.0,0.0
22.851333618164062,22.851333618164062,335211000,20180612,TSLA,22.13999938964844,22.851333618164062,1,0.0181823391802763,0.0181822309299925,0.3868587013695815,0.0181821468226316,0.2181815411860296,0.0181818181832808,0.0181821241525924,0.2495031757814175,0.0181818181829429,0.0181818598085708,0.0181822444026836,-0.5719,-0.5719,-0.5719
22.985332489013672,22.985332489013672,142047000,20180613,TSLA,22.851333618164062,22.985332489013672,1,0.025252525256055366,0.025252525255303037,0.0252535232963232,0.025252812638971934,0.025252525255973334,0.025253296555784534,0.1919163210295249,0.025252525255859498,0.025255835546767635,0.10858538365812904,0.49747272625130706,0.0,0.4019,0.23263333333333333
23.87800025939941,23.87800025939941,162724500,20180615,TSLA,23.847999572753903,23.87800025939941,1,0.06899755783864456,0.14047312816405774,0.10034536623880158,0.11428005849906148,0.05130282883289101,0.10705997869284896,0.0629926903673205,0.05357507788087963,0.10282092420243122,0.06278630544202446,0.13536608384103843,0.0,0.8555,0.2698181818181818
24.722000122070312,24.722000122070312,181098000,20180618,TSLA,23.87800025939941,24.722000122070312,1,0.015584520653424,0.1155845710063391,0.015585956561032399,0.3899186033783701,0.015584447011977798,0.015584415586559701,0.01558462410555015,0.1698199752801778,0.015586705641241101,0.21558147469962,0.01558470607570725,-0.296,0.296,0.0
23.503332138061523,23.503332138061523,191428500,20180619,TSLA,24.722000122070312,23.503332138061523,0,0.038466412044103324,0.13014676622483806,0.052071777333152276,0.1809883376139943,0.04867105182289594,0.05207184667194056,0.2141467309131452,0.12588173579787124,0.028262254125313007,0.08049687201698166,0.048796215435764,-0.8316,0.9286,0.16635
24.14800071716309,24.14800071716309,125755500,20180620,TSLA,23.503332138061523,24.14800071716309,1,0.03980232753613371,0.24958250694012238,0.062005866596063705,0.1785836169298176,0.01516506866809465,0.015165168134844812,0.09881915736380288,0.09414853918257504,0.03302241702522217,0.08200363534353353,0.1317016962797891,-0.8346,0.9274,0.0956
23.167333602905277,23.167333602905277,119506500,20180621,TSLA,24.14800071716309,23.167333602905277,0,0.027777777810404764,0.02777777778003503,0.027777777779927366,0.13888822082602084,0.027777777780579133,0.0277777777804301,0.02777829214932807,0.27200778158440436,0.27777786041800545,0.11688040555763562,0.0277785505332289,-0.128,0.0,-0.042666666666666665
22.242000579833984,22.242000579833984,153991500,20180622,TSLA,23.167333602905277,22.242000579833984,0,0.09965210035482089,0.05798565706089751,0.17148951797047185,0.07767061342362847,0.08555421594050065,0.016320037878797575,0.12182061838707894,0.06517135725262616,0.10037976612903171,0.047569493230154546,0.1563866223719912,0.0,0.936,0.459975
22.200666427612305,22.200666427612305,103969500,20180625,TSLA,22.242000579833984,22.200666427612305,0,0.07460182704632579,0.03234601214792784,0.15082151293384524,0.22804985020951996,0.06428202447168287,0.05552380971421949,0.01567862564479194,0.039267003141540344,0.09389475104748447,0.14070538757202775,0.10482919607063387,-0.8707,0.7906,0.17326
22.799999237060547,22.799999237060547,111787500,20180626,TSLA,22.200666427612305,22.799999237060547,1,0.11693126392330014,0.06406427801440572,0.2185287825100113,0.08296905680055389,0.11349999654569806,0.056117642146931726,0.015513473653292049,0.0837307908609218,0.015513565214658725,0.08641573714140786,0.1467154131888182,-0.6115,0.8478,0.16747499999999998
22.96666717529297,22.96666717529297,125005500,20180627,TSLA,22.799999237060547,22.96666717529297,1,0.1001081876027551,0.01915584415797844,0.15725161217085498,0.047728062310648856,0.019155878231326414,0.04772739503833693,0.11582610156919057,0.0905842152319702,0.12629756286029958,0.019156022873105454,0.25700911795353293,-0.5325,0.5956,0.21145714285714284
23.32866668701172,23.32866668701172,125970000,20180628,TSLA,22.96666717529297,23.32866668701172,1,0.04393939394468102,0.04393939394355658,0.11060556336939502,0.1439391827675895,0.11060650188898577,0.11060538369657533,0.20386124125872057,0.04393939394438878,0.043939393943155304,0.04393955133699418,0.10068499990595756,-0.4767,0.8875,0.23064
20.61066627502441,20.61066627502441,262146000,20180705,TSLA,20.724000930786133,20.61066627502441,0,0.17321527171894932,0.05636372698703068,0.15905220042230805,0.058439808575418264,0.03304362344107995,0.05973922877455939,0.045191973529397,0.16135536542541426,0.04256644953464491,0.12476737470813117,0.08626497688306646,-0.7003,0.862,0.25770952380952383
20.59333229064941,20.59333229064941,132982500,20180706,TSLA,20.61066627502441,20.59333229064941,0,0.29818899215241407,0.07431524367524643,0.02927083797376014,0.03380515646853933,0.020248819374486467,0.13595483380443488,0.10921158763643443,0.13697437831740925,0.03444853187646616,0.022956407612480627,0.10462521110832775,-0.6412,0.4779,-0.07540666666666666
21.233999252319336,21.233999252319336,113952000,20180709,TSLA,20.59333229064941,21.233999252319336,1,0.022005997323842702,0.0220082519660669,0.022006391988194863,0.08474784551069459,0.10533956543681884,0.353473449579897,0.0867647584227028,0.022005861598730535,0.2376347738287884,0.022006034346887166,0.022007069997375495,0.4019,0.8858,0.6107333333333334
21.49799919128418,21.49799919128418,142072500,20180710,TSLA,21.233999252319336,21.49799919128418,1,0.10905661572279719,0.034979772044714766,0.06426766059695248,0.12334618624650014,0.15595091349870446,0.08049764142688012,0.06666530846535045,0.06413416919602205,0.03509763053985167,0.12374759542760749,0.14225650683461874,-0.7506,0.9628,0.23618999999999998
21.263999938964844,21.263999938964844,73261500,20180711,TSLA,21.49799919128418,21.263999938964844,0,0.1515123643864121,0.020957382441965575,0.07250548994434589,0.08179017430936976,0.14855758578375444,0.06477072821727471,0.09906425536752407,0.03881456002176022,0.10934446463519194,0.19172489341578283,0.02095810147661803,-0.4588,0.8779,0.25257142857142856
21.11400032043457,21.11400032043457,85818000,20180712,TSLA,21.263999938964844,21.11400032043457,0,0.09237792072886737,0.08441060784854733,0.023478284670222622,0.11819267149560889,0.05681141070604754,0.18584151116625314,0.14816030205388056,0.03387653787155378,0.049336473767640485,0.10514429724436894,0.10236998244700901,0.0,0.8166,0.59727
21.257999420166016,21.257999420166016,88047000,20180713,TSLA,21.11400032043457,21.257999420166016,1,0.01103984708625525,0.0110395607510382,0.06337264616243185,0.0110389610414396,0.13874110010748042,0.01103902338769185,0.0110392150625003,0.01103896104215525,0.13596667844928725,0.0824671729335542,0.5132168339761655,0.1027,0.7906,0.44665
21.59000015258789,21.59000015258789,84363000,20180718,TSLA,21.512666702270508,21.59000015258789,1,0.01325770403068545,0.013257765695949449,0.378530816780003,0.1024831571002375,0.13825714857554436,0.07575740815605594,0.013257875602253149,0.0132579298142177,0.01325761029903105,0.2254250081866814,0.01325757575934045,-0.5106,0.1779,-0.16635000000000003
21.34866714477539,21.34866714477539,88729500,20180719,TSLA,21.59000015258789,21.34866714477539,0,0.0454566982138626,0.045454545454784,0.5454521586827158,0.0454545454547676,0.0454545454548415,0.0454545454548257,0.0454545454548042,0.0454547794650956,0.045454545454761,0.0454545454547775,0.0454545454547641,0.7783,0.7783,0.7783
20.905332565307617,20.905332565307617,77433000,20180720,TSLA,21.34866714477539,20.905332565307617,0,0.10914282819108544,0.10229187154007342,0.07050294039932777,0.0101852772733002,0.2049824554462885,0.04282687955747987,0.0518520494300743,0.043518376998675,0.12592575754053995,0.010185218363065534,0.2285863452600896,0.0,0.936,0.312
20.21333312988281,20.21333312988281,164893500,20180723,TSLA,20.905332565307617,20.21333312988281,0,0.12694113050064404,0.01582984843394486,0.17583049937374431,0.08249654950802274,0.01582972583198148,0.01582980598594856,0.2086866110172923,0.015829826651071043,0.18249524028027245,0.01583031906324572,0.1444004433538321,0.0,0.7938,0.37961999999999996
20.582666397094727,20.582666397094727,106131000,20180725,TSLA,19.82866668701172,20.582666397094727,1,0.030303030308344,0.0303030303072123,0.030303030307012,0.0303060677868615,0.0303030303082201,0.3636363152204306,0.0303030303075664,0.0303030303080508,0.3636333745323398,0.030303030307099,0.0303030303068628,0.636,0.636,0.636
20.44333267211914,20.44333267211914,69457500,20180726,TSLA,20.582666397094727,20.44333267211914,0,0.0202021513838443,0.19612068805229765,0.07630496988145365,0.26854760829675334,0.18686879764136505,0.1509437564507101,0.02020247715433955,0.02020215450285565,0.0202026653581498,0.02020232952360325,0.02020240175462715,0.0,0.2023,0.10115
19.344667434692383,19.344667434692383,102211500,20180730,TSLA,19.812000274658203,19.344667434692383,0,0.0129899546579544,0.0129870129885484,0.2986983266001952,0.2713825534451361,0.1558430729472532,0.0129870129888168,0.1831628885254421,0.0129870129888567,0.0129870129884006,0.012987012988507,0.0129881388808891,0.8462,0.8462,0.8462
19.875999450683597,19.875999450683597,76153500,20180731,TSLA,19.344667434692383,19.875999450683597,1,0.05158571126256592,0.056588643863806895,0.07081054799123089,0.16543820456747127,0.0345008710965067,0.03864474497617152,0.03524805343167931,0.042118423584612215,0.03316462511458396,0.17848563475755674,0.2934145393538141,-0.1027,0.7906,0.3063222222222222
20.05599975585937,20.05599975585937,151941000,20180801,TSLA,19.875999450683597,20.05599975585937,1,0.07836943502640648,0.0215135074993503,0.15227348712128944,0.04929182052344661,0.05406110418221371,0.05383658824336036,0.14610958712281777,0.05855027846087055,0.23631760754302858,0.043959858986196795,0.10571672529101896,-0.5228,0.8746,0.35473333333333334
23.30266761779785,23.30266761779785,348225000,20180802,TSLA,20.05599975585937,23.30266761779785,1,0.0303030303038652,0.0303030303036874,0.696969031560307,0.0303030303036423,0.0303030303038458,0.0303030303038025,0.0303034436332398,0.0303030303038192,0.0303030303036242,0.0303032823765336,0.0303030303036326,0.0,0.0,0.0
22.79933357238769,22.79933357238769,128464500,20180806,TSLA,23.211332321166992,22.79933357238769,0,0.021645257387708,0.02164502165034925,0.0216450216500969,0.3549675081381624,0.1645021409223171,0.0216450216512857,0.0216454897009745,0.0216450216514171,0.30735929506897186,0.02165520052881065,0.02164502164990595,0.5574,0.6249,0.5911500000000001
25.30466651916504,25.30466651916504,463137000,20180807,TSLA,22.79933357238769,25.30466651916504,1,0.017749815668336298,0.3985191637517798,0.11527153241952637,0.11789759607892102,0.017749107495859416,0.07529818297720023,0.11314426754703935,0.058354632299431275,0.050517552244179385,0.017749165991953645,0.017748983525772744,-0.8405,0.892,0.17345714285714284
24.689332962036133,24.689332962036133,368568000,20180808,TSLA,25.30466651916504,24.689332962036133,0,0.0179654337635365,0.017965367967104233,0.3133794474260879,0.017965428157896667,0.0655862632104169,0.017965371994026934,0.4296919296919222,0.017965367967452132,0.017965467860544933,0.0179654417318365,0.06558448022917461,-0.296,0.0,-0.1244
23.69933319091797,23.69933319091797,173280000,20180810,TSLA,23.49666786193848,23.69933319091797,1,0.034093080252982896,0.28409090905794193,0.03409090909632845,0.03409090909621125,0.03409090909797325,0.0340912004205252,0.1590906665792815,0.03409090909774195,0.034091217723355,0.0340909090964479,0.28408838048121027,0.0,0.8779,0.43895
23.76066780090332,23.76066780090332,156958500,20180813,TSLA,23.69933319091797,23.76066780090332,1,0.14393967635475816,0.032828282830996466,0.032830095789788565,0.11616073653947549,0.0328282828316506,0.19949494948210278,0.032828866455752,0.03282828283154004,0.032828282830734905,0.31060426122243073,0.03282828283076986,-0.296,0.5106,0.07153333333333335
23.176000595092773,23.176000595092773,104796000,20180814,TSLA,23.76066780090332,23.176000595092773,0,0.0909090909090909,0.0909090909090909,0.0909090909090909,0.0909090909090909,0.0909090909090909,0.0909090909090909,0.0909090909090909,0.0909090909090909,0.0909090909090909,0.0909090909090909,0.0909090909090909,0.4404,0.4404,0.4404
22.36333274841309,22.36333274841309,90960000,20180816,TSLA,22.57933235168457,22.36333274841309,0,0.158883807807488,0.23908668895828364,0.23613735439886388,0.016955485958666833,0.016955360553642065,0.06457392707679883,0.06571755499673287,0.0169554576804149,0.07781937618022226,0.0169552669575387,0.0899597194313476,-0.6369,0.802,0.22523333333333337
21.459999084472656,21.459999084472656,197583000,20180821,TSLA,20.562667846679688,21.459999084472656,1,0.14772637121266669,0.27272317463271023,0.02272885248046745,0.0227272727302294,0.1477281118936521,0.02272727273100215,0.02272727273071605,0.1477272745306396,0.1477280969086594,0.022728884886680997,0.02272741526257545,-0.5994,-0.4215,-0.5104500000000001
21.44266700744629,21.44266700744629,89190000,20180822,TSLA,21.459999084472656,21.44266700744629,0,0.0129870129911634,0.0129870129902795,0.2222287444258881,0.0129870129900556,0.1558437764546531,0.0129871616240873,0.012987229587825,0.0129870129909338,0.0129871436122243,0.0129870129901913,0.5180308793426983,0.9166,0.9166,0.9166
21.34000015258789,21.34000015258789,77209500,20180823,TSLA,21.44266700744629,21.34000015258789,0,0.3636321893466835,0.36363238087462546,0.0303067660150814,0.03030366943358585,0.030303030307745248,0.030306010041083,0.0303035857094541,0.03030303030758935,0.0303030303064628,0.03030327735117625,0.0303030303065126,0.6486,0.8976,0.7730999999999999
21.521333694458008,21.521333694458008,54039000,20180824,TSLA,21.34000015258789,21.521333694458008,1,0.13269166637506213,0.04906181472539924,0.3242731505453664,0.08192222839772553,0.05111861745148563,0.11043768231865823,0.20239213513417806,0.012025099629180669,0.012025639136357265,0.012025927827977567,0.012026038458608767,-0.4389,0.8881,0.05106666666666667
20.790666580200195,20.790666580200195,114736500,20180828,TSLA,21.284666061401367,20.790666580200195,0,0.10865786264267523,0.1152009836944304,0.022945231520651525,0.022943722944612173,0.02294372294490775,0.08293134607752857,0.0229437229447587,0.022945068446506726,0.022943784244678647,0.5326007465821989,0.022943807957050973,-0.5267,0.7506,-0.06319999999999998
20.11066627502441,20.11066627502441,80626500,20180831,TSLA,20.209999084472656,20.11066627502441,0,0.0159109337477326,0.01590909091201715,0.1159088821212397,0.01590971095492655,0.01590927450903025,0.015909122069866652,0.08030955174332564,0.10265228421720705,0.015909252683462,0.589759998998407,0.015911898042784853,0.3818,0.4404,0.4111
18.715999603271484,18.715999603271484,115812000,20180905,TSLA,19.26333236694336,18.715999603271484,0,0.0129876057090315,0.0129871031967308,0.1787148245306682,0.0129871935660061,0.0129871890295207,0.012987895454735,0.5475965706398268,0.0129870631034373,0.0129871138063612,0.1697896529078072,0.0129877880558746,-0.0994,-0.0994,-0.0994
17.549333572387695,17.549333572387695,337378500,20180907,TSLA,18.729999542236328,17.549333572387695,0,0.2181821230322826,0.0181818181877354,0.2181816004835897,0.2181811623802646,0.018182101470753,0.0181818181887692,0.0181818181882394,0.0181818181889214,0.2181821035046278,0.0181818181875756,0.0181818181872406,-0.5994,-0.5994,-0.5994
18.62933349609375,18.62933349609375,137550000,20180911,TSLA,19.03333282470703,18.62933349609375,0,0.015693468252593767,0.27759728173354875,0.06331149305599183,0.0156928175970894,0.015693028839625565,0.015692806851951867,0.015693173473545968,0.10497793013222378,0.057359327365626434,0.40259487607272165,0.0156937966250805,-0.296,0.2144,-0.059666666666666666
19.36933326721192,19.36933326721192,150231000,20180912,TSLA,18.62933349609375,19.36933326721192,1,0.0090910158531561,0.0090909090914151,0.0090924946735648,0.0090912470874216,0.009090909091537,0.0090910558464122,0.5588256606267381,0.0090910399885935,0.0090911340819838,0.3593524025751761,0.0090921310840013,0.6908,0.6908,0.6908
19.297332763671875,19.297332763671875,95104500,20180913,TSLA,19.36933326721192,19.297332763671875,0,0.48863388691435733,0.08238693857359197,0.08238587932326627,0.0823873179546356,0.01988667202617415,0.08238593322927142,0.01988713951528075,0.01988669614939455,0.019886774731063525,0.0823856474628554,0.019887114120108552,-0.3802,0.5106,-0.04694999999999998
19.68000030517578,19.68000030517578,101484000,20180914,TSLA,19.297332763671875,19.68000030517578,1,0.2706144919941515,0.15300452422137378,0.1115033228720623,0.02686004816309395,0.026859504133232,0.2768595041298306,0.026859828794428598,0.0268599071502128,0.0268596382751372,0.02685952946878255,0.0268597007976944,0.5848,0.7876,0.6861999999999999
19.6560001373291,19.6560001373291,103314000,20180917,TSLA,19.68000030517578,19.6560001373291,0,0.06006102353200989,0.03008574622497893,0.03545085024596337,0.06239886073870171,0.04470959587389402,0.035451491405033835,0.29788974390415895,0.13812782208904495,0.12341274036038676,0.07214721312638098,0.10026491249944612,-0.4497,0.9136,0.3524555555555555
18.997333526611328,18.997333526611328,248212500,20180918,TSLA,19.6560001373291,18.997333526611328,0,0.07742369899185086,0.044209857914569835,0.145516439804351,0.016432781558145683,0.016432992669415867,0.15953028181655968,0.016432272429483533,0.14713118835829844,0.29836056629729296,0.03726588207581485,0.04126403808421681,0.0,0.6588,0.24585
19.934667587280277,19.934667587280277,124423500,20180919,TSLA,18.997333526611328,19.934667587280277,1,0.15367046527536285,0.021212121214152963,0.0212125133954706,0.1045463602245576,0.021212121214642766,0.2712126724290083,0.08875190268250381,0.021212404382211503,0.0878783500951237,0.0212123054781632,0.18787878360880225,0.0,0.128,0.042666666666666665
19.8886661529541,19.8886661529541,110241000,20180920,TSLA,19.934667587280277,19.8886661529541,0,0.11064731807017279,0.029076534722871018,0.2706400760793739,0.017401747000838408,0.04732218730009892,0.13630009167817791,0.07377000313097741,0.10679791219900238,0.03274601436138966,0.07975400116653576,0.0955441142905614,-0.6705,0.8805,0.2924272727272727
19.940000534057617,19.940000534057617,75757500,20180921,TSLA,19.8886661529541,19.940000534057617,1,0.0227273318449418,0.0227272727298433,0.0227272727297201,0.0227272727296671,0.0227272727304631,0.0227272727302933,0.3063247776754846,0.0227272727303582,0.4891297086398248,0.0227272727297734,0.0227272727296296,0.0,0.0,0.0
19.978666305541992,19.978666305541992,72645000,20180924,TSLA,19.940000534057617,19.978666305541992,1,0.0090917676746949,0.0090909090939313,0.4090912828804189,0.2090904975169505,0.0090909090946594,0.0090909090944602,0.2043622580695351,0.0090916057091486,0.113816970965684,0.0090909090938499,0.0090919808066665,-0.3612,-0.3612,-0.3612
20.06599998474121,20.06599998474121,67225500,20180925,TSLA,19.978666305541992,20.06599998474121,1,0.0155849093151903,0.01558441558620265,0.13254265035973936,0.0155845808504422,0.015584576698914249,0.015584415586515799,0.298625242569429,0.01558552132652595,0.0155844155860312,0.015584487842399651,0.44415478427860916,0.1128,0.4019,0.25734999999999997
20.6386661529541,20.6386661529541,117648000,20180926,TSLA,20.06599998474121,20.6386661529541,1,0.2454878524071768,0.5908742797936253,0.0181820123970316,0.0181818181844365,0.0181820513839365,0.0181821155129228,0.0181818510425623,0.0181818181851925,0.0181818181843578,0.0181822154986887,0.0181821674100684,0.4019,0.4019,0.4019
17.65133285522461,17.65133285522461,504745500,20180928,TSLA,20.501333236694336,17.65133285522461,0,0.018182562613794,0.01818245168677545,0.11818275430246865,0.01818255031735075,0.0181819116808355,0.0181823056738529,0.6181732720194018,0.01818241266071805,0.1181809901263696,0.0181858189261534,0.018182969992279648,-0.6239,0.8585,0.11730000000000002
20.06800079345703,20.06800079345703,176152500,20181002,TSLA,20.71333312988281,20.06800079345703,0,0.01322314989023005,0.11322330892928464,0.26207620690364425,0.013223721973431048,0.0132233187443612,0.21833524802123225,0.058863980241733546,0.2132211064157247,0.013223177133250049,0.0132253876956187,0.06816139405148926,-0.2041,0.784,0.28995000000000004
18.788667678833008,18.788667678833008,147213000,20181004,TSLA,19.65333366394043,18.788667678833008,0,0.021428753439461646,0.15962843854223788,0.169048248858328,0.07793552496473279,0.021428857767197,0.08872985662356167,0.06904822910615842,0.13560918472210962,0.06904762183757088,0.10714303675041521,0.0809522473882264,-0.4404,0.8658,0.11321428571428571
17.463333129882812,17.463333129882812,269167500,20181005,TSLA,18.788667678833008,17.463333129882812,0,0.02870593861669593,0.47375112441244094,0.09412509129363109,0.02264483807711845,0.02264464416644483,0.03264471170752445,0.12087545734545757,0.061673567191678616,0.09264482356677284,0.03764477357360631,0.012645030048628539,-0.7345,0.5574,-0.09859000000000001
16.70400047302246,16.70400047302246,202090500,20181008,TSLA,17.463333129882812,16.70400047302246,0,0.0101016731993198,0.0101010101020336,0.3289881618722419,0.0101010101019634,0.2323233787537417,0.1212113409397178,0.1356573092985989,0.0101010101022391,0.0101010214200249,0.1212121283181248,0.0101019558919935,0.6593,0.6593,0.6593
17.520000457763672,17.520000457763672,180909000,20181009,TSLA,16.70400047302246,17.520000457763672,1,0.0141416488737715,0.014141820698288201,0.0141433293196542,0.01414259023868075,0.11413985633546285,0.01414141414354085,0.0141435495380032,0.01414141414358725,0.12524991838565291,0.01414229373816845,0.6474721645851893,-0.2263,0.2023,-0.011999999999999997
17.125333786010742,17.125333786010742,192229500,20181010,TSLA,17.520000457763672,17.125333786010742,0,0.0530304984849436,0.13636324278160136,0.0530304521518605,0.0530308376377931,0.05303171728558545,0.053030303031034946,0.053030969414722046,0.0530303030310508,0.38636107011962484,0.053030303030909096,0.053030303030874,0.0,0.7184,0.3592
16.815332412719727,16.815332412719727,122515500,20181011,TSLA,17.125333786010742,16.815332412719727,0,0.0151526382844317,0.0151515151550515,0.2371943393625827,0.0151517886199721,0.0151515151559035,0.1818172817701795,0.199399489216732,0.0151515151557613,0.0151515151547109,0.0151516398151216,0.2755267623095529,0.1007,0.1007,0.1007
17.25200080871582,17.25200080871582,108021000,20181012,TSLA,16.815332412719727,17.25200080871582,1,0.0430699771491899,0.2309234654390908,0.012627074687774534,0.18329744155375247,0.012626378346959434,0.06385642009212912,0.07672896424939676,0.056341583971797136,0.0787319246314722,0.11161459381394119,0.130182176064496,0.4215,0.8591,0.5970666666666666
17.305999755859375,17.305999755859375,93000000,20181015,TSLA,17.25200080871582,17.305999755859375,1,0.01636388879534666,0.0163642491073241,0.25910872748826685,0.016364451326375002,0.28136330234912277,0.0163637516044141,0.0936168375538792,0.016363689664252258,0.016363636364336583,0.01636366496391748,0.25136380078276443,0.0,0.765,0.49602
18.439332962036133,18.439332962036133,142896000,20181016,TSLA,17.305999755859375,18.439332962036133,1,0.05742973055475682,0.015763512480468974,0.13223178467152222,0.07826271866130913,0.015763813121877048,0.07826331349835113,0.30228141045914575,0.015763634507007924,0.07826313510870558,0.18242980320802024,0.0435471437288347,0.0,0.9409,0.53565
18.118667602539062,18.118667602539062,129832500,20181017,TSLA,18.439332962036133,18.118667602539062,0,0.13755406543055668,0.013360925774864868,0.3811639658529064,0.013360961689833667,0.013361378247505667,0.09669321997166075,0.24405231309611963,0.013360937014378932,0.013360986052763833,0.013361061998016835,0.060370184871392334,-0.4003,0.9687,0.18946666666666667
17.5939998626709,17.5939998626709,81318000,20181018,TSLA,18.118667602539062,17.5939998626709,0,0.016035392846223583,0.016035768333041784,0.016035858703959766,0.016035575244828616,0.13358900394666548,0.04476067989274316,0.1877669344922286,0.03686862158601422,0.027146433635180666,0.0440761092324141,0.46164962208669963,-0.296,0.8988,0.25503333333333333
17.333332061767578,17.333332061767578,140632500,20181019,TSLA,17.5939998626709,17.333332061767578,0,0.018182825810841,0.0181835130232241,0.6181726982452598,0.0181837690243269,0.2181814069370134,0.0181818181848964,0.0181819895464787,0.0181832120802338,0.0181821854367737,0.0181843454775969,0.0181822362333546,0.0772,0.0772,0.0772
17.39666748046875,17.39666748046875,84004500,20181022,TSLA,17.333332061767578,17.39666748046875,1,0.30084671925700446,0.0163349241323233,0.03914041493807452,0.11240711951629892,0.17130787127880773,0.01633521543101922,0.1716216341782058,0.01633479226893702,0.08300121509041469,0.01633493923289666,0.05633515467601714,0.0,0.5106,0.18250000000000002
19.60933303833008,19.60933303833008,285417000,20181023,TSLA,17.39666748046875,19.60933303833008,1,0.01621260295143264,0.01621221801638864,0.18841256443634416,0.01621213474959886,0.06621219125911262,0.0162123194602899,0.1467896672361797,0.03696476743676082,0.01621212206324698,0.10556637339164017,0.374993038999005,-0.1531,0.7817,0.33692
20.99066734313965,20.99066734313965,312610500,20181025,TSLA,19.233333587646484,20.99066734313965,1,0.0231062345473745,0.05706121536333982,0.12303629878978009,0.16893937121506955,0.11060546125282718,0.023106060609001874,0.18977235858492045,0.15434934600584568,0.023106060608323375,0.023106585524803675,0.10381100749871325,-0.6808,0.6124,0.16115000000000002
22.059999465942383,22.059999465942383,411382500,20181026,TSLA,20.99066734313965,22.059999465942383,1,0.018181901651191934,0.0181819183275207,0.0181824090948557,0.17669056121294033,0.018181946931430465,0.018181818184163565,0.06805815050468023,0.052335762310381666,0.10151541038800345,0.325641613478306,0.18484850791652538,0.0,0.6804,0.4136666666666667
22.32333374023437,22.32333374023437,217290000,20181029,TSLA,22.059999465942383,22.32333374023437,1,0.10000014659809359,0.28114441787363637,0.19382331613959194,0.1000001820891005,0.10218881172175576,0.01666666666978005,0.1395093952168146,0.0166666666698478,0.01666666666906135,0.0166666666692457,0.016667063683071998,0.0,0.2023,0.10115
22.488000869750977,22.488000869750977,114364500,20181031,TSLA,21.99333381652832,22.488000869750977,1,0.0090909791564402,0.009090977898502,0.6058220566987679,0.0090909521868995,0.1090906557687626,0.0090922290722111,0.0090920367788529,0.0090909145251778,0.2123548006939854,0.0090909090928227,0.0090934881275774,0.7044,0.7044,0.7044
22.95199966430664,22.95199966430664,120001500,20181101,TSLA,22.488000869750977,22.95199966430664,1,0.0667389204266094,0.016738816740003198,0.21448105445517332,0.01673892608448806,0.01673894862457048,0.12507055614223644,0.38437512335037854,0.07229407955119728,0.01673889476331676,0.01673881673997108,0.053345863122055005,-0.2617,0.5848,0.30047999999999997
23.0939998626709,23.0939998626709,117120000,20181102,TSLA,22.95199966430664,23.0939998626709,1,0.13031597547400142,0.09175108437659558,0.05561519332842907,0.16435615516265834,0.07833424756514898,0.015199895717460882,0.09617537233022223,0.0337794487632423,0.015198839477083165,0.10009425171507534,0.2191795360900822,-0.3182,0.7883,0.11569999999999998
23.21066665649414,23.21066665649414,110617500,20181107,TSLA,22.73733329772949,23.21066665649414,1,0.21287486416494317,0.014718691396664,0.01471865630210378,0.01471883852841932,0.13971869719653132,0.08971839773422594,0.03971877858115354,0.014718682779456541,0.20045046985715187,0.20850775708490027,0.05013616637444977,-0.7783,0.3612,-0.05735999999999999
23.426666259765625,23.426666259765625,106360500,20181108,TSLA,23.21066665649414,23.426666259765625,1,0.0303030303039988,0.0303030303038051,0.030303606023225,0.3384418876911696,0.0303030303039761,0.0303030303039259,0.0303063166671486,0.0303030303039451,0.3888269774913047,0.0303030303037718,0.030303030303729,0.9042,0.9042,0.9042
23.367332458496097,23.367332458496097,76482000,20181109,TSLA,23.426666259765625,23.367332458496097,0,0.21666447079121015,0.01666666666908915,0.28941068813956855,0.0166675248048487,0.01666666666967295,0.016666666669512352,0.16058839771741876,0.0166666666695744,0.01666868583728455,0.01666666666902365,0.21666689936279618,0.0,0.6486,0.3243
22.0853328704834,22.0853328704834,104122500,20181112,TSLA,23.367332458496097,22.0853328704834,0,0.0181821488570321,0.0181850349210277,0.0181818181831368,0.0181818181831083,0.018181818183538,0.2366691879325173,0.0181821906023965,0.018181818183481,0.0181818181830697,0.5996904933419401,0.018181853428752,0.8555,0.8555,0.8555
23.22933387756348,23.22933387756348,69385500,20181115,TSLA,22.933332443237305,23.22933387756348,1,0.27069345077895385,0.020921269660131348,0.11693904829841556,0.020921191937896225,0.11199216120545226,0.07647613585502734,0.19267407871949707,0.020921039160958957,0.07683654449557124,0.020920913449501782,0.07070416643859383,-0.7579,0.6369,0.013349999999999996
23.62066650390625,23.62066650390625,108093000,20181116,TSLA,23.22933387756348,23.62066650390625,1,0.12757890154424514,0.030303900571664703,0.3636328292152593,0.030304959203920852,0.0303030303060401,0.11363579522253994,0.03030446717514425,0.03030314471660345,0.0303030817387285,0.0303031390247171,0.18302675128113605,0.6378,0.7096,0.6737
23.564666748046875,23.564666748046875,145633500,20181119,TSLA,23.62066650390625,23.564666748046875,0,0.08131841592401819,0.03601637977453759,0.1234477529326472,0.05382615816077993,0.050180634413066416,0.1297769133764916,0.12450918025954119,0.07923157286581808,0.034909598452156944,0.11540061720646988,0.17138277663447252,-0.5704,0.7783,0.21595384615384614
23.166000366210938,23.166000366210938,120070500,20181120,TSLA,23.564666748046875,23.166000366210938,0,0.0090909090919659,0.0090909090917409,0.0090909090917011,0.0090909090916839,0.0090909090919415,0.0090909090918864,0.0090909090918115,0.0090909090919076,0.8064220313823585,0.0090909090917184,0.1117597867912838,0.7717,0.7717,0.7717
22.54599952697754,22.54599952697754,70302000,20181121,TSLA,23.166000366210938,22.54599952697754,0,0.0181840714120665,0.0181832834560886,0.0181838449203565,0.5957226981224162,0.0181824530742326,0.0181826759179464,0.0181840212314127,0.0181818181839813,0.0181818181834458,0.2406311020343194,0.0181822134637336,0.0,0.0,0.0
21.722000122070312,21.722000122070312,63039000,20181123,TSLA,22.54599952697754,21.722000122070312,0,0.018182141203217,0.3184009268351717,0.5179590085020201,0.018183833968616,0.0181818181824234,0.018181818182391,0.0181820300947049,0.0181818181824036,0.0181818181822587,0.0181822620286629,0.0181825246381301,0.0772,0.0772,0.0772
23.06666755676269,23.06666755676269,119881500,20181126,TSLA,21.722000122070312,23.06666755676269,1,0.1613731279888861,0.11726091951466087,0.030483479708655677,0.037559234261402515,0.021225014132816522,0.030724290991883858,0.1112021891969613,0.06585870038282035,0.19426451117899285,0.14705420570373526,0.08299432693918421,-0.6652,0.9183,0.21946666666666667
22.92799949645996,22.92799949645996,95374500,20181127,TSLA,23.06666755676269,22.92799949645996,0,0.0181818181849081,0.0181818181842509,0.0181818181841337,0.0181818181840832,0.2181818807764123,0.4181813905659752,0.2181818032270514,0.0181818181847379,0.0181818181840156,0.018182198140384,0.0181818181840476,0.0,0.0,0.0
23.191333770751957,23.191333770751957,61914000,20181128,TSLA,22.92799949645996,23.191333770751957,1,0.006993132332245,0.0069930069932106,0.0878429961814309,0.0069934773698456,0.8492185253781158,0.0069930167222163,0.0069932916909728,0.0069930069932514,0.0069930301005639,0.0069930686786594,0.0069934475594878,0.1007,0.1007,0.1007
22.744667053222656,22.744667053222656,46210500,20181129,TSLA,23.191333770751957,22.744667053222656,0,0.12839822085533092,0.01411263188599728,0.1964828757026288,0.04880566663158552,0.12458881696999931,0.1392744161934505,0.13356767026002736,0.014112554113826541,0.027819508382492298,0.01411286421612754,0.15872477478853333,0.0,0.9412,0.33826
23.365333557128903,23.365333557128903,84436500,20181130,TSLA,22.744667053222656,23.365333557128903,1,0.26893871727010593,0.01893940648746515,0.14393852365654358,0.018941663306189502,0.35227038608758954,0.01893955934520065,0.01894013523625435,0.0189393939420014,0.1022722997413914,0.01893957350455935,0.018940341422698702,0.0,0.1901,0.09505
23.89933204650879,23.89933204650879,124597500,20181203,TSLA,23.365333557128903,23.89933204650879,1,0.14523119794984996,0.07979748301235363,0.26446759895032995,0.06868695471294484,0.013131410391779834,0.08524845267945506,0.06868883852259407,0.013131313133220066,0.23535341933850537,0.013131858565410432,0.0131314727435565,-0.5267,0.408,-0.1529
23.86466789245605,23.86466789245605,172668000,20181207,TSLA,24.20400047302246,23.86466789245605,0,0.3569937944704736,0.0069930452273293,0.496595489446698,0.0069930069937598,0.0069930069940099,0.0069937963590656,0.0069930069938837,0.0069931588459084,0.090465017993304,0.0069930069937933,0.0069936696817739,0.1324,0.1324,0.1324
24.450666427612305,24.450666427612305,94632000,20181211,TSLA,24.34333229064941,24.450666427612305,1,0.07983675462918138,0.07390499361723961,0.21303490880393583,0.01517556877258985,0.29132337351184723,0.040174807109804325,0.10008454001168827,0.01517517898266876,0.02946086662446202,0.09785815363752043,0.04397085429906176,-0.0334,0.8955,0.46007999999999993
25.11933326721192,25.11933326721192,110488500,20181213,TSLA,24.440000534057617,25.11933326721192,1,0.0303030303035718,0.0303030303034565,0.0303086466036019,0.0303030303034272,0.0303030303035591,0.030303030303531,0.0303030303034925,0.0303030303035418,0.0303030303034153,0.0303030303034449,0.6969640806649574,0.4767,0.4767,0.4767
23.22800064086914,23.22800064086914,115110000,20181217,TSLA,24.38066673278809,23.22800064086914,0,0.0227272727323557,0.0227272727312747,0.022727272731082,0.272723362648035,0.0227309280929187,0.0227272727319735,0.0227272727316131,0.0227279218677568,0.0227272727308886,0.5227268782711597,0.0227272727309418,0.0,0.0,0.0
22.46866607666016,22.46866607666016,106500000,20181218,TSLA,23.22800064086914,22.46866607666016,0,0.1812299787566569,0.16035936394037026,0.048835404879305155,0.11006948065208708,0.11549924314673674,0.08812753318099435,0.029724498226960713,0.02026498731484917,0.07740480100893724,0.06788142462994867,0.1006032842631533,-0.6808,0.8356,-0.10722857142857142
22.197999954223636,22.197999954223636,124113000,20181219,TSLA,22.46866607666016,22.197999954223636,0,0.2343583002513162,0.06949210127154631,0.16632906784741708,0.04139032927930742,0.10266011645891039,0.05523829006566954,0.04619330887626151,0.023658813699843424,0.0540409327373897,0.05386659750557391,0.15277214200676403,-0.4341,0.872,0.23474375
21.025333404541016,21.025333404541016,136078500,20181220,TSLA,22.197999954223636,21.025333404541016,0,0.18363364359112197,0.018182270090361767,0.08857249130092844,0.0181831408979571,0.162625820370557,0.05661404289391183,0.18983498292310771,0.018181926004817234,0.18484602395633273,0.06114304977900937,0.018182608191894333,-0.3595,0.8953,0.10459999999999998
21.31800079345703,21.31800079345703,120252000,20181221,TSLA,21.025333404541016,21.31800079345703,1,0.0303078236757691,0.0303030303071896,0.0303030303069909,0.0303030303069035,0.0303030303081913,0.0303045282299106,0.0303030303075429,0.6969629879016442,0.0303030303067893,0.0303034480422259,0.030303030306842,-0.5994,-0.5994,-0.5994
19.69266700744629,19.69266700744629,83398500,20181224,TSLA,21.31800079345703,19.69266700744629,0,0.018016564816750617,0.01801706946770314,0.06801514859552472,0.13803197652898713,0.01801660027228024,0.09801641253924617,0.13626792186919143,0.16514705332173735,0.15158329063844578,0.10443537162528582,0.08445259032484706,0.0,0.3612,0.1085
21.73933219909668,21.73933219909668,122446500,20181226,TSLA,19.69266700744629,21.73933219909668,1,0.19800173334717236,0.04250589930246627,0.08303249467064276,0.10720828064773165,0.06551981305777983,0.03887211374069614,0.04730037778214662,0.021410350177975046,0.040731992584200266,0.0855308600264798,0.26988608466270875,-0.5267,0.6751,0.26363333333333333
21.07533264160156,21.07533264160156,128626500,20181227,TSLA,21.73933219909668,21.07533264160156,0,0.14545472271453555,0.0204548366624327,0.02045661134825765,0.4204511355809279,0.02045547137417815,0.02045503378571665,0.14545351372905452,0.14545437094212835,0.0204545650328556,0.0204548047385539,0.0204549340913584,0.0,0.6588,0.3294
22.257999420166016,22.257999420166016,149085000,20181228,TSLA,21.07533264160156,22.257999420166016,1,0.4085934136761096,0.030304599140479,0.3186734398789446,0.0303043638931399,0.0303030303042487,0.0303030303041835,0.0303042718744621,0.0303030303042087,0.0303030303039175,0.0303030303039856,0.0303047600163204,0.5983,0.5983,0.5983
22.18666648864746,22.18666648864746,94534500,20181231,TSLA,22.257999420166016,22.18666648864746,0,0.0227272727326249,0.0227272727314855,0.022727565546444,0.0227302256431219,0.0227272727325018,0.0227272727322223,0.5227244586245633,0.2727242590199202,0.0227274651679937,0.0227296623379883,0.0227272727311335,0.6908,0.6908,0.6908
20.02400016784668,20.02400016784668,104478000,20190103,TSLA,20.67466735839844,20.02400016784668,0,0.01785722740309505,0.017857209184330026,0.017857775603459126,0.29464216116733394,0.14285740555322207,0.08035713633570213,0.05383874835330855,0.017857142860245225,0.01785714735815765,0.07141286282315877,0.26760518335798694,0.0,0.6588,0.255
21.179332733154297,21.179332733154297,110911500,20190104,TSLA,20.02400016784668,21.179332733154297,1,0.0454545454571412,0.0454545454565879,0.0454545454564904,0.0454545454564476,0.5454545454332869,0.0454545454569449,0.0454545454567607,0.0454545454569978,0.0454545454563918,0.0454545454565326,0.0454545454564175,0.0,0.0,0.0
22.33066749572754,22.33066749572754,113268000,20190107,TSLA,21.179332733154297,22.33066749572754,1,0.08202977710975361,0.013421467017458333,0.14687758910034868,0.05919561566988441,0.013421084985172117,0.05508816970243761,0.29567246479411224,0.013421167037069866,0.01342104731050855,0.08917875731667206,0.21827285995658208,0.0,0.3788,0.24803333333333333
22.568666458129883,22.568666458129883,81493500,20190109,TSLA,22.356666564941406,22.568666458129883,1,0.012879324616290334,0.012879547083853332,0.012880347979943967,0.04621305208634693,0.33787864460619027,0.012878903681561268,0.012879054405093066,0.13543427755152576,0.012879077632334235,0.11407186286041106,0.2891259074964493,-0.5267,0.3818,-0.04829999999999999
22.99799919128418,22.99799919128418,90846000,20190110,TSLA,22.568666458129883,22.99799919128418,1,0.19300378142246566,0.015584450372439149,0.31295001871496314,0.015584645492370552,0.0155844155854205,0.01558474564536885,0.3693696116841575,0.015584928640738651,0.015584415585147351,0.01558445393582565,0.01558453292110245,0.5255,0.7845,0.655
23.15066719055176,23.15066719055176,75586500,20190111,TSLA,22.99799919128418,23.15066719055176,1,0.017676767679036875,0.01767676767855295,0.04545383170793167,0.017676999700496975,0.246843165317933,0.017677418858738848,0.017677915436664776,0.14845531070083198,0.2885104334958887,0.10217481389401835,0.08017657552990559,0.0,0.0,0.0
23.06999969482422,23.06999969482422,70375500,20190116,TSLA,22.96199989318848,23.06999969482422,1,0.10644888844795368,0.07049851332793597,0.02049932391642285,0.11821123128602196,0.02049835923991495,0.23738019273398456,0.131926552554303,0.020498471230867274,0.1251024148963881,0.1284369199647648,0.020499132401442376,-0.4201,0.2374,-0.105225
23.15399932861328,23.15399932861328,55150500,20190117,TSLA,23.06999969482422,23.15399932861328,1,0.018777245152098724,0.0187770562777043,0.206279185002969,0.0187773056859491,0.054491251225483095,0.018777166018606475,0.19734645098321776,0.018777396366499825,0.1437771466751022,0.018777076986665375,0.2854427196257038,0.0,0.8442,0.401825
19.92799949645996,19.92799949645996,181000500,20190122,TSLA,20.15066719055176,19.92799949645996,0,0.18238127498795326,0.017879150134766937,0.4478761927941539,0.0578786547859529,0.017879379232009322,0.0178805903394129,0.01787880718992994,0.017878915353049203,0.05710452515083718,0.051212082216759505,0.11415042781517451,0.0,0.6369,0.24176000000000003
19.172666549682617,19.172666549682617,187950000,20190123,TSLA,19.92799949645996,19.172666549682617,0,0.19370797421054045,0.009690446143258766,0.009690749375916434,0.0096913486757884,0.009691110097082232,0.0096903378463474,0.0663652430139025,0.30968885793377215,0.2442542559312418,0.12783853098156053,0.009691145790588867,-0.5719,0.75,0.08800000000000001
19.80266761779785,19.80266761779785,108744000,20190125,TSLA,19.43400001525879,19.80266761779785,1,0.023233251998122716,0.02323236267538323,0.09863809704151255,0.13898295415923784,0.02323242814806717,0.02323252536672575,0.32600880489636525,0.06433700051329082,0.1346907111773585,0.0863680827739517,0.05804378124998397,0.0,0.8832,0.43598333333333333
19.7586669921875,19.7586669921875,96349500,20190128,TSLA,19.80266761779785,19.7586669921875,0,0.037878787880696846,0.037878787880290254,0.20454423287595616,0.20454344350822687,0.0378799353664243,0.037878787880553696,0.0378787878804182,0.03787878788059135,0.28787878786425,0.03787964926221035,0.037880011720381496,0.0,0.6249,0.31245
20.584667205810547,20.584667205810547,168754500,20190130,TSLA,19.83066749572754,20.584667205810547,1,0.24368761086210702,0.18813171819864744,0.20896362832912074,0.14646158460193778,0.021465237718767897,0.0214655196765427,0.02146604472390965,0.02146518200949005,0.021464689941729474,0.08396406443596897,0.02146471950177785,-0.5994,0.2827,-0.174625
20.468000411987305,20.468000411987305,188538000,20190131,TSLA,20.584667205810547,20.468000411987305,0,0.044584940993652816,0.016192832728416668,0.31861277837409446,0.04459447309791879,0.016192268306546933,0.016193155181576598,0.016193522964071783,0.053228891689887065,0.33844317101665117,0.07174854112472627,0.06401542452245694,0.0,0.9698,0.41773333333333335
20.81399917602539,20.81399917602539,109251000,20190201,TSLA,20.468000411987305,20.81399917602539,1,0.0356394896453853,0.0646491169379179,0.010834579013200743,0.0705843207619437,0.010834712226986357,0.025120091459384913,0.03464394983752013,0.02518075080706997,0.32943039997621393,0.04985527662899987,0.3432273127053767,-0.34,0.875,0.20772857142857143
20.85933303833008,20.85933303833008,110281500,20190204,TSLA,20.81399917602539,20.85933303833008,1,0.02214287975155556,0.0221435848593159,0.022142866861162742,0.0949597495701068,0.06214286120304232,0.2632212013726106,0.02214302130927874,0.158442104161692,0.12432711392032662,0.02214290015500994,0.18619171683589825,-0.2023,0.8038,0.28428
21.14800071716309,21.14800071716309,75577500,20190206,TSLA,21.42333221435547,21.14800071716309,0,0.0696969651519956,0.11299635916462535,0.09002420249514582,0.04747576901456813,0.18080814165056258,0.014141414143279499,0.0141415686756585,0.014141826581888834,0.014142218254702165,0.18080731654825413,0.26162421831931887,0.0,0.1779,0.0593
20.500667572021484,20.500667572021484,97809000,20190207,TSLA,21.14800071716309,20.500667572021484,0,0.0153265699678978,0.015327013215940967,0.1120093305891221,0.039983737329663316,0.045123843504879434,0.015327281113161784,0.04310427652230723,0.08813272017487815,0.4143224818860977,0.015326524783251033,0.19601622091279994,0.0,0.8885,0.3317333333333334
20.38666725158692,20.38666725158692,87663000,20190208,TSLA,20.500667572021484,20.38666725158692,0,0.012180643143048868,0.012179487180552067,0.0873488693192304,0.012179814240647601,0.10471781846538808,0.13700864738042476,0.012179760975922735,0.012179605118170567,0.44790096592121625,0.012179644903884632,0.14994474335151353,-0.296,0.5267,0.07689999999999998
20.856000900268555,20.856000900268555,106945500,20190211,TSLA,20.38666725158692,20.856000900268555,1,0.13877305841693388,0.06263392766515079,0.017180163143667274,0.055621459356588625,0.03718968322011524,0.11270906679319888,0.03990786670691121,0.16496749477350586,0.22801390647087594,0.09995745287254908,0.04304592058050277,-0.3291,0.8947,0.43322727272727274
20.544666290283203,20.544666290283203,77124000,20190213,TSLA,20.78733253479004,20.544666290283203,0,0.01676116858267183,0.016761016762863467,0.016762230331639035,0.016761115304158167,0.06438114335496237,0.016761052678218633,0.07099265507119766,0.16773214630936095,0.3541983143871241,0.016761444885377733,0.2421277123324256,-0.5023,0.7178,0.15516666666666667
20.251333236694336,20.251333236694336,78012000,20190214,TSLA,20.544666290283203,20.251333236694336,0,0.03928564530355448,0.02076730685538425,0.08624321485986186,0.046423362869190195,0.020767595118271167,0.08743377525559026,0.21706329632067942,0.19749303609114385,0.020767294000511565,0.10409937778771838,0.15965609553809407,0.2023,0.765,0.4804833333333333
20.17066764831543,20.17066764831543,107131500,20190220,TSLA,20.375999450683597,20.17066764831543,0,0.08585442857565584,0.059090899280730365,0.5110953858886851,0.017424420217923467,0.017424282131221103,0.01742424242474243,0.22198827368747623,0.0174242537287187,0.017424242424627034,0.017424242424656466,0.017425329215562866,0.0,0.0,0.0
19.415332794189453,19.415332794189453,133638000,20190221,TSLA,20.17066764831543,19.415332794189453,0,0.06816977721839886,0.05484198116761347,0.03480618898493563,0.021219404764797667,0.11113111873552818,0.1043261865049302,0.062005738385977456,0.10104183322607552,0.2387135331661925,0.053785298738236224,0.14995893910731387,-0.5719,0.7964,0.12354210526315788
19.6473331451416,19.6473331451416,86109000,20190222,TSLA,19.415332794189453,19.6473331451416,1,0.00980475211644648,0.05424843689479564,0.10886237035419773,0.028017277217333457,0.10826555443597993,0.07621038683316794,0.0830366296408089,0.026968535683621158,0.3975650971440108,0.00980459533822872,0.09721636434140878,-0.6082,0.3182,-0.14975999999999998
19.857332229614254,19.857332229614254,128737500,20190226,TSLA,19.917999267578125,19.857332229614254,0,0.2704807567202476,0.02048082794549617,0.06521333914744612,0.05944135367206262,0.044290571010877085,0.2212206617879957,0.020481718391606316,0.05772435981721387,0.04783950153879857,0.033468722169326386,0.15935818779892896,-0.4767,0.9538,0.3360142857142857
20.982667922973636,20.982667922973636,167758500,20190227,TSLA,19.857332229614254,20.982667922973636,1,0.1085859685415821,0.13636191839842093,0.025252525257057266,0.19191922964134642,0.025253444316834666,0.21969705587938249,0.0252525252576857,0.10858583625024205,0.025253254767851268,0.10858571643271116,0.02525252525688543,-0.3595,0.0,-0.2185
21.32533264160156,21.32533264160156,157810500,20190228,TSLA,20.982667922973636,21.32533264160156,1,0.13075214774633945,0.06249980535155328,0.2083342133731978,0.21767709179323658,0.09482102288709535,0.020833345206396923,0.18174772901518413,0.020833333335190725,0.02083354065541565,0.020834329008558625,0.020833441627831024,0.0,0.3182,0.2216
19.652666091918945,19.652666091918945,343671000,20190301,TSLA,21.32533264160156,19.652666091918945,0,0.037446498596472255,0.01635932956316325,0.07885869093356154,0.14731096722091686,0.16969644196764877,0.016358710872122723,0.07763811336822495,0.07885895063988432,0.01635891922373995,0.016358717126353,0.3447546604879119,0.144,0.6369,0.389475
19.02400016784668,19.02400016784668,256452000,20190304,TSLA,19.652666091918945,19.02400016784668,0,0.007576374113736,0.0075757575772228,0.0075758641131517,0.0075762527014906,0.0075764335493099,0.0075758292798206,0.0075769806558003,0.0075758927714147,0.0075759796937581,0.4541682814733161,0.4776463540709788,-0.586,-0.586,-0.586
18.43600082397461,18.43600082397461,281470500,20190305,TSLA,19.02400016784668,18.43600082397461,0,0.03787890399522495,0.0378787878797765,0.37120925315051395,0.037881326446896305,0.037878817993656846,0.03788021112391985,0.03787901830501225,0.0378787878799744,0.2878729294905869,0.0378818416375458,0.0378801220968918,-0.34,0.3612,0.010599999999999998
18.439332962036133,18.439332962036133,141637500,20190307,TSLA,18.416000366210938,18.439332962036133,1,0.1169375051772754,0.030226345961250352,0.15282013855350493,0.04242665197296126,0.012369055260534825,0.03424262795155026,0.11292563654516775,0.012369322647935789,0.07978118708264904,0.012369219929629775,0.3935323089175401,-0.5709,0.9186,0.3450875
18.94266700744629,18.94266700744629,132294000,20190308,TSLA,18.439332962036133,18.94266700744629,1,0.048008767865489264,0.05943722240313424,0.01943785193396752,0.01943765176626696,0.04800863301606778,0.13302759278875118,0.09851998272209016,0.01943782005155778,0.2824766783753435,0.019437427379560702,0.2527703716977706,0.0,0.7263,0.30558
19.39466667175293,19.39466667175293,110884500,20190311,TSLA,18.94266700744629,19.39466667175293,1,0.0189393939429729,0.1022745224757971,0.018940018275668602,0.0189403123977427,0.39393364906747175,0.01893940865729255,0.26894084517946687,0.01893977698189285,0.01893939394193965,0.10227328513777885,0.01893939394197575,0.3818,0.4404,0.4111
18.89066696166992,18.89066696166992,112561500,20190312,TSLA,19.39466667175293,18.89066696166992,0,0.1481354877514165,0.28834603808779874,0.07005167154705981,0.017151308708197612,0.18718680325056897,0.017151153352381716,0.06506560889984532,0.017151314779909613,0.017151113577295755,0.14095963367111025,0.031649866374415345,-0.3802,0.0,-0.14517142857142856
19.263999938964844,19.263999938964844,102670500,20190313,TSLA,18.89066696166992,19.263999938964844,1,0.03030303030473755,0.030303030304373903,0.030303324645460948,0.030303030304281803,0.36363538108378907,0.030303030304608902,0.3636366171689096,0.03030303030464325,0.03030303030424435,0.0303030303043378,0.03030346497061245,0.0,0.0,0.0
19.33066749572754,19.33066749572754,106551000,20190314,TSLA,19.263999938964844,19.33066749572754,1,0.013167392278993566,0.06872322413031719,0.36724925324807484,0.06346964976693857,0.013167485087138534,0.06777221501633866,0.013167673071921534,0.11185010709421146,0.0687229553496382,0.013167669896811401,0.19954237505961547,-0.3612,0.0516,-0.09460000000000002
18.36199951171875,18.36199951171875,221782500,20190315,TSLA,19.33066749572754,18.36199951171875,0,0.0303030303124639,0.3636364830525885,0.0303030303100988,0.0303030303099459,0.0303030303122429,0.030305194811007,0.3636337701197707,0.0303030303119438,0.0303030303097386,0.0303030303102536,0.0303033398399459,0.0,0.0,0.0
18.26799964904785,18.26799964904785,89206500,20190321,TSLA,18.239999771118164,18.26799964904785,1,0.019481003590502467,0.1513403614655083,0.13762024741003603,0.24112411609158102,0.2502162597365452,0.019480579827294665,0.10281399634303694,0.019480610616330937,0.019480519483008534,0.019480981321633565,0.019481324114521765,-0.296,0.6369,0.11363333333333335
17.635332107543945,17.635332107543945,131184000,20190322,TSLA,18.26799964904785,17.635332107543945,0,0.10492435261884223,0.15492403712976638,0.14658958268113514,0.10492457715293234,0.02159185305101595,0.021592047456031424,0.0215914261111554,0.1340899809356656,0.021590965543483352,0.12158888088980652,0.1465922964301654,-0.2263,0.9787,0.4665
17.3613338470459,17.3613338470459,153225000,20190325,TSLA,17.635332107543945,17.3613338470459,0,0.0151559500220143,0.0151517279130079,0.181818161356328,0.0151515151529709,0.0151515151534548,0.0151515151533514,0.015152070680096,0.5151462952537351,0.1818182190090579,0.0151515151530355,0.0151515151529476,0.0,0.0,0.0
17.851333618164062,17.851333618164062,110263500,20190326,TSLA,17.3613338470459,17.851333618164062,1,0.09132041774444655,0.039028855809634735,0.17444568998494567,0.1330591508727464,0.08859877654430272,0.0494455892331323,0.06105141407982769,0.07463266063107876,0.16869373151842823,0.05986206872560046,0.05986164485585604,-0.4497,0.9603,0.3385875
18.32200050354004,18.32200050354004,131688000,20190327,TSLA,17.851333618164062,18.32200050354004,1,0.0129870526431087,0.0129870129883137,0.6009886716441962,0.2821274355370394,0.0129870129886274,0.0129870129885413,0.0129875857100117,0.0129870129885746,0.0129870669248117,0.0129870129882788,0.0129871225984959,0.807,0.807,0.807
18.57466697692871,18.57466697692871,101611500,20190328,TSLA,18.32200050354004,18.57466697692871,1,0.0151515151531444,0.0151524136137294,0.225896073877281,0.0151515151527095,0.0151522940986963,0.0151518618674971,0.155609533499215,0.0151516246716689,0.015151515152674,0.0151517139985786,0.4972799389148053,0.5326,0.5326,0.5326
18.65733337402344,18.65733337402344,89869500,20190329,TSLA,18.57466697692871,18.65733337402344,1,0.06363650756530156,0.01363657499990006,0.09025250246128455,0.06034450491778465,0.01363668109955768,0.01363656488107332,0.3131246326630866,0.01363638810147096,0.169203162351037,0.11363609504094754,0.13525638591855568,0.1027,0.8689,0.49432
19.27866744995117,19.27866744995117,121656000,20190401,TSLA,18.65733337402344,19.27866744995117,1,0.020454726431169197,0.0204550839400999,0.345452619318414,0.0204593882851709,0.22045397618442922,0.02045528666318605,0.02045468412397245,0.27044821497352184,0.020454545455878798,0.02045489684748835,0.02045657777666885,0.0,0.442,0.221
19.058666229248047,19.058666229248047,82183500,20190402,TSLA,19.27866744995117,19.058666229248047,0,0.0227272727309658,0.0227272727301796,0.0227293138980392,0.0227294477853159,0.0227272727308795,0.0227272727306871,0.022727272730425,0.0227287255826687,0.0227298296589136,0.0227272727301009,0.7727190466918243,0.4588,0.4588,0.4588
19.45400047302246,19.45400047302246,118791000,20190403,TSLA,19.058666229248047,19.45400047302246,1,0.021992950928220102,0.10199087039741166,0.1511607998736108,0.021992309548378542,0.3196835088735216,0.1532215808899903,0.02199159063518448,0.06011291742429377,0.0638702360018982,0.06199081832601945,0.02199241710147066,0.0,0.7422,0.28432
17.851999282836914,17.851999282836914,355810500,20190404,TSLA,19.45400047302246,17.851999282836914,0,0.19997264785798058,0.06295527424790748,0.15692129127159152,0.021818488802135737,0.0218181818230237,0.141818835508205,0.183046006440642,0.021818307315177622,0.02181832003228746,0.02181924251152956,0.14619340418951893,0.0,0.8591,0.42112
18.33066749572754,18.33066749572754,195574500,20190405,TSLA,17.851999282836914,18.33066749572754,1,0.03439569392457029,0.03305488479181423,0.32231617830634185,0.017121226069219692,0.03269840083177428,0.03780129001591721,0.05674687234748789,0.01712148249065788,0.17931654499542685,0.10045443012621698,0.16897299610057231,-0.4215,0.5106,0.12683
18.21333312988281,18.21333312988281,156156000,20190408,TSLA,18.33066749572754,18.21333312988281,0,0.013169299272652632,0.0131737702296542,0.12715741299219707,0.013167620882874967,0.013168848946452502,0.013168662078947234,0.4621967305517051,0.0131675561842002,0.013167972072268034,0.06160826168974693,0.2568538650993006,-0.0258,0.0516,0.0086
18.15399932861328,18.15399932861328,88560000,20190409,TSLA,18.21333312988281,18.15399932861328,0,0.2026905380813657,0.181817306027935,0.0151518540975135,0.3221340704291062,0.0151515151546173,0.0151515151544531,0.1872952402019883,0.0151515151545158,0.0151520721837455,0.0151527110712429,0.0151516624435161,0.0,0.0,0.0
18.40399932861328,18.40399932861328,105919500,20190410,TSLA,18.15399932861328,18.40399932861328,1,0.06871073057803523,0.020687954678795875,0.020687790848973025,0.02068792860081265,0.0206878197463802,0.08318681258815504,0.1456865693810705,0.0831877435653256,0.22772502383643362,0.2073279684859248,0.10142365769009297,-0.296,0.4019,0.017625000000000002
17.84666633605957,17.84666633605957,101190000,20190412,TSLA,17.89466667175293,17.84666633605957,0,0.01878795935978294,0.1387882257712149,0.01878874855251574,0.06878814103087862,0.17797200907517127,0.06878865137398942,0.14293669266323467,0.052121227759603164,0.06878787877524417,0.0587884015140829,0.18545206412428172,-0.2732,0.4939,0.20882
17.7586669921875,17.7586669921875,150579000,20190415,TSLA,17.84666633605957,17.7586669921875,0,0.010625975302250349,0.010625813130387851,0.489821044129332,0.01062582985931665,0.01062598990061935,0.010625967547090349,0.01062573789955805,0.1270843066684149,0.18710660323327138,0.0106257378994453,0.12160699443031345,0.296,0.3612,0.3286
18.224000930786133,18.224000930786133,109093500,20190416,TSLA,17.7586669921875,18.224000930786133,1,0.0196971101979273,0.019696969701414248,0.18840300777988095,0.11969678265907349,0.35302795922918345,0.01969717147574145,0.019698532764713297,0.07675154089658374,0.01969768794490105,0.0196970411755589,0.14393619617502165,0.296,0.6284,0.46219999999999994
17.516666412353516,17.516666412353516,182206500,20190422,TSLA,18.21733283996582,17.516666412353516,0,0.01894044792123415,0.01893971996638285,0.018940360017929453,0.26893907226764824,0.018940353629226,0.0189415007905802,0.01893983466682055,0.018939393944098,0.14393932886472877,0.1104285505740386,0.3441114373573128,0.0,0.6114,0.3057
17.593332290649414,17.593332290649414,164158500,20190423,TSLA,17.516666412353516,17.593332290649414,1,0.07140503826085183,0.05108438173720199,0.2129697274289081,0.04057500892189831,0.04024153392668684,0.07427998245918342,0.08120075663408535,0.07065954354385687,0.03380587023158858,0.11863569966525674,0.2051424571904815,-0.9638,0.7003,-0.17427
17.243999481201172,17.243999481201172,160912500,20190424,TSLA,17.593332290649414,17.243999481201172,0,0.12880108040600746,0.02046878426206075,0.06593612288494034,0.08416560904025662,0.236132074156223,0.020468261222289987,0.06211999440592131,0.0204681016652095,0.020468194678090537,0.08296805809444936,0.25800371918455073,0.0,0.3182,0.1021125
16.5086669921875,16.5086669921875,327741000,20190425,TSLA,17.243999481201172,16.5086669921875,0,0.24170254902165056,0.06710042034876512,0.1578736222453063,0.0194807964088876,0.3017185760683286,0.0194805194823779,0.06709960610063724,0.019480752409456303,0.019480695046614368,0.0194825021122331,0.06709996075574223,0.0,0.0,0.0
15.675999641418455,15.675999641418455,335410500,20190426,TSLA,16.5086669921875,15.675999641418455,0,0.0151528651731311,0.0151515151534616,0.0151515837212423,0.0151541858598201,0.0151515151539303,0.0151515151538016,0.8484804012790115,0.0151515151538506,0.0151517613114955,0.0151516268869555,0.0151515151532996,0.807,0.807,0.807
16.097999572753906,16.097999572753906,250717500,20190429,TSLA,15.675999641418455,16.097999572753906,1,0.03939427824728968,0.03939415630256452,0.18939411897230285,0.08939472310768418,0.039393939396138875,0.30605877208662624,0.03939435629025444,0.0393942689919274,0.039393962793184724,0.13939342166438046,0.03939400214764624,0.0,0.8481,0.16962
15.912667274475098,15.912667274475098,141969000,20190430,TSLA,16.097999572753906,15.912667274475098,0,0.0303030303043187,0.0303067438189248,0.4206507316424356,0.0303030303039749,0.0303030303042887,0.3066174140342089,0.0303030303041302,0.0303030303042476,0.0303030303039465,0.0303030303040171,0.0303038983755067,-0.7351,-0.7351,-0.7351
17.022666931152344,17.022666931152344,162508500,20190506,TSLA,17.00200080871582,17.022666931152344,1,0.10707057723139424,0.023737902135665165,0.1904038543890184,0.15585635786940336,0.02373737374027497,0.07581209233041115,0.023737538354830636,0.023737618332479466,0.21732154449220284,0.023737373739648168,0.13484776738467122,0.0,0.4404,0.1468
16.470666885375977,16.470666885375977,151971000,20190507,TSLA,17.022666931152344,16.470666885375977,0,0.06560574281806673,0.02560636047868094,0.15591201049042952,0.16258364326489944,0.12332132831262052,0.025606160422035278,0.09227262366477404,0.19227284084962054,0.02560617675607068,0.02560626614938986,0.10560684679341185,-0.5423,0.34,0.0335
16.32266616821289,16.32266616821289,92646000,20190508,TSLA,16.470666885375977,16.32266616821289,0,0.105485990132619,0.0155576437305074,0.321509622652692,0.0155573873702368,0.01555739885974265,0.015557359309065025,0.015560694162134825,0.015557362146038176,0.015558051671298251,0.015558077071382424,0.4485404128942829,0.0,0.4404,0.299725
16.131999969482422,16.131999969482422,100671000,20190509,TSLA,16.32266616821289,16.131999969482422,0,0.13311717857316271,0.03787943780936471,0.3893589625517676,0.037879429738174146,0.0378790057050402,0.08549780911629982,0.07925301738194764,0.037879323676184504,0.03787882260163554,0.03787888163633286,0.08549813121008984,-0.3818,0.7906,0.1006857142857143
15.968000411987305,15.968000411987305,105124500,20190510,TSLA,16.131999969482422,15.968000411987305,0,0.1703007934749396,0.02030558743606026,0.42910652646160424,0.07030434729671478,0.02030330857135802,0.09816112762661064,0.11030289622011806,0.02030372924588278,0.0203034972311814,0.02030468629122078,0.020303500144308977,-0.5994,0.7003,-0.16946
15.487333297729492,15.487333297729492,108786000,20190514,TSLA,15.133999824523926,15.487333297729492,1,0.06098512500615987,0.01931818181945445,0.12348390819120164,0.1859837495627986,0.10607111238110291,0.04431865832210723,0.12006682259577256,0.0609848770086528,0.13598495000117497,0.12348443329222637,0.0193181818193481,0.0,0.5256,0.22169999999999998
15.463333129882812,15.463333129882812,109440000,20190515,TSLA,15.487333297729492,15.463333129882812,0,0.5227247727012343,0.272727448581724,0.0227283384088825,0.0227272727307355,0.0227272727318875,0.0227272727316397,0.0227276910244055,0.022727272731735,0.0227281128961475,0.0227272727308905,0.0227272727307174,0.0,0.0,0.0
15.222000122070312,15.222000122070312,112249500,20190516,TSLA,15.463333129882812,15.222000122070312,0,0.08374228717323062,0.028185881834026583,0.06985196865810454,0.11880540113492621,0.0281857031877731,0.24479211915804375,0.11151942869179415,0.028185932131050685,0.1549847286607752,0.10356078175635741,0.028185767613917334,0.0,0.8883,0.36003333333333337
14.0686674118042,14.0686674118042,266800500,20190517,TSLA,15.222000122070312,14.0686674118042,0,0.013757193271449933,0.013757340330443867,0.0949315203392605,0.013756613758881634,0.217229179437512,0.0613761384949845,0.013757054059497066,0.13258101747992615,0.013756918592040366,0.25185202530603523,0.17324499892996822,-0.7269,0.0,-0.3622
13.67199993133545,13.67199993133545,270058500,20190521,TSLA,13.690667152404783,13.67199993133545,0,0.02373789877578003,0.24595837783038785,0.023737714085198067,0.10707079741718552,0.023737709878290866,0.10707064501685569,0.0237380143602758,0.17373716291284494,0.023737380465333066,0.09040359730455712,0.15707070195329062,-0.2263,0.25,0.0672
12.84866714477539,12.84866714477539,280278000,20190522,TSLA,13.67199993133545,12.84866714477539,0,0.0090916055897069,0.009090909093379,0.009091128980257,0.009092336427077,0.0090909090939739,0.0090928809737994,0.0090911683497942,0.4361462845658558,0.2927438192494379,0.0090909090933117,0.1983780485834067,-0.4754,-0.4754,-0.4754
13.03266716003418,13.03266716003418,398206500,20190523,TSLA,12.84866714477539,13.03266716003418,1,0.18299700753412987,0.015814208871535406,0.03892449477951858,0.015814621472859412,0.062129382156974194,0.031306803314290976,0.055029576798104565,0.17194264109078036,0.22593565090095288,0.05434590324577656,0.14575970983507672,-0.5221,0.7184,0.1090764705882353
12.708666801452637,12.708666801452637,212049000,20190524,TSLA,13.03266716003418,12.708666801452637,0,0.31645892259204944,0.057570046185521855,0.11066245187813348,0.06583394556649357,0.019002555492018756,0.08566877359743039,0.029064937378554336,0.06782297332040853,0.15536520116015715,0.03718402592936126,0.05536616689987077,-0.2714,0.6705,0.2251090909090909
12.579999923706056,12.579999923706056,154693500,20190528,TSLA,12.708666801452637,12.579999923706056,0,0.0303030303077422,0.0303030303067393,0.0303030303065597,0.0303030303064831,0.3636366100914085,0.3636361171470867,0.0303030303070515,0.030303030307483,0.0303030303063801,0.0303030303066378,0.0303030303064278,0.8225,0.8225,0.8225
12.657333374023438,12.657333374023438,179529000,20190529,TSLA,12.579999923706056,12.657333374023438,1,0.0252528156556228,0.025253078209233632,0.19191706008326334,0.025255575991626398,0.025253809751264733,0.1961954114531038,0.025253101732371566,0.13208695468852935,0.08080749448626506,0.24747136826473412,0.0252533296839849,-0.7579,0.1531,-0.39223333333333327
12.54800033569336,12.54800033569336,118897500,20190530,TSLA,12.657333374023438,12.54800033569336,0,0.013931579348271434,0.07376199012332119,0.20425981949481956,0.05051031669972841,0.027820181097016866,0.058369486703988754,0.013931368790774367,0.08059814340611461,0.2335036609310214,0.013931082995269633,0.22938237040967327,-0.7906,0.8934,0.24021666666666666
12.343999862670898,12.343999862670898,156100500,20190531,TSLA,12.54800033569336,12.343999862670898,0,0.08301513859660316,0.01977076580123158,0.06976880031989534,0.019769537296627678,0.21976642947275407,0.01976930363587058,0.19461789749444916,0.0197697800657175,0.01976984695627104,0.13643527697117022,0.19754722338940922,-0.25,0.4588,0.11664
11.9313325881958,11.9313325881958,195966000,20190603,TSLA,12.343999862670898,11.9313325881958,0,0.0151544703809496,0.0151524827451638,0.1890789207979939,0.0151517895384523,0.0151515151533023,0.0151521281308385,0.3929432881438128,0.0151515151532438,0.0151515151528166,0.0151520057719321,0.2967603690314938,0.0,0.0,0.0
12.90666675567627,12.90666675567627,207112500,20190604,TSLA,11.9313325881958,12.90666675567627,1,0.5807531926124486,0.0153688832812261,0.03869850333004302,0.015368368075898675,0.03620259541578913,0.09542805945524704,0.015368268196868625,0.015368536249107227,0.01536813253341625,0.015368391521198826,0.1567070693287561,-0.1531,0.0516,-0.025375
13.105999946594238,13.105999946594238,202662000,20190605,TSLA,12.90666675567627,13.105999946594238,1,0.018184530536163,0.0181836893189359,0.018182058271728,0.0181818181839941,0.0181818181847171,0.0181818181845627,0.6181783224104134,0.0181818181846222,0.0181822127249716,0.0181824639312316,0.2181794500686599,0.0,0.0,0.0
14.19200038909912,14.19200038909912,158775000,20190610,TSLA,13.633333206176758,14.19200038909912,1,0.22424202416979055,0.024243194089004425,0.024244065480060625,0.0242428774564031,0.024242551902091725,0.024242497964872475,0.024242503054051998,0.0742424343487031,0.02424254227216585,0.19090795845374658,0.3409073508091091,0.4201,0.7959,0.537575
14.473333358764648,14.473333358764648,174802500,20190611,TSLA,14.19200038909912,14.473333358764648,1,0.01461160595308765,0.10754320182935516,0.01461066914586265,0.20045119961361105,0.01461045592524035,0.0146106537152977,0.09147663508779309,0.389609297070554,0.0518273957150757,0.08603739319177961,0.01461149275234265,-0.6486,-0.4939,-0.57125
13.95066738128662,13.95066738128662,227962500,20190612,TSLA,14.473333358764648,13.95066738128662,0,0.0242424669862511,0.0242439197576465,0.30226803099874927,0.19090759956054879,0.02424242424363025,0.02424242424356575,0.02424250906125145,0.024243265095408598,0.024242424243302252,0.19090827287898554,0.1462166629306602,0.1531,0.5719,0.3625
14.260666847229004,14.260666847229004,122524500,20190613,TSLA,13.95066738128662,14.260666847229004,1,0.02121218017976463,0.08787965394967218,0.25243950471146426,0.021213873846204268,0.021212696512059134,0.15504579378163988,0.0212130991006261,0.22281139463367303,0.021212121214543134,0.021213118928150768,0.15454656314220208,0.0,0.7269,0.3627
14.32800006866455,14.32800006866455,111501000,20190614,TSLA,14.260666847229004,14.32800006866455,1,0.0111111630122153,0.011111259670940366,0.011111373012184234,0.18539815594574097,0.20968878617681408,0.011111111113701768,0.0541456297893918,0.0111113345615886,0.0111112233171269,0.19303640779595968,0.2910635556043359,0.0,0.6249,0.3355666666666666
15.001999855041504,15.001999855041504,184752000,20190617,TSLA,14.32800006866455,15.001999855041504,1,0.037576510719273495,0.03757575757840204,0.037575859508224,0.07090967039275464,0.07757576904908292,0.10424235013198538,0.03757680439932548,0.07862656442072598,0.2765239733059968,0.1042409476635281,0.13757579283070082,-0.1511,0.25,0.01978
14.982666969299316,14.982666969299316,190737000,20190618,TSLA,15.001999855041504,14.982666969299316,0,0.0303030303075565,0.0303030303065929,0.0303030303064215,0.3636362270961465,0.03030303030745,0.0303030303072146,0.030303030306894,0.3636365001426851,0.0303030303062483,0.0303030303064958,0.0303030303062944,0.0,0.0,0.0
15.095333099365234,15.095333099365234,98626500,20190619,TSLA,14.982666969299316,15.095333099365234,1,0.01659501425721645,0.05230878616098818,0.09992885413521617,0.016595120572379773,0.18326117109895962,0.016595156393208577,0.05908367823809852,0.0165947886115939,0.016594972538811648,0.28101676482065496,0.2414256931728717,-0.8402,0.2023,-0.15947499999999998
14.641332626342772,14.641332626342772,177952500,20190620,TSLA,15.095333099365234,14.641332626342772,0,0.01666695324965955,0.01666731518117165,0.01666854750344835,0.24424981732825415,0.1833330606050814,0.31666624198678467,0.139080204771716,0.0166668497445037,0.01666666666862945,0.0166670503856203,0.01666729257513035,-0.0865,0.2023,0.05790000000000001
14.790666580200195,14.790666580200195,123031500,20190621,TSLA,14.641332626342772,14.790666580200195,1,0.02049110739152697,0.3982671788607603,0.0204916952024938,0.1316018638858483,0.07090822935688411,0.06810970487416383,0.020491227166770033,0.020490656597149336,0.020490620492985334,0.02049113777839547,0.20816657839302186,0.0,0.7263,0.45439999999999997
14.90933322906494,14.90933322906494,86262000,20190624,TSLA,14.790666580200195,14.90933322906494,1,0.08174042653529777,0.03528189447281175,0.09779126326696935,0.03773234440467867,0.032088423898868776,0.06913243952107535,0.04165428244171241,0.11950444846915136,0.260412631224395,0.018125118056476954,0.20653672770856213,-0.5994,0.802,0.15387647058823528
14.650667190551758,14.650667190551758,92731500,20190625,TSLA,14.90933322906494,14.650667190551758,0,0.07082623150184661,0.01921051828438606,0.06830108992804426,0.05921015563993428,0.10587705980552911,0.0858767766764438,0.01921036547242063,0.07254383141160485,0.3987400286761126,0.01921080608984669,0.0809931365138307,-0.0772,0.8777,0.24767
14.618000030517578,14.618000030517578,127608000,20190626,TSLA,14.650667190551758,14.618000030517578,0,0.0475765501061693,0.027537275433205683,0.04604567749924917,0.10452812889381943,0.04772931745593786,0.09661198393218089,0.04806652985923609,0.06566389829314004,0.40679123048537236,0.02264505665823744,0.08680435138345124,-0.5267,0.4404,-0.05010000000000001
14.855999946594238,14.855999946594238,95095500,20190627,TSLA,14.618000030517578,14.855999946594238,1,0.10737052335764175,0.018398268401218425,0.08729132758915664,0.060064968681219424,0.01839829579486215,0.018398691844996123,0.01839842508751155,0.06006497706701318,0.101731493729127,0.06006500489996295,0.4498180235472904,-0.7227,0.1779,-0.10435
14.897333145141602,14.897333145141602,102771000,20190628,TSLA,14.855999946594238,14.897333145141602,1,0.021212121215293433,0.0212121212146181,0.0878783368286757,0.021212913748073367,0.39888520428479884,0.10454551853495236,0.10454548914853472,0.021212121215118233,0.10454547908422905,0.0935381261139892,0.021212568611716467,0.0,0.6705,0.3937
15.14466667175293,15.14466667175293,123201000,20190701,TSLA,14.897333145141602,15.14466667175293,1,0.0129870129880044,0.0129870129877933,0.1558431284364394,0.1558440977712425,0.5844156208820438,0.0129870129879298,0.0129870129878595,0.0129870129879496,0.0129870129877181,0.0129870129877722,0.0129880619952471,0.296,0.296,0.296
14.970000267028809,14.970000267028809,138885000,20190702,TSLA,15.14466667175293,14.970000267028809,0,0.11136362082362704,0.10479790255388144,0.13257656270003348,0.3898972866090984,0.0214648651755218,0.1325758961662506,0.021464783349130736,0.021464777360987935,0.021464653084231598,0.0214648176745933,0.021464834502643165,0.2023,0.8118,0.4848333333333333
15.65999984741211,15.65999984741211,213016500,20190703,TSLA,14.970000267028809,15.65999984741211,1,0.011291885385031626,0.011291889869742701,0.43663418646174446,0.0541725046302879,0.011291606707437925,0.0112928186843028,0.18986164570573139,0.011291809976245924,0.0644958887869172,0.01129184761458545,0.18708391617797218,0.6249,0.8591,0.744775
15.355999946594238,15.355999946594238,88207500,20190708,TSLA,15.539999961853027,15.355999946594238,0,0.14478816602172084,0.0514937551922877,0.26131452084805584,0.033919422844262866,0.06224080493568031,0.015608795498313757,0.1577469887867941,0.015608606741588343,0.11413058922993821,0.06062371673861725,0.08252463316274022,-0.2263,0.7498,0.16612222222222223
15.337332725524902,15.337332725524902,92862000,20190709,TSLA,15.355999946594238,15.337332725524902,0,0.06980896092688305,0.15414836441661756,0.06941938234077895,0.012481998086301826,0.0124820657042144,0.08237103048086988,0.18944007521367043,0.012482471949588075,0.0402606362896939,0.16635804280741742,0.19074697178396408,-0.6705,0.6808,0.149675
15.928000450134276,15.928000450134276,137185500,20190710,TSLA,15.337332725524902,15.928000450134276,1,0.0151528057137746,0.0151535770681826,0.015152723710273399,0.22539422113110605,0.0984843175353817,0.01515328231859875,0.2215700136884519,0.01515238282816195,0.015152726788890649,0.015153710189483149,0.34848023902769465,0.0,0.6997,0.34985
15.90666675567627,15.90666675567627,112716000,20190711,TSLA,15.928000450134276,15.90666675567627,0,0.1363635785656106,0.1448363837181905,0.0113645865457036,0.0113636363655432,0.0113636363661767,0.0113636363660419,0.0113636363658569,0.0113636363660938,0.0113638586326201,0.1278902418169589,0.5113631688912031,0.8309,0.8309,0.8309
16.338666915893555,16.338666915893555,138007500,20190712,TSLA,15.90666675567627,16.338666915893555,1,0.01818251492087588,0.018182128650679842,0.018181944206099497,0.01818181818298498,0.10818152321692329,0.13922579705958876,0.01818314018337586,0.01818188531390082,0.38570740585317537,0.09437393232223061,0.1634179100901646,-0.191,0.8834,0.21885999999999997
16.825332641601562,16.825332641601562,122235000,20190716,TSLA,16.899999618530273,16.825332641601562,0,0.08183671235998882,0.05220799172145732,0.3416130729370429,0.05215882776004625,0.029876274210415523,0.06517095136769539,0.09276769481950695,0.04294884805887106,0.015171077956797967,0.0892446721956918,0.1370038766124856,-0.1531,0.6808,0.23754444444444445
16.99066734313965,16.99066734313965,146470500,20190717,TSLA,16.825332641601562,16.99066734313965,1,0.0181818181832827,0.0181818181829714,0.0181838135164509,0.0181818181828919,0.0181818181832489,0.3640869038840776,0.4722747371351991,0.0181818181832022,0.01818181818286,0.0181818181829398,0.0181818181828751,0.3818,0.3818,0.3818
16.902666091918945,16.902666091918945,71379000,20190718,TSLA,16.99066734313965,16.902666091918945,0,0.09801576402205486,0.032387504422652126,0.21798843547770486,0.09891002541115605,0.07103320300097636,0.1067831974569432,0.027662030164918874,0.15034810759141073,0.05016770298696044,0.06548556556810788,0.08121846389711414,-0.8316,0.9493,0.0759875
17.211999893188477,17.211999893188477,105726000,20190719,TSLA,16.902666091918945,17.211999893188477,1,0.43181731827160474,0.015151515152376099,0.015151939695411,0.015151515152317451,0.015151745498548,0.015151611327640951,0.25301824160553615,0.01515151515254865,0.19395116801390944,0.0151519149778027,0.01515151515230425,0.0,0.0,0.0
17.045333862304688,17.045333862304688,102636000,20190722,TSLA,17.211999893188477,17.045333862304688,0,0.197559817170616,0.022390977471273422,0.04461336118830384,0.044613155640643457,0.0446125823287037,0.08893901569840512,0.022390641121665777,0.09994134638603303,0.23433904756370502,0.10413538143477405,0.0964646739958762,0.0,0.6249,0.12093333333333334
17.658666610717773,17.658666610717773,166092000,20190724,TSLA,17.344667434692383,17.658666610717773,1,0.18939413966143281,0.0227272727300399,0.02272727272990775,0.1570147146875153,0.022727451396553,0.22177279368272354,0.27272718394982737,0.0227272727305937,0.02272735297163305,0.0227272727299647,0.02272727272980845,0.0,0.1531,0.07655
15.254667282104492,15.254667282104492,336274500,20190725,TSLA,17.658666610717773,15.254667282104492,0,0.10841644872027034,0.01439394440482005,0.09070337324305112,0.0143943896947595,0.014394350828327926,0.014394109173385801,0.014394160794853374,0.36906044270971616,0.17989727120512541,0.014394053891797074,0.16555745533389277,-0.4215,0.7906,0.182575
15.202667236328123,15.202667236328123,150415500,20190726,TSLA,15.254667282104492,15.202667236328123,0,0.022728689686081733,0.022727272729631032,0.02272824968264317,0.022727412747931133,0.022728765501837635,0.022727945766398933,0.4116121183745953,0.022727272730103467,0.27272611448222844,0.022727757720362163,0.13383840057818647,0.0,0.8118,0.2706
15.718000411987305,15.718000411987305,139099500,20190729,TSLA,15.202667236328123,15.718000411987305,1,0.0151516981979956,0.0151517332470766,0.0151518539110204,0.3964090721877737,0.0151515151540783,0.0151515151539417,0.0151516008769441,0.015151907739369,0.0151515151533817,0.0151517133761593,0.467225875002259,0.2732,0.2732,0.2732
16.150667190551758,16.150667190551758,121635000,20190730,TSLA,15.718000411987305,16.150667190551758,1,0.1653310004870462,0.0113636363643961,0.011363976834612,0.0113640872365016,0.011363754113826,0.011363636364529,0.543379645018934,0.0113636698864393,0.0113636363643231,0.0113636363643756,0.2003793209650163,0.4215,0.4215,0.4215
16.107332229614258,16.107332229614258,137673000,20190731,TSLA,16.150667190551758,16.107332229614258,0,0.0129870346152427,0.0129883354064483,0.0129871688991874,0.3318104804483348,0.0129870129877255,0.235524247708863,0.0129870223931282,0.0129875584007815,0.3287667972355936,0.0129870129875716,0.0129873289171229,0.3089,0.3089,0.3089
15.59000015258789,15.59000015258789,123892500,20190801,TSLA,16.107332229614258,15.59000015258789,0,0.012373793483866467,0.012373858809834368,0.17904080176824874,0.17256947028273706,0.16623061482598758,0.20924799476900038,0.012374075226487901,0.0123738627196268,0.08216580507781564,0.07215843046811589,0.06909129256827866,0.0,0.6369,0.3905
15.221332550048828,15.221332550048828,105424500,20190805,TSLA,15.62266731262207,15.221332550048828,0,0.0082644628125702,0.0082644628120053,0.0082644844929412,0.3485590014562582,0.0082646404321415,0.0082666000394999,0.2112580038118474,0.0991726479838336,0.1922477751869221,0.0991734581601487,0.0082644628118316,0.7749,0.7749,0.7749
15.383333206176758,15.383333206176758,83463000,20190806,TSLA,15.221332550048828,15.383333206176758,1,0.0186234001368111,0.018622744475850002,0.08528928144623242,0.17862228365351632,0.018622853135877797,0.06317831683314762,0.0821649781955096,0.060984719917803035,0.28356545377973835,0.17170327146181988,0.0186226969636935,0.0,0.9387,0.5619799999999999
15.56133270263672,15.56133270263672,71647500,20190807,TSLA,15.383333206176758,15.56133270263672,1,0.022727507451768048,0.022727515868348702,0.02272727272866195,0.02272755324843145,0.18939331441158905,0.13326186157488254,0.02272727272885535,0.0227272727290243,0.49552496918900235,0.0227272727286929,0.0227281873407429,-0.1531,0.0,-0.07655
15.886667251586914,15.886667251586914,79114500,20190808,TSLA,15.56133270263672,15.886667251586914,1,0.0094280993912797,0.009428385353639135,0.30997589138349424,0.08369605680347385,0.07534944427593486,0.009428105927915001,0.04778428091785724,0.10942761003990586,0.009427677161271,0.23164967996212582,0.1044047687831029,0.7503,0.9052,0.8323666666666667
15.667332649230955,15.667332649230955,58473000,20190809,TSLA,15.886667251586914,15.667332649230955,0,0.04735705576419848,0.06543741680386848,0.06432327067904568,0.13688948979790808,0.1340232770095247,0.10103095183358415,0.1750943587357153,0.0267958555946559,0.1252603354509596,0.017357338696607237,0.10643064963393191,-0.3182,0.9022,0.19552666666666668
14.37600040435791,14.37600040435791,122394000,20190815,TSLA,14.641332626342772,14.37600040435791,0,0.020833402085730326,0.11299157949317912,0.1458330543837198,0.020833376417031625,0.0625005056376784,0.27083316125294893,0.02083343007842225,0.020834662696789425,0.02083462699904195,0.095340968584664,0.20833123237079362,-0.3595,0.6705,0.195325
14.662667274475098,14.662667274475098,76477500,20190816,TSLA,14.37600040435791,14.662667274475098,1,0.0303030303196723,0.0303095978214515,0.030303030315495,0.0303030303152255,0.030305549023226,0.0303030303184129,0.3636371057062203,0.0303030303187501,0.0303030303148602,0.0303030303157799,0.3636265352309056,0.0,0.0,0.0
15.121999740600586,15.121999740600586,79644000,20190819,TSLA,14.662667274475098,15.121999740600586,1,0.0227272727316844,0.0227272727307457,0.0227272727305798,0.272725349945327,0.0227272727315837,0.0227281433755938,0.5227272665768835,0.0227282559317345,0.0227272727304105,0.0227272727306515,0.0227273477848052,0.0,0.0,0.0
15.057332992553713,15.057332992553713,61878000,20190820,TSLA,15.121999740600586,15.057332992553713,0,0.03768850318546255,0.041579069539799104,0.0433291934970363,0.03963198087928022,0.08129840745122473,0.026947560487162542,0.20080509533610646,0.024989113052865268,0.19025926411410496,0.05047368267383769,0.26299812978311965,0.0,0.8777,0.34018
14.333333015441896,14.333333015441896,75778500,20190826,TSLA,14.09333324432373,14.333333015441896,1,0.021212121213849966,0.0212121212134817,0.021212121213417034,0.021212268284481233,0.35885350627433327,0.021212121213719532,0.021213240573577,0.10454534348583246,0.27850649320534654,0.021212121213444932,0.10960854210851588,0.0,0.2382,0.0794
14.272000312805176,14.272000312805176,81243000,20190827,TSLA,14.333333015441896,14.272000312805176,0,0.026515151516794927,0.02651515996206585,0.026515151516383374,0.08901599936084052,0.15151562741649116,0.026515151516671425,0.0265151515165548,0.1515135484956497,0.42234843264755584,0.02651547453465385,0.02651515151633805,0.0,0.0,0.0
14.37266731262207,14.37266731262207,48382500,20190828,TSLA,14.272000312805176,14.37266731262207,1,0.023674242427479626,0.023674367207570525,0.09659055178394431,0.023674305406968025,0.19034052314644045,0.058442712617155904,0.023674604048098,0.02367432250141795,0.3014081483017358,0.08617328312186454,0.14867293943732446,0.0,0.2023,0.050575
15.000666618347168,15.000666618347168,80311500,20190903,TSLA,15.040666580200195,15.000666618347168,0,0.276379702982553,0.0181818181833743,0.0181854611904575,0.2494566508253468,0.018181818183749,0.0181818181836461,0.0181825490996621,0.0181818181836863,0.018181818183224,0.0181823783284843,0.3287041666558158,0.3612,0.3612,0.3612
14.711999893188477,14.711999893188477,86415000,20190904,TSLA,15.000666618347168,14.711999893188477,0,0.14204542206792434,0.01704545454887315,0.2335842096209926,0.1420455928353097,0.01704545454969635,0.0170455905504261,0.01704545454916285,0.017045454549557998,0.0170454545485431,0.01704545454878015,0.36300645763073325,-0.6808,-0.6486,-0.6647
15.305333137512209,15.305333137512209,110929500,20190905,TSLA,14.711999893188477,15.305333137512209,1,0.0151517269847412,0.0151521905264352,0.0151515151526041,0.0151533210780474,0.1818169206856107,0.0151516891804409,0.0151517537256319,0.0151515151528883,0.0151515151525487,0.6818156329702506,0.0151522193908007,0.0,0.0,0.0
15.16333293914795,15.16333293914795,62841000,20190906,TSLA,15.305333137512209,15.16333293914795,0,0.0242424242459831,0.024242424245225748,0.02424278556004815,0.02424242424503375,0.3242423945526212,0.1242423217380816,0.024242997824019702,0.20072792367349376,0.181089455425349,0.02424242424515045,0.024242424244993052,0.0,0.3182,0.1591
15.452667236328123,15.452667236328123,72040500,20190909,TSLA,15.16333293914795,15.452667236328123,1,0.1083588731900879,0.04234183043805112,0.05749272749461999,0.02416000127447295,0.07832629188628353,0.0691608747374443,0.02416079287546364,0.061688047489462924,0.3197522228694239,0.10861877217234972,0.10593956557233959,-0.8689,0.2975,-0.09024
15.702667236328123,15.702667236328123,73255500,20190910,TSLA,15.452667236328123,15.702667236328123,1,0.0359851719958812,0.08654748913713886,0.07765151363411667,0.03598495406811988,0.0359851591718291,0.03598543074457145,0.03598536499945003,0.22348474290039524,0.20265135488719688,0.10973023214135073,0.1200085863199495,-0.2023,0.5423,0.2656
16.47333335876465,16.47333335876465,150642000,20190911,TSLA,15.702667236328123,16.47333335876465,1,0.11666673080205606,0.0166666666682091,0.1000000263462382,0.016667853127889452,0.1166665104576115,0.09999985004762721,0.10000023529007535,0.0999999700319775,0.016666666668060798,0.01666666666816765,0.2999988238920867,0.0,0.8983,0.44915
16.391332626342773,16.391332626342773,128718000,20190912,TSLA,16.47333335876465,16.391332626342773,0,0.02272747444213532,0.09279585624187783,0.08939362387240703,0.08939392739073267,0.08939411813056274,0.02272727698842744,0.15606086197142652,0.02272752857037928,0.0227272727290162,0.02272734610579548,0.3693247135572391,-0.296,0.8553,0.19024
16.187332153320312,16.187332153320312,70921500,20190916,TSLA,16.34666633605957,16.187332153320312,0,0.3865231327672125,0.0156567733910639,0.1868528428679405,0.015656924032310032,0.09899030369271766,0.09899013431993292,0.015656717978838667,0.0513701320818889,0.098989039153927,0.015657342197592298,0.0156566575165751,0.541,0.9387,0.7639666666666667
16.319332122802734,16.319332122802734,57981000,20190917,TSLA,16.187332153320312,16.319332122802734,1,0.04602307464117035,0.05992021455654355,0.021022864461927124,0.25329546537826936,0.021023050618049897,0.11175280651271219,0.021022754829165574,0.07102243939049682,0.048199828297828526,0.021022906564453853,0.3256945947493822,-0.4215,0.7871,0.09785
16.232667922973633,16.232667922973633,62553000,20190918,TSLA,16.319332122802734,16.232667922973633,0,0.20454335394675194,0.03787898211472734,0.19879184659349025,0.03787878788212943,0.03787878788323553,0.0378787878829987,0.126968687358103,0.20454370417002163,0.03787878788202676,0.03787948640444197,0.03787878788207307,0.0,0.4404,0.1468
16.440000534057617,16.440000534057617,71937000,20190919,TSLA,16.232667922973633,16.440000534057617,1,0.025541248794580435,0.025541281654211063,0.15887485765680068,0.19220882925855268,0.0255415317066774,0.025541125542530168,0.15887447947510233,0.21601429990380017,0.0255429143847327,0.12077777136878075,0.025541660254231033,0.0,0.6981,0.4627333333333334
16.041332244873047,16.041332244873047,95295000,20190920,TSLA,16.440000534057617,16.041332244873047,0,0.2727262029018811,0.0227272727295158,0.0227278209526538,0.5227249191691817,0.0227277479093979,0.0227276774714463,0.022727272729704,0.0227283636292207,0.0227272727292983,0.0227281770483725,0.0227272727293274,0.4404,0.4404,0.4404
16.082000732421875,16.082000732421875,65103000,20190923,TSLA,16.041332244873047,16.082000732421875,1,0.06294760641113947,0.020444765687523174,0.07758783012543068,0.077587791565383,0.05615909352194386,0.21279826271011962,0.0943991523398084,0.020445587991209244,0.1145751533558413,0.056158988038381055,0.2068957682532198,0.0,0.7345,0.21182857142857145
14.880666732788086,14.880666732788086,193372500,20190924,TSLA,16.082000732421875,14.880666732788086,0,0.1403231888750446,0.07880313022898945,0.0628657416440618,0.03273649779736616,0.13489054015863652,0.12542357481101227,0.11472858129456652,0.07819100462211374,0.07705409886108577,0.01758517210130599,0.13739846960581667,0.0,0.9042,0.42010000000000003
16.17066764831543,16.17066764831543,178267500,20190926,TSLA,15.24666690826416,16.17066764831543,1,0.1129677536950701,0.020444771615972055,0.07369020676199978,0.020444740695090984,0.02044477704866971,0.020444823488053956,0.18944666275168812,0.0775873800251398,0.1812088659520035,0.12421143213756648,0.1591085858287451,0.0,0.802,0.1694
16.142000198364258,16.142000198364258,166746000,20190927,TSLA,16.17066764831543,16.142000198364258,0,0.012284140185458118,0.06228353857268203,0.012283715815359267,0.06837827509802419,0.012283602022926334,0.24475233072433356,0.06442182689231853,0.26150416605339316,0.2164068223662365,0.012283893328728049,0.03311768894053975,-0.5267,0.8398,0.18756666666666666
16.058000564575195,16.058000564575195,88197000,20190930,TSLA,16.142000198364258,16.058000564575195,0,0.0181818181828479,0.0181818181826287,0.8181705715728071,0.0181884755745516,0.018181818182824,0.0181818181827705,0.0181857025821576,0.0181819656973457,0.0181822120726455,0.0181819815868599,0.018181818182561,0.0,0.0,0.0
16.312667846679688,16.312667846679688,92439000,20191001,TSLA,16.058000564575195,16.312667846679688,1,0.04203426643163105,0.08092307331190317,0.08092265843211789,0.014256550938318534,0.0142566087411978,0.014256837908812632,0.08826942375090756,0.20856986363308452,0.23827832766522758,0.014256290728395802,0.203976098458403,-0.296,0.7717,0.28501666666666664
16.208667755126953,16.208667755126953,84471000,20191002,TSLA,16.312667846679688,16.208667755126953,0,0.01893963679333635,0.0189393939407176,0.16131274035778115,0.3939349841192879,0.0189395969858364,0.0189393939409491,0.18560666057279115,0.0189394166117142,0.01893967101625305,0.1265684402099678,0.0189400654513648,0.0,0.4574,0.2287
15.428667068481444,15.428667068481444,119925000,20191004,TSLA,15.535332679748535,15.428667068481444,0,0.1515150559624075,0.2765151296469757,0.026515151516693952,0.026515151516660597,0.02651515151716105,0.0265151515170538,0.0265151515169079,0.026515151517095,0.3598484848448639,0.02651526892754445,0.0265151515166357,0.4926,0.6588,0.5757
15.847999572753906,15.847999572753906,120963000,20191007,TSLA,15.428667068481444,15.847999572753906,1,0.0303030303057584,0.0303030303051786,0.0303030303050749,0.0303030303050306,0.0303084911894332,0.0303030303055529,0.0303030303053595,0.0303030303056081,0.6969642360628852,0.03030303030512,0.0303030303049982,0.0,0.0,0.0
16.003332138061523,16.003332138061523,130173000,20191008,TSLA,15.847999572753906,16.003332138061523,1,0.01623392645697535,0.09956573455412482,0.07533318540807117,0.1139531830645228,0.016234263027314323,0.05790205660026395,0.19148289710838123,0.0579003759709044,0.30878784916988294,0.0162339432582126,0.046372585381345977,-0.34,0.891,0.2444
16.302000045776367,16.302000045776367,103416000,20191009,TSLA,16.003332138061523,16.302000045776367,1,0.0287879187891149,0.07878781110478292,0.12878747719700623,0.06212127091462212,0.02878847184391018,0.0287878867472046,0.16211944378623433,0.028788126777131502,0.26212125295888783,0.128788132211508,0.06212220766959686,-0.6249,0.0,-0.17665999999999998
16.31599998474121,16.31599998474121,94249500,20191010,TSLA,16.302000045776367,16.31599998474121,1,0.15719047540424816,0.015693217212685132,0.015695582431893867,0.4035253678289024,0.015692693191901964,0.015695171226129734,0.06374143932841396,0.015692640693770802,0.01569266435506,0.015692683908349134,0.2656880644186443,-0.1531,0.6124,0.19576666666666667
17.130666732788086,17.130666732788086,153075000,20191014,TSLA,16.525999069213867,17.130666732788086,1,0.10927149848949552,0.01993864500714225,0.10608874499559923,0.02370406561458433,0.04280925987203766,0.10357061802717092,0.0651303073728096,0.07846243291783557,0.22080474180144113,0.04036146026461822,0.1898582256372651,-0.6971,0.7783,0.21485625
17.19266700744629,17.19266700744629,96492000,20191015,TSLA,17.130666732788086,17.19266700744629,1,0.05680683394618674,0.015140665139318882,0.16774691590385496,0.1540270216834224,0.015140092530049215,0.08788762954084517,0.0151417051173741,0.06458183589339679,0.1279286368725052,0.14055377932974075,0.1550448840433053,-0.4927,0.6236,0.28126666666666666
17.316667556762695,17.316667556762695,100261500,20191016,TSLA,17.19266700744629,17.316667556762695,1,0.18939444639504424,0.18939385445380405,0.1893917327989009,0.1060611374031453,0.02272727273099955,0.02272727273080185,0.02272824281277545,0.02272727273087755,0.02272727272998655,0.1060604196248451,0.10606107558881885,0.0,0.9081,0.45405
17.46466636657715,17.46466636657715,71539500,20191017,TSLA,17.316667556762695,17.46466636657715,1,0.01558441558674065,0.015585519092322149,0.015585079618330899,0.0155846704651821,0.015585533016903099,0.015585782266549948,0.0155844155864008,0.01558466029852095,0.2565082565206821,0.1155831569294155,0.5032285106189514,-0.5106,0.1531,-0.17875000000000002
16.899999618530273,16.899999618530273,75304500,20191021,TSLA,17.1299991607666,16.899999618530273,0,0.0102273301709214,0.01022756261497815,0.05354334676109895,0.5995969770355112,0.07272737302175114,0.010227272728603,0.01022738671522035,0.010227511146313699,0.010227272728296051,0.060227131717253954,0.15254083536005175,0.2003,0.7579,0.4791
17.038667678833008,17.038667678833008,69012000,20191022,TSLA,16.899999618530273,17.038667678833008,1,0.0151515151519854,0.0151515151518853,0.0151515151518676,0.0151515340719443,0.0151515151519745,0.6818180632832266,0.0151515151519167,0.0151515151519595,0.0151516874973691,0.181818109084016,0.0151515151518544,0.0,0.0,0.0
16.978666305541992,16.978666305541992,78916500,20191023,TSLA,17.038667678833008,16.978666305541992,0,0.07384081552645283,0.015152014017934999,0.015152895100047224,0.15199853316978382,0.01515191312483015,0.18181776549811793,0.10195725720377417,0.24698493181838588,0.0151515334797613,0.015151630143098725,0.1676407109178124,0.0,0.9582,0.60495
19.978666305541992,19.978666305541992,445813500,20191024,TSLA,16.978666305541992,19.978666305541992,1,0.17318653418601518,0.014178418235204401,0.07183409382153311,0.13191164589842633,0.09751102510059594,0.014177542615538366,0.06179652801757484,0.20584330740889864,0.20120548806702296,0.014177543124657965,0.014177873524531733,-0.2023,0.5267,0.1081333333333333
21.875333786010746,21.875333786010746,450091500,20191025,TSLA,19.978666305541992,21.875333786010746,1,0.14479706264980605,0.027777777779920566,0.1329819250960408,0.0277789650721863,0.027777777780437534,0.027777777780295467,0.19444454531245936,0.08333313475019254,0.0277787848082285,0.027777777779862668,0.27777447119056975,0.2598,0.636,0.5086
21.84733390808105,21.84733390808105,283054500,20191028,TSLA,21.875333786010746,21.84733390808105,0,0.06137648775156653,0.0616938771976663,0.09261451293684136,0.25519553850111615,0.10817655191079102,0.07278696334999532,0.01673319358308559,0.02863761023206309,0.09808203576940777,0.016733463431896776,0.18796976533556964,-0.6249,0.8,0.032041666666666656
21.000667572021484,21.000667572021484,144627000,20191030,TSLA,21.08133316040039,21.000667572021484,0,0.10273809269346064,0.16241129410800237,0.17453385296860452,0.10165867630860163,0.17216580521063674,0.0179933400364504,0.19652768609137566,0.0179930326032246,0.0179924242437947,0.017992500718022275,0.0179932950178259,-0.3595,0.765,0.385
20.994667053222656,20.994667053222656,76005000,20191031,TSLA,21.000667572021484,20.994667053222656,0,0.01486025578274635,0.0148601799429901,0.01486030473094295,0.014860450838468951,0.014860163237810649,0.014861804890803151,0.3515968733738527,0.0148606347608864,0.01486079796565375,0.014863396757106899,0.5146551377187376,-0.5423,-0.2263,-0.3843
20.88733291625977,20.88733291625977,95758500,20191101,TSLA,20.994667053222656,20.88733291625977,0,0.0090909090920304,0.0090909090917916,0.0090911925866261,0.0090946522485832,0.0090909090920041,0.009091734001497,0.0090909090918665,0.0090909090919684,0.0090910017916276,0.0090909479291887,0.909085925982816,0.4574,0.4574,0.4574
21.1646671295166,21.1646671295166,131805000,20191104,TSLA,20.88733291625977,21.1646671295166,1,0.008644424090629833,0.008644222626064001,0.0608549516415783,0.1275555802338158,0.2904284129452437,0.05609532994493343,0.0086446696442021,0.06419924507641127,0.2581595059780957,0.0086445041322457,0.1081291536867796,0.1635,0.9033,0.46166666666666667
21.14800071716309,21.14800071716309,104151000,20191105,TSLA,21.1646671295166,21.14800071716309,0,0.01477279018285395,0.01477342429018975,0.4852362758342881,0.014774583292103748,0.01477272727443245,0.0147727441089621,0.3193037357735281,0.07727150090256585,0.01477550030284815,0.01477311867301765,0.01477359936520975,0.3182,0.8214,0.5698
21.77199935913086,21.77199935913086,119113500,20191106,TSLA,21.14800071716309,21.77199935913086,1,0.0102818046731489,0.01028138528338965,0.05703348009375745,0.0859629815874764,0.0817093518994297,0.14888598159243804,0.01028229597702645,0.01028138528379115,0.3248499580399659,0.0885277889509301,0.17190358661864572,0.0,0.0,0.0
22.36933326721192,22.36933326721192,217009500,20191107,TSLA,21.77199935913086,22.36933326721192,1,0.04926981077504437,0.0180198344994535,0.06385407936828426,0.04301933999735525,0.018019652643923325,0.0180197031398317,0.08180904770788529,0.11623247762364504,0.47238281052690373,0.01801964829028284,0.10135359542739024,-0.6486,0.4019,0.0484625
22.47599983215332,22.47599983215332,91038000,20191108,TSLA,22.36933326721192,22.47599983215332,1,0.11105669176471493,0.07772155504789802,0.011057456154460141,0.02932256729668558,0.01105715563097664,0.02021146512428532,0.0409106464486534,0.0110570253552655,0.5615620129515129,0.04482749982973248,0.0812159243958147,-0.7056,0.7813,0.13502
23.32866668701172,23.32866668701172,110391000,20191112,TSLA,23.006000518798828,23.32866668701172,1,0.0227272727275385,0.0227272727274819,0.0227278554121144,0.0227272727274676,0.0227272727275323,0.0227272727275185,0.0227275522479611,0.0227272727275238,0.0227272883529364,0.0227272727274762,0.7727263948944487,0.0,0.0,0.0
23.073999404907227,23.073999404907227,126301500,20191113,TSLA,23.32866668701172,23.073999404907227,0,0.0129870129886679,0.0129872857530425,0.012990758947448,0.0129888602320037,0.0129870129886292,0.0129870129885429,0.2819008751876686,0.0129871552916621,0.3154990754624907,0.0129870129882799,0.298697937171564,0.906,0.906,0.906
23.290000915527344,23.290000915527344,96973500,20191114,TSLA,23.073999404907227,23.290000915527344,1,0.0181818181843282,0.0181819286685867,0.0181838285333417,0.018184623916407,0.0181818181842697,0.3410578125937732,0.0181818181839612,0.0181818181841892,0.0181824114956805,0.4953001035268108,0.0181820185286514,0.0,0.0,0.0
23.332666397094727,23.332666397094727,66006000,20191118,TSLA,23.47800064086914,23.332666397094727,0,0.0206441681481031,0.13314398363756946,0.265735108092493,0.17689218103707524,0.020643962905385876,0.23730833143105598,0.020644328362206827,0.020644077028488077,0.02064409170975375,0.020644074384094876,0.06305569326377333,-0.2411,0.8879,0.199975
23.968000411987305,23.968000411987305,115872000,20191119,TSLA,23.332666397094727,23.968000411987305,1,0.1818179301267294,0.1818182624250763,0.0151515151556024,0.0151515151555138,0.0151515151568416,0.1818183613565047,0.0151515151561717,0.1818181049581457,0.1818180942744868,0.0151515151556934,0.0151516710792337,0.5046,0.5046,0.5046
23.481332778930664,23.481332778930664,100876500,20191120,TSLA,23.968000411987305,23.481332778930664,0,0.02272742883732925,0.022727965723103802,0.0227295428944803,0.022727882166226,0.0227272727290662,0.02272744694098295,0.0227272727288406,0.3560608195058776,0.1060606266797017,0.02272727272867925,0.35605646906571164,-0.8689,0.4767,-0.1961
23.655332565307617,23.655332565307617,91650000,20191121,TSLA,23.481332778930664,23.655332565307617,1,0.41666197620594114,0.027777777779611035,0.027778521159151234,0.027777777779485497,0.027782125152171933,0.027778036675886898,0.027779053907368734,0.027777777779978335,0.11111113594561324,0.02777777777956163,0.2499980398352298,0.0,0.5994,0.1998
22.202667236328125,22.202667236328125,253059000,20191122,TSLA,23.655332565307617,22.202667236328125,0,0.09675163227295022,0.0155303030313786,0.015530642354303851,0.1341042927932616,0.3301425612948179,0.015530885240380099,0.0988626070827407,0.01553056393632365,0.1405281611818059,0.015531286129848824,0.12195706468218834,0.0,0.6682,0.27715
22.422666549682617,22.422666549682617,185092500,20191125,TSLA,22.202667236328125,22.422666549682617,1,0.17362458809216294,0.014118457302936866,0.014118457302810064,0.07473248049914173,0.18078512185351112,0.014118925377242133,0.07778432940986436,0.014118457303470633,0.1624186215730959,0.13911808302083364,0.13506247826493017,0.0,0.7418,0.3306
22.086000442504883,22.086000442504883,83334000,20191127,TSLA,21.92799949645996,22.086000442504883,1,0.025252938083561435,0.025252921808838435,0.02525273388958797,0.02525316776318923,0.21969879316541288,0.21969604815043856,0.19191614904070378,0.10858517121452542,0.10858565759644469,0.025252525257567465,0.025253894029729666,0.0,0.4588,0.2869
22.32466697692871,22.32466697692871,91117500,20191202,TSLA,21.996000289916992,22.32466697692871,1,0.022727272730881598,0.0227272727301136,0.0227272727299772,0.0227272727299184,0.022727272730798102,0.02272727273060965,0.022727272730353902,0.3977267838827337,0.0227273456403351,0.02272780630503255,0.39772715505924583,0.0,0.0,0.0
22.20199966430664,22.20199966430664,82995000,20191204,TSLA,22.413333892822266,22.20199966430664,0,0.0181818181829494,0.0181818181827085,0.0181818181826658,0.0181818181826475,0.0181818181829232,0.0181818181828643,0.018181818182784,0.018181818182887,0.8181818181722512,0.0181818181826844,0.0181818181826342,0.0,0.0,0.0
23.256000518798828,23.256000518798828,132424500,20191210,TSLA,22.635332107543945,23.256000518798828,1,0.0973313173331091,0.01943738482707366,0.11657940956115716,0.01943722944012474,0.07658077263241972,0.15276764167293028,0.04800973472425154,0.13372337129565853,0.22515012896862374,0.019439059258228482,0.09154395028642262,-0.2732,0.8622,0.22397999999999998
23.978666305541992,23.978666305541992,116458500,20191212,TSLA,23.51333236694336,23.978666305541992,1,0.07114032244270788,0.12087417242074111,0.08595473858748334,0.0952138520157529,0.129605030838803,0.23448418147126565,0.09653825839412386,0.05817673896001566,0.03701273781180382,0.021141482154305346,0.04985848490299699,-0.1779,0.2942,0.07678888888888889
23.892667770385746,23.892667770385746,98563500,20191213,TSLA,23.978666305541992,23.892667770385746,0,0.323529393819255,0.0227272727318568,0.0227272727316386,0.4719233309420792,0.0227272727329601,0.022727272732658,0.0227274903693822,0.0227272727327761,0.0227272727314166,0.0227282140721423,0.0227279344038345,0.0,0.0,0.0
25.266000747680664,25.266000747680664,127452000,20191217,TSLA,25.433332443237305,25.266000747680664,0,0.5454500639211063,0.045454545455675,0.0454545454556206,0.0454545454555974,0.0454545454559474,0.0454545454558724,0.0454545454557708,0.0454545454559013,0.0454584560507924,0.0454545454556442,0.0454551163820715,0.0,0.0,0.0
26.209999084472656,26.209999084472656,211815000,20191218,TSLA,25.266000747680664,26.209999084472656,1,0.02922271523423235,0.0292237194043677,0.35064706572261717,0.02922077922343625,0.029221175742013397,0.0292209565669797,0.1720767200915096,0.10064919525557076,0.0292207792233569,0.029221350521496797,0.17207554301441894,-0.6888,0.3834,-0.15269999999999997
26.93600082397461,26.93600082397461,271606500,20191219,TSLA,26.209999084472656,26.93600082397461,1,0.08674098449751597,0.03510125490428515,0.22761259123833683,0.11843442406027352,0.03510101010339675,0.17260002171246663,0.09675629268049574,0.035101128937858224,0.06287872079595642,0.06287838655861505,0.06679518451079933,0.0,0.7867,0.31589999999999996
27.03933334350586,27.03933334350586,221290500,20191220,TSLA,26.93600082397461,27.03933334350586,1,0.016450237255543333,0.11168811693722991,0.22465223968636136,0.08311631312771657,0.016450885211388967,0.016450618028336767,0.2164500655398419,0.016450216454377966,0.1497836632015576,0.06539094486964024,0.08311669968800486,0.0,0.7351,0.27926666666666666
28.350000381469727,28.350000381469727,120820500,20191224,TSLA,27.947999954223636,28.350000381469727,1,0.1444456099022015,0.03030303030559465,0.030303848711300648,0.280303282248259,0.0303030303062147,0.03030307283277375,0.0303030382728523,0.11983352963885804,0.030303030305347898,0.0303031328623478,0.2432953946142492,-0.5719,0.7783,0.10320000000000001
28.72933387756348,28.72933387756348,159508500,20191226,TSLA,28.350000381469727,28.72933387756348,1,0.08726305307220317,0.05586765780620774,0.16558425229028964,0.11634295738894648,0.026500470207606375,0.23482939252835197,0.14762510756100986,0.023147020512989537,0.014804786466883739,0.0322266591753558,0.09580864299015517,-0.3818,0.8777,0.1705076923076923
28.691999435424805,28.691999435424805,149185500,20191227,TSLA,28.72933387756348,28.691999435424805,0,0.0090910068826676,0.1090901884309579,0.0090910177435822,0.3986253446580603,0.0090915356648037,0.009093539636572,0.0090913040376,0.0090926994571123,0.1195531742795366,0.0090912798543309,0.3090889093547762,-0.3612,-0.3612,-0.3612
27.64666748046875,27.64666748046875,188796000,20191230,TSLA,28.691999435424805,27.64666748046875,0,0.027757269523500525,0.02199597962510644,0.10622624189803871,0.07689169407746847,0.05003098618353577,0.029075338403509288,0.14734400927625343,0.07907559314794882,0.17510585405270657,0.11225304499120603,0.17424398882072548,-0.7632,0.8537,0.23117307692307693
31.270666122436523,31.270666122436523,268231500,20200107,TSLA,30.1026668548584,31.270666122436523,1,0.020337995339521,0.020338122973435478,0.03572249584000334,0.02033808371676016,0.11910185569130889,0.07926659400561463,0.16905597870550987,0.1203378639295972,0.03572272311215624,0.15367128073007089,0.2261070059560219,0.0,0.4215,0.0843
32.80933380126953,32.80933380126953,467164500,20200108,TSLA,31.270666122436523,32.80933380126953,1,0.02841007447165875,0.09090844438909204,0.028409757921794652,0.0284094353172688,0.02840909091330025,0.0284090909130758,0.4034080701458632,0.02840909091316385,0.27840856086857724,0.0284091253450313,0.0284092588011736,0.0,0.8011,0.40055
31.87666702270508,31.87666702270508,194392500,20200110,TSLA,32.089332580566406,31.87666702270508,0,0.0115228276380756,0.02970438102268344,0.029704644987964362,0.011522568342620021,0.06397698827490417,0.18517906902862613,0.03320813112367508,0.3550908836002852,0.1387960265990865,0.05227984392493214,0.08901463545714684,-0.7789,0.8979,0.09788
34.990665435791016,34.990665435791016,397764000,20200113,TSLA,31.87666702270508,34.990665435791016,1,0.092553116758314,0.0075760825665565,0.0075757575780056,0.0075757575779568,0.0075758580721332,0.1784207092314604,0.0075759352154612,0.0075757575785912,0.1000640945943038,0.0075761281894903,0.5759308026377266,0.8687,0.8687,0.8687
35.861331939697266,35.861331939697266,434943000,20200114,TSLA,34.990665435791016,35.861331939697266,1,0.09644753313568223,0.04756821452651605,0.013114303328305425,0.013114518175578274,0.15983619152603695,0.17330031854550848,0.040891872943104424,0.07561410432713633,0.1532643712610838,0.0131145324487993,0.21373403978224817,-0.1759,0.9061,0.278
34.56666564941406,34.56666564941406,260532000,20200115,TSLA,35.861331939697266,34.56666564941406,0,0.0227310428509225,0.0227272727309945,0.0227316531923448,0.0227272727307391,0.2727269601283619,0.0227291255725228,0.5227106996301518,0.0227272727317399,0.0227272727306353,0.0227341549709011,0.0227272727306857,0.6486,0.6486,0.6486
34.232666015625,34.232666015625,326050500,20200116,TSLA,34.56666564941406,34.232666015625,0,0.013575396346847499,0.03738400466467285,0.013575515342526016,0.013575630173038101,0.013575519849440651,0.03181864153295645,0.1336756594523125,0.15606151387734765,0.3457131402533047,0.08269665945491064,0.15834831905264243,-0.69,0.34,-0.12981666666666666
34.03333282470703,34.03333282470703,204436500,20200117,TSLA,34.232666015625,34.03333282470703,0,0.05894549010941009,0.044309260212844565,0.10082659616057511,0.06389832119566453,0.02918433178331126,0.06279305760629103,0.11604412688093323,0.03613344072836807,0.28202885512776377,0.04351439245224223,0.16232212774259572,-0.2748,0.8268,0.14870833333333333
36.47999954223633,36.47999954223633,267052500,20200121,TSLA,34.03333282470703,36.47999954223633,1,0.02651684369320875,0.193182566326088,0.026518952455055297,0.2765087219969625,0.1931818298879995,0.02651515151822995,0.0265168992302227,0.02651515151829855,0.0265151515175194,0.1515124965876622,0.02651623526875265,0.0,0.8319,0.41595
37.97066879272461,37.97066879272461,470535000,20200122,TSLA,36.47999954223633,37.97066879272461,1,0.0186870504924594,0.0186871565640444,0.1853526330910172,0.14991956260534733,0.10202019617558165,0.0186868686910572,0.3631281368023281,0.018686888468452734,0.08745678244251287,0.018687057053564333,0.01868766761363427,-0.4389,0.836,0.2663333333333333
38.14666748046875,38.14666748046875,294765000,20200123,TSLA,37.97066879272461,38.14666748046875,1,0.4418831964932761,0.07104950133121077,0.021049864466512823,0.021049783552591125,0.02104979129072395,0.021050484991001248,0.07733366025143244,0.07636367686074745,0.12373716748361875,0.021049783552716875,0.10438308972616786,0.0,0.6369,0.2777
37.20133209228516,37.20133209228516,204121500,20200127,TSLA,37.654666900634766,37.20133209228516,0,0.0090914714519664,0.0090909090922097,0.0090909090921474,0.0090909090921206,0.2141559516095515,0.0090922118873222,0.0090909272505133,0.55586425785355,0.1572497340521126,0.0090911428652192,0.0090915757532867,-0.4003,-0.4003,-0.4003
37.79333114624024,37.79333114624024,176827500,20200128,TSLA,37.20133209228516,37.79333114624024,1,0.02164672093292,0.021645021646835398,0.18830915270003198,0.09778211597346925,0.09307350869412499,0.02164502164715305,0.02164502164698875,0.302650868834064,0.1883117265177123,0.02164502164678635,0.0216458197599134,0.0,0.7506,0.3753
38.732666015625,38.732666015625,267022500,20200129,TSLA,37.79333114624024,38.732666015625,1,0.0265151515171485,0.026515151516722797,0.0265151515166479,0.02651531729143,0.48484835337220944,0.026515151516997598,0.02651515151685665,0.27651511720214156,0.02651515151657185,0.0265151515166803,0.0265151515165928,0.4939,0.4939,0.4939
42.72066879272461,42.72066879272461,435085500,20200130,TSLA,38.732666015625,42.72066879272461,1,0.01388897789146515,0.013888888891340299,0.01388900604305635,0.0138889300317136,0.01388977553798745,0.2638887376062714,0.013888905607286652,0.0997842653854186,0.373833323974693,0.01388890718886355,0.16527028184190348,-0.3612,0.0,-0.1806
43.37133407592773,43.37133407592773,235789500,20200131,TSLA,42.72066879272461,43.37133407592773,1,0.0227279136735711,0.3269403135028783,0.0227272727279167,0.0227272727279027,0.0227272727281121,0.0227277992733276,0.0227279945993071,0.0227272727280846,0.0227272727278838,0.4685122742731233,0.0227273410378921,-0.7269,-0.7269,-0.7269
52.0,52.0,705975000,20200203,TSLA,43.37133407592773,52.0,1,0.0589559785820021,0.11801844244610656,0.12339558481773269,0.1008606267293583,0.03758898370171255,0.1383498328531691,0.052210440960075516,0.07504260857552082,0.05502942128089496,0.11697511337537293,0.12357296667805402,-0.2899,0.9393,0.359175
59.137332916259766,59.137332916259766,914082000,20200204,TSLA,52.0,59.137332916259766,1,0.009906938372055966,0.061188718919256126,0.06118873976387663,0.03956439410092926,0.3232864539873767,0.14590034751544506,0.009907418902800467,0.0099067897695626,0.09324021091251246,0.13377721673170248,0.11213277102448177,0.0,0.9657,0.5832333333333334
48.97999954223633,48.97999954223633,726357000,20200205,TSLA,59.137332916259766,48.97999954223633,0,0.01785714285946515,0.017857142858969548,0.0178573448444365,0.0178575304051012,0.36668229485338616,0.39285714285722717,0.01785761015459985,0.0178571428593358,0.01785714285879335,0.09760229194728451,0.01785721350140015,0.3182,0.5378,0.42799999999999994
49.93066787719727,49.93066787719727,598212000,20200206,TSLA,48.97999954223633,49.93066787719727,1,0.02727372111069498,0.02727434141625088,0.07727272621275164,0.08740787541387288,0.11122568194693616,0.13380618872098912,0.09331983668143694,0.0272730546485927,0.02727509565091264,0.36059770377673317,0.02727377442082844,-0.7003,0.5562,0.08193999999999999
49.87133407592773,49.87133407592773,255952500,20200207,TSLA,49.93066787719727,49.87133407592773,0,0.0560495481188115,0.038513903585897895,0.0143825682515206,0.047715884802285086,0.17621445011761358,0.08424437722371335,0.04421762161552902,0.05604869702658949,0.3134009969420129,0.014382882257060983,0.154829070058965,0.2023,0.9441,0.63615
51.41866683959961,51.41866683959961,370338000,20200210,TSLA,49.87133407592773,51.41866683959961,1,0.18104599792173542,0.07110834526343644,0.09830556645961382,0.10098843924899156,0.04580352080989676,0.04650699167276694,0.0523826278626349,0.08187754288235825,0.12506188462918144,0.03985849785868212,0.15706058539070197,-0.3057,0.8777,0.30912
53.59999847412109,53.59999847412109,394339500,20200213,TSLA,51.15266799926758,53.59999847412109,1,0.0303030303044033,0.0303030303041103,0.0303030303040585,0.030303030304037,0.0303030303043709,0.0303030303042996,0.0303037644798903,0.0303036351072508,0.6969683579794769,0.0303030303040811,0.0303030303040207,-0.0772,-0.0772,-0.0772
53.33533477783203,53.33533477783203,235405500,20200214,TSLA,53.59999847412109,53.33533477783203,0,0.051137129252944696,0.051136363638076346,0.051136363637994196,0.05113636363795905,0.05113636363848955,0.11363644343113291,0.0511363636382221,0.2313277604666737,0.05113636363791175,0.11363599204367225,0.1834444929769232,0.0,0.5927,0.29635
57.22666549682617,57.22666549682617,245725500,20200218,TSLA,53.33533477783203,57.22666549682617,1,0.03409090909573105,0.15909072644406835,0.03409090909452325,0.0340909090944439,0.0340909090956189,0.5340910917017958,0.03409090909502585,0.03409090909546485,0.03409090909433815,0.034090909094602,0.03409090909438735,0.0,0.4588,0.2294
61.16133117675781,61.16133117675781,381345000,20200219,TSLA,57.22666549682617,61.16133117675781,1,0.09696948503662377,0.04141438070158847,0.04141429835958497,0.041414655882383335,0.10604591022421979,0.12917011905427736,0.24141330599021668,0.04141454579300053,0.10808062957682037,0.11124688733353273,0.04141578204775163,0.0,0.6597,0.21989999999999998
59.96066665649414,59.96066665649414,264523500,20200220,TSLA,61.16133117675781,59.96066665649414,0,0.05115311640003022,0.041634029062550884,0.023962477776769502,0.013855917680712483,0.0138558282276105,0.04213794078609941,0.1646022720666582,0.22238038663665902,0.288089899234788,0.023115115732142904,0.1152130163959784,-0.4019,0.7416,0.15684166666666668
60.06666564941406,60.06666564941406,214722000,20200221,TSLA,59.96066665649414,60.06666564941406,1,0.13427133570559951,0.010732323233590399,0.010733225076186001,0.0107323232335036,0.30854339219706567,0.0772195366875856,0.01073267374479025,0.01073275730352455,0.01073254064366335,0.12505556986485755,0.29051432230963303,0.0,0.6597,0.32985
53.32733154296875,53.32733154296875,259357500,20200225,TSLA,55.58599853515625,53.32733154296875,0,0.24393572225975424,0.09393938352430724,0.0272747457352087,0.0272735026085552,0.02727272727489962,0.027272727274783682,0.16060610516889,0.14393918936169742,0.19393939816736414,0.02727272727443058,0.027273771350108677,-0.3818,0.4457,0.07882
51.91999816894531,51.91999816894531,211282500,20200226,TSLA,53.32733154296875,51.91999816894531,0,0.20742040902142955,0.027868178750033674,0.09433948283461037,0.14889454675173416,0.18263003307498843,0.11120105256960916,0.11617189793751102,0.027868515703969924,0.027869507374503274,0.027868141771604876,0.02786823421000515,0.0,0.7809,0.49105
45.26666641235352,45.26666641235352,364158000,20200227,TSLA,51.91999816894531,45.26666641235352,0,0.0181826469217968,0.0181819845712081,0.0181818181847886,0.0181818181847235,0.0181818181856908,0.0181827430612348,0.0181820232663955,0.2263548328131355,0.3736681523353229,0.0181818181848539,0.2545203442908489,0.2263,0.2263,0.2263
44.53266525268555,44.53266525268555,363343500,20200228,TSLA,45.26666641235352,44.53266525268555,0,0.0147727272757865,0.21477195549093756,0.01477272727501985,0.0147736385189596,0.20227373224810827,0.0772723985394939,0.01477275662635585,0.014772727275617448,0.3022719385507725,0.01477272727507005,0.11477267092387815,0.0,0.2023,0.10115
49.574668884277344,49.574668884277344,302925000,20200302,TSLA,44.53266525268555,49.574668884277344,1,0.013709460666920767,0.013708516097861232,0.061327990644930074,0.013709745333559535,0.10894553026525154,0.013708513710849699,0.17256983376236748,0.10894661397478578,0.400183263385332,0.013708763114009698,0.07948176904413169,0.0,0.4588,0.15293333333333334
49.70066833496094,49.70066833496094,386760000,20200303,TSLA,49.574668884277344,49.70066833496094,1,0.11969704030869635,0.2899363010496646,0.01969726084620805,0.019696969698717124,0.019697034983179852,0.06969644419500334,0.08219717325633635,0.0196972923133513,0.019697380547057174,0.1119560329083128,0.22803106989347252,-0.1779,0.8176,0.337325
49.96666717529297,49.96666717529297,225735000,20200304,TSLA,49.70066833496094,49.96666717529297,1,0.08143937860133421,0.08143936108525664,0.0189407312339545,0.10227263789409873,0.1022719513105522,0.08143953213740852,0.4564365927884693,0.018940118014545627,0.018939496747903573,0.01893999591966505,0.0189402042668111,-0.296,0.8885,0.35934999999999995
40.53333282470703,40.53333282470703,256105500,20200309,TSLA,46.89866638183594,40.53333282470703,0,0.01073296932768915,0.01073328297461095,0.01073236912129185,0.01073248768664095,0.1192382456225671,0.0107327008062321,0.14872187820873228,0.01073404417311445,0.40092516823998026,0.0107327012762631,0.2559841525628773,-0.296,-0.0342,-0.1651
43.02199935913086,43.02199935913086,233916000,20200310,TSLA,40.53333282470703,43.02199935913086,1,0.023333796980832898,0.02333377019669172,0.05727110826642294,0.15606737979629096,0.12288516168297067,0.0233335824395074,0.28710822868273106,0.1566654428428887,0.023333837181636258,0.023333731060685863,0.10333396086934107,0.0,0.6688,0.23228
42.28200149536133,42.28200149536133,199837500,20200311,TSLA,43.02199935913086,42.28200149536133,0,0.05101016906150941,0.05418532184449277,0.10577197725300265,0.058152974824921384,0.09386715097538234,0.05815296906134448,0.07402598748304248,0.2168825375776484,0.10577199451123225,0.10259738204806647,0.07958153535935697,-0.8779,0.836,0.11495714285714285
29.67133331298828,29.67133331298828,307342500,20200316,TSLA,36.44133377075195,29.67133331298828,0,0.0154406007861455,0.015440298510961,0.015440331045004767,0.015440701099994967,0.3872133750469507,0.015440135711098632,0.18810846454402055,0.015441385341841467,0.30115393587878736,0.015440629096267866,0.015440142938926567,0.0,0.4215,0.24656666666666668
28.68000030517578,28.68000030517578,359919000,20200317,TSLA,29.67133331298828,28.68000030517578,0,0.14930611082628673,0.18018689016163272,0.024305555557664497,0.0243055989737078,0.1076389116571884,0.11147895355712627,0.10763886019746197,0.0572174114085759,0.15806031608072726,0.05555519227965525,0.024306199299972724,-0.9231,0.8074,0.14615
24.08133316040039,24.08133316040039,356793000,20200318,TSLA,28.68000030517578,24.08133316040039,0,0.2384330247710362,0.016221757940283233,0.12442223619509617,0.12052414027450203,0.016221818021987935,0.06980901266737931,0.016219949617925198,0.01622241617080083,0.3494829574892815,0.016222128794633865,0.01622055805707333,-0.4939,0.6114,0.03916666666666668
28.50933265686035,28.50933265686035,452932500,20200319,TSLA,24.08133316040039,28.50933265686035,1,0.05658046654044602,0.1909539994023009,0.06605593449785005,0.11712221539414958,0.11933689034325438,0.01803431077661894,0.2879326149364367,0.043034078580941396,0.03621619653377197,0.01803453747240331,0.04669875552182633,-0.796,0.4404,-0.08682
28.50200080871582,28.50200080871582,424282500,20200320,TSLA,28.50933265686035,28.50200080871582,0,0.016392595119388332,0.016392611112028034,0.09972474738426988,0.19763764439008938,0.0163913015057164,0.1620754807411162,0.3196772619336487,0.12253403858283944,0.016391184577115067,0.016391332669298198,0.016391801984489966,-0.4341,0.5187,0.1486
28.952667236328125,28.952667236328125,246817500,20200323,TSLA,28.50200080871582,28.952667236328125,1,0.02202052462023544,0.22254457856425333,0.058851867628406815,0.08868730081985782,0.10304795195196181,0.02202076426614262,0.21307481932243627,0.02202082203382174,0.0220203023401415,0.02202060956416454,0.20369045888857765,-0.1027,0.6369,0.35116
33.66666793823242,33.66666793823242,343428000,20200324,TSLA,28.952667236328125,33.66666793823242,1,0.28179123224025215,0.01586281552022063,0.015863255367389455,0.14914882564463006,0.13441786517682208,0.015863339562243402,0.07747222112602212,0.015862894300098743,0.045987442681555524,0.015862902115046186,0.2318672062657192,-0.3818,0.9423,0.5101857142857142
35.95000076293945,35.95000076293945,318340500,20200325,TSLA,33.66666793823242,35.95000076293945,1,0.014718614727218268,0.08138512522293247,0.06481070184071366,0.1013751931466494,0.1750455604503426,0.014719270578066499,0.3376309274177718,0.0147196390762249,0.014718614721402167,0.10995729727209837,0.07091905554657947,-0.6378,0.5574,0.10716666666666665
35.21066665649414,35.21066665649414,260710500,20200326,TSLA,35.95000076293945,35.21066665649414,0,0.2727247897806066,0.0227272727297055,0.0227272727295892,0.02272750139550425,0.26106182686218404,0.02273026896919255,0.15939156570540317,0.0227272727301934,0.022727798113389902,0.14772715825472815,0.02272727272950275,0.0,0.0,0.0
34.29066848754883,34.29066848754883,215661000,20200327,TSLA,35.21066665649414,34.29066848754883,0,0.01747481193516978,0.24080815788232374,0.050344375050116394,0.12220835957891821,0.23080782837912822,0.01747474747646996,0.1909822898235281,0.0774747635567659,0.01747475621259614,0.017474809682931018,0.01747510042205214,-0.2023,0.9197,0.32242
33.47533416748047,33.47533416748047,179971500,20200330,TSLA,34.29066848754883,33.47533416748047,0,0.0129870129887164,0.0129872073669993,0.0129870129882895,0.0129870129882617,0.1558438671018071,0.0129870129885882,0.0129870129884676,0.0129870129886224,0.7272675366904545,0.0129922979215511,0.0129870129882418,0.4019,0.4019,0.4019
34.93333435058594,34.93333435058594,266572500,20200331,TSLA,33.47533416748047,34.93333435058594,1,0.050505893216540296,0.050505207483686,0.05050505050666855,0.1060604349768353,0.2617334185740288,0.05050657053752785,0.1615123560139101,0.05050505050704545,0.050505050506552046,0.05050544077948855,0.1171555268977168,0.09,0.6808,0.38539999999999996
32.104000091552734,32.104000091552734,200298000,20200401,TSLA,34.93333435058594,32.104000091552734,0,0.1919663624746839,0.011708523944223899,0.07458493134522655,0.011708712721093799,0.011708536660554051,0.0117089096131788,0.2565758630686304,0.0117084625187138,0.1643620710359579,0.0117085560956037,0.2422590705221327,0.0,0.7959,0.39795
30.29800033569336,30.29800033569336,297876000,20200402,TSLA,32.104000091552734,30.29800033569336,0,0.019744398895652687,0.0842201669790671,0.09632637967382679,0.10724198352002201,0.1605571051169925,0.04474196646353931,0.14662882705155472,0.06974249001827953,0.019742121641164987,0.18576880537878027,0.06528575526111968,-0.7845,0.8,-0.102225
32.000667572021484,32.000667572021484,338431500,20200403,TSLA,30.29800033569336,32.000667572021484,1,0.05991051148038883,0.05990957617471147,0.1777380434702585,0.04741691915614644,0.043071216232725563,0.15247806141184253,0.15374968918716503,0.10433013072041374,0.019094246660544743,0.08031866678768826,0.10198293871811447,-0.4767,0.7082,0.2239857142857143
34.41600036621094,34.41600036621094,223527000,20200406,TSLA,32.000667572021484,34.41600036621094,1,0.04545493795188884,0.04545454545543273,0.045454545455390294,0.1565643994232742,0.045454545455646596,0.04545454545558789,0.1565664601498127,0.26767591768538407,0.10101012865053106,0.045454545455408696,0.045455428861642666,0.0,0.4497,0.1499
36.36333465576172,36.36333465576172,268797000,20200407,TSLA,34.41600036621094,36.36333465576172,1,0.13789957192939264,0.030304602524646652,0.0303030303046133,0.03030315316087425,0.030303030305094,0.0303030303049832,0.03030303030483355,0.030303580638128803,0.3393724501370493,0.03030303030464865,0.28030149008573507,0.0,0.7543,0.37715
36.589332580566406,36.589332580566406,189840000,20200408,TSLA,36.36333465576172,36.589332580566406,1,0.015993890845580533,0.015994170466330702,0.0159951916996813,0.015993734137225765,0.015993669640503135,0.5487365871027653,0.1271032209563796,0.0159934089886627,0.0159933062108484,0.0159945868308518,0.19620823312117033,-0.3612,0.5106,0.17020000000000002
38.20000076293945,38.20000076293945,204750000,20200409,TSLA,36.589332580566406,38.20000076293945,1,0.2727252784983837,0.1477257649638809,0.147726531066442,0.02272727273253515,0.1477281884320003,0.02272828262656115,0.02272848586832475,0.0227277042000253,0.0227276039862824,0.022728277409842,0.14772661021572195,-0.5423,-0.4019,-0.47209999999999996
43.39666748046875,43.39666748046875,337131000,20200413,TSLA,38.20000076293945,43.39666748046875,1,0.0287888968647473,0.09545496471496377,0.18792224874760757,0.0287901361264775,0.028788262862142467,0.028787878789117368,0.2676663044503955,0.09743870719042878,0.11211992232093293,0.02878787878890453,0.09545479914428183,-0.4939,0.4341,0.11403333333333332
47.32600021362305,47.32600021362305,458647500,20200414,TSLA,43.39666748046875,47.32600021362305,1,0.14141458135140028,0.14141403339076694,0.016414141416718202,0.0164141414166616,0.14141426212085123,0.0164141779576737,0.1962970240846765,0.016414141417389498,0.0164141414165867,0.2809751217896506,0.01641423363762415,0.6318,0.7809,0.70635
48.65533447265625,48.65533447265625,353655000,20200415,TSLA,47.32600021362305,48.65533447265625,1,0.0151538874864254,0.1818169006402921,0.0151515151561302,0.0151516068033733,0.0151520422690981,0.0151515151572095,0.3484828984223589,0.0151515151573324,0.0151515151558964,0.348485088595922,0.0151515151559612,0.4854,0.4854,0.4854
49.68066787719727,49.68066787719727,309868500,20200416,TSLA,48.65533447265625,49.68066787719727,1,0.059038660927451844,0.12577744678379288,0.07001975980549248,0.019384419574046127,0.11094474479819971,0.035031126529204246,0.1724718549439132,0.06721593177023337,0.15748490263470766,0.0413772203656527,0.14125393186730537,-0.836,0.9393,0.19531428571428572
50.25933456420898,50.25933456420898,196923000,20200417,TSLA,49.68066787719727,50.25933456420898,1,0.18792542143223118,0.11742415831590147,0.01742493707753924,0.01742466765743866,0.017424492116063138,0.18334788335422836,0.06358928615316858,0.017424974442986678,0.10149976151058757,0.06742386044372348,0.2090905574961312,-0.2617,0.4939,0.018400000000000007
45.78133392333984,45.78133392333984,303136500,20200421,TSLA,49.75733184814453,45.78133392333984,0,0.025252525256578534,0.025252525255715797,0.025252669951684636,0.10222234662213113,0.10858582533810301,0.02525252525627363,0.1177385640427428,0.1549891912978201,0.21341959956044107,0.0252525252556304,0.1767817021628784,0.0,0.9454,0.5806
48.80733489990234,48.80733489990234,212482500,20200422,TSLA,45.78133392333984,48.80733489990234,1,0.018605069368178382,0.040119857260803055,0.0809891855043103,0.09436257554370484,0.12977156405760926,0.12217416731825739,0.10875556531707926,0.03743944970810158,0.1509756838059693,0.04133222503472764,0.17547465708125848,-0.8271,0.6996,0.11919090909090911
47.04199981689453,47.04199981689453,198550500,20200423,TSLA,48.80733489990234,47.04199981689453,0,0.033569633162351356,0.06196625930200115,0.1481395857076985,0.04876667793930469,0.09514414890746915,0.11540755771398428,0.17908223128172712,0.036432722753486906,0.0841595948200246,0.10915944480108367,0.08817214361086818,-0.0525,0.6597,0.2611818181818182
48.34333419799805,48.34333419799805,198180000,20200424,TSLA,47.04199981689453,48.34333419799805,1,0.2119263210977117,0.024432006083722726,0.024435515979929323,0.024432384602815473,0.024432544078657675,0.17443168864598693,0.0244328056921808,0.2931881115832643,0.0808024356359747,0.0244318314811411,0.0930543551186148,-0.3182,0.7959,0.27122500000000005
53.25,53.25,310221000,20200427,TSLA,48.34333419799805,53.25,1,0.02558925446445257,0.06054101068168216,0.0739704657027673,0.0732140875028201,0.15521890747465283,0.12240891609159367,0.06262635645135006,0.127440530089913,0.16447801038704724,0.10892255892265525,0.025589902231065345,-0.3736,0.7725,0.08714444444444444
53.367332458496094,53.367332458496094,243240000,20200429,TSLA,51.27466583251953,53.367332458496094,1,0.1818168392091878,0.0151522775494215,0.0151526562455814,0.5151465641478044,0.0151531074973345,0.0151515151568935,0.0151517419308437,0.0151535004327015,0.1818183232955826,0.0151519593789371,0.0151515151557114,-0.0387,-0.0387,-0.0387
52.12533187866211,52.12533187866211,427078500,20200430,TSLA,53.367332458496094,52.12533187866211,0,0.06668331397150445,0.02272779010072935,0.23105963229673526,0.20723876069292851,0.0227272727316136,0.08522719502277727,0.022728045796236624,0.08522726312786097,0.12759332929892112,0.022727272730676575,0.10606012423001579,-0.5994,0.8869,0.071875
46.75466537475586,46.75466537475586,487977000,20200501,TSLA,52.12533187866211,46.75466537475586,0,0.10808094359807087,0.10808065045696688,0.024748214721142723,0.09551548552180206,0.16879352754112437,0.024747707768152334,0.024748305017704957,0.06178477471327602,0.20437756908671836,0.09882048979603404,0.08030233177900692,-0.802,0.7717,0.022866666666666664
50.74599838256836,50.74599838256836,288556500,20200504,TSLA,46.75466537475586,50.74599838256836,1,0.0188131330849905,0.018813131315359284,0.14381249937648646,0.018813511000300483,0.018813131315895917,0.039646796574598686,0.12386908735642826,0.15214602521900247,0.1637572186819992,0.15770211021229266,0.14381335586264557,-0.5487,0.5994,-0.12956666666666664
51.2140007019043,51.2140007019043,254875500,20200505,TSLA,50.74599838256836,51.2140007019043,1,0.11695567608637818,0.06871598501377317,0.0180195351789317,0.018020030885649498,0.151295861175248,0.23121382725880846,0.12369908642057648,0.018020145872176974,0.2180186181162986,0.01802164703434415,0.0180195869578144,-0.4215,0.8126,0.037425
52.172000885009766,52.172000885009766,166848000,20200506,TSLA,51.2140007019043,52.172000885009766,1,0.028409500512354476,0.02840955191246265,0.11174107994313864,0.09091010276617616,0.028409365602394276,0.028409634776163824,0.17424148267615566,0.028409575528879676,0.42424148771877757,0.02840909091048965,0.0284091276530069,-0.34,0.636,0.32094999999999996
52.00266647338867,52.00266647338867,172915500,20200507,TSLA,52.172000885009766,52.00266647338867,0,0.017661480158911558,0.054972817075940844,0.10191874243552262,0.05980412269727703,0.024071405738459433,0.1958983034413292,0.1163361376927771,0.10334412035474048,0.17180902451737198,0.01766097335049505,0.1365228725371742,-0.4341,0.8271,0.127575
54.62799835205078,54.62799835205078,241297500,20200508,TSLA,52.00266647338867,54.62799835205078,1,0.060608281606535,0.0796940493792176,0.12421809560002746,0.06462353496678509,0.04177168006248258,0.03638519079755618,0.10504882693141407,0.04354260153778464,0.29464701886465533,0.052802129744771074,0.09665859050877054,-0.7964,0.8787,0.26816666666666666
54.08599853515625,54.08599853515625,247794000,20200511,TSLA,54.62799835205078,54.08599853515625,0,0.026786395540092486,0.02678601482359925,0.06420408021533282,0.4175547851856735,0.026786288031225302,0.026785793186675014,0.24839709083030637,0.026785842735668447,0.08234116430836559,0.0267862044901301,0.0267863406529307,-0.4767,0.8748,0.20513333333333336
53.96066665649414,53.96066665649414,238603500,20200512,TSLA,54.08599853515625,53.96066665649414,0,0.06471609570866864,0.19414110400016674,0.2937707103367518,0.1608082312484031,0.0708094061445394,0.06080784271942956,0.07171273050430504,0.02080840772895106,0.020808189840866458,0.02080870142870268,0.020808580339215198,-0.6124,0.7334,0.08826
52.73066711425781,52.73066711425781,285982500,20200513,TSLA,53.96066665649414,52.73066711425781,0,0.09015164211416402,0.040152161138497164,0.0824374329137538,0.11563547504680975,0.13119734472797726,0.02348484848674964,0.056818790384356485,0.023485394543977817,0.28966681966312413,0.02348505339872464,0.12348503758186476,-0.6597,0.6588,0.18242000000000003
53.55533218383789,53.55533218383789,205233000,20200514,TSLA,52.73066711425781,53.55533218383789,1,0.8484772859700181,0.0151515908791797,0.0151561769210656,0.0151523488914153,0.0151516001542985,0.0151515151524362,0.0151522913564647,0.0151515637921533,0.0151515151522234,0.0151515151522778,0.0151525965784669,0.0,0.0,0.0
53.27799987792969,53.27799987792969,157776000,20200515,TSLA,53.55533218383789,53.27799987792969,0,0.1580873289611283,0.0960351972228034,0.10216624183941843,0.06214008448998073,0.07231910449498734,0.05835803656699737,0.12615304723063667,0.05689183865214765,0.1365245979223955,0.11024389985109752,0.021080622768406644,-0.8126,0.8996,0.0845913043478261
54.242000579833984,54.242000579833984,174987000,20200518,TSLA,53.27799987792969,54.242000579833984,1,0.015381150904128267,0.048160962903634835,0.15697928080399756,0.015381944046282967,0.38549419653809364,0.015381129131419065,0.13195217843621218,0.015381231223578568,0.07465366402946247,0.0153810835658471,0.12585317841734275,0.0,0.8316,0.5007
53.867332458496094,53.867332458496094,144547500,20200519,TSLA,54.242000579833984,53.867332458496094,0,0.0454545454601622,0.0454545454589683,0.0454545454587554,0.0454545454586636,0.0454545454600302,0.045454545459739,0.0454545454593405,0.0454545454598519,0.5454545454070455,0.0454545454588466,0.0454545454585962,-0.5093,-0.5093,-0.5093
54.45866775512695,54.45866775512695,149812500,20200522,TSLA,55.17333221435547,54.45866775512695,0,0.047222650600958795,0.08518207110108411,0.15832925333200087,0.10926288333751759,0.04722305971391894,0.08055579522842146,0.04722295971972378,0.0472226965616363,0.13055596005785036,0.047222768564776106,0.19999990178211124,0.0,0.6808,0.11346666666666666
54.68199920654297,54.68199920654297,173242500,20200527,TSLA,54.5913314819336,54.68199920654297,1,0.0227272727317824,0.0227272727308225,0.0227289342781047,0.0227272727305798,0.0227272727316785,0.0227307327996455,0.0227282474067674,0.022727272731534,0.522722933847446,0.0227286816486177,0.2727241063630212,0.296,0.296,0.296
55.66666793823242,55.66666793823242,176467500,20200529,TSLA,53.72066879272461,55.66666793823242,1,0.14204382351372002,0.0170454921719176,0.01704745387671035,0.01704553338509775,0.0170471245865083,0.1420454534155386,0.017046365737088648,0.01704545454746265,0.01704545454696645,0.017045454569613948,0.5795423896493751,0.1882,0.6079,0.39805
59.87333297729492,59.87333297729492,224092500,20200601,TSLA,55.66666793823242,59.87333297729492,1,0.26893937748156266,0.0189393939412866,0.01893939394119545,0.3522727784890151,0.0189393939417423,0.1439391978460256,0.0189393939414463,0.0189395446186663,0.10227273791669585,0.0189393939412353,0.018939393941127952,-0.296,0.0,-0.148
57.62533187866211,57.62533187866211,133315500,20200604,TSLA,58.86399841308594,57.62533187866211,0,0.18715481796005995,0.17484663873724848,0.0073869974458145,0.32868624874351976,0.00738652329061475,0.0073865447930367995,0.00738640699137935,0.007386368418003549,0.13238669614009319,0.13260621503469755,0.00738654244553155,0.7459,0.8316,0.7887500000000001
59.04399871826172,59.04399871826172,117178500,20200605,TSLA,57.62533187866211,59.04399871826172,1,0.0303030303063164,0.0303030303056167,0.030303030305493,0.030303030305439,0.0303030303062394,0.0303030303060689,0.0303030303058354,0.6969643433680704,0.0303052706441939,0.0303030303055461,0.0303061435411801,0.0,0.0,0.0
63.32799911499024,63.32799911499024,212620500,20200608,TSLA,59.04399871826172,63.32799911499024,1,0.10290322482143863,0.16136672273474537,0.0336328715495408,0.009403504155233,0.00940352247621945,0.030599391141596724,0.21123731414001004,0.048084753655056725,0.26734120144817536,0.009403443968372175,0.11662404990961132,-0.5267,0.743,-0.0007249999999999757
68.336669921875,68.336669921875,278451000,20200610,TSLA,62.711334228515625,68.336669921875,1,0.10172998985791641,0.03751839012809265,0.02422770856783882,0.024227332419083043,0.07511626678857418,0.0497372255441624,0.014023136075688322,0.17172093830736293,0.11393242297347039,0.1381853019401448,0.24958128739766555,-0.9475,0.8957,0.2515928571428571
64.85600280761719,64.85600280761719,238747500,20200611,TSLA,68.336669921875,64.85600280761719,0,0.014359648988969326,0.08074365488722247,0.014359504133941775,0.01435957343875975,0.01436012437128745,0.014360224912183299,0.07685890146658764,0.11306179904815844,0.1447910294126539,0.05780353984014103,0.4549419995000944,0.0,0.8462,0.39454999999999996
66.05999755859375,66.05999755859375,235458000,20200615,TSLA,62.35200119018555,66.05999755859375,1,0.13561139828613267,0.010611804110828,0.042357868912607524,0.08604354212870316,0.10358232192172087,0.10237689316194089,0.026033241996506484,0.19905342713238502,0.078670436081246,0.010612289663747202,0.20504677660418164,-0.6901,0.8515,-0.02217142857142858
65.47533416748047,65.47533416748047,210766500,20200616,TSLA,66.05999755859375,65.47533416748047,0,0.053535369705491664,0.04756574212993331,0.017425321075586347,0.017424847711730067,0.07298102212491177,0.152535425994518,0.017424703012509556,0.09520078824435543,0.20915538560448177,0.039646682403338414,0.27710471199314324,-0.296,0.8047,0.10098888888888889
66.9306640625,66.9306640625,146278500,20200618,TSLA,66.11933135986328,66.9306640625,1,0.0227274470912701,0.0227272727291177,0.5227185979185299,0.0227276443789209,0.0227289963222464,0.0227272727294403,0.0227276187423467,0.0227272727294866,0.2727271895191689,0.0227272727290674,0.0227334151104047,0.0,0.0,0.0
66.72666931152344,66.72666931152344,130195500,20200619,TSLA,66.9306640625,66.72666931152344,0,0.018687026201220733,0.018689776269647965,0.0853527032252842,0.1020195937160525,0.018687415136239765,0.21868523438814125,0.0186870992246129,0.29646150077611,0.018687379163899,0.018688104693559433,0.18535416720523182,-0.1027,0.6597,0.3196333333333333
66.28800201416016,66.28800201416016,95436000,20200622,TSLA,66.72666931152344,66.28800201416016,0,0.013419966956468334,0.10988097289001902,0.2649308097980641,0.050293193353888134,0.2610371326518626,0.0134199520685799,0.08578317160635428,0.013419913422532967,0.013419913421884798,0.013420143612140667,0.1609748302182049,0.0,0.0,0.0
66.78533172607422,66.78533172607422,95479500,20200623,TSLA,66.28800201416016,66.78533172607422,1,0.1558441549872931,0.012988071584801,0.0129891721084337,0.2986979785287267,0.155844227222945,0.0129870129891012,0.1558441092878389,0.0129871883148936,0.0129870129886189,0.1558440589987058,0.0129870129886418,-0.2357,-0.2357,-0.2357
64.0566635131836,64.0566635131836,164394000,20200624,TSLA,66.78533172607422,64.0566635131836,0,0.1959385941350331,0.09060105594971517,0.019570980631850823,0.04734846498212915,0.019570707074682676,0.279115026805189,0.14457147739649476,0.019570707074552426,0.14457082791805367,0.019570836012360125,0.019571322019938525,0.0,0.7003,0.2875
65.73200225830078,65.73200225830078,138817500,20200625,TSLA,64.0566635131836,65.73200225830078,1,0.09829106003527116,0.014957631461689132,0.0644596809385468,0.07051253935893204,0.014957393833894633,0.014957805034149235,0.3237501185160802,0.0149573195963784,0.041829438266884435,0.1670725061429208,0.1742545068152527,-0.4003,0.6808,0.04313333333333332
63.982666015625,63.982666015625,132823500,20200626,TSLA,65.73200225830078,63.982666015625,0,0.14090942957908417,0.15246754433824117,0.14090950747409384,0.039952220822970674,0.038228158401983896,0.0769238047055116,0.3200748819549636,0.0159093459443271,0.015909114450598425,0.042805244486533126,0.015910747841692024,-0.34,0.5255,0.046374999999999986
67.29000091552734,67.29000091552734,135396000,20200629,TSLA,63.982666015625,67.29000091552734,1,0.02020265957145255,0.0985615926247484,0.020202146580222548,0.02020232691894515,0.5529493953396846,0.02020211362000625,0.02020337012088995,0.02020210778216225,0.0202020202059854,0.1868687575597882,0.02020350967611425,0.3612,0.9186,0.6399
71.98733520507812,71.98733520507812,253777500,20200630,TSLA,67.29000091552734,71.98733520507812,1,0.0225108698673582,0.11759598766755706,0.1007080843707057,0.18917650564046543,0.3347153229483142,0.022511313175384465,0.0225111752962696,0.0225109067228146,0.022510927092906034,0.1227367551401312,0.02251215207809287,-0.9228,0.5994,-0.10779999999999997
74.64199829101562,74.64199829101562,199903500,20200701,TSLA,71.98733520507812,74.64199829101562,1,0.2689502943522349,0.07812966348961531,0.019341996411882962,0.01934168659664905,0.1360074172012512,0.13806702579213848,0.05200479299558445,0.10014876518036844,0.04264257856628537,0.019341824467475073,0.1260239549465144,-0.2263,0.908,0.39427500000000004
80.57733154296875,80.57733154296875,258751500,20200702,TSLA,74.64199829101562,80.57733154296875,1,0.05871286006820336,0.15598139513078615,0.12818267144980658,0.06038603343924393,0.09035712733769044,0.06713301928180399,0.1209177267968124,0.04346288755885697,0.05774027826442682,0.0773829446037405,0.13974305606862827,-0.1027,0.955,0.3545277777777778
92.65733337402344,92.65733337402344,322345500,20200707,TSLA,91.43866729736328,92.65733337402344,1,0.0504912549868062,0.08411875619151775,0.07056521197961689,0.25339496359858166,0.011072645867508401,0.09440496449910385,0.09440576541745589,0.0110729525418304,0.26107251055462005,0.011072445196587101,0.0583285291663714,0.1007,0.9042,0.50245
91.05867004394533,91.05867004394533,244669500,20200708,TSLA,92.65733337402344,91.05867004394533,0,0.01894045562408535,0.10227278746025176,0.26893830555746834,0.01894010791863495,0.01893939394636215,0.01894232149302055,0.3522692163687433,0.0189393939461403,0.01893942275371925,0.1439388526431028,0.01893974228847085,-0.3597,0.6588,0.14955000000000002
92.9520034790039,92.9520034790039,175764000,20200709,TSLA,91.05867004394533,92.9520034790039,1,0.0405304429483523,0.04053087722975315,0.04053042645778328,0.04053045010362295,0.18636242319037943,0.04053034455169165,0.04053030303286183,0.33636329664609493,0.10303037634360557,0.09053039536334187,0.04053066413251258,-0.7003,0.636,-0.060899999999999996
102.97666931152344,102.97666931152344,350064000,20200710,TSLA,92.9520034790039,102.97666931152344,1,0.04611756298047706,0.2331181156757452,0.05989127965833933,0.0461174324807157,0.046117865769520275,0.07111818108566881,0.12342278006961392,0.09113533105336782,0.04195039242493594,0.11695096143294628,0.12406009736866927,-0.7351,0.8316,0.2489625
99.8040008544922,99.8040008544922,584781000,20200713,TSLA,102.97666931152344,99.8040008544922,0,0.10371379137997673,0.10307516994118922,0.10993195505131138,0.03874810262709911,0.019742342346716187,0.019742632601319275,0.06098899510798344,0.019742601291745487,0.1762161198073404,0.019742578147579574,0.3283557116977387,-0.5106,0.8519,0.3208625
101.12000274658205,101.12000274658205,351271500,20200714,TSLA,99.8040008544922,101.12000274658205,1,0.05017319946827847,0.07398111375468971,0.13683985929515202,0.016840567276524783,0.01684027565676584,0.11767496363730587,0.08350631587941955,0.15683965558251417,0.21362351884840863,0.06684040712663886,0.0668401234743016,0.0,0.7269,0.36928
103.06732940673828,103.06732940673828,245517000,20200715,TSLA,101.12000274658205,103.06732940673828,1,0.08314763030933812,0.23535872431972663,0.08910059020994794,0.053386860656995445,0.06188863148695399,0.11824890435916664,0.16063026670221528,0.017671838545080986,0.017672291800660957,0.0380800575908695,0.124814204019044,-0.765,0.6249,-0.20507142857142857
109.53333282470705,109.53333282470705,256821000,20200720,TSLA,100.05599975585938,109.53333282470705,1,0.0176768115736891,0.0176767676774469,0.0176767995318775,0.29545350217782373,0.01767676767761067,0.07294376237439952,0.37878738082210567,0.01767676767758297,0.12907735871433923,0.017676799865667735,0.017677281907456432,0.0,0.4753,0.15843333333333334
104.55733489990234,104.55733489990234,241608000,20200721,TSLA,109.53333282470705,104.55733489990234,0,0.027146464651927413,0.06864203616298409,0.14537273401138945,0.027147022568856854,0.0271467696895048,0.1331938201442375,0.133882302510956,0.18936260416559605,0.027146464650348815,0.08270296649369135,0.13825681495050712,0.0,0.4926,0.21814999999999998
106.15533447265624,106.15533447265624,212416500,20200722,TSLA,104.55733489990234,106.15533447265624,1,0.0303055449145129,0.030303336843124768,0.1136365474100766,0.0303030303047849,0.030304711703868364,0.2802997034513715,0.030303030305073832,0.0303030303052917,0.030305642529292836,0.36363101608050635,0.0303044061520957,0.0,0.7003,0.23343333333333335
100.87133026123048,100.87133026123048,364927500,20200723,TSLA,106.15533447265624,100.87133026123048,0,0.08918705406220785,0.026688618795977274,0.02669021570652355,0.026687759529454225,0.0266873278267897,0.1516876101830576,0.0266880884329291,0.0266873922819694,0.25930874120027164,0.026687435310578725,0.3129997566702403,0.0,0.8764,0.5274749999999999
94.46666717529295,94.46666717529295,290949000,20200724,TSLA,100.87133026123048,94.46666717529295,0,0.04785091503530757,0.11218164674730317,0.09583662350943288,0.20735670225079592,0.025177549850479052,0.02517680497595461,0.1452303114084354,0.10851080527965477,0.025176942857079672,0.09065782471615536,0.11684387336940116,-0.3595,0.8957,0.15567
102.63999938964844,102.63999938964844,240730500,20200727,TSLA,94.46666717529295,102.63999938964844,1,0.06457426132068704,0.016955304086413932,0.016956674030077067,0.016955844251154168,0.016955266959410232,0.016955266959190068,0.2808145560126755,0.06577706969818303,0.18362104364399337,0.1422964486143337,0.17813826442388125,0.2585,0.8015,0.5387666666666667
98.43267059326172,98.43267059326172,237130500,20200728,TSLA,102.63999938964844,98.43267059326172,0,0.014772838897314351,0.0147735066095664,0.077272433693735,0.01477332881840555,0.0147729174660204,0.314772496471221,0.11366383211368875,0.0147742139913133,0.2283803241830718,0.0147732258670538,0.17727088188860915,-0.6187,-0.3182,-0.46845000000000003
99.94066619873048,99.94066619873048,141403500,20200729,TSLA,98.43267059326172,99.94066619873048,1,0.0691564135372693,0.4030837823218893,0.0801062688797676,0.019156588605589775,0.01915587075678615,0.019155851088447848,0.019156056754980423,0.019156143951541325,0.0191562571364668,0.0816542196912147,0.2510625472760462,0.0,0.4284,0.207575
99.16600036621094,99.16600036621094,114315000,20200730,TSLA,99.94066619873048,99.16600036621094,0,0.024188455410417944,0.07974383768692364,0.06883145092912435,0.06585520940685308,0.03307892271170622,0.19368354148742806,0.058910637980811725,0.08668808293581938,0.14799817308220703,0.09228920731340855,0.14873248105529954,-0.4145,0.802,0.21062499999999998
95.38400268554688,95.38400268554688,183123000,20200731,TSLA,99.16600036621094,95.38400268554688,0,0.022727272730505052,0.2727269452508014,0.0227272727296952,0.02272896638099005,0.022727933363397602,0.1477273288982087,0.022727272730032798,0.022727272730326403,0.02272727272957185,0.3977250221055906,0.02272744035087995,0.0,0.6249,0.31245
99.0,99.0,132139500,20200803,TSLA,95.38400268554688,99.0,1,0.0129875658884088,0.012987180681971,0.0129870129881937,0.0129870129881681,0.4415579899635793,0.0129871786001841,0.0129870823182627,0.0129872951811685,0.0129874294316173,0.0129872371327478,0.4415570148256983,0.0,0.0,0.0
99.13333129882812,99.13333129882812,126225000,20200804,TSLA,99.0,99.13333129882812,1,0.0113637975425965,0.0113636363673256,0.0113636363671488,0.0113651714775661,0.3446607942231561,0.2937722818389889,0.0113636363676382,0.0113639536417115,0.1278206706623932,0.0113641016091442,0.1541983199023304,0.0,0.0,0.0
99.00133514404295,99.00133514404295,74217000,20200805,TSLA,99.13333129882812,99.00133514404295,0,0.12139628920805995,0.014069613059699,0.0140692640720264,0.0140694966908575,0.01406926407286475,0.014070766103991,0.0898679792136307,0.01406931289571295,0.32341131735411266,0.01406952436151565,0.366837172967529,0.0,0.631,0.3155
96.84733581542967,96.84733581542967,133446000,20200807,TSLA,99.30533599853516,96.84733581542967,0,0.12787869157226356,0.027878885815292898,0.02787878788074156,0.02787878788069894,0.06787871214704175,0.027878787881198443,0.12787768041837097,0.027878842800592763,0.4812119361203683,0.027879913649650163,0.027878973833780102,-0.34,0.7096,0.2212
91.6259994506836,91.6259994506836,129387000,20200811,TSLA,94.5713348388672,91.6259994506836,0,0.03308100489280646,0.03308080808283296,0.03308092552369602,0.03308089538063594,0.0580809877928283,0.13308084464574182,0.18718830273388923,0.24889115498578535,0.03308086953444014,0.033081345364535504,0.17427286106280793,-0.296,0.5267,-0.013060000000000006
108.06666564941406,108.06666564941406,306379500,20200813,TSLA,103.65066528320312,108.06666564941406,1,0.061814495106116564,0.014119007799003833,0.014118937982371633,0.05468099818957009,0.09745075407672994,0.045411028320034665,0.29790361134281,0.0879387156460078,0.014118886395990867,0.014119808165993232,0.298323756975371,-0.4019,0.3382,-0.021233333333333326
110.04733276367188,110.04733276367188,188664000,20200814,TSLA,108.06666564941406,110.04733276367188,1,0.07654414635213035,0.06348576270266747,0.09695869883084005,0.13305257446908703,0.06381276068715568,0.05648816845378744,0.25525009009669375,0.016806087089890915,0.07992468404909947,0.022451439995320267,0.13522558727332717,-0.4588,0.9279,0.43793846153846155
122.3759994506836,122.3759994506836,303634500,20200817,TSLA,110.04733276367188,122.3759994506836,1,0.026666857009370232,0.06166668328879823,0.07166626148690348,0.04327454103407865,0.10026384075216824,0.0814617015961611,0.02666720433659662,0.11726093718920508,0.33773776342370454,0.026667334766211137,0.10666687511680228,-0.5255,0.6369,0.05986000000000001
125.80599975585938,125.80599975585938,247117500,20200818,TSLA,122.3759994506836,125.80599975585938,1,0.039225770107209484,0.1025399535855659,0.039225897356335936,0.08505874181430378,0.11671786116849671,0.12255875608713689,0.060059368179120505,0.018392301936676434,0.16893779125136507,0.06005919094521093,0.18722436756857772,-0.5267,0.838,0.2457666666666667
125.23533630371094,125.23533630371094,183079500,20200819,TSLA,125.80599975585938,125.23533630371094,0,0.06526025033050802,0.037167847205266405,0.09502390852145927,0.0946966719755224,0.04085709298566038,0.019884019422155563,0.15081280447323225,0.11975467626345516,0.14906573310956628,0.03185303453385634,0.19562396117931746,-0.4767,0.9022,0.1504090909090909
133.45533752441406,133.45533752441406,309177000,20200820,TSLA,125.23533630371094,133.45533752441406,1,0.19747493569161825,0.030808635941838015,0.37438122490224557,0.030808182458134586,0.05858588658274935,0.030808352943495636,0.06923121769173962,0.03080810963552293,0.05992157219574016,0.030808112739551863,0.08636376921736355,-0.0891,0.4767,0.18146666666666667
136.6653289794922,136.6653289794922,322344000,20200821,TSLA,133.45533752441406,136.6653289794922,1,0.016666946660850848,0.0166666666695512,0.01666666666941395,0.01666666666935345,0.09999966561097065,0.016666744273697652,0.2166669220366408,0.01666701518931145,0.34999864419643334,0.01666779237343445,0.21666626965034175,0.0,0.3291,0.16455
134.27999877929688,134.27999877929688,300954000,20200824,TSLA,136.6653289794922,134.27999877929688,0,0.014430391298419132,0.0144300700877431,0.0144301875141924,0.06998570454031343,0.0872942406395637,0.062049469500989995,0.014430916134972235,0.06998556868535417,0.37950770855149746,0.16378726452430778,0.10966847852264604,0.0,0.6808,0.22693333333333332
134.8893280029297,134.8893280029297,159883500,20200825,TSLA,134.27999877929688,134.8893280029297,1,0.014836077231005924,0.014835919117580676,0.1204218837774986,0.04765011226983737,0.13983381418014026,0.07944772035246475,0.16897393348174686,0.07550608543077451,0.2254889584460179,0.014836452188831199,0.09816904352410141,0.0,0.9136,0.2477
143.54466247558594,143.54466247558594,213591000,20200826,TSLA,134.8893280029297,143.54466247558594,1,0.08379243313917512,0.06237378412821762,0.1659546612548512,0.0766492253051178,0.020707137714985783,0.10403974817477611,0.020707791126775902,0.020707664865939234,0.33084740930575696,0.02070718051539465,0.09351296446900915,-0.2732,0.7777,0.17145
149.25,149.25,355395000,20200827,TSLA,143.54466247558594,149.25,1,0.022727423839726268,0.0515850800904736,0.022727404665935702,0.050505076323189936,0.17545994252911326,0.07422392496298114,0.022727272730077002,0.05675911186358636,0.0227273194961191,0.3667195507945376,0.1338378927042595,-0.7183,0.0,-0.2651666666666667
147.55999755859375,147.55999755859375,301218000,20200828,TSLA,149.25,147.55999755859375,0,0.1268356237339377,0.018503785040780422,0.186697675026714,0.0785030776341007,0.11228301614006768,0.029904054372293692,0.04943224224487654,0.023541896995005453,0.18778368100230058,0.03850340791744332,0.14801153989247945,-0.6124,0.7845,0.19516999999999998
158.35000610351562,158.35000610351562,269523300,20200901,TSLA,166.10667419433594,158.35000610351562,0,0.0471440642025227,0.00617061110449285,0.00617033487354,0.0061703093396823,0.006170349287447099,0.00617058569476985,0.0061704807221956495,0.15717273705258442,0.7463188634723994,0.0061703510253354,0.0061713132250298,-0.296,0.0,-0.148
149.1233367919922,149.1233367919922,288528300,20200902,TSLA,158.35000610351562,149.1233367919922,0,0.0303030303051006,0.0303030303046604,0.0303036605528615,0.0303122602440033,0.0303030303050538,0.0303037756009102,0.0303030303047987,0.0303030303049865,0.0303042527358021,0.6969578690372981,0.0303030303045242,0.0,0.0,0.0
135.6666717529297,135.6666717529297,262788300,20200903,TSLA,149.1233367919922,135.6666717529297,0,0.01948113281751177,0.1861466532478201,0.0194805918077928,0.0194809049623097,0.019480519482688165,0.10281411715823174,0.30519517220701636,0.019480766788591935,0.10281389672907774,0.0194805194822197,0.18614572531673967,0.0,0.9359,0.31196666666666667
139.44000244140625,139.44000244140625,330965700,20200904,TSLA,135.6666717529297,139.44000244140625,1,0.0227272727365203,0.0227283061681807,0.0227275338546348,0.0227332660878259,0.5227201896174952,0.0227272727358228,0.0227272727351676,0.022727272736009,0.02272727273385,0.0227272727343538,0.2727270678601393,0.0,0.0,0.0
110.06999969482422,110.06999969482422,346397100,20200908,TSLA,139.44000244140625,110.06999969482422,0,0.0909090909090909,0.0909090909090909,0.0909090909090909,0.0909090909090909,0.0909090909090909,0.0909090909090909,0.0909090909090909,0.0909090909090909,0.0909090909090909,0.0909090909090909,0.0909090909090909,0.0,0.0,0.0
122.09333038330078,122.09333038330078,238397400,20200909,TSLA,110.06999969482422,122.09333038330078,1,0.01092199118650335,0.17559640111747746,0.0855685659249418,0.060921234950826526,0.11745111964718775,0.07253353193316367,0.0109220750164495,0.05985957233579747,0.1429760014772709,0.0109227657576434,0.25232674065273775,-0.2111,0.8271,0.2308
123.77999877929688,123.77999877929688,254791800,20200910,TSLA,122.09333038330078,123.77999877929688,1,0.030743999015860102,0.030743891999254102,0.13234230522748847,0.03074414469304352,0.030743910671585578,0.20765238555394575,0.32848058843915096,0.08837261108483573,0.03074381047405438,0.03074463729318268,0.058687715547598385,0.0,0.7964,0.5061
124.23999786376952,124.23999786376952,182152500,20200911,TSLA,123.77999877929688,124.23999786376952,1,0.0151515151560714,0.0151515151551019,0.0151515151549308,0.2924867097032061,0.3564152399370949,0.0151515151557291,0.0151515151554054,0.0151516892435139,0.2298848398656454,0.0151518005195958,0.0151521449537046,0.7717,0.7717,0.7717
139.8733367919922,139.8733367919922,249061800,20200914,TSLA,124.23999786376952,139.8733367919922,1,0.0833330032126284,0.19444497117375326,0.0277780353349296,0.08538237237813806,0.0277777777802462,0.27777736271370934,0.0277777777799353,0.027778161756374136,0.1923944013133211,0.027778232153460133,0.027777904403503865,-0.4767,0.4019,-0.024933333333333346
149.9199981689453,149.9199981689453,291894600,20200915,TSLA,139.8733367919922,149.9199981689453,1,0.2764568496013301,0.07603902335902799,0.07127572405718843,0.05413428090828346,0.014135415618183938,0.04746792198991318,0.13413386435019922,0.014134815876015162,0.131163725061557,0.07442946872666609,0.10662891045163492,0.3612,0.6969,0.5053
147.25332641601562,147.25332641601562,216837900,20200916,TSLA,149.9199981689453,147.25332641601562,0,0.18787465027739111,0.1018382903836423,0.02121629728518035,0.121259945700893,0.021212121215020273,0.12121216846789765,0.0212123611053226,0.07121268010632323,0.07116433855600442,0.0212121212143941,0.24058502568793044,-0.5267,0.4215,-0.12677499999999997
141.14332580566406,141.14332580566406,230337600,20200917,TSLA,147.25332641601562,141.14332580566406,0,0.0090911501442265,0.009091276637933,0.1159708382471278,0.0090910028384252,0.0090909090917341,0.37470576527713,0.0090909117075014,0.0090910607407722,0.0090918566710243,0.0090918100386665,0.4365934186054584,0.8154,0.8154,0.8154
147.38333129882812,147.38333129882812,259220400,20200918,TSLA,141.14332580566406,147.38333129882812,1,0.0181818181838238,0.0181818181833963,0.0181818181833208,0.2181800454968936,0.0181818181837767,0.0181835600751091,0.0181818181835302,0.0181818181837127,0.4181819396649747,0.0181818181833535,0.2181817274781079,0.5106,0.5106,0.5106
149.79666137695312,149.79666137695312,328430400,20200921,TSLA,147.38333129882812,149.79666137695312,1,0.0078055762752456,0.007805443148424033,0.007805464217788966,0.03997637279081557,0.06159239693581924,0.007805426340577733,0.29814203047319426,0.038010771705081534,0.0078059286005213,0.10362007174894587,0.41963051776358534,0.1586,0.5667,0.3621666666666667
141.41000366210938,141.41000366210938,238742400,20200922,TSLA,149.79666137695312,141.41000366210938,0,0.0101010101025893,0.0101016170796083,0.0101014007774204,0.0993347767509111,0.010101413942565,0.0101031612570199,0.1535396000486114,0.3434346477226164,0.0101019892410937,0.0101010101022194,0.3329793729753444,-0.4963,-0.4963,-0.4963
126.7866668701172,126.7866668701172,285222600,20200923,TSLA,141.41000366210938,126.7866668701172,0,0.022728147824045,0.0227272727308002,0.0227278303073447,0.272727073490466,0.0227319301612903,0.0227272727314172,0.0227284534431143,0.0227272727315075,0.0227272727304607,0.0227272727307043,0.5227202011188493,0.0,0.0,0.0
129.26333618164062,129.26333618164062,289683300,20200924,TSLA,126.7866668701172,129.26333618164062,1,0.0303030303093588,0.3636362417724241,0.0303030303077733,0.0303030303076714,0.0303030303092113,0.0303031907738667,0.0303030303084326,0.0303030303090106,0.0303030303075307,0.0303047684057083,0.3636345868890116,0.3612,0.3612,0.3612
135.77999877929688,135.77999877929688,201625500,20200925,TSLA,129.26333618164062,135.77999877929688,1,0.19239739422411523,0.0226192116060126,0.08928483367861938,0.02261911343127086,0.02261959265935958,0.2088682381521027,0.1415255328711889,0.11216802760657604,0.11488441966631983,0.02261955431497926,0.05039408178945506,-0.3818,0.6652,0.15714
140.39999389648438,140.39999389648438,149158800,20200928,TSLA,135.77999877929688,140.39999389648438,1,0.12540083667435517,0.07380600147988733,0.1118861038339386,0.016919281887272566,0.08358648579180487,0.17995421718103588,0.030808647207712966,0.11308723908145678,0.016919201758623482,0.016919319977331784,0.23071266512657998,-0.34,0.967,0.28550000000000003
139.69000244140625,139.69000244140625,150657900,20200929,TSLA,140.39999389648438,139.69000244140625,0,0.2678552598850667,0.0151533092071609,0.1818182446012075,0.0151516199843708,0.0151527457875374,0.2536865714554592,0.0151533802073232,0.0151518942257856,0.1905707919564825,0.0151536254057207,0.0151525572838849,0.1779,0.1779,0.1779
149.3866729736328,149.3866729736328,152224500,20201001,TSLA,143.00332641601562,149.3866729736328,1,0.0183552370815663,0.01835512497862426,0.058354699087500864,0.10835460408811597,0.15835508140336801,0.018355161810292238,0.12549767302305476,0.05835520003007359,0.1040013495593134,0.06835474811997928,0.2636611208181108,0.0,0.6588,0.44421999999999995
138.3633270263672,138.3633270263672,214290000,20201002,TSLA,149.3866729736328,138.3633270263672,0,0.07542080822820238,0.04730271665341404,0.016052916886713814,0.016053236023862712,0.08390971679886042,0.2988605293118567,0.13793461781372982,0.0298788268058268,0.2312304173528686,0.016053783748682375,0.04730243037598188,-0.6705,0.8858,0.21889999999999998
141.89332580566406,141.89332580566406,134168400,20201005,TSLA,138.3633270263672,141.89332580566406,1,0.02784152721656285,0.02784145914121705,0.17367342553347254,0.05284093049683005,0.05909143281182903,0.08996519351266787,0.12196500193396975,0.17367322659426981,0.05284157967697545,0.13066907032988798,0.08959715275231714,0.0,0.8047,0.4301375
137.9933319091797,137.9933319091797,147438900,20201006,TSLA,141.89332580566406,137.9933319091797,0,0.11192848486990942,0.05359492647243245,0.04526237170466408,0.011930154624241998,0.093331497250571,0.03276245026003225,0.17282271802365834,0.12508650070032282,0.249374445889788,0.01192907372902195,0.09197737647535718,-0.7643,0.8922,0.33731666666666665
141.76666259765625,141.76666259765625,129383100,20201007,TSLA,137.9933319091797,141.76666259765625,1,0.06078768983366985,0.04063577952958271,0.16832196283725936,0.031726614127000945,0.07692880895372019,0.06244445801536119,0.09193965366353793,0.14146336007285892,0.07235047708879247,0.09796180090164062,0.15543939497657533,-0.872,0.8588,0.012650000000000008
141.97332763671875,141.97332763671875,121263300,20201008,TSLA,141.76666259765625,141.97332763671875,1,0.03628888882967538,0.10049820340625376,0.142127228186031,0.03805208042240777,0.10364147871908307,0.03321522256768605,0.2954424715123197,0.018928428543103,0.07768141202374769,0.05226124273195157,0.10186334305774059,-0.2263,0.9127,0.4134
144.6666717529297,144.6666717529297,86777100,20201009,TSLA,141.97332763671875,144.6666717529297,1,0.015909284777923,0.21590825801014443,0.015909227579347034,0.015909898053839966,0.015909215856320432,0.0159100760766762,0.153748332778616,0.26759187264049356,0.015909179785946366,0.0825757950241913,0.18471885941650132,-0.5819,0.7375,0.06906666666666668
147.43333435058594,147.43333435058594,116373300,20201012,TSLA,144.6666717529297,147.43333435058594,1,0.02674234519094352,0.11192075506068991,0.10771326008269938,0.06392619917740629,0.11591441187923007,0.09933655044875511,0.1424929074241033,0.052493820983585855,0.03750849937552065,0.028214674164024657,0.2137365762130408,-0.2942,0.8074,0.35000000000000003
148.88333129882812,148.88333129882812,103391100,20201013,TSLA,147.43333435058594,148.88333129882812,1,0.18939301721309484,0.26095494720065393,0.10116544435455795,0.03939414855163698,0.10605997153122253,0.1060607314382482,0.0393942662550344,0.03939510840568298,0.03939393939647904,0.039394148833516156,0.03939427681987254,-0.2411,0.7935,0.40758
153.76666259765625,153.76666259765625,143639100,20201014,TSLA,148.88333129882812,153.76666259765625,1,0.16399334617087039,0.062272640614772425,0.06331478964786631,0.1006058890381383,0.05893943559284228,0.09227233201239185,0.17117577920539076,0.05893949650953574,0.13154116654873022,0.02560653764049905,0.07133858701896229,0.0,0.8422,0.19705999999999999
146.55667114257812,146.55667114257812,98327700,20201016,TSLA,149.6266632080078,146.55667114257812,0,0.01363742081272205,0.013637019045592901,0.11363531675591225,0.11363666916261554,0.013636363637984001,0.013636363637897699,0.01363636363777995,0.01363636363793095,0.3485162297226563,0.0136364040391107,0.32875548590979725,0.2263,0.6597,0.44299999999999995
143.61000061035156,143.61000061035156,108863400,20201019,TSLA,146.55667114257812,143.61000061035156,0,0.0129871593657248,0.0129870129880533,0.012987181751677,0.2987014098767555,0.0129872783670309,0.0129870129882345,0.421418077270396,0.0129870129882612,0.1759835409287765,0.0129873004871235,0.0129870129879661,-0.2263,-0.2263,-0.2263
140.64666748046875,140.64666748046875,94968900,20201020,TSLA,143.61000061035156,140.64666748046875,0,0.01666666667021715,0.11666632841042915,0.0999992774246524,0.016666666669268998,0.016666666670133952,0.01666871329057195,0.4133400906132533,0.0166668442021384,0.25332529451918606,0.0166666666693848,0.016666784860763298,-0.1689,0.128,-0.020449999999999996
140.8800048828125,140.8800048828125,97111500,20201021,TSLA,140.64666748046875,140.8800048828125,1,0.010942890796367226,0.01094448073537405,0.010943294806742275,0.041317302716270675,0.05955364692696063,0.2580861891967282,0.01094297298992745,0.08479040418782267,0.31602850805877025,0.01094301437408925,0.18550729521094678,-0.2732,0.6486,0.09384999999999999
141.92999267578125,141.92999267578125,119979600,20201022,TSLA,140.8800048828125,141.92999267578125,1,0.0385640428268079,0.2455069888702396,0.1401177927167255,0.012146406261341983,0.03595571576467645,0.059765568934067974,0.20028292687767393,0.012146494573596867,0.037960540870813464,0.08652233688485977,0.13103118541919603,-0.3595,0.5994,0.013016666666666676
140.2100067138672,140.2100067138672,101151000,20201023,TSLA,141.92999267578125,140.2100067138672,0,0.0743133584046097,0.01774932408416974,0.20693743925010133,0.05774899242450447,0.057748893690709555,0.04632195193262538,0.1742326856880345,0.017748919750234342,0.13774871545589218,0.11170132882047305,0.09774839049864523,0.0,0.7897,0.3685
140.0933380126953,140.0933380126953,84717600,20201026,TSLA,140.2100067138672,140.0933380126953,0,0.026515323499793,0.13199573498744915,0.3598455181046813,0.02651731778475635,0.02651515152201395,0.0265151515216471,0.0265151515211531,0.02651547653539475,0.1515149547814977,0.02651515152053125,0.17103506822108183,0.0,0.5574,0.2787
141.55999755859375,141.55999755859375,68059500,20201027,TSLA,140.0933380126953,141.55999755859375,1,0.041477458447925,0.013699881076715674,0.07619965740695363,0.5124883834731448,0.013699575715662075,0.041733499778441825,0.10562554977264012,0.04147721977905663,0.013699531413556674,0.12619951154051665,0.01369973159538645,-0.3612,0.6588,0.30305
135.33999633789062,135.33999633789062,76354200,20201028,TSLA,141.55999755859375,135.33999633789062,0,0.248221588073835,0.07333468132851512,0.0233337219610879,0.023333462481328622,0.20333377438394895,0.07844348501568298,0.07333331506132709,0.02333444297344516,0.023334107829981042,0.0233344662010157,0.20666295468983192,-0.6166,0.7906,-0.1438
136.94332885742188,136.94332885742188,67965900,20201029,TSLA,135.33999633789062,136.94332885742188,1,0.25252523341448735,0.030304471416119434,0.1414126313819936,0.030303443225564535,0.030303030304811397,0.14141522876828364,0.030303414670947368,0.16717876150760239,0.03030345481840947,0.11564617459840008,0.030304155893380234,0.0,0.3182,0.10606666666666666
129.34666442871094,129.34666442871094,127533900,20201030,TSLA,136.94332885742188,129.34666442871094,0,0.020454716935872252,0.020454545456690752,0.02045454545658955,0.0204556369374643,0.02045454545720805,0.0204546182303152,0.02045487005786265,0.02045454545712035,0.5650426123326869,0.0204547910876645,0.2508645725905249,0.1027,0.2732,0.18795
133.50332641601562,133.50332641601562,87063300,20201102,TSLA,129.34666442871094,133.50332641601562,1,0.08328127081671434,0.10185031777832206,0.060065256718415894,0.09577925676274557,0.024351255077739185,0.16720773979272646,0.2582934018361935,0.02435095118377687,0.02435074651588337,0.024350976413391685,0.1361188271040908,-0.3705,0.6124,0.009500000000000008
141.3000030517578,141.3000030517578,103055100,20201103,TSLA,133.50332641601562,141.3000030517578,1,0.05841152756400797,0.18422815637231657,0.18854984630155647,0.047829465989057546,0.14278387991622318,0.06808676044416337,0.14893942485520767,0.010792561192348483,0.03277350029072317,0.010793050429409416,0.10681182664498572,-0.8934,0.8622,0.02185000000000002
146.02999877929688,146.02999877929688,85243500,20201105,TSLA,140.32666015625,146.02999877929688,1,0.0101010101022918,0.0101010101020188,0.0101010778958086,0.0101012043719701,0.010102166340325,0.0101024653134719,0.3688357013012799,0.0101010101022208,0.0101010101019215,0.5402523196397476,0.0101010247289433,0.0,0.0,0.0
143.31666564941406,143.31666564941406,65118000,20201106,TSLA,146.02999877929688,143.31666564941406,0,0.11605572854075517,0.018687599005877065,0.17141717775349818,0.018688077595304834,0.08574007613937905,0.1457571545363878,0.0186874715157055,0.018687574497749767,0.018686868688121333,0.018687254157607667,0.36890501756961314,0.4404,0.5859,0.5067333333333334
140.4199981689453,140.4199981689453,104499000,20201109,TSLA,143.31666564941406,140.4199981689453,0,0.0160826828999846,0.01608288733394736,0.3388434413278355,0.01608277349522094,0.01608225108454276,0.04474972311630976,0.16944393812716116,0.08708762863329136,0.07416914018530728,0.06608088786440652,0.15529464593199235,-0.6486,0.807,0.05222000000000002
137.25332641601562,137.25332641601562,59565300,20201112,TSLA,139.0433349609375,137.25332641601562,0,0.0101011277070759,0.0101010101016919,0.0101011043432214,0.0101013729512403,0.0101018261743344,0.0101012599039902,0.0101011371186663,0.0101010101018285,0.8989881313946418,0.0101010101016734,0.0101010101016352,0.0,0.0,0.0
136.1666717529297,136.1666717529297,59313300,20201113,TSLA,137.25332641601562,136.1666717529297,0,0.027975418325153184,0.13030926893892472,0.04114076961641396,0.048983683684638735,0.3391212456286083,0.019572163365594794,0.035614724303002,0.07494553594452656,0.04295602089812684,0.14766589481822145,0.09171527447678891,-0.6625,0.8949,0.24876470588235294
136.02999877929688,136.02999877929688,80515800,20201116,TSLA,136.1666717529297,136.02999877929688,0,0.02106134765481496,0.09588172367183859,0.0210608631012469,0.0210610534730239,0.07106221744296301,0.07650522478934402,0.09623843268302099,0.20439252107390268,0.09606084683475653,0.18106005292113944,0.1156157163539486,-0.128,0.5267,0.13893999999999998
147.20333862304688,147.20333862304688,183564900,20201117,TSLA,136.02999877929688,147.20333862304688,1,0.03162217028737653,0.04072586787206019,0.06253657338300031,0.02306936157165445,0.07535582923634632,0.0908901817950351,0.06465724641060024,0.08409065247569182,0.2390917964528959,0.07151055843596132,0.21644976207937733,-0.8442,0.7178,0.062423076923076914
162.2133331298828,162.2133331298828,234132000,20201118,TSLA,147.20333862304688,162.2133331298828,1,0.10574699299480339,0.07496272583903485,0.23652378659788129,0.07692811046734709,0.09915894834943376,0.07241459823731942,0.05205475777234724,0.022414691700712443,0.11869443253303963,0.0964638105466456,0.04463714496143475,-0.296,0.7269,0.11353333333333332
166.42333984375,166.42333984375,187425900,20201119,TSLA,162.2133331298828,166.42333984375,1,0.019571262727136475,0.01957070707150305,0.10984848853892246,0.1445697471852411,0.14457059310747283,0.04734884125184592,0.37373714946772346,0.019570720071875176,0.019571060292335976,0.0195714225143606,0.08207000777158258,-0.34,0.7003,0.30555
163.20333862304688,163.20333862304688,98735700,20201120,TSLA,166.42333984375,163.20333862304688,0,0.07693746435383646,0.10859916223445902,0.22900333124960645,0.015284827498857267,0.015284534696579899,0.06291001242952228,0.27169367946017964,0.04937108772594562,0.030568064397813097,0.015284984538721484,0.12506285141447826,-0.1882,0.8966,0.24956666666666663
185.1266632080078,185.1266632080078,160945500,20201124,TSLA,173.9499969482422,185.1266632080078,1,0.030427382751265764,0.04557841630281614,0.01224547318796702,0.11830575086790025,0.058187473899531716,0.012245869167552301,0.20527052468336962,0.19111326451427804,0.1138131262787275,0.053846283815251215,0.15896643453134,-0.2732,0.7945,0.2615
191.3333282470703,191.3333282470703,146790600,20201125,TSLA,185.1266632080078,191.3333282470703,1,0.020456356943399298,0.12045239539276614,0.0204552844363421,0.22045398793762847,0.02045487676735765,0.02045510323273595,0.2704526062130763,0.02045489837008855,0.24545370144235715,0.0204550073354993,0.020455781928748702,-0.3962,0.9213,0.26255
194.9199981689453,194.9199981689453,120310500,20201201,TSLA,189.1999969482422,194.9199981689453,1,0.0227272727340103,0.0227293321916864,0.0227272727323227,0.0227275302183246,0.0227307480559481,0.2727162191745651,0.0227293772472709,0.0227282039615001,0.2727273168969261,0.27272712631338,0.0227296004740652,-0.6808,-0.6808,-0.6808
189.60667419433597,189.60667419433597,143327100,20201202,TSLA,194.9199981689453,189.60667419433597,0,0.018939393941667167,0.10227132577623689,0.018939626691306666,0.018940554903383033,0.018939393941614268,0.600672644340595,0.0189395205134642,0.018940767829679035,0.1022726886999475,0.062204603329700354,0.018939480032405434,-0.296,0.8126,0.37633333333333335
197.7933349609375,197.7933349609375,127656000,20201203,TSLA,189.60667419433597,197.7933349609375,1,0.0303030303053445,0.3636363741413238,0.0303030303047646,0.0303030303047268,0.0303030303052906,0.0303030303063361,0.030303030305006,0.0303030303052169,0.3636363531124884,0.0303030303048024,0.0303030303046995,0.0,0.0,0.0
213.9199981689453,213.9199981689453,168929100,20201207,TSLA,199.67999267578125,213.9199981689453,1,0.0909090909090909,0.0909090909090909,0.0909090909090909,0.0909090909090909,0.0909090909090909,0.0909090909090909,0.0909090909090909,0.0909090909090909,0.0909090909090909,0.0909090909090909,0.0909090909090909,0.0,0.0,0.0
216.6266632080078,216.6266632080078,192795000,20201208,TSLA,213.9199981689453,216.6266632080078,1,0.06423693668388174,0.07843719131623617,0.01666789551521027,0.07761527060017177,0.016667050675141532,0.2782835220659409,0.016666666669956066,0.01666672420390373,0.26666613008997786,0.016667358369215034,0.15142525381036434,0.0,0.25,0.08333333333333333
201.4933319091797,201.4933319091797,213873600,20201209,TSLA,216.6266632080078,201.4933319091797,0,0.01082251082552385,0.01082258159233055,0.1312672468539962,0.0108227551342409,0.01082251082545405,0.010822726260837301,0.11013713617274674,0.1536805376796123,0.19582492922575478,0.0108230735143326,0.34415399191517027,-0.4635,0.6239,0.0802
209.02333068847656,209.02333068847656,201249600,20201210,TSLA,201.4933319091797,209.02333068847656,1,0.0265151515191656,0.3181810804279983,0.026515151518160848,0.02651515151809465,0.026515151519072,0.0265154196875328,0.0265193924949519,0.02651515151894365,0.4431779306861027,0.0265151515182264,0.026515267591750748,0.6696,0.8974,0.7835
213.27667236328125,213.27667236328125,156121800,20201214,TSLA,203.3300018310547,213.27667236328125,1,0.018181818187588,0.0181818181863589,0.3932343132619222,0.018181818186048,0.018181818187454,0.0181818181871527,0.218181425328293,0.0181819542697867,0.0181821962093109,0.0181824031140086,0.2431286168820765,0.8553,0.8553,0.8553
211.0833282470703,211.0833282470703,135214500,20201215,TSLA,213.27667236328125,211.0833282470703,0,0.0382575897107611,0.03825942952198607,0.1658644935224803,0.0382583277915047,0.17731213353982253,0.03825811364274263,0.17997487996914818,0.038258019827285335,0.0382575901822651,0.12165980826253746,0.1256396140294663,0.0,0.3626,0.21846666666666667
207.58999633789065,207.58999633789065,126287400,20201216,TSLA,211.0833282470703,207.58999633789065,0,0.16340044640471096,0.0185366193523302,0.04353525390161004,0.018535954191696423,0.24589084642665832,0.04075809876124216,0.08520182853655735,0.01853537134936932,0.16853536192675028,0.018535849311767917,0.17853436983730658,0.2492,0.9524,0.4861
218.63333129882807,218.63333129882807,168810300,20201217,TSLA,207.58999633789065,218.63333129882807,1,0.019481427691243166,0.019480519481733367,0.4797962106470446,0.019480544313972767,0.019480948668010267,0.067099414466128,0.0194807394641986,0.17877195966858098,0.07566235029071713,0.0194807858009884,0.08178509950738223,-0.296,0.8197,0.32136666666666663
216.6199951171875,216.6199951171875,174135900,20201221,TSLA,231.6666717529297,216.6199951171875,0,0.0129879055323156,0.0129870129912913,0.5844153448000697,0.0129871081158165,0.2986974911940074,0.01298701299204,0.0129871015553043,0.0129894469350854,0.0129870129908816,0.0129870129911754,0.0129875499020123,0.5267,0.5267,0.5267
213.44667053222656,213.44667053222656,155148000,20201222,TSLA,216.6199951171875,213.44667053222656,0,0.009178369665432,0.009179107869297,0.17134192806327145,0.2122345268404079,0.0091784078787215,0.04867217248846675,0.0618483146259482,0.0476407741402924,0.0091783216796142,0.07615104612740484,0.3453970306211432,-0.6124,0.34,-0.13620000000000002
220.58999633789065,220.58999633789065,68596800,20201224,TSLA,215.32666015625,220.58999633789065,1,0.19999889827295309,0.01667124302921515,0.01666730908269415,0.11666559615021585,0.0166673224015387,0.01666666666854575,0.2166623525241277,0.01666680702187,0.2502325615566885,0.0166675514660569,0.11643369182609366,0.0,0.8881,0.44405
221.22999572753903,221.22999572753903,96835800,20201228,TSLA,220.58999633789065,221.22999572753903,1,0.020456026414260448,0.12045477235046,0.1454537373366786,0.02045540088706695,0.14545454277936587,0.02045528106762875,0.3204545974423529,0.02045459709187155,0.02045454545717815,0.1454506594654923,0.02045583970764405,0.0,0.0,0.0
221.9966735839844,221.9966735839844,68732400,20201229,TSLA,221.22999572753903,221.9966735839844,1,0.020202124338102624,0.1035354177637019,0.14057576486359946,0.04797948075456955,0.10353614249958017,0.10353538531288305,0.3164934796690463,0.020202020203652724,0.020202074903927576,0.10353545117079818,0.020202658520138,0.0,0.5106,0.22740000000000002
231.5933380126953,231.5933380126953,128538000,20201230,TSLA,221.9966735839844,231.5933380126953,1,0.042640936793460205,0.014069387096929214,0.04264074267575197,0.12888663895305125,0.14370540398501125,0.014069331282252873,0.13906946689741667,0.11406883142990179,0.22588690569453687,0.014069829643517986,0.12089252554816945,0.0,0.8658,0.38878571428571435
235.22332763671875,235.22332763671875,148949700,20201231,TSLA,231.5933380126953,235.22332763671875,1,0.03787918749626615,0.03787878788089625,0.0378794050061785,0.0378787878807517,0.0378789760598333,0.0378787878812655,0.0378787878810755,0.03787878788131955,0.03788284988123325,0.28787817074476985,0.37120747140640986,0.3353,0.6249,0.48009999999999997
245.0366668701172,245.0366668701172,96735600,20210105,TSLA,243.2566680908203,245.0366668701172,1,0.0113637043595124,0.0113643324270314,0.0113637523235935,0.0113637234326719,0.0113646585680009,0.0113650527213794,0.0113651156961402,0.0113642699921654,0.6235371465371199,0.0113648941202072,0.2741833498221774,0.4728,0.4728,0.4728
272.0133361816406,272.0133361816406,154496700,20210107,TSLA,251.9933319091797,272.0133361816406,1,0.09108199588813208,0.02441608494639036,0.02441558441786872,0.13108093721772848,0.024417894687181817,0.1577478756865492,0.02441612274972898,0.05774892535254976,0.2222364521922516,0.12441467558583316,0.1180234512757854,-0.1779,0.4003,0.11680000000000001
293.3399963378906,293.3399963378906,225166500,20210108,TSLA,272.0133361816406,293.3399963378906,1,0.1565654129941316,0.2398982284923756,0.18434314589696374,0.017676876279607835,0.017677399007401035,0.017677116583831434,0.0176773029069883,0.0176782044213061,0.017676877774047268,0.23989764903622765,0.0732317866071191,0.0,0.7906,0.26353333333333334
270.39666748046875,270.39666748046875,177904800,20210111,TSLA,293.3399963378906,270.39666748046875,0,0.4204498621707862,0.0204587754038478,0.02045571347224535,0.0204545454565723,0.14545387499301832,0.020454545457102652,0.0204551646892612,0.2704530729998162,0.0204552045866245,0.020454695314183702,0.0204545454565414,0.6249,0.6597,0.6423
283.14666748046875,283.14666748046875,138812100,20210112,TSLA,270.39666748046875,283.14666748046875,1,0.0909090909090909,0.0909090909090909,0.0909090909090909,0.0909090909090909,0.0909090909090909,0.0909090909090909,0.0909090909090909,0.0909090909090909,0.0909090909090909,0.0909090909090909,0.0909090909090909,0.0,0.0,0.0
284.8033447265625,284.8033447265625,99937500,20210113,TSLA,283.14666748046875,284.8033447265625,1,0.016504692834964526,0.0165046329612367,0.1276101049467939,0.05817141665066525,0.04727104271633432,0.11272698089626648,0.058171047923824125,0.0165045535502901,0.4718580542838424,0.016505895163255523,0.0581715780725262,-0.5574,0.7177,0.040075
281.6666564941406,281.6666564941406,93798900,20210114,TSLA,284.8033447265625,281.6666564941406,0,0.0113636363652367,0.011363636364896,0.0113636363648364,0.0113636363648097,0.0113636363651994,0.0113636363651162,0.0113639632902833,0.4367730335998347,0.0113638068842016,0.2109539944092908,0.2613633836262947,0.2023,0.2023,0.2023
275.3866577148437,275.3866577148437,116332800,20210115,TSLA,281.6666564941406,275.3866577148437,0,0.0750002696080833,0.1896335574870204,0.15852664614195938,0.0250003998532104,0.07648367870059537,0.12655092703155235,0.025000558220476123,0.025000307751971727,0.1249984149134815,0.0949593655898689,0.07884587470178007,0.0,0.7317,0.45465
281.663330078125,281.663330078125,61563300,20210121,TSLA,283.4833374023437,281.663330078125,0,0.020454545457105698,0.39545461256618497,0.02045477154857815,0.020454743084574248,0.0204547618209775,0.02045590120285105,0.0204545454567326,0.020454545456966053,0.02045480360293975,0.02045476041244235,0.4204520093906472,0.7964,0.8176,0.8069999999999999
282.2133178710937,282.2133178710937,60199500,20210122,TSLA,281.663330078125,282.2133178710937,1,0.12158299714417346,0.011063767241725234,0.05868185227456984,0.011063459428910233,0.011063011064809133,0.07381283425953686,0.15090353680135737,0.10809899943486408,0.051881906601176274,0.011063321106764834,0.39078431464211233,0.4003,0.8151,0.5885666666666667
293.6000061035156,293.6000061035156,123520200,20210125,TSLA,282.2133178710937,293.6000061035156,1,0.016265724644708098,0.04436009323531053,0.2530963288356179,0.016265029621950443,0.05708079108449101,0.30197761022951564,0.1059377035954854,0.016265044058253658,0.06388383273989176,0.042592548016723006,0.0822752939380521,-0.8442,0.6124,-0.18722857142857144
294.36334228515625,294.36334228515625,69394800,20210126,TSLA,293.6000061035156,294.36334228515625,1,0.10757605787471738,0.024242670112336877,0.19090873568112982,0.0242424311251614,0.12424262462475733,0.17424284691107622,0.07424216801604991,0.07424240871784918,0.074242746752825,0.10757438450782837,0.02424292567626805,0.0772,0.7096,0.497575
278.4766540527344,278.4766540527344,79134000,20210128,TSLA,288.0533447265625,278.4766540527344,0,0.08415922650276303,0.12921754430803561,0.13356526043543257,0.08377751080624346,0.07374975440620989,0.03861532450457005,0.05176566126692456,0.0248607992001482,0.06616376572298584,0.0709221459937497,0.24320300685293655,-0.68,0.7964,0.004639999999999992
264.510009765625,264.510009765625,104972400,20210129,TSLA,278.4766540527344,264.510009765625,0,0.030303578764743166,0.0303033346427188,0.14288384271206428,0.030303030303951636,0.030303030304258034,0.03030316694582037,0.030303153598452065,0.28030334354590636,0.19696969696964403,0.16772079190850356,0.030303030303937103,-0.5994,0.6369,0.012499999999999992
279.9366760253906,279.9366760253906,76174200,20210201,TSLA,264.510009765625,279.9366760253906,1,0.0166666666676832,0.01666666666746685,0.18333321914625575,0.01666666666741195,0.01666666666765955,0.2666667464709107,0.4166666666648295,0.01666670104554735,0.01666666666738965,0.0166666666674452,0.0166666666673999,0.4215,0.875,0.64825
283.3299865722656,283.3299865722656,47438100,20210204,TSLA,284.89666748046875,283.3299865722656,0,0.01590909091271845,0.01590956590100185,0.13195984290362925,0.015909561439693302,0.01591034663349545,0.14090910856300173,0.015909090912188298,0.0159105675676738,0.4443560758458016,0.015909363603932303,0.17140738571686345,-0.4588,0.6249,0.08305000000000001
284.07666015625,284.07666015625,55699800,20210205,TSLA,283.3299865722656,284.07666015625,1,0.09365669616960247,0.09740232050798615,0.012746512748656067,0.012746512748609233,0.012746512749305867,0.012747547729377801,0.0127478711895802,0.012747340895802832,0.29729228815774456,0.012746548883291265,0.422419848220043,0.0,0.9001,0.45849999999999996
287.8066711425781,287.8066711425781,60485100,20210208,TSLA,284.07666015625,287.8066711425781,1,0.19075439067194175,0.00826446281110955,0.14462811499057754,0.008264471244295,0.18577902973152188,0.00826456880026025,0.008264462811210599,0.00826450744225635,0.3694954857787422,0.008264491920692101,0.059756013797392205,-0.3291,0.4404,0.055650000000000005
283.1533203125,283.1533203125,45473100,20210209,TSLA,287.8066711425781,283.1533203125,0,0.016739123974484543,0.1786424688110749,0.14098117196902354,0.047015795981088855,0.016739180499522156,0.17710025148719014,0.016739175347899957,0.08023060549114926,0.11874799361474456,0.03261286093464875,0.17445137188917287,-0.6597,0.5106,-0.09597142857142857
268.2733459472656,268.2733459472656,108648300,20210210,TSLA,283.1533203125,268.2733459472656,0,0.035353535361231765,0.14646068843846466,0.2020202019989766,0.035354342626557796,0.0353547822173615,0.14646465519195964,0.0353552584288959,0.13211354613186935,0.03535353535901176,0.03535416264760193,0.1608152915980686,-0.34,0.0,-0.11763333333333335
270.5533447265625,270.5533447265625,64868400,20210211,TSLA,268.2733459472656,270.5533447265625,1,0.27272729649934124,0.02272764847425235,0.0227272727296047,0.14772723626552178,0.022727272730312352,0.02272756179742655,0.0227279528826578,0.02272727273021285,0.022727272729485652,0.270418917660437,0.15003429550074732,0.4574,0.8513,0.65435
272.0400085449219,272.0400085449219,71304900,20210212,TSLA,270.5533447265625,272.0400085449219,1,0.0303052870689114,0.0303058325741283,0.6969477401865918,0.0303036130490015,0.0303061877359698,0.0303053859240942,0.0303030997461527,0.0303048966942873,0.0303054184368796,0.0303062998608497,0.0303062387231335,0.0,0.0,0.0
265.4066772460937,265.4066772460937,59406900,20210216,TSLA,272.0400085449219,265.4066772460937,0,0.02045501993145835,0.02045454545575045,0.32045330930864446,0.27070032370224356,0.1454544862094616,0.1202074248941831,0.0204554637677811,0.020454545455991853,0.020454651208223498,0.02045454545571785,0.020455684610543652,-0.296,0.6597,0.18184999999999998
262.4599914550781,262.4599914550781,53871300,20210218,TSLA,266.04998779296875,262.4599914550781,0,0.130396800177301,0.1246435253083374,0.0101025606407429,0.4735006131053301,0.0101010101028681,0.2007487644088445,0.0101012817352726,0.0101010101028067,0.0101016999917045,0.0101010101024667,0.0101017243243247,0.875,0.875,0.875
260.4333190917969,260.4333190917969,56874900,20210219,TSLA,262.4599914550781,260.4333190917969,0,0.011147372065749167,0.1444555148317147,0.11210826365237624,0.011147266531313134,0.011148116887206667,0.011147918636899934,0.011147435371619533,0.11952802503889993,0.044480539309275036,0.5125422455019902,0.011147302172955032,-0.25,0.6239,0.07303333333333334
238.1666717529297,238.1666717529297,111809100,20210222,TSLA,260.4333190917969,238.1666717529297,0,0.2113010478396239,0.013421273096203399,0.10072005239664994,0.013420374931978132,0.24750593933325396,0.2663318055373118,0.013420417189481101,0.013420524437326333,0.013420145767528533,0.0134202189179335,0.09361820055270893,0.34,0.7684,0.606
247.33999633789065,247.33999633789065,110301000,20210224,TSLA,232.94667053222656,247.33999633789065,1,0.01458373911880115,0.014583575441895952,0.05624990810338265,0.014583507292425451,0.014583898672843824,0.04878886274387815,0.3657940577926299,0.12059548778011812,0.07708348027135857,0.13958271839693973,0.133570764385726,0.0,0.5994,0.250325
227.4066619873047,227.4066619873047,117071700,20210225,TSLA,247.33999633789065,227.4066619873047,0,0.09232301238020799,0.07135677390608271,0.03676808294057839,0.14787929106308045,0.045925265516366706,0.18682863143345027,0.08203971648371441,0.01824976761097223,0.09232371299678493,0.02618673169025032,0.20011901397851112,-0.4168,0.7684,0.027655555555555558
225.1666717529297,225.1666717529297,123267600,20210226,TSLA,227.4066619873047,225.1666717529297,0,0.0454545454547378,0.0454545454546968,0.5454508739323316,0.0454545454546864,0.0454545454547333,0.0454545454547233,0.0454545454547097,0.0454545454547271,0.0454545454546822,0.0454545454546927,0.0454582169752787,0.25,0.25,0.25
239.47666931152344,239.47666931152344,81408600,20210301,TSLA,225.1666717529297,239.47666931152344,1,0.02408037608646535,0.05979415292234035,0.024080680734511476,0.024080457062261675,0.2532466872532969,0.024080086582681,0.2477733885690016,0.14562327004753203,0.14908005606490318,0.024080641355008148,0.0240802033219979,-0.3612,0.7506,0.20745000000000002
228.81333923339844,228.81333923339844,71196600,20210302,TSLA,239.47666931152344,228.81333923339844,0,0.0234877256267122,0.023484947624351975,0.10681691506553168,0.023484848486645924,0.1734849335337327,0.07348485001697562,0.21098234433628515,0.02348540628811555,0.10681881215392146,0.2109832837180656,0.0234859331496616,0.0,0.296,0.074
217.73333740234372,217.73333740234372,90624000,20210303,TSLA,228.81333923339844,217.73333740234372,0,0.11836461338384513,0.027293285722580378,0.045202358366388855,0.07297956853773223,0.17349627127281309,0.031313698596834354,0.19273965299129375,0.06533903077582688,0.2106442017165282,0.017424657250792102,0.04520266138536451,0.0,0.6597,0.22954444444444444
207.14666748046875,207.14666748046875,197758500,20210304,TSLA,217.73333740234372,207.14666748046875,0,0.023106359334243827,0.02310616813832745,0.1191057175944467,0.18368645096979067,0.023106078195772026,0.0603541346028872,0.023106587094363598,0.0856060659616092,0.25860949898749197,0.10643897691367983,0.09377396220738708,-0.4215,0.8977,0.254625
199.3166656494141,199.3166656494141,268189500,20210305,TSLA,207.14666748046875,199.3166656494141,0,0.0227273808704621,0.0227272727275241,0.7727249151448354,0.0227275032274175,0.0227272727275846,0.0227272974300588,0.0227289680178209,0.0227272727275745,0.0227272727274999,0.0227272727275172,0.0227275716717045,-0.3384,-0.3384,-0.3384
187.6666717529297,187.6666717529297,155361000,20210308,TSLA,199.3166656494141,187.6666717529297,0,0.1136363537972237,0.03030303030394885,0.37440194795926307,0.0303030303038857,0.03030303030417,0.18620319104216876,0.030303030304026597,0.03030303030413265,0.11363636402290915,0.03030303030392375,0.0303039613543474,0.0,0.743,0.3715
224.52667236328125,224.52667236328125,202569900,20210309,TSLA,187.6666717529297,224.52667236328125,1,0.04494463860519164,0.05308690565775666,0.13347111569297251,0.02808705327327802,0.02808694251077156,0.05690690178931368,0.33576083352862807,0.11299899156126188,0.0780977283537591,0.06808678001910282,0.060472109007963626,-0.5994,0.3818,-0.07414000000000001
222.6866607666016,222.6866607666016,181817100,20210310,TSLA,224.52667236328125,222.6866607666016,0,0.0156566366993491,0.015656601877204142,0.039476419549519456,0.0156565731956472,0.0156574093526566,0.05565636007427514,0.015656640463742162,0.10681850509401554,0.5103821810356746,0.01565665844544616,0.19372601421246946,-0.1531,0.7543,0.17487999999999998
233.1999969482422,233.1999969482422,108761700,20210311,TSLA,222.6866607666016,233.1999969482422,1,0.016762462635891363,0.016762380330528258,0.029190374531912,0.19931517266939708,0.01676247594818888,0.041668626182361355,0.04306232336125708,0.05205599821755358,0.2073359896307279,0.0572091840753,0.319875012416882,-0.517,0.8439,0.15462
231.2433319091797,231.2433319091797,100751400,20210312,TSLA,233.1999969482422,231.2433319091797,0,0.03969507322411832,0.041986438372722965,0.10711074214205174,0.016524474020533843,0.06652380547783066,0.09652536718488905,0.16934805039533513,0.31857352230997316,0.051152290206543286,0.07603522166897479,0.0165250149970267,-0.3802,0.1082,-0.1204
235.97999572753903,235.97999572753903,88006800,20210315,TSLA,231.2433319091797,235.97999572753903,1,0.0151517907234008,0.015151809321076,0.0151515151523764,0.0151518601151941,0.0151515151526376,0.1972227556426656,0.0151518255323331,0.0151515151526009,0.181818099734164,0.4997457689509282,0.0151515445226229,0.0,0.0,0.0
217.72000122070312,217.72000122070312,99674400,20210318,TSLA,233.9366607666016,217.72000122070312,0,0.050961111325483234,0.0220066503086729,0.1886716159517281,0.02200585493083487,0.022005772008343333,0.050052536227660704,0.022005827483927033,0.022005790038542267,0.41341612367974206,0.022005982808581834,0.1648627352364832,-0.5859,0.4019,-0.06133333333333333
218.2899932861328,218.2899932861328,128682000,20210319,TSLA,217.72000122070312,218.2899932861328,1,0.0227272727351334,0.0227272727334563,0.0227343062772946,0.0227272727330323,0.0227305606516898,0.022727272734539,0.0227272727339817,0.0227272727346945,0.77271695119995,0.0227272727332878,0.0227272727329402,0.0,0.0,0.0
223.3333282470703,223.3333282470703,118536600,20210322,TSLA,218.2899932861328,223.3333282470703,1,0.848479328113712,0.0151515151522825,0.0151532340710895,0.015153370134842,0.0151515151524672,0.0151522287736045,0.0151522916991879,0.0151515577646276,0.0151515151522086,0.0151515151522617,0.0151519288337161,0.3382,0.3382,0.3382
220.72000122070312,220.72000122070312,91475700,20210323,TSLA,223.3333282470703,220.72000122070312,0,0.053755454194463106,0.014782575009408262,0.05922742864525739,0.1831675517581361,0.01478253977092076,0.17419865132137408,0.01478249615415952,0.014782498912296802,0.1363435534246446,0.0147825512729086,0.31939469953643035,-0.228,0.6369,0.15732
210.08999633789065,210.08999633789065,101385600,20210324,TSLA,220.72000122070312,210.08999633789065,0,0.024621241151550424,0.27462110228977554,0.1912872635000281,0.08712128338126487,0.024621212127469875,0.024621800039862377,0.08712082758479792,0.08712147624281695,0.024621457980372477,0.1496210312710156,0.024621304431045425,-0.1027,0.2481,0.0428
213.4633331298828,213.4633331298828,117674700,20210325,TSLA,210.08999633789065,213.4633331298828,1,0.10027585737520894,0.24247080841610613,0.14212470337855068,0.0113637151528029,0.20326668846650758,0.01136367876338845,0.09259718510828645,0.011363683165051701,0.01136363636521925,0.1624463932937339,0.011363650515143549,-0.7096,0.4019,-0.15385000000000001
206.23666381835935,206.23666381835935,101558400,20210326,TSLA,213.4633331298828,206.23666381835935,0,0.021212533494615566,0.06847293609766662,0.19967856112089022,0.08545949660514929,0.02121212121480957,0.021212222302324335,0.021212223147639698,0.09829997848565712,0.31009996912793547,0.02121212121422957,0.1319278371890821,0.0,0.25,0.1585
203.76333618164065,203.76333618164065,85911000,20210329,TSLA,206.23666381835935,203.76333618164065,0,0.0303030303044501,0.0303030303041478,0.0303030303040943,0.0303030303040715,0.0303030303044184,0.0303030303043439,0.0303039750802733,0.0303030303043717,0.6969687521816564,0.0303030303041175,0.0303030303040545,-0.4404,-0.4404,-0.4404
211.8733367919922,211.8733367919922,118297200,20210330,TSLA,203.76333618164065,211.8733367919922,1,0.0901817005484069,0.06358465905857692,0.05298082082092683,0.10357141883311251,0.06582685636650062,0.03876439145161667,0.08706341761107518,0.07375221068739307,0.2180165627177819,0.044702344461512056,0.16155561744309682,-0.7269,0.9312,0.29256363636363636
222.6433258056641,222.6433258056641,100011900,20210331,TSLA,211.8733367919922,222.6433258056641,1,0.0101010101023121,0.0101010440730802,0.0101010101019852,0.0101036310195523,0.3627481968868824,0.0101010101022133,0.5463391058984528,0.0101010101022394,0.0101019615093267,0.0101010101020063,0.0101010101019489,0.0,0.0,0.0
220.5833282470703,220.5833282470703,105895200,20210401,TSLA,222.6433258056641,220.5833282470703,0,0.02272727273075005,0.02272727273001085,0.14772707115844583,0.022728013296999403,0.0227272727306706,0.2727267039202932,0.02272727273024225,0.02272727273055805,0.2727273349567216,0.0227272727299359,0.14772724028537193,0.0,0.0,0.0
230.3500061035156,230.3500061035156,125528400,20210405,TSLA,220.5833282470703,230.3500061035156,1,0.0171168442662289,0.017116959256133175,0.017116821796546475,0.41921764062263894,0.21711487191784923,0.017116576168644648,0.017116838051836628,0.0384918494007359,0.06297643505355273,0.01711696382855225,0.15949819963728074,0.0,0.9069,0.453925
230.5399932861328,230.5399932861328,84815400,20210406,TSLA,230.3500061035156,230.5399932861328,1,0.03131384750560443,0.0313139883753985,0.031313810725074935,0.03131326841856073,0.253530888176254,0.0313136856106324,0.03131314765261933,0.1979797428129003,0.03131383449492064,0.2979793368932782,0.03131444933475603,0.0,0.6674,0.22246666666666667
223.6566619873047,223.6566619873047,78928200,20210407,TSLA,230.5399932861328,223.6566619873047,0,0.013636825808496001,0.045821949417340295,0.013636544601397498,0.01363651667761546,0.15010808977121218,0.08249539167974482,0.14987038916897366,0.06363642347029959,0.43988439542199753,0.01363638134789864,0.01363709263502386,0.0,0.6893,0.3826
227.93333435058597,227.93333435058597,71772900,20210408,TSLA,223.6566619873047,227.93333435058597,1,0.1436848391419212,0.0132575886661749,0.0965918901504792,0.013257837337972301,0.013257649236346,0.01325761405103875,0.01325757575949105,0.0132579980077875,0.32032870890413495,0.013258236407033351,0.34659006233762035,-0.6444,0.0,-0.3222
225.67333984375,225.67333984375,64311300,20210409,TSLA,227.93333435058597,225.67333984375,0,0.05212835224948996,0.08337866103867257,0.11624732581886144,0.05212810358957861,0.07394741698662789,0.25379680186965753,0.1715414726040782,0.020878484226697226,0.031295181744586634,0.04162446887652532,0.10303373099522417,-0.2732,0.3365,0.033712500000000006
254.10667419433597,254.10667419433597,133958400,20210413,TSLA,233.9933319091797,254.10667419433597,1,0.0101015266205447,0.0101014576342334,0.0101053578793151,0.0101012632719071,0.0101010101030234,0.0101012242909805,0.2761186364997159,0.3434313658197263,0.0101011506982285,0.0101010101025887,0.2996359970797358,-0.6428,-0.6428,-0.6428
244.07666015625,244.07666015625,147052200,20210414,TSLA,254.10667419433597,244.07666015625,0,0.07795032401084322,0.0313326825907412,0.11761152578135045,0.1345514961619107,0.01605466908012475,0.07321081012946924,0.22769422351613733,0.016054600152603363,0.16188594363760989,0.07855467750774331,0.0650990474314661,0.0,0.923,0.3916
246.2833404541016,246.2833404541016,83546700,20210415,TSLA,244.07666015625,246.2833404541016,1,0.08200927281871832,0.04011775719247749,0.29906687350231087,0.1579518487050253,0.020784882662049413,0.0475916558214709,0.11118693188897368,0.020785080666871843,0.1371226466078173,0.06259794373302145,0.020785106401262913,0.0,0.7959,0.2552285714285714
246.5933380126953,246.5933380126953,83938500,20210416,TSLA,246.2833404541016,246.5933380126953,1,0.0227272727285731,0.0227272727282962,0.0227272727282479,0.0227272727282262,0.0227272727285428,0.0227272727284755,0.0227283497167627,0.0227284252144414,0.0227283570904171,0.2727243215421097,0.522726910065907,-0.2263,-0.2263,-0.2263
238.2100067138672,238.2100067138672,119058600,20210419,TSLA,246.5933380126953,238.2100067138672,0,0.0106258588215564,0.08829939814387855,0.3096400383217123,0.01062632018825065,0.08205415013032775,0.29009504661766333,0.0573906928477922,0.01062578520266005,0.01062592564256605,0.11939095278442835,0.0106258312991639,0.4926,0.8883,0.69045
239.663330078125,239.663330078125,106827000,20210420,TSLA,238.2100067138672,239.663330078125,1,0.015151515155538,0.0151535374683605,0.0151532099070437,0.015152687247437,0.0151515151554418,0.5151486634586722,0.3484810662906417,0.0151525420721337,0.0151516409693286,0.0151519776819387,0.0151516445934638,0.4404,0.4404,0.4404
248.0399932861328,248.0399932861328,93646500,20210421,TSLA,239.663330078125,248.0399932861328,1,0.015909337266841,0.0159102045775135,0.26590733933551775,0.26788551682856276,0.015909090909971148,0.14090908278376693,0.0159090909098603,0.01590944585907915,0.0159090909097318,0.01590909090978105,0.21393270970937409,0.0,0.4767,0.23835
239.89666748046875,239.89666748046875,106770900,20210422,TSLA,248.0399932861328,239.89666748046875,0,0.07248462363400436,0.0125015166759652,0.12528900536989046,0.3281373903581886,0.06512527726262718,0.012501538925532688,0.08453479056345392,0.03378297095264667,0.04979431932216946,0.012501842514949051,0.20334672442057192,-0.8481,0.8176,0.16083750000000002
246.0666656494141,246.0666656494141,93115500,20210426,TSLA,243.13333129882807,246.0666656494141,1,0.10151398442795286,0.059848456258783544,0.07373759654116568,0.16628646531819616,0.0737372777920533,0.1626263483762854,0.05151645246073719,0.13484840071969728,0.018181886095308585,0.059848618688667754,0.09785451332115182,-0.296,0.8264,0.4214
234.913330078125,234.913330078125,88311000,20210427,TSLA,246.0666656494141,234.913330078125,0,0.01606869715522304,0.1106789704104052,0.15641959171481995,0.06606872331652942,0.0560689390442239,0.09661843741247336,0.056068517464363574,0.07869033911150042,0.09606856126718613,0.23299863231268594,0.03425059079058864,-0.34,0.5296,0.14512
231.46665954589844,231.46665954589844,66813000,20210428,TSLA,234.913330078125,231.46665954589844,0,0.08935608012327227,0.02777777778111847,0.027777962112363535,0.027778438698886368,0.10232827268890714,0.0277777777817034,0.027778026234067565,0.2527594602003775,0.13888921348138863,0.2499987823764954,0.027778208521419167,0.0,0.902,0.4536
225.6666717529297,225.6666717529297,86536200,20210429,TSLA,231.46665954589844,225.6666717529297,0,0.06410884120802615,0.07647329692135325,0.20152638595262065,0.12552276436990337,0.014412393032294949,0.18160220763405888,0.2509270998150244,0.014412121105502882,0.014412092871250165,0.0144125280270933,0.0421902690628716,0.0,0.7906,0.46285
228.3000030517578,228.3000030517578,81129300,20210503,TSLA,236.47999572753903,228.3000030517578,0,0.009090964208221,0.009090909091356,0.1022292306905502,0.0090909090913253,0.0090909090914636,0.2261469132910629,0.0090921368684922,0.0090909336528482,0.0090909090913129,0.0090913552511757,0.5988948296721914,0.2023,0.2023,0.2023
224.5333404541016,224.5333404541016,89217900,20210504,TSLA,228.3000030517578,224.5333404541016,0,0.0113639570146518,0.0113636363647335,0.0113640088275707,0.0113648062570344,0.0113636363649976,0.2122745204499924,0.0113637786712489,0.011363636364953,0.0113642235418745,0.3333595879257351,0.3634542082172077,-0.1585,-0.1585,-0.1585
223.64666748046875,223.64666748046875,65705700,20210505,TSLA,224.5333404541016,223.64666748046875,0,0.022728447478472,0.2727259492503061,0.0227272727301403,0.0227284297905921,0.0227272727310106,0.0227272727308114,0.5227262643675475,0.0227272727308881,0.0227272727299945,0.0227272727302033,0.0227272727300335,0.4019,0.4019,0.4019
221.17999267578125,221.17999267578125,83353800,20210506,TSLA,223.64666748046875,221.17999267578125,0,0.0198701416965765,0.11701168088110867,0.05987012591119397,0.22415570342602983,0.019870245325301662,0.0698710318716212,0.07658981699782193,0.0698701616217838,0.20315082466149953,0.01987012987286036,0.11987013773420203,0.0,0.2732,0.07518
209.67999267578125,209.67999267578125,94177200,20210510,TSLA,224.1233367919922,209.67999267578125,0,0.045454545454996,0.0454545454549001,0.0454545454548831,0.0454545454548758,0.0454545454549855,0.0454545454549622,0.0454545454549301,0.0454545454549712,0.5454545454507346,0.0454545454548904,0.0454545454548705,0.0,0.0,0.0
196.6300048828125,196.6300048828125,101470800,20210512,TSLA,205.73333740234372,196.6300048828125,0,0.01374379060821115,0.03444395767688738,0.11621095429205444,0.013743365345209925,0.0137432844323096,0.013743246140040926,0.532670065164684,0.013743354727841349,0.0137436149522435,0.15797106003260117,0.07624330662791604,0.0,0.7532,0.50985
190.56333923339844,190.56333923339844,132554700,20210513,TSLA,196.6300048828125,190.56333923339844,0,0.2751417966198255,0.01831970300809466,0.07228498984016987,0.01832045705665634,0.01831955923097512,0.18154126497453732,0.05946067048670915,0.01831974708215962,0.018319848064654382,0.09059184066402791,0.22938012297218954,-0.1531,0.7964,0.48262
196.5800018310547,196.5800018310547,100112700,20210514,TSLA,190.56333923339844,196.5800018310547,1,0.5227202189007185,0.0227272727317524,0.0227272727315377,0.0227272727314454,0.0227272727328326,0.0227280051063472,0.0227272727321325,0.0227272727326502,0.2727274440055725,0.0227272727316313,0.0227334228633791,0.3182,0.3182,0.3182
192.27667236328125,192.27667236328125,97171200,20210517,TSLA,196.5800018310547,192.27667236328125,0,0.0303036111196984,0.0303030303079617,0.3636320506594209,0.0303042690700456,0.0303030303091443,0.0303030303088186,0.0303041834063687,0.363634399850397,0.0303030303074821,0.0303047239807107,0.0303046406799514,0.0,0.0,0.0
192.6233367919922,192.6233367919922,110491800,20210518,TSLA,192.27667236328125,192.6233367919922,1,0.015341025451293674,0.0153411286905852,0.07259550126745051,0.015341487464657952,0.059956359780010376,0.12601441021298876,0.2818943673201846,0.052418528778465624,0.015341204114083701,0.041916471689134996,0.3038395152311443,0.0,0.5562,0.275475
187.82000732421875,187.82000732421875,118735200,20210519,TSLA,192.6233367919922,187.82000732421875,0,0.27849872092218186,0.0245321410461299,0.0245310931393883,0.13564212073383577,0.024531024533805235,0.024531070052038098,0.2784978464867265,0.0245310245337146,0.13564188327208482,0.02453120462990017,0.02453187065019417,0.3818,0.9725,0.7491666666666666
195.5933380126953,195.5933380126953,92463300,20210520,TSLA,187.82000732421875,195.5933380126953,1,0.08680582878552248,0.06110809452415247,0.040632270037257175,0.041030587872839544,0.02152825779690848,0.057632251360066215,0.1074690904171529,0.07270166499354382,0.057897219182227,0.07799369018210561,0.3752010448482238,-0.296,0.9413,0.2646615384615385
193.6266632080078,193.6266632080078,78091800,20210521,TSLA,195.5933380126953,193.6266632080078,0,0.2648184867159474,0.013697796044825164,0.09703066891763688,0.1830861725591689,0.0136978025542307,0.0136975997181885,0.044250691311699,0.05160398039041974,0.013697608210934034,0.17961037710894137,0.12480881646800784,0.6338,0.7717,0.7098
202.14666748046875,202.14666748046875,103674300,20210524,TSLA,193.6266632080078,202.14666748046875,1,0.1237053710749091,0.031313131316741565,0.16464612795501443,0.03131317289040997,0.0313131313176098,0.19797979798180657,0.03131318413469683,0.1611426628573839,0.09797985660631436,0.09798024197341666,0.03131332189169637,0.6222,0.8834,0.7545000000000001
201.56333923339844,201.56333923339844,84017700,20210525,TSLA,202.14666748046875,201.56333923339844,0,0.0189393939413921,0.0189394243660116,0.435605928617388,0.01893939394085875,0.10227276092564536,0.0189394415920381,0.01893939394110015,0.1439395337747878,0.018939393940815,0.18560594101912736,0.01893939394083525,-0.1082,0.0,-0.0541
206.3766632080078,206.3766632080078,85917900,20210526,TSLA,201.56333923339844,206.3766632080078,1,0.014285852496748267,0.014285896895053767,0.07933986266628497,0.014286021915699132,0.08095238614801904,0.014286132705942235,0.2126486086841087,0.014286198869995334,0.147619260378862,0.06039267760430656,0.34761710163497944,-0.296,0.25,-0.015333333333333329
210.2833404541016,210.2833404541016,79111800,20210527,TSLA,206.3766632080078,210.2833404541016,1,0.01154411526616385,0.011544173400038,0.01154412478510225,0.0115443435464177,0.011544061141076901,0.01154423637915395,0.011544498676348849,0.22582965104233135,0.2724027005389692,0.2665568852752714,0.1544012099491261,-0.2766,0.25,-0.013300000000000006
208.4066619873047,208.4066619873047,68211000,20210528,TSLA,210.2833404541016,208.4066619873047,0,0.2181812698235629,0.0181818181849978,0.0181818181848455,0.0181818181847801,0.0181818181857662,0.0181818181855541,0.0181821687655487,0.0181818181856349,0.6181820159296653,0.0181818181849117,0.0181818181847324,0.0,0.0,0.0
207.96665954589844,207.96665954589844,54254700,20210601,TSLA,208.4066619873047,207.96665954589844,0,0.02272727276457605,0.022727368705122902,0.02272727272945775,0.1477294353195257,0.02272727273011935,0.1477273029577163,0.02272727272976125,0.1477269952734384,0.0227272727293454,0.147727289647051,0.2727252444138854,-0.4926,0.6124,0.05990000000000004
201.7066650390625,201.7066650390625,69908400,20210602,TSLA,207.96665954589844,201.7066650390625,0,0.02252534978049476,0.08919206159507309,0.12252551372459956,0.08677267743687693,0.043865367278132714,0.2626157593093978,0.04744045570383108,0.09202178307147094,0.02252570878991722,0.022525414458838218,0.18798990885136718,-0.5514,0.802,0.01816000000000002
199.68333435058597,199.68333435058597,72110700,20210604,TSLA,190.94667053222656,199.68333435058597,1,0.0909090909090909,0.0909090909090909,0.0909090909090909,0.0909090909090909,0.0909090909090909,0.0909090909090909,0.0909090909090909,0.0909090909090909,0.0909090909090909,0.0909090909090909,0.0909090909090909,-0.5574,-0.5574,-0.5574
201.7100067138672,201.7100067138672,67631100,20210607,TSLA,199.68333435058597,201.7100067138672,1,0.0181820813777185,0.0181828910975358,0.2630277911446217,0.0181827472092149,0.0181818181829889,0.1733316308449257,0.0181823405190884,0.4181814670786764,0.0181820236074891,0.0181818181827361,0.0181833907550039,0.4939,0.4939,0.4939
199.5933380126953,199.5933380126953,49753800,20210609,TSLA,201.19667053222656,199.5933380126953,0,0.1467381224699403,0.062256958039289975,0.01079224335595525,0.1337947236344572,0.20594467753193468,0.14776599749729785,0.0107920599738626,0.010791794625746899,0.02641655039457225,0.07329164373291025,0.17141522874403217,-0.2023,0.5868,0.18755
203.3733367919922,203.3733367919922,71758800,20210610,TSLA,199.5933380126953,203.3733367919922,1,0.018182155705544,0.0181818181856131,0.2181816061075273,0.0181819586535485,0.2181805362827958,0.0181832158534615,0.0181818181859339,0.0181818181863726,0.4181806288812098,0.0181822255704587,0.0181822183875342,0.6908,0.6908,0.6908
203.29666137695312,203.29666137695312,48615900,20210611,TSLA,203.3733367919922,203.29666137695312,0,0.018688889062067233,0.0186868686901442,0.08535403026210274,0.018686997053155168,0.07424242329148316,0.08535392385273986,0.1853514459630102,0.0186868686908004,0.0853535865101676,0.018686868690055602,0.39090809793427334,0.0,0.8383,0.27943333333333337
205.89666748046875,205.89666748046875,61272000,20210614,TSLA,203.29666137695312,205.89666748046875,1,0.11119793927687585,0.027870082748746652,0.09929694349096492,0.027868679473141575,0.15286628348460543,0.11120128625410272,0.027870270298485874,0.1260816801705574,0.13501088720104526,0.0278681528030227,0.15286779479845117,-0.2732,0.765,0.22342499999999998
199.7866668701172,199.7866668701172,53292300,20210615,TSLA,205.89666748046875,199.7866668701172,0,0.0454545454552493,0.0454545454550994,0.0454545454550731,0.0454545454550615,0.045454545455233,0.5454545454487424,0.0454545454551465,0.0454545454552105,0.045454545455046,0.0454545454550846,0.0454545454550532,-0.0772,-0.0772,-0.0772
201.6233367919922,201.6233367919922,66432300,20210616,TSLA,199.7866668701172,201.6233367919922,1,0.031111529871996703,0.0533333291568455,0.25599637317304275,0.07555578825553692,0.19111089623843916,0.07766765222033989,0.031111184380574197,0.03111112135043506,0.05413873065361988,0.031111727096031477,0.1677516676031381,0.0,0.7543,0.41658
205.5333404541016,205.5333404541016,68104200,20210617,TSLA,201.6233367919922,205.5333404541016,1,0.0227272727306552,0.022727272729934665,0.022727677361535265,0.10606059943948405,0.25947204199884394,0.022729872195765267,0.11931477368530756,0.10605890229180641,0.2727254302407951,0.022728287414930336,0.022727869910941768,0.0,0.6249,0.2083
206.94332885742188,206.94332885742188,74438100,20210621,TSLA,207.7700042724609,206.94332885742188,0,0.00833385116960675,0.0499996920606933,0.00833568102068645,0.14995266050234854,0.3123508766770475,0.00833374096848345,0.33769303485839597,0.09999944765928935,0.0083334232604352,0.00833370461679305,0.0083338872062201,0.0,0.4215,0.21075
218.85667419433597,218.85667419433597,93297600,20210623,TSLA,207.90333557128903,218.85667419433597,1,0.0151527685470152,0.0151538219506309,0.0151542074564619,0.0151540235762133,0.1818174815265727,0.0151553748746437,0.0151515151542682,0.0151534121160452,0.681800656307155,0.0151549466348629,0.0151517918561306,0.25,0.25,0.25
226.60667419433597,226.60667419433597,137947200,20210624,TSLA,218.85667419433597,226.60667419433597,1,0.014069578981984101,0.16721603915514224,0.18931337390867464,0.3269189366060545,0.01406926407079835,0.0854978718873254,0.0140699207360101,0.14663654195001774,0.0140692811508038,0.01406926407046825,0.01406992748272045,0.2516,0.8814,0.5665
223.9566650390625,223.9566650390625,97490100,20210625,TSLA,226.60667419433597,223.9566650390625,0,0.10629127126302289,0.07295855837706594,0.11466838884952568,0.11469609392368112,0.0683868232040608,0.06931035812700544,0.175255768305864,0.05042872522212964,0.060036578609498625,0.02295918308190275,0.14500825103624265,-0.4199,0.5848,0.32257
229.5733337402344,229.5733337402344,64884600,20210628,TSLA,223.9566650390625,229.5733337402344,1,0.7090901535202019,0.0090909090917656,0.0090910519365023,0.0090909090917068,0.0090909090919721,0.009092197977165,0.0090921183606036,0.0090909090919373,0.2090857378807254,0.0090909090917425,0.0090941948656771,0.6239,0.6239,0.6239
226.9199981689453,226.9199981689453,52143900,20210629,TSLA,229.5733337402344,226.9199981689453,0,0.09607065978218525,0.05957191599431107,0.11303703388659629,0.09813168724637658,0.07343023202751028,0.10609269222214161,0.11298337939018341,0.08093037847123391,0.10954355692457711,0.10403207861784558,0.04617638543703846,-0.7717,0.914,0.07746
226.5666656494141,226.5666656494141,56774700,20210630,TSLA,226.9199981689453,226.5666656494141,0,0.15365569549327138,0.025736021979535523,0.01145063142405242,0.061450045436239,0.10645021398906618,0.16144930389967277,0.01145052728192122,0.011450301680718561,0.40343372190197185,0.011450859557330259,0.04202267735622038,-0.1761,0.7959,0.31184
225.97332763671875,225.97332763671875,55903500,20210701,TSLA,226.5666656494141,225.97332763671875,0,0.09907430686974569,0.08737839022037507,0.1025616131364,0.1654956009623728,0.0178809074608464,0.047755977751335395,0.07998799495936529,0.08198302645456058,0.22296718426753762,0.017881177405103702,0.07703382051235708,-0.7738,0.8899,0.12003076923076923
226.3000030517578,226.3000030517578,81163500,20210702,TSLA,225.97332763671875,226.3000030517578,1,0.10932859777791433,0.050711302193146866,0.16860772891821532,0.1792218389448877,0.04804331643699803,0.06209329260985054,0.23095282348367618,0.03285405597002554,0.08819157696448884,0.0149970851795617,0.01499838152123453,-0.8194,0.7783,0.24572857142857144
219.8600006103516,219.8600006103516,69853500,20210706,TSLA,226.3000030517578,219.8600006103516,0,0.03639069264361225,0.1343744569816384,0.09889107903950436,0.0363906926428322,0.0716639696242267,0.1033721371556888,0.17543688846326722,0.03639092301186302,0.11972353461399414,0.06764169377435755,0.11972393204901485,0.0,0.5994,0.250325
214.88333129882807,214.88333129882807,56376000,20210707,TSLA,219.8600006103516,214.88333129882807,0,0.15505596487926251,0.11516393458346565,0.0324349163451014,0.15135312853653504,0.08765308637850144,0.019930211333930987,0.12707147742899377,0.03216587862224234,0.166475004450331,0.01992885964945373,0.09276753779218162,0.0,0.7896,0.28824285714285713
217.60333251953125,217.60333251953125,68319900,20210708,TSLA,214.88333129882807,217.60333251953125,1,0.09047683412511132,0.16118659775994457,0.12832084645185085,0.06586111093696662,0.01824208050495875,0.018241943244129564,0.30505977020233993,0.04198692066011777,0.05080648551175315,0.018242011971658416,0.10157539863116853,-0.296,0.4767,0.03871666666666667
218.98333740234372,218.98333740234372,54421500,20210709,TSLA,217.60333251953125,218.98333740234372,1,0.16238187795751988,0.03842982210919111,0.07071047052980729,0.21150983605994472,0.0162338198090668,0.14837644973083286,0.044892370864235746,0.01623381358894323,0.04480586109780636,0.15871404646548165,0.08771163178716988,-0.7255,0.5719,-0.1057857142857143
228.5666656494141,228.5666656494141,77781000,20210712,TSLA,218.98333740234372,228.5666656494141,1,0.09090912736273948,0.04924265934228787,0.0492440183056595,0.09090905555275312,0.049243579349358274,0.0492426632831827,0.049242424246488226,0.29923859239437595,0.049242424245809276,0.17424303167148567,0.049242424245859596,-0.2732,0.4939,0.2887
222.8466644287109,222.8466644287109,62898300,20210713,TSLA,228.5666656494141,222.8466644287109,0,0.02517010242327087,0.06535385617039528,0.15612227350921828,0.02517064695611147,0.025170210453248413,0.09659896055307761,0.06044397668092718,0.025170397522544442,0.1507276966996624,0.16401781002082644,0.20605406901071713,-0.2732,0.8658,0.1721857142857143
217.7933349609375,217.7933349609375,64923600,20210714,TSLA,222.8466644287109,217.7933349609375,0,0.06817980865573682,0.1945231444882739,0.10422178765157804,0.28389829390911825,0.0178505682884553,0.03191859405529636,0.01785035972587862,0.0178501049945604,0.09467380223209548,0.01785020777824538,0.15118332822076094,-0.4574,0.5629,0.19935999999999998
216.86666870117188,216.86666870117188,60628800,20210715,TSLA,217.7933349609375,216.86666870117188,0,0.07943351945920094,0.022213939707432722,0.11913222843342162,0.05599225503861544,0.01745003843566796,0.3852385975520145,0.07255529556363578,0.01838490214104153,0.061443052565301956,0.03542335781980555,0.13273281328386152,-0.1137,0.92,0.4141538461538462
214.7400054931641,214.7400054931641,49113000,20210716,TSLA,216.86666870117188,214.7400054931641,0,0.013638839522627549,0.013636768243985402,0.2217287432778363,0.0136366395239128,0.057468376039032903,0.0853798856255645,0.13915469065706149,0.01363655700959025,0.01363645624998705,0.013636872533379002,0.4144461713170222,0.5719,0.5994,0.58565
215.4066619873047,215.4066619873047,63891300,20210719,TSLA,214.7400054931641,215.4066619873047,1,0.35227194007571494,0.01893988820076655,0.16558513190436244,0.0189397240205258,0.0189393939417473,0.1439387462477269,0.20562641240702428,0.018939967726615152,0.0189393939411072,0.0189393939412391,0.018940007593169952,0.0,0.0,0.0
220.1666717529297,220.1666717529297,46461300,20210720,TSLA,215.4066619873047,220.1666717529297,1,0.011544118076160001,0.011544011545478032,0.24216614179979726,0.011544243922652533,0.06709960852734076,0.011544033698984067,0.0591631106146752,0.06006108909589353,0.4233442739660003,0.011544041972769634,0.09044532678024819,-0.3182,0.4199,0.06813333333333334
218.42999267578125,218.42999267578125,41859900,20210721,TSLA,220.1666717529297,218.42999267578125,0,0.06505610565467596,0.22841651355859743,0.052942522509500475,0.01378846090051385,0.0522492709002376,0.03374855788092055,0.0137890091105261,0.013788375316591725,0.045038366287784876,0.10921499724219129,0.37196782063845957,-0.4003,0.9441,0.08312500000000002
216.4199981689453,216.4199981689453,45317100,20210722,TSLA,218.42999267578125,216.4199981689453,0,0.1883116561392659,0.021645021646387548,0.021645021646322198,0.0216450216462939,0.16450221699377127,0.02164502164662655,0.0216451457964659,0.18831175746995885,0.09307361539638839,0.0216455050620947,0.23593001655642434,0.0,0.0772,0.0386
214.4600067138672,214.4600067138672,43814700,20210723,TSLA,216.4199981689453,214.4600067138672,0,0.0235211604925224,0.02352116937861263,0.12089314677197996,0.09280405656857597,0.023520923522591657,0.055549850137228844,0.1187588779342217,0.039393944943591316,0.13066361467934678,0.11951788329590822,0.25185537227542004,0.0,0.9331,0.4373
219.2066650390625,219.2066650390625,76009800,20210726,TSLA,214.4600067138672,219.2066650390625,1,0.007407615755159733,0.007407812156664966,0.19484705845729908,0.007407808297492932,0.08401795617550151,0.08018831560379464,0.20777465487640867,0.0074081363876374665,0.024250751691353767,0.1404373922489542,0.23885249834973254,-0.2732,0.8856,0.4696
214.9266662597656,214.9266662597656,98439900,20210727,TSLA,219.2066650390625,214.9266662597656,0,0.03367684465555227,0.23137493547052856,0.1600695424779406,0.03416639304977586,0.010356716131596128,0.06614739251021887,0.1609368200881775,0.07701416973177186,0.05715982400536799,0.010356687614812527,0.1587406742642574,-0.0258,0.836,0.3705142857142857
215.66000366210935,215.66000366210935,48019800,20210728,TSLA,214.9266662597656,215.66000366210935,1,0.026262626264178603,0.026262626263848298,0.0262647986379194,0.1564264746241455,0.026262896544520867,0.026262889776824738,0.026263026690580334,0.02626262626409277,0.3849869601365638,0.2484824485335788,0.026262626263746466,0.0,0.7644,0.38876666666666665
225.7833404541016,225.7833404541016,91183800,20210729,TSLA,215.66000366210935,225.7833404541016,1,0.026298826032354138,0.133447968842859,0.16081493773973052,0.06963292744890645,0.04463197976089188,0.01963213822506263,0.11129896036494777,0.040890380218318964,0.24896962801598682,0.06963144830764732,0.07475080504329408,-0.296,0.8979,0.36505
229.0666656494141,229.0666656494141,88969200,20210730,TSLA,225.7833404541016,229.0666656494141,1,0.014398516774024712,0.06190473624736033,0.18071326167579851,0.0330787245025623,0.08329157270583196,0.041507120249627515,0.12506033887873155,0.014398595715578711,0.014398214598324787,0.3571959728953603,0.07405294575679876,-0.5859,0.7964,0.2175125
236.55667114257807,236.55667114257807,100847400,20210802,TSLA,229.0666656494141,236.55667114257807,1,0.019480575138848034,0.0898562941375121,0.019480695860754734,0.19910253115663154,0.06709942722523693,0.10281349665097315,0.019480519482709433,0.23466422090119413,0.209060456988536,0.019480770363305932,0.0194810120942976,-0.0516,0.0,-0.0172
236.5800018310547,236.5800018310547,64860900,20210803,TSLA,236.55667114257807,236.5800018310547,1,0.014627051172819575,0.014627152501187075,0.03463756316009505,0.0146309511583066,0.31626860912676225,0.18128918067084018,0.014627117917509501,0.01462774404697325,0.20109003407266007,0.0312724460906887,0.16230215008215726,-0.4199,0.8245,0.251
236.97332763671875,236.97332763671875,51007800,20210804,TSLA,236.5800018310547,236.97332763671875,1,0.014653300217669134,0.11287238840467469,0.029806240098195463,0.12913073223974794,0.05580338938595957,0.24495466398357235,0.014653271184193782,0.09754980072579605,0.20460334948758419,0.08131931047195678,0.014653553800649434,0.0,0.7809,0.31838333333333335
238.2100067138672,238.2100067138672,38758800,20210805,TSLA,236.97332763671875,238.2100067138672,1,0.03899034150959768,0.10565484430864318,0.09015903862107723,0.11015325588619043,0.03899018125772356,0.2140110721521856,0.03899110586591388,0.03899018314258984,0.03899092302358278,0.038990403769859114,0.2460786504626363,-0.717,0.771,0.09498000000000001
233.0333404541016,233.0333404541016,46869000,20210806,TSLA,238.2100067138672,233.0333404541016,0,0.04084800839984594,0.03567660815978016,0.01384772912358741,0.06301044454436695,0.05359002274535566,0.11477260908991296,0.05301876542024016,0.1606759336007654,0.2263131907406004,0.03884654686401732,0.19940014131152708,-0.7783,0.8622,0.02087
236.663330078125,236.663330078125,40296900,20210810,TSLA,237.9199981689453,236.663330078125,0,0.0181818181828994,0.2181818209936186,0.0181855307220559,0.2181799363312155,0.0181818181828742,0.018181818182818,0.0181826028316451,0.0181818181828398,0.0181832011248826,0.018181818182646,0.4181778170825044,0.2023,0.2023,0.2023
235.94000244140625,235.94000244140625,29401800,20210811,TSLA,236.663330078125,235.94000244140625,0,0.0353311599710446,0.0096906996529957,0.009690425702356533,0.057309294625249196,0.0096903614983379,0.1269272224823603,0.04309881253943523,0.009691260523297865,0.3495035948308809,0.10492838013005316,0.24413878804398811,0.0,0.3089,0.11156666666666666
240.75,240.75,52377300,20210812,TSLA,235.94000244140625,240.75,1,0.07588237372275103,0.020328360549262976,0.09581788551103715,0.020328295294870277,0.07032829291352723,0.020329439957521175,0.10774832119531665,0.361584349164017,0.18699527620688397,0.020328356502843627,0.020329048981968502,-0.2716,0.4215,0.018174999999999993
239.05667114257807,239.05667114257807,50194500,20210813,TSLA,240.75,239.05667114257807,0,0.06057002317106339,0.1260995410612478,0.01824194702431935,0.018242281352983433,0.018242149549794685,0.07379726734687136,0.24046398998532004,0.059908675510954405,0.30696140263327537,0.05923064691015251,0.0182420754540172,-0.296,0.7783,0.17673333333333333
229.663330078125,229.663330078125,61048200,20210818,TSLA,221.90333557128903,229.663330078125,1,0.11709486180115725,0.041830844056929425,0.0119724067633602,0.011972546219618473,0.011972496112433374,0.047686697402594645,0.011972542614379075,0.17690859976535417,0.17853171253261546,0.011972823370649675,0.37808446936090767,-0.7269,0.6369,0.021550000000000014
226.7533264160156,226.7533264160156,44525700,20210820,TSLA,224.4900054931641,226.7533264160156,1,0.0204549547983551,0.02045480046081695,0.27045406426887725,0.020454614872395402,0.020454545456940802,0.3454524785714756,0.0204554790441442,0.02045454545686265,0.02045454545628975,0.1204543438118906,0.12045562780195129,0.0,0.0,0.0
235.43333435058597,235.43333435058597,60794700,20210823,TSLA,226.7533264160156,235.43333435058597,1,0.10637776658353237,0.02111247941560246,0.21280067329828983,0.2046448917860398,0.021112152437032777,0.0211113399654702,0.12415411221155843,0.02111271545110974,0.0869350161298422,0.02111127553067674,0.15952757719084493,0.0,0.522,0.1849
236.163330078125,236.163330078125,39249300,20210824,TSLA,235.43333435058597,236.163330078125,1,0.022727272730296,0.0227272727296523,0.7727094934227815,0.0227272727294901,0.0227282826417449,0.0227281029429189,0.0227277932760298,0.0227291883975065,0.0227272727294233,0.0227281686745689,0.0227398797255874,0.7269,0.7269,0.7269
237.0666656494141,237.0666656494141,37936800,20210825,TSLA,236.163330078125,237.0666656494141,1,0.0056818181829613,0.0681816469122238,0.005682720738331,0.0056818181826562,0.0056818181829346,0.0681816475694238,0.6306825135493775,0.0056818181828982,0.0056818181826311,0.1931805621339191,0.0056818181826429,0.6369,0.6369,0.6369
233.72000122070312,233.72000122070312,39642900,20210826,TSLA,237.0666656494141,233.72000122070312,0,0.0794020115462638,0.02020657760374,0.2943336424033057,0.0202020202041551,0.02020267736107455,0.1313143191959075,0.0202023748955684,0.02020209763769905,0.0202021456592647,0.020202565299852652,0.3535295681931681,-0.2023,-0.1406,-0.17145
237.30667114257807,237.30667114257807,41501400,20210827,TSLA,233.72000122070312,237.30667114257807,1,0.026262626264723365,0.026263110690890032,0.3151497657607348,0.0262632935459791,0.09292944982324247,0.09293002477978363,0.026263859784139032,0.026262717776707998,0.24847915982267985,0.09292951883610777,0.02626647291501147,-0.1531,0.8882,0.4608999999999999
243.6366729736328,243.6366729736328,55812600,20210830,TSLA,237.30667114257807,243.6366729736328,1,0.19683392027742697,0.043858677950344,0.04385835108496754,0.043858491533999934,0.10635809853772896,0.1501081435509018,0.023025078118206,0.16885768069542526,0.0594836235005876,0.0230252281407727,0.14073270660963874,-0.8122,0.5859,-0.015662500000000024
245.2400054931641,245.2400054931641,62566200,20210831,TSLA,243.6366729736328,245.2400054931641,1,0.2793197504903442,0.0227338204157072,0.0227295846446152,0.5161178319759496,0.0227272727288164,0.0227311040446203,0.022727318841561,0.0227299490023524,0.0227272727283966,0.0227272727284829,0.0227288223991538,-0.6249,-0.6249,-0.6249
244.69667053222656,244.69667053222656,39612900,20210901,TSLA,245.2400054931641,244.69667053222656,0,0.03753501287142708,0.07414633786456169,0.12465867345699268,0.043171870675010944,0.05291234163739316,0.33093220456771577,0.12224810202517844,0.05519684195230867,0.017198150872809702,0.08923656359389984,0.052763900482701596,-0.0429,0.9615,0.19382857142857143
244.1300048828125,244.1300048828125,38331900,20210902,TSLA,244.69667053222656,244.1300048828125,0,0.05980619236673554,0.11329187225648923,0.17413292291204716,0.05039010091885322,0.057205409990199185,0.15313360491647232,0.2517188732591916,0.015539284699826413,0.03141190257976226,0.0433167519633902,0.05005308413703252,0.0,0.899,0.5396
244.52333068847656,244.52333068847656,45738300,20210903,TSLA,244.1300048828125,244.52333068847656,1,0.08653356088538015,0.015290442507770143,0.05100564897144862,0.015290880053705214,0.01529033737098893,0.12630171863964906,0.12957555678253999,0.0152906581296052,0.09405218036095786,0.015291060438498686,0.4360779558594556,-0.0094,0.5719,0.2908
250.97332763671875,250.97332763671875,60119400,20210907,TSLA,244.52333068847656,250.97332763671875,1,0.0227281558455003,0.0227281689791454,0.5227263280350313,0.2727244954317755,0.0227272727292211,0.0227272727291176,0.0227292153348472,0.0227272727291574,0.0227272727286914,0.0227272727288008,0.0227272727287117,-0.636,-0.636,-0.636
251.6199951171875,251.6199951171875,42233100,20210909,TSLA,251.2899932861328,251.6199951171875,1,0.2051746409225154,0.07284139526119585,0.13666348456259905,0.13305079623616572,0.013052013438403478,0.0577885964893143,0.05555993587508432,0.013051948053805421,0.013052161390858819,0.053052083009203346,0.24671294476085381,-0.0772,0.8126,0.14708
245.42333984375,245.42333984375,45552600,20210910,TSLA,251.6199951171875,245.42333984375,0,0.08125029198592135,0.12934437769148815,0.06301757933530609,0.12757399797368604,0.12424240145298344,0.11274750809717257,0.0794798260213243,0.0630179563054742,0.11709953750218548,0.02730364873377446,0.07492287490068343,-0.296,0.8268,0.08685714285714285
247.6666717529297,247.6666717529297,68857500,20210913,TSLA,245.42333984375,247.6666717529297,1,0.03661634119888672,0.21717067291780054,0.036616354694884924,0.09911614943155954,0.0991169487658623,0.15467194147397736,0.14772632270776637,0.09911564266890507,0.03661687327972312,0.036616161618882676,0.03661659124175105,-0.5859,0.2732,-0.152175
248.163330078125,248.163330078125,55574700,20210914,TSLA,247.6666717529297,248.163330078125,1,0.015151515152535,0.015151515152318,0.0151529866465753,0.015151515152263,0.0151515151525112,0.2206331781696034,0.0151515151523859,0.0151515151524787,0.0151532450471253,0.015151515152296,0.6429999840699078,-0.2716,-0.2716,-0.2716
251.94332885742188,251.94332885742188,46073100,20210915,TSLA,248.163330078125,251.94332885742188,1,0.01818181818341525,0.018181914714186374,0.018182045743265676,0.21817753959129146,0.018184635217612825,0.01818185934173425,0.018181855523554176,0.018181818183326873,0.6181823596384654,0.01818192844775145,0.01818222541539575,0.0,0.4404,0.1101
252.3300018310547,252.3300018310547,41770200,20210916,TSLA,251.94332885742188,252.3300018310547,1,0.0277777777835399,0.027777777782313533,0.0277786216696902,0.027777777782001436,0.02777777778340827,0.027778051952911997,0.2222221055350829,0.027777777783222563,0.4166656666010597,0.1388888875448351,0.0277777777819339,0.0,0.6369,0.41209999999999997
253.163330078125,253.163330078125,84612600,20210917,TSLA,252.3300018310547,253.163330078125,1,0.02047721174313364,0.08206630074731905,0.029817834781642488,0.07265571014259618,0.0204764291270617,0.1305325484497075,0.1845256956821577,0.07047544633164002,0.287899878199761,0.05861891234839463,0.04245403244658563,0.0,0.8953,0.42377000000000004
243.38999938964844,243.38999938964844,74273100,20210920,TSLA,253.163330078125,243.38999938964844,0,0.018788214149024297,0.01878794480148502,0.1886903218530265,0.2903539749964831,0.01878822303675454,0.01878854027521022,0.16878794169080225,0.01878787879078566,0.01878896049118292,0.0587881078274329,0.18064989208781213,0.0,0.7777,0.25088
246.4600067138672,246.4600067138672,48992100,20210921,TSLA,243.38999938964844,246.4600067138672,1,0.02424475049443653,0.05995654744967527,0.06981702884817866,0.11947971813866455,0.05995667925298866,0.09567112736397143,0.04311022470325338,0.0816799206098632,0.23852746766051766,0.07186089716747476,0.13569563831097542,-0.6072,0.8221,0.3565714285714286
250.64666748046875,250.64666748046875,45378900,20210922,TSLA,246.4600067138672,250.64666748046875,1,0.01748405033249019,0.15587565583200869,0.1856861020260114,0.0300474027175523,0.048733438444456254,0.017483298521266635,0.23035587988162062,0.04476804760008985,0.04873331856219855,0.10378684655069327,0.11704595953161173,-0.765,0.8402,0.134425
258.1300048828125,258.1300048828125,64119000,20210924,TSLA,251.2133331298828,258.1300048828125,1,0.02651613989455885,0.0265169325520609,0.15151754750185636,0.026515269136938,0.0265164906878924,0.2765100679690682,0.0265190946414318,0.35984115254669324,0.02651515151951515,0.0265170020304059,0.0265151515195787,0.0,0.1027,0.05135
263.78668212890625,263.78668212890625,84212100,20210927,TSLA,258.1300048828125,263.78668212890625,1,0.12008969646692444,0.06509467266247163,0.02091083458723288,0.02090976758140286,0.02090951951077942,0.020911537278604418,0.0817251223130532,0.2767220149283609,0.0209099146656111,0.02090955585785258,0.33090736414770605,-0.53,0.0,-0.10600000000000001
259.1866760253906,259.1866760253906,76144200,20210928,TSLA,263.78668212890625,259.1866760253906,0,0.0812469884139362,0.014957292719144366,0.09958407101067636,0.21062038185230705,0.014957870821733667,0.014957307165684467,0.18913887205709745,0.0149579549567122,0.18162130322798897,0.12606705197145696,0.0518909058032618,0.0,0.8718,0.2906
260.4366760253906,260.4366760253906,62828700,20210929,TSLA,259.1866760253906,260.4366760253906,1,0.0181821374887137,0.0181821875016805,0.2309099371227889,0.0181828521298876,0.0181818181827658,0.4054504534661203,0.0181824518993668,0.2181814630778778,0.018181888918255,0.0181818181825612,0.0181829920299823,0.4497,0.4497,0.4497
258.49334716796875,258.49334716796875,53868000,20210930,TSLA,260.4366760253906,258.49334716796875,0,0.012987158423764,0.0129870129887113,0.0129871806653159,0.0129870129885929,0.0129870129891171,0.0129870129890051,0.0129900978985527,0.0129870129890488,0.8701261864434272,0.0129872986358972,0.0129870129885672,0.4404,0.4404,0.4404
258.4066772460937,258.4066772460937,51094200,20211001,TSLA,258.49334716796875,258.4066772460937,0,0.0181818181836304,0.0181818181832446,0.0181822973661952,0.4181812783912543,0.0181818181835883,0.018181818183494,0.0181818181833655,0.0181818181835304,0.0181818181831069,0.0181818181832059,0.4181818787753839,0.4019,0.4019,0.4019
260.510009765625,260.510009765625,91449900,20211004,TSLA,258.4066772460937,260.510009765625,1,0.0129870129884734,0.0129870734076028,0.0129870129881078,0.012987012988084,0.0129870129884396,0.0129902525154666,0.4415530656518058,0.441558360528935,0.0129870129880519,0.0129870129881315,0.0129891699669012,-0.0516,-0.0516,-0.0516
260.1966552734375,260.1966552734375,55297800,20211005,TSLA,260.510009765625,260.1966552734375,0,0.2727264062284999,0.0227272727291108,0.0227272727290228,0.0227281588549335,0.2727258402653997,0.0227272727294322,0.0227272727292666,0.0227272727294792,0.0227286050933958,0.0227272727290605,0.2727273531823984,0.0,0.0,0.0
264.53668212890625,264.53668212890625,57587400,20211007,TSLA,260.9166564941406,264.53668212890625,1,0.08844670696835058,0.028841133666210234,0.11203111473878424,0.18708942146983587,0.06991892655577983,0.17671964784779703,0.13248678784765847,0.02685619441724669,0.06852274286146587,0.012968140624271299,0.09611918300259936,0.0,0.8555,0.5812666666666666
261.8299865722656,261.8299865722656,50215800,20211008,TSLA,264.53668212890625,261.8299865722656,0,0.12042806209118197,0.0914503201704297,0.4366864879140073,0.05573667203112773,0.0140700224232236,0.0140698400557779,0.050567412383215445,0.04978362254323355,0.014069334394445675,0.05573549512192973,0.09740273087142683,-0.0191,0.9558,0.4527
263.9800109863281,263.9800109863281,42600900,20211011,TSLA,261.8299865722656,263.9800109863281,1,0.023168284904181703,0.0398348014543247,0.21971073873186636,0.18134960320307403,0.04057401325452464,0.1321910463918673,0.20882854528213768,0.04134977164118524,0.02316815665664344,0.02316813461372988,0.06665690386646454,-0.6966,0.7574,0.2284
268.5733337402344,268.5733337402344,66060000,20211012,TSLA,263.9800109863281,268.5733337402344,1,0.02626350248831143,0.026262643340475234,0.026262626263670166,0.0262626262636475,0.02626262626398686,0.026263614016347636,0.026263488151277964,0.24761456318597588,0.22626266497612532,0.09292925421371644,0.24935239083646507,-0.2865,0.6249,0.11280000000000001
272.7733459472656,272.7733459472656,36741600,20211014,TSLA,270.3599853515625,272.7733459472656,1,0.0551518785024208,0.06243875056824762,0.18905167362241931,0.01515151515317148,0.062373501515573394,0.14848429159959112,0.14415139924804377,0.09948442140279502,0.1446040164703381,0.01515189619365554,0.06395665572374344,-0.5994,0.5411,-0.08802
281.010009765625,281.010009765625,56773800,20211015,TSLA,272.7733459472656,281.010009765625,1,0.016835229628452866,0.016835016836117298,0.11113358872380409,0.09090896482925083,0.12794731722059263,0.016835016836309766,0.25586961937922115,0.016835080332255167,0.0168351401713158,0.016835445849719435,0.3131295801929605,0.0,0.8225,0.4146666666666667
288.6000061035156,288.6000061035156,42096300,20211020,TSLA,288.0899963378906,288.6000061035156,1,0.2725961448805466,0.020490855287221065,0.04727849091945043,0.09191979768589291,0.020490887685628068,0.020490843300907936,0.06513308144355624,0.1342549385182125,0.13160186657819647,0.06810943953801375,0.1276336541623735,-0.3384,0.807,0.1324666666666667
303.2266540527344,303.2266540527344,68642400,20211022,TSLA,298.0,303.2266540527344,1,0.0568897665444324,0.033930535366145716,0.016073409618068128,0.016073215475819858,0.11131156433803037,0.1486274801788019,0.14398458410595963,0.09381756350100803,0.2783675567049972,0.016073271649346486,0.08485105251738989,-0.3535,0.7717,0.03554285714285716
341.6199951171875,341.6199951171875,188556300,20211025,TSLA,303.2266540527344,341.6199951171875,1,0.04769969400384466,0.10278085498756488,0.06397252823365505,0.13842127392194953,0.05196864954419201,0.15777863267942122,0.11688408548530012,0.049954576158049636,0.12269946479403601,0.04769976468965745,0.10014047550232899,-0.7032,0.6908,-0.05180000000000001
339.4766540527344,339.4766540527344,187245000,20211026,TSLA,341.6199951171875,339.4766540527344,0,0.018831291185202183,0.0799883367655535,0.2026461204494995,0.01883148558549445,0.08549704148165731,0.11001553126503337,0.018831200720105683,0.14383180855174318,0.09383059443876185,0.06049753605596947,0.16719905350097908,0.0,0.8405,0.43595
345.9533386230469,345.9533386230469,115579500,20211027,TSLA,339.4766540527344,345.9533386230469,1,0.09141333989241927,0.15622185272990094,0.21460428897069925,0.028792583092611786,0.039369586866669935,0.11314706677845471,0.08025503683982993,0.07271504881744312,0.06437022313964001,0.11227365389325146,0.026837318979079126,-0.5994,0.8442,0.22924999999999998
359.0133361816406,359.0133361816406,81639600,20211028,TSLA,345.9533386230469,359.0133361816406,1,0.1937227348630305,0.161715047522375,0.3520264880747419,0.015475592086837499,0.015475440765795634,0.05251226705601017,0.01547533178151595,0.0602508331768945,0.040932632222563,0.0154758873570194,0.07693774509321591,-0.5574,0.8397,0.03241666666666665
371.3333435058594,371.3333435058594,89755200,20211029,TSLA,359.0133361816406,371.3333435058594,1,0.0262627425804741,0.08261097394258807,0.2429290638442573,0.026263397697287784,0.0262626262666066,0.11991364320176445,0.0262631499854656,0.14292908707070556,0.25403944837693543,0.026262626265746703,0.02626324076816796,0.0,0.7184,0.14368
402.86334228515625,402.86334228515625,168146100,20211101,TSLA,371.3333435058594,402.86334228515625,1,0.18679520330892446,0.0582251068926065,0.10778524991762238,0.022511408448542113,0.05108273297493259,0.12965392656319588,0.051082193117178744,0.13485616789474592,0.09096303022018788,0.10584328031367445,0.06120170034838866,0.0,0.8779,0.3227285714285714
390.6666564941406,390.6666564941406,128213400,20211102,TSLA,402.86334228515625,390.6666564941406,0,0.01549588450555945,0.1404959297430693,0.3567941986807354,0.0607644836048642,0.01549599184749895,0.0154964686302034,0.015496114139415349,0.060950382188930396,0.01549586777087875,0.0668296156089208,0.23668506327992356,0.4213,0.6588,0.54005
409.9700012207031,409.9700012207031,76192200,20211104,TSLA,404.6199951171875,409.9700012207031,1,0.08949944722997116,0.20087295589796206,0.09144524749118518,0.02727289950445408,0.02727281916341966,0.09472230560488726,0.22649013319496322,0.16060506232333466,0.0272730194718236,0.02727286484577756,0.02727324527222106,0.0,0.4767,0.25222
387.6466674804688,387.6466674804688,100337100,20211108,TSLA,407.36334228515625,387.6466674804688,0,0.038796609586808015,0.017419126523984498,0.017419444223292214,0.0174194694360349,0.017419128496025085,0.039203559112921296,0.01741968333911887,0.0338213988851569,0.5919071720460136,0.01741931622824633,0.19175509212239797,-0.228,0.5563,0.0985
341.1666564941406,341.1666564941406,177317400,20211109,TSLA,387.6466674804688,341.1666564941406,0,0.022729111843220948,0.02272727272889355,0.18939140782469474,0.0227274431198955,0.0227272727292841,0.02272737871927915,0.02272727272903075,0.022727308854931898,0.4271047366238512,0.02272754177400365,0.20168325305291415,0.0,0.3612,0.1806
355.9833374023437,355.9833374023437,128408100,20211110,TSLA,341.1666564941406,355.9833374023437,1,0.01733426314375085,0.26177720560435824,0.01733416806652665,0.017334547188972232,0.017334063343263584,0.04267224225266388,0.03816722121088729,0.017334766884805335,0.28519129940822174,0.0173343336335904,0.26818588926295933,-0.5411,0.7506,0.10038333333333334
354.5033264160156,354.5033264160156,67189800,20211111,TSLA,355.9833374023437,354.5033264160156,0,0.20154947349999053,0.014054063690931325,0.16826770627279056,0.01405348095880315,0.028759652267562746,0.055346549412401774,0.01405431163875385,0.13457409367309667,0.28823690815689074,0.033231970930385026,0.04787178949839317,0.0,0.836,0.209
344.47332763671875,344.47332763671875,76719300,20211112,TSLA,354.5033264160156,344.47332763671875,0,0.022006055095380134,0.022005772006566133,0.1732126902062342,0.32755982944547274,0.022006637199326,0.022006058024383934,0.1565124425512565,0.022005777188907266,0.1886724806053043,0.022006485670668065,0.02200577200650017,-0.1531,0.4215,0.08946666666666665
337.7966613769531,337.7966613769531,104326800,20211115,TSLA,344.47332763671875,337.7966613769531,0,0.01471740472480565,0.12972764319926297,0.1444238220122525,0.02638457469480814,0.04824110143960993,0.06114916890726562,0.20333143696208428,0.0147173012880866,0.11557730141727955,0.05365834756318024,0.18807189779136396,0.0,0.8832,0.3332
351.57666015625,351.57666015625,79627200,20211116,TSLA,337.7966613769531,351.57666015625,1,0.0259754647997491,0.0259745125480852,0.0781825361421307,0.025974229646641898,0.025974050729112498,0.025974065890495147,0.36815157958330896,0.16585523511802766,0.025974056197847203,0.02597414021631255,0.20599012912828854,0.4404,0.4767,0.45855
363.0033264160156,363.0033264160156,94336200,20211117,TSLA,351.57666015625,363.0033264160156,1,0.06881269842631725,0.1157361244924462,0.07057528009018367,0.1021505508719653,0.013257716992487751,0.0132579597646965,0.07932985774231616,0.07012303319152088,0.3251689513839783,0.01325776553652125,0.1283300615075663,0.0,0.8908,0.566825
365.4599914550781,365.4599914550781,62696700,20211118,TSLA,363.0033264160156,365.4599914550781,1,0.06484854538055698,0.0248490201290258,0.0882590626320979,0.15521053465615026,0.02484872333541292,0.051376966527562275,0.12484852909175803,0.09151510980695372,0.07832082341644778,0.2710739849545605,0.02484870006947338,-0.7868,0.3612,-0.23946
379.0199890136719,379.0199890136719,64926900,20211119,TSLA,365.4599914550781,379.0199890136719,1,0.013602741003142649,0.05977210955786185,0.08505237350676663,0.07635019838429954,0.1594333338168814,0.013603239075076927,0.01360293003436385,0.05591010892202158,0.25223792618720275,0.11522287319315827,0.15521216631922408,-0.4003,0.7722,-0.06602499999999999
385.6233215332031,385.6233215332031,99217500,20211122,TSLA,379.0199890136719,385.6233215332031,1,0.12859863333724028,0.021455740614283663,0.04228892995499803,0.08395596441986891,0.05538415615927706,0.11520561538983286,0.15856971473422027,0.11006894851141798,0.11656079226218315,0.11520591503443675,0.05270558958224057,-0.0772,0.6808,0.3121125
369.6766662597656,369.6766662597656,108515100,20211123,TSLA,385.6233215332031,369.6766662597656,0,0.06123974777367723,0.22967972206574924,0.19876331724456903,0.0158427184031733,0.01584215271798802,0.015841527377588357,0.09805954453071046,0.01584171199379311,0.18806352265435114,0.07087661857126466,0.08994941666713493,-0.816,0.4497,0.1396888888888889
372.0,372.0,67680600,20211124,TSLA,369.6766662597656,372.0,1,0.0325079849587723,0.068222250100636,0.037043016468158954,0.12327834719868176,0.13695887369138293,0.10881271439353053,0.016635120691581285,0.06425433300131501,0.37901677385657523,0.01663524941746787,0.0166353362218977,-0.7053,0.5423,-0.028271428571428576
360.6400146484375,360.6400146484375,35042700,20211126,TSLA,372.0,360.6400146484375,0,0.013757456926311633,0.07471590246089094,0.20330659905056025,0.013757136800175799,0.13932184761459576,0.06137557304596794,0.013756663002596531,0.013756964181910835,0.08042331882561206,0.19185312024104295,0.19397541785033467,0.1154,0.5423,0.3325666666666667
378.9966735839844,378.9966735839844,58393500,20211129,TSLA,360.6400146484375,378.9966735839844,1,0.020377577415298827,0.13655456095616306,0.08840463944800932,0.048258739051183705,0.1254783793833431,0.14894777241153653,0.11755800609272969,0.08107055626093262,0.020377293127707714,0.11697570988531839,0.0959967659677766,-0.4019,0.7783,0.17357142857142854
381.586669921875,381.586669921875,81276000,20211130,TSLA,378.9966735839844,381.586669921875,1,0.13911649600159195,0.13674482561127585,0.04758677006777989,0.027348413339253683,0.14183179913179758,0.10740238346373306,0.013203867383553516,0.03701615929483617,0.15489138408796013,0.11147082787648914,0.0833870737417286,-0.8957,0.4215,-0.019166666666666665
365.0,365.0,68450400,20211201,TSLA,381.586669921875,365.0,0,0.02272727273076934,0.07272741739300484,0.022727276137611642,0.0227272849872606,0.02272766878239326,0.218784514867321,0.07272674582344214,0.07272781394836556,0.07667139563209992,0.1611664575700365,0.2342861521276947,-0.4574,0.7876,0.09666
361.5333251953125,361.5333251953125,73114800,20211202,TSLA,365.0,361.5333251953125,0,0.11857164384407404,0.018571501824897342,0.01857162336530018,0.26624508618354514,0.01857162864676066,0.2542114429554329,0.01857154675506994,0.018572275595529243,0.19519921958252426,0.01857233602036322,0.05434169522650252,0.0,0.5709,0.12962
338.3233337402344,338.3233337402344,92322000,20211203,TSLA,361.5333251953125,338.3233337402344,0,0.03497278262126256,0.05812137888313086,0.09515793766074275,0.12418321417198186,0.02108403600479091,0.1458198803175124,0.10550416404671896,0.03554775988479855,0.18003433573595246,0.021084262108249343,0.17849024856485887,-0.5786,0.5916,0.10845555555555556
336.336669921875,336.336669921875,81663000,20211206,TSLA,338.3233337402344,336.336669921875,0,0.0215911581444194,0.16787852519926566,0.2706719331565913,0.1882541527361733,0.06084666079115808,0.08568969284038915,0.0746246306657361,0.02159125762458925,0.021591055457121824,0.021591636154484402,0.06566929723007095,-0.4019,0.4404,-0.076525
350.5833435058594,350.5833435058594,56084700,20211207,TSLA,336.336669921875,350.5833435058594,1,0.014118537481759466,0.13238337667216019,0.014118521817706101,0.30578468561225314,0.0141188608287212,0.25188701814233033,0.04444835040918901,0.014118515096835033,0.1807847985155778,0.014118823491294834,0.014118511932172432,-0.4767,0.296,-0.06023333333333334
356.32000732421875,356.32000732421875,41906400,20211208,TSLA,350.5833435058594,356.32000732421875,1,0.08030211536803672,0.04326672198964949,0.19377216674489672,0.1266003830215909,0.052525054914568374,0.024747581832777213,0.05252589883720619,0.16127665638393437,0.16388714834186688,0.024747682669626753,0.07634858989584589,-0.6369,0.4574,-0.009244444444444451
334.6000061035156,334.6000061035156,59438400,20211209,TSLA,356.32000732421875,334.6000061035156,0,0.02083397832275615,0.3541661485757063,0.085864171707195,0.020833534010520148,0.11852897323607149,0.02083333333479075,0.0208333871879228,0.02083396705581815,0.29560549528858043,0.02083333333454005,0.0208336779460984,0.0,0.4404,0.2202
339.010009765625,339.010009765625,59664300,20211210,TSLA,334.6000061035156,339.010009765625,1,0.10922681387076061,0.05698687407333123,0.09937054591975393,0.07393308153877796,0.1347621374523278,0.050388339631151434,0.10484374891572097,0.08472926072297471,0.08776952844187778,0.02365492931324532,0.17433474012007777,-0.5106,0.8044,0.2788333333333333
322.1366577148437,322.1366577148437,78595500,20211213,TSLA,339.010009765625,322.1366577148437,0,0.022186978885343624,0.0846861263041201,0.0221861471908574,0.08468623315663396,0.20968395540497778,0.06394611272437377,0.022186209137250598,0.24272913737272986,0.022186928712895074,0.022186548191465198,0.2033356229193522,-0.886,0.7351,-0.06420000000000001
319.5033264160156,319.5033264160156,70806300,20211214,TSLA,322.1366577148437,319.5033264160156,0,0.019697113738322867,0.10303076843295261,0.019697228810557632,0.2196966821274631,0.08636350192632247,0.08636367163651167,0.019697083010713667,0.019697400426187932,0.0196970767490658,0.31142947235934887,0.09463000078255283,-0.6705,0.3182,-0.15166666666666667
308.97332763671875,308.97332763671875,82771500,20211216,TSLA,325.3299865722656,308.97332763671875,0,0.12122344937298633,0.05786990381966996,0.16768831760069614,0.05919929755884588,0.0805075401456295,0.08403375375494704,0.1339099483076853,0.08043235230736838,0.05919872118081481,0.12798709725762691,0.027949618693729365,-0.5719,0.7351,0.168425
310.8566589355469,310.8566589355469,100437300,20211217,TSLA,308.97332763671875,310.8566589355469,1,0.2262594402516885,0.026262735257271463,0.0262639271275381,0.1929316538348718,0.09292917820985873,0.0262626262641604,0.026263298688779635,0.08181823493957906,0.026262664525382663,0.13738474221925565,0.13736149868161346,-0.5314,0.7906,0.29436666666666667
299.9800109863281,299.9800109863281,56480100,20211220,TSLA,310.8566589355469,299.9800109863281,0,0.0303030303046527,0.0303035205114759,0.0303094832283736,0.030303030304219,0.030303540698545,0.696957140101599,0.0303030303044148,0.0303048281026705,0.0303030303041831,0.030306016396879,0.0303033497429866,0.1007,0.1007,0.1007
312.84332275390625,312.84332275390625,71517900,20211221,TSLA,299.9800109863281,312.84332275390625,1,0.036898349440552806,0.11084222368742387,0.07544855096889751,0.05043043867330377,0.12577530631317063,0.19156738883415605,0.014664739342163202,0.03847403629072422,0.26153507338370124,0.04799782015001036,0.04636607291589583,0.0,0.9224,0.36896666666666667
336.2900085449219,336.2900085449219,93634200,20211222,TSLA,312.84332275390625,336.2900085449219,1,0.12601503495010383,0.06845907156863197,0.11318507576451142,0.01846066815798809,0.06623733421453645,0.04762614479037198,0.37201150398234656,0.018459817844556588,0.04345959179532976,0.0676277825960987,0.058457974335524285,-0.1779,0.5859,0.18731
355.6666564941406,355.6666564941406,92713200,20211223,TSLA,336.2900085449219,355.6666564941406,1,0.0090913769113647,0.1822114251215636,0.3447647923548599,0.1827852007929343,0.0090910210223159,0.0090910636644667,0.226600874028606,0.0090909511754541,0.0090909355239146,0.0090909090921127,0.0090914503124072,0.893,0.893,0.893
364.6466674804688,364.6466674804688,71145900,20211227,TSLA,355.6666564941406,364.6466674804688,1,0.11961544950080845,0.05952400369905274,0.03174694186825996,0.14285652478838887,0.08274548975731612,0.3770020726942507,0.0317465351995665,0.0317463853951129,0.031746089128263474,0.03174664611436323,0.05952386185461668,0.0,0.6369,0.19245555555555555
362.0633239746094,362.0633239746094,56154000,20211229,TSLA,362.8233337402344,362.0633239746094,0,0.013168014108002066,0.170176983135193,0.44341808818097256,0.013169765091012664,0.0131695195631307,0.0131677226223329,0.0926458541630784,0.07062999447572453,0.060786780557805835,0.09649952550578013,0.013167752596966733,-0.3219,0.4767,0.0516
356.7799987792969,356.7799987792969,47040900,20211230,TSLA,362.0633239746094,356.7799987792969,0,0.0181818181873083,0.0181822369418458,0.0181818181859324,0.0181826125122124,0.0181818181871799,0.4181822893015751,0.2181800137727138,0.0181818181870054,0.0181822256433549,0.2181815308950893,0.0181818181857822,0.0772,0.0772,0.0772
399.9266662597656,399.9266662597656,103931400,20220103,TSLA,352.260009765625,399.9266662597656,1,0.0147727494453833,0.1463640664811383,0.0147728421131702,0.2831790096091582,0.0147727272745049,0.12254083068505446,0.01477272727428135,0.22953139870275646,0.12974806300866085,0.01477272727412085,0.014772858131770601,-0.296,-0.296,-0.296
354.8999938964844,354.8999938964844,90336600,20220106,TSLA,362.7066650390625,354.8999938964844,0,0.0148602513128305,0.01486013986277535,0.014860403304811,0.0148601398625945,0.01486013986341125,0.2399980419042418,0.0148601398629985,0.01486013986330405,0.4751055615266485,0.16601490277382905,0.01486013986255505,0.0,0.34,0.17
342.32000732421875,342.32000732421875,84164700,20220107,TSLA,354.8999938964844,342.32000732421875,0,0.01606881783583908,0.11383185542969813,0.2585672354413072,0.016068715121878498,0.1160673466746128,0.01606847809404692,0.3990508225690394,0.0160688688075004,0.01606848434826096,0.016069730305039782,0.0160696453727763,-0.34,0.3612,0.004239999999999999
352.7066650390625,352.7066650390625,91815000,20220110,TSLA,342.32000732421875,352.7066650390625,1,0.016955557035669533,0.338036092314193,0.23917620240113993,0.12047754997997918,0.016955898262298135,0.18362194329681558,0.016955340410193833,0.0169552669563013,0.016955330576918465,0.016955306155637298,0.016955512610853235,-0.8225,0.4019,-0.14020000000000002
368.739990234375,368.739990234375,83739000,20220112,TSLA,354.79998779296875,368.739990234375,1,0.10116312461073353,0.0540432628927247,0.12085998630005268,0.3631418104194672,0.017003367006937335,0.0170036130326538,0.01700348159315757,0.017004389929564167,0.017004077814995164,0.08367005240945895,0.1921028339902544,-0.3182,0.7184,0.15913333333333335
343.85333251953125,343.85333251953125,97209900,20220113,TSLA,368.739990234375,343.85333251953125,0,0.0181818181821798,0.0181818181821028,0.0181818181820891,0.0181818181820833,0.0181818181821714,0.0181818181821527,0.0181818181821269,0.0181818181821598,0.8181818181787596,0.0181818181820951,0.018181818182079,0.0,0.0,0.0
349.8699951171875,349.8699951171875,72924300,20220114,TSLA,343.85333251953125,349.8699951171875,1,0.0227273806823828,0.0227272727302514,0.7727245353692812,0.0227275028179839,0.0227291594023883,0.0227272727307714,0.0227274869478027,0.0227272727308474,0.0227272727299637,0.0227272727301701,0.0227275711281566,0.0,0.0,0.0
343.5033264160156,343.5033264160156,66743400,20220118,TSLA,349.8699951171875,343.5033264160156,0,0.07575748356103675,0.3527090482096017,0.2093631876588633,0.0765843162967857,0.02020288613429305,0.020202217972537448,0.16437272618369336,0.0202020733737431,0.02020202020311475,0.02020202020319905,0.020202020203131298,-0.4588,0.3612,-0.04879999999999998
331.8833312988281,331.8833312988281,75442500,20220119,TSLA,343.5033264160156,331.8833312988281,0,0.012880143602322766,0.16488963314818691,0.21570446470678598,0.04750315395044663,0.012878787881032567,0.04660235754463954,0.059187979925199065,0.14786017385055264,0.06580477166968386,0.1462112932565445,0.08047724046460497,-0.3802,0.34,0.03763333333333335
314.6333312988281,314.6333312988281,103416000,20220121,TSLA,332.0899963378906,314.6333312988281,0,0.10193529698894392,0.05636951782079549,0.018603136383444734,0.01860358115704365,0.018602939448702883,0.33611422785635536,0.17701721449656127,0.01860285102568165,0.018602761852862335,0.0919473383979812,0.14360113457162696,-0.126,0.296,0.11138333333333333
306.1333312988281,306.1333312988281,86595900,20220125,TSLA,310.0,306.1333312988281,0,0.0090910059983054,0.0090916356181992,0.3820317631584166,0.2136257164126405,0.0090909090929985,0.1292149420579464,0.2114901696431718,0.0090909765881033,0.0090909332107911,0.0090909090925473,0.0090910391268793,0.8777,0.8777,0.8777
312.4700012207031,312.4700012207031,104867400,20220126,TSLA,306.1333312988281,312.4700012207031,1,0.022727991717347,0.0227272727291651,0.0227272727290749,0.0227272727290357,0.0227313568290748,0.0227272727294966,0.3605950844217413,0.0227272727295445,0.0227272727289834,0.0227272727291143,0.4348546579274222,0.6588,0.6588,0.6588
276.3666687011719,276.3666687011719,147109500,20220127,TSLA,312.4700012207031,276.3666687011719,0,0.02474774974585872,0.1284514649464857,0.024748135389817134,0.04696996681577499,0.1543768685489539,0.061784067941966815,0.02474774516904249,0.16886893962121566,0.024747546414043944,0.10807960642150374,0.2324779089853364,-0.7351,0.5106,-0.024755555555555545
282.1166687011719,282.1166687011719,134789100,20220128,TSLA,276.3666687011719,282.1166687011719,1,0.025379066925608228,0.025379633081044677,0.34204438255709296,0.025379130881906648,0.02537878788339,0.025381315041379426,0.0253818328419518,0.025379186242139775,0.15871051467203467,0.10871193362135548,0.21287421625209585,0.1779,0.6486,0.40717499999999995
312.239990234375,312.239990234375,104436000,20220131,TSLA,282.1166687011719,312.239990234375,1,0.0632012669541702,0.021482814544377084,0.14669683372634054,0.06604835155408956,0.07438952019144142,0.0587766431769233,0.07345453295737013,0.10190920742459426,0.24431288123844808,0.12824474085695878,0.021483207375286317,-0.4767,0.3071,-0.028266666666666673
310.4166564941406,310.4166564941406,73138200,20220201,TSLA,312.239990234375,310.4166564941406,0,0.07570631530346636,0.033430357824384964,0.280318902779846,0.09565603155900176,0.11772327306670578,0.10663778962623904,0.0386736210697646,0.013359932004302735,0.14761912045301875,0.07751446411321439,0.013360192200055033,0.0,0.802,0.2549
301.8866577148437,301.8866577148437,66792900,20220202,TSLA,310.4166564941406,301.8866577148437,0,0.0215232888442696,0.0215230633243611,0.02152341474416952,0.021523132802201562,0.09288155213038612,0.2730344011079534,0.17152256414239977,0.021523880205647862,0.2511340056977078,0.02152359241583262,0.08228710458507019,0.0,0.816,0.37532
297.0466613769531,297.0466613769531,78855600,20220203,TSLA,301.8866577148437,297.0466613769531,0,0.0180461356894511,0.0444554478983345,0.09096170683927711,0.2539877094168877,0.05753430709093576,0.07433042145807904,0.05712550541158408,0.07230708596285913,0.23936814829920672,0.046398028553714554,0.04548550337966991,-0.3182,0.5707,0.08987499999999998
302.4466552734375,302.4466552734375,60994500,20220207,TSLA,307.7733459472656,302.4466552734375,0,0.06174223768238404,0.02007593586201965,0.05275705206289582,0.13674165225040713,0.06174238759855193,0.020075979973872834,0.020075757579399167,0.40822819703968866,0.11729779021098685,0.08118718036896114,0.020075829370832184,-0.7786,0.4404,-0.17736666666666667
310.6666564941406,310.6666564941406,52259400,20220209,TSLA,307.3333435058594,310.6666564941406,1,0.01103922870102215,0.0110389610409836,0.0110399984170605,0.2068932416010005,0.01103897311329575,0.0110389610413377,0.0734250016425586,0.08246694159098945,0.01103897216963535,0.06211744201261085,0.508862278669505,-0.8737,-0.4201,-0.6469
301.51666259765625,301.51666259765625,66126900,20220210,TSLA,310.6666564941406,301.51666259765625,0,0.0151515151541287,0.0151515553317084,0.0151515151534737,0.0151517771991604,0.1974599819161944,0.01515158092434,0.015151515153747,0.0151523372087148,0.6661751916516145,0.0151515151535169,0.0151515151534007,0.5994,0.5994,0.5994
286.6666564941406,286.6666564941406,79645800,20220211,TSLA,301.51666259765625,286.6666564941406,0,0.04158484279987449,0.04158449548496833,0.18725622616495338,0.0177753415302253,0.041584546680886555,0.1337682219122315,0.04158481088712703,0.04158469827772963,0.31316766280413716,0.0177758784459143,0.12233327501195182,0.0,0.765,0.17191428571428571
291.9200134277344,291.9200134277344,67756500,20220214,TSLA,286.6666564941406,291.9200134277344,1,0.20605936198309036,0.031060667466153775,0.15606032159648509,0.031061352338690774,0.031060904084012974,0.19772696190687966,0.0310622104456771,0.08105986527250225,0.12272729226571467,0.03106065932656775,0.08106040331422518,0.2732,0.7424,0.556975
307.4766540527344,307.4766540527344,57286200,20220215,TSLA,291.9200134277344,307.4766540527344,1,0.0181818181840454,0.0181818181835712,0.0181818181834871,0.0181818181834508,0.0181818181839936,0.4181816103130762,0.0181818181837203,0.0181818181839223,0.4181820260337835,0.018181818183524,0.018181818183425,0.0,0.0,0.0
307.7966613769531,307.7966613769531,51294300,20220216,TSLA,307.4766540527344,307.7966613769531,1,0.018184773660458,0.276332536029695,0.5600254501119214,0.0181825236180911,0.0181818966739354,0.0181818181854728,0.0181818181851916,0.0181823749410782,0.0181819649298766,0.0181828244441641,0.0181820192201154,-0.7,-0.7,-0.7
292.1166687011719,292.1166687011719,55178400,20220217,TSLA,307.7966613769531,292.1166687011719,0,0.08601582345346591,0.02121267063764633,0.21765683367589897,0.28974079046519446,0.02121212121439303,0.021212467642178132,0.0914343134767418,0.021212121214318397,0.021212201962844766,0.021212230883328798,0.18787842537398894,0.0,0.2732,0.1665
285.6600036621094,285.6600036621094,68501700,20220218,TSLA,292.1166687011719,285.6600036621094,0,0.045454545456523,0.0454545454561016,0.0454545454560273,0.0454545454559955,0.0454545454564765,0.0454567381795794,0.0454545454562345,0.0454545454564138,0.0454545454559515,0.0454545454560595,0.5454523527146369,0.5719,0.5719,0.5719
273.84332275390625,273.84332275390625,83288100,20220222,TSLA,285.6600036621094,273.84332275390625,0,0.054886604229937894,0.08674484462044427,0.019172243784260745,0.060575386617272846,0.15724382320585364,0.06679039919195102,0.16202607712118056,0.07529398148124862,0.019171761881564112,0.07029033006962307,0.2278045477966628,-0.5719,0.5994,0.021471428571428586
254.67999267578125,254.67999267578125,95256900,20220223,TSLA,273.84332275390625,254.67999267578125,0,0.035475662982441196,0.17961690583927112,0.1267179989936929,0.0354757720243471,0.01547581273874878,0.07540416236809024,0.13834746181570323,0.01547588658548576,0.01547578017167012,0.0739406930994884,0.28859386338106063,-0.1513,0.8016,0.457
269.9566650390625,269.9566650390625,76067700,20220225,TSLA,266.92333984375,269.9566650390625,1,0.06106686045427124,0.049768457557911566,0.08497282543822329,0.02000358387166655,0.020003395549703526,0.2825368930255989,0.0821203977183667,0.062059041924699236,0.11365445885492462,0.15211743546148734,0.07169665014314652,-0.6597,0.5927,0.2184375
288.1233215332031,288.1233215332031,74766900,20220301,TSLA,290.1433410644531,288.1233215332031,0,0.0179656293431659,0.284630154343097,0.11320351648716133,0.37510674398049987,0.017965938961472066,0.10129967015701546,0.0179656189150708,0.017965560584313336,0.0179655765242064,0.017965790776369898,0.0179657999276273,-0.5859,0.5423,-0.014533333333333323
293.2966613769531,293.2966613769531,74643300,20220302,TSLA,288.1233215332031,293.2966613769531,1,0.08255629225392906,0.08528081523829267,0.19711561824003643,0.05459155734565749,0.11880962063741231,0.048976969120213716,0.023497962361610933,0.023497654981798635,0.040164197193239694,0.10234714167376485,0.22316217095404375,-0.7227,0.8625,0.16708333333333333
279.7633361816406,279.7633361816406,61623600,20220303,TSLA,293.2966613769531,279.7633361816406,0,0.020831250701031142,0.08918172895887934,0.07888184542853727,0.13607807364421792,0.01533642705369088,0.17884341920432337,0.04725081760390655,0.09363036877534424,0.203769187799086,0.05602521028234063,0.08017167054864215,-0.4284,0.7096,0.0393
279.42999267578125,279.42999267578125,66999600,20220304,TSLA,279.7633361816406,279.42999267578125,0,0.05454545454784465,0.05454545454733665,0.15454514832966496,0.0545478245404451,0.05454638188580785,0.16749746070015725,0.0545454545474955,0.0545454545477131,0.05454545454715455,0.24159045725920145,0.05454545454717875,-0.636,0.541,-0.04749999999999999
274.79998779296875,274.79998779296875,80399100,20220308,TSLA,268.1933288574219,274.79998779296875,1,0.0454545454561333,0.0454545454557948,0.0454545454557349,0.5454522153510226,0.0454545454560962,0.045454545456013,0.045454545455901,0.0454545454560449,0.0454545454556741,0.0454568755458946,0.0454545454556902,-0.5719,-0.5719,-0.5719
286.3233337402344,286.3233337402344,59184000,20220309,TSLA,274.79998779296875,286.3233337402344,1,0.09979700642802562,0.038750534898734555,0.041932364026007196,0.21827918720268272,0.0115737594629866,0.0115741083189657,0.0668784750931491,0.09067354160958288,0.20551636842067816,0.0459907661144443,0.1690338884247427,-0.5233,0.6689,0.16776
265.1166687011719,265.1166687011719,67037100,20220311,TSLA,279.4333190917969,265.1166687011719,0,0.0303030303051047,0.0303030303046624,0.0303030303045847,0.0303030303045505,0.0303030303050558,0.3636364340993422,0.030304464076968,0.0303034573775357,0.0303030303045058,0.36363096051985,0.0303065020978399,0.3182,0.3182,0.3182
255.4566650390625,255.4566650390625,71152200,20220314,TSLA,265.1166687011719,255.4566650390625,0,0.09937557392985755,0.09265641262212013,0.11000358768213,0.18179296243193704,0.05175658775736621,0.06366205749267344,0.09331505653705652,0.1308373570888736,0.027947319253189197,0.027947637312794014,0.12070544789200185,-0.7385,0.8074,0.10711428571428572
267.2966613769531,267.2966613769531,66841200,20220315,TSLA,255.4566650390625,267.2966613769531,1,0.02916666666986805,0.15040363320985323,0.07042963987821405,0.09166670894313085,0.1125003045752902,0.0791666907441693,0.0791667136761666,0.02916688095401755,0.15416487894230047,0.17500107683634614,0.029166805570643026,0.0,0.9253,0.250575
280.07666015625,280.07666015625,84028800,20220316,TSLA,267.2966613769531,280.07666015625,1,0.1011314889298356,0.0060610369329811,0.1514367957339301,0.006060748270704,0.0060606974277212,0.1368654281041111,0.1968176089506297,0.006060622782728,0.0060606410355131,0.0060609048031353,0.3773840270287103,0.875,0.875,0.875
290.5333251953125,290.5333251953125,66582900,20220317,TSLA,280.07666015625,290.5333251953125,1,0.049069027353147665,0.016391184574143167,0.20881990559654506,0.16511915965454851,0.016391213021668467,0.14124598541563002,0.016391416618451365,0.016391184574371765,0.2663908473375159,0.016391703146255102,0.08739837270772244,0.0,0.7703,0.48633333333333334
301.7966613769531,301.7966613769531,100414200,20220318,TSLA,290.5333251953125,301.7966613769531,1,0.010829904100567481,0.01082987095635546,0.2700839779943697,0.09478408477362346,0.03582967872122027,0.01082972583093798,0.04682721424002476,0.22697870631338257,0.14149907373970702,0.026440023168317763,0.12506774016149305,-0.623,0.8883,0.06281999999999999
307.0533447265625,307.0533447265625,81981600,20220321,TSLA,301.7966613769531,307.0533447265625,1,0.015452192769946617,0.01545274758414295,0.09570179983888834,0.015452282219456333,0.035250353487098,0.13084877522141683,0.06242496953625523,0.06399333223309762,0.21443166174228265,0.08829347713772712,0.2626984082296879,-0.6948,0.7495,0.12861666666666668
337.97332763671875,337.97332763671875,68920800,20220324,TSLA,333.03668212890625,337.97332763671875,1,0.025378787882321,0.025379700018888927,0.025378787881435775,0.02537975413423835,0.19204350187237737,0.10870953865619298,0.02537891208377515,0.025378928392254002,0.025378787881300876,0.49621263700968726,0.02538066418752795,-0.4019,0.0,-0.195925
336.8800048828125,336.8800048828125,62031600,20220325,TSLA,337.97332763671875,336.8800048828125,0,0.08816688727991259,0.26870525166133996,0.10551874937518958,0.16863326507386464,0.10551918352526311,0.08109536385630908,0.022186880300174124,0.02218688311177565,0.09361483965096037,0.02218628864795715,0.022186407517253176,-0.3802,0.5574,0.216425
363.9466552734375,363.9466552734375,102506100,20220328,TSLA,336.8800048828125,363.9466552734375,1,0.01621218485791424,0.04954548839415042,0.01621220027587474,0.08251068404333901,0.049545370606752695,0.15522024219114722,0.11512747598321434,0.01621226591619668,0.2528436764675737,0.23035824969416704,0.01621216156966938,-0.3314,0.7777,0.31976
366.5233459472656,366.5233459472656,73614900,20220329,TSLA,363.9466552734375,366.5233459472656,1,0.09498366879901618,0.2352176061592584,0.08767151579134932,0.06369953133835486,0.07345109263325164,0.04555323193445416,0.12784510241094557,0.04555306043359577,0.02514480657495763,0.04648404619202553,0.1543963377327906,0.0,0.9127,0.4883
364.663330078125,364.663330078125,59865000,20220330,TSLA,366.5233459472656,364.663330078125,0,0.020292223216733574,0.18695537534532022,0.19166205984226906,0.02029248245708425,0.07636976151766771,0.16910047724153204,0.12998977279254426,0.020292207796322376,0.020295399812392777,0.020292267528226975,0.1444579724499063,-0.1779,0.8516,0.168425
359.20001220703125,359.20001220703125,48992700,20220331,TSLA,364.663330078125,359.20001220703125,0,0.016234130848484202,0.016234110962226735,0.11147230984870289,0.0162345296608388,0.016233908934509465,0.1529392492394935,0.32238734977378014,0.0162337662371728,0.21622991243106118,0.0995669658273622,0.016233766236367502,-0.34,0.7551,0.29129999999999995
381.8166809082031,381.8166809082031,82035900,20220404,TSLA,361.5299987792969,381.8166809082031,1,0.5227326228328149,0.022727272731446,0.0227272727312478,0.2727158074267985,0.0227272727324546,0.0227272727321827,0.0227275286077557,0.0227272727322836,0.0227315063999053,0.0227272727313334,0.022728898341777,0.0,0.0,0.0
363.7533264160156,363.7533264160156,80075100,20220405,TSLA,381.8166809082031,363.7533264160156,0,0.2155710123261607,0.2189355057724394,0.24747442485240842,0.0252526440312372,0.025252669261639132,0.025253122832617398,0.08493315563713365,0.025252717401138033,0.025252865561551863,0.08156907224873237,0.025252810074941363,-0.5819,0.5255,-0.08556666666666668
348.586669921875,348.586669921875,89348400,20220406,TSLA,363.7533264160156,348.586669921875,0,0.016521278211214727,0.08481822503383137,0.016521910499750974,0.09177587149607642,0.016521781492477076,0.04026130796521055,0.3368533056926683,0.016521921398494774,0.14152126463143908,0.016521464184388775,0.22216166939444745,0.0,0.6996,0.1942
352.4200134277344,352.4200134277344,79447200,20220407,TSLA,348.586669921875,352.4200134277344,1,0.015495867769873651,0.015495928109859251,0.1518595803112136,0.3904948023787511,0.015496177479207101,0.1916177268512782,0.0154972715397987,0.015495867769803,0.15755472015724473,0.015495897151334849,0.0154961604816355,0.0,0.8439,0.42195
341.8299865722656,341.8299865722656,55013700,20220408,TSLA,352.4200134277344,341.8299865722656,0,0.04727289098499228,0.07277210204419564,0.04477280534873137,0.07750558389802643,0.018800470690320144,0.16165719048951352,0.12548164219972677,0.018800428189743014,0.30885762261180394,0.018800390544221012,0.10527887299872533,-0.3164,0.4738,0.18245714285714287
328.3333435058594,328.3333435058594,58422300,20220414,TSLA,340.7900085449219,328.3333435058594,0,0.061090890682979605,0.26957712120150484,0.0174709538003156,0.038291750714920914,0.0735930614556104,0.04128023575498907,0.14541113465495767,0.03787887975987393,0.08889943454476679,0.2090356216901791,0.017470915739901543,-0.4404,0.8053,0.12241428571428571
334.7633361816406,334.7633361816406,51715200,20220418,TSLA,328.3333435058594,334.7633361816406,1,0.19242352774127702,0.025758535818388367,0.025757582958923764,0.14761507516463165,0.025757619072950835,0.02575836230118543,0.13694555546570217,0.10908940618018505,0.0593776787592282,0.025758807762901705,0.22575784877462546,0.2023,0.8588,0.6004333333333333
342.7166748046875,342.7166748046875,49847700,20220419,TSLA,334.7633361816406,342.7166748046875,1,0.0181818181826181,0.0181825748187161,0.0181819575893364,0.0181818181824048,0.0181821830172578,0.0181818181825578,0.0181830215064426,0.81817593413619,0.0181818181823869,0.0181852380196941,0.0181818181823951,0.0258,0.0258,0.0258
325.7333374023437,325.7333374023437,70711200,20220420,TSLA,342.7166748046875,325.7333374023437,0,0.012987012987298,0.8701298701274806,0.0129870129872266,0.012987012987222,0.0129870129872914,0.0129870129872766,0.0129870129872564,0.0129870129872823,0.0129870129872157,0.0129870129872313,0.0129870129872186,0.0,0.0,0.0
336.260009765625,336.260009765625,105416400,20220421,TSLA,325.7333374023437,336.260009765625,1,0.09930504151134677,0.07787846906247785,0.19418586858845224,0.0802854926148068,0.04257327770886566,0.09617681239596429,0.10722334944105066,0.05805576687034591,0.08305804220923232,0.08315282803902989,0.07810505155842715,-0.7574,0.7495,-0.04312608695652173
335.01666259765625,335.01666259765625,69696600,20220422,TSLA,336.260009765625,335.01666259765625,0,0.02651515151792275,0.026516850313667198,0.3598345122977246,0.026518807010998,0.0265162455872978,0.0265162632809827,0.276516586798674,0.0265160249396479,0.0265151515171229,0.15151777201903616,0.02651663471692545,-0.1027,0.4199,0.1586
332.67333984375,332.67333984375,68341200,20220425,TSLA,335.01666259765625,332.67333984375,0,0.14270262192761812,0.1966211586949386,0.08051870523533214,0.06801956133636468,0.08051985323197312,0.0669997003738509,0.018019696727608378,0.05864094982484805,0.21801941860316926,0.05191830353157465,0.01802003051272175,-0.4184,0.5859,0.035425
292.1400146484375,292.1400146484375,136133700,20220426,TSLA,332.67333984375,292.1400146484375,0,0.20306238005969277,0.10135009784067035,0.017682399145462584,0.0176824440175696,0.06530147159601625,0.06530109598383428,0.017682561256720315,0.017682595382907985,0.30485864696831444,0.15441683993844274,0.034979467810368155,0.0,0.5118,0.3070428571428572
293.836669921875,293.836669921875,76956300,20220427,TSLA,292.1400146484375,293.836669921875,1,0.016558849346791686,0.12880242671372438,0.016559060132744784,0.1052973576123161,0.016558893921232415,0.03441576667358796,0.034962809138333176,0.1022726103199131,0.2546538075862069,0.22574191292814705,0.0641765056270019,-0.1779,0.6124,0.1569857142857143
292.5033264160156,292.5033264160156,124948500,20220428,TSLA,293.836669921875,292.5033264160156,0,0.1260543523795743,0.24692363906434975,0.04272202241017206,0.04272197881424038,0.0677219325934282,0.06537774287006534,0.04272234381182442,0.0427219354291258,0.12397188466030437,0.13134026319423056,0.06772190477268443,-0.5848,0.8555,0.15863750000000001
290.2533264160156,290.2533264160156,88133100,20220429,TSLA,292.5033264160156,290.2533264160156,0,0.026462523267006124,0.026462459235145588,0.20588956564163682,0.08598604348125247,0.05424021995850083,0.13204849999711032,0.14630370853568517,0.054240360330593165,0.07899624527358806,0.10735194830368346,0.08201842597579745,-0.7096,0.6956,0.0773888888888889
300.9800109863281,300.9800109863281,75781500,20220502,TSLA,290.2533264160156,300.9800109863281,1,0.20681531437217043,0.123484645556947,0.09015147051750226,0.02348602602076138,0.0734844878122667,0.07919553577875812,0.09015133353343295,0.02348495435680874,0.12084940127785733,0.07348653474388499,0.0954102960296096,-0.6996,0.3612,-0.015339999999999998
303.0833435058594,303.0833435058594,63709500,20220503,TSLA,300.9800109863281,303.0833435058594,1,0.10058594896079381,0.17924948872993504,0.1370080449925609,0.028683236706833592,0.020350176142724892,0.07868322755418376,0.05140703036474731,0.040763943735516874,0.020349347741490626,0.28180084709800685,0.06111870797320584,-0.296,0.8283,0.28418333333333334
317.5400085449219,317.5400085449219,81643800,20220504,TSLA,303.0833435058594,317.5400085449219,1,0.1032796239264075,0.2998724700023888,0.3489141375032698,0.0082644628115977,0.0082644628121558,0.0082648243134435,0.0082646726690113,0.0082649879170007,0.0082644628115473,0.1900814324216063,0.0082644628115709,0.8122,0.8122,0.8122
291.09332275390625,291.09332275390625,92519100,20220505,TSLA,317.5400085449219,291.09332275390625,0,0.0151515151521168,0.0151515151519886,0.0151515151519659,0.0151515151519562,0.0151515151521028,0.0151515151520716,0.0151515151520288,0.0151515151520836,0.8484848484797601,0.0151515151519758,0.0151515151519492,0.0,0.0,0.0
288.54998779296875,288.54998779296875,72903000,20220506,TSLA,291.09332275390625,288.54998779296875,0,0.06168841906470628,0.10290845174315187,0.10772599472958204,0.038408089349208134,0.016186141328002068,0.1307453332695753,0.13895821059589594,0.08761380383965113,0.060630143259465176,0.16301104939991773,0.0921243634208439,-0.4588,0.9134,0.21088888888888888
262.3699951171875,262.3699951171875,90810300,20220509,TSLA,288.54998779296875,262.3699951171875,0,0.08588215793207706,0.11128892196727945,0.04578619646046522,0.15726104710593797,0.10489509864703052,0.12375920995953388,0.03545650717107156,0.09910343205795548,0.025275584861906255,0.12309580171327386,0.08819604212346822,-0.6289,0.7717,-0.0525181818181818
266.67999267578125,266.67999267578125,84401700,20220510,TSLA,262.3699951171875,266.67999267578125,1,0.015153638511576,0.1818170886463784,0.0151551816324781,0.0151529431031641,0.0151515151563475,0.01515151515609,0.681811160002255,0.0151515151561893,0.0151515727735361,0.0151516580190422,0.015152211842943,0.5859,0.5859,0.5859
244.6666717529297,244.6666717529297,97224600,20220511,TSLA,266.67999267578125,244.6666717529297,0,0.0187501081843351,0.018750764903368203,0.2599187752380819,0.01875000000153645,0.1437490395563317,0.08125037604959776,0.3378140078628689,0.018750022961367678,0.018751257211682998,0.018750139724676124,0.06476550830615264,0.0,0.34,0.085
242.6666717529297,242.6666717529297,140313000,20220512,TSLA,244.6666717529297,242.6666717529297,0,0.09686134838235091,0.10091564309340184,0.09686186423914668,0.24899750587432723,0.025433326664302213,0.1325758124793457,0.07305206472398704,0.10138507377128878,0.025432910616624758,0.07305148135918912,0.025432968796035144,-0.1779,0.6486,0.19818571428571427
256.5299987792969,256.5299987792969,92150700,20220513,TSLA,242.6666717529297,256.5299987792969,1,0.07803001324911747,0.09212355525369008,0.022474772504797947,0.02247531844108695,0.022475287640683083,0.07803091293904992,0.14747420155765315,0.16136381098941444,0.02247478860359822,0.3306007345605914,0.022476604260316963,-0.4939,0.4404,-0.058249999999999996
241.4566650390625,241.4566650390625,86098500,20220516,TSLA,256.5299987792969,241.4566650390625,0,0.09393938849773158,0.10109823164508201,0.027273066363827536,0.027272966671282668,0.26060419475888724,0.09393890335961842,0.1606048274712907,0.0939393821480074,0.027273798867118768,0.08678120936010213,0.027274030857051,0.0,0.7712,0.3081
253.8699951171875,253.8699951171875,80236200,20220517,TSLA,241.4566650390625,253.8699951171875,1,0.05596816507256837,0.05656129684845314,0.07977772933519801,0.15120576351583964,0.04417533571998489,0.07026514435529616,0.1398866784438452,0.0446236934509345,0.032158322298700484,0.2932193390986046,0.03215853186057454,-0.296,0.9153,0.32335714285714284
236.60333251953125,236.60333251953125,87811800,20220518,TSLA,253.8699951171875,236.60333251953125,0,0.06382226714538702,0.19094999225280823,0.14300141091611,0.03532443248929541,0.022250475191403312,0.022250731501951677,0.10125417875948059,0.12338074022623739,0.022250507667190035,0.21643956578930976,0.05907569806082612,-0.8777,0.7177,-0.14568888888888887
236.47332763671875,236.47332763671875,90296700,20220519,TSLA,236.60333251953125,236.47332763671875,0,0.027163898512589414,0.08495592335956863,0.07212001539871542,0.246185373699777,0.09085652848472497,0.10026644750796762,0.0866498067779396,0.037504478464282176,0.09175499172702234,0.13442224492477617,0.028120291142636145,-0.6904,0.7783,0.2872230769230769
221.3000030517578,221.3000030517578,144973200,20220520,TSLA,236.47332763671875,221.3000030517578,0,0.03863818893196689,0.11330897968544354,0.13436373630370294,0.0538270101892133,0.0508059846753182,0.04576671297937173,0.13069498163463905,0.21385063949084163,0.04321236268302605,0.1571806403782599,0.01835076304821628,-0.8696,0.807,0.1406894736842105
224.96665954589844,224.96665954589844,88903500,20220523,TSLA,221.3000030517578,224.96665954589844,1,0.021320456715314712,0.039177178685258704,0.07132002231205427,0.1395674069103354,0.021320801047213424,0.24077385624645958,0.12965399455314228,0.04632096779204708,0.12141537961298525,0.021321140855124324,0.14780879527006444,-0.1655,0.6361,0.2099875
209.3866729736328,209.3866729736328,89092500,20220524,TSLA,224.96665954589844,209.3866729736328,0,0.01686992946796654,0.3882384148913467,0.03472709656186936,0.0707770521924414,0.016869770278975252,0.2338008764208994,0.016869828697905313,0.056713016458766474,0.016869992029454637,0.016870096510581613,0.13139392648979278,-0.765,0.5267,-0.0734125
219.6000061035156,219.6000061035156,92139300,20220525,TSLA,209.3866729736328,219.6000061035156,1,0.015464204267971867,0.06308340930365781,0.091985035689015,0.03927360182075094,0.07101968648749497,0.17487771525223203,0.05588650062831207,0.03273139367714067,0.24772508429095128,0.11890114433579997,0.0890522242466729,-0.296,0.8122,0.22053333333333333
235.91000366210935,235.91000366210935,106003200,20220526,TSLA,219.6000061035156,235.91000366210935,1,0.0860078144999212,0.15599050020724986,0.11116766888923471,0.07186510616420093,0.08464462956838155,0.06939432162505857,0.07390459336889642,0.09645462859353024,0.049115568768734366,0.08898433705646952,0.11247083125832213,-0.7506,0.5994,0.0207875
253.2100067138672,253.2100067138672,89295000,20220527,TSLA,235.91000366210935,253.2100067138672,1,0.06534679224192509,0.11348811026278298,0.09401766167354864,0.12614009164683546,0.01849661594887042,0.13666409434582505,0.041125980883291564,0.095832158876318,0.1313583741843618,0.0991218596811623,0.07840826025507823,-0.8255,0.7901,0.13185714285714287
252.7533264160156,252.7533264160156,101914500,20220531,TSLA,253.2100067138672,252.7533264160156,0,0.05706600592939675,0.05295536896445579,0.18181284018189414,0.13286072155245834,0.05681348239153394,0.06891492325159337,0.11597705537407513,0.12094921492483177,0.03895612757368178,0.11718426284609362,0.056509997009984866,-0.1779,0.9192,0.3599
246.7899932861328,246.7899932861328,77247900,20220601,TSLA,252.7533264160156,246.7899932861328,0,0.020455053968384027,0.10795259285801603,0.08280811757025683,0.0948534360452406,0.020455361637869263,0.04545466525878735,0.06629191277209903,0.0581010331173855,0.28295458461051687,0.041288512037010276,0.1793847301244337,0.0,0.7642,0.3469375
258.3333435058594,258.3333435058594,93473100,20220602,TSLA,246.7899932861328,258.3333435058594,1,0.16809588783687743,0.1970339125793258,0.10112335460813764,0.03887171719582518,0.07160386680920465,0.08341895051231211,0.15657058887928166,0.03258570673880323,0.038489625499509114,0.09545473631383032,0.0167516530268924,-0.296,0.7671,0.23399999999999999
234.51666259765625,234.51666259765625,112393800,20220603,TSLA,258.3333435058594,234.51666259765625,0,0.02243229008927198,0.10837068203509062,0.17209195972900812,0.35022304744647414,0.04562105581330466,0.0224321552573019,0.02243293086855814,0.02243242881173136,0.0224321373016645,0.12243251854614982,0.0890987941014442,0.0,0.9168,0.6338199999999999
238.27999877929688,238.27999877929688,84204600,20220606,TSLA,234.51666259765625,238.27999877929688,1,0.08174656213662318,0.12656766590854718,0.028835982592141245,0.15729567212578882,0.2251326748943413,0.088094148777378,0.028837376306459644,0.02883673071893643,0.028837309204314376,0.1769796374886178,0.028836239846851557,-0.8436,0.8306,-0.07473333333333335
238.8866729736328,238.8866729736328,72808500,20220607,TSLA,238.27999877929688,238.8866729736328,1,0.0151520003024158,0.2133668888302619,0.2730633587134396,0.3923543765092974,0.0151524681403039,0.015151515154878,0.0151517497450114,0.0151519401259928,0.0151523453841927,0.0151515151543003,0.0151518419399056,0.0,0.0,0.0
241.86666870117188,241.86666870117188,76210500,20220608,TSLA,238.8866729736328,241.86666870117188,1,0.08585822412682946,0.02335858586216965,0.0789140907010905,0.05113611674001135,0.08585859051558667,0.16116874943723075,0.023358585862472726,0.0233586650333965,0.2536041736063791,0.02335886480862015,0.19002535330621254,-0.6114,0.5423,-0.017275000000000013
239.7066650390625,239.7066650390625,96491400,20220609,TSLA,241.86666870117188,239.7066650390625,0,0.08987971675519878,0.032196969699503676,0.03219735116161165,0.032196969699330474,0.1571972897293207,0.032197399215934126,0.2245135290225272,0.032197208595660824,0.032197748742070424,0.24052989969186367,0.09469591768697797,-0.5719,0.8402,0.30385
232.22999572753903,232.22999572753903,97536600,20220610,TSLA,239.7066650390625,232.22999572753903,0,0.08392015882298373,0.02051515140262259,0.02051504207100823,0.1438099267263551,0.253720536464664,0.16503044534562586,0.02051505059882381,0.02051488987487889,0.06813351963292101,0.053180702505639124,0.1501445765544771,-0.704,0.6588,-0.11589999999999999
215.73666381835935,215.73666381835935,102767400,20220613,TSLA,232.22999572753903,215.73666381835935,0,0.018181818185111,0.0181818181844093,0.0181818181842862,0.1835795523621131,0.0181821354941787,0.0181818181848623,0.0181831793085807,0.0181818181849293,0.0181818181841616,0.2527824475054335,0.418181776221934,-0.2003,-0.2003,-0.2003
220.88999938964844,220.88999938964844,97988700,20220614,TSLA,215.73666381835935,220.88999938964844,1,0.1571587106095729,0.019048023720775544,0.052381747784979595,0.05608499446153598,0.1438948239382306,0.06668807244400997,0.17864390986531112,0.01904780879734659,0.18671135004514305,0.04682548584540955,0.07351507248768457,-0.5267,0.6486,0.11283333333333331
233.0,233.0,119131800,20220615,TSLA,220.88999938964844,233.0,1,0.025433199556114124,0.0649675845264049,0.045309320215940446,0.025433286366172734,0.15506181781557415,0.06246975201448822,0.23306875440506739,0.025433703698724257,0.06247031832164213,0.12214188456067326,0.17821037851919797,-0.5652,0.8834,0.11289999999999997
213.1000061035156,213.1000061035156,107390700,20220616,TSLA,233.0,213.1000061035156,0,0.10132573637418908,0.03882807809939917,0.12215879963990828,0.12005945363755653,0.03882600788456943,0.1638234531916683,0.12789043561512095,0.0388257575776524,0.08727627492689105,0.03882652465528805,0.12215947839775643,-0.2732,0.8016,0.278575
216.75999450683597,216.75999450683597,92641800,20220617,TSLA,213.1000061035156,216.75999450683597,1,0.0180557889684065,0.018055555557353133,0.018055824676971064,0.018055567422380434,0.018055555557786932,0.2582600408112296,0.12916530553880226,0.018055555557713602,0.3140237941872233,0.018056140954789635,0.17216087076734313,0.0,0.5499,0.18330000000000002
237.0366668701172,237.0366668701172,122793000,20220621,TSLA,216.75999450683597,237.0366668701172,1,0.015152871256459,0.0151529628115249,0.0151515151542236,0.3484845555699886,0.1818161467592456,0.3484773828012389,0.015153042608954,0.0151515151549311,0.0151536321227754,0.0151547161654097,0.0151516595952486,-0.1761,-0.1761,-0.1761
233.0666656494141,233.0666656494141,84581100,20220705,TSLA,227.26333618164065,233.0666656494141,1,0.10791243246687143,0.06717173392765935,0.048653279466902635,0.0671734952385395,0.15050349612336955,0.08569020217148207,0.07087516783426395,0.052357503221740376,0.05235690754746663,0.23013399709308827,0.06717178490861579,-0.6378,0.9458,0.20417777777777776
231.73333740234372,231.73333740234372,71853600,20220706,TSLA,233.0666656494141,231.73333740234372,0,0.14747252841510122,0.022476061141658066,0.022476613268040582,0.022475295411235385,0.022474747476529864,0.28358282190719386,0.0224759627812626,0.10580714069785556,0.16414142239387303,0.064142423820796,0.12247498268645333,-0.3182,0.636,0.1990333333333333
244.5433349609375,244.5433349609375,81930600,20220707,TSLA,231.73333740234372,244.5433349609375,1,0.09485171235531448,0.13422170318440924,0.05891585062781188,0.05223482440564044,0.043571363390041556,0.2059352750923354,0.06763602893139514,0.075620991207436,0.18883795669525194,0.017929183140816908,0.060245110969546496,-0.685,0.8356,0.07283846153846155
250.76333618164065,250.76333618164065,101854200,20220708,TSLA,244.5433349609375,250.76333618164065,1,0.15276274933205797,0.09970241005684452,0.06512744401314338,0.17235107628429566,0.019430888860695737,0.0194309340956157,0.06473407753145469,0.1422768150052558,0.11253635917708338,0.08609743278270582,0.06554981286084684,-0.7717,0.8807,0.015959999999999995
234.3433380126953,234.3433380126953,99241200,20220711,TSLA,250.76333618164065,234.3433380126953,0,0.0861360928128351,0.055029059193235884,0.03381445194039568,0.10122353629210082,0.06752023142961655,0.09180885156577054,0.033211513349175735,0.13273029566356645,0.14502973484604917,0.01503034969373892,0.2384658832135146,-0.5859,0.5994,0.26664000000000004
233.07000732421875,233.07000732421875,87930900,20220712,TSLA,234.3433380126953,233.07000732421875,0,0.05833140917969881,0.12960136577732814,0.07593184496723251,0.1465279710382899,0.12581701724090266,0.02342838073386045,0.02920029120071189,0.06655722937470135,0.17642419268032236,0.10257227211960296,0.06560802568734843,-0.7579,0.7906,0.15167999999999998
237.0399932861328,237.0399932861328,97954500,20220713,TSLA,233.07000732421875,237.0399932861328,1,0.020292854827943477,0.020292207794941276,0.12486852734813145,0.020292946537781173,0.0202933889597158,0.0202943526298127,0.18695573003308671,0.13554078359619742,0.24739263900871006,0.08279220747810842,0.12098436178557095,0.0,0.75,0.543975
238.31333923339844,238.31333923339844,78557400,20220714,TSLA,237.0399932861328,238.31333923339844,1,0.0126262783589116,0.0126262626296088,0.12653156897079845,0.17928923692862533,0.0126262626304125,0.01262680151902645,0.287609346797041,0.06818423186166805,0.262626667055202,0.0126263433470719,0.0126269999016337,0.0,0.6369,0.31845
240.0666656494141,240.0666656494141,69683100,20220715,TSLA,238.31333923339844,240.0666656494141,1,0.0523320147090978,0.08788407585850402,0.055832793162010744,0.16298147010170527,0.03356807180316642,0.030191799584104853,0.053150263862944046,0.03253803529033233,0.3352082121508216,0.030191520999633573,0.12612174247767885,-0.78,0.8107,0.18079230769230767
240.54666137695312,240.54666137695312,82537500,20220718,TSLA,240.0666656494141,240.54666137695312,1,0.01927169274558181,0.038786292066034844,0.14154300883068385,0.0554101744499432,0.0414935708603795,0.17114738963887882,0.01927186788440021,0.06802580387503432,0.2000489087378665,0.08215559684424346,0.1628456940669529,-0.25,0.6665,0.30504444444444445
245.52999877929688,245.52999877929688,80890200,20220719,TSLA,240.54666137695312,245.52999877929688,1,0.012482158162965001,0.0124822451544218,0.1093189100395966,0.28556309987327283,0.01248238021267155,0.1694572280904532,0.15803817145781762,0.0124819981911826,0.012484076947286225,0.0124824186217735,0.20272731324855867,0.0,0.5707,0.216675
271.7066650390625,271.7066650390625,142032300,20220721,TSLA,247.5,271.7066650390625,1,0.022728008136557332,0.022727648099783736,0.2026006786019231,0.1060608805670233,0.022727391277137837,0.27272779807821274,0.022727272730638667,0.02272807772651547,0.17618376823510426,0.022728453666121733,0.10606002288098126,-0.2168,0.8074,0.3871
272.24334716796875,272.24334716796875,103472700,20220722,TSLA,271.7066650390625,272.24334716796875,1,0.14718635919909487,0.016234216252635065,0.0162340643403633,0.11438952513705264,0.0162338392742476,0.09956643488186684,0.016234516038879068,0.0162338397381751,0.5252183265074039,0.016234112097957668,0.0162347665323235,0.4939,0.6369,0.5807333333333333
268.4333190917969,268.4333190917969,64073400,20220725,TSLA,272.24334716796875,268.4333190917969,0,0.03848304779193677,0.03535949238534995,0.07461805559665555,0.07247000311400635,0.13086819102273667,0.11273504414220158,0.10580343372792031,0.13317486081997648,0.01737775056594299,0.2145262956256581,0.06458382520761484,-0.8389,0.7717,-0.0028846153846153744
258.8599853515625,258.8599853515625,66820800,20220726,TSLA,268.4333190917969,258.8599853515625,0,0.0151515151542145,0.015152737342197,0.0151530168541932,0.1818152857459717,0.0151515151541519,0.1818182749616991,0.181818241304004,0.0151529745224465,0.0151515151534345,0.1818174587623469,0.1818174650453403,-0.7579,-0.7579,-0.7579
274.82000732421875,274.82000732421875,88110000,20220727,TSLA,258.8599853515625,274.82000732421875,1,0.01717277058094915,0.01717189014703908,0.01717191306105835,0.060484509862601316,0.017172353790759685,0.13972068012412378,0.0171717355965466,0.15050520927369815,0.017171717204124585,0.47107890003024094,0.07517832032885784,-0.3595,0.7768,0.12258333333333334
280.8999938964844,280.8999938964844,84723000,20220728,TSLA,274.82000732421875,280.8999938964844,1,0.0227275252922115,0.0227272727312808,0.0227272727310887,0.2727265345572915,0.5227269704598074,0.0227277527617174,0.0227272727316201,0.0227274937313018,0.0227272727308938,0.0227272727311718,0.0227273595416147,0.4019,0.4019,0.4019
297.1499938964844,297.1499938964844,95313000,20220729,TSLA,280.8999938964844,297.1499938964844,1,0.032829639163999134,0.19949427066293401,0.0328282828290397,0.11616141139712076,0.0328289616592319,0.0328282828292166,0.19949379792390098,0.032828282829236936,0.2550501397461115,0.0328282828290562,0.03282864813015173,0.0,0.7843,0.47176666666666667
297.27667236328125,297.27667236328125,117042900,20220801,TSLA,297.1499938964844,297.27667236328125,1,0.0121218760069157,0.0121214361295684,0.053956289367971796,0.01212121212219085,0.012121529779596,0.106286702611685,0.0121214340828882,0.2036814116627424,0.01212137034042025,0.3899332325133156,0.1734135053827053,-0.4939,0.8268,0.16645
300.586669921875,300.586669921875,95577600,20220802,TSLA,297.27667236328125,300.586669921875,1,0.0303030303034255,0.0303030303033413,0.0303030303033264,0.0303040177229407,0.0303030303034163,0.3636353795789265,0.0303030303033677,0.0303030303034036,0.3636363602712031,0.0303030303033329,0.0303030303033154,0.7684,0.7684,0.7684
308.6333312988281,308.6333312988281,72256200,20220804,TSLA,307.39666748046875,308.6333312988281,1,0.0155845166095592,0.4155795220719161,0.15844114213516325,0.015585209976254951,0.30129872549484765,0.01558441558697575,0.015588376345060651,0.01558441558703115,0.01558470746254145,0.015584415586535,0.01558455314411425,-0.2081,0.0,-0.10405
288.1700134277344,288.1700134277344,113172900,20220805,TSLA,308.6333312988281,288.1700134277344,0,0.024242424249967448,0.19090910126272437,0.02424242424807675,0.1909071109045022,0.02424242424979265,0.0242424242493988,0.0242441082239396,0.2347609834932239,0.21372159388785725,0.02424439385894315,0.0242430113715734,0.0,0.6705,0.33525
290.42333984375,290.42333984375,98994000,20220808,TSLA,288.1700134277344,290.42333984375,1,0.6969540291033745,0.0303030303051594,0.0303030303050576,0.0303142705809269,0.0303030303056723,0.0303030303055316,0.0303074578736537,0.0303030303055861,0.030303030304954,0.0303030303051015,0.0303030303049818,0.8381,0.8381,0.8381
283.3333435058594,283.3333435058594,86244600,20220809,TSLA,290.42333984375,283.3333435058594,0,0.02045480682288205,0.02045454545575555,0.02045943685865145,0.31881099224857445,0.0204545454560471,0.0204575497827976,0.3954474092891361,0.020454545455998,0.12209635498365724,0.02045454545572275,0.020455268190777247,0.0,0.0,0.0
294.3566589355469,294.3566589355469,94918800,20220810,TSLA,283.3333435058594,294.3566589355469,1,0.05919373501746504,0.03358806975978954,0.0134717015215855,0.01347183459903038,0.08013819973239,0.08260012351763378,0.10425728350007876,0.0316530035529827,0.33316819821878463,0.02984035979646324,0.21861749078379597,-0.34,0.6124,0.11128
286.6300048828125,286.6300048828125,70155000,20220811,TSLA,294.3566589355469,286.6300048828125,0,0.0246212882316242,0.08712121403677206,0.21212085823491833,0.02462257982314775,0.09601821916347156,0.024621212123325773,0.11989140485375968,0.02462132735753705,0.2121210355083774,0.14961939504711877,0.0246214656199469,-0.6114,0.4215,-0.132475
300.0299987792969,300.0299987792969,79657200,20220812,TSLA,286.6300048828125,300.0299987792969,1,0.2181815414235257,0.2181817143150422,0.0181818181834847,0.0181839679403553,0.0181818181839898,0.418173639192629,0.0181818181837164,0.0181818181839197,0.0181860277166803,0.018182880620468,0.0181829560561883,0.4926,0.4926,0.4926
309.32000732421875,309.32000732421875,89359200,20220815,TSLA,300.0299987792969,309.32000732421875,1,0.015151664338029,0.0151515151529615,0.3587372506640826,0.5048977218651857,0.0151515151533099,0.0151515151532145,0.0151527137136132,0.0151515151532514,0.0151515585005887,0.0151515151529224,0.0151515151528409,0.8268,0.8268,0.8268
306.5633239746094,306.5633239746094,88136400,20220816,TSLA,309.32000732421875,306.5633239746094,0,0.02273029312221605,0.022728138153690798,0.022727272729862302,0.02272752829062455,0.02272745862192875,0.02272727273046705,0.7727229454312594,0.02272727273053695,0.02272727272972965,0.0227272727299183,0.02272727272976575,0.0,0.8748,0.4374
303.9966735839844,303.9966735839844,68766000,20220817,TSLA,306.5633239746094,303.9966735839844,0,0.03463211881016229,0.1489176723286672,0.03463207748798004,0.17663168684323766,0.05844161539707203,0.06320377480017533,0.05844179185833344,0.03463209259968396,0.10606085416211596,0.13548890234190458,0.14891741337066705,-0.4215,0.5417,-0.05494285714285715
302.8699951171875,302.8699951171875,47500500,20220818,TSLA,303.9966735839844,302.8699951171875,0,0.020292990611794477,0.02029316983090095,0.3321116300061082,0.0202942212305467,0.020292245383468126,0.14172116665016712,0.08279219369376647,0.10362553986205285,0.0560064824921394,0.10362557114994392,0.09894478908911129,-0.296,0.6113,0.132425
296.6666564941406,296.6666564941406,61395300,20220819,TSLA,302.8699951171875,296.6666564941406,0,0.04671867717706957,0.02763225851644988,0.016216339053620066,0.02486854541642228,0.016217979735643134,0.13099223766480136,0.17489022405981589,0.03704932598347795,0.30925443977861145,0.12732562298857644,0.08883434962551157,-0.1027,0.6114,0.22821666666666665
289.913330078125,289.913330078125,55843200,20220822,TSLA,296.6666564941406,289.913330078125,0,0.2794122433125701,0.06632188000456699,0.01944452095969776,0.0949296350624254,0.04166652264489836,0.20394521921490855,0.13318001449654032,0.01944450079176606,0.0496432948401359,0.01944458401075014,0.07256758466173999,0.0,0.9595,0.4202199999999999
296.4533386230469,296.4533386230469,63984900,20220823,TSLA,289.913330078125,296.4533386230469,1,0.1904040114899359,0.0237394973497793,0.02373830489110983,0.023738181598340468,0.023737850156213502,0.13484847556622684,0.3348473428985615,0.10707073388941744,0.023737536357316468,0.09040061267755907,0.023737453125539137,-0.2732,0.5106,0.06223333333333334
297.0966796875,297.0966796875,57259800,20220824,TSLA,296.4533386230469,297.0966796875,1,0.021885689257315034,0.07574877719782402,0.0914623282670045,0.021886114688835234,0.06071905795521237,0.021885714966788334,0.32267761623833163,0.021885838099134265,0.18855232707313982,0.02188613934794813,0.15141039690846622,-0.6682,0.711,0.01426666666666665
296.07000732421875,296.07000732421875,53230000,20220825,TSLA,297.0966796875,296.07000732421875,0,0.14393939648306237,0.0189393939415248,0.01893953907912265,0.018939914259202648,0.1439398798444933,0.0189397863600069,0.43560301715805166,0.01894002458046095,0.018940371185722,0.14393883888972978,0.0189398382186227,0.0,0.0,0.0
288.0899963378906,288.0899963378906,57163900,20220826,TSLA,296.07000732421875,288.0899963378906,0,0.10274179999995313,0.14678043926278775,0.03428051684463625,0.1624084063678154,0.05213753003648802,0.2409725977352135,0.01642330905877835,0.016423691008314235,0.052137915979107934,0.06344635316607646,0.11224744054082841,-0.7003,0.7845,-0.08499999999999999
284.82000732421875,284.82000732421875,41864700,20220829,TSLA,288.0899963378906,284.82000732421875,0,0.08205382272633185,0.01062612108756815,0.01062632411165455,0.09024252071868764,0.01062624744467035,0.010625737899438,0.4473014297127377,0.12987398736584815,0.18677135939086195,0.01062659831236135,0.01062585122984,0.1901,0.7506,0.47035000000000005
277.70001220703125,277.70001220703125,50541800,20220830,TSLA,284.82000732421875,277.70001220703125,0,0.14411144308086676,0.0191115702501218,0.090629337482498,0.0578911617538412,0.01911164250318305,0.26009369327992055,0.27010410179277905,0.01911157025056065,0.08161164239915063,0.01911162687422815,0.01911221033284985,0.0,0.7003,0.327925
275.6099853515625,275.6099853515625,52107300,20220831,TSLA,277.70001220703125,275.6099853515625,0,0.0151517215638249,0.0151515151516856,0.0151517531324473,0.0151515151516739,0.0151515151517267,0.0151515151517154,0.0151531999529251,0.0151515151517197,0.8484823138657467,0.0151519205748629,0.0151515151516714,0.0,0.0,0.0
274.4200134277344,274.4200134277344,55860000,20220906,TSLA,270.2099914550781,274.4200134277344,1,0.0228528396284102,0.051047085259377845,0.06714370511240919,0.12554138707695991,0.0704698139052379,0.06736905385791099,0.14245527380128048,0.10807318613155258,0.05142200795925701,0.12118953329324168,0.17243611397436173,-0.886,0.5719,-0.06095714285714286
283.70001220703125,283.70001220703125,50028900,20220907,TSLA,274.4200134277344,283.70001220703125,1,0.3147660070604307,0.11477106073407915,0.1254540403253971,0.14936737343500886,0.0147734573845229,0.01477279591471355,0.014773656709405399,0.014772727275299598,0.0147733662741568,0.014772727274812502,0.20700278761217294,-0.1531,0.4215,0.13419999999999999
289.260009765625,289.260009765625,53713100,20220908,TSLA,283.70001220703125,289.260009765625,1,0.14110613390308357,0.061062085772372085,0.06400464542288978,0.09641234864831541,0.07028577581017899,0.06169379902652838,0.15063896501000784,0.05131097904959769,0.028335242777751856,0.04637145335398886,0.22877857122528508,-0.8074,0.9413,0.25991875
299.67999267578125,299.67999267578125,54338100,20220909,TSLA,289.260009765625,299.67999267578125,1,0.07022242271990374,0.1520205070684003,0.11715176410117534,0.1185684044546098,0.12424170781375653,0.027020583901447886,0.06868691791556504,0.11035353535235624,0.027020406473320834,0.1576924459101528,0.027021304289311068,-0.4215,0.1779,-0.08186666666666666
304.4200134277344,304.4200134277344,48674600,20220912,TSLA,299.67999267578125,304.4200134277344,1,0.11670208365122856,0.10337075299614061,0.1559609319891281,0.0200371814824419,0.020037140798767786,0.06765578190469045,0.12529960722009095,0.09022993616385003,0.055751226550498925,0.08079648546715157,0.16415887177601066,-0.7351,0.4926,0.00844285714285714
292.1300048828125,292.1300048828125,68229600,20220913,TSLA,304.4200134277344,292.1300048828125,0,0.027272727275957198,0.027273233502314375,0.02727348336980625,0.027273838451718525,0.11060626509004243,0.027272974702722524,0.0272730190340157,0.2272719011992335,0.11060628415917849,0.27726989382884204,0.11060637938616852,0.0,0.4939,0.352875
302.6099853515625,302.6099853515625,72628700,20220914,TSLA,292.1300048828125,302.6099853515625,1,0.27651545330137567,0.026515151517908897,0.0265160236508723,0.02651515151771995,0.0265151515185734,0.15151420531886775,0.026515184293012903,0.0265170427365956,0.026515151517643852,0.026516360864042098,0.3598451237633872,0.0,0.34,0.17
303.75,303.75,64795500,20220915,TSLA,302.6099853515625,303.75,1,0.0181818181844182,0.0181818181838647,0.218181883625087,0.4181816849332787,0.0181818181843581,0.0181818181842226,0.2181818859693241,0.0181818181842748,0.0181818181836674,0.0181818181838093,0.0181818181836945,0.4215,0.4215,0.4215
303.3500061035156,303.3500061035156,87087800,20220916,TSLA,303.75,303.3500061035156,0,0.0129879568686904,0.0129876666890712,0.0129870129886175,0.0129878509311692,0.0129870129891041,0.012987012988993,0.0129870129888411,0.0129870129890368,0.2323669351342452,0.0129888505910474,0.6507456748411836,0.7351,0.7351,0.7351
309.07000732421875,309.07000732421875,60231200,20220919,TSLA,303.3500061035156,309.07000732421875,1,0.09451481178142641,0.08907268486687957,0.03771282533514953,0.08907160064242799,0.03856795656840864,0.20717394304263193,0.1456211804474362,0.10119311377724344,0.08710777841657581,0.08149725442101051,0.028466850700809544,-0.4404,0.4404,0.05541818181818181
308.7300109863281,308.7300109863281,61642800,20220920,TSLA,309.07000732421875,308.7300109863281,0,0.01262652816515155,0.0126262626275147,0.5641640360803776,0.17929383285858563,0.07219613974285125,0.012626504420916701,0.0959610363506142,0.01262627988674845,0.0126264741046731,0.01262641920268805,0.0126264865598782,0.0,0.6705,0.33525
300.79998779296875,300.79998779296875,62555700,20220921,TSLA,308.7300109863281,300.79998779296875,0,0.09104695441908023,0.09635506728886287,0.029586087186021914,0.03555935540562021,0.1319503348192018,0.10478347855621722,0.13869374165377743,0.06273520204406574,0.17137701183268444,0.022706468273697086,0.11520629852077059,-0.7333,0.9074,0.17378666666666664
288.5899963378906,288.5899963378906,70545400,20220922,TSLA,300.79998779296875,288.5899963378906,0,0.14194721321075368,0.060029056653572034,0.25980710794022316,0.012409812411605034,0.012409999290952331,0.1348848995373585,0.1066485910460807,0.012410203977781366,0.0124107513558577,0.012409894165258098,0.2346324704105568,0.0,0.5106,0.32313333333333333
275.3299865722656,275.3299865722656,63748400,20220923,TSLA,288.5899963378906,275.3299865722656,0,0.024242922919724103,0.024242605310168197,0.0242424268182992,0.02424247861223695,0.0242424394540636,0.7575741286917257,0.0242430859805093,0.0242424242433458,0.024242424243117802,0.024242530366832403,0.024242533359976448,-0.5106,0.1779,-0.16635000000000003
282.94000244140625,282.94000244140625,61925200,20220927,TSLA,276.010009765625,282.94000244140625,1,0.13922398219726093,0.026979210970832546,0.07459809752063817,0.026979133159795186,0.17663760644681284,0.11541388055334013,0.02697898303969997,0.04738752535244977,0.3118428302903514,0.026979589425030544,0.02697916104378803,0.0,0.7798,0.2164142857142857
287.8099975585937,287.8099975585937,54664800,20220928,TSLA,282.94000244140625,287.8099975585937,1,0.0845993015317622,0.054725868622213396,0.04917020727556845,0.14733820753068963,0.0269480519504411,0.14204439328786986,0.026948383072676465,0.04282096280088153,0.09495906308434764,0.08079192361436142,0.24965363722918793,-0.2003,0.4588,0.12232222222222222
268.2099914550781,268.2099914550781,77620600,20220929,TSLA,287.8099975585937,268.2099914550781,0,0.06666612764643473,0.11249179710967157,0.18355242511007613,0.022851232383047388,0.14666002331921976,0.16688129494982126,0.10448421978795848,0.022851135771878372,0.07643449406603678,0.022851113926082228,0.07427613592977286,0.0,0.6249,0.2028285714285714
265.25,265.25,67726600,20220930,TSLA,268.2099914550781,265.25,0,0.02121226050137723,0.021212303342668836,0.021213040957698368,0.5378742829787948,0.021212256576654067,0.0212121212165417,0.1045476466907535,0.021212121216637233,0.021213609296764597,0.0212122273013014,0.1878781299208079,0.0,0.8221,0.48633333333333334
242.3999938964844,242.3999938964844,98363500,20221003,TSLA,265.25,242.3999938964844,0,0.09299620493663917,0.2914289299709257,0.06304965115309627,0.12998483663820842,0.05186227618742366,0.14087407104444571,0.023924920043477578,0.05132972553669497,0.023924493244809362,0.10195799336037817,0.028666897883900515,-0.9081,0.7906,-0.010070000000000004
249.44000244140625,249.44000244140625,109578500,20221004,TSLA,242.3999938964844,249.44000244140625,1,0.02020202020333285,0.0202046622844648,0.020202020203004198,0.02020202020298255,0.0202020202033024,0.18686964090705466,0.29797640008103243,0.1868687136688313,0.020202020202953752,0.18686846184007325,0.02020202020296715,0.296,0.8651,0.58055
240.80999755859372,240.80999755859372,86982700,20221005,TSLA,249.44000244140625,240.80999755859372,0,0.0102277458624497,0.27375639093003434,0.01022741762660825,0.1841951893956626,0.01022730523806225,0.01022887938613615,0.01022727272881095,0.01022730390293915,0.4602272727261266,0.010227382164183601,0.010227840038986101,0.0,0.1531,0.07655
238.1300048828125,238.1300048828125,69298400,20221006,TSLA,240.80999755859372,238.1300048828125,0,0.05571999881604204,0.15917408941078465,0.04783038092958432,0.14923616520862343,0.05661023766600085,0.09454573268648203,0.07901629961443683,0.05276296221829923,0.12447017634413404,0.0680686336290768,0.11256532347653533,-0.7311,0.802,0.23360714285714287
223.07000732421875,223.07000732421875,83916800,20221007,TSLA,238.1300048828125,223.07000732421875,0,0.02978719767650051,0.07407852522677741,0.031220492029068365,0.11566178679439695,0.04074540796250724,0.266942723051413,0.07118575571679782,0.04630013725906335,0.1003319417984095,0.14966736203500186,0.07407867045006353,-0.7269,0.6369,-0.042888888888888886
222.9600067138672,222.9600067138672,67925000,20221010,TSLA,223.07000732421875,222.9600067138672,0,0.0151517121497635,0.0151520861440884,0.0151515837265832,0.0151536822400827,0.0151582387214629,0.015151515159301,0.8484750761616402,0.0151515151594736,0.0151515602220479,0.0151515151579657,0.0151515151575904,0.6249,0.6249,0.6249
216.5,216.5,77013200,20221011,TSLA,222.9600067138672,216.5,0,0.09545464859949702,0.09545504928356005,0.03295466183119935,0.15795355697228072,0.03295488429977765,0.18155286900712242,0.08435470093026508,0.03295484245820895,0.032954774902932124,0.22045522729145559,0.03295478442370067,-0.296,0.0,-0.16747499999999998
217.2400054931641,217.2400054931641,66860700,20221012,TSLA,216.5,217.2400054931641,1,0.0251088033693461,0.05288600719834702,0.025108225110398844,0.025108825398074613,0.0528856158207033,0.09918141198223555,0.025109035859765143,0.05017986003873857,0.48119226115599517,0.13813172895607728,0.025108225110317912,0.0,0.7003,0.11316666666666667
221.72000122070312,221.72000122070312,91483000,20221013,TSLA,217.2400054931641,221.72000122070312,1,0.2111494628727045,0.05227325784050726,0.07968010753975023,0.06893949475611372,0.01893972180776534,0.20819852401890193,0.0600617720948168,0.11893916745355312,0.0189396871595553,0.01894073534590206,0.1439380691104293,0.0,0.3818,0.16436
204.9900054931641,204.9900054931641,94124500,20221014,TSLA,221.72000122070312,204.9900054931641,0,0.017997421091559773,0.162141212896621,0.04358461331497439,0.10361582349773604,0.03883050449141087,0.30911062565313696,0.017997684768695024,0.12147961728518543,0.1492474063354306,0.017997702056083375,0.017997388609166137,-0.9349,0.5023,-0.05966249999999998
219.3500061035156,219.3500061035156,79428800,20221017,TSLA,204.9900054931641,219.3500061035156,1,0.022438947352346746,0.3523685509180354,0.06346453946969698,0.0224395614054086,0.07999605799754926,0.1754882930209956,0.030195647602254787,0.0608991351072402,0.051300996677523254,0.07281533664039738,0.0685929338085513,-0.9456,0.8335,-0.14186923076923078
220.19000244140625,220.19000244140625,75891900,20221018,TSLA,219.3500061035156,220.19000244140625,1,0.0151515151546138,0.0151526917569565,0.0151520131342379,0.0151518998264503,0.0151515151545413,0.6818130388125107,0.0151518968976966,0.015152758264629,0.181818151476421,0.0151515151538873,0.0151530043680551,0.4391,0.4391,0.4391
222.0399932861328,222.0399932861328,66571500,20221019,TSLA,220.19000244140625,222.0399932861328,1,0.020346927359379458,0.03630686722221364,0.02034724283942693,0.1493518308033662,0.05606055376474708,0.13567542378315808,0.21926659039785018,0.04415600208035653,0.12245906957484264,0.09783314289191138,0.09819634928274741,-0.2942,0.6124,0.06131428571428571
207.27999877929688,207.27999877929688,117798100,20221020,TSLA,222.0399932861328,207.27999877929688,0,0.03810089180607016,0.1454351574053278,0.017693047094696986,0.09061367075269601,0.0785276547687256,0.16484215360884494,0.017693109575100143,0.1194150406350483,0.11000391868308212,0.09756591137281075,0.1201094442975967,-0.9509,0.5707,-0.08535714285714284
214.44000244140625,214.44000244140625,75713800,20221021,TSLA,207.27999877929688,214.44000244140625,1,0.051175068059943575,0.14091549855488186,0.12367467479363563,0.03835329167216809,0.0575843198398476,0.1667002585791132,0.138395280958003,0.03159660506773571,0.10502008157049175,0.1274621667354851,0.019122754168693946,-0.8555,0.7418,0.0716
211.25,211.25,100446800,20221024,TSLA,214.44000244140625,211.25,0,0.07618274516217777,0.1130038404845304,0.015717512475013785,0.12520562977955205,0.20540726863905281,0.14071541323252842,0.11544682017154256,0.04349506246899342,0.07089022129610552,0.07821753611053579,0.01571795017996702,-0.872,0.9001,-0.06985
222.4199981689453,222.4199981689453,96507900,20221025,TSLA,211.25,222.4199981689453,1,0.19151538479141503,0.20818266327792853,0.02484848485223268,0.07484794946648295,0.02484848485337004,0.07484845284134646,0.02484887337382946,0.0780895717326167,0.0748484870975261,0.19827316286115865,0.02484848485209288,0.0,0.6369,0.25236000000000003
224.63999938964844,224.63999938964844,85012500,20221026,TSLA,222.4199981689453,224.63999938964844,1,0.02104700521708216,0.11263501394043429,0.06104673795913462,0.021046859846332262,0.0210471358722839,0.09788814737409668,0.0543804376888915,0.021047201595001702,0.06420576898384563,0.4046091266856838,0.1210465648372131,-0.4659,0.6365,0.11449999999999998
225.08999633789065,225.08999633789065,61638800,20221027,TSLA,224.63999938964844,225.08999633789065,1,0.0227272727293408,0.0227276015515153,0.0227272727288227,0.0227272727287892,0.022727272729293,0.5027250613771028,0.0227272727290386,0.0227274225344962,0.0227279124723961,0.2927283656904402,0.0227272727287647,0.0,0.0,0.0
228.5200042724609,228.5200042724609,69152400,20221028,TSLA,225.08999633789065,228.5200042724609,1,0.0382877270133672,0.017453531137555652,0.017453493517432084,0.11742517351745814,0.017453379955165636,0.09249941732822053,0.017453379954940385,0.017453475450923434,0.22958597712890114,0.3716195097134574,0.0633149352825779,-0.4404,0.6369,0.09156666666666669
227.5399932861328,227.5399932861328,61554300,20221031,TSLA,228.5200042724609,227.5399932861328,0,0.10209221825493657,0.08875338252212941,0.08780663435066112,0.0163787682105365,0.1592357250223792,0.016378330376198257,0.04494931526080687,0.040188257068633944,0.14336202072251997,0.25954661371448984,0.041308734496707925,-0.5255,0.9227,0.27375714285714287
227.82000732421875,227.82000732421875,62688800,20221101,TSLA,227.5399932861328,227.82000732421875,1,0.015544853770410734,0.06641249893791056,0.07992436209833884,0.06326607778894329,0.10015909804917927,0.033726432268355776,0.09537008772470194,0.0678161701550641,0.20255729278212406,0.23069938205160082,0.044523744373370096,-0.7506,0.8225,-0.056072727272727274
214.97999572753903,214.97999572753903,63070300,20221102,TSLA,227.82000732421875,214.97999572753903,0,0.036098163309487494,0.04542893805592455,0.05098603861551832,0.03609847021982719,0.12439969901913886,0.1360980906114053,0.12145174388790808,0.027093364677701726,0.017916617250009464,0.38651263513422246,0.017916239218856173,-0.7906,0.784,0.03262727272727273
215.30999755859372,215.30999755859372,56538800,20221103,TSLA,214.97999572753903,215.30999755859372,1,0.2072497503421427,0.1576969856308864,0.019752397063166123,0.05546599740156537,0.019751350098311624,0.09117880725190385,0.22213175550753173,0.019751208514595674,0.01975144825601845,0.16751867176422133,0.019751628169656324,0.0,0.6763,0.41142500000000004
207.47000122070312,207.47000122070312,98622200,20221104,TSLA,215.30999755859372,207.47000122070312,0,0.019805490061800064,0.11752463877542484,0.11597047439150106,0.05105614143148826,0.060283516998531676,0.019805245135980674,0.037662808436891654,0.19640865549136716,0.10172539495140535,0.25995233234472953,0.0198053019808793,-0.6793,0.8689,0.0522375
197.0800018310547,197.0800018310547,93916500,20221107,TSLA,207.47000122070312,197.0800018310547,0,0.044995002258466976,0.07154625445294858,0.04625955656634091,0.25483160986620457,0.07430481795079671,0.048320664027393774,0.042070815592766306,0.10972900577722515,0.0274872209032312,0.2514896857971231,0.02896536680750228,-0.7263,0.7964,0.091475
191.3000030517578,191.3000030517578,128803400,20221108,TSLA,197.0800018310547,191.3000030517578,0,0.13016390020969243,0.2102272346509735,0.022727281812570974,0.21022699379517215,0.022727457776149474,0.08522727531661035,0.0227286076797572,0.06494845986915355,0.022727272728271575,0.18556824343336242,0.022727272728285848,-0.7184,0.4576,-0.060300000000000006
177.58999633789062,177.58999633789062,127062700,20221109,TSLA,191.3000030517578,177.58999633789062,0,0.02152794128369075,0.021528115048894975,0.2703391204409633,0.02152876013999934,0.042361123311599976,0.11527660068821073,0.021529313534856136,0.0720693868821145,0.05277791945116054,0.339533912506521,0.021527806711988264,-0.4389,0.8233,0.121875
190.72000122070312,190.72000122070312,132703000,20221110,TSLA,177.58999633789062,190.72000122070312,1,0.1177489808141906,0.01774934349255334,0.01774905213754452,0.10859127785396694,0.18582711748123992,0.0177489177503871,0.01775004728060892,0.08441572578870636,0.01774913864257184,0.3969213528226792,0.01774904593555084,-0.2342,0.4753,0.06876
195.97000122070312,195.97000122070312,114403600,20221111,TSLA,190.72000122070312,195.97000122070312,1,0.06136383173644442,0.0889388159652644,0.12727261820525887,0.04227294080509958,0.04727277088697551,0.0822727983420001,0.022272773656644408,0.15505253829030813,0.05727327405408006,0.2687350559975746,0.0472725820603495,-0.8217,0.4404,0.06272000000000001
190.9499969482422,190.9499969482422,92226600,20221114,TSLA,195.97000122070312,190.9499969482422,0,0.022475007469484633,0.04166649652712148,0.022474797508638678,0.022474857140102097,0.07803020454845584,0.2083864128031419,0.1335858278706944,0.0657427173797404,0.0780303076377396,0.2907693606390709,0.03636401047580975,-0.6808,0.9001,-0.06704444444444443
194.4199981689453,194.4199981689453,91293800,20221115,TSLA,190.9499969482422,194.4199981689453,1,0.04323753346215111,0.19204041847975803,0.03739962600849047,0.06701108597776592,0.04247371152892537,0.19711062550097194,0.13162460666412187,0.09961157959702939,0.04035214993775061,0.1087434529766416,0.04039520986639313,-0.6222,0.6705,-0.060399999999999995
186.9199981689453,186.9199981689453,66567600,20221116,TSLA,194.4199981689453,186.9199981689453,0,0.02424256429037436,0.02424242424362882,0.02424277528234568,0.07424238718398968,0.09090917144884317,0.02424242424383958,0.09090845198596004,0.09090912635420326,0.12424271799174566,0.30757542120130354,0.12424253577376573,0.0,0.2263,0.11602000000000001
183.1699981689453,183.1699981689453,64336000,20221117,TSLA,186.9199981689453,183.1699981689453,0,0.12602349843976135,0.020357591901755966,0.14535737101364607,0.07844159865683976,0.1036911802480593,0.020358084014613965,0.020357477056544965,0.12285520474186162,0.15514104756246447,0.17413825339751274,0.03327869296693925,-0.6486,0.6187,0.018966666666666677
180.19000244140625,180.19000244140625,76048900,20221118,TSLA,183.1699981689453,180.19000244140625,0,0.21308230041834522,0.10845180630625068,0.022348548731246653,0.02234919763645263,0.0848483333370771,0.0334598057592661,0.022348604894934187,0.0223486735951797,0.09873684692129552,0.34967731159795007,0.022348570802001783,-0.4017,0.7096,0.19216666666666668
167.8699951171875,167.8699951171875,92882700,20221121,TSLA,180.19000244140625,167.8699951171875,0,0.042120878462982576,0.07754799310702329,0.04758306775302009,0.2673026449296334,0.0732781848470663,0.10869378057731799,0.09679476136595078,0.07536080589455921,0.04758303711933009,0.09758307721806962,0.06615176872504619,-0.7783,0.9476,0.11123999999999999
169.91000366210938,169.91000366210938,78452300,20221122,TSLA,167.8699951171875,169.91000366210938,1,0.09160281279799758,0.12747674331638448,0.016603973011059175,0.04160332432946304,0.050343037907692074,0.016603611193150913,0.09671622988736851,0.16872389613791083,0.016603535354888913,0.3362859072701878,0.037436928793896235,-0.7964,0.4404,0.022287499999999995
183.1999969482422,183.1999969482422,109536700,20221123,TSLA,169.91000366210938,183.1999969482422,1,0.07678523709197625,0.17107654577342404,0.036815265941374284,0.029452160807191242,0.15457422970196993,0.025018891398084504,0.1256865079226388,0.09071005034727207,0.03390766241556988,0.23074317278637785,0.02523027581412068,-0.6597,0.7096,0.144212
182.8600006103516,182.8600006103516,50672700,20221125,TSLA,183.1999969482422,182.8600006103516,0,0.06252210513996236,0.1331772754568122,0.06050623147394729,0.050502416314324505,0.02907976421408631,0.03735806003739784,0.05991272187722622,0.04761892484154023,0.01883954012295589,0.4633243672934145,0.0371585932283322,-0.7845,0.6239,-0.22465
182.9199981689453,182.9199981689453,92905200,20221128,TSLA,182.8600006103516,182.9199981689453,1,0.08152377530196388,0.12102584261168878,0.051928633790913864,0.10677374220197984,0.07970609488608515,0.03803892531906055,0.08885154266777862,0.0382596122180255,0.03526147014500705,0.32279777220298794,0.03583258865450837,-0.9381,0.5267,-0.06234444444444444
180.8300018310547,180.8300018310547,83357100,20221129,TSLA,182.9199981689453,180.8300018310547,0,0.033402097283599774,0.29035102129147755,0.07918064984116319,0.05767162332821187,0.11667768939890133,0.10931393500642027,0.01668146788306881,0.11058858952669937,0.05933983058385136,0.11011282649499585,0.01668026936161025,-0.5267,0.9325,0.2636625
194.6999969482422,194.6999969482422,109186400,20221130,TSLA,180.8300018310547,194.6999969482422,1,0.06714016191684868,0.12159169121655748,0.12429830935023825,0.017140640790435712,0.03296808319836883,0.08718902119667579,0.01714092316909441,0.07963963135239611,0.18172316082744724,0.25402812799949187,0.017140248982445188,-0.9412,0.7346,0.07729999999999998
194.6999969482422,194.6999969482422,80046200,20221201,TSLA,194.6999969482422,194.6999969482422,0,0.07875352414243354,0.02738198677369248,0.1155612243894671,0.04499311178128711,0.07326780457634448,0.18913665695016393,0.046538975665761526,0.017177569923234787,0.01717741210722388,0.29091410493143455,0.09909762875895614,-0.6187,0.8316,0.2516428571428571
194.8600006103516,194.8600006103516,73645900,20221202,TSLA,194.6999969482422,194.8600006103516,1,0.06604999146409751,0.18507868452438336,0.07944003687667853,0.035394221835233566,0.0544417224921326,0.03142557399050267,0.07936675310083083,0.04094909051081278,0.029044512903067907,0.26689417479439037,0.1319152375078694,-0.7506,0.8268,0.09693333333333332
182.4499969482422,182.4499969482422,93122700,20221205,TSLA,194.8600006103516,182.4499969482422,0,0.10052839164001885,0.07046570592829214,0.049037201895850854,0.10716369183666574,0.0570683704162781,0.140465400550927,0.04546565691776702,0.02046547987805063,0.0917050287984878,0.15090975804182036,0.16672531409584102,-0.465,0.5057,0.04791
179.82000732421875,179.82000732421875,92150800,20221206,TSLA,182.4499969482422,179.82000732421875,0,0.20002624938326752,0.06108176477822654,0.017316801660152724,0.08874436483966078,0.1006473662461759,0.01731619763428435,0.16917580011790853,0.01731768440641825,0.01731714880365905,0.29374053823284085,0.017316083897405077,-0.2244,0.2023,-0.031199999999999995
174.0399932861328,174.0399932861328,84213300,20221207,TSLA,179.82000732421875,174.0399932861328,0,0.0129870129882425,0.0129870129879804,0.012988871779437,0.0129941948081917,0.0129870129882135,0.0129870129881495,0.0129905280811934,0.0129870129881742,0.7373689075678391,0.0129870129879541,0.1457354198346241,0.4404,0.4404,0.4404
173.44000244140625,173.44000244140625,97624500,20221208,TSLA,174.0399932861328,173.44000244140625,0,0.05374195436892648,0.13036150798972757,0.01637162117917761,0.23275996974103283,0.016370621755567256,0.22042152759937678,0.0567687597973089,0.02871590983977519,0.10279038039461343,0.06983838922871341,0.0718593581057801,-0.4482,0.8519,0.03251111111111111
179.0500030517578,179.0500030517578,104872300,20221209,TSLA,173.44000244140625,179.0500030517578,1,0.05736745597418803,0.10946759038454294,0.11757351515369435,0.05836585973416679,0.08123700307843819,0.04330970384130432,0.08724147060433872,0.046597495900339854,0.02211110423209641,0.31582652468034667,0.060902276416543305,-0.7177,0.9735,0.12358461538461539
167.82000732421875,167.82000732421875,109794500,20221212,TSLA,179.0500030517578,167.82000732421875,0,0.12170741608605841,0.3127225032449985,0.015684976203153768,0.1008702184361579,0.07944822879069285,0.0364191521606766,0.061981255710587296,0.09441994468473978,0.0379069426716519,0.10093255104197811,0.037906810969304386,-0.8998,0.0516,-0.4269
160.9499969482422,160.9499969482422,175862700,20221213,TSLA,167.82000732421875,160.9499969482422,0,0.08003841051213115,0.2773613966489254,0.08850215440300237,0.03357212582983824,0.10213014208958143,0.08161937257654765,0.03528829128687976,0.10996012206027994,0.06515071325603018,0.0945229096947686,0.03185436164201481,-0.6467,0.6486,0.010324999999999999
156.8000030517578,156.8000030517578,140682300,20221214,TSLA,160.9499969482422,156.8000030517578,0,0.04666666139650332,0.0966675962290318,0.13666596803193534,0.08666619622492429,0.09499995287220867,0.041666774009310445,0.09613985385032735,0.1716673529413663,0.02166714591019428,0.0883333855096359,0.1188591130245619,-0.296,0.8674,0.14140999999999998
157.6699981689453,157.6699981689453,122334500,20221215,TSLA,156.8000030517578,157.6699981689453,1,0.03144128985055542,0.05278047136959313,0.1394092003455552,0.07848899718858415,0.15194502443711078,0.0758872817802117,0.10305533130820554,0.015887691778268712,0.14877365760810762,0.10522749297734893,0.09710356135645838,-0.6369,0.5859,-0.07334
150.22999572753906,150.22999572753906,139032200,20221216,TSLA,157.6699981689453,150.22999572753906,0,0.06831136251041962,0.11622585350895973,0.11531315186474159,0.04420396181981543,0.03550801619703379,0.09498356131302389,0.12385773406676766,0.10336749369021354,0.07137679529696712,0.16960598914958327,0.057246080582473866,-0.7964,0.9117,0.08154347826086956
149.8699951171875,149.8699951171875,139390600,20221219,TSLA,150.22999572753906,149.8699951171875,0,0.01944444444649246,0.0194451237524042,0.13611072708293478,0.20443501449175114,0.06944445688150311,0.08888893147361412,0.04556454838923506,0.0194452789481777,0.019444504787097538,0.3083325483949719,0.06944442135181751,0.0,0.6666,0.23687999999999998
137.8000030517578,137.8000030517578,159563300,20221220,TSLA,149.8699951171875,137.8000030517578,0,0.07658172611531688,0.09837133380515817,0.07092902268279615,0.11010273823754561,0.0486006376643563,0.06539753058801245,0.0805930785880421,0.1157567873203321,0.01882874082932551,0.19797011354484167,0.11686829062427255,-0.765,0.8122,0.19287058823529413
137.57000732421875,137.57000732421875,145417400,20221221,TSLA,137.8000030517578,137.57000732421875,0,0.041949396134509154,0.2253315808697454,0.07280338454935091,0.18500380647079737,0.06278311051929787,0.09320707653997012,0.10444891486366016,0.03302098361614087,0.039682872240817735,0.05985620153553622,0.08191267266017377,-0.5994,0.904,0.16414166666666666
125.3499984741211,125.3499984741211,210090300,20221222,TSLA,137.57000732421875,125.3499984741211,0,0.0697111904012306,0.23417751697026706,0.03755845147759167,0.1666707278685437,0.02804181590672409,0.018913084227933863,0.018912605619982537,0.01891414692445831,0.018912472988715512,0.2664443273668217,0.12174366024773056,-0.7713,0.7351,0.1526875
123.1500015258789,123.1500015258789,166989700,20221223,TSLA,125.3499984741211,123.1500015258789,0,0.06129986951006938,0.052040786264908316,0.07673219976214313,0.024264372811281,0.07981792912565884,0.02426289466959101,0.22796506965871957,0.10919430880731364,0.02426311262988879,0.2958965847354916,0.024262872024934323,0.0,0.9201,0.3118444444444444
109.0999984741211,109.0999984741211,208643400,20221227,TSLA,123.1500015258789,109.0999984741211,0,0.20643291483418283,0.015963314369739624,0.073929336645776,0.06082368497344382,0.015963430253141325,0.07824616303197188,0.0873917358421305,0.279714677470291,0.015963382198705876,0.11389378314921203,0.0516775772314046,0.3595,0.8126,0.63495
112.70999908447266,112.70999908447266,221070500,20221228,TSLA,109.0999984741211,112.70999908447266,1,0.021130076811231826,0.12864832832614387,0.10015506630826801,0.06091139096240385,0.08779728450050246,0.1418710740683995,0.04335237497721366,0.11311352541023031,0.10429769808841877,0.14226604942092252,0.056457131126264756,-0.636,0.8513,0.1485
121.81999969482422,121.81999969482422,221923300,20221229,TSLA,112.70999908447266,121.81999969482422,1,0.0318181818230078,0.03181825149981915,0.031818181821798394,0.0318181818217201,0.2818181817917491,0.03181919176365645,0.25716809517353245,0.03181826349886795,0.0318181818216143,0.2064668866226152,0.03181840236161875,0.0,0.2023,0.10115
123.18000030517578,123.18000030517578,157777300,20221230,TSLA,121.81999969482422,123.18000030517578,1,0.04418111107896366,0.11539562860384565,0.09390085411560872,0.03575931503173583,0.1469574726634189,0.09432834509946628,0.11848052915831914,0.056084471488959294,0.10719929888622806,0.1673421735277508,0.020370800345703162,-0.7783,0.8934,0.1590952380952381
108.0999984741211,108.0999984741211,231402800,20230103,TSLA,123.18000030517578,108.0999984741211,0,0.023268825050207755,0.0232688537858306,0.09469661316234432,0.023269225758330316,0.023268979098770185,0.1542208703018784,0.07088683666861206,0.10660165915716871,0.1958873602886476,0.26136237845749805,0.0232683982707115,-0.7717,0.3612,-0.0036142857142857205
113.63999938964844,113.63999938964844,180389000,20230104,TSLA,108.0999984741211,113.63999938964844,1,0.030304154033359,0.0303030303036043,0.0303030303035769,0.0303104385833781,0.0303030303037427,0.030303030303705,0.6969611649542199,0.0303030303037194,0.030303030303549,0.0303030303035888,0.0303030303035564,0.4199,0.4199,0.4199
110.33999633789062,110.33999633789062,157986300,20230105,TSLA,113.63999938964844,110.33999633789062,0,0.08665585346747483,0.03777252908831981,0.0377716401049017,0.09602769779959101,0.13300565644318366,0.05562926907584712,0.03777149249997106,0.0377708922280482,0.10919837766205505,0.33062520711529647,0.03777138451531067,-0.8625,0.7964,0.009000000000000008
113.05999755859376,113.05999755859376,220911100,20230106,TSLA,110.33999633789062,113.05999755859376,1,0.0227272727295326,0.5227251487790541,0.0227272727289665,0.0227272727289297,0.0227294062471552,0.0227272727293632,0.0227272727292026,0.2727272631410068,0.0227272727288811,0.0227272727290038,0.0227272727289039,-0.3182,-0.3182,-0.3182
119.7699966430664,119.7699966430664,190284000,20230109,TSLA,113.05999755859376,119.7699966430664,1,0.0218621159946914,0.021861477694796433,0.11074966749047623,0.02186208386438712,0.1266231379573504,0.0551947434629547,0.129845648909839,0.0774164223952723,0.1329730768550357,0.20832175136726838,0.09328987400792782,0.2144,0.8176,0.4892
118.8499984741211,118.8499984741211,167642500,20230110,TSLA,119.7699966430664,118.8499984741211,0,0.1485857510587193,0.01525252525383162,0.015252525253769139,0.0152525518844425,0.01525268658205218,0.0619100793727945,0.052344061694220435,0.015252525254093341,0.6303921720544156,0.015252525253796282,0.01525259633786466,0.0,0.8625,0.29238
123.22000122070312,123.22000122070312,183810800,20230111,TSLA,118.8499984741211,123.22000122070312,1,0.0215368340073822,0.0215369654567838,0.050372068843023345,0.2679648068260131,0.02153709510659228,0.0215367965386608,0.1548701542940146,0.02153689790760204,0.07153689915568168,0.20486980763239532,0.14270167423185037,0.0,0.802,0.42172
123.55999755859376,123.55999755859376,169400900,20230112,TSLA,123.22000122070312,123.55999755859376,1,0.08124090474613496,0.05959185515238232,0.01792501620536905,0.05245803757034614,0.1255724416619413,0.1496897461042035,0.05505914101071849,0.11294087779467875,0.22454026109943276,0.09055675655510038,0.0304249620996919,-0.4574,0.2815,-0.041125
122.4000015258789,122.4000015258789,180714100,20230113,TSLA,123.55999755859376,122.4000015258789,0,0.11804680594756332,0.014556520289393733,0.13888595291258718,0.014556580075323752,0.0145564065802942,0.03539006585240367,0.22455741948045338,0.01455629161114455,0.01455641874325275,0.18112402787198997,0.22921351063559312,-0.3818,0.4389,0.1253
131.49000549316406,131.49000549316406,186477000,20230117,TSLA,122.4000015258789,131.49000549316406,1,0.018372968292866738,0.3262774759976943,0.0561155740255167,0.036572127517408654,0.030137667305718697,0.02938268038238993,0.07572056732433412,0.02560735280298557,0.055992592827933306,0.26820395507741895,0.07761703844573253,-0.784,0.8658,0.23040588235294118
128.77999877929688,128.77999877929688,195680300,20230118,TSLA,131.49000549316406,128.77999877929688,0,0.08111188921428597,0.10710876308620525,0.12835241265888425,0.17105316853297778,0.08700470633821841,0.02033971201255769,0.02034055001362223,0.14367245952415325,0.02033914524308382,0.20033796873746995,0.02033922463854087,-0.34,0.7615,0.21004
127.16999816894533,127.16999816894533,170291900,20230119,TSLA,128.77999877929688,127.16999816894533,0,0.06783780955405737,0.12942675844688903,0.23750041419198584,0.08678287145128895,0.08637901187742343,0.0314553536269166,0.07825286987028118,0.06554593463629092,0.09054521136265899,0.08861355890403817,0.03766020607816906,-0.7026,0.7489,0.13170833333333332
133.4199981689453,133.4199981689453,138858100,20230120,TSLA,127.16999816894533,133.4199981689453,1,0.07469595787799305,0.13461057675994556,0.09161206358922074,0.04548304540707108,0.028875418456837824,0.028182157352913358,0.09399888298718415,0.05446825451056881,0.028595508585759027,0.306178075367741,0.11330005910476491,-0.8481,0.8516,0.3396166666666667
143.75,143.75,203119200,20230123,TSLA,133.4199981689453,143.75,1,0.0181818181887945,0.0181818181873082,0.0181818181870455,0.0181818181869318,0.6181694593405488,0.0181818181882696,0.2181809116286002,0.0181818181884085,0.0181820798679258,0.0181948218493151,0.0181818181868515,0.867,0.867,0.867
143.88999938964844,143.88999938964844,158699100,20230124,TSLA,143.75,143.88999938964844,1,0.06107093093951003,0.236614981759189,0.06784608084456066,0.13882294226594613,0.08833905384425973,0.03454445949906081,0.09172611748290582,0.06175541120968925,0.19100724141576067,0.014136356697897586,0.014136424041219814,-0.6486,0.6597,0.07624285714285714
144.42999267578125,144.42999267578125,192734300,20230125,TSLA,143.88999938964844,144.42999267578125,1,0.019836892247204824,0.10317074160097608,0.06507038495424963,0.0533304082968088,0.06306193442238775,0.06273186020140929,0.29811823421675215,0.12974554450849773,0.019836946380578823,0.12359331139722216,0.06150374177391232,-0.4588,0.1655,-0.09257499999999999
160.27000427246094,160.27000427246094,234815100,20230126,TSLA,144.42999267578125,160.27000427246094,1,0.1159373587130103,0.10285531060447899,0.07048563509691617,0.18491740019988734,0.035146701408278386,0.06535404665747917,0.05077184467351529,0.09451938936422317,0.09764646848326979,0.1445203891601281,0.03784545563881288,-0.34,0.8622,0.3354625
177.89999389648438,177.89999389648438,306590600,20230127,TSLA,160.27000427246094,177.89999389648438,1,0.028379460887109156,0.1394912693930911,0.11171233555113974,0.0283791141175905,0.12361668529254866,0.056156782700635594,0.05615697586571052,0.06541640092262109,0.0283790283807821,0.27656821774789003,0.08574372914088108,-0.3612,0.4019,-0.03052222222222223
166.66000366210938,166.66000366210938,230878800,20230130,TSLA,177.89999389648438,166.66000366210938,0,0.06287962434600038,0.11287931564378804,0.029546621188689653,0.1545449777774576,0.029546259855961616,0.16843125111931992,0.02954611977412895,0.1684338635682816,0.029545547606683948,0.18510096457237604,0.029545454547311768,-0.9398,0.0,-0.15663333333333332
173.22000122070312,173.22000122070312,196813500,20230131,TSLA,166.66000366210938,173.22000122070312,1,0.01996074671200409,0.07214898994497738,0.04496120622724512,0.06408275137421848,0.07654219130149499,0.16940511302503883,0.19532119846595195,0.01996065179857748,0.09496069749853343,0.01996048138543089,0.22269597226652688,-0.7717,0.4767,0.12351999999999999
181.41000366210935,181.41000366210935,213806300,20230201,TSLA,173.22000122070312,181.41000366210935,1,0.018939690586720584,0.10361819064320114,0.01893939394155555,0.018939393941507798,0.018940260870445983,0.10227170648494854,0.22870044134744957,0.06060606821149022,0.0189399573690501,0.3911641231660912,0.018940773437538836,0.0,0.7424,0.2738
188.2700042724609,188.2700042724609,217448300,20230202,TSLA,181.41000366210935,188.2700042724609,1,0.10682788733535283,0.1346261720752485,0.040500337761090445,0.09086825350401538,0.018278146459822824,0.12023272556036169,0.12316408267001977,0.059018962401496226,0.15420174357212185,0.12474402131698167,0.02753766734348838,-0.041,0.9184,0.20103333333333331
189.97999572753903,189.97999572753903,232662000,20230203,TSLA,188.2700042724609,189.97999572753903,1,0.04591260871060126,0.20447631950169853,0.11396092313785232,0.04729355449135604,0.01872296909252227,0.046350733132949275,0.13123661883592316,0.054437851977249804,0.01872354530952463,0.2563603260345929,0.06252454977572931,-0.3612,0.9401,0.29009999999999997
194.75999450683597,194.75999450683597,186188100,20230206,TSLA,189.97999572753903,194.75999450683597,1,0.1818181744249542,0.0151536780880983,0.3982262080827043,0.0151520679940669,0.0151515151535078,0.0151515151534012,0.0151515151532569,0.2987407804909776,0.0151515151529658,0.0151515151530799,0.0151515151529865,-0.8316,-0.8316,-0.8316
196.80999755859372,196.80999755859372,186010300,20230207,TSLA,194.75999450683597,196.80999755859372,1,0.11874261847940211,0.07200184381686778,0.153513143693696,0.1512258783155415,0.06779990563100242,0.0984256981490219,0.053514282459807896,0.1377883990999296,0.06853142160815032,0.059227932269949365,0.01922887647663066,-0.6369,0.802,0.0986
201.2899932861328,201.2899932861328,180673600,20230208,TSLA,196.80999755859372,201.2899932861328,1,0.12151929876003371,0.09750534686757771,0.0161044203566829,0.08509697284022898,0.0161039610599816,0.22417033038673334,0.01610586153813176,0.01610429654018344,0.08704184734094486,0.11327234538466631,0.2069753189248349,-0.1779,0.6778,0.22736
207.32000732421875,207.32000732421875,215431400,20230209,TSLA,201.2899932861328,207.32000732421875,1,0.06325703646807279,0.06325778137623321,0.021591294925277636,0.021592034986416226,0.10492377440279745,0.021591038780829512,0.0215916181336785,0.04610725899908063,0.4132561687108205,0.10124207378735381,0.12158991942943925,-0.4631,0.6597,-0.07487500000000002
196.88999938964844,196.88999938964844,204754100,20230210,TSLA,207.32000732421875,196.88999938964844,0,0.025883838386294464,0.1092174236762849,0.0258840643807039,0.10154100013503616,0.13772654408334659,0.025883838386110417,0.19254916255342944,0.08143956324030961,0.19255047938239048,0.08144022242617717,0.025883863349916502,0.0,0.4588,0.32001666666666667
194.63999938964844,194.63999938964844,172475500,20230213,TSLA,196.88999938964844,194.63999938964844,0,0.06923893962082052,0.04936320323685886,0.043598259048740824,0.20414753069599842,0.04744447355993432,0.051218500919398974,0.14133344767486555,0.09231633688882043,0.04744426930847518,0.17073646359768288,0.08315857544840363,-0.7574,0.8442,0.2740769230769231
209.25,209.25,216455700,20230214,TSLA,194.63999938964844,209.25,1,0.026431972025619387,0.11902253752835448,0.06346814165523405,0.026431082774670246,0.06346772085465495,0.1097643813681463,0.15976402532384243,0.026431117752023888,0.14196360837479602,0.17457944603258926,0.08867596631006862,-0.6908,0.4588,-0.04398888888888889
214.2400054931641,214.2400054931641,181006400,20230215,TSLA,209.25,214.2400054931641,1,0.1229805801438338,0.2337274359166948,0.2424240278528825,0.02575808488565798,0.025757575759751183,0.025757892036020386,0.025757575759477434,0.02575927848650922,0.08131183251465993,0.053898366979574064,0.13686734966493816,0.0,0.836,0.3042333333333333
202.0399932861328,202.0399932861328,229586500,20230216,TSLA,214.2400054931641,202.0399932861328,0,0.023525579560077833,0.08197950952249121,0.07908088791372035,0.0235255089542221,0.0545103626969991,0.023525216423174546,0.08278297601071093,0.09689017281430139,0.11880923851265204,0.20136891460247816,0.21400163298917185,-0.5574,0.7351,0.15752222222222223
208.30999755859372,208.30999755859372,213738500,20230217,TSLA,202.0399932861328,208.30999755859372,1,0.09356854284386436,0.12493665817730307,0.07828455350584791,0.048137223688880015,0.04049481607850236,0.019751022524396176,0.0740370849046586,0.10916398656053446,0.05175042283702805,0.3401249757404214,0.019750713138563157,-0.4355,0.8907,0.25076
197.3699951171875,197.3699951171875,180018600,20230221,TSLA,208.30999755859372,197.3699951171875,0,0.06191968071355187,0.1314652857909557,0.0896975098227569,0.06701664000053857,0.12636295737211117,0.08414149063413791,0.10394215869077252,0.028586671573975462,0.08636371900387223,0.1474738819407621,0.07303000445656503,-0.69,0.836,0.21550666666666668
200.8600006103516,200.8600006103516,191828500,20230222,TSLA,197.3699951171875,200.8600006103516,1,0.08410644176294949,0.10791641623976887,0.10791606036917557,0.06029687041032432,0.11643074712243391,0.10791527774845977,0.036487414819630415,0.17423023501047938,0.03648736547217534,0.08410661187702462,0.084106559167578,-0.6833,0.5562,-0.04174285714285714
202.07000732421875,202.07000732421875,146360000,20230223,TSLA,200.8600006103516,202.07000732421875,1,0.039201034662264586,0.19628592994516394,0.08411465317022683,0.08421487737555018,0.10142454569487125,0.05236895037609979,0.13750161913759174,0.024591284110035888,0.10792449790283012,0.05518936692725957,0.11718324069810568,-0.7717,0.8625,0.04540000000000001
196.8800048828125,196.8800048828125,142228100,20230224,TSLA,202.07000732421875,196.8800048828125,0,0.0247499202709415,0.18387527697223627,0.024748636982529458,0.07772732315961708,0.024748087424986742,0.12176716887046837,0.024747521151033118,0.02474754551675242,0.024747474749585822,0.35202809534206914,0.11611294955977958,-0.8858,0.0,-0.35204
207.6300048828125,207.6300048828125,161028300,20230227,TSLA,196.8800048828125,207.6300048828125,1,0.04958677685982605,0.0495867768597575,0.0495867768597454,0.049586776859740146,0.0495867768598186,0.23140492803801474,0.049586776859779,0.0495867768598083,0.3223140802240231,0.04958677685975065,0.04958677685973635,0.0,0.7463,0.37315
205.7100067138672,205.7100067138672,153144900,20230228,TSLA,207.6300048828125,205.7100067138672,0,0.03597136641336873,0.17007016845503767,0.06373130804083588,0.033523733655525294,0.05382908914069862,0.17827641740713682,0.05620543556173936,0.04707698369282459,0.2005000977501028,0.04868772799502643,0.11212767188770337,-0.5434,0.7574,0.065775
202.7700042724609,202.7700042724609,156852800,20230301,TSLA,205.7100067138672,202.7700042724609,0,0.19934589145892606,0.0209032116684258,0.056618766140151496,0.020903295728026985,0.12294468612521821,0.02090301359657243,0.17090247718458115,0.020903357067405228,0.07234842891718636,0.1518546771789386,0.14237219493456718,-0.296,0.7908,0.10971428571428572
190.8999938964844,190.8999938964844,181500700,20230302,TSLA,202.7700042724609,190.8999938964844,0,0.020058140038891985,0.07399940889948632,0.04765570562908535,0.020057869780703945,0.1152935094537116,0.020058013933996786,0.06767693601524162,0.03615717106787113,0.36291501910940516,0.21606998913299977,0.020058236938605943,-0.5574,0.3968,-0.022942857142857147
197.7899932861328,197.7899932861328,154193300,20230303,TSLA,190.8999938964844,197.7899932861328,1,0.0170454803768311,0.01704545454682185,0.01704545454675675,0.14204546478253904,0.0170456719068146,0.0170471845811054,0.017045975582420998,0.0170455637875044,0.704542631070219,0.0170456336463739,0.017045485172612347,0.0,0.0,0.0
193.80999755859372,193.80999755859372,128100100,20230306,TSLA,197.7899932861328,193.80999755859372,0,0.12995271817761658,0.07000915322042604,0.05959301898795068,0.03280831379680059,0.041736288096716465,0.02387909709586413,0.12776299993878928,0.11741737855289165,0.03738739788183125,0.30804815281336884,0.05140548143774406,-0.1779,0.7964,0.23599285714285714
187.7100067138672,187.7100067138672,148125800,20230307,TSLA,193.80999755859372,187.7100067138672,0,0.2007062554118043,0.06722649789760783,0.10115583020904248,0.06336199112298924,0.12425044091461032,0.023324971000762234,0.0696209390999134,0.09090296303741897,0.07147242751896825,0.1404035357566663,0.047574148030216236,-0.8024,0.5849,-0.039238888888888886
182.0,182.0,151897800,20230308,TSLA,187.7100067138672,182.0,0,0.08008728512097535,0.08652766388105199,0.024531555063968483,0.024531668509249333,0.13563995207522736,0.024531788314201514,0.10141496734882537,0.2602741449031676,0.02453130551213795,0.213398320839963,0.024531348431231583,-0.1027,0.4753,0.17628333333333335
172.9199981689453,172.9199981689453,170023800,20230309,TSLA,182.0,172.9199981689453,0,0.12593090178946484,0.12664141694996786,0.022474878546712436,0.046570826397390123,0.11367244158019299,0.10516567829072972,0.02247499051893905,0.11413385591351151,0.13358624589637494,0.11622479089738877,0.07312397321932723,-0.765,0.7345,0.02913750000000001
173.44000244140625,173.44000244140625,191488900,20230310,TSLA,172.9199981689453,173.44000244140625,1,0.1443603404952092,0.015488513428123768,0.015488215492464832,0.05252568056591933,0.015488319528586736,0.05252504157547777,0.13846809138339186,0.0863454511162496,0.052525286328854504,0.41129684459341603,0.0154882154923058,-0.9381,0.0,-0.5867333333333334
174.47999572753906,174.47999572753906,167790300,20230313,TSLA,173.44000244140625,174.47999572753906,1,0.0151516566180397,0.0151515151520305,0.0151528820699905,0.0151518166902718,0.0151515151521548,0.0151515151521206,0.0151518779648243,0.0151516634709992,0.0151515151519809,0.0151515151520167,0.8484825274255705,0.2732,0.2732,0.2732
183.25999450683597,183.25999450683597,143717900,20230314,TSLA,174.47999572753906,183.25999450683597,1,0.14427612964426995,0.12390579750387357,0.11649944800642606,0.16038089370641734,0.02390592077826979,0.12816903505962063,0.04612805550282822,0.07020263090621537,0.023905825761072388,0.04612814468492918,0.116498118446077,0.0,0.8575,0.4606222222222222
180.4499969482422,180.4499969482422,145995600,20230315,TSLA,183.25999450683597,180.4499969482422,0,0.05782352082171939,0.07101639777323461,0.12925129354381606,0.07165129450350685,0.10034702907181824,0.09353743197919909,0.0221092187237667,0.0490899974638448,0.21598642293868917,0.16707795800198072,0.022109435178423984,-0.296,0.743,0.11019999999999998
184.1300048828125,184.1300048828125,121136800,20230316,TSLA,180.4499969482422,184.1300048828125,1,0.07113929867075952,0.13210987467743684,0.11831008387476978,0.08425867612628744,0.11292641294374087,0.06361559545715817,0.08181559140498765,0.10841963471364452,0.03435546799550337,0.1666303057084973,0.026419058427214055,-0.886,0.6808,-0.059555555555555556
180.1300048828125,180.1300048828125,133197100,20230317,TSLA,184.1300048828125,180.1300048828125,0,0.16773168048920195,0.07278228946472337,0.05973987860269117,0.018074149892695533,0.018073743642540118,0.01807371214067965,0.1711578071627096,0.1291842592951195,0.01807396574893815,0.2689566032791682,0.05815191028153227,-0.7579,0.7803,0.021416666666666657
183.25,183.25,129684400,20230320,TSLA,180.1300048828125,183.25,1,0.02026516440817365,0.020265661352267275,0.051515220331136674,0.10359873366517029,0.16747047811537913,0.07367160669719741,0.14526486383354656,0.051515246766458134,0.14915002422483759,0.1970175946344454,0.02026540597138744,-0.3612,0.4215,0.03985
197.5800018310547,197.5800018310547,153391400,20230321,TSLA,183.25,197.5800018310547,1,0.019480541392809234,0.35281191548740803,0.019481956569807866,0.1305875252736727,0.07503639520627287,0.0194807235595894,0.0670994802149918,0.019481259931569565,0.019481964056106832,0.25757708762057147,0.01948115068719977,-0.34,-0.2263,-0.2798333333333333
191.1499938964844,191.1499938964844,150376400,20230322,TSLA,197.5800018310547,191.1499938964844,0,0.030743952145867958,0.09394531713540677,0.11287445459118377,0.24752015607299688,0.03074386930943434,0.14024791892539284,0.030744044486407402,0.030743859844983602,0.06710759551048652,0.051251677986081136,0.1640771539917584,-0.2732,0.0,-0.13488
192.22000122070312,192.22000122070312,144193900,20230323,TSLA,191.1499938964844,192.22000122070312,1,0.0313145824218528,0.03131320470181693,0.2979743832812611,0.1424242499007838,0.0313131313173365,0.031315057997502865,0.1979771833223328,0.0313131313171994,0.14242522190179727,0.031316205601604634,0.0313136482365115,0.0,0.4926,0.2846
190.41000366210935,190.41000366210935,116312400,20230324,TSLA,192.22000122070312,190.41000366210935,0,0.05345387003429922,0.26819205841064764,0.10132536546818015,0.020557510370684116,0.020557558223511015,0.05193273631667233,0.06542976960206771,0.14826411383116933,0.08374410923230714,0.11228706347514403,0.07425584503531693,-0.7096,0.4767,-0.0696
191.80999755859372,191.80999755859372,120851600,20230327,TSLA,190.41000366210935,191.80999755859372,1,0.07424288123003199,0.16330828712843493,0.14540349465912009,0.045806589218089354,0.07840872403434629,0.12522137479817352,0.08322598075807121,0.0992419828616971,0.042576021478242826,0.11832190993522174,0.024242753898570554,-0.7351,0.5423,0.023575000000000006
189.19000244140625,189.19000244140625,98654600,20230328,TSLA,191.80999755859372,189.19000244140625,0,0.09184485769669787,0.16030190903283897,0.02030529960454894,0.053636087436528625,0.02030326444514802,0.02030344134200338,0.06876083429316242,0.20363688309299058,0.020303063674189138,0.2703011711899512,0.0703031881919404,-0.2411,0.6588,0.3558
193.8800048828125,193.8800048828125,123660000,20230329,TSLA,189.19000244140625,193.8800048828125,1,0.16505623027742605,0.22130587640174973,0.04643935104378852,0.0171413969591444,0.06595040522628279,0.04839015430985097,0.0171402997780521,0.0498351114719134,0.13172357721760908,0.15009794230071727,0.08691965501346521,-0.2204,0.8689,0.3318625
195.27999877929688,195.27999877929688,110252200,20230330,TSLA,193.8800048828125,195.27999877929688,1,0.0181818181838554,0.0181819160250376,0.0181818181833449,0.0181818181833118,0.0181818181838083,0.4181819231244,0.018181818183558,0.218181883800928,0.0181818181832671,0.2181815497652007,0.0181818181832877,0.8975,0.8975,0.8975
207.4600067138672,207.4600067138672,170222100,20230331,TSLA,195.27999877929688,207.4600067138672,1,0.04870505271695102,0.10370537162413862,0.0237052341619763,0.02370538678390255,0.17029905260426637,0.09645810989263437,0.054587126289301235,0.02370557389249638,0.02370538364409239,0.40771844608655083,0.02370526230368947,-0.5574,0.0,-0.14762
194.7700042724609,194.7700042724609,169545900,20230403,TSLA,207.4600067138672,194.7700042724609,0,0.12741641402063547,0.0202747985126502,0.21598514933230603,0.020274567147284185,0.020274576623266087,0.020275865034126345,0.08436130164856848,0.08907554878570279,0.05183495465032887,0.30800433260610055,0.04222249163903052,-0.4767,0.836,0.3041714285714286
192.5800018310547,192.5800018310547,126463800,20230404,TSLA,194.7700042724609,192.5800018310547,0,0.1332576999959071,0.08681240898313083,0.14410588687444678,0.09606725541266464,0.04792384587204024,0.046782178569233016,0.1223513632454206,0.0847591096972618,0.046697999354960766,0.10662909369984887,0.08461315829508491,-0.6369,0.9349,0.04795555555555556
185.5200042724609,185.5200042724609,133882500,20230405,TSLA,192.5800018310547,185.5200042724609,0,0.19739273439687155,0.0160004071049317,0.21599916967823451,0.015999278500611926,0.1271102588175222,0.01599935057151725,0.01599943358044115,0.055557611170905526,0.08358311808313967,0.24035935959523355,0.0159992785005905,-0.9804,0.4767,-0.125925
185.05999755859372,185.05999755859372,123857900,20230406,TSLA,185.5200042724609,185.05999755859372,0,0.09562629047486083,0.0880853474647034,0.0738000892154631,0.0238007209579251,0.0841892940335317,0.02380097913330386,0.25924466481854375,0.023800706293732113,0.13005059446114461,0.1738006023555578,0.023800710791233224,0.0,0.7902,0.2461125
184.50999450683597,184.50999450683597,142154600,20230410,TSLA,185.05999755859372,184.50999450683597,0,0.06005931216634785,0.12943385033283208,0.07874200231477964,0.044503991747138566,0.0816286063302177,0.07413847293710812,0.08881343903987382,0.13682146637327963,0.06672528681294795,0.17949551539226272,0.05963805655321147,-0.9153,0.6416,0.013223999999999993
186.7899932861328,186.7899932861328,115770900,20230411,TSLA,184.50999450683597,186.7899932861328,1,0.020013660077534686,0.020013864508558212,0.020012928790901163,0.020012777035248824,0.31934877428310393,0.04501301726510376,0.14316301575298976,0.051262904160649,0.1933898919436351,0.10126327566984854,0.06650589051242653,-0.8442,0.75,0.1722125
180.5399932861328,180.5399932861328,150256300,20230412,TSLA,186.7899932861328,180.5399932861328,0,0.07592402761096018,0.16849237003578132,0.11357577148805284,0.023726372067815818,0.09272774459343386,0.07757261215988673,0.0891301363780074,0.04936746396230319,0.10204905605697481,0.14194985181372485,0.06548459383305844,-0.3818,0.7958,0.1556076923076923
185.8999938964844,185.8999938964844,112933000,20230413,TSLA,180.5399932861328,185.8999938964844,1,0.06880729508000297,0.07805247453716813,0.1150764380580173,0.0454788961174442,0.1403336329516658,0.040768427041952646,0.0574473651949828,0.07426376964497136,0.03772972703322292,0.3112734334633299,0.03076854087724156,-0.7269,0.6808,0.04660999999999999
185.0,185.0,96438700,20230414,TSLA,185.8999938964844,185.0,0,0.09529542069750942,0.07362243079072543,0.04636349937420244,0.11570916206749164,0.0767211866627884,0.05172091167360972,0.09011298587386016,0.0735598487541956,0.10797096719612734,0.22521420649427,0.04370938041521934,-0.6969,0.9231,0.09302
187.0399932861328,187.0399932861328,116662200,20230417,TSLA,185.0,187.0399932861328,1,0.06091688830598148,0.13818199672302908,0.04111895607156595,0.05687821098021691,0.07446271600538515,0.04809639011078742,0.03784057974413867,0.04225299089395224,0.28958872418115567,0.17788203810023567,0.032780508883551315,-0.8074,0.802,0.0063307692307692336
184.30999755859372,184.30999755859372,92067000,20230418,TSLA,187.0399932861328,184.30999755859372,0,0.02338249015441323,0.15206682523089135,0.16623799740398001,0.023383080409752944,0.03386442768083897,0.023382247579028244,0.05223119192362052,0.15988609767116005,0.023382445318013558,0.23019835226708896,0.11198484436121177,-0.765,0.7574,-0.027271428571428582
180.58999633789065,180.58999633789065,125732700,20230419,TSLA,184.30999755859372,180.58999633789065,0,0.04109774530758334,0.037599468234987755,0.1413901086676429,0.09415006826500415,0.12098552290029148,0.21340964380078034,0.02007805072437382,0.020077460680622244,0.1639642252235043,0.12717037760005448,0.020077328595154632,-0.2263,0.8201,0.09463333333333335
162.99000549316406,162.99000549316406,210970800,20230420,TSLA,180.58999633789065,162.99000549316406,0,0.043391429071959954,0.0679197573674937,0.10112598082790251,0.2595925209973233,0.07989915653891841,0.03267859485630511,0.1573920607540195,0.0183914635411626,0.14420937174332477,0.04367537369097644,0.05172429061061322,0.0,0.784,0.28196000000000004
165.0800018310547,165.0800018310547,123539000,20230421,TSLA,162.99000549316406,165.0800018310547,1,0.03432231939132405,0.10098888447835079,0.04491464814400317,0.03432257145047134,0.14651047290215496,0.06527470288114388,0.1465901724972038,0.034322958350647595,0.2089792023341825,0.11781282838288669,0.06596123918763085,-0.3111,0.69,0.26221
162.5500030517578,162.5500030517578,140006600,20230424,TSLA,165.0800018310547,162.5500030517578,0,0.10909157081735824,0.021591512637073575,0.13409040516756773,0.06742402205784055,0.021590909093682588,0.0215911542019348,0.0948967854620978,0.12437189613382878,0.0632575805490403,0.3205030965721698,0.021591067307405388,-0.5994,0.7712,0.0747125
160.6699981689453,160.6699981689453,121999300,20230425,TSLA,162.5500030517578,160.6699981689453,0,0.09127378950227463,0.1861265724533975,0.03313545870979754,0.2333894537680674,0.049843039359219826,0.05082337427716968,0.0669000108606911,0.0870677378814246,0.04482323984661641,0.11652941108096875,0.04008791226037206,-0.9622,0.8625,0.09704210526315789
153.75,153.75,153364100,20230426,TSLA,160.6699981689453,153.75,0,0.01082308914668645,0.29412417419514214,0.010822521444962,0.01082258271015905,0.26082035461862996,0.01082269479495195,0.1774892467191271,0.0108230222324565,0.01082269324069925,0.1918064745539227,0.0108231463432623,-0.765,0.2732,-0.2459
160.19000244140625,160.19000244140625,127015200,20230427,TSLA,153.75,160.19000244140625,1,0.1776525262451951,0.08716059179439249,0.0548385762910119,0.09530814855148212,0.09207349426049488,0.0964009445090534,0.047790459381346045,0.16879316923702725,0.12140083152381911,0.0371797161743661,0.02140154203181105,-0.2023,0.9358,0.3955375
164.30999755859375,164.30999755859375,122515800,20230428,TSLA,160.19000244140625,164.30999755859375,1,0.08534615629894497,0.028694817613982022,0.01391788458028986,0.07049278191915394,0.06904491088201002,0.026418133456702592,0.05269790962664091,0.013917836382796001,0.3872456533778683,0.19726020706353367,0.054963708798077174,-0.5023,0.6705,0.07306
161.8300018310547,161.8300018310547,109015000,20230501,TSLA,164.30999755859375,161.8300018310547,0,0.033249354499135915,0.0332491582506321,0.03324915825056137,0.1443596161311616,0.03324915825098818,0.08880473923061338,0.03324958994034979,0.08880471366103537,0.32028619528562935,0.15824915824938368,0.03324915825050883,-0.4019,0.5707,0.028133333333333333
160.30999755859375,160.30999755859375,128259700,20230502,TSLA,161.8300018310547,160.30999755859375,0,0.03741344516220319,0.1962335653446967,0.09545874591520549,0.03229439349300918,0.10880853931054775,0.10578157850448071,0.03072296381257985,0.0122949298998325,0.11502422739184356,0.23652163329403258,0.029445977871567948,-0.7003,0.6734,-0.05263000000000001
160.61000061035156,160.61000061035156,119728000,20230503,TSLA,160.30999755859375,160.61000061035156,1,0.11666960122520717,0.08797942842029496,0.062121446392389215,0.14878954492885524,0.08863493680399294,0.09854616537394713,0.10567266266806453,0.020454692407809498,0.07774644176750284,0.093971792774642,0.09941328723729399,-0.431,0.4753,0.008862500000000002
161.1999969482422,161.1999969482422,95108500,20230504,TSLA,160.61000061035156,161.1999969482422,1,0.16103667301225685,0.07030510020633468,0.0226817679112759,0.05936268979801209,0.0321869261909986,0.2307885678053903,0.06236596241734883,0.022681666204563675,0.18771613300851253,0.08533612845305502,0.0655383849922511,-0.2212,0.9053,0.2315375
170.05999755859375,170.05999755859375,107607300,20230505,TSLA,161.1999969482422,170.05999755859375,1,0.01746055372571467,0.07301572526903631,0.11269881627853079,0.05912828302547583,0.12063469013718116,0.2793638233970204,0.017460865568309534,0.08412730412196838,0.017460500280452134,0.06904791316289523,0.14960152503341512,0.0,0.6249,0.3381
171.7899932861328,171.7899932861328,112249400,20230508,TSLA,170.05999755859375,171.7899932861328,1,0.0835758228593981,0.12444432137745419,0.1533831283489854,0.03635700187957319,0.03396386279323035,0.05888541557682165,0.12913570480840164,0.06278576025496255,0.029955888678860336,0.16708397820211845,0.12042911522019362,-0.5106,0.9168,0.3136
169.14999389648438,169.14999389648438,88965000,20230509,TSLA,171.7899932861328,169.14999389648438,0,0.14637347329683528,0.0971104535358142,0.10753363184023047,0.08244021250555561,0.048516635665354364,0.09348934034615358,0.10293712235105057,0.12221838954219576,0.042557524770370364,0.12884229671317413,0.027980919433265198,-0.8715,0.8172,0.13795
168.5399932861328,168.5399932861328,119840700,20230510,TSLA,169.14999389648438,168.5399932861328,0,0.029492131988728503,0.05372885326276193,0.01928793363189796,0.0836601464706459,0.13564211547578459,0.19813520231464624,0.08288760055659337,0.04444169563818867,0.16038702046115258,0.16284589261351926,0.029491407586080525,-0.7964,0.8555,0.23532857142857141
172.0800018310547,172.0800018310547,103889900,20230511,TSLA,168.5399932861328,172.0800018310547,1,0.07569332154305655,0.042184698929612206,0.07034385353170784,0.0256930715967413,0.02569264069652364,0.20225107667151782,0.060566066552092956,0.02569299427632607,0.11096363657408284,0.16036583514743374,0.20055280448090448,0.0,0.8016,0.4125
167.97999572753906,167.97999572753906,157849600,20230512,TSLA,172.0800018310547,167.97999572753906,0,0.09512996138933032,0.11206507398849996,0.030900808109785387,0.10845977772475908,0.14040367534719025,0.20501649646766404,0.06401551281791257,0.04318207401015068,0.06401510953158802,0.06798255983495517,0.06882895077816406,-0.128,0.7845,0.252125
166.35000610351562,166.35000610351562,105592500,20230515,TSLA,167.97999572753906,166.35000610351562,0,0.0181830378052383,0.0181820106966436,0.0181854737315686,0.0181818181826903,0.0181818181829799,0.818172675947274,0.0181836663868068,0.018181818182942,0.0181818181826641,0.0181840445185157,0.0181818181826763,0.6597,0.6597,0.6597
166.52000427246094,166.52000427246094,98288800,20230516,TSLA,166.35000610351562,166.52000427246094,1,0.019156117210743565,0.2679039951302041,0.08858901875263975,0.1876038413734863,0.09167976950955709,0.12499519939202484,0.04208528909498393,0.019156258388541292,0.019156130637090082,0.12051841378237062,0.019155966728357943,-0.7845,0.5106,0.0769909090909091
173.86000061035156,173.86000061035156,125473600,20230517,TSLA,166.52000427246094,173.86000061035156,1,0.05203867153591624,0.13940232341386824,0.14752899232348907,0.06510288256056888,0.09199136874594656,0.136348280600099,0.13866207690520338,0.055523520425832314,0.019074859977027594,0.03990793096608322,0.1144190925459651,-0.636,0.9246,0.235475
176.88999938964844,176.88999938964844,109520300,20230518,TSLA,173.86000061035156,176.88999938964844,1,0.09001981836328508,0.09344506132860107,0.15420628040945375,0.05631422536615769,0.050692195819275206,0.1188313191637432,0.05675303783305697,0.12060809286471695,0.14486656424480546,0.0673591793628867,0.046904225244017446,-0.6486,0.8074,0.16357272727272726
180.13999938964844,180.13999938964844,136196700,20230519,TSLA,176.88999938964844,180.13999938964844,1,0.024844934627679664,0.07375283586816617,0.0810642896575513,0.040229328773999984,0.10758149275727437,0.18886986071158934,0.0633387706136134,0.04022927935274269,0.25347704294221607,0.10176745523457133,0.02484470946059523,-0.7088,0.5574,-0.03703846153846154
188.8699951171875,188.8699951171875,132001400,20230522,TSLA,180.13999938964844,188.8699951171875,1,0.025455485991520123,0.0629827941655166,0.025454705695936004,0.15878775639239126,0.025454545457108242,0.07359682174141373,0.27064213438101065,0.02545454545702558,0.17212124854251315,0.09212299734692157,0.06792696482864255,-0.1779,0.7003,0.20958000000000002
185.7700042724609,185.7700042724609,156952100,20230523,TSLA,188.8699951171875,185.7700042724609,0,0.04501041583719426,0.19705553607293816,0.0801999267307312,0.09038911374273197,0.1341772560515934,0.16926858752984694,0.017700404367113325,0.017699928580520125,0.017699770069923664,0.18184892970070235,0.048950131316704046,-0.2732,0.784,0.4167625
182.8999938964844,182.8999938964844,137605100,20230524,TSLA,185.7700042724609,182.8999938964844,0,0.10379282419410761,0.0218726607778584,0.02187262040416675,0.06353885219804296,0.0552061552310834,0.10520605793017956,0.021873016613825697,0.2650549297848687,0.20490973191962014,0.11480008855005358,0.021873062396192664,0.0,0.4767,0.2768833333333333
184.47000122070312,184.47000122070312,96870700,20230525,TSLA,182.8999938964844,184.47000122070312,1,0.12822691296056182,0.09736292536830067,0.05106616293416941,0.11279501566858416,0.07884410197007641,0.09736283444913707,0.03563461246068289,0.07884303293400598,0.05106558044306681,0.2455100736623535,0.023288747149060866,-0.7345,0.6369,0.10835555555555557
193.1699981689453,193.1699981689453,162061500,20230526,TSLA,184.47000122070312,193.1699981689453,1,0.06853223686596727,0.015440360223541066,0.6496473490175178,0.015440571167750201,0.015440115441902866,0.0154402135526669,0.015440519753542034,0.015440308665755931,0.015440120810443566,0.06305980037069604,0.11067840413021597,0.0,0.6597,0.3499999999999999
207.5200042724609,207.5200042724609,148029900,20230601,TSLA,203.92999267578125,207.5200042724609,1,0.03858537905080864,0.06270875308367002,0.058225904194750426,0.15708544165148097,0.04037424960601036,0.231948549006452,0.13907955709023087,0.06569496184842219,0.10727162811507285,0.0608069236655216,0.0382186526875797,-0.5631,0.7639,0.11563333333333332
213.97000122070312,213.97000122070312,164398400,20230602,TSLA,207.5200042724609,213.97000122070312,1,0.06382404542961276,0.07203419494921215,0.022470285508516256,0.15248324888546927,0.07163982529457213,0.0544763549972738,0.05188304458831417,0.06658804793740475,0.0942399220490253,0.2568122730125656,0.09354875734803343,-0.8585,0.7184,0.11624705882352941
217.6100006103516,217.6100006103516,151143100,20230605,TSLA,213.97000122070312,217.6100006103516,1,0.017857656757449582,0.19693491558706905,0.1719839078072333,0.0511904776030789,0.1400086100026328,0.08880962422970946,0.01785842888245357,0.01785779489072912,0.1657053255121194,0.0988087884771396,0.0329844702503847,0.0,0.8555,0.44942000000000004
221.30999755859372,221.30999755859372,146911600,20230606,TSLA,217.6100006103516,221.30999755859372,1,0.0259743594698944,0.0259771023449791,0.025974667312490148,0.35744371908517003,0.025974025980217474,0.025974114363977226,0.025974055891105623,0.025974787502159275,0.274585711682989,0.10930775436963498,0.07683970199738227,0.0,0.6588,0.29235
224.57000732421875,224.57000732421875,185710800,20230607,TSLA,221.30999755859372,224.57000732421875,1,0.020016578833698236,0.032836774155722497,0.09676239557498115,0.11232345078213907,0.16360450561894493,0.1255514640169095,0.11173668154199927,0.08059073854088362,0.03312166235659759,0.2034392864826038,0.020016462095519806,-0.3412,0.6249,0.12824615384615384
234.8600006103516,234.8600006103516,164489700,20230608,TSLA,224.57000732421875,234.8600006103516,1,0.13308054735430022,0.13765259612234454,0.044696238800523806,0.030858641760179377,0.11435035227932513,0.06589277592744142,0.11526789314782179,0.05308100179271367,0.0318340293971753,0.06744987248943196,0.2058360509287423,0.0,0.8439,0.50704
244.3999938964844,244.3999938964844,200242400,20230609,TSLA,234.8600006103516,244.3999938964844,1,0.10147945142303559,0.162852381796029,0.19592043738967593,0.06284284323357248,0.073702317327097,0.01814604235906757,0.051479435919738,0.01814630295445791,0.11782904840101395,0.09915331341569243,0.09844842578061971,-0.6597,0.7366,0.16123333333333334
249.8300018310547,249.8300018310547,150337900,20230612,TSLA,244.3999938964844,249.8300018310547,1,0.015151791675594349,0.0151522001325591,0.2730046358783025,0.01515317042515025,0.01515171616643185,0.26514974667757796,0.015151818733085451,0.3406277597333814,0.01515254187393,0.0151523950992567,0.01515222360473005,0.128,0.8402,0.4841
258.7099914550781,258.7099914550781,162384300,20230613,TSLA,249.8300018310547,258.7099914550781,1,0.0227274387061513,0.0227291098876219,0.35606022254855424,0.02272727272916035,0.02272765208961635,0.02272740908306625,0.0227274596603511,0.0227272727297056,0.02272727272910465,0.43939159941721934,0.02272729041944825,-0.4168,0.4215,0.002349999999999991
256.7900085449219,256.7900085449219,170575500,20230614,TSLA,258.7099914550781,256.7900085449219,0,0.08232360509820423,0.06010142854254844,0.0892677430624262,0.207322400099187,0.054545538187106314,0.06010096982370128,0.1170455998072474,0.06843474503894421,0.05454545805880207,0.1795446778178802,0.026767834463952086,-0.6369,0.8176,0.1527666666666667
255.8999938964844,255.8999938964844,160171200,20230615,TSLA,256.7900085449219,255.8999938964844,0,0.06704556610853947,0.033713842643488215,0.05454544052406335,0.32121006067362573,0.0337121212140862,0.0337121928633619,0.13938049254983484,0.1337106065759906,0.0545454762616015,0.09471076614560403,0.03371343443980376,-0.128,0.2584,0.0004000000000000022
260.5400085449219,260.5400085449219,167915600,20230616,TSLA,255.8999938964844,260.5400085449219,1,0.015584429043544151,0.3902250997190499,0.12194055302641049,0.015584880675777651,0.3631562947738171,0.015584901435754351,0.0155851068027661,0.01558519700029205,0.01558441558579495,0.015584509776785951,0.015584612160006851,-0.6597,-0.5267,-0.5932
274.45001220703125,274.45001220703125,165611200,20230620,TSLA,260.5400085449219,274.45001220703125,1,0.021213307961105432,0.05454531244799173,0.1878751933488422,0.12121155501571594,0.1753505003652757,0.09344638087823916,0.21564387564300103,0.06707483845109107,0.021212134006120636,0.021214083861793232,0.021212818020823532,0.0,0.8122,0.5157666666666666
259.4599914550781,259.4599914550781,211797100,20230621,TSLA,274.45001220703125,259.4599914550781,0,0.028529612631415693,0.10970111314458766,0.05094579716058752,0.01797428166916908,0.07193404542714768,0.0735286641802208,0.17111526799715945,0.1674852459270536,0.017972714688322507,0.1873380010081992,0.10347525616613634,-0.7964,0.6239,-0.0035600000000000076
264.6099853515625,264.6099853515625,166875900,20230622,TSLA,259.4599914550781,264.6099853515625,1,0.05564374976190545,0.04770053198359595,0.20633153442659918,0.061092648711579434,0.05484303818192731,0.029843284375208813,0.2602912322266004,0.06555728366368385,0.07150978399368302,0.11734320178373671,0.029843710891479486,-0.646,0.7701,0.27247499999999997
256.6000061035156,256.6000061035156,177460800,20230623,TSLA,264.6099853515625,256.6000061035156,0,0.02045454545896485,0.16156226470101104,0.02045466414068215,0.02045459608018825,0.12045440759253775,0.45434645752108993,0.12045419737581031,0.02045476658669405,0.02045483262633415,0.0204545454579299,0.0204547224587571,0.0,0.7964,0.3982
241.0500030517578,241.0500030517578,179990600,20230626,TSLA,256.6000061035156,241.0500030517578,0,0.05896497478114282,0.12373822546786321,0.17462085714464984,0.08207027864418447,0.08207047919291423,0.19318101170511182,0.08207099068913325,0.06818159888324504,0.0265154192834831,0.08207100212081091,0.026515162087460815,-0.7351,0.9472,-0.03178333333333332
250.2100067138672,250.2100067138672,164968200,20230627,TSLA,241.0500030517578,250.2100067138672,1,0.1352337613081213,0.08845626220825585,0.04098723335899227,0.08449466872975334,0.17070842355469082,0.10839572729728178,0.02057907839780736,0.04307609252086787,0.1527203204714169,0.13476982347392089,0.020578608678891216,-0.34,0.8474,0.35227142857142857
257.5,257.5,131283400,20230629,TSLA,256.239990234375,257.5,1,0.0303057492430433,0.030304308822048,0.0303048728298908,0.0303030303078168,0.3996233193726557,0.0303037788503345,0.3276362742776791,0.030305381322645,0.0303030303076742,0.0303072243584724,0.0303030303077399,-0.4649,-0.4649,-0.4649
261.7699890136719,261.7699890136719,112620800,20230630,TSLA,257.5,261.7699890136719,1,0.07045002311868973,0.13003778878689365,0.07146143892520081,0.02128488029590108,0.03795107863774173,0.09906226278347592,0.09709773077626999,0.08578369468537607,0.06017293965876588,0.2887470132140178,0.03795114911766699,-0.7712,0.5859,0.01754
279.82000732421875,279.82000732421875,119685900,20230703,TSLA,261.7699890136719,279.82000732421875,1,0.1473477676831669,0.33706428670005184,0.08060317129766079,0.0223491164814889,0.02234848485256445,0.022348484852347826,0.08484848384998082,0.022348659765736772,0.11435048372353485,0.0742975881782349,0.07209347261523155,-0.2698,0.5974,0.18985000000000002
282.4800109863281,282.4800109863281,131530900,20230705,TSLA,279.82000732421875,282.4800109863281,1,0.0292214022364246,0.0292231682445658,0.029222093740538947,0.27921655293634917,0.0292208692891788,0.02922077922292835,0.029220967318915297,0.12082381824370575,0.029220779222432047,0.2800745109306673,0.11533505861429345,0.0,0.5994,0.2997
276.5400085449219,276.5400085449219,120332100,20230706,TSLA,282.4800109863281,276.5400085449219,0,0.019697450945935533,0.10945120449037742,0.08636341657654983,0.10303088241272423,0.10303105748666046,0.0196969697033395,0.019697130772175067,0.09299662968903133,0.0196969697018687,0.25664171780705786,0.16969657041427963,-0.296,0.1531,-0.14629999999999999
274.42999267578125,274.42999267578125,113879200,20230707,TSLA,276.5400085449219,274.42999267578125,0,0.10133651695773065,0.08116902822012242,0.0981614772703766,0.14568464049227273,0.018668913073994136,0.20209494747693196,0.031168852737055764,0.20564364538530436,0.037067448254496475,0.04991898459273386,0.029085545538980514,0.0,0.5859,0.1413875
269.6099853515625,269.6099853515625,119425400,20230710,TSLA,274.42999267578125,269.6099853515625,0,0.06137842705098289,0.16775437331487453,0.05127734736253466,0.099316516239639,0.04257660928838374,0.05871989708908092,0.09808844795689757,0.09366037898814535,0.14733449244097643,0.11534017479952317,0.06455333546896126,-0.8102,0.7089,0.0892235294117647
269.7900085449219,269.7900085449219,91972400,20230711,TSLA,269.6099853515625,269.7900085449219,1,0.05454569685450068,0.04171251323116032,0.06877128151951226,0.22923635590891928,0.03454583135706142,0.09968373006099626,0.11537873164483817,0.06950875591943839,0.05121222471111168,0.18836608676021488,0.047038792032246216,-0.2382,0.4588,0.1025
271.989990234375,271.989990234375,95672100,20230712,TSLA,269.7900085449219,271.989990234375,1,0.06818177624699025,0.01262626262804225,0.012626262627957099,0.012626262627920451,0.0126275734275502,0.012626385432824499,0.1792926516442919,0.2626265402658679,0.012626441481899401,0.12373712821011015,0.2904027154065455,-0.2244,0.7579,0.26675000000000004
277.8999938964844,277.8999938964844,112681500,20230713,TSLA,271.989990234375,277.8999938964844,1,0.0625001795339133,0.06250124535343955,0.27444902459881376,0.16830147499373554,0.020833621161700674,0.020833333335645174,0.10416700857189824,0.1041682181012276,0.0208337808597085,0.1405786056749786,0.0208335078149387,0.0,0.5499,0.24707500000000002
281.3800048828125,281.3800048828125,120062400,20230714,TSLA,277.8999938964844,281.3800048828125,1,0.06607572440795643,0.09102383647022261,0.08783952244414495,0.07842226989982871,0.09971119136446652,0.03985696857206163,0.1588960994014397,0.029429858797586483,0.05738015316542423,0.2510644453813489,0.04029993009551936,-0.6808,0.936,0.11493913043478261
290.3800048828125,290.3800048828125,131569600,20230717,TSLA,281.3800048828125,290.3800048828125,1,0.08283780501544241,0.07901654361241431,0.14329331715196056,0.046478817433669876,0.168962320365247,0.08897282138531636,0.12053658042845214,0.11126618419218105,0.01869891609371878,0.10535828996368553,0.03457840435791147,-0.631,0.93,0.28946666666666665
293.3399963378906,293.3399963378906,112120300,20230718,TSLA,290.3800048828125,293.3399963378906,1,0.06216708916605304,0.19106291223039715,0.05771629281315217,0.02216751995126111,0.10105702821458061,0.09883400951343273,0.05658091515573116,0.0655019812562425,0.05550089272068482,0.20391171664599803,0.08549964233246625,-0.5267,0.6597,0.17464000000000002
291.260009765625,291.260009765625,142355400,20230719,TSLA,293.3399963378906,291.260009765625,0,0.1283549461815507,0.08073585871436062,0.2140682986691935,0.09502178750023495,0.07121212958233551,0.023593195860501744,0.10930805763466937,0.023593397445117015,0.05216449552359924,0.17835422068262632,0.023593612205810573,-0.8176,0.7351,0.04858571428571428
262.8999938964844,262.8999938964844,175158300,20230720,TSLA,291.260009765625,262.8999938964844,0,0.6136327492388898,0.0303030483849808,0.0303033182539347,0.03030303030413235,0.11363619203621585,0.030303030304420102,0.030305436393875403,0.030303121847275696,0.03030350358272535,0.0303035209410489,0.0303030487125006,-0.7506,0.296,-0.22730000000000003
260.0199890136719,260.0199890136719,161796100,20230721,TSLA,262.8999938964844,260.0199890136719,0,0.26590867889214886,0.01590955497834675,0.015909945463827298,0.01591039641377265,0.31590935573724,0.015909090910762702,0.0159090909106348,0.0962835816236719,0.015909949669801,0.2105308483202448,0.015909507079548753,0.0,0.3612,0.1806
269.0599975585937,269.0599975585937,136508500,20230724,TSLA,260.0199890136719,269.0599975585937,1,0.023737373738724633,0.023737373738437234,0.24040185545205403,0.023738090057305834,0.1904031047017872,0.15706802441027762,0.24595814278732572,0.02373778704783173,0.0237386839607535,0.023741693964834196,0.0237378701406679,-0.4767,0.34,-0.045566666666666665
265.2799987792969,265.2799987792969,112757300,20230725,TSLA,269.0599975585937,265.2799987792969,0,0.06818192073128003,0.07289606898124153,0.1396122451782547,0.020563123242517942,0.04437302249372082,0.18481533332968705,0.05627728157095054,0.056277388872144,0.07126585114498646,0.07778659668073214,0.20795116777448427,-0.6442,0.7684,0.020614285714285713
264.3500061035156,264.3500061035156,95856200,20230726,TSLA,265.2799987792969,264.3500061035156,0,0.06566065528409071,0.04290996345524825,0.1305517562460193,0.1985999670657914,0.011659867911976474,0.0845239420299086,0.043095255582528705,0.01165996807887255,0.04897795485878688,0.3160077922852264,0.046352877201550347,0.0,0.7783,0.3124
255.7100067138672,255.7100067138672,103697300,20230727,TSLA,264.3500061035156,255.7100067138672,0,0.07081766083664075,0.11627331898162833,0.07839473955324852,0.048091391568479296,0.13375253156005798,0.08515719847778748,0.15393269116912892,0.07081934038168725,0.025364249248261226,0.19203246658991907,0.02536441163316078,-0.5994,0.875,0.3274727272727273
266.44000244140625,266.44000244140625,111446000,20230728,TSLA,255.7100067138672,266.44000244140625,1,0.0596321206367957,0.051299314244477964,0.0552234071204208,0.04382838530013925,0.11995456934997821,0.17237329722428263,0.07344590406188478,0.05963202509808248,0.1120126789652555,0.1762993225422766,0.07629897545640561,-0.3612,0.6201,0.04476999999999999
267.42999267578125,267.42999267578125,84582200,20230731,TSLA,266.44000244140625,267.42999267578125,1,0.062488195645514534,0.020822661763442885,0.06375088075463546,0.03830557456622357,0.1987523896621022,0.15415480846860796,0.03597350222125407,0.10415532393486034,0.04171693949747513,0.2590578140340016,0.020821909451881917,-0.936,0.4926,-0.14063333333333336
261.07000732421875,261.07000732421875,83166000,20230801,TSLA,267.42999267578125,261.07000732421875,0,0.043681955892035565,0.11491299215440279,0.03672983756874762,0.06446318989451483,0.047307276338174956,0.10841733942968129,0.2471274145733767,0.046816440984620816,0.025084495965091224,0.14545341213150775,0.12000564506784601,-0.8655,0.7569,-0.019277777777777776
254.1100006103516,254.1100006103516,101752900,20230802,TSLA,261.07000732421875,254.1100006103516,0,0.02242935750476365,0.07242956174655937,0.09775364453544358,0.11893162776798136,0.1074273146797878,0.09742804430767436,0.07296128130993604,0.06586925598525491,0.02242872449898031,0.20612016043768416,0.1162210272259339,-0.3382,0.8314,0.41519000000000006
259.32000732421875,259.32000732421875,97569100,20230803,TSLA,254.1100006103516,259.32000732421875,1,0.08389402577738625,0.046912086502745094,0.1566017359240185,0.021016226145732245,0.12750182448317668,0.08162175757362912,0.09085622171478168,0.1528750716937332,0.021015695376130072,0.19668985650552762,0.0210154983031391,-0.7096,0.9285,0.11229090909090908
253.8600006103516,253.8600006103516,99539900,20230804,TSLA,259.32000732421875,253.8600006103516,0,0.11289956035217086,0.10623408963448319,0.0229004885652034,0.12843338313760636,0.09176985865065629,0.22430558981884574,0.05119180737188632,0.10290050469241488,0.02290061829739615,0.11356305867379854,0.0229010408055377,-0.9287,0.7269,0.10979000000000001
251.4499969482422,251.4499969482422,111097900,20230807,TSLA,253.8600006103516,251.4499969482422,0,0.03983237190154009,0.13388464756733695,0.06362055701299933,0.11206370544476739,0.1462741124488554,0.15579746391486102,0.05341720828925517,0.05341775730878904,0.031287484461932226,0.13913076793879672,0.07127392371086616,-0.5137,0.8953,0.22335714285714284
249.6999969482422,249.6999969482422,96642200,20230808,TSLA,251.4499969482422,249.6999969482422,0,0.02266838835762479,0.18560386887773064,0.02266829698369617,0.136304347962223,0.16795790054196552,0.14236515885543008,0.03782012092845329,0.09994068185076302,0.022668331650187654,0.13933432009528127,0.02266858389664407,-0.9081,0.9137,0.07009090909090908
242.19000244140625,242.19000244140625,101596300,20230809,TSLA,249.6999969482422,242.19000244140625,0,0.15328560074193806,0.09003609303963835,0.07731744659760326,0.13357924085619988,0.0299099251906951,0.09051440627980173,0.02990960340717125,0.21480853853980514,0.052637205189850815,0.09809181730705863,0.02991012285023733,-0.6908,0.5709,-0.11334545454545455
245.33999633789065,245.33999633789065,109498600,20230810,TSLA,242.19000244140625,245.33999633789065,1,0.0161619333666096,0.09098908618310654,0.0813315954640421,0.06424313326729637,0.07171716784932601,0.1806873761572234,0.01616234811949197,0.07500131675130049,0.016161681439241498,0.3713819634057129,0.016162397996648734,-0.4003,0.807,0.3517666666666666
242.6499938964844,242.6499938964844,99038600,20230811,TSLA,245.33999633789065,242.6499938964844,0,0.11083124074474748,0.1247108272574063,0.06812232302654041,0.04567858131446716,0.061992179634277056,0.06435036915566418,0.12041688817640292,0.14411217242656765,0.06680659273957608,0.1410101380303146,0.051968687494035694,-0.8122,0.836,0.14434347826086957
239.75999450683597,239.75999450683597,98595300,20230814,TSLA,242.6499938964844,239.75999450683597,0,0.16657471067031523,0.07004843161451697,0.038798623875910015,0.12213105541085545,0.11995748663464148,0.14990830452380638,0.07703993390312722,0.10129800754899491,0.038798208125609454,0.038798064211912,0.0766471734803105,-0.5848,0.4738,-0.09773749999999998
232.9600067138672,232.9600067138672,88197600,20230815,TSLA,239.75999450683597,232.9600067138672,0,0.12560634854131963,0.02560626476629732,0.16560622123450977,0.19098999500865327,0.06560790434942257,0.12522024261844517,0.025606520194159522,0.1589377291568761,0.02560628715568388,0.02560663248408828,0.06560585449054403,-0.7003,0.7964,-0.09834000000000002
225.6000061035156,225.6000061035156,112484500,20230816,TSLA,232.9600067138672,225.6000061035156,0,0.028622368786952884,0.019571090022730258,0.05215894896346959,0.01957103915222606,0.09904907279389163,0.164845211317215,0.034329256922227123,0.04240285632733956,0.09010576661304419,0.3306648123918355,0.11867957670906769,-0.4005,0.7906,0.22687500000000002
219.22000122070312,219.22000122070312,120718400,20230817,TSLA,225.6000061035156,219.22000122070312,0,0.10077920178136632,0.02536967707974847,0.15038254602347634,0.12793791871167282,0.0830618570099332,0.07102644005235502,0.03839371984216477,0.08947261342962504,0.0638307912538751,0.2051452990756277,0.04459993574015479,-0.8271,0.6369,-0.10413846153846153
215.4900054931641,215.4900054931641,136276600,20230818,TSLA,219.22000122070312,215.4900054931641,0,0.02327661342604929,0.07089544276379378,0.13041864144904644,0.05303784589973297,0.03348033549621025,0.09470493566106374,0.05899087028804882,0.09531080819651536,0.10461608174055548,0.26023409872935066,0.07503432634963274,-0.7814,0.5859,-0.03974285714285714
231.27999877929688,231.27999877929688,135702700,20230821,TSLA,215.4900054931641,231.27999877929688,1,0.08678584734172128,0.07808069138729812,0.1610573126557299,0.0525256352033707,0.07474714102431482,0.03919232270571974,0.03919208356400079,0.059192257001199976,0.01919214169090817,0.3375089378940533,0.05252562953168276,-0.2023,0.6989,0.14762999999999998
233.19000244140625,233.19000244140625,130442800,20230822,TSLA,231.27999877929688,233.19000244140625,1,0.07835960685632032,0.07691478348847548,0.10431755589135677,0.07835885916045143,0.022804187730137843,0.05058135202209837,0.04132167188198793,0.16736027118045693,0.05984123137593995,0.18622567619281902,0.1339148042199555,-0.4588,0.6588,0.09101111111111111
236.8600006103516,236.8600006103516,101077600,20230823,TSLA,233.19000244140625,236.8600006103516,1,0.06176057645037942,0.046389954112371845,0.11731618225771455,0.05565860187557684,0.121945668900239,0.08268671046794045,0.09856257045062938,0.10346524957554619,0.05974972054363073,0.19365283655586085,0.05881192881011025,-0.3612,0.8519,0.3028888888888889
230.0399932861328,230.0399932861328,99777400,20230824,TSLA,236.8600006103516,230.0399932861328,0,0.1047989232536335,0.08396486446073761,0.021464754524048023,0.021464684686206225,0.021464979506951875,0.0214646464663744,0.16729862599485476,0.26568629983380926,0.0492425953078127,0.16021107102570475,0.08293855493986647,0.0,0.184,0.084025
238.58999633789065,238.58999633789065,106612200,20230825,TSLA,230.0399932861328,238.58999633789065,1,0.0594420371938012,0.09656813500472508,0.08358138955411526,0.13596240781375873,0.07399314719978876,0.06553918735440041,0.11971842611497352,0.08358264364405085,0.06691595689683968,0.1774580494166244,0.037238619806921655,-0.7263,0.8617,0.03569
238.82000732421875,238.82000732421875,107673700,20230828,TSLA,238.58999633789065,238.82000732421875,1,0.0131313419856428,0.013131347612353475,0.4186999132217837,0.01313141060541605,0.0131313273135132,0.18295703942619415,0.17093473312902974,0.0409088936110302,0.03826650236992805,0.08257563010829595,0.0131318606168122,-0.68,0.7605,0.16584999999999997
257.17999267578125,257.17999267578125,134047600,20230829,TSLA,238.82000732421875,257.17999267578125,1,0.08773551026568936,0.1894238758622139,0.08525734139756184,0.02275804907755406,0.08109064114277026,0.09359033167283422,0.09973010938672633,0.03902651472731196,0.022757600372629683,0.05530973444069919,0.22332029165400877,-0.25,0.7845,0.12298333333333333
256.8999938964844,256.8999938964844,121988400,20230830,TSLA,257.17999267578125,256.8999938964844,0,0.0171721328890534,0.11972256115796696,0.3505048634731089,0.017171934269169766,0.0838384692597877,0.12828133661610053,0.1505052902591628,0.0171719552868849,0.017171717173299933,0.0812868175524548,0.0171729220630099,-0.3818,0.6249,0.23993333333333333
258.0799865722656,258.0799865722656,108861700,20230831,TSLA,256.8999938964844,258.0799865722656,1,0.13008065429452426,0.03211346260570142,0.053389750968827795,0.09662614707028915,0.1485780272250062,0.05970284800447215,0.06547796875747731,0.1779399517393695,0.03328480850586074,0.14312782006757863,0.05967856076089237,-0.8627,0.8462,0.16291923076923076
245.00999450683597,245.00999450683597,132541600,20230901,TSLA,258.0799865722656,245.00999450683597,0,0.037065716431635524,0.06407500809711403,0.06662270483155347,0.11669267921024182,0.16932868278199875,0.13699292108101607,0.04995666187514258,0.1122871907563035,0.06840236341863247,0.15639737074484705,0.022178700771514192,0.0,0.9324,0.6117
256.489990234375,256.489990234375,129469600,20230905,TSLA,245.00999450683597,256.489990234375,1,0.15086605917131285,0.12851722955728534,0.13896152960805708,0.02229522979004468,0.02229478510207502,0.0222950891491907,0.02229455850156294,0.3089232582523172,0.022294595297261022,0.13896018833863585,0.022297477232256842,-0.3818,0.7684,0.23118
251.9199981689453,251.9199981689453,116959800,20230906,TSLA,256.489990234375,251.9199981689453,0,0.11795955069771047,0.08792684268754046,0.10891584429183974,0.08463758358169023,0.08644277161760207,0.06810160854578066,0.053337535891328114,0.18129547907398116,0.07190660063362651,0.08701393575019752,0.052462247228702595,-0.7052,0.8203,0.20296250000000002
251.4900054931641,251.4900054931641,115312900,20230907,TSLA,251.9199981689453,251.4900054931641,0,0.03672319239710894,0.12541652348738722,0.07143436706666212,0.13213673165164821,0.08862007976196275,0.10386651022832988,0.08492543765948689,0.10790858768551122,0.06468334729371464,0.09490418283899234,0.08938103992919533,-0.8225,0.8925,-0.013643478260869568
248.5,248.5,118367700,20230908,TSLA,251.4900054931641,248.5,0,0.040387142793953314,0.14227565360582173,0.07764488552846141,0.21935043531420076,0.04553688123200588,0.11548071833114926,0.09378030155294179,0.06997182815581487,0.09134431621227813,0.07711373405842738,0.02711410321494501,-0.8172,0.765,-0.15705333333333332
273.5799865722656,273.5799865722656,174667900,20230911,TSLA,248.5,273.5799865722656,1,0.09456839075478138,0.21198343266907466,0.18231982355857745,0.10115079529586413,0.018867993903150887,0.18553178630048317,0.01886665952951455,0.05532496431557534,0.01886659312811739,0.08115429172928794,0.03136526881557266,-0.8176,0.872,-0.07161249999999998
267.4800109863281,267.4800109863281,135999900,20230912,TSLA,273.5799865722656,267.4800109863281,0,0.2727237880392863,0.0227272727340427,0.0227272727337227,0.0227272727335789,0.0227272727356744,0.022727272735227,0.022727272734616,0.0227298660369862,0.0227272727333898,0.5227281640499986,0.022727272733477,0.4767,0.4767,0.4767
271.29998779296875,271.29998779296875,111673700,20230913,TSLA,267.4800109863281,271.29998779296875,1,0.13506177252469936,0.0684259530624477,0.0209093454797475,0.23750113068057876,0.044633880453973915,0.02090965050776418,0.02091024269278614,0.02090909091188202,0.1722554621307813,0.07884467231726715,0.17963879923807152,0.0,0.807,0.45308000000000004
276.0400085449219,276.0400085449219,107709800,20230914,TSLA,271.29998779296875,276.0400085449219,1,0.05745702181986019,0.19406458270191498,0.08888556428740238,0.0986056546319744,0.12994793207933178,0.04418089185258243,0.05330611841479207,0.1162428233873885,0.0448455082272121,0.14188483243616115,0.030579070161379437,0.0,0.9642,0.34343636363636365
274.3900146484375,274.3900146484375,133692300,20230915,TSLA,276.0400085449219,274.3900146484375,0,0.0454545454592511,0.045454545458251,0.5454545454149303,0.0454545454579953,0.0454545454591415,0.0454545454588963,0.0454545454585633,0.0454545454589915,0.0454545454578913,0.0454545454581489,0.0454545454579391,0.1531,0.1531,0.1531
265.2799987792969,265.2799987792969,101543300,20230918,TSLA,274.3900146484375,265.2799987792969,0,0.02090909091230282,0.2309088642608735,0.06619816016870901,0.02090988141312072,0.11829902622621968,0.2235187605416606,0.055620626938507126,0.02090909091212546,0.02091050895892872,0.12090932778489247,0.1009066618826594,-0.2732,0.5106,0.14282
262.5899963378906,262.5899963378906,122514600,20230920,TSLA,266.5,262.5899963378906,0,0.021732524216543,0.06339801948545198,0.09568996776637383,0.09409268103715096,0.21964628603842218,0.13965640058620565,0.07366710782209018,0.07735381994409074,0.021731265028433387,0.17130047557708403,0.021731452498153562,-0.6249,0.7878,0.1406
255.6999969482422,255.6999969482422,119951500,20230921,TSLA,262.5899963378906,255.6999969482422,0,0.08333285898691782,0.13046879543485654,0.04690329114279354,0.08437593408013751,0.04427181973098287,0.07785270928117792,0.09076288641268877,0.12346726033845008,0.04427146608343427,0.24054742649121796,0.03374555201734228,-0.6915,0.7906,0.03609473684210527
244.8800048828125,244.8800048828125,127524100,20230922,TSLA,255.6999969482422,244.8800048828125,0,0.12141794027680383,0.10686743270456377,0.10763595283010506,0.057640539135932825,0.09874151369671252,0.10869989104359817,0.06729047720608138,0.10035376130558858,0.061031367794361656,0.07564367984809556,0.09467744415815614,-0.7722,0.8201,0.11093333333333333
246.9900054931641,246.9900054931641,104636600,20230925,TSLA,244.8800048828125,246.9900054931641,1,0.05666151155175219,0.12034611115070992,0.0457190744423215,0.02629893563244393,0.14058374154466985,0.13365989067611178,0.07391775190625903,0.04415608628248765,0.09177427592816627,0.16915513285118713,0.09772748803389027,0.0,0.6369,0.32535714285714284
244.1199951171875,244.1199951171875,101993600,20230926,TSLA,246.9900054931641,244.1199951171875,0,0.018470683993291083,0.16563769437851678,0.14829950167913658,0.1405655328597146,0.08679214763008762,0.06863454802817406,0.12744954301517036,0.09463821255597796,0.028470561371611247,0.06923773698631695,0.051803837502002306,-0.8043,0.8302,-0.08234000000000001
240.5,240.5,136597200,20230927,TSLA,244.1199951171875,240.5,0,0.017821860141028188,0.06544071022116102,0.040828606204977684,0.24030961034036408,0.20816300561440745,0.04729597846258242,0.017821407473015985,0.16313674676251325,0.038506289744114776,0.14285445157209,0.01782133346374464,-0.3182,0.4207,0.09701428571428572
246.3800048828125,246.3800048828125,117058900,20230928,TSLA,240.5,246.3800048828125,1,0.10288193803786948,0.13252008234872906,0.08980990992490215,0.08490881019222755,0.14373057112231197,0.030986612900956854,0.1427528874402028,0.06628086336413545,0.07020217378286196,0.10493939459731032,0.030986756288491922,-0.7717,0.7906,-0.05297058823529414
250.22000122070312,250.22000122070312,128522700,20230929,TSLA,246.3800048828125,250.22000122070312,1,0.09181568484640802,0.10455331027948223,0.06957781483204897,0.10960375988018527,0.07282194146128967,0.07808148041849299,0.06783736495835788,0.15639888574219413,0.029841737213364108,0.17909451467673468,0.040373505691441575,-0.8172,0.8858,0.18076666666666666
251.6000061035156,251.6000061035156,123810400,20231002,TSLA,250.22000122070312,251.6000061035156,1,0.04585837559810762,0.1651359156047523,0.058838309428307804,0.15050412172930133,0.19499406097561303,0.040981475133947766,0.07193942503525556,0.13145817708003804,0.02312437862250668,0.09404136229155914,0.02312439850061031,-0.4404,0.8555,0.1531357142857143
246.52999877929688,246.52999877929688,101985300,20231003,TSLA,251.6000061035156,246.52999877929688,0,0.11027407808538714,0.0536637495142285,0.16278251060222185,0.0423962767786853,0.12708931566811674,0.09145927840622789,0.053480701759927404,0.04860099222368378,0.05725110469173846,0.1998578477464229,0.053144144523359554,-0.9246,0.8779,0.13050434782608694
261.1600036621094,261.1600036621094,129721600,20231004,TSLA,246.52999877929688,261.1600036621094,1,0.04516664332639916,0.09278270651371567,0.0789635345007822,0.06493715323632812,0.09675380595985442,0.17793294978535648,0.057071859125209796,0.16421360824939613,0.021356466640060384,0.123509045890448,0.07731222677244917,0.0,0.8221,0.5312
260.04998779296875,260.04998779296875,119159200,20231005,TSLA,261.1600036621094,260.04998779296875,0,0.02335920559532505,0.15550662027947743,0.1414142062114155,0.044191781582207774,0.023359784756353433,0.1344689290062043,0.13446991736174596,0.13446817974597683,0.07891418650982988,0.10648843735842979,0.023358751593033484,-0.5983,0.5719,-0.042800000000000026
260.5299987792969,260.5299987792969,118121800,20231006,TSLA,260.04998779296875,260.5299987792969,1,0.06534319509056434,0.1418905015261385,0.06277914852568407,0.0820097647917894,0.10136528798965695,0.14299770771559375,0.04354856868098188,0.12827499302200362,0.02431805188914341,0.1639241128528561,0.04354866791558753,-0.7177,0.6114,0.05164615384615385
259.6700134277344,259.6700134277344,101377900,20231009,TSLA,260.5299987792969,259.6700134277344,0,0.06715178546555126,0.20404148257009389,0.02341875910599775,0.17637635688184017,0.0234192346902761,0.21844972170952473,0.023418761260682135,0.023419407185209434,0.023419413578370563,0.19346630847982446,0.023418769072629065,-0.9246,0.4588,-0.26394999999999996
263.6199951171875,263.6199951171875,122656000,20231010,TSLA,259.6700134277344,263.6199951171875,1,0.16367301400365064,0.166052634908621,0.07200596615871523,0.055338558121798345,0.0636725208772197,0.20533722013175307,0.055339224248104404,0.06367257920179877,0.02200692967146288,0.1108951804123024,0.02200617226457304,-0.5994,0.5859,-0.052550000000000006
262.989990234375,262.989990234375,103706300,20231011,TSLA,263.6199951171875,262.989990234375,0,0.06675005098426785,0.13687473754145868,0.08543113256856263,0.22242756358422022,0.06931444221021796,0.0804865516208694,0.05092618545902878,0.06753149563349435,0.02828850129001738,0.1636806660951624,0.028288673012699883,-0.7783,0.9161,0.14440000000000003
258.8699951171875,258.8699951171875,111508100,20231012,TSLA,262.989990234375,258.8699951171875,0,0.02501104908081338,0.07652701635015934,0.1316771450280078,0.12590119294878604,0.12112767090461604,0.1734596922072169,0.04501084282334143,0.025011282899231456,0.0450112658261291,0.1250091333192222,0.10625370861247585,-0.8622,0.6369,-0.022749999999999992
251.1199951171875,251.1199951171875,102073800,20231013,TSLA,258.8699951171875,251.1199951171875,0,0.022799511930208398,0.06255402339158063,0.09452436127307369,0.17774347632973905,0.046500302713299205,0.022799569066407017,0.062119352679575336,0.022799577559542962,0.2558352681090286,0.2095250770157448,0.02279947993179984,-0.807,0.784,-0.03880000000000001
253.9199981689453,253.9199981689453,88917200,20231016,TSLA,251.1199951171875,253.9199981689453,1,0.5151520494512271,0.01515382877732,0.3484804400524582,0.0151515151548356,0.0151516098042071,0.0151519281812849,0.0151515151553825,0.015151848445076,0.0151515151547365,0.0151522346686883,0.0151515151547832,-0.3595,-0.3595,-0.3595
254.8500061035156,254.8500061035156,93562900,20231017,TSLA,253.9199981689453,254.8500061035156,1,0.08017674262366949,0.10100957641701214,0.06628795089644184,0.02462164138460703,0.26073216365968127,0.10795474461726277,0.06628797818597805,0.024621412926713184,0.024621286801188347,0.21906510335496646,0.024621399132479016,-0.9042,0.4588,-0.18389999999999998
242.67999267578125,242.67999267578125,125147800,20231018,TSLA,254.8500061035156,242.67999267578125,0,0.06870383178971759,0.040682876872643554,0.2132473008049783,0.05258736488345489,0.09202677418501483,0.07054181744688322,0.016873492389927656,0.07287773175500047,0.016873181574437186,0.29270476532391265,0.06288086297402921,-0.8957,0.631,-0.13847142857142858
220.1100006103516,220.1100006103516,170772700,20231019,TSLA,242.67999267578125,220.1100006103516,0,0.019888080289259723,0.019886601465787374,0.13008446662844028,0.05172479677777155,0.01988694253238925,0.1865489488174966,0.019886774239654473,0.2282180512741933,0.019886533037690876,0.2841024412992275,0.019886363638088524,-0.9098,0.0,-0.346625
211.9900054931641,211.9900054931641,138010100,20231020,TSLA,220.1100006103516,211.9900054931641,0,0.05570289532744432,0.20678687266605858,0.08973490090868835,0.09245361204486781,0.05405037236379964,0.07065229905175242,0.02014704869331765,0.14514706466046554,0.020147020094688165,0.16394227673655773,0.08123563745235929,-0.7351,0.8473,-0.02272666666666667
212.0800018310547,212.0800018310547,150683400,20231023,TSLA,211.9900054931641,212.0800018310547,1,0.01825420406409058,0.13044923875068165,0.04868356248152262,0.051587309677926095,0.21240678727459858,0.01825409910371546,0.01825425090870848,0.19920624955101696,0.08491976464294557,0.1997303384272709,0.01825419511752264,-0.4939,0.6369,0.02802
216.5200042724609,216.5200042724609,118231100,20231024,TSLA,212.0800018310547,216.5200042724609,1,0.0303030303067267,0.0303030303059386,0.0303030303057998,0.0303030303057413,0.0303045050348461,0.0303030303064471,0.6969682222107608,0.0303030303065217,0.030303030305661,0.0303030303058601,0.0303030303056961,0.6124,0.6124,0.6124
205.75999450683597,205.75999450683597,115112600,20231026,TSLA,212.4199981689453,205.75999450683597,0,0.3636362329671346,0.0303030303073463,0.0303030303071385,0.3636349408724223,0.0303030303083852,0.0303030303081002,0.0303030303077115,0.0303030303082104,0.0303030303069291,0.0303045836996364,0.0303030303069848,-0.2023,-0.2023,-0.2023
207.3000030517578,207.3000030517578,94881200,20231027,TSLA,205.75999450683597,207.3000030517578,1,0.09054833908864392,0.09054913385856296,0.034993460799914645,0.1443374041871354,0.15999159949462996,0.03499278499406502,0.058802289611669,0.17763222484113073,0.0349927849937694,0.138167193136695,0.03499278499378352,-0.5994,0.7184,0.19684999999999997
197.3600006103516,197.3600006103516,136448200,20231030,TSLA,207.3000030517578,197.3600006103516,0,0.06559637052965009,0.22803011122453828,0.14469699367369399,0.14046408555340717,0.07803056397665278,0.02803030303249362,0.02803056708047602,0.12803013287933684,0.07803043770781976,0.05303012903704404,0.02803030530488676,-0.7897,0.7906,-0.29052
200.83999633789065,200.83999633789065,118068300,20231031,TSLA,197.3600006103516,200.83999633789065,1,0.08889511654491983,0.162789014860517,0.1004150565738696,0.055898378778087954,0.07210363077337101,0.1155780624509646,0.09367234162272786,0.07210365593727903,0.02798606595275649,0.09171126962200025,0.11884740688350591,-0.7845,0.7485,0.07739411764705884
205.66000366210935,205.66000366210935,121661700,20231101,TSLA,200.83999633789065,205.66000366210935,1,0.08305787002526636,0.09916962634422316,0.21955189446955345,0.1724207509988289,0.08769838181098054,0.04310613685612402,0.06964268722150267,0.02519851973577135,0.050437769241385176,0.06686496976230365,0.08285139353406028,-0.3384,0.7579,0.09331666666666666
218.50999450683597,218.50999450683597,125987600,20231102,TSLA,205.66000366210935,218.50999450683597,1,0.04396181246065866,0.018847631162043015,0.04741759136743443,0.11454661852287058,0.20148791886436215,0.0778022781909197,0.04741804400702927,0.13721869475555154,0.054560043202049775,0.16646455270030006,0.0902748147667803,-0.5983,0.9286,-0.026742857142857155
219.9600067138672,219.9600067138672,119534800,20231103,TSLA,218.50999450683597,219.9600067138672,1,0.15476185283515143,0.029761904765190778,0.10438998868640903,0.10636078307233288,0.02976190476598245,0.029761904765764024,0.30115385363257585,0.15476138760626829,0.029762443424297173,0.029761980856106825,0.029761995589920875,0.8005,0.9299,0.857175
219.2700042724609,219.2700042724609,117335800,20231106,TSLA,219.9600067138672,219.2700042724609,0,0.10668722226377102,0.17235376151827708,0.1108968501371912,0.08173008428195616,0.06298110816877284,0.1004802736570584,0.05048025421867032,0.10360530004711965,0.053605062525754574,0.06168760968954514,0.09549247349188317,-0.9403,0.8126,0.0464125
222.17999267578125,222.17999267578125,116900100,20231107,TSLA,219.2700042724609,222.17999267578125,1,0.020076286494085074,0.03049340192444909,0.0988954074683243,0.07905091511606042,0.176323023894492,0.14266636945955208,0.07074807208714792,0.16217493552943346,0.12007596765448837,0.07941945614579381,0.020076164226172886,-0.2263,0.7876,0.2841125
222.1100006103516,222.1100006103516,106584800,20231108,TSLA,222.17999267578125,222.1100006103516,0,0.03584548454499956,0.043421791992831985,0.047784798964904486,0.14325336043094003,0.1143431296715843,0.1570575629045204,0.1375758424370011,0.06346966857716703,0.12185669875094099,0.0843946133146955,0.0509970484104141,-0.872,0.9606,0.22416363636363634
209.97999572753903,209.97999572753903,142110500,20231109,TSLA,222.1100006103516,209.97999572753903,0,0.0909090909090909,0.0909090909090909,0.0909090909090909,0.0909090909090909,0.0909090909090909,0.0909090909090909,0.0909090909090909,0.0909090909090909,0.0909090909090909,0.0909090909090909,0.0909090909090909,0.2023,0.2023,0.2023
214.6499938964844,214.6499938964844,130994000,20231110,TSLA,209.97999572753903,214.6499938964844,1,0.08503675179273089,0.05751962708801912,0.019595960523413714,0.01959558243411765,0.11525220351364034,0.21999215711568665,0.019595434741675317,0.1584831889564178,0.019595384087448434,0.2101834937768355,0.07515021597001413,-0.83,0.8065,0.10759999999999999
237.41000366210935,237.41000366210935,149771600,20231114,TSLA,223.7100067138672,237.41000366210935,1,0.04362852856279262,0.019446000854700933,0.07913327349171563,0.16656157711145614,0.3298381200557706,0.04722236260266652,0.06793239193094953,0.07759569905891044,0.019444581577505532,0.10015789979545771,0.04903956495807387,-0.2942,0.9032,0.29188333333333333
242.83999633789065,242.83999633789065,150354000,20231115,TSLA,237.41000366210935,242.83999633789065,1,0.10892044986032097,0.08044833673441261,0.024892079856734365,0.16378034723456344,0.18072606242808056,0.08918390706897268,0.02489201597905243,0.10822528107713729,0.02489177489421787,0.07975208059364093,0.11428766427286631,-0.9628,0.9538,-0.2828333333333333
233.58999633789065,233.58999633789065,136816800,20231116,TSLA,242.83999633789065,233.58999633789065,0,0.035353535360550234,0.035355034576712664,0.0353538178890817,0.035353825258540236,0.03535353536038773,0.25757537382548384,0.03535353535952413,0.25757406966744645,0.20202020198476944,0.035353535358906736,0.035353535358596304,-0.8402,0.0,-0.5075666666666666
235.6000061035156,235.6000061035156,116320100,20231120,TSLA,234.3000030517578,235.6000061035156,1,0.035112088301908644,0.16538511840230644,0.0720321636967249,0.05777937003150876,0.0626625939173598,0.1990075740558155,0.04036699343526527,0.07082569255943755,0.04633592194057679,0.13034816056924373,0.12014432308985219,-0.6486,0.5859,0.05809285714285715
241.1999969482422,241.1999969482422,122288000,20231121,TSLA,235.6000061035156,241.1999969482422,1,0.10387702829590947,0.1224267273422494,0.020193206037062476,0.125859843304799,0.07793722775913943,0.09831760828141162,0.057767698632595836,0.13716572898030602,0.047970821438092545,0.15422947715067897,0.05425463277775477,-0.8601,0.9153,0.010843749999999985
234.2100067138672,234.2100067138672,117950600,20231122,TSLA,241.1999969482422,234.2100067138672,0,0.04592342662550852,0.15699455600940534,0.1265535043119486,0.0806641487232604,0.06677472986452339,0.03715505946985304,0.07927485672700901,0.07338533516582851,0.04993735974719187,0.21293516392757653,0.07040185942789437,-0.9186,0.8621,0.005324999999999992
235.4499969482422,235.4499969482422,65125200,20231124,TSLA,234.2100067138672,235.4499969482422,1,0.05384442422601756,0.11769876562375699,0.08748839377712048,0.07757145408584926,0.07231799709943347,0.11036174421874723,0.07689030907232618,0.10760006621554125,0.11159368500797252,0.1108889120664532,0.07374424860678139,-0.891,0.8711,0.02691111111111111
236.0800018310547,236.0800018310547,112031800,20231127,TSLA,235.4499969482422,236.0800018310547,1,0.1021209285290753,0.01785856110981025,0.01785745653344745,0.01785740164529255,0.3928561586348225,0.089285807161413,0.01785714286006455,0.1607117513247072,0.01785733695886035,0.1478795170528866,0.01785793818961985,0.0,0.0,0.0
246.72000122070312,246.72000122070312,148549900,20231128,TSLA,236.0800018310547,246.72000122070312,1,0.02431899767878353,0.1556470765604142,0.08913334272329852,0.024319077214638732,0.14263634834961808,0.07987361994091444,0.13748403148534705,0.11158829469768367,0.02431896793420423,0.18636113014145872,0.024319113273638355,-0.7964,0.7876,0.3212
240.0800018310547,240.0800018310547,132353200,20231130,TSLA,244.13999938964844,240.0800018310547,0,0.17355845127568725,0.03459624870473144,0.03459655932267264,0.1894316041778186,0.09120002334550988,0.03459641606363516,0.05762662391263292,0.03459614781428384,0.03459656370908764,0.03459599599611672,0.28060536567782357,0.0,0.8356,0.2552
238.8300018310547,238.8300018310547,121331700,20231201,TSLA,240.0800018310547,238.8300018310547,0,0.04676330536447318,0.0646618364873213,0.0210611420982273,0.12105980286724474,0.1590331687140941,0.05800570138024892,0.12378409366852447,0.08253399434126218,0.08411579047590603,0.14606049607590046,0.09292066852679684,-0.4019,0.0108,-0.15011999999999998
235.5800018310547,235.5800018310547,104099800,20231204,TSLA,238.8300018310547,235.5800018310547,0,0.11097284358406342,0.034619175604413355,0.06663193498730635,0.08848483311555139,0.06792657877464871,0.20666167200897023,0.06063877381269611,0.10131636144540201,0.04710869969861962,0.1252025844672303,0.09043654250109802,-0.8689,0.9359,0.06062727272727273
238.72000122070312,238.72000122070312,137971100,20231205,TSLA,235.5800018310547,238.72000122070312,1,0.04978256675781763,0.05614307039442527,0.11705913043410307,0.1395814976523159,0.1915470825751854,0.018592684790012855,0.09230470369306941,0.038345886855127145,0.08629909672188163,0.14104222689992324,0.06930205322613799,-0.6005,0.9431,0.1821375
239.3699951171875,239.3699951171875,126436200,20231206,TSLA,238.72000122070312,239.3699951171875,1,0.061113019588188815,0.11952862407860687,0.09531681290381827,0.08168023091060589,0.09673517269161377,0.10646203478185347,0.02713530917617982,0.12561909450281894,0.08968404480556046,0.12413543114612748,0.07259022541462573,-0.6858,0.4019,-0.0957909090909091
242.63999938964844,242.63999938964844,107142300,20231207,TSLA,239.3699951171875,242.63999938964844,1,0.0781382380004649,0.11143739050751411,0.0638524054750408,0.15075726084982252,0.10671009161963473,0.0793288265507918,0.12099563234980147,0.07337691294250545,0.06623370400480243,0.12341182565460228,0.025757712045019015,-0.8034,0.837,0.13697142857142858
243.83999633789065,243.83999633789065,103126800,20231208,TSLA,242.63999938964844,243.83999633789065,1,0.06149284588256676,0.16613329429383575,0.07218281563820068,0.1202888612371565,0.09024709264732544,0.037697875776871566,0.11561161509559428,0.08593953666058651,0.01905508524673471,0.1735750752141477,0.05777590230697959,-0.9493,0.9081,-0.0776952380952381
239.7400054931641,239.7400054931641,97913900,20231211,TSLA,243.83999633789065,239.7400054931641,0,0.07902916310858976,0.1612098152336444,0.14221350547189507,0.0726190861270961,0.08800372058820458,0.11108064860089126,0.08543975933644322,0.11108067049382607,0.03415761307278799,0.08100838451183803,0.03415763345478309,-0.8074,0.7964,0.006907692307692303
237.00999450683597,237.00999450683597,95328300,20231212,TSLA,239.7400054931641,237.00999450683597,0,0.03128976148527087,0.2406332748471271,0.10292318642135853,0.20337631288548735,0.18564097024984116,0.04004345874078645,0.02004338572718161,0.020043547111680972,0.10004331437969793,0.02004366403086948,0.035919124120698157,-0.4574,0.9041,0.38938
239.2899932861328,239.2899932861328,146286300,20231213,TSLA,237.00999450683597,239.2899932861328,1,0.031313184876239034,0.09797959468140277,0.3090887631257791,0.03131313131575267,0.03131401875780627,0.14242392558573372,0.15763063358651638,0.031313995036125065,0.10499583507410404,0.03131378664482964,0.03131313131571083,-0.7839,0.5106,-0.0911
251.0500030517578,251.0500030517578,160829200,20231214,TSLA,239.2899932861328,251.0500030517578,1,0.018686885671272867,0.018686868687864133,0.07424233446711487,0.0186868686877957,0.6742420613124925,0.018686868688038035,0.018686868687948197,0.10202023698212782,0.018686950746312433,0.018687187381252066,0.018686868687780866,0.1531,0.7717,0.40693333333333337
253.5,253.5,135932800,20231215,TSLA,251.0500030517578,253.5,1,0.09159783512051202,0.17856371133120394,0.09493465369456136,0.05826508145500339,0.11810486845381801,0.07341601545367778,0.10509020573130093,0.02796189807813587,0.02796150871009946,0.19614257001591345,0.027961651955773256,-0.6841,0.4402,0.0335090909090909
252.0800018310547,252.0800018310547,116416500,20231218,TSLA,253.5,252.0800018310547,0,0.06418904917520593,0.10412453548813692,0.060726712517658564,0.05782853895571289,0.18930981592587556,0.0207915678166631,0.06523567925256227,0.11518202236107106,0.12727286704334903,0.17454796567028882,0.020791245793475424,-0.8074,0.8658,-0.04497777777777777
257.2200012207031,257.2200012207031,106737400,20231219,TSLA,252.0800018310547,257.2200012207031,1,0.01868974034758453,0.1853535515356425,0.0186868844375869,0.018687750578629234,0.0186874399423063,0.0186869472412167,0.10202043053553113,0.0186885583826361,0.018687782908391633,0.28535047044075584,0.2964604436497187,0.0,0.7184,0.3598666666666667
247.13999938964844,247.13999938964844,125097000,20231220,TSLA,257.2200012207031,247.13999938964844,0,0.19372267464665646,0.02229481622264316,0.05731316107980772,0.0722934663604459,0.22229482945166215,0.02229521441158836,0.02229490229265054,0.08896118114576039,0.02229446378621314,0.15394225427457134,0.12229303632800037,-0.6808,0.5106,-0.11811999999999998
254.5,254.5,109594200,20231221,TSLA,247.13999938964844,254.5,1,0.020076147345706917,0.31173899336929684,0.020075928539538032,0.2355644497049942,0.08834634034453094,0.0984799680619387,0.07206028646921385,0.0682987394914601,0.04520687284109868,0.020075784217072918,0.02007648961514835,-0.5574,0.3182,-0.14436666666666667
252.5399932861328,252.5399932861328,93370100,20231222,TSLA,254.5,252.5399932861328,0,0.07884666859555184,0.020405908712609454,0.09832721768851731,0.03858719734309519,0.19388122674807623,0.0625735072276999,0.0977955879007264,0.11254873346902818,0.1253835802517361,0.12523080499532238,0.04641956706763655,-0.9169,0.7845,-0.06001818181818183
256.6099853515625,256.6099853515625,86892400,20231226,TSLA,252.5399932861328,256.6099853515625,1,0.11428594850294858,0.1250002767013483,0.025000393838938758,0.07969149319110655,0.14958038919970365,0.09765606102768405,0.0736595693615628,0.06071452971816705,0.025000196008905073,0.2244109266805902,0.025000215769044543,-0.3647,0.9065,0.11285714285714285
261.44000244140625,261.44000244140625,106494400,20231227,TSLA,256.6099853515625,261.44000244140625,1,0.12651457852782685,0.02651526149524252,0.05984844066346669,0.14014401313589833,0.23484774138144132,0.05984863074079448,0.026515336483272138,0.08788646730804572,0.18484817919130886,0.02651602710312368,0.02651532396957884,-0.4767,0.6114,0.02694000000000001
253.17999267578125,253.17999267578125,113619900,20231228,TSLA,261.44000244140625,253.17999267578125,0,0.02218675955707475,0.12158342469743125,0.31991111426634306,0.05790042773836845,0.02218614718956525,0.05790112499098292,0.17694802335835286,0.022186282138814198,0.022186304903817674,0.10551889604517316,0.0714914951140759,-0.4767,0.8225,0.37785
248.47999572753903,248.47999572753903,100891600,20231229,TSLA,253.17999267578125,248.47999572753903,0,0.0604076087943782,0.017844991461382048,0.0819635629380646,0.16077378100119466,0.0818040673392599,0.13067646414505285,0.02783046370474717,0.05980535570677106,0.19517972453336876,0.1658688989724648,0.017845081403315435,-0.5676,0.8908,0.26139444444444443
248.4199981689453,248.4199981689453,104654200,20240102,TSLA,248.47999572753903,248.4199981689453,0,0.20087811094212216,0.021415794633826136,0.0214155106692708,0.0714158399730531,0.18808056891318398,0.2736452124343333,0.05712948919246045,0.08391494514013137,0.02141608401781605,0.039273084089984714,0.021415359993817436,-0.0772,0.9403,0.48625
238.4499969482422,238.4499969482422,121082600,20240103,TSLA,248.4199981689453,238.4499969482422,0,0.03311682152289425,0.20451871078135037,0.11034633828810451,0.08152836506320238,0.11438120106853476,0.11376584752998026,0.11623443846970975,0.045344739387179846,0.03994729403270271,0.08928050792914484,0.051535735927195785,-0.8622,0.7954,-0.06889411764705881
237.92999267578125,237.92999267578125,102629300,20240104,TSLA,238.4499969482422,237.92999267578125,0,0.04171026986084449,0.12303990574725165,0.08540265898651762,0.1498723157078043,0.1958108397174157,0.08317616389289537,0.06814674410580819,0.05495508660342598,0.13234319310774234,0.045699400172194884,0.019843422098099056,-0.8919,0.8313,0.04371500000000001
237.4900054931641,237.4900054931641,92488900,20240105,TSLA,237.92999267578125,237.4900054931641,0,0.027020352044863232,0.027020452324581334,0.02702024488119033,0.027020300763901998,0.06868711432796552,0.06035344759483554,0.06868686413094388,0.11035249117192665,0.1454705294163681,0.41134779690551637,0.027020406437906614,-0.6486,0.5994,0.05273333333333335
240.4499969482422,240.4499969482422,85166600,20240108,TSLA,237.4900054931641,240.4499969482422,1,0.02111199044750491,0.10694127704371557,0.06477957516642634,0.21332579225050743,0.06338675965082807,0.12115522554443292,0.04226122894339184,0.098326203389256,0.07004540753747268,0.1223023923723715,0.0763641476540922,-0.891,0.7951,-0.08027142857142855
234.9600067138672,234.9600067138672,96705700,20240109,TSLA,240.4499969482422,234.9600067138672,0,0.06545564451947511,0.11539479595876978,0.08243293771969976,0.18547916645543142,0.10973760445633485,0.06903864700414764,0.06837165551633662,0.0480328619292959,0.032182737848306116,0.18072598333515175,0.04314796525705065,-0.915,0.7959,0.003792105263157892
233.94000244140625,233.94000244140625,91628500,20240110,TSLA,234.9600067138672,233.94000244140625,0,0.10086565995058698,0.04872327236164865,0.1603884365375243,0.2189613039568743,0.04372335830231453,0.062130857350729575,0.04872294552542914,0.17372311467102616,0.048723057772613196,0.04531488063687999,0.04872311293437265,-0.5106,0.4767,-0.01633
227.22000122070312,227.22000122070312,105873600,20240111,TSLA,233.94000244140625,227.22000122070312,0,0.10811796642123445,0.1746442346744174,0.1193456478711306,0.11779130823438146,0.025286184007341506,0.134275944918213,0.09074900971803934,0.031497235810341424,0.03528464047361704,0.10941251723927775,0.05359531063200552,-0.6597,0.7901,0.07297272727272727
218.88999938964844,218.88999938964844,123043800,20240112,TSLA,227.22000122070312,218.88999938964844,0,0.061967111921087205,0.04942295965731071,0.09731081942248741,0.161826929404381,0.1324196168011509,0.07225993319915464,0.058469038680600084,0.09404091853063382,0.049423242312568144,0.14055506768494766,0.08230436238567798,-0.4767,0.7579,0.18437222222222222
219.91000366210935,219.91000366210935,115355000,20240116,TSLA,218.88999938964844,219.91000366210935,1,0.019914451772860886,0.14708566427099262,0.05562906036625489,0.10562529395895891,0.17705628350807628,0.07705654205646069,0.01991378735082614,0.07705552280074386,0.1437222166332235,0.15702699272284096,0.019914184558760855,-0.5812,0.5719,0.05787142857142856
211.8800048828125,211.8800048828125,108595400,20240118,TSLA,215.5500030517578,211.8800048828125,0,0.13806804140258014,0.12185157232604867,0.08177603844761774,0.033902749176209925,0.0964006556895874,0.1407677155240827,0.033901797396318364,0.11204280149885605,0.05473563073614545,0.15265132306498688,0.03390167473756625,-0.6588,0.7777,0.11274999999999999
212.19000244140625,212.19000244140625,102260300,20240119,TSLA,211.8800048828125,212.19000244140625,1,0.01549714440175435,0.0154962606872293,0.0154968627577238,0.01549666253482,0.10640399478138651,0.2654954390021246,0.13005027024492719,0.0154961545940857,0.3895738402585397,0.01549715115290445,0.01549621958450385,-0.6486,0.3182,-0.16519999999999999
208.8000030517578,208.8000030517578,117952500,20240122,TSLA,212.19000244140625,208.8000030517578,0,0.3059320133315506,0.0204547867318014,0.12045438432440515,0.02045454545636965,0.020454545456975,0.0204545454568456,0.10997548606155155,0.32045501716763986,0.020455055919172,0.020455074637348802,0.02045454545633975,0.0,0.7003,0.35015
209.13999938964844,209.13999938964844,106605900,20240123,TSLA,208.8000030517578,209.13999938964844,1,0.0303107419017113,0.0303032840349355,0.0303030303056501,0.0303030303055933,0.6969617316167234,0.0303030303062624,0.0303030303060148,0.030303030306333,0.0303030303055165,0.0303030303057077,0.0303030303055516,-0.8074,-0.8074,-0.8074
207.8300018310547,207.8300018310547,123369900,20240124,TSLA,209.13999938964844,207.8300018310547,0,0.01902631235801059,0.2195289898848704,0.09412879149587129,0.058311515072525966,0.09402606323507,0.03569330119908773,0.04402662601051034,0.13355702810674314,0.07121643995694094,0.13424442770847014,0.09624050497189898,-0.9485,0.6605,0.007789999999999993
182.6300048828125,182.6300048828125,198076800,20240125,TSLA,207.8300018310547,182.6300048828125,0,0.06128328133942545,0.21232942489884082,0.16544793204971456,0.1862816652920351,0.12605715316440588,0.01961618926235479,0.04044927653371885,0.06718642676559883,0.040449293229493824,0.019616463765577824,0.06128289369883357,-0.7678,0.7906,0.026299999999999983
183.25,183.25,107343200,20240126,TSLA,182.6300048828125,183.25,1,0.038903899083271194,0.20651772593155585,0.09959398917688435,0.05727478935080543,0.017761196175043133,0.2881351683672379,0.11561731942468857,0.036279554029825585,0.017761259426739315,0.10439362562381015,0.017761473410138034,-0.296,0.4588,0.1678333333333333
190.92999267578125,190.92999267578125,125013100,20240129,TSLA,183.25,190.92999267578125,1,0.08232892372728283,0.1275468035948498,0.06889819410726356,0.02188932812756971,0.21726893042210874,0.0836495512309264,0.037274049123424,0.19496511116887527,0.040898064468383365,0.08416002539972828,0.041121018629587586,-0.7717,0.7603,-0.005276923076923077
191.58999633789065,191.58999633789065,109982300,20240130,TSLA,190.92999267578125,191.58999633789065,1,0.04621698685889451,0.09543984850432706,0.05366984225341433,0.1490713589168352,0.10526199835956597,0.06328765249364114,0.09179677013570993,0.08615086234428748,0.11535439623141507,0.15947229259292942,0.03427799130897946,-0.8439,0.9194,-0.035856250000000006
187.2899932861328,187.2899932861328,103221400,20240131,TSLA,191.58999633789065,187.2899932861328,0,0.04851338866657096,0.10329468017515227,0.1310719401022724,0.1789966018933367,0.019962045589575747,0.20728905515897741,0.033850417037871484,0.019961657615556398,0.1032947473805375,0.061628501746712895,0.09213696463343574,-0.3612,0.7184,0.22702222222222224
188.8600006103516,188.8600006103516,91843300,20240201,TSLA,187.2899932861328,188.8600006103516,1,0.02957156249241083,0.12219923489217069,0.07005538609384802,0.16000510262336018,0.1331422480731733,0.019367319528807585,0.03365357777694244,0.1418187353848778,0.06018351203435891,0.16392441787247344,0.06607890322757631,-0.7351,0.7506,0.034935714285714285
187.91000366210935,187.91000366210935,110612700,20240202,TSLA,188.8600006103516,187.91000366210935,0,0.08049550124492665,0.15192442859921265,0.07063587468492179,0.12449301258388837,0.07366497112282175,0.06424820562363315,0.10518318752753308,0.05271787707842635,0.09730182122809339,0.07106188091711867,0.1082732393894237,-0.8834,0.7184,-0.04926666666666667
181.05999755859372,181.05999755859372,134294400,20240205,TSLA,187.91000366210935,181.05999755859372,0,0.04946342067483216,0.05849487366783872,0.12302875573051335,0.3146895327378122,0.06895897659155961,0.12242106661063629,0.018213408508314998,0.04946434493456009,0.10817379118168513,0.05325328521657342,0.03383854414567355,-0.8718,0.9213,0.086225
185.1000061035156,185.1000061035156,122676000,20240206,TSLA,181.05999755859372,185.1000061035156,1,0.05330807128857153,0.07175198561106805,0.09780477014017708,0.05025305597764934,0.14386818155164832,0.055808294302807135,0.036641592451201285,0.1261348994981833,0.026641632864652466,0.2869307611726074,0.05085675514143362,-0.8439,0.8519,-0.142375
187.5800018310547,187.5800018310547,111535200,20240207,TSLA,185.1000061035156,187.5800018310547,1,0.08333327287674439,0.1781835525069885,0.025000667176426822,0.10833353202976667,0.058333121024936006,0.08333323457267015,0.0500002213934039,0.2051488552954551,0.02500013643130694,0.15833288455175704,0.02500052214054387,-0.7757,0.9169,-0.05416
189.55999755859372,189.55999755859372,83034000,20240208,TSLA,187.5800018310547,189.55999755859372,1,0.058435015129843525,0.17787858745712953,0.025101570039410697,0.045101528524764824,0.07509966711179092,0.025101452893210002,0.21821003731909444,0.06378891182586487,0.02510116684596591,0.24071326578801377,0.045468797064910936,-0.7269,0.8187,-0.0023800000000000045
193.57000732421875,193.57000732421875,84476300,20240209,TSLA,189.55999755859372,193.57000732421875,1,0.15096280260888612,0.04944968632199591,0.1252061300447387,0.0721757583832499,0.21137825417017478,0.046204440462237,0.026722453730301434,0.0721769061452249,0.09944899313105492,0.08924960482058143,0.05702497018155443,-0.6705,0.8268,0.052536363636363645
188.1300048828125,188.1300048828125,95498600,20240212,TSLA,193.57000732421875,188.1300048828125,0,0.19969700457834327,0.02636439262164316,0.02636503664069172,0.07636312388679928,0.09303021599941624,0.02636363636739006,0.06636411161474144,0.12636207420411444,0.10636365314696919,0.1730373717551019,0.07968937918478883,-0.6249,0.5023,-0.05478000000000001
184.0200042724609,184.0200042724609,86759500,20240213,TSLA,188.1300048828125,184.0200042724609,0,0.03335520495392502,0.035477482775033105,0.03514075810672683,0.103729730647709,0.31430677269073415,0.11585497968051332,0.020855091871649988,0.02085529617718833,0.08571710503551819,0.09374068705564087,0.1409668910053607,-0.7579,0.7958,-0.012780000000000003
188.7100067138672,188.7100067138672,81203000,20240214,TSLA,184.0200042724609,188.7100067138672,1,0.1607128330708752,0.0178571428592599,0.5357111984983809,0.01785755401636485,0.1607136729778737,0.0178571551880983,0.01786112548733335,0.0178573568312474,0.01785714285905505,0.01785767535242845,0.01785714285908245,-0.4215,0.9501,0.2643
200.4499969482422,200.4499969482422,120831800,20240215,TSLA,188.7100067138672,200.4499969482422,1,0.03553232350426308,0.09555946105585904,0.059125305262759484,0.06599307438860079,0.018375341621867155,0.22244520039231958,0.0524654567949315,0.1937556988268528,0.0833541220912559,0.13124965399529057,0.042144362065999724,-0.6705,0.636,-0.06836666666666666
199.9499969482422,199.9499969482422,111346700,20240216,TSLA,200.4499969482422,199.9499969482422,0,0.1421642883951176,0.24707711087700396,0.030102926704520062,0.14977306942288895,0.08368333254849022,0.06346918994110616,0.06343647768647522,0.061105848795085585,0.06343588791961673,0.06471830229994423,0.031033565409750812,-0.7351,0.8519,0.07200769230769231
193.75999450683597,193.75999450683597,104545800,20240220,TSLA,199.9499969482422,193.75999450683597,0,0.07923551785295263,0.19173470636625992,0.04961197492337903,0.02090367239653396,0.1171923269110835,0.08912618809890481,0.020902280076790562,0.13313652083259678,0.11332625724462182,0.14726166554549203,0.03756888975138452,-0.6557,0.7263,0.17163
194.7700042724609,194.7700042724609,103500300,20240221,TSLA,193.75999450683597,194.7700042724609,1,0.0675773648024036,0.11560223553772511,0.052070601822598574,0.16295607580102192,0.0710183017836805,0.047332800121996324,0.13066601922543605,0.15403982799407567,0.016082976056328874,0.1281634760318968,0.054490320822836114,-0.9423,0.7574,-0.007275000000000011
197.41000366210935,197.41000366210935,92739500,20240222,TSLA,194.7700042724609,197.41000366210935,1,0.06980917256897662,0.13153283383181447,0.10545541940877598,0.11775151258927331,0.04021379870351961,0.08391669063222967,0.13672354548099902,0.11447243086004265,0.03252149591700966,0.10814161214653358,0.059461487860825016,-0.7964,0.902,0.03694999999999999
191.97000122070312,191.97000122070312,78841900,20240223,TSLA,197.41000366210935,191.97000122070312,0,0.14907592954486418,0.0844528937161372,0.057978056108966176,0.06574207139154264,0.044010756237718336,0.055324255640516636,0.07413120220460746,0.21500814390351408,0.07215292318659014,0.15997059163955687,0.02215317642598573,-0.9263,0.8591,0.05706153846153846
199.3999938964844,199.3999938964844,111747100,20240226,TSLA,191.97000122070312,199.3999938964844,1,0.06133597205319751,0.07792818345070784,0.07304503647007228,0.12794492479034794,0.06906664536610083,0.16532196898671297,0.140037122277648,0.08675231919787349,0.07849239250798785,0.08909369315368089,0.030981741745669863,-0.7003,0.7964,0.13493529411764704
199.72999572753903,199.72999572753903,108645400,20240227,TSLA,199.3999938964844,199.72999572753903,1,0.05458574041578997,0.11306803098154683,0.1666196800042669,0.0868716804044346,0.11272572389874462,0.036088546223463455,0.11282934400249646,0.06974053870257736,0.05982281334159475,0.11719417256661356,0.07045372945847092,-0.8313,0.7958,-0.12948888888888888
202.0399932861328,202.0399932861328,99806200,20240228,TSLA,199.72999572753903,202.0399932861328,1,0.056677600665681456,0.13499278037289617,0.19559647028076504,0.12646507781120722,0.08340596090270423,0.015945431991602456,0.030598849082379687,0.015945275980566987,0.0159453891794622,0.14391625301576635,0.18051091071696765,-0.7996,0.5574,-0.15007142857142858
201.8800048828125,201.8800048828125,85907000,20240229,TSLA,202.0399932861328,201.8800048828125,0,0.037263195038398686,0.08747410490750601,0.128295680345666,0.098829280117752,0.0894293745250225,0.0883717198815441,0.04912639786144484,0.18636111488871426,0.0213484085338428,0.19215195973032287,0.021348764169785345,-0.4728,0.8478,0.2306888888888889
202.63999938964844,202.63999938964844,82243100,20240301,TSLA,201.8800048828125,202.63999938964844,1,0.23094174906104656,0.0194806899028763,0.12123740756518231,0.11980394497738296,0.13059192669004177,0.019480820701639933,0.14135244255345128,0.07503676702203883,0.019480650097817766,0.10311294223690416,0.019480659191617764,-0.8316,0.0,-0.2772
188.13999938964844,188.13999938964844,134334900,20240304,TSLA,202.63999938964844,188.13999938964844,0,0.06969747923981617,0.050184012505663345,0.04159074276283871,0.0696971301660341,0.07445909870383811,0.32850462105076633,0.048982449504124115,0.06969734567869879,0.10779270255946165,0.022078749222215914,0.11731566860654233,-0.0258,0.9652,0.3299142857142857
180.7400054931641,180.7400054931641,119660800,20240305,TSLA,188.13999938964844,180.7400054931641,0,0.04337515939367787,0.08588324088048638,0.0705592251996374,0.17312378770718223,0.10439525030051057,0.11338540552106122,0.07459186598780262,0.08105814826231929,0.042567206933656204,0.1274155464968583,0.08364516331680748,-0.892,0.8931,-0.030175675675675678
176.5399932861328,176.5399932861328,107920900,20240306,TSLA,180.7400054931641,176.5399932861328,0,0.06303689202241625,0.13125402742367723,0.06436019240349969,0.23369941193851884,0.08899280828741227,0.024886330490232745,0.07840265270220644,0.12049902876701889,0.06834095154864057,0.0840972121153456,0.04243049230103102,-0.6597,0.8016,0.21709473684210528
178.64999389648438,178.64999389648438,102129000,20240307,TSLA,176.5399932861328,178.64999389648438,1,0.07771500005543804,0.11756901727435962,0.09021475324506371,0.10930556785619594,0.04202750650097986,0.07354807718050052,0.08396489770452338,0.06349860245358958,0.04563420551281232,0.21172740145360858,0.084794970762928,-0.7906,0.8591,0.18885
175.33999633789062,175.33999633789062,85544600,20240308,TSLA,178.64999389648438,175.33999633789062,0,0.06850642070969924,0.11073192965525704,0.05541140357745162,0.28660598875640736,0.11070671213749729,0.06763041110877537,0.043558001939270355,0.054774949852642925,0.0196970601042731,0.05428476948115336,0.12809235267757185,-0.7269,0.8074,0.20239285714285712
177.77000427246094,177.77000427246094,85391500,20240311,TSLA,175.33999633789062,177.77000427246094,1,0.02514428079446307,0.0469976529004665,0.15102139724168437,0.19883965422184588,0.038594557943250625,0.06535241172799788,0.08161291524708993,0.095646737417872,0.1309714416668004,0.14766729806747067,0.0181516527710582,-0.5719,0.864,0.26443076923076925
177.5399932861328,177.5399932861328,87391700,20240312,TSLA,177.77000427246094,177.5399932861328,0,0.09140873019807311,0.1492864934098349,0.08334854798900941,0.09792896312002887,0.1122168468213675,0.04085550835949009,0.0552775475938587,0.1952668500282088,0.07461871505002103,0.04458978106295246,0.055202016367154653,-0.9142,0.7351,-0.2237714285714286
169.47999572753906,169.47999572753906,106524500,20240313,TSLA,177.5399932861328,169.47999572753906,0,0.09918956078418617,0.2168355611280535,0.06149686438495062,0.10135064138063188,0.05735024081547794,0.10329103025911125,0.11145833584021471,0.038965684409968324,0.019357646399901524,0.16036929507449416,0.03033513952300954,-0.8867,0.7184,-0.12569999999999998
162.5,162.5,126325700,20240314,TSLA,169.47999572753906,162.5,0,0.04137134146057822,0.1282058875735883,0.02641747010474362,0.104772757677909,0.1593934752707743,0.09846817273581406,0.021763699257156634,0.06799109248251034,0.1849051556317456,0.11553527298888204,0.05117567481629745,-0.6486,0.7424,0.13881176470588236
163.57000732421875,163.57000732421875,97146800,20240315,TSLA,162.5,163.57000732421875,1,0.0964185947890419,0.08612568665465761,0.06744965823422586,0.1259395777586161,0.0981778367876562,0.12769909988457145,0.04235227640333726,0.09418381484764762,0.12200080146032541,0.05915454495362317,0.08049810822629694,-0.8357,0.7814,-0.12460689655172413
173.8000030517578,173.8000030517578,108214400,20240318,TSLA,163.57000732421875,173.8000030517578,1,0.10350826003384175,0.1143780445937255,0.06677751228128008,0.09493179874947165,0.10470543784814425,0.05716949499410292,0.03194540127398723,0.14854212284699664,0.07291858060222593,0.10656267399375471,0.09856067278246883,-0.7269,0.8399,0.04266666666666668
171.32000732421875,171.32000732421875,77271400,20240319,TSLA,173.8000030517578,171.32000732421875,0,0.039253157304612284,0.1191367382029859,0.07981760170409515,0.19084590889333514,0.10219566630878966,0.05038300727909779,0.16172141413603477,0.036484754122204345,0.07132151679759384,0.07759452188477568,0.07124571336647505,-0.5487,0.7626,0.04332666666666666
175.66000366210938,175.66000366210938,83846700,20240320,TSLA,171.32000732421875,175.66000366210938,1,0.06297277636211482,0.08861381801816345,0.01810128738802397,0.05921371749239308,0.12555547034045567,0.033906419251520624,0.12707534099402637,0.14293842478993987,0.0181011931329428,0.2129354325677261,0.1105861196626928,-0.8142,0.5707,-0.1541923076923077
172.82000732421875,172.82000732421875,73178000,20240321,TSLA,175.66000366210938,172.82000732421875,0,0.04367090190744823,0.25928332128265597,0.07976079677911854,0.09631534135146624,0.03092962414942447,0.11397986779399227,0.09165764584500903,0.05903223196425805,0.02174101183358761,0.16034605904333013,0.04328319804970901,-0.8977,0.8979,-0.18417894736842105
170.8300018310547,170.8300018310547,75580600,20240322,TSLA,172.82000732421875,170.8300018310547,0,0.04724421866780166,0.021164410837261848,0.021164373051223418,0.12689622770397851,0.08170813541081692,0.06283100716343547,0.19414418645176748,0.16402090260164046,0.02116447928250205,0.23849765732978456,0.0211644014997872,-0.4588,0.9524,0.17561666666666667
172.6300048828125,172.6300048828125,74228600,20240325,TSLA,170.8300018310547,172.6300048828125,1,0.10359741997453766,0.09077714363949489,0.0914205058882429,0.10836458400731594,0.061931673262566635,0.03324039380453395,0.05252374989162497,0.26401498941784357,0.04526532788382639,0.12859888482619028,0.020265327403822312,-0.5994,0.6888,-0.024300000000000016
177.6699981689453,177.6699981689453,113186200,20240326,TSLA,172.6300048828125,177.6699981689453,1,0.05354485176491316,0.13670600360758228,0.0604978903107429,0.0711860854293428,0.08171995278898243,0.08496767275031132,0.14260257460481743,0.0869333838633919,0.03839855756267132,0.1422012354076876,0.1012417919095564,-0.8481,0.743,0.023612499999999995
179.8300018310547,179.8300018310547,81804000,20240327,TSLA,177.6699981689453,179.8300018310547,1,0.01857877158301405,0.10421630825373673,0.06902790480091615,0.115485676256682,0.04238356556088555,0.09227772484180734,0.018579166489418576,0.14990693572593825,0.18832150296623962,0.1687548523558786,0.032467591165482625,-0.856,0.7993,0.15280000000000002
175.7899932861328,175.7899932861328,77654800,20240328,TSLA,179.8300018310547,175.7899932861328,0,0.075457425108351,0.12038320695870576,0.09185816369454727,0.13220248733655465,0.044655475991419696,0.03709972562671945,0.07564831025248323,0.1349816860769973,0.018941867367153142,0.20263786790861063,0.06613378367845742,-0.969,0.765,-0.017449999999999993
175.22000122070312,175.22000122070312,81562100,20240401,TSLA,175.7899932861328,175.22000122070312,0,0.02543378439528823,0.12067152449221266,0.0377220557166076,0.1253037108739422,0.061146963893037885,0.16828888078773255,0.025433361155295427,0.19303368928193113,0.04924242906575797,0.16829062552113494,0.025432974817058928,-0.2481,0.7003,0.2462857142857143
166.6300048828125,166.6300048828125,116650600,20240402,TSLA,175.22000122070312,166.6300048828125,0,0.08177768565759214,0.16114255771831942,0.0393105239492656,0.2568233382438188,0.05320676464581418,0.053205270776387245,0.07550615516728973,0.017491571777826558,0.037899268768861676,0.2061450713593152,0.017491791935509027,-0.93,0.5667,-0.3130571428571428
168.3800048828125,168.3800048828125,82950100,20240403,TSLA,166.6300048828125,168.3800048828125,1,0.14675246856163504,0.1602784090195799,0.12334017640090189,0.08741917080659184,0.016906414894771547,0.03229116363476767,0.2233674280337845,0.09383014785112967,0.029745855458777504,0.06916245733252077,0.0169063080055392,-0.7964,0.9577,0.1750307692307692
171.11000061035156,171.11000061035156,123162000,20240404,TSLA,168.3800048828125,171.11000061035156,1,0.12604292304812542,0.1446214182337562,0.018973353789534027,0.10988038328061775,0.09169972499897777,0.08715341961357997,0.01897250318976739,0.11745471274677767,0.02907369236422133,0.162155621750183,0.093972246984459,-0.5448,0.9415,0.4517545454545454
164.89999389648438,164.89999389648438,143157600,20240405,TSLA,171.11000061035156,164.89999389648438,0,0.03920863833534805,0.09069037703273167,0.12809790551559852,0.06920928583834206,0.0725420159345113,0.07809688681614728,0.10384968436699044,0.13920798435515946,0.029949575169798074,0.1699492675636792,0.07919837907169344,-0.8419,0.9194,0.15696000000000002
172.97999572753906,172.97999572753906,104423300,20240408,TSLA,164.89999389648438,172.97999572753906,1,0.2204559940835286,0.02045454545704195,0.02045454545692225,0.02045454545687075,0.0204545454576431,0.0204545454574786,0.0204545856612246,0.0204550168822205,0.0204545454568011,0.5954512139606272,0.02045591666964095,0.0,0.3612,0.1806
176.8800048828125,176.8800048828125,102951700,20240409,TSLA,172.97999572753906,176.8800048828125,1,0.25942021755412165,0.11464487552829994,0.05826947631371219,0.07948171894454724,0.04617780065854904,0.06145985715483713,0.021178868471466956,0.12279457753827559,0.0420115270370172,0.16027919381702574,0.03428188698214674,-0.8858,0.7579,-0.163075
171.75999450683594,171.75999450683594,84532400,20240410,TSLA,176.8800048828125,171.75999450683594,0,0.1304373015149078,0.02410943624971273,0.07410923093949831,0.060206118526850795,0.12935937003847375,0.1271186522929966,0.10855381946776847,0.19537006235986748,0.02410941531532412,0.10251680944544558,0.02410978384915391,-0.5267,0.7684,0.16716000000000003
174.60000610351562,174.60000610351562,94516000,20240411,TSLA,171.75999450683594,174.60000610351562,1,0.10406392935402325,0.06908637964132464,0.04946875751454944,0.05582294475871918,0.17701194322774558,0.109784095146327,0.09975953447831182,0.10865182633109453,0.06488491995225765,0.11957282236273946,0.041892847232907066,-0.802,0.7345,-0.15614545454545456
171.0500030517578,171.0500030517578,64722700,20240412,TSLA,174.60000610351562,171.0500030517578,0,0.1703654168014463,0.0833142001570948,0.29018207237569993,0.02128427128550128,0.02128427271605672,0.07128428364157706,0.1212842712809294,0.02128435148301632,0.021284271285464562,0.10714825824409865,0.07128433072911448,-0.0299,0.8357,0.28853999999999996
161.47999572753906,161.47999572753906,100245300,20240415,TSLA,171.0500030517578,161.47999572753906,0,0.08230116072695139,0.1293834605070372,0.08547618247493428,0.10996475991378477,0.03309518529010419,0.08468137265912734,0.08865129643847232,0.07041693815569768,0.11642727825723455,0.1109527299023133,0.08864963567434238,-0.6588,0.7968,0.00027142857142857323
157.11000061035156,157.11000061035156,97000000,20240416,TSLA,161.47999572753906,157.11000061035156,0,0.0452669703467095,0.10082301414681709,0.08509078862550228,0.14656176578946675,0.052494359601611106,0.13540439160842624,0.11812219125950639,0.13981967526609582,0.03256859534944178,0.12080323940498348,0.023045008601439054,-0.8208,0.6705,0.07662666666666666
155.4499969482422,155.4499969482422,82439700,20240417,TSLA,157.11000061035156,155.4499969482422,0,0.03303030303227908,0.14924562814784406,0.19303107552427673,0.12522079284347362,0.15750727878350962,0.033030353121392644,0.13302919253274487,0.03303102740141478,0.07681304492296745,0.033030696714011445,0.03303060697608532,-0.5093,0.6705,-0.01851999999999999
149.92999267578125,149.92999267578125,96098800,20240418,TSLA,155.4499969482422,149.92999267578125,0,0.10404169888688851,0.20918136458474215,0.0807100411066116,0.11638028875096089,0.055297626276740834,0.06476684135266397,0.04596911057077157,0.1315795865084456,0.04180200278256599,0.08346932567482183,0.06680211350478658,-0.8442,0.6908,-0.06962499999999999
147.0500030517578,147.0500030517578,87074500,20240419,TSLA,149.92999267578125,147.0500030517578,0,0.06565658662058384,0.16582059551465608,0.018578670240264283,0.07443932286724998,0.018578890084014282,0.01857879858060621,0.10732315971950342,0.0791850476442315,0.04576971931338103,0.23827471594322358,0.16779449347228534,-0.6461,0.7253,0.05695454545454544
142.0500030517578,142.0500030517578,107097600,20240422,TSLA,147.0500030517578,142.0500030517578,0,0.06557551352711101,0.042396166059707,0.05194428734967436,0.15820882738467487,0.04355872898805909,0.10173928284648606,0.08746922296859036,0.04747564203759753,0.08540329149425276,0.18654456480389117,0.1296844725399553,-0.7717,0.7906,0.021724999999999998
144.67999267578125,144.67999267578125,124545100,20240423,TSLA,142.0500030517578,144.67999267578125,1,0.08840809067030186,0.057775927806662956,0.023033146834566053,0.13501820862112723,0.14380331682018208,0.0671503888853317,0.12419064376652651,0.094255389260303,0.0812890834854797,0.06448803259842657,0.12058777125109194,-0.7003,0.5707,-0.008447058823529415
162.1300048828125,162.1300048828125,181178000,20240424,TSLA,144.67999267578125,162.1300048828125,1,0.21565573570067145,0.185101085600353,0.018434496926631735,0.29065529178178323,0.05176771321853412,0.060101737812973795,0.01843462745379783,0.10454570851831989,0.018434422451041585,0.0184348122291788,0.018434368306714032,-0.7469,0.8172,0.12241666666666669
170.17999267578125,170.17999267578125,126427500,20240425,TSLA,162.1300048828125,170.17999267578125,1,0.17473149674408509,0.11980450377547282,0.017954233780579736,0.06239877988189096,0.11980467583998676,0.10912921292979015,0.017953452023998624,0.11319121501268599,0.13647103592782084,0.01795465326420118,0.11060674081948735,-0.9441,0.7501,-0.06896666666666668
168.2899932861328,168.2899932861328,109815700,20240426,TSLA,170.17999267578125,168.2899932861328,0,0.05381903969287128,0.11357826299030387,0.09921581142724763,0.07428772383201707,0.12019767264815377,0.08653725431160159,0.07183461245760406,0.07962770307048136,0.099501576275032,0.11236492006666687,0.08903542322802005,-0.7461,0.8776,0.045856521739130435
194.0500030517578,194.0500030517578,243869700,20240429,TSLA,168.2899932861328,194.0500030517578,1,0.08038990406362473,0.20899823403598267,0.057089601114961835,0.10625525453625782,0.04513297111214862,0.0579539276980597,0.1678281062648045,0.07409590901315287,0.03645708806944492,0.07145171229205856,0.09434729179950328,-0.8519,0.8824,0.24397692307692306
183.27999877929688,183.27999877929688,127031800,20240430,TSLA,194.0500030517578,183.27999877929688,0,0.054615044620069365,0.09628110569586253,0.13165181699620962,0.02128191609874412,0.09987173316062992,0.08946270863043083,0.09627964734999185,0.14628090872982255,0.12961430082774078,0.11337970651695084,0.021281111373547067,-0.4939,0.6705,0.14706999999999998
179.99000549316406,179.99000549316406,92829700,20240501,TSLA,183.27999877929688,179.99000549316406,0,0.3715884969409924,0.021591359145907152,0.2715882294350235,0.08409092727938568,0.021592046346049474,0.021593590892881376,0.021592703012715174,0.0215913467914752,0.021590909094816275,0.12158812924304115,0.021592261817712323,0.0,0.8932,0.323775
180.00999450683594,180.00999450683594,89148000,20240502,TSLA,179.99000549316406,180.00999450683594,1,0.08409524045590747,0.1602630996145477,0.0279697475798796,0.16794547856129569,0.22223049818495624,0.07308320137275788,0.029801160035327175,0.052739327169717756,0.049031501532296747,0.11586006116003414,0.016980684333279122,-0.9674,0.9115,-0.012746153846153851
181.19000244140625,181.19000244140625,75491500,20240503,TSLA,180.00999450683594,181.19000244140625,1,0.05261818697105733,0.04517834526919369,0.12548543150996888,0.04001601267707607,0.07334239731424698,0.17189930352233868,0.04591424563727126,0.07259676880331256,0.06787804475674933,0.21804670875111326,0.08702455478767149,-0.6124,0.6908,0.04734615384615383
184.75999450683597,184.75999450683597,84390300,20240506,TSLA,181.19000244140625,184.75999450683597,1,0.07804119859175075,0.08340596375865472,0.10354417278976581,0.21187555714303577,0.0924332298647989,0.11118321431883654,0.03132260888796157,0.05910049155713248,0.14561583426551614,0.05215497095418924,0.03132275786835754,-0.7424,0.6696,0.09666666666666668
177.80999755859375,177.80999755859375,75045900,20240507,TSLA,184.75999450683597,177.80999755859375,0,0.07148784413583816,0.23863189710083707,0.16293415871306907,0.06628132903003539,0.02461283665487136,0.12877800089985678,0.1233604348844171,0.0246130833405852,0.024612653436513813,0.06627927855769837,0.0684084832462773,-0.2732,0.7924,0.16036250000000002
174.72000122070312,174.72000122070312,79969500,20240508,TSLA,177.80999755859375,174.72000122070312,0,0.13116933768692854,0.024621893338135453,0.07911031997251183,0.2062417527589089,0.08017728857486159,0.08017674653022026,0.09862842782833829,0.024621772403196917,0.10101010592760133,0.10795448384599447,0.06628787113330202,-0.5562,0.6133,0.17259999999999998
171.97000122070312,171.97000122070312,65950300,20240509,TSLA,174.72000122070312,171.97000122070312,0,0.054545656699271416,0.022799873852749543,0.07223983536529666,0.318036361130261,0.10613294594755272,0.04660895840561916,0.06859828746268427,0.11135843310978759,0.04660793213051871,0.09674304900605,0.05632866689020844,-0.5859,0.8271,0.07399285714285712
168.47000122070312,168.47000122070312,72627200,20240510,TSLA,171.97000122070312,168.47000122070312,0,0.023420319533312,0.023419971301375388,0.17830251453109253,0.09008609994912826,0.16008594723285224,0.11675373108535232,0.1034200531179899,0.023420481345924928,0.02341998837667727,0.1200534091900245,0.13761748433627022,-0.7269,0.4939,0.020680000000000004
171.88999938964844,171.88999938964844,67018900,20240513,TSLA,168.47000122070312,171.88999938964844,1,0.12524383965514957,0.14614772074766677,0.01691183187893315,0.11443353445970342,0.0871204530322252,0.0848357953995209,0.0422630212392336,0.09457717818172709,0.050245131186068104,0.09893047963376018,0.1392910145860115,-0.9382,0.4588,-0.14579
177.5500030517578,177.5500030517578,86407400,20240514,TSLA,171.88999938964844,177.5500030517578,1,0.119435643534219,0.07083347305504722,0.025000761736235087,0.11123236794550152,0.02500070680767416,0.2270837585948153,0.11874926242698958,0.056250281942960945,0.053482105114766636,0.10543209207012388,0.08749954677166616,-0.624,0.7964,0.1261
173.99000549316406,173.99000549316406,79663000,20240515,TSLA,177.5500030517578,173.99000549316406,0,0.10626156493018578,0.11190500484750757,0.022619365456755514,0.022620169497101113,0.07023839583782213,0.12469043713113338,0.15357150723764798,0.10595285408543319,0.12976095888299063,0.12976007416265237,0.0226196679307698,-0.2617,0.8172,0.5573714285714286
174.83999633789062,174.83999633789062,59812200,20240516,TSLA,173.99000549316406,174.83999633789062,1,0.1660718194618776,0.017262137914096275,0.017261904763094426,0.08869024126644798,0.017261904763455526,0.0797622980636281,0.2339282950339584,0.017262089789795203,0.14226129786090574,0.14668065108959688,0.07355735999314335,-0.6696,0.5106,-0.03974999999999998
177.4600067138672,177.4600067138672,77445800,20240517,TSLA,174.83999633789062,177.4600067138672,1,0.029040555627449647,0.07070716772065232,0.09848474497663688,0.02904044618256668,0.11237364555738638,0.17213015291737035,0.2053948941705924,0.02904086142682245,0.07070715368838125,0.11237297439302026,0.07070740333912089,-0.5719,0.5562,0.005633333333333342
174.9499969482422,174.9499969482422,61727400,20240520,TSLA,177.4600067138672,174.9499969482422,0,0.06444249976346214,0.08042292802146216,0.12085239357658746,0.10471573357236791,0.08360772617335761,0.10160150995066408,0.08652996500158969,0.1331221160618728,0.11317633351180718,0.058708296661411745,0.052820497705416754,-0.7678,0.8126,0.339596
186.6000061035156,186.6000061035156,115266500,20240521,TSLA,174.9499969482422,186.6000061035156,1,0.04420829639352701,0.21219623400122928,0.07330931240003671,0.08124508717528978,0.1164966397221221,0.16457722620629836,0.04420892950303543,0.06781651813388861,0.05351104861497798,0.11674054352282479,0.025690164326769446,-0.9117,0.7906,-0.06007777777777777
173.74000549316406,173.74000549316406,71975500,20240523,TSLA,180.11000061035156,173.74000549316406,0,0.05802923556307982,0.17136069978607588,0.06022426185339458,0.13301509698585687,0.07084086036236051,0.10524100896472369,0.09099241742223894,0.132901322067758,0.019973720884942415,0.11928312362760678,0.03813825248196198,-0.8176,0.6588,-0.03389333333333333
179.24000549316406,179.24000549316406,65584500,20240524,TSLA,173.74000549316406,179.24000549316406,1,0.10329639469466559,0.19116925281555233,0.06438463868099989,0.09605357557448221,0.07869425727753952,0.10616851195011491,0.035168160179646586,0.06109914122893948,0.06927906848941104,0.13489434175712972,0.05979265735151823,-0.8584,0.7579,0.07980714285714285
176.75,176.75,59736600,20240528,TSLA,179.24000549316406,176.75,0,0.025252670447890965,0.025255422194932698,0.10858474316857623,0.13636265097885206,0.10858644551275147,0.025252978276532733,0.025253118831803065,0.19191654859744714,0.025252525253635066,0.19191996874354797,0.1363629279940302,0.0,0.5848,0.3478666666666667
176.19000244140625,176.19000244140625,54782600,20240529,TSLA,176.75,176.19000244140625,0,0.07470322081943222,0.04381880847304234,0.12131360563874351,0.03927307340388552,0.07412163712291209,0.11654535201279716,0.14230262198967916,0.14431215734784572,0.08351101887881651,0.08897279786250262,0.07112570645034261,-0.7806,0.4926,-0.05567272727272729
178.7899932861328,178.7899932861328,77618400,20240530,TSLA,176.19000244140625,178.7899932861328,1,0.06124835448011144,0.15326310236875448,0.10808059335248792,0.11373416333649225,0.0850844318145827,0.12325415880874291,0.08621746945430256,0.066718450235602,0.09383479300148916,0.06992957240783128,0.038634910739602894,-0.7351,0.872,0.16777142857142857
178.0800018310547,178.0800018310547,67314600,20240531,TSLA,178.7899932861328,178.0800018310547,0,0.16586463511512078,0.10051281984997144,0.07561334355393512,0.06926425475591814,0.09878789497531226,0.04704194221727636,0.18037518330324043,0.0756131938785973,0.04704186776735968,0.09284283303623332,0.047042031547034756,-0.3612,0.8591,0.18409999999999999
176.2899932861328,176.2899932861328,68568900,20240603,TSLA,178.0800018310547,176.2899932861328,0,0.03181819647285039,0.17765115495231532,0.0568184813450814,0.10681782559279207,0.03181818181992689,0.2609846118096246,0.031818181819707074,0.13181806051290615,0.031818765758505126,0.10681830968457116,0.03181823023171935,-0.4576,0.7893,0.10925
174.77000427246094,174.77000427246094,60056300,20240604,TSLA,176.2899932861328,174.77000427246094,0,0.03961713738032452,0.07931847270384572,0.09719396371205093,0.012652272641799167,0.11518771774476079,0.012651927374025299,0.2914361662190822,0.09305423091220986,0.0364607196576541,0.0960873146227776,0.1263400770314693,-0.5574,0.6597,-0.015316666666666682
175.0,175.0,57953800,20240605,TSLA,174.77000427246094,175.0,1,0.15216344476507185,0.128230958622967,0.02192357509250436,0.021924114755723614,0.06954127290102093,0.0998990512347004,0.23404245008025862,0.021923981904032698,0.1362088326217052,0.021924565699943815,0.09221775232207108,-0.296,0.8553,0.1608285714285714
177.94000244140625,177.94000244140625,69887000,20240606,TSLA,175.0,177.94000244140625,1,0.07246537141263516,0.04503700814133557,0.02680148777705354,0.09985975944040619,0.06432672872238131,0.09730287129362165,0.06647314255315828,0.05495210426947652,0.2898840935181008,0.03347023362708381,0.14942719924474673,-0.34,0.8398,0.21591875
177.47999572753906,177.47999572753906,56244900,20240607,TSLA,177.94000244140625,177.47999572753906,0,0.07492026206888976,0.014610918388983022,0.03960999951335464,0.19676394628353483,0.1931813586774979,0.014610836627542659,0.01461096328386324,0.0431818655894802,0.23156783747060553,0.06818149717946023,0.10876051491678755,-0.4939,0.8122,0.04142
173.7899932861328,173.7899932861328,50774600,20240610,TSLA,177.47999572753906,173.7899932861328,0,0.03170579587484188,0.12289923103319537,0.18134314898225398,0.15273565227992308,0.08601981975799175,0.04885016025936187,0.033292792670090714,0.11217175325189878,0.022181685927507758,0.15881819779446876,0.0499817621684656,-0.7783,0.9134,0.07622666666666666
170.66000366210938,170.66000366210938,64761900,20240611,TSLA,173.7899932861328,170.66000366210938,0,0.041935274253879086,0.07701172521328448,0.048891587062099326,0.1312205694777,0.2545679312379509,0.0785198579733791,0.09902389225053851,0.06771297968819986,0.05727082076081258,0.12571962633931238,0.018125735742843326,-0.5574,0.7845,0.24397142857142856
177.2899932861328,177.2899932861328,90389400,20240612,TSLA,170.66000366210938,177.2899932861328,1,0.04191070990436983,0.1991438725164855,0.15198265911605374,0.05927757487188756,0.05643199477954136,0.10212553424111252,0.08400448749545524,0.0425671105854665,0.11178674977823122,0.12766951055683937,0.02309979615455672,-0.7184,0.5499,0.02976000000000001
182.47000122070312,182.47000122070312,118984100,20240613,TSLA,177.2899932861328,182.47000122070312,1,0.025378813491159377,0.30871055726650615,0.1087123680326998,0.10870993875479361,0.10871240345062623,0.0253796093182995,0.08787882283445345,0.025379658537504027,0.08787985999407841,0.08787847909957353,0.0253794892203054,0.0,0.7562,0.4867
178.00999450683594,178.00999450683594,82038200,20240614,TSLA,182.47000122070312,178.00999450683594,0,0.02848484848858392,0.07109673562269288,0.028485475655526598,0.0284848484875871,0.028484896169724837,0.10005769203716104,0.0284852018739074,0.028484901491582643,0.02848487316663826,0.3686333804318302,0.2608171465747645,0.0,0.4404,0.15172
187.44000244140625,187.44000244140625,109786100,20240617,TSLA,178.00999450683594,187.44000244140625,1,0.019023802231784258,0.01902410475728949,0.11207875700451564,0.07700039989076855,0.16388262466864073,0.20413030464782408,0.09078187580437778,0.019023810891068076,0.06902377138803766,0.09137215842694206,0.1346583902887512,-0.5423,0.7906,0.15159999999999998
184.8600006103516,184.8600006103516,68982300,20240618,TSLA,187.44000244140625,184.8600006103516,0,0.027272875302353176,0.15227190685025677,0.1522747781648146,0.21893725169867342,0.19393921413985044,0.06893928972307997,0.027272920369686125,0.027272786050283153,0.027273602298295525,0.07727230980738045,0.0272730655953259,-0.6908,0.0,-0.33485
181.57000732421875,181.57000732421875,55893100,20240620,TSLA,184.8600006103516,181.57000732421875,0,0.05347754018264786,0.10835695216124669,0.11886866624884473,0.16954676327740456,0.019258704270582745,0.09557844964432495,0.17122844388863576,0.045829396331611254,0.01925876872170543,0.07176192376050544,0.12683439151249012,-0.6369,0.9366,0.09015384615384615
183.00999450683597,183.00999450683597,61937300,20240621,TSLA,181.57000732421875,183.00999450683597,1,0.16906277430738142,0.13340643264641217,0.01987103096886878,0.06987024223017123,0.1747947763887371,0.056185034533919896,0.019871032051554,0.019870304706423158,0.07701356542243162,0.2090828597736735,0.05097194697042666,-0.7263,0.9552,-0.10981999999999999
182.5800018310547,182.5800018310547,61992100,20240624,TSLA,183.00999450683597,182.5800018310547,0,0.1712091623398188,0.03787962681816154,0.08788050280804316,0.10716241007293012,0.037879433487179696,0.10192830992108788,0.20454512171903616,0.08787944200934443,0.08787817347847096,0.03787878788048186,0.037879029465444955,-0.8074,0.5563,0.051900000000000016
187.3500061035156,187.3500061035156,62905700,20240625,TSLA,182.5800018310547,187.3500061035156,1,0.023232832479211166,0.11981780074646793,0.06952987592251807,0.051009881472486696,0.11973408164479268,0.12693594901433056,0.08989904269406894,0.1340532339178522,0.08249161135237049,0.0767298775794729,0.10656581317642791,-0.7351,0.4215,0.024422222222222227
196.3699951171875,196.3699951171875,95737100,20240626,TSLA,187.3500061035156,196.3699951171875,1,0.017803030304839026,0.08030285553823124,0.05947006783681015,0.1428026017977194,0.017803284865998276,0.1428033852385616,0.017803429489928,0.0178030708648521,0.21780316194252483,0.10113629933644612,0.1844688127840888,-0.1779,0.6808,0.12572499999999998
197.4199981689453,197.4199981689453,72746500,20240627,TSLA,196.3699951171875,197.4199981689453,1,0.019108074914545466,0.2737550600375607,0.019108265425060448,0.06077548008151618,0.019108046709540864,0.019108134269069918,0.019107890877180515,0.18673174169495524,0.2357747033438482,0.10799597397244749,0.039426628674274496,-0.1404,0.7684,0.126
197.8800048828125,197.8800048828125,95438100,20240628,TSLA,197.4199981689453,197.8800048828125,1,0.15426110099386378,0.16635743757997457,0.09492837027398819,0.14084626495253125,0.02350055567268273,0.023500515465660714,0.05921435907589418,0.26688953233928137,0.023500486503762356,0.023500309216144655,0.023501067926215684,-0.7184,0.8304,0.20645714285714287
209.8600006103516,209.8600006103516,135691400,20240701,TSLA,197.8800048828125,209.8600006103516,1,0.05911472723127578,0.10562408840773013,0.09784606415648418,0.03578605112347446,0.088596023586661,0.09932669554662839,0.17738964058804546,0.13423672011460033,0.05131225809763347,0.114981342484444,0.03578638866302234,-0.875,0.7684,-0.0070066666666666645
231.25999450683597,231.25999450683597,205047900,20240702,TSLA,209.8600006103516,231.25999450683597,1,0.06627779060795763,0.1180876109385647,0.15192822721749602,0.09547016470541937,0.09029823095319588,0.138609816301479,0.023227553751008448,0.04886795655332779,0.1314723614936491,0.079662506354519,0.05609778112338253,-0.4019,0.8313,0.2774076923076923
246.38999938964844,246.38999938964844,166561500,20240703,TSLA,231.25999450683597,246.38999938964844,1,0.17438046377279556,0.07437961601724227,0.18013851739975725,0.02438023497954032,0.04904338365703518,0.19386259138559453,0.07438019168481283,0.02438018997364504,0.15629334711584966,0.024380690487109058,0.0243807735266179,-0.4389,0.8519,0.1115
251.5200042724609,251.5200042724609,154501200,20240705,TSLA,246.38999938964844,251.5200042724609,1,0.0227272727316498,0.022727592320801952,0.0227272727305536,0.02272727273048315,0.1893931780375245,0.0227280293933527,0.022727272731010002,0.4393937335990603,0.02272727273038575,0.18939383026474588,0.0227272727304318,-0.4588,0.0772,-0.1908
252.94000244140625,252.94000244140625,157219600,20240708,TSLA,251.5200042724609,252.94000244140625,1,0.05907793937400015,0.2911248591606496,0.016125697608751464,0.16994650147902304,0.21377146245793954,0.08279231603972124,0.016125541127297017,0.10265867601065386,0.016125541127003668,0.0161257446209231,0.016125720994036866,-0.8625,0.4767,-0.07035000000000001
262.3299865722656,262.3299865722656,160210900,20240709,TSLA,252.94000244140625,262.3299865722656,1,0.05039884989281149,0.14127020285093725,0.07912302208219338,0.0809336166339033,0.06771494285567041,0.04282281101755513,0.10832758670397304,0.09865524478769559,0.0816457727549799,0.1368675996870494,0.11224035073323059,-0.7269,0.784,0.1308409090909091
263.260009765625,263.260009765625,128519400,20240710,TSLA,262.3299865722656,263.260009765625,1,0.09645559537683629,0.0943717922453846,0.08811327527820055,0.050070630314871724,0.048539044789960566,0.20397686466803033,0.09664305140150795,0.03916508416040743,0.10433696506886062,0.15478818734916308,0.023539509346776413,-0.5719,0.8126,0.01815
241.02999877929688,241.02999877929688,221707300,20240711,TSLA,263.260009765625,241.02999877929688,0,0.05399424706240851,0.17613992197669054,0.15483308245430927,0.15116382005988166,0.06452484056192395,0.0482245678233231,0.0771002607134499,0.07616967084887706,0.07574227298858767,0.047658442544461464,0.0744488729660864,-0.9081,0.902,0.044607692307692313
248.22999572753903,248.22999572753903,155955800,20240712,TSLA,241.02999877929688,248.22999572753903,1,0.05860153907024783,0.1191717791152672,0.05969324870385821,0.08243818482887343,0.026310216256003875,0.1262632000364091,0.05755326046158127,0.16390077990888552,0.11095450447601891,0.06445931013059969,0.1306539770122545,-0.7345,0.8316,0.005193750000000004
252.63999938964844,252.63999938964844,146912900,20240715,TSLA,248.22999572753903,252.63999938964844,1,0.08910543160746918,0.1363340396645493,0.06023600540243413,0.09825769064979548,0.050669525721358834,0.06370987669962155,0.06868559375889448,0.1882666520893201,0.05759364675318074,0.14210402561944863,0.045037512033927175,-0.9253,0.8718,0.028468421052631577
256.5599975585937,256.5599975585937,126332500,20240716,TSLA,252.63999938964844,256.5599975585937,1,0.10118338172128684,0.18314806213738935,0.08614511530694464,0.23186852549438264,0.09842923413517829,0.03776770858841452,0.06618446653312396,0.04251708578300196,0.02261597213946445,0.07116051888744784,0.05897992927336503,-0.9151,0.6124,-0.2490363636363636
248.5,248.5,115584800,20240717,TSLA,256.5599975585937,248.5,0,0.09608402958186124,0.10786051311162013,0.02815440529458665,0.09319015027100366,0.05456216650890952,0.1679103335875129,0.10090518024963634,0.05315456719528059,0.15088662848588766,0.05283094493439763,0.09446108077930329,-0.7184,0.802,0.12220624999999999
249.22999572753903,249.22999572753903,110869000,20240718,TSLA,248.5,249.22999572753903,1,0.04710481975329151,0.12873384759462794,0.09838453320121421,0.14849490464020418,0.12798352412802064,0.047105194614945535,0.12956439012930387,0.10960414993290786,0.06793833983943218,0.06187347738882067,0.03321281877723093,-0.8402,0.8096,0.07936666666666665
239.1999969482422,239.1999969482422,87403900,20240719,TSLA,249.22999572753903,239.1999969482422,0,0.11066485719366143,0.08184109038410084,0.047977989735653495,0.14169019336943242,0.15549813620293393,0.035031195090512814,0.0724488830828918,0.09625806181075147,0.08115319735070961,0.07452243854569829,0.10291395723365342,-0.8402,0.7184,-0.0706952380952381
251.50999450683597,251.50999450683597,101225400,20240722,TSLA,239.1999969482422,251.50999450683597,1,0.08516267774495084,0.12467796930657933,0.07591631437996772,0.08514396008718318,0.1068103043952086,0.17453838269267583,0.05557038530696133,0.05806017991465923,0.02445745818116485,0.08720274596857876,0.12245962202206992,-0.8779,0.9201,0.26828823529411766
246.3800048828125,246.3800048828125,111928200,20240723,TSLA,251.50999450683597,246.3800048828125,0,0.07449085432616316,0.051963964239313994,0.024187107349445843,0.17233417392561728,0.1754186863797857,0.19078305320915043,0.17703925332405618,0.024186456847912045,0.024186501366585303,0.06122332113162324,0.024186627900346324,0.0,0.7992,0.5140888888888889
215.9900054931641,215.9900054931641,167942900,20240724,TSLA,246.3800048828125,215.9900054931641,0,0.10290253522465456,0.15656462494852405,0.04173883843179917,0.13938116032704653,0.06789654315260069,0.08359157061281537,0.05467092511015271,0.19599496704480038,0.024606810879983045,0.08521195902191,0.0474400652457131,-0.8372,0.974,0.08832727272727271
220.25,220.25,100636500,20240725,TSLA,215.9900054931641,220.25,1,0.0671816719589364,0.10089780580701291,0.15936102975700348,0.16626036791176407,0.04340261996367505,0.09977525548164012,0.134245002405599,0.05320648473747573,0.03359878925076325,0.10531449207137784,0.0367564806547517,-0.5994,0.8569,0.24506470588235296
219.8000030517578,219.8000030517578,94604100,20240726,TSLA,220.25,219.8000030517578,0,0.024892202550787588,0.2844142787593911,0.024892884350399873,0.11060688030347941,0.09631905018017063,0.21060602254760977,0.024892099279103998,0.024892605330351116,0.05346421870773976,0.1201276855889369,0.02489207240202934,-0.7351,0.4767,-0.14529999999999998
232.1000061035156,232.1000061035156,129201800,20240729,TSLA,219.8000030517578,232.1000061035156,1,0.07531539637923979,0.05782228811429357,0.07558376893402749,0.12178576112852338,0.16923385527563722,0.05038294554510665,0.09833282182767593,0.17820445680302693,0.027306327774211513,0.09963495852736043,0.0463974196908966,-0.7579,0.6249,0.05902692307692308
222.6199951171875,222.6199951171875,100560300,20240730,TSLA,232.1000061035156,222.6199951171875,0,0.05927425457325998,0.1196078935025867,0.13921409951717004,0.1323475029876893,0.033633150872191035,0.025940772912896756,0.025941148266578264,0.11055642420598835,0.025940737255932725,0.2229949884600608,0.10454902744564555,-0.9429,0.7351,-0.01406153846153845
232.07000732421875,232.07000732421875,67497000,20240731,TSLA,222.6199951171875,232.07000732421875,1,0.230435816900382,0.12169900186092387,0.02170011550053296,0.14212689282741892,0.021699291069538624,0.08419931781345728,0.04159986773544627,0.10894204956903607,0.05295007537386187,0.09669847251521398,0.07794909883418763,-0.6124,0.8591,0.10373749999999998
216.8600006103516,216.8600006103516,83861900,20240801,TSLA,232.07000732421875,216.8600006103516,0,0.07242485414063743,0.06742355711236102,0.06458411760809088,0.07242577060151857,0.13026388410711837,0.11575673240765467,0.06260379442684766,0.1774240576739922,0.08242338504241872,0.07242488855577225,0.08224495832358784,-0.5983,0.5859,-0.018500000000000016
207.6699981689453,207.6699981689453,82880100,20240802,TSLA,216.8600006103516,207.6699981689453,0,0.14625113678525345,0.07101088844883255,0.10709159865736849,0.20188317093029198,0.09474192075643423,0.03224215193742109,0.1553086578889865,0.09474201950255082,0.032242636083234036,0.032242288071689225,0.0322435309379372,-0.2263,0.8676,0.3528
198.8800048828125,198.8800048828125,100308800,20240805,TSLA,207.6699981689453,198.8800048828125,0,0.0181818181850969,0.018182377234630148,0.11818156351362565,0.018182785309823098,0.2158864970302154,0.14201573891094546,0.2943446681217434,0.018182556372250303,0.0181818181841503,0.1204778003700142,0.0181823767675046,-0.6249,-0.2732,-0.44905
200.63999938964844,200.63999938964844,73783900,20240806,TSLA,198.8800048828125,200.63999938964844,1,0.06834266791263827,0.13441200906296571,0.05319139662679812,0.05319173955242352,0.022888443237251265,0.06834266412176287,0.022888066622335692,0.2877611751481313,0.02288805799546502,0.21623115841798615,0.04986262130224159,-0.743,0.7964,-0.18454545454545454
191.75999450683597,191.75999450683597,71159800,20240807,TSLA,200.63999938964844,191.75999450683597,0,0.14772715079753454,0.20082704076762828,0.27272733064615745,0.08522675559797638,0.022727272732173502,0.0227276112741649,0.022727839935878076,0.15712646693477852,0.022727272730841276,0.0227279858519742,0.022727272730892374,-0.8158,0.0,-0.3517
198.83999633789065,198.83999633789065,65033900,20240808,TSLA,191.75999450683597,198.83999633789065,1,0.1214732716749042,0.09064843464839499,0.02272768357843155,0.13323518737830956,0.02272728794050765,0.3560601806033569,0.1622187894946756,0.0227273464938664,0.02272727272912765,0.02272727272927065,0.022727272729154348,0.0,0.6486,0.3243
200.0,200.0,58648300,20240809,TSLA,198.83999633789065,200.0,1,0.11073166429598484,0.18339799994590894,0.10916103478706367,0.0713843992997111,0.13338993113647962,0.05576802133379609,0.08080595814436377,0.07592318490999575,0.04277146777920258,0.05837221351119644,0.0782941248562967,-0.7906,0.8016,0.057612500000000004
197.4900054931641,197.4900054931641,64044900,20240812,TSLA,200.0,197.4900054931641,0,0.03648473464574068,0.19940795305228184,0.10474072069681005,0.028081655337725355,0.0907629197738567,0.1388383238696047,0.04242322651384125,0.09572837119459376,0.04278714058750078,0.15484816008717445,0.06589679424086996,-0.8653,0.8478,0.004076470588235302
207.8300018310547,207.8300018310547,76247400,20240813,TSLA,197.4900054931641,207.8300018310547,1,0.05848039942595666,0.11491623523305179,0.061415557755573086,0.10380240331227089,0.06266701811537129,0.1472362620027268,0.0540989386717422,0.17553617423077342,0.02377864990977245,0.11032126269066896,0.087747098652092,-0.7845,0.9066,0.05931515151515152
201.3800048828125,201.3800048828125,70250000,20240814,TSLA,207.8300018310547,201.3800048828125,0,0.12419175275722324,0.10642807545103745,0.02616998588483991,0.056526206039530055,0.09152630270588882,0.05531278679751833,0.12333805370947418,0.13860889398617796,0.0466759843212506,0.1669394351595814,0.06428252318747762,-0.7574,0.9325,0.187225
214.13999938964844,214.13999938964844,89848500,20240815,TSLA,201.3800048828125,214.13999938964844,1,0.059414157171922034,0.014177747028871568,0.17727367959601145,0.014178327976970967,0.09750980070030946,0.05976341714713093,0.402427362782905,0.014177680315226033,0.0660544845039433,0.0141784965238851,0.08084484625282366,-0.126,0.9177,0.47619999999999996
216.1199951171875,216.1199951171875,88765100,20240816,TSLA,214.13999938964844,216.1199951171875,1,0.05022186226425187,0.1605002534704008,0.06926880916834632,0.04289440201662948,0.021650665302458457,0.08053320535465093,0.12519908876242913,0.14259029959003408,0.021650905209418172,0.14356825204910284,0.1419222568122774,0.0,0.8555,0.3717142857142858
222.72000122070312,222.72000122070312,76435200,20240819,TSLA,216.1199951171875,222.72000122070312,1,0.08220416297819917,0.12148114152529194,0.037760260995381024,0.04852279913354236,0.12907896274754185,0.11987069132820669,0.06274266047774954,0.10104317342190335,0.10854927429373815,0.09833219784478718,0.0904146752536583,-0.6808,0.7574,0.14993333333333334
221.1000061035156,221.1000061035156,74001200,20240820,TSLA,222.72000122070312,221.1000061035156,0,0.02155902430357632,0.14960052301482257,0.10566718017052164,0.0215586511647669,0.15880565768681687,0.16822478132743626,0.05489181452625602,0.06895866459824468,0.028080720707067096,0.16776096657711054,0.0548920159233806,-0.91,0.4753,-0.1488
223.2700042724609,223.2700042724609,70146000,20240821,TSLA,221.1000061035156,223.2700042724609,1,0.10863813746274617,0.22311459046268067,0.07996817016034996,0.041938873036213284,0.11404055790786664,0.08121423678779008,0.07519998640632689,0.15250854619042886,0.08279158170688605,0.02029267215258945,0.0202926477261215,-0.6249,0.5457,-0.11373750000000002
210.66000366210935,210.66000366210935,79514500,20240822,TSLA,223.2700042724609,210.66000366210935,0,0.05193822830689379,0.11373258344356402,0.10495606809370707,0.058177809205093585,0.16574500652629431,0.08039966036764531,0.02114001289894001,0.16452814178890093,0.09986437558165223,0.09521370669094537,0.044304407096362936,0.0,0.8481,0.2479555555555556
220.32000732421875,220.32000732421875,81525200,20240823,TSLA,210.66000366210935,220.32000732421875,1,0.012409874631884733,0.0124100175522779,0.012410136854797568,0.1827427380064135,0.13561273772215693,0.0124098217958894,0.08321814298992043,0.29018765013106335,0.18920535337529568,0.0124098978959087,0.05698362904439119,0.3612,0.8217,0.5645
213.2100067138672,213.2100067138672,59301200,20240826,TSLA,220.32000732421875,213.2100067138672,0,0.024279561968398894,0.05986495844230105,0.1800518870391518,0.1798048681931431,0.05026241722595766,0.0762721483452323,0.09122336142126511,0.07170223296772861,0.14479918529510333,0.08999954251697079,0.03173983658474684,-0.5719,0.8834,0.21344375000000002
209.2100067138672,209.2100067138672,62821400,20240827,TSLA,213.2100067138672,209.2100067138672,0,0.10637824622899558,0.03555119773497342,0.14488018715743198,0.19594291568195482,0.0182034654864444,0.17847656014559127,0.14549739839683606,0.018204517703700553,0.0499738811697075,0.0553544304254434,0.051537199868920566,-0.8074,0.8957,0.22792000000000004
205.75,205.75,64116400,20240828,TSLA,209.2100067138672,205.75,0,0.02242499463502572,0.12885012900389967,0.1424244472976656,0.07242464619086428,0.02242605489266386,0.02242453209001004,0.24908784869842746,0.0659989389601412,0.02242442010283362,0.18909025660754442,0.06242373152092366,-0.7506,0.3182,-0.19494000000000003
206.27999877929688,206.27999877929688,62308800,20240829,TSLA,205.75,206.27999877929688,1,0.14093429260271678,0.08577678242796422,0.060001237812815314,0.19680441273804297,0.09288107449747902,0.0812511538377184,0.074614668430006,0.08910843932134924,0.08499492320473903,0.06830705564614363,0.025325959481024906,-0.8051,0.8519,-0.010280952380952401
214.1100006103516,214.1100006103516,63370600,20240830,TSLA,206.27999877929688,214.1100006103516,1,0.29154467209212614,0.188853582309668,0.04645088143784834,0.11181143660518247,0.07356308618745623,0.09228382855360821,0.040643717091535615,0.03748024731857522,0.04085865933723503,0.042673032176351294,0.03383685689041298,-0.7717,0.9374,-0.003237037037037044
210.6000061035156,210.6000061035156,76714200,20240903,TSLA,214.1100006103516,210.6000061035156,0,0.17103524764071795,0.11860975381918197,0.11564653854788763,0.1373520347963056,0.03929936792498145,0.048013012359909235,0.06710312335755286,0.11263719751034293,0.027018636074706604,0.11299098949902135,0.05029409846939194,-0.9153,0.9245,0.025336842105263147
219.41000366210935,219.41000366210935,80651800,20240904,TSLA,210.6000061035156,219.41000366210935,1,0.16487558519685178,0.15655156986175778,0.08591610663748449,0.14208535563020216,0.06791129924834699,0.08511933863534969,0.017135826126160658,0.10496490034966674,0.04774212743367616,0.07516453127846268,0.052533359602040426,-0.8398,0.9347,0.06344999999999999
230.1699981689453,230.1699981689453,119355000,20240905,TSLA,219.41000366210935,230.1699981689453,1,0.08125803035486795,0.27085338022294986,0.08282021233216488,0.14556514227138492,0.06048754927183114,0.08281954018112066,0.03870242680293648,0.10115250751621678,0.01909475186139145,0.09815192853366134,0.019094530651474068,-0.6705,0.929,0.07415882352941178
210.72999572753903,210.72999572753903,112177000,20240906,TSLA,230.1699981689453,210.72999572753903,0,0.062016911220657,0.1304951875590217,0.06106229149312036,0.19795966239622542,0.09245267090127963,0.035539182477659435,0.1224945123433909,0.03062158449360491,0.10576486475680655,0.04952579370733158,0.11206733865090199,-0.7783,0.8735,0.1356607142857143
216.2700042724609,216.2700042724609,67443500,20240909,TSLA,210.72999572753903,216.2700042724609,1,0.0487428553025393,0.07057445612906321,0.09904281792124617,0.14892948303149173,0.06446300427736781,0.16394506335546652,0.05092657719559024,0.11268683317685542,0.060494718958711335,0.1083614540558513,0.07183273659581652,-0.926,0.8555,-0.05767619047619048
226.1699981689453,226.1699981689453,78891100,20240910,TSLA,216.2700042724609,226.1699981689453,1,0.0365715287300333,0.15886015294358885,0.1345864823688959,0.1613394848047765,0.032404829412007306,0.10137021166431656,0.053236915369098955,0.10428997484498044,0.1075154677379168,0.019904790588844205,0.08992016153554065,-0.7106,0.7777,0.03591999999999999
228.1300048828125,228.1300048828125,83548600,20240911,TSLA,226.1699981689453,228.1300048828125,1,0.10620149017496346,0.04797862126381695,0.14742501225664054,0.20700452032318772,0.026912725921280453,0.09623508242286553,0.03585689306995069,0.07208794604471361,0.09972119563496849,0.14290126373143092,0.0176752491561812,-0.8625,0.8221,0.09365454545454545
229.80999755859372,229.80999755859372,71894900,20240912,TSLA,228.1300048828125,229.80999755859372,1,0.08023438578315008,0.05914474606465167,0.1979042460982913,0.18496147171236565,0.030830560237580296,0.06571979309799551,0.05583029006455219,0.04058033098330851,0.11730677838957532,0.08110139091657191,0.08638600665195705,-0.903,0.9285,0.1169
230.2899932861328,230.2899932861328,59515100,20240913,TSLA,229.80999755859372,230.2899932861328,1,0.08742378195226413,0.19920858383193832,0.015381376008128033,0.35937489578774007,0.0153810835644103,0.059811973601995166,0.015381146447266266,0.0153817386982543,0.08457487091260533,0.10239675491441343,0.045683794280984236,-0.421,0.4767,0.17149999999999999
226.77999877929688,226.77999877929688,54323000,20240916,TSLA,230.2899932861328,226.77999877929688,0,0.02500855190880881,0.11148432863457161,0.025009028755676264,0.08182443787055817,0.06685837897093942,0.23013522940920617,0.05064943501364537,0.19554360319809125,0.07116243061038074,0.10193113070149813,0.04039344492662362,-0.8885,0.8807,0.15495384615384616
227.8699951171875,227.8699951171875,66761600,20240917,TSLA,226.77999877929688,227.8699951171875,1,0.09192301353944936,0.08368273839826158,0.07634091880950412,0.15344537722601095,0.1119523430423786,0.16217778884882852,0.0929454787915992,0.08257899814533619,0.07792056822932765,0.037151555050676084,0.02988121991862724,-0.7783,0.9153,0.11702916666666667
227.1999969482422,227.1999969482422,78010200,20240918,TSLA,227.8699951171875,227.1999969482422,0,0.05118479309842261,0.0720283358447863,0.05044070389115752,0.23961792603364332,0.1223971211472792,0.05751360475013797,0.08585212935859425,0.07160624735833686,0.09026256287851774,0.1206961088542863,0.03840046678483748,-0.8625,0.9046,0.18910384615384618
243.9199981689453,243.9199981689453,102694600,20240919,TSLA,227.1999969482422,243.9199981689453,1,0.025668737737415515,0.027838520634844818,0.0723967754475288,0.3886785612994233,0.02470806751354618,0.14077016558156866,0.09881136000746164,0.0126873482076343,0.18306654276476633,0.012686950192738251,0.012686970613071702,0.6478,0.9323,0.8078333333333334
238.25,238.25,99879100,20240920,TSLA,243.9199981689453,238.25,0,0.028355094551097425,0.05996070343829787,0.23713803408816278,0.08764687350229447,0.06677033589792537,0.028355313899534416,0.0997819135879608,0.12835534559821793,0.028355746359626486,0.15930723721428747,0.07597340186259448,-0.7425,0.6249,-0.13028571428571428
250.0,250.0,86927200,20240923,TSLA,238.25,250.0,1,0.13150937035134447,0.06316591363987166,0.15771095070906588,0.08358021468904407,0.046151896298802376,0.05734532293379225,0.04235864018478554,0.17000406684455127,0.09896451318511051,0.11178293528374207,0.03742617587988947,-0.7227,0.5994,-0.10067692307692308
254.2700042724609,254.2700042724609,88491000,20240924,TSLA,250.0,254.2700042724609,1,0.06730523415311751,0.1358654337901564,0.06209611834419285,0.17152261274093977,0.14664504244429755,0.10204299953823667,0.030846593958042005,0.0626186436946317,0.0417752019897428,0.0896256143549867,0.08965650499165556,-0.8481,0.6597,0.234275
257.0199890136719,257.0199890136719,65034300,20240925,TSLA,254.2700042724609,257.0199890136719,1,0.16683873344182726,0.10433931397839652,0.021005634099998824,0.021006213081721327,0.27100309830310937,0.19634163785224126,0.07294165652360882,0.0835058320382723,0.021006720166654023,0.021005599434729273,0.02100556107944045,0.1779,0.5994,0.399325
254.22000122070312,254.22000122070312,67142200,20240926,TSLA,257.0199890136719,254.22000122070312,0,0.014813833021898459,0.0475938625194202,0.03605466785081366,0.14442332966689878,0.12419645618436373,0.13639436055253026,0.10387860246322442,0.1534244676627537,0.01481392512788705,0.059532043030746454,0.16487445191946287,-0.8832,0.6486,0.06919
260.4599914550781,260.4599914550781,70988100,20240927,TSLA,254.22000122070312,260.4599914550781,1,0.022142000828173497,0.054691356061480186,0.01874988557227784,0.24514080255819048,0.06824883976305349,0.19167556954649287,0.02583256065378529,0.20153635209376847,0.07074678023375489,0.06098974700860795,0.04024610568041458,-0.8126,0.8481,0.03835882352941176
261.6300048828125,261.6300048828125,80705700,20240930,TSLA,260.4599914550781,261.6300048828125,1,0.0213821936375026,0.33112667652964994,0.04138228962307858,0.1971219809363885,0.02138263006163035,0.07138203609645186,0.1472884200173405,0.06942215801128516,0.02138221113195486,0.02138200184374205,0.05674740211097512,-0.8375,0.6875,-0.11367000000000001
258.0199890136719,258.0199890136719,87397600,20241001,TSLA,261.6300048828125,258.0199890136719,0,0.04779643265046361,0.19052478501599812,0.05832743156748609,0.20005325362374116,0.13044501953847543,0.11811619294213921,0.0310809827796794,0.08531310569282084,0.041119013530645954,0.05096869149867739,0.046255091159872266,-0.8779,0.9412,0.151109375
249.0200042724609,249.0200042724609,93983900,20241002,TSLA,258.0199890136719,249.0200042724609,0,0.04981559695951815,0.1401723046751467,0.07968630814349027,0.26255866790281035,0.07663501909955127,0.06397927036055487,0.09799464896871601,0.10334515470759152,0.053243908005315414,0.052285921284852016,0.02028319989245301,-0.7835,0.9161,0.07015714285714285
240.66000366210935,240.66000366210935,80729200,20241003,TSLA,249.0200042724609,240.66000366210935,0,0.05289981329051407,0.19424047210687714,0.03783753144088676,0.20829147832270742,0.0560882153147535,0.058662490790133755,0.027585960630633618,0.1405567975916214,0.0156812723003775,0.1503371700165109,0.057818798194983506,-0.4003,0.8395,0.21751666666666666
250.0800018310547,250.0800018310547,86573200,20241004,TSLA,240.66000366210935,250.0800018310547,1,0.08142380530308221,0.11239970594521866,0.04240988690009233,0.22527256064749251,0.10686849873271176,0.06457587560284014,0.10336908862706082,0.05680841241424705,0.06930589177050926,0.07209356467391569,0.06547270938282909,-0.6476,0.9809,0.13507115384615384
240.8300018310547,240.8300018310547,68113300,20241007,TSLA,250.0800018310547,240.8300018310547,0,0.039490422992291746,0.15862629592615238,0.03829525016145263,0.15879820489012295,0.11726741217500893,0.022823768988321433,0.11171274377922309,0.1616172591152661,0.08611167195271417,0.06576633245769746,0.03949063756174869,-0.5983,0.7424,-0.007446666666666675
244.5,244.5,56303200,20241008,TSLA,240.8300018310547,244.5,1,0.0559560686924101,0.06980320050835943,0.07543187883523231,0.23481086180091718,0.06172339320309201,0.06116907089408415,0.014831552328209974,0.21343504614360154,0.08266169007614746,0.032013053782620225,0.09816418373532512,-0.4019,0.9134,0.26305
241.0500030517578,241.0500030517578,66289500,20241009,TSLA,244.5,241.0500030517578,0,0.018182320972295826,0.018181832626486323,0.23587164875638972,0.27911204221304525,0.08068178618341894,0.1413972665243731,0.15384506762781827,0.018181852639134924,0.0181819126056855,0.01818225902523135,0.01818201082612055,-0.3818,0.9272,0.42010000000000003
238.7700042724609,238.7700042724609,83087100,20241010,TSLA,241.0500030517578,238.7700042724609,0,0.131229035613339,0.1355987638200696,0.06769385004940254,0.09628219288457604,0.04662697207590128,0.0889077542149226,0.09953085186918671,0.12047117245017155,0.055990176709904395,0.01986149171478213,0.1378077385977437,-0.6669,0.7906,0.022446153846153838
217.8000030517578,217.8000030517578,142628900,20241011,TSLA,238.7700042724609,217.8000030517578,0,0.08799319682517777,0.10712215667531656,0.10465712558370537,0.12799199347707024,0.08861355878320135,0.13235693819663372,0.15288601389486195,0.02339578914759209,0.08308622130443932,0.05890303021605911,0.03299397589594204,-0.5267,0.8261,0.1817695652173913
219.16000366210935,219.16000366210935,86291900,20241014,TSLA,217.8000030517578,219.16000366210935,1,0.05859177833521452,0.03689013601383937,0.0594602400898704,0.23595721446569518,0.07486518884952564,0.16104764168834604,0.021546334876253598,0.13549735455528267,0.13758385503813655,0.01529658022809107,0.0632636758597444,-0.25,0.8313,0.429825
219.57000732421875,219.57000732421875,62988800,20241015,TSLA,219.16000366210935,219.57000732421875,1,0.10493891985439353,0.05096318713943278,0.06736836467870688,0.1389248309589728,0.08386328675520197,0.08956282428401194,0.04833647282069356,0.11499938444635377,0.14096296217135873,0.06340765232554056,0.09667211456533296,-0.9468,0.8481,0.11954999999999999
221.3300018310547,221.3300018310547,49632800,20241016,TSLA,219.57000732421875,221.3300018310547,1,0.018647484814714628,0.035682131136546266,0.1036461613563161,0.22732458173587738,0.1353142466596235,0.03531460281375422,0.04364720791786259,0.07684079525926552,0.05198057717357093,0.0930828223304862,0.17851938880198212,-0.7351,0.836,0.12794
220.88999938964844,220.88999938964844,50791800,20241017,TSLA,221.3300018310547,220.88999938964844,0,0.04352261112268068,0.11707753507653748,0.05087394954679035,0.16393704133886167,0.1747676271513484,0.11799289706632395,0.0355681489935029,0.17233340211087497,0.040330432014140605,0.04009182540007603,0.04350453017886247,-0.8555,0.8176,0.03111142857142857
220.6999969482422,220.6999969482422,49611900,20241018,TSLA,220.88999938964844,220.6999969482422,0,0.020707156001628917,0.13723378080032658,0.02070721322065935,0.21583727695437638,0.11258763006434282,0.12968144068882287,0.07607669381965103,0.05916885928494253,0.09630608594673998,0.06005786382865272,0.07163599938985626,-0.5859,0.8478,0.28715384615384615
218.8500061035156,218.8500061035156,47329000,20241021,TSLA,220.6999969482422,218.8500061035156,0,0.07118157277845487,0.08718008718723176,0.125277640086305,0.20006838576958844,0.09426364024448619,0.05178959400804765,0.06523351419488653,0.11176665881831127,0.0382587286139071,0.0855927677432307,0.06938741055555,-0.7767,0.9518,0.08433870967741935
217.97000122070312,217.97000122070312,43268700,20241022,TSLA,218.8500061035156,217.97000122070312,0,0.10516687756315227,0.09123771383884216,0.06163029711301117,0.223207529269146,0.08622182379470816,0.09140100439399437,0.05789849177032692,0.12559023667916427,0.04566710284046213,0.04767287446036599,0.06430604827682612,-0.7717,0.8471,0.19084117647058824
213.6499938964844,213.6499938964844,80938900,20241023,TSLA,217.97000122070312,213.6499938964844,0,0.09870327325230038,0.04176321073452171,0.1087047247326657,0.21691241538871345,0.1263876870261349,0.018162266860261463,0.10301108697753857,0.03146565115083507,0.07473686868535286,0.11286406042762377,0.06728875476405163,-0.886,0.7579,0.10009090909090909
260.4800109863281,260.4800109863281,204491900,20241024,TSLA,213.6499938964844,260.4800109863281,1,0.04945829272190711,0.1467537621563575,0.0647973282671183,0.15897217944072609,0.0628884142668571,0.06850661388087372,0.049459603041597695,0.09602479062372085,0.2613635898656753,0.02088792921800504,0.0208874965171608,-0.5719,0.7901,0.20482857142857142
269.19000244140625,269.19000244140625,161611900,20241025,TSLA,260.4800109863281,269.19000244140625,1,0.06304839369374887,0.05251713697324914,0.04398281408840616,0.3145036549388671,0.05324303019285889,0.1439887107559573,0.037502251145453504,0.06419472733931485,0.07023033159317511,0.0960633207217892,0.060725628557179494,-0.784,0.946,0.13695000000000002
262.510009765625,262.510009765625,107653600,20241028,TSLA,269.19000244140625,262.510009765625,0,0.044422239281380484,0.08804223587801786,0.060905713841261706,0.1753361178878698,0.06234129831163061,0.037458899294447755,0.16072071767896798,0.16545710718575554,0.11967571902045823,0.06365315650876775,0.02198679511144182,-0.5562,0.8204,0.21102692307692308
259.5199890136719,259.5199890136719,80521800,20241029,TSLA,262.510009765625,259.5199890136719,0,0.07398140225618026,0.062432755945310184,0.055806115688080034,0.16663937428614903,0.15168145558209195,0.07758491443287828,0.07450350050562211,0.144228213649694,0.035614961429705765,0.13706378235490982,0.020463523869378067,-0.9552,0.8442,-0.040187878787878786
257.54998779296875,257.54998779296875,53993600,20241030,TSLA,259.5199890136719,257.54998779296875,0,0.05139135632942593,0.10599538940547383,0.030864122338514873,0.3671783431996402,0.10247442934932001,0.055232642321998864,0.05896738694587875,0.07492577334818509,0.025634491380944317,0.08548212575101975,0.041853939629597874,-0.5859,0.8555,0.3223318181818182
249.8500061035156,249.8500061035156,66575300,20241031,TSLA,257.54998779296875,249.8500061035156,0,0.0376387447628342,0.09266470767848206,0.07282378407745359,0.13448430664496044,0.09542188575582893,0.14544116738637514,0.08297894466393202,0.08948988028002319,0.0681942957243617,0.11449072732679373,0.06637155569895453,-0.8779,0.8271,-0.01833888888888888
248.97999572753903,248.97999572753903,57544800,20241101,TSLA,249.8500061035156,248.97999572753903,0,0.0721880602031871,0.14423235683955288,0.0671325949026633,0.14422064346659633,0.06310910583419892,0.13918788327723527,0.055026084741925704,0.1300026263072396,0.056282862515400434,0.08127296805724694,0.04734481385475309,-0.6597,0.8718,0.10780357142857143
242.83999633789065,242.83999633789065,68802400,20241104,TSLA,248.97999572753903,242.83999633789065,0,0.04582121686874729,0.10831699625894652,0.04662947678822733,0.16704011492462262,0.08133495169265864,0.10663632050545338,0.04135660459981974,0.253708707943015,0.04593043284480467,0.05729462703879238,0.045930550534912,-0.8687,0.8582,-0.1261727272727273
251.44000244140625,251.44000244140625,69282500,20241105,TSLA,242.83999633789065,251.44000244140625,1,0.05848601637542592,0.06119499715338914,0.04319575413859229,0.2517690564011521,0.14415679906159248,0.1428643092585858,0.08735384283567821,0.11453524443606067,0.020179862957536213,0.04186146218526725,0.03440265519671944,-0.8126,0.9118,0.203896875
288.5299987792969,288.5299987792969,165228700,20241106,TSLA,251.44000244140625,288.5299987792969,1,0.06985459160577892,0.07591949606124562,0.059692684092538105,0.2502509696779831,0.08862153057599388,0.055283491964156974,0.06716153873656949,0.09281022360050459,0.0409983432055204,0.17161818229730946,0.027788948182399038,-0.9246,0.9756,0.3017095238095238
296.9100036621094,296.9100036621094,117309200,20241107,TSLA,288.5299987792969,296.9100036621094,1,0.1059520549103658,0.1648102145435297,0.04724923400736416,0.18145001049246606,0.06245250660413616,0.09569319766261458,0.06581974259940183,0.14659655310780914,0.04012909555427593,0.047026703958862326,0.042820686559173815,-0.7537,0.9258,-0.00450967741935484
321.2200012207031,321.2200012207031,204782800,20241108,TSLA,296.9100036621094,321.2200012207031,1,0.1470301546283273,0.11103823523129559,0.08321723729673154,0.13863757731415535,0.03625034464888613,0.0918881448301878,0.11720139592843729,0.10790949969351167,0.03826679480244151,0.06692538920027673,0.0616352264257486,-0.8316,0.8882,0.11551428571428572
350.0,350.0,210521600,20241111,TSLA,321.2200012207031,350.0,1,0.01902395496866151,0.12621933155652754,0.10420763046704136,0.22863901870101355,0.04124587902768308,0.08569035131992515,0.05606108103191602,0.08943838170994037,0.07457819744918379,0.10791241397611195,0.06698375979199522,0.0,0.7793,0.24833333333333332
328.489990234375,328.489990234375,155726000,20241112,TSLA,350.0,328.489990234375,0,0.061818254128230166,0.06065575465553373,0.04648957920841088,0.18433892868447369,0.1246043768069189,0.07599172667995673,0.08645012795837616,0.18196920879949,0.05248205968713196,0.06401729968870512,0.06118268370277217,-0.6249,0.765,0.05736666666666668
330.239990234375,330.239990234375,125405600,20241113,TSLA,328.489990234375,330.239990234375,1,0.10469696506553637,0.12396806394172787,0.14952908423700959,0.09874228520133341,0.08009323777448567,0.10549055109426182,0.0655042956030208,0.1372357188932219,0.022950763181897656,0.04926565396311723,0.06252338104438711,-0.7531,0.9168,-0.054066666666666666
311.17999267578125,311.17999267578125,120726100,20241114,TSLA,330.239990234375,311.17999267578125,0,0.04795586673502272,0.09696161682205852,0.1487120275280847,0.08420517399924941,0.08253190289990567,0.07459527105029652,0.05336557439625565,0.11172003804305539,0.09721675370081037,0.08963269665214267,0.11310307817311792,-0.8856,0.7639,-0.03633928571428572
320.7200012207031,320.7200012207031,114440300,20241115,TSLA,311.17999267578125,320.7200012207031,1,0.08913788948337309,0.0733969651925462,0.04229112514373776,0.14330485077676502,0.08659850476488525,0.05319900564138779,0.08008048081385521,0.17278217807525376,0.07987837423934728,0.07485433120308427,0.10447629466576396,-0.5983,0.9485,0.32869444444444446
338.739990234375,338.739990234375,126085600,20241118,TSLA,320.7200012207031,338.739990234375,1,0.04859079173112638,0.1857354889057322,0.07658597219351898,0.2068584769131237,0.0452723152259239,0.07907794966296722,0.04787656380439028,0.06758091839224163,0.13215081848845447,0.053789581871897314,0.056481122810623466,-0.7269,0.8775,0.19363125
346.0,346.0,88852500,20241119,TSLA,338.739990234375,346.0,1,0.11124838432694664,0.10927033487369679,0.05574927650846385,0.07457365817160187,0.052573668144842704,0.08023789378819829,0.07859899471790818,0.09068693531662333,0.2315225512550141,0.05807005595517614,0.05746824694152763,-0.7717,0.8074,-0.086424
342.0299987792969,342.0299987792969,66340700,20241120,TSLA,346.0,342.0299987792969,0,0.09633716306303873,0.11224881019037719,0.06290140414426411,0.08509236414815734,0.12252373627382762,0.03824178628711462,0.035926742103691164,0.11183915837933325,0.20928201975749575,0.04287080936953204,0.08273600628316774,-0.6486,0.9099,0.021027777777777788
339.6400146484375,339.6400146484375,58011700,20241121,TSLA,342.0299987792969,339.6400146484375,0,0.051866211333267756,0.09810612771874506,0.08069188093091957,0.09943447425673924,0.1166999560206324,0.09554498853777026,0.05670433168403796,0.10176169850442399,0.10908697272647978,0.0711654099560579,0.11893794833092561,-0.9274,0.8478,0.1693909090909091
352.5599975585937,352.5599975585937,89140700,20241122,TSLA,339.6400146484375,352.5599975585937,1,0.055949705731605265,0.16414661555230778,0.045333108536224555,0.1257888361741592,0.07911430775253069,0.05446165310374255,0.09894140811204903,0.07331063441762735,0.14246545410686037,0.07611693384238358,0.08437134267050915,-0.89,0.9134,0.04464166666666667
338.5899963378906,338.5899963378906,95890900,20241125,TSLA,352.5599975585937,338.5899963378906,0,0.1300661348902156,0.10443098298347263,0.06466003381921122,0.11766795381850127,0.08345824112111495,0.13222589481841873,0.057885992687764724,0.20378340933361921,0.01934590605204516,0.059730562010424926,0.02674488846521108,-0.8052,0.9392,0.06791111111111112
338.2300109863281,338.2300109863281,62295900,20241126,TSLA,338.5899963378906,338.2300109863281,0,0.08194437667159964,0.17264450552078223,0.07226953213851142,0.12236040955689327,0.11574464596402592,0.1007180363758352,0.02242120466776323,0.14603113637366574,0.034325813232577516,0.07261121305991669,0.05892912643842863,-0.7906,0.8122,0.0481
332.8900146484375,332.8900146484375,57896400,20241127,TSLA,338.2300109863281,332.8900146484375,0,0.06705798916097475,0.20125438649925056,0.05687108360134752,0.09577454861125476,0.10997748872175481,0.057459613339154045,0.05324760036019831,0.1789705093579919,0.06342627238223715,0.04922286836814968,0.06673763959768605,-0.6249,0.8513,0.026655172413793102
345.1600036621094,345.1600036621094,37167600,20241129,TSLA,332.8900146484375,345.1600036621094,1,0.046298215170250304,0.279219982901293,0.021298589581205663,0.02129850116157255,0.16259701807249002,0.10900879863446856,0.021298455758072626,0.10463164698621702,0.02129853159315075,0.1917517133771652,0.021298546764113774,-0.4767,0.0,-0.1623
357.0899963378906,357.0899963378906,77986500,20241202,TSLA,345.1600036621094,357.0899963378906,1,0.0171262387055277,0.11174622354682573,0.0171260883676413,0.27535458413400704,0.17188785506857754,0.10187381615147785,0.07618015546615639,0.017125918476162256,0.030591887153371015,0.16386114425448187,0.017126088675770815,-0.3818,0.7825,0.07212857142857143
351.4200134277344,351.4200134277344,58267200,20241203,TSLA,357.0899963378906,351.4200134277344,0,0.15522561510136204,0.468960272262708,0.036202276075179625,0.0362015602354895,0.036201298702083974,0.03620129870204207,0.036201298701985074,0.03620175698559335,0.08620131094877913,0.036201486910968,0.0362018253738089,-0.765,0.0,-0.34082500000000004
357.92999267578125,357.92999267578125,50810900,20241204,TSLA,351.4200134277344,357.92999267578125,1,0.02840909091477995,0.2159090527853194,0.09090916171108579,0.21590890966574214,0.09090908548756585,0.15340837444383867,0.028409541085028175,0.09090951116685714,0.028409090913136825,0.028409090913448624,0.028409090913197026,-0.6794,0.5994,-0.210675
369.489990234375,369.489990234375,81403600,20241205,TSLA,357.92999267578125,369.489990234375,1,0.021335017558472565,0.07705409276213261,0.17796590442258156,0.11507569910143187,0.07854607007616403,0.13497742847558716,0.046172218298972896,0.055895477121571835,0.09059300761092072,0.08737939740388594,0.11500568716827837,-0.7096,0.9245,0.09181052631578947
389.2200012207031,389.2200012207031,81455800,20241206,TSLA,369.489990234375,389.2200012207031,1,0.0353535353592427,0.2575780720032053,0.035353535357811695,0.0353535353577183,0.20202046057323111,0.2575731512015596,0.035353535358408635,0.03535353535892547,0.03535353535759227,0.03535356871465364,0.035353535357650796,-0.3818,0.0,-0.12726666666666667
389.7900085449219,389.7900085449219,96359200,20241209,TSLA,389.2200012207031,389.7900085449219,1,0.043100623557498954,0.137639057755608,0.10926123440215185,0.1265429876593631,0.08078826853605948,0.10377920306343329,0.1315688599997097,0.0852128045653042,0.05006953667095926,0.043931616989831244,0.08810580680008054,-0.7421,0.7964,0.15228214285714284
400.989990234375,400.989990234375,97563600,20241210,TSLA,389.7900085449219,400.989990234375,1,0.0358881015428007,0.1520645329955115,0.11639119659570211,0.061055090469213646,0.08570873848772372,0.10346805781327988,0.12958132911873427,0.1756719888511465,0.04630419745493064,0.07047897545362239,0.02338779121733419,-0.8807,0.8516,-0.08806
424.7699890136719,424.7699890136719,104287600,20241211,TSLA,400.989990234375,424.7699890136719,1,0.03541132083558721,0.20894493166114325,0.10759268915725648,0.09177195718407742,0.06883753335606291,0.0550767119215589,0.08051726356308936,0.08933348519892381,0.02952866816804431,0.16643923077805645,0.06654620817619943,-0.7096,0.6096,0.028711764705882353
418.1000061035156,418.1000061035156,87752200,20241212,TSLA,424.7699890136719,418.1000061035156,0,0.07934379284265258,0.254893248982057,0.05187233860905419,0.08921534587885777,0.08239295741814776,0.04726397581871854,0.04012889874838338,0.17570899041645238,0.06182985986400318,0.0771225923686126,0.040227999053060126,-0.9118,0.7964,0.11898235294117647
436.2300109863281,436.2300109863281,89000200,20241213,TSLA,418.1000061035156,436.2300109863281,1,0.1048672687463594,0.0749430945373185,0.0534034785093386,0.11216280100996341,0.07505487816867752,0.12937613981764431,0.14372292011075863,0.08607502680920974,0.09652719148347161,0.08417537130588049,0.03969182950137735,-0.8074,0.9022,0.10837037037037035
463.0199890136719,463.0199890136719,114083800,20241216,TSLA,436.2300109863281,463.0199890136719,1,0.09217990805933549,0.08485503671494417,0.06951153903552167,0.023716839014644546,0.0999068749673947,0.1796788408820528,0.18679284408682348,0.12077923426821213,0.09514463744293425,0.023717075548413142,0.023717169979723212,0.0,0.7579,0.44731428571428566
479.8599853515625,479.8599853515625,131223000,20241217,TSLA,463.0199890136719,479.8599853515625,1,0.09384897129002355,0.07183587581296817,0.09513397530565412,0.053268385294939546,0.12934661869730932,0.13348024815129825,0.04106773565693107,0.1623888938299943,0.11650624124680321,0.048369855804791084,0.05475319890928692,-0.9066,0.8331,0.15070740740740743
440.1300048828125,440.1300048828125,149340800,20241218,TSLA,479.8599853515625,440.1300048828125,0,0.057810595970675865,0.12343396124309144,0.04158694700513414,0.14010837035502507,0.10450587893438905,0.10940422839071648,0.04253902787490834,0.07545750403553815,0.022538817535632492,0.13765441189214564,0.14496025676274288,-0.915,0.5093,-0.21695714285714285
436.1700134277344,436.1700134277344,118566100,20241219,TSLA,440.1300048828125,436.1700134277344,0,0.11621369540323415,0.16851520697780817,0.04902998450466356,0.16666171170928334,0.0546698779985454,0.05363275875150593,0.13877205546391339,0.09440072101572447,0.02338786771765444,0.08568737887707653,0.04902874158059022,-0.743,0.5187,-0.23474615384615383
421.05999755859375,421.05999755859375,132216200,20241220,TSLA,436.1700134277344,421.05999755859375,0,0.05565609775607284,0.0799553706868437,0.04263539204015221,0.17293905130957696,0.06482689212646954,0.09803979949237385,0.06627586373199279,0.16294765932126726,0.08732753249039799,0.13132022584674247,0.03807611519810991,-0.9184,0.836,-0.07055
430.6000061035156,430.6000061035156,72698100,20241223,TSLA,421.05999755859375,430.6000061035156,1,0.10947721876515913,0.04976414226784731,0.09373414479521085,0.12499062396002081,0.06394436039368188,0.1137362493413182,0.05502559227176549,0.11920596056376583,0.11226296384176221,0.0525403512668656,0.10531839253260228,-0.4939,0.8687,0.184625
462.2799987792969,462.2799987792969,59551800,20241224,TSLA,430.6000061035156,462.2799987792969,1,0.10068152429269062,0.12268526339541626,0.04945969679472723,0.04233350724824619,0.07279042097038238,0.11795864091861712,0.16461259566852296,0.12441513576886278,0.024179414546574133,0.06910009049583597,0.11178370990012387,-0.802,0.7469,0.102925
454.1300048828125,454.1300048828125,76366400,20241226,TSLA,462.2799987792969,454.1300048828125,0,0.12378029437777728,0.12520262388143347,0.058346414747128365,0.13118018392889505,0.046152139763787105,0.07308207498255732,0.025319069294355567,0.10704991949714672,0.07800679653591627,0.16125460458418123,0.07062587840682115,-0.8316,0.9382,-0.0072374999999999965
431.6600036621094,431.6600036621094,82666800,20241227,TSLA,454.1300048828125,431.6600036621094,0,0.09816404876555555,0.16318824684243274,0.041692553182712325,0.08545107443229162,0.07740725690413626,0.040887427173970634,0.046453873923214255,0.12542215496745415,0.06193072683366975,0.2073925782751427,0.05201005869941956,-0.9393,0.8122,0.11257142857142856
417.4100036621094,417.4100036621094,64941000,20241230,TSLA,431.6600036621094,417.4100036621094,0,0.08339111281729442,0.15743146264656324,0.043819381354897644,0.047159725706758235,0.09215825821085177,0.04281212847884749,0.11424036205939885,0.17043513935719729,0.03411603775516053,0.11945081766250197,0.09498557395052805,-0.8553,0.9334,-0.06626956521739129
403.8399963378906,403.8399963378906,76825100,20241231,TSLA,417.4100036621094,403.8399963378906,0,0.1521036949246963,0.08276391683011095,0.09364580337094106,0.16168190879995148,0.0986896246456359,0.0844351368107031,0.05426065734504562,0.05010722464858059,0.0964714835247217,0.09642327383569668,0.029417275263916177,-0.7895,0.9062,0.06197931034482759
379.2799987792969,379.2799987792969,109710700,20250102,TSLA,403.8399963378906,379.2799987792969,0,0.10082252231042536,0.16810759830799232,0.08118456171636682,0.08943573521284526,0.09890886942089581,0.030429104162822962,0.05808283017718673,0.15350097779054528,0.031484970253395084,0.12605397506024604,0.06198885558727787,-0.9601,0.8176,-0.20084827586206896
410.4400024414063,410.4400024414063,95423300,20250103,TSLA,379.2799987792969,410.4400024414063,1,0.08033235710092632,0.0685021239111215,0.08191854829723386,0.12776031542564123,0.07767017309897482,0.04669928559036937,0.07418018752062457,0.11633856680224072,0.06674120438758258,0.23012606979040193,0.02973116807488261,-0.9795,0.5859,-0.25854
411.0499877929688,411.0499877929688,85516500,20250106,TSLA,410.4400024414063,411.0499877929688,1,0.08052655184665432,0.23070107704969406,0.05499424190470389,0.14142665340310331,0.09765270204269313,0.07049774813127994,0.0376330086284216,0.04780025618263184,0.08833940209413395,0.12668394989165294,0.023744408825030556,-0.7003,0.7717,0.09718125
394.3599853515625,394.3599853515625,75699500,20250107,TSLA,411.0499877929688,394.3599853515625,0,0.06796897266435278,0.19076257855466103,0.08713582608845198,0.14828628048455667,0.07833980497834557,0.0673723797714936,0.05505278655322843,0.07477420053896564,0.0383293465272392,0.10785333693225989,0.08412448690644471,-0.9287,0.8074,-0.129175
394.9400024414063,394.9400024414063,73038800,20250108,TSLA,394.3599853515625,394.9400024414063,1,0.14087792689109901,0.05530854361983954,0.052273496143058894,0.1233445906274824,0.1483683714841294,0.04839720818486688,0.08060841573070708,0.10334060522691611,0.03076721446608273,0.1743474066692296,0.04236622095658788,-0.8779,0.8074,-0.15644166666666667
394.739990234375,394.739990234375,62287300,20250110,TSLA,394.9400024414063,394.739990234375,0,0.08230404006955946,0.10625611123575728,0.12397985576850944,0.15969750302991453,0.026706739247505776,0.04593816951886099,0.09941317774571395,0.09243377027755967,0.06250887705131822,0.15482366176692963,0.0459380942883706,-0.891,0.25,-0.23831538461538462
403.30999755859375,403.30999755859375,67580500,20250113,TSLA,394.739990234375,403.30999755859375,1,0.07538274087543063,0.274092725436708,0.10066734131479689,0.05876228323560572,0.03741348288384225,0.07605021109472718,0.03741317568877656,0.1283227328535728,0.04953420725733166,0.08858440159178381,0.07377669776742407,-0.636,0.9201,0.003499999999999998
396.3599853515625,396.3599853515625,84565000,20250114,TSLA,403.30999755859375,396.3599853515625,0,0.02840925494888985,0.15340857366634597,0.02840911663738315,0.21590704762814356,0.07007568629246133,0.0284109448127896,0.02840981932819135,0.1950755290980541,0.19507584576689785,0.028409090910461225,0.02840909091038165,0.296,0.4574,0.40854999999999997
428.2200012207031,428.2200012207031,81375500,20250115,TSLA,396.3599853515625,428.2200012207031,1,0.08353953707443468,0.06219728612150795,0.07146218396040765,0.10737647103899813,0.12907771435934673,0.1313411209501825,0.07539684181135282,0.1387999662690282,0.05682001590250269,0.10885080832370315,0.035138054188535016,-0.9349,0.9186,-0.008718181818181814
413.8200073242188,413.8200073242188,68335200,20250116,TSLA,428.2200012207031,413.8200073242188,0,0.039182060486316506,0.07840723522117336,0.15465592208630016,0.11242830548480114,0.09167095144271539,0.09272994390776479,0.09830542332035734,0.10287278107044408,0.1298446463231592,0.06900981134589812,0.03089291931106946,-0.9397,0.923,0.14652777777777778
426.5,426.5,94991400,20250117,TSLA,413.8200073242188,426.5,1,0.0957896476648202,0.0885439244195042,0.08005717089812514,0.046459470425133834,0.0858808625150135,0.06414144620136175,0.04136796051234052,0.0749533833932371,0.18344731522325455,0.13743208427053707,0.10192673447667158,-0.7184,0.891,-0.030447826086956533
424.0700073242188,424.0700073242188,87320900,20250121,TSLA,426.5,424.0700073242188,0,0.07524615457695912,0.0911263189429518,0.09448972945298806,0.13422485405761295,0.06135681078378568,0.025245944561914518,0.10996880474611113,0.1354891249835656,0.05740953238192357,0.1520677325095675,0.0633749930026196,-0.7579,0.7783,0.05414166666666667
415.1099853515625,415.1099853515625,60963300,20250122,TSLA,424.0700073242188,415.1099853515625,0,0.18750007095337,0.10416656351502095,0.04166666666935472,0.04166670657025787,0.10416660174335488,0.10416631508551982,0.12500005726538088,0.04166666667005502,0.041666995978665175,0.16666668887976643,0.041666666669253796,-0.8225,0.7906,-0.04515
412.3800048828125,412.3800048828125,50690600,20250123,TSLA,415.1099853515625,412.3800048828125,0,0.0552341885001737,0.08620346222227182,0.057598538736643445,0.21034128199390636,0.07588429265745454,0.10826430996447843,0.09311295617354352,0.2158389538681466,0.032507108377450813,0.03250783566688271,0.032507071839047615,-0.8346,0.7096,-0.14071818181818183
406.5799865722656,406.5799865722656,56427100,20250124,TSLA,412.3800048828125,406.5799865722656,0,0.1137642924463928,0.14992447107486312,0.047940455168641566,0.020163667414156972,0.07525938288566406,0.15186956287321335,0.0201625498298901,0.24098289097036474,0.0201625237874735,0.13960760541001296,0.020162598139326367,-0.8832,0.0,-0.506275
397.1499938964844,397.1499938964844,58125500,20250127,TSLA,406.5799865722656,397.1499938964844,0,0.13737414903461875,0.1373694756697284,0.0262631879201544,0.026264299429269167,0.026263204383968734,0.2935906121550241,0.026262707493397597,0.026262916139105797,0.247821882245559,0.026263681976111966,0.026263883553061636,-0.2732,0.0,-0.09106666666666667
398.0899963378906,398.0899963378906,48910700,20250128,TSLA,397.1499938964844,398.0899963378906,1,0.07575727875999445,0.182842864168359,0.12938560872115207,0.18290095266792725,0.09361476793406366,0.02218657293732654,0.14123335923810404,0.0221865996371757,0.08170994421587033,0.022186185835688686,0.04599586588433776,-0.6113,0.6858,0.21798571428571425
389.1000061035156,389.1000061035156,68033600,20250129,TSLA,398.0899963378906,389.1000061035156,0,0.11927613811748419,0.1936203655061634,0.06611479559744597,0.16745340936092207,0.032188688228575416,0.05624569735221968,0.12163608611776026,0.14750226167897693,0.021996800358963564,0.04216509546454937,0.03180066221693864,-0.8811,0.9371,0.2587
400.2799987792969,400.2799987792969,98092900,20250130,TSLA,389.1000061035156,400.2799987792969,1,0.09198735431565785,0.01616201621010203,0.3324387007589682,0.14078023932666342,0.08082098403595907,0.09949386330546794,0.016161689601132633,0.10700232275472736,0.01616204650632413,0.08282874248108778,0.016162040703909166,-0.4019,0.5118,0.03663333333333335
404.6000061035156,404.6000061035156,83283600,20250131,TSLA,400.2799987792969,404.6000061035156,1,0.0931691782672033,0.3025637212413377,0.13950695590774695,0.1367793665596174,0.018586852264232498,0.018586808182991445,0.04080901933659694,0.031374436544045536,0.03093221409920258,0.149160829562626,0.038530618034399236,-0.9798,0.9186,-0.018588888888888894
383.6799926757813,383.6799926757813,93732100,20250203,TSLA,404.6000061035156,383.6799926757813,0,0.09261684882337254,0.16034195081905184,0.10205617231656541,0.06271647618576004,0.05611496997505626,0.05778135357583146,0.0812991300881029,0.14726633780529447,0.031145213317082317,0.09807241058852542,0.11058913650535687,-0.9598,0.872,0.06970000000000001
392.2099914550781,392.2099914550781,57072200,20250204,TSLA,383.6799926757813,392.2099914550781,1,0.10592325214858177,0.11109817630491275,0.049607826381010536,0.14205568301918675,0.05462827500961208,0.07142809552241766,0.05142711516958426,0.19741932448408142,0.048620790781381,0.08927748388150011,0.07851397729773124,-0.9349,0.8429,-0.030151724137931036
378.1700134277344,378.1700134277344,57223300,20250205,TSLA,392.2099914550781,378.1700134277344,0,0.03304758331513062,0.11143427456406989,0.13366935483800368,0.09659069810416591,0.05394970494849783,0.055658523343270996,0.054779530551751957,0.2611204493149232,0.015959126674425353,0.04966020951051393,0.13413054483524617,-0.6696,0.9273,0.1727153846153846
374.3200073242188,374.3200073242188,77918200,20250206,TSLA,378.1700134277344,374.3200073242188,0,0.06979886754848119,0.17585214305618577,0.048521177578371356,0.026094753860558078,0.05770429349946022,0.026094546907081198,0.12609472915574,0.15189106327753712,0.026094433370344956,0.13794433487016924,0.15390965687607042,-0.7184,0.8481,-0.19104444444444446
361.6199951171875,361.6199951171875,70298300,20250207,TSLA,374.3200073242188,361.6199951171875,0,0.028523904415763992,0.19202846599315126,0.07555929769937514,0.08489785361369957,0.11975950319601725,0.02852414495471234,0.06588875242384469,0.16081618132447342,0.028523879382105027,0.07019110301499498,0.14528691398186186,-0.9682,0.6705,-0.17620833333333333
350.7300109863281,350.7300109863281,77514900,20250210,TSLA,361.6199951171875,350.7300109863281,0,0.09735559911542571,0.13110779468003153,0.07099591413500052,0.20311078928052612,0.05694492028121598,0.06597378111993221,0.04954039214954958,0.1178281987489331,0.05417194245935705,0.0697415472386152,0.08322912079141245,-0.9559,0.9159,-0.0029487804878048783
328.5,328.5,118543400,20250211,TSLA,350.7300109863281,328.5,0,0.15091397587126293,0.10562337900370661,0.0691319885222239,0.16449646567948242,0.0626820234300905,0.0639053376177542,0.07268326007467435,0.10886066543657008,0.03753203669266693,0.09830798693597922,0.06586288073558842,-0.9219,0.7579,-0.1266076923076923
336.510009765625,336.510009765625,105382700,20250212,TSLA,328.5,336.510009765625,1,0.2013853542989444,0.19211478503693888,0.10754207204371109,0.06840009146655494,0.028132284033089774,0.0489645247387619,0.05622473823413196,0.14359189255121924,0.04202008644181648,0.04382386945258209,0.06780030170224877,-0.9178,0.8313,0.035475
355.94000244140625,355.94000244140625,89441500,20250213,TSLA,336.510009765625,355.94000244140625,1,0.09377735716079458,0.1691114243286827,0.06649671634432505,0.13766228358238894,0.05269057643393006,0.04336751406111815,0.09298427655309241,0.11339119493392175,0.040238184089845815,0.12264927819075078,0.06763119432114928,-0.8922,0.802,-0.05264137931034483
355.8399963378906,355.8399963378906,68277300,20250214,TSLA,355.94000244140625,355.8399963378906,0,0.07255920134723884,0.23099444477178638,0.05589256807680444,0.13252903065215849,0.1637431115525096,0.10206631964329116,0.028115387326399954,0.028115180129541166,0.05589245415769357,0.0548589665442587,0.07523333579831723,-0.8442,0.743,0.20852222222222222
354.1099853515625,354.1099853515625,51631700,20250218,TSLA,355.8399963378906,354.1099853515625,0,0.049292583537203664,0.0971156512515809,0.07057215215478208,0.13383236859038738,0.0713046315649986,0.05954878196732033,0.12663781116286132,0.11931845955220916,0.058298335273704774,0.1464313478209422,0.06764787712400903,-0.8176,0.9259,0.17854210526315786
360.55999755859375,360.55999755859375,67094400,20250219,TSLA,354.1099853515625,360.55999755859375,1,0.038754517209142754,0.09977929826250115,0.06153591917041929,0.08243588105362185,0.20858121173500788,0.0780002200076515,0.14243211355875168,0.03306786223221108,0.10233180921269898,0.0770435160829096,0.07603765147508375,-0.6746,0.7436,-0.0011294117647058788
354.3999938964844,354.3999938964844,45965400,20250220,TSLA,360.55999755859375,354.3999938964844,0,0.10431750898507193,0.10463601954197686,0.03585291138607986,0.06877704774879677,0.12382462292216632,0.12658868048699515,0.0832453478113421,0.18449568227295782,0.058381581365356795,0.07054198631323501,0.03933861116602089,-0.9313,0.7339,-0.12372666666666668
337.79998779296875,337.79998779296875,74058600,20250221,TSLA,354.3999938964844,337.79998779296875,0,0.07002274946242573,0.13423577090852654,0.1428722592167751,0.042117447186698014,0.12993850737793675,0.07556064089630914,0.08040705363029846,0.17860703390218283,0.05667458624945111,0.05822749461958556,0.03133645654981033,-0.8881,0.8555,-0.12123499999999998
330.5299987792969,330.5299987792969,76052300,20250224,TSLA,337.79998779296875,330.5299987792969,0,0.0863941310826192,0.15976764909444421,0.054695674948962485,0.08445916477100912,0.1288402753562267,0.06647380125087687,0.1338214540742446,0.10363157317442884,0.03910419890361202,0.09402226754163844,0.04878980980193712,-0.9304,0.8883,0.10353030303030301
302.79998779296875,302.79998779296875,134228800,20250225,TSLA,330.5299987792969,302.79998779296875,0,0.13050560120146137,0.10350583218891546,0.09343098159489122,0.10540951830116052,0.07815920949790456,0.08995897226025866,0.08748178665347654,0.10713114379264213,0.03400428943947825,0.07601210608629048,0.0944005589835203,-0.8574,0.7088,-0.04140285714285715
290.79998779296875,290.79998779296875,100118300,20250226,TSLA,302.79998779296875,290.79998779296875,0,0.10341059132838923,0.18221514991059934,0.04331048719449225,0.1383465418738502,0.12410029660466945,0.11897401540895199,0.052509598043579665,0.06080574150029997,0.03632027584471258,0.08131978648233792,0.05868751580811693,-0.8704,0.7263,-0.192475
281.95001220703125,281.95001220703125,101748200,20250227,TSLA,290.79998779296875,281.95001220703125,0,0.06710086470768807,0.139838247613089,0.08575574854753884,0.06430923993244521,0.09370835071643659,0.06430707021346772,0.05214076978350157,0.12715294435999305,0.09679990414720599,0.15154999573848493,0.05733686424014856,-0.866,0.8858,-0.007563636363636358
292.9800109863281,292.9800109863281,115697000,20250228,TSLA,281.95001220703125,292.9800109863281,1,0.06556125411675862,0.20084784585720583,0.10506221967603836,0.11552785142739341,0.06087268670245202,0.05029481222074276,0.018922694664893304,0.08537307135196803,0.10673091827803731,0.07580609948283239,0.11500054622167745,-0.8885,0.7424,-0.0627235294117647
284.6499938964844,284.6499938964844,115551400,20250303,TSLA,292.9800109863281,284.6499938964844,0,0.08498950649282394,0.09184281496581997,0.04919787514762517,0.15495731195693274,0.13688605121674857,0.14245554995850332,0.055454977848576496,0.07197085951541861,0.08965572180261405,0.04517751956890998,0.07741181152602668,-0.9247,0.7897,0.03626842105263158
272.0400085449219,272.0400085449219,126706600,20250304,TSLA,284.6499938964844,272.0400085449219,0,0.028106870006183827,0.0924182418614628,0.06675539082553782,0.07370125985878424,0.13657950620532622,0.04336926637387867,0.09744397270268125,0.1596823073883493,0.044561238388711205,0.14072363212525013,0.11665831426383404,-0.9423,0.5399,-0.13518
279.1000061035156,279.1000061035156,94042900,20250305,TSLA,272.0400085449219,279.1000061035156,1,0.019119901327304088,0.18870475152691193,0.03408695900167233,0.22206276281459295,0.17250876854695624,0.0857860574289129,0.09141309175620609,0.042825354314574605,0.04102865683318256,0.08334409096603615,0.01911960548364968,-0.9062,0.5267,-0.12778
263.45001220703125,263.45001220703125,98451600,20250306,TSLA,279.1000061035156,263.45001220703125,0,0.058915017659383964,0.15154334184747636,0.039154313071261965,0.2255747695466705,0.13893906078058357,0.019318208264508613,0.01931838386025419,0.11931849630645651,0.01931824077141916,0.04015191002697183,0.16844825786501286,-0.9025,0.0258,-0.5034125
262.6700134277344,262.6700134277344,102369600,20250307,TSLA,263.45001220703125,262.6700134277344,0,0.029010095203363357,0.02901028673489057,0.09791552141083901,0.029010684573812784,0.09733218342173541,0.10864665444747404,0.22159429453806725,0.1831030133733982,0.12594880228915487,0.04941787821406967,0.029010585793194498,-0.5994,0.6486,0.13138571428571427
222.1499938964844,222.1499938964844,189076900,20250310,TSLA,262.6700134277344,222.1499938964844,0,0.11382182738189081,0.08048869325771957,0.13697198103541072,0.22367738647696592,0.06011804297285808,0.02493304355369374,0.047155343769657805,0.13511753137902333,0.04715488769991364,0.1056283953434767,0.024932867129389205,-0.8313,0.7317,0.07292
230.5800018310547,230.5800018310547,174896400,20250311,TSLA,222.1499938964844,230.5800018310547,1,0.08322523139966204,0.20519980245061584,0.03315115135867281,0.21787088741164573,0.06911303387154161,0.05499522494584255,0.1057864750397746,0.02112073285558068,0.030801623653054402,0.06890118362976085,0.10983465338384847,-0.8442,0.8555,-0.04992222222222223
248.08999633789065,248.08999633789065,142215700,20250312,TSLA,230.5800018310547,248.08999633789065,1,0.109994263636117,0.06573297400512722,0.0614938319336478,0.29929256852251984,0.09676923641205334,0.026262626264991325,0.026262693941597387,0.22001156757577753,0.02626262626444506,0.041654963434899384,0.02626264800882361,-0.899,0.4574,-0.24085
240.67999267578125,240.67999267578125,114813500,20250313,TSLA,248.08999633789065,240.67999267578125,0,0.03308884621767162,0.07271992501015401,0.06376722061298401,0.06489150296191758,0.018382390647606973,0.01838250788836225,0.018382869795113676,0.289212947488197,0.018382772427515775,0.3247543363378722,0.07803468061260455,-0.3612,0.6249,0.166575
249.97999572753903,249.97999572753903,100242300,20250314,TSLA,240.67999267578125,249.97999572753903,1,0.12098331102434637,0.06477278645515636,0.014772941750426274,0.31517953432600493,0.1397728961511076,0.0147728221191474,0.03732105392606265,0.18560621678058073,0.0772726733125641,0.014772784349313398,0.014772979805289726,-0.636,0.2732,-0.246925
238.00999450683597,238.00999450683597,111900600,20250317,TSLA,249.97999572753903,238.00999450683597,0,0.0826531856286409,0.2011030080839682,0.06505506383189774,0.3048656045446551,0.01376055595157318,0.03194268879380846,0.06376065449312443,0.03304297148375662,0.1762951397635641,0.01376066804509632,0.013760459379914557,-0.743,0.6486,-0.1678
225.30999755859372,225.30999755859372,111477600,20250318,TSLA,238.00999450683597,225.30999755859372,0,0.10025985222514326,0.06753563245367408,0.10515654495172252,0.23448329348254418,0.07798448823332928,0.050220489601668215,0.11025909855279747,0.04454590569808178,0.0990344976024515,0.08026016544003105,0.03026003175855619,-0.9552,0.8715,0.021179999999999994
235.8600006103516,235.8600006103516,111993800,20250319,TSLA,225.30999755859372,235.8600006103516,1,0.13093486696284462,0.028158148262325922,0.04510403748153969,0.06982380043162163,0.06982301747854495,0.11010119532029816,0.16426601304352687,0.17546050861811144,0.0698223491431927,0.058350058681711524,0.07815600457628208,-0.802,0.6476,0.016566666666666657
236.25999450683597,236.25999450683597,99028300,20250320,TSLA,235.8600006103516,236.25999450683597,1,0.09150401357209614,0.06417152988855755,0.13121426692331326,0.09941639650076255,0.14069400829577408,0.05826942966400443,0.02660075057894908,0.11607321994375704,0.05291704139948039,0.16095964013214012,0.058179703101164916,-0.8934,0.6249,-0.21368947368421054
248.7100067138672,248.7100067138672,132728700,20250321,TSLA,236.25999450683597,248.7100067138672,1,0.08466444792594009,0.06271063209459206,0.13374697110951214,0.07157107049037685,0.021043850606082035,0.15801409109792863,0.021044286552479766,0.1062956277164905,0.1460437292893291,0.17382068839628198,0.021044604720986317,-0.9001,0.2732,-0.2861833333333333
278.3900146484375,278.3900146484375,169079900,20250324,TSLA,248.7100067138672,278.3900146484375,1,0.017764656475274514,0.07405061501014895,0.2255720286715141,0.11109149278701372,0.04707714607052579,0.1891914945774952,0.017765114781684944,0.1570516633787229,0.017764378480527743,0.12490645246159793,0.01776495730549377,-0.5267,0.6166,0.017471428571428582
288.1400146484375,288.1400146484375,150361500,20250325,TSLA,278.3900146484375,288.1400146484375,1,0.08736670762605496,0.09633744083940331,0.13924439117141432,0.1141240997789418,0.19924974275745974,0.06033918880493396,0.036213157175893074,0.09882912307402877,0.05214789924759424,0.05878655948110891,0.05736169004316644,-0.8973,0.8783,-0.011903921568627443
272.0599975585937,272.0599975585937,153629800,20250326,TSLA,288.1400146484375,272.0599975585937,0,0.0738224336911548,0.06539955940726792,0.12611542079566238,0.13202582203992147,0.08868883084754164,0.09830923611189718,0.16255820880435748,0.09744262308309401,0.03553544922976817,0.0738071774258887,0.04629523856344574,-0.8225,0.7184,-0.00384482758620689
273.1300048828125,273.1300048828125,162572100,20250327,TSLA,272.0599975585937,273.1300048828125,1,0.045819416563196456,0.0856316543498334,0.178423020079482,0.17010281106257358,0.12856957282699485,0.0914082765123931,0.0662878172244849,0.11958300925113813,0.040117626795407986,0.030521889764809764,0.043534905569685395,-0.8769,0.9245,0.09139090909090908
263.54998779296875,263.54998779296875,123809400,20250328,TSLA,273.1300048828125,263.54998779296875,0,0.05921390930386291,0.075008027468011,0.23144323518554666,0.1402890212472803,0.09601551330189655,0.06152951979522161,0.0678360929440118,0.08675450033314482,0.05053148699785457,0.09714826273152219,0.034230430691647135,-0.836,0.7345,0.02170204081632653
259.1600036621094,259.1600036621094,134008900,20250331,TSLA,263.54998779296875,259.1600036621094,0,0.05284046305120836,0.06664279720016887,0.2599096173719676,0.1281042797309195,0.1676794627268667,0.07243323398686835,0.06659353018855678,0.048733480360188874,0.05137558692984538,0.044480592882826735,0.041206955570582314,-0.7269,0.8588,0.14555625
268.4599914550781,268.4599914550781,146486900,20250401,TSLA,259.1600036621094,268.4599914550781,1,0.034696349488128386,0.058606213233752334,0.2057875626219921,0.1809670837098433,0.13963807849809726,0.06338359364555066,0.051034408328671226,0.059361436549216315,0.11047181010467744,0.03975728723421249,0.056296176585858046,-0.8159,0.6249,-0.002421428571428569
282.760009765625,282.760009765625,212787800,20250402,TSLA,268.4599914550781,282.760009765625,1,0.07842330977628627,0.06823917170072222,0.14293536913421376,0.14317028360563266,0.057063111442286006,0.1603791545583363,0.05698529985644407,0.09602401231915232,0.052574844175841434,0.09199331740162293,0.05221212602946158,-0.4767,0.7845,0.1501111111111111
267.2799987792969,267.2799987792969,136174300,20250403,TSLA,282.760009765625,267.2799987792969,0,0.04928009400382871,0.029134394458073386,0.15528521831187955,0.12984270663389125,0.05602622713110428,0.11387831941389749,0.09934865015481126,0.06359993795262754,0.08224476706669454,0.07301072529858015,0.14834895957461136,-0.9136,0.8256,0.018377272727272735
239.42999267578125,239.42999267578125,181229400,20250404,TSLA,267.2799987792969,239.42999267578125,0,0.03851913042338046,0.028102959787217524,0.10378020934089426,0.1461362766225319,0.09149145020860745,0.13850187383497214,0.01768595736894441,0.05659106453062551,0.2688737686772453,0.06604544219824805,0.044271867007332495,-0.6841,0.5093,0.086225
233.2899932861328,233.2899932861328,183453800,20250407,TSLA,239.42999267578125,233.2899932861328,0,0.05608107439947522,0.03857933241173805,0.018350462806668855,0.16801110781077389,0.17169827871087165,0.018350819262677634,0.13603560698458952,0.07390612513498042,0.17760951834180183,0.10080521777749386,0.04057245635892856,0.0,0.8786,0.32651111111111114
221.8600006103516,221.8600006103516,171603500,20250408,TSLA,233.2899932861328,221.8600006103516,0,0.1643564872702505,0.11144944796137199,0.2427574702498484,0.1385587476983681,0.01646146841722454,0.054922504830504995,0.04391897592496953,0.09169351280527055,0.016461600017325075,0.06887665713025022,0.05054312769461563,-0.7351,0.4824,-0.03429230769230769
272.20001220703125,272.20001220703125,219433400,20250409,TSLA,221.8600006103516,272.20001220703125,1,0.06815706157354291,0.028476596384645537,0.2977945237528907,0.043549860425791224,0.04211275722888719,0.10574917632956983,0.07241575644937592,0.169384539712819,0.03460951982432504,0.11836474275348378,0.01938546556466839,-0.8225,0.6486,-0.1492909090909091
252.3999938964844,252.3999938964844,181722600,20250410,TSLA,272.20001220703125,252.3999938964844,0,0.19439374571472176,0.07734485885965124,0.19191623463341537,0.09511680848092133,0.028213869362631625,0.06424871227976346,0.10109361050624004,0.01899261801695493,0.04463318070725918,0.06107030465848446,0.12297605677995613,-0.9187,0.8689,0.1221
252.30999755859372,252.30999755859372,128948100,20250411,TSLA,252.3999938964844,252.30999755859372,0,0.07475266269249184,0.06977099889625572,0.14573609114024294,0.1437654413249321,0.11636286507606142,0.06845494558289035,0.03251232302799856,0.11482758081079615,0.08001459860107131,0.061609328930265474,0.09219316391699367,-0.7964,0.8271,0.07822916666666667
