close,adjclose,volume,datetime,ticker,T_minus_1_price,T_price,change_vs_T_minus_1,topic_0_score,topic_1_score,topic_2_score,topic_3_score,topic_4_score,topic_5_score,topic_6_score,topic_7_score,topic_8_score,topic_9_score,min_sentiment,max_sentiment,avg_sentiment
2.173332929611206,2.173332929611206,15453000,20111201,TSLA,2.182667016983032,2.173332929611206,0,0.02291731178972465,0.02291697371980345,0.1375412464018045,0.27290652663091536,0.0229183994161144,0.022922898365869998,0.022924657233894148,0.02291666669619165,0.2624591347442974,0.1895761850013839,0.0,0.8588,0.4294
1.838000059127808,1.838000059127808,25582500,20111221,TSLA,1.8600000143051147,1.838000059127808,0,0.08851778974202168,0.10571385220180046,0.07238295206648988,0.191427370891638,0.024762862693544815,0.09023752062196111,0.11225818731904409,0.024762191653940932,0.06107372994082765,0.22886354286873098,-0.5574,0.8777,0.20425000000000001
1.8513330221176147,1.8513330221176147,15141000,20111222,TSLA,1.838000059127808,1.8513330221176147,1,0.0214285714602182,0.0214315548249548,0.10981709961959679,0.1880957098385921,0.17184649195400148,0.1047568891722519,0.18809568389429585,0.021428571461466202,0.15167085631581148,0.02142857145881093,0.0,0.4019,0.13396666666666665
1.9046670198440552,1.9046670198440552,11662500,20111227,TSLA,1.8600000143051147,1.9046670198440552,1,0.0200000000144836,0.2199935414207336,0.0200050620723405,0.0200000000123716,0.020000000016849,0.4199721040791697,0.0200000000131835,0.0200107267113201,0.2200000468429536,0.0200185188165944,0.3182,0.3182,0.3182
1.915333032608032,1.915333032608032,7323000,20111229,TSLA,1.9006669521331787,1.915333032608032,1,0.1866420745815098,0.1790014828122267,0.029001939446210778,0.029000669815085776,0.02900035627842922,0.07900010583742718,0.0290000000166172,0.029000513756231618,0.0290002480053755,0.3813526094508858,-0.0772,0.9081,0.47534
1.9040000438690183,1.9040000438690183,5097000,20111230,TSLA,1.915333032608032,1.9040000438690183,0,0.10645291282303947,0.06156682694250204,0.18060820866946645,0.111919033842798,0.025854034111155416,0.17040576550103184,0.15849591226015738,0.06156416521958188,0.06156682523977773,0.0615663153904893,0.0,0.8176,0.48465714285714284
1.871999979019165,1.871999979019165,13921500,20120103,TSLA,1.9040000438690183,1.871999979019165,0,0.03888888890712227,0.038891910002790867,0.03889105662627227,0.0388898184792171,0.03888986903875483,0.4277753842061438,0.0388888889054912,0.03888888890783563,0.03888888890567213,0.2611064060206995,0.4404,0.6369,0.5613666666666667
1.7940000295639038,1.7940000295639038,14794500,20120106,TSLA,1.807999968528748,1.7940000295639038,0,0.017265779269264966,0.017263220836645832,0.0172639191305068,0.05892851183497394,0.0172619253091725,0.14226560013417644,0.2749385664805503,0.017262497879972197,0.42028481570497983,0.017265163419756733,0.0,0.3182,0.10606666666666666
1.8819999694824217,1.8819999694824217,10084500,20120111,TSLA,1.841333031654358,1.8819999694824217,1,0.0200044092221434,0.0200001031430472,0.3881507815003442,0.2518281096049031,0.0200000000508851,0.0200000000402386,0.0200087226869186,0.0200056600711434,0.0200022046623304,0.2200000090180456,0.6616,0.6616,0.6616
1.8833329677581787,1.8833329677581787,10939500,20120112,TSLA,1.8819999694824217,1.8833329677581787,1,0.0263898912256564,0.06805073269185363,0.026388888900745002,0.28839718223199795,0.026389892642291565,0.06817405031847747,0.10226989555283816,0.0911598044782184,0.276389076577466,0.026390585380455,-0.1386,0.6239,0.16176666666666667
1.519333004951477,1.519333004951477,82506000,20120113,TSLA,1.8833329677581787,1.519333004951477,0,0.009091470986155,0.0090909356794279,0.1154967883699553,0.0090909400727711,0.1002820218249663,0.009090909099181,0.0090909090990961,0.0090909504601112,0.7205841653088352,0.0090909090995002,0.0,0.0,0.0
1.773332953453064,1.773332953453064,69774000,20120117,TSLA,1.519333004951477,1.773332953453064,1,0.026111111145082935,0.30388147562817364,0.12014605620312857,0.0261168073125812,0.026111111150557337,0.21540783769496794,0.13722310096265225,0.0261144803709767,0.0261113234178766,0.0927766961140024,-0.1154,0.0875,-0.03503333333333334
1.7846670150756836,1.7846670150756836,8919000,20120123,TSLA,1.773332953453064,1.7846670150756836,1,0.0250000000706995,0.5249936707794364,0.0250000000595405,0.2749987830701418,0.0250000000821628,0.0250075456676143,0.0250000000643655,0.0250000000734881,0.0250000000650361,0.0250000000675148,0.6361,0.6361,0.6361
1.8279999494552608,1.8279999494552608,12870000,20120124,TSLA,1.7846670150756836,1.8279999494552608,1,0.12277295701953517,0.0172619253215206,0.017266182761174333,0.0172620760320904,0.017263326103340998,0.5471429961478926,0.0172644685607548,0.1124965138346199,0.017263998951872635,0.11400555526719817,-0.2732,0.6369,0.04580000000000001
1.95533299446106,1.95533299446106,11226000,20120127,TSLA,1.929332971572876,1.95533299446106,1,0.0200006837296492,0.020000000010552,0.0200000000112823,0.2252409263439929,0.0200000000155771,0.6147572714496679,0.0200000000122054,0.0200000000139252,0.0200003413494724,0.0200007770636752,0.5994,0.5994,0.5994
1.937999963760376,1.937999963760376,14346000,20120131,TSLA,1.9713330268859863,1.937999963760376,0,0.0500000000692292,0.050006697355287,0.0500000000583078,0.050000000059122,0.0500000000806429,0.5499933021124365,0.0500000000631652,0.0500000000719122,0.0500000000637326,0.0500000000661641,0.1531,0.1531,0.1531
1.972000002861023,1.972000002861023,7848000,20120201,TSLA,1.937999963760376,1.972000002861023,1,0.3090647836889996,0.31624556756769134,0.0866908043998838,0.0162500000223297,0.1904904470606274,0.01625516624874515,0.01625163878039215,0.01625006958606445,0.0162515226202765,0.0162500000249895,0.1779,0.3818,0.27985
2.016666889190674,2.016666889190674,12085500,20120202,TSLA,1.972000002861023,2.016666889190674,1,0.0250000000059667,0.025000000004703,0.0250000000050289,0.0250000000050987,0.0250125133220552,0.0250000000054919,0.0250026514137109,0.0250009345228427,0.7749798541433527,0.0250040465717489,0.4576,0.4576,0.4576
2.119999885559082,2.119999885559082,9781500,20120206,TSLA,2.076667070388794,2.119999885559082,1,0.01875122697414265,0.01875000001816815,0.01875000001943715,0.0187500000196981,0.1437470195785812,0.3499850921895459,0.0187501710191557,0.018752730038672748,0.3750106539363237,0.0187531062062744,0.0,0.25,0.125
2.1066670417785645,2.1066670417785645,15324000,20120207,TSLA,2.119999885559082,2.1066670417785645,0,0.0200014967391225,0.0200000000068543,0.0200000000073384,0.0200009623840804,0.0200000000101169,0.0200000000080071,0.0200134413309948,0.0200000000090455,0.3099537999769668,0.5300302995274728,0.6096,0.6096,0.6096
2.128667116165161,2.128667116165161,9355500,20120208,TSLA,2.1066670417785645,2.128667116165161,1,0.09833164788470561,0.23166239926447618,0.19833089546595128,0.11500346954507805,0.19833240805537855,0.03166687623215477,0.031668462328844564,0.03166683666821727,0.03166807047416817,0.03166893408102523,-0.5938,0.6893,0.2517333333333333
2.171999931335449,2.171999931335449,19156500,20120209,TSLA,2.128667116165161,2.171999931335449,1,0.020835671376084698,0.020833650575968102,0.02083540904211805,0.02083333334424775,0.1874999914388892,0.23493515899628145,0.10416642191561215,0.0208333333466711,0.34839369661859176,0.0208333333455354,0.0,0.5106,0.2553
2.0733330249786377,2.0733330249786377,28113000,20120210,TSLA,2.171999931335449,2.0733330249786377,0,0.01638996232748857,0.0163890240916269,0.14977207172824517,0.016390655774139232,0.01638892879918963,0.016389186708253033,0.12071857693778376,0.2471374961334549,0.384035120872652,0.016388976627166433,-0.4574,0.7189,0.08716666666666667
2.211333036422729,2.211333036422729,27162000,20120214,TSLA,2.0993330478668213,2.211333036422729,1,0.0250000000039145,0.0250000000030879,0.2749984047785024,0.0250000000033442,0.0250000000045545,0.0250000000036021,0.0250016330322792,0.0250000000040706,0.5249990661028547,0.0250008960637895,0.4215,0.4215,0.4215
2.3313329219818115,2.3313329219818115,20650500,20120217,TSLA,2.2786669731140137,2.3313329219818115,1,0.0166666666803676,0.0166666666774509,0.5035734468548263,0.1833334000563937,0.0166666666825913,0.0166666666792689,0.0166670639864467,0.0166666666809226,0.0166666666792718,0.1964260890224598,0.2023,0.2023,0.2023
2.299999952316284,2.299999952316284,17037000,20120221,TSLA,2.3313329219818115,2.299999952316284,0,0.0250000000880405,0.2749977731367045,0.0250000000741752,0.2749921059917358,0.0250061732111771,0.2749955880510688,0.0250000000801588,0.025000000091424,0.0250057459111853,0.0250026133643295,-0.4926,-0.4926,-0.4926
2.253999948501587,2.253999948501587,9183000,20120228,TSLA,2.2413330078125,2.253999948501587,1,0.0111112316150183,0.0111111111134442,0.0111111111136064,0.0111111111136411,0.011111272267974,0.0111113325690878,0.0111111111138088,0.0111113230825925,0.8999992848968846,0.0111111111139418,0.0,0.0,0.0
2.227333068847656,2.227333068847656,8035500,20120229,TSLA,2.253999948501587,2.227333068847656,0,0.0125007615147468,0.0125007636674358,0.0125034420141946,0.0125009284816968,0.1671018697325233,0.3716055070966923,0.0125002771649315,0.0125005415655954,0.0125000000066055,0.3737859087555776,0.0,0.0,0.0
2.2693328857421875,2.2693328857421875,8250000,20120302,TSLA,2.2939999103546143,2.2693328857421875,0,0.0200000000399763,0.0200000000315057,0.0200000000336864,0.0200000000341784,0.0200000000465179,0.020000000036875,0.0200000000364384,0.0200000000415573,0.6200021632239177,0.2199978364753464,0.0,0.0,0.0
2.2079999446868896,2.2079999446868896,5473500,20120307,TSLA,2.2073330879211426,2.2079999446868896,1,0.0250000000049072,0.0250003766131182,0.0250125731116676,0.4876377402125728,0.0250000000057071,0.0250000000045138,0.0250031168331598,0.0250001544563033,0.3123460387533607,0.0250000000046892,0.0,0.0,0.0
2.4006669521331787,2.4006669521331787,29449500,20120312,TSLA,2.315999984741211,2.4006669521331787,1,0.0125000000508617,0.0125015925806755,0.0125000000428809,0.6374868216985813,0.0125000000591741,0.012510947482382,0.0125004274002255,0.0125000000528687,0.0125000000468346,0.2625002105855153,0.126,0.126,0.126
2.4059998989105225,2.4059998989105225,15024000,20120313,TSLA,2.4006669521331787,2.4059998989105225,1,0.0500000000487869,0.5499973171479172,0.050000000041085,0.0500000000416635,0.0500000000566626,0.0500000000448662,0.0500000000443958,0.050000000050664,0.0500026824773774,0.0500000000465811,0.6956,0.6956,0.6956
2.352667093276977,2.352667093276977,12772500,20120314,TSLA,2.4059998989105225,2.352667093276977,0,0.1,0.1,0.1,0.1,0.1,0.1,0.1,0.1,0.1,0.1,0.0,0.0,0.0
2.3333330154418945,2.3333330154418945,8574000,20120315,TSLA,2.352667093276977,2.3333330154418945,0,0.6668162245411933,0.0166681819192541,0.1998415589368898,0.0166713803257045,0.0166666666927288,0.0166666666872926,0.016666666687063,0.0166684138025949,0.0166666666872936,0.016667573719985,0.6597,0.6597,0.6597
2.330667018890381,2.330667018890381,8505000,20120320,TSLA,2.3320000171661377,2.330667018890381,0,0.0250000000058708,0.2749910669886278,0.0250000000049463,0.0250063398564497,0.0250000000068304,0.5249995178293324,0.0250023952717268,0.025000000006104,0.025000680024502,0.0250000000056093,0.8439,0.8439,0.8439
2.293333053588867,2.293333053588867,7836000,20120322,TSLA,2.343333005905152,2.293333053588867,0,0.0333333333722038,0.0333333333639615,0.0333333333660909,0.0333333333665527,0.3666662297903483,0.0333333333691082,0.0333333333687385,0.0333333333737513,0.0333333333691256,0.3666671032601188,0.6124,0.6124,0.6124
2.523333072662353,2.523333072662353,14325000,20120328,TSLA,2.529333114624023,2.523333072662353,0,0.1099990316200943,0.1099998743701537,0.4594882223323615,0.010000360926293,0.0100000000106405,0.0100000000084122,0.0100000898128119,0.0100000000095034,0.2605124209009908,0.0100000000087386,0.0,0.0,0.0
2.5339999198913574,2.5339999198913574,16471500,20120403,TSLA,2.438667058944702,2.5339999198913574,1,0.12250905166120844,0.12250025380136545,0.12249949725759275,0.02250000001695105,0.0225000000230779,0.0225003644186888,0.24750029554579575,0.02250000002062255,0.022500217975468903,0.2724903192792281,0.0,0.1027,0.05135
2.3333330154418945,2.3333330154418945,67227000,20120404,TSLA,2.5339999198913574,2.3333330154418945,0,0.0250083157018995,0.0250000000113803,0.0250000000121931,0.0250061480987714,0.0250065861884535,0.0250000000133035,0.2749892351258947,0.0250000000150153,0.5249897148192818,0.0250000000138067,0.7506,0.7506,0.7506
2.298666954040528,2.298666954040528,22641000,20120405,TSLA,2.3333330154418945,2.298666954040528,0,0.29210981851706663,0.113732108262314,0.18060631257847798,0.022917101481264548,0.022916666685362103,0.022916666681440802,0.0229168700239393,0.02291667676882635,0.27605111231927976,0.0229166666820282,0.6239,0.7579,0.6909000000000001
2.2100000381469727,2.2100000381469727,24835500,20120409,TSLA,2.298666954040528,2.2100000381469727,0,0.17036936473765865,0.0250026023865641,0.1322426222727659,0.1361092210354031,0.025001218384234265,0.2407419497273573,0.025002156789579535,0.025000000014062333,0.0250004701595062,0.19553039449286813,0.1779,0.8646,0.4747666666666666
2.177333116531372,2.177333116531372,12346500,20120418,TSLA,2.149333000183105,2.177333116531372,1,0.0250000000323691,0.0250029288759976,0.0250000000272469,0.274999862053139,0.0250000000376115,0.5249972088498671,0.0250000000294697,0.0250000000336348,0.0250000000297621,0.0250000000309019,0.2263,0.2263,0.2263
2.21066689491272,2.21066689491272,11623500,20120419,TSLA,2.177333116531372,2.21066689491272,1,0.037500436100637,0.4124944933026633,0.28749786687824297,0.0375003771900078,0.03750080817828385,0.0375006266630657,0.0375011829809929,0.03750067450274035,0.0375000000254752,0.037503534177890596,0.6705,0.7184,0.69445
2.129333019256592,2.129333019256592,13362000,20120423,TSLA,2.21066689491272,2.129333019256592,0,0.01666856746589565,0.10000075577021715,0.09999795196831265,0.10000096896925065,0.0166689937292234,0.0166684472606318,0.01667218979218065,0.0166675399450752,0.5999863744640674,0.01666821063514505,0.0,0.0,0.0
2.121332883834839,2.121332883834839,10117500,20120424,TSLA,2.129333019256592,2.121332883834839,0,0.0142857142965741,0.0142857142942687,0.0142857142948623,0.1571423481979684,0.0142857142983423,0.3177270244500116,0.014285714295605,0.0142857142969984,0.4251306272792785,0.0142857142960902,0.0,0.0,0.0
2.208667039871216,2.208667039871216,6208500,20120430,TSLA,2.22266697883606,2.208667039871216,0,0.19444609446210057,0.027779069483158798,0.027778568182218164,0.02778268247667243,0.19443547183046941,0.027782007771865267,0.11111107268657704,0.027777777785930397,0.3333294775357345,0.027777777785272902,-0.34,0.658,0.2394333333333333
2.1640000343322754,2.1640000343322754,12619500,20120503,TSLA,2.262666940689087,2.1640000343322754,0,0.21999941497815023,0.02000000001453245,0.02000102673762525,0.02000252615293175,0.0200003011359475,0.44203985930191736,0.020000000016805047,0.10000848685414215,0.020001485773903,0.1179468990340449,0.0,0.4019,0.20095
2.012666940689087,2.012666940689087,46458000,20120508,TSLA,2.1646668910980225,2.012666940689087,0,0.7749783069004849,0.025001239802627,0.025000000042047,0.0250091094138338,0.0250028753998294,0.0250000000459847,0.0250000000454755,0.0250042513372392,0.0250000000459352,0.0250042169665426,0.3612,0.3612,0.3612
2.003999948501587,2.003999948501587,29218500,20120509,TSLA,2.012666940689087,2.003999948501587,0,0.1317318683587087,0.0111111525757124,0.0111117189698273,0.0111135327221933,0.1222190744749876,0.0111111111281188,0.0111111111279441,0.0111113927019895,0.6682664812831121,0.0111125566574057,0.5562,0.5562,0.5562
2.1973330974578857,2.1973330974578857,83344500,20120510,TSLA,2.003999948501587,2.1973330974578857,1,0.349998162129277,0.016666872245419,0.1607932491185489,0.0166692063824863,0.0166666666913386,0.0166666666861797,0.016669307828764,0.016666750993224,0.3725347453012916,0.0166683726234704,0.7184,0.7184,0.7184
2.150000095367432,2.150000095367432,18319500,20120511,TSLA,2.1973330974578857,2.150000095367432,0,0.29004539482026886,0.01625020930455565,0.01625000000397905,0.0584660003934668,0.0162505550865883,0.13773703443847185,0.0162513070686255,0.01625000399710045,0.41624949488243135,0.01625000000451175,-0.0516,0.0,-0.0258
2.003999948501587,2.003999948501587,20713500,20120514,TSLA,2.150000095367432,2.003999948501587,0,0.0250000000076678,0.0250000000060447,0.025000000006464,0.0250073943685486,0.025000000008924,0.0250033649994507,0.0250019732433819,0.3984031502261944,0.025000000007061,0.4015841171262622,-0.6597,-0.6597,-0.6597
2.053333044052124,2.053333044052124,35493000,20120522,TSLA,1.9179999828338623,2.053333044052124,1,0.1166488463245799,0.054643592234457,0.08485340733948823,0.021161894792249076,0.10449086911420209,0.07961613588535456,0.2386357917214445,0.021161232713799275,0.2576255187327696,0.02116271114165535,0.0,0.9269,0.36948749999999997
2.068000078201294,2.068000078201294,18306000,20120523,TSLA,2.053333044052124,2.068000078201294,1,0.0166666667075909,0.0166666666988849,0.0166666667011438,0.3499776955346019,0.0166729002730049,0.3500019076604267,0.0166801304247168,0.0166666667091974,0.1833340325846381,0.0166666667057941,0.0,0.0,0.0
2.018666982650757,2.018666982650757,16134000,20120524,TSLA,2.068000078201294,2.018666982650757,0,0.021459203003792324,0.0214621516539919,0.021458909390533222,0.2193702016771238,0.1214567609268993,0.22525749562634395,0.021460306004652725,0.07145719112293693,0.1551650524832918,0.1214527281104337,0.0,0.6486,0.16215
1.987333059310913,1.987333059310913,11355000,20120525,TSLA,2.018666982650757,1.987333059310913,0,0.0162530606173302,0.016252064349026398,0.016250000015925352,0.24124411234831333,0.01625000002197765,0.403751165021063,0.016250000017223,0.0162500000196482,0.1787502527010041,0.07874934488848825,0.0,0.6588,0.3294
1.9666670560836792,1.9666670560836792,16780500,20120531,TSLA,2.0273330211639404,1.9666670560836792,0,0.2701707508705393,0.01572420636128355,0.08715607345727244,0.07475184769428665,0.1684979948083043,0.10947616811112333,0.015724480661041474,0.015724206365133477,0.22704961325240036,0.0157246584186146,-0.34,0.658,-0.005500000000000005
1.8606669902801516,1.8606669902801516,9463500,20120605,TSLA,1.858667016029358,1.8606669902801516,1,0.0142857143184113,0.0142857143114674,0.1571415539787559,0.0142897882337336,0.5857099569605216,0.0142881217242459,0.0142877528222615,0.0142857143196814,0.157139969013958,0.0142857143169632,0.0,0.0,0.0
1.9593329429626465,1.9593329429626465,13083000,20120614,TSLA,1.9846669435501096,1.9593329429626465,0,0.0200000000386701,0.0200002707583298,0.020000000032534097,0.020000000032969548,0.22000059323166826,0.020007530508614597,0.1199990118801602,0.02000000004012325,0.2199998427664582,0.3199927507104715,0.0,0.4404,0.2202
2.122667074203491,2.122667074203491,18852000,20120618,TSLA,1.99399995803833,2.122667074203491,1,0.10066842595856305,0.0180558231502264,0.07361153129975875,0.26805233629319314,0.0180566916819785,0.018055958295881802,0.01805601352349465,0.07656103033344004,0.2658268852484203,0.14305530421504312,-0.4926,0.8176,0.1625
2.252000093460083,2.252000093460083,51336000,20120620,TSLA,2.1393330097198486,2.252000093460083,1,0.0333522319346164,0.033333333335786,0.0333333333359581,0.0333333333359934,0.0333333333369563,0.0333333333361991,0.0333333333361694,0.0333358019172229,0.6999786327947893,0.0333333333363086,0.0,0.0,0.0
2.25266695022583,2.25266695022583,45699000,20120622,TSLA,2.1459999084472656,2.25266695022583,1,0.0250000000109986,0.0250000000086755,0.0250000000092672,0.0250094532564835,0.0250000000127895,0.0250000000101165,0.0250000000100177,0.0250000000114353,0.7749905466597021,0.0250000000105135,0.0,0.0,0.0
2.130666971206665,2.130666971206665,15708000,20120627,TSLA,2.107332944869995,2.130666971206665,1,0.3067502281331789,0.024209463634292567,0.024206349240037634,0.024208556646438336,0.024206349252801032,0.13531589606056618,0.024206818409151034,0.024207526903132732,0.19404071626481534,0.21864809545558564,-0.3802,0.6249,0.08156666666666668
2.0820000171661377,2.0820000171661377,18807000,20120705,TSLA,2.0439999103546143,2.0820000171661377,1,0.16250212886736096,0.0375000000182029,0.0375000000194612,0.0375000000197477,0.28749823296027477,0.16250027215123175,0.16249936589591815,0.0375000000244511,0.0375000000212786,0.03750000002207245,-0.357,0.6361,0.13955
2.180000066757202,2.180000066757202,16885500,20120712,TSLA,2.1006669998168945,2.180000066757202,1,0.1714536871841519,0.0125000000061107,0.3516541194599369,0.0125001652263454,0.0125012776824887,0.0125012445485524,0.2582959891059772,0.0125024858785263,0.0125008570580117,0.1435901738498982,0.3074,0.3074,0.3074
2.2233328819274902,2.2233328819274902,38539500,20120717,TSLA,2.3973329067230225,2.2233328819274902,0,0.0500000000604149,0.0500000000476541,0.0500000000509184,0.0500000000516284,0.5499869747283213,0.0500000000556205,0.0500000000551137,0.050000000062801,0.0500000000556103,0.050013024831917,0.902,0.902,0.902
2.0439999103546143,2.0439999103546143,20802000,20120723,TSLA,2.119333028793335,2.0439999103546143,0,0.338484473409804,0.01833423513792765,0.0183336691747281,0.018333333357694902,0.01833333336648455,0.2183318609096827,0.2183218361955234,0.11485746946187654,0.01833371460717585,0.01833607437910205,-0.7906,-0.0516,-0.4211
1.9673329591751096,1.9673329591751096,25095000,20120727,TSLA,1.8753329515457156,1.9673329591751096,1,0.05047920323589764,0.0525316711495383,0.20500479201536226,0.024604590057719398,0.0801585578000771,0.16349385315949844,0.024603748320374052,0.06627060049992527,0.06627032499367186,0.26658265876793524,-0.2263,0.8908,0.3743
1.8279999494552608,1.8279999494552608,23626500,20120731,TSLA,1.8233330249786377,1.8279999494552608,1,0.14113920300443866,0.13082330551676297,0.015280337647912166,0.08546789023508795,0.015278041109780168,0.20164678636843272,0.08029624002767956,0.015281574465867634,0.20809647606998394,0.1066901455540537,0.4939,0.7184,0.6375333333333334
1.75,1.75,23884500,20120801,TSLA,1.8279999494552608,1.75,0,0.08414646730656493,0.06873593608901854,0.10402890818549178,0.026381109961364457,0.159711813064278,0.0663810195920032,0.08352184686518867,0.026381356692314138,0.14066655243752124,0.24004498980625458,0.0,0.7845,0.41702000000000006
1.8179999589920044,1.8179999589920044,18142500,20120803,TSLA,1.7400000095367432,1.8179999589920044,1,0.24995715299600285,0.02083512725833965,0.0208376568054654,0.3333697370539604,0.2708218763121179,0.02083485736570755,0.0208370641022319,0.02083460070689095,0.0208366290492157,0.020835298350067248,0.0,0.743,0.3715
2.078000068664551,2.078000068664551,13051500,20120813,TSLA,1.996000051498413,2.078000068664551,1,0.0142857143200962,0.4437679915470944,0.2999893752112595,0.014286402107206,0.0142857143257171,0.0142952420308732,0.1562293645283838,0.014286060703658,0.0142857143173713,0.0142884209083402,-0.6908,-0.6908,-0.6908
1.9966670274734497,1.9966670274734497,11632500,20120822,TSLA,1.940667033195496,1.9966670274734497,1,0.01714292846531985,0.2930819647119086,0.141193242804251,0.017145129776634502,0.01714285716816235,0.01714658385821365,0.28031668284468164,0.01714292091949455,0.18254021690930794,0.01714747254202545,0.7964,0.8122,0.8043
1.888000011444092,1.888000011444092,20256000,20120827,TSLA,1.9666670560836792,1.888000011444092,0,0.014487185082797999,0.014484127005306699,0.056150180022473704,0.21744883142997137,0.1559049374792374,0.0144842673672902,0.014484489625105268,0.014484127012065333,0.4835851279215349,0.0144867270542167,-0.1531,0.7845,0.21046666666666666
1.8940000534057615,1.8940000534057615,12583500,20120829,TSLA,1.9126670360565183,1.8940000534057615,0,0.2168527523749969,0.020833333353854448,0.10416550433251505,0.0208333333555709,0.0208333333636196,0.40286060529454687,0.020835089991602752,0.02083333336040715,0.0208333333573071,0.1511193812155788,0.2263,0.9211,0.5737
1.9033329486846924,1.9033329486846924,12625500,20120906,TSLA,1.8626669645309448,1.9033329486846924,1,0.1374993386872446,0.0125001558120324,0.012507546356529,0.0125017743286035,0.0125000000245746,0.0125000000194473,0.1797723536204205,0.0125000639162,0.5952159918397668,0.012502775395181,0.0,0.0,0.0
1.9653329849243164,1.9653329849243164,22270500,20120913,TSLA,1.885332942008972,1.9653329849243164,1,0.0250000000106945,0.025000000008428,0.0250000000090141,0.2788834927115859,0.0250000000124423,0.5211131922998408,0.0250000000097514,0.0250000000111199,0.0250016228658294,0.0250016920612933,0.5859,0.5859,0.5859
2.026000022888184,2.026000022888184,23049000,20120914,TSLA,1.9653329849243164,2.026000022888184,1,0.0111113030429051,0.0111113333081986,0.5626294336442441,0.0111113506743554,0.0111112905934726,0.1222216194887801,0.1262592965805864,0.0111111197602901,0.0111111889064841,0.1222220640006831,0.2263,0.2263,0.2263
2.169332981109619,2.169332981109619,48192000,20120917,TSLA,2.026000022888184,2.169332981109619,1,0.0125005669612407,0.0125020906250049,0.2044408893632556,0.2723644561029594,0.0125016267416137,0.0125000000036166,0.2897501840015845,0.0125005500858096,0.1584390139252199,0.0125006221896948,0.5697,0.5697,0.5697
2.069999933242798,2.069999933242798,15727500,20120919,TSLA,2.0893330574035645,2.069999933242798,0,0.0166666666765851,0.0166694317979807,0.6833295987572024,0.0166674951403341,0.0166666666781988,0.0166666666757919,0.0166666666757009,0.0166666666769753,0.1833334742450856,0.0166666666761447,0.0,0.0,0.0
1.843999981880188,1.843999981880188,85206000,20120925,TSLA,2.0439999103546143,1.843999981880188,0,0.2199977575598866,0.0200000687661397,0.6199993574700184,0.0200007824138377,0.0200011830069163,0.0200000000185464,0.0200005685313475,0.0200000282181143,0.0200002539959023,0.0200000000192904,0.6369,0.6369,0.6369
1.944000005722046,1.944000005722046,13266000,20121001,TSLA,1.9520000219345093,1.944000005722046,0,0.1763322567662165,0.00909090909985,0.0090909091004694,0.0090909091006028,0.2860252024600422,0.0090919787204008,0.1752438108648835,0.0090916230244865,0.3078512406801101,0.0090911601829378,-0.128,-0.128,-0.128
1.9866670370101929,1.9866670370101929,10935000,20121002,TSLA,1.944000005722046,1.9866670370101929,1,0.0090912232123437,0.0090909090970125,0.0090909090974377,0.099999317526849,0.009091021048519,0.2152620538886358,0.0090909090979673,0.0090909090989593,0.6211018388339635,0.0090909090983119,0.0,0.0,0.0
1.953333020210266,1.953333020210266,15792000,20121003,TSLA,1.9866670370101929,1.953333020210266,0,0.0333535059599552,0.033333333363566,0.0333333333656672,0.0333333333660997,0.0333333333779407,0.0333333333686599,0.6999798270862733,0.0333333333731938,0.0333333333686558,0.0333333333699882,-0.0772,-0.0772,-0.0772
1.950000047683716,1.950000047683716,13345500,20121008,TSLA,1.9259999990463257,1.950000047683716,1,0.0111121299431411,0.0111111111155825,0.011111135899503,0.011111111115959,0.1343456870358405,0.0111117101921382,0.0111111111162797,0.0111111111170102,0.7767637813480104,0.0111111111165349,0.0,0.0,0.0
1.888000011444092,1.888000011444092,6759000,20121011,TSLA,1.8933329582214355,1.888000011444092,0,0.0111115756620315,0.0111112471785841,0.0111114644060211,0.3308910615738163,0.0111142531443762,0.455554961525098,0.0111151578002248,0.0111111111186667,0.1357680564731211,0.0111111111180598,0.0,0.0,0.0
1.8566670417785645,1.8566670417785645,7053000,20121022,TSLA,1.8493330478668213,1.8566670417785645,1,0.0166666666960384,0.01666673186548,0.4640716163780752,0.016667408286943,0.2359206257314811,0.0166666666936709,0.0166762107636776,0.0166666934281667,0.0166669074689931,0.1833304726874733,0.0,0.0,0.0
2.076667070388794,2.076667070388794,34860000,20121106,TSLA,2.0999999046325684,2.076667070388794,0,0.0333333333551398,0.0333333333505124,0.0333333333517046,0.366666502850872,0.0333333333587035,0.0333333333534066,0.0333333333531952,0.0333333333559897,0.0333333333533934,0.3666668303170823,0.4926,0.4926,0.4926
2.102667093276977,2.102667093276977,25717500,20121107,TSLA,2.076667070388794,2.102667093276977,1,0.1033917932474508,0.0090909133475174,0.0090910402142317,0.0090911267651073,0.5191827634209419,0.0090933393580408,0.0090916311620205,0.009090945157282,0.313785135229617,0.0090913120977902,0.0,0.0,0.0
2.107332944869995,2.107332944869995,14974500,20121113,TSLA,2.0713329315185547,2.107332944869995,1,0.2749970215018772,0.0250000000586998,0.0250000000627608,0.0250000000637578,0.0250064328610003,0.2749928716362416,0.0250022930259489,0.0250000000774062,0.0250000000685704,0.2750013806437365,0.6696,0.6696,0.6696
2.122667074203491,2.122667074203491,13630500,20121116,TSLA,2.0546669960021973,2.122667074203491,1,0.0111113984635631,0.0111166335947925,0.0111126935454352,0.6675754771328847,0.0111111987428395,0.0111118650040815,0.0111117281571562,0.0111111307293443,0.2435267635096555,0.0111111111202471,0.6597,0.6597,0.6597
2.200000047683716,2.200000047683716,13837500,20121120,TSLA,2.194667100906372,2.200000047683716,1,0.23957922535931217,0.017690876168062,0.017691815378559718,0.07913318189079847,0.04796796984044394,0.07211992862428264,0.1123225744080237,0.0992785780986383,0.05769171034723558,0.256524139884643,-0.6369,0.1655,-0.24486
2.1646668910980225,2.1646668910980225,14448000,20121121,TSLA,2.200000047683716,2.1646668910980225,0,0.0250000000062375,0.0250000000049121,0.0250000000052535,0.524999960863469,0.0250000000072538,0.2750000390890065,0.025000000005684,0.0250000000064842,0.0250000000057399,0.0250000000059591,0.7717,0.7717,0.7717
2.1419999599456787,2.1419999599456787,6454500,20121123,TSLA,2.1646668910980225,2.1419999599456787,0,0.5499999999809548,0.0500000000017878,0.0500000000019119,0.0500000000019385,0.0500000000026386,0.0500000000020881,0.0500000000020659,0.0500000000023575,0.0500000000020881,0.0500000000021684,0.7783,0.7783,0.7783
2.1433329582214355,2.1433329582214355,13662000,20121127,TSLA,2.1513330936431885,2.1433329582214355,0,0.0183349182816753,0.0183373192738358,0.0183336330395759,0.2767726410874267,0.1103026730209342,0.48458082616027726,0.0183348955118953,0.01833520535887305,0.0183337741538591,0.01833411411164685,0.0772,0.2263,0.15175
2.2153329849243164,2.2153329849243164,22878000,20121128,TSLA,2.1433329582214355,2.2153329849243164,1,0.0500125479295571,0.0500149768782813,0.0500065122941955,0.5499396803304359,0.0500000000172902,0.0500000000136846,0.0500000000135392,0.0500173255655998,0.0500000000136847,0.0500089569437313,0.6474,0.6474,0.6474
2.259999990463257,2.259999990463257,18949500,20121204,TSLA,2.308000087738037,2.259999990463257,0,0.1675147332621677,0.0125040661805599,0.3557711026534323,0.0125010481122263,0.0125013254208523,0.0125000000049817,0.0125023623631728,0.3892036285783701,0.0125008291703194,0.012500904253917,0.8834,0.8834,0.8834
2.24733304977417,2.24733304977417,9922500,20121205,TSLA,2.259999990463257,2.24733304977417,0,0.0333333333871024,0.0333333333756649,0.0333333333785961,0.0333333333792337,0.3666607741874417,0.0333333333827778,0.0333333333823888,0.366663121545707,0.0333333333827729,0.0333427705983145,0.3182,0.3182,0.3182
2.351999998092652,2.351999998092652,23589000,20121211,TSLA,2.3046669960021973,2.351999998092652,1,0.0142868772454305,0.0142871255592452,0.014288915770529,0.4778841512314536,0.1575428867441764,0.0142857142972284,0.2645609974301768,0.0142886359095161,0.0142889815145643,0.0142857142976794,0.75,0.75,0.75
2.3506669998168945,2.3506669998168945,30957000,20121212,TSLA,2.351999998092652,2.3506669998168945,0,0.14715333053872967,0.025953404232504067,0.12411866496472183,0.02595305769998057,0.05452382021439676,0.06166971852874142,0.22595027002186513,0.19943807836715274,0.07357190531414218,0.06166775011776517,-0.7603,0.8519,0.04280000000000001
2.253999948501587,2.253999948501587,15345000,20121214,TSLA,2.2406671047210693,2.253999948501587,1,0.23749853612259525,0.09166685488698187,0.02916788343504175,0.02916759965871175,0.15416298152353872,0.0916674232872587,0.09166765978751087,0.029166666698341125,0.029169550027679524,0.21666484457234003,-0.6705,0.0772,-0.14832499999999998
2.293333053588867,2.293333053588867,12373500,20121217,TSLA,2.253999948501587,2.293333053588867,1,0.0166672362957393,0.0166666666737918,0.0166666666742854,0.1876977673067419,0.1833264906205167,0.5123011136033548,0.01666836789482,0.0166672663006473,0.0166684915444335,0.0166699330856689,0.5994,0.5994,0.5994
2.307332992553711,2.307332992553711,19482000,20121219,TSLA,2.305999994277954,2.307332992553711,1,0.02381471329762525,0.02380952382635595,0.2777926692976203,0.0238095238277753,0.0238095238343731,0.02380952382917265,0.09907692421173706,0.023809523831728102,0.4564580360908745,0.023810037952737353,0.7832,0.8777,0.83045
2.2853329181671143,2.2853329181671143,5637000,20121224,TSLA,2.266666889190674,2.2853329181671143,1,0.02649084288613055,0.0264881130436389,0.026488189042587425,0.026488248260868676,0.4823127227380515,0.13388188048344385,0.07338561734043493,0.0264881220843301,0.15148795921925648,0.02648830490125715,-0.296,0.0,-0.074
2.293333053588867,2.293333053588867,10110000,20130104,TSLA,2.318000078201294,2.293333053588867,0,0.11555661643716394,0.07111117496869004,0.2377037091957172,0.015555692151814252,0.11555573809630575,0.1711836260697573,0.0155557392146071,0.0155555555662474,0.07111119444143045,0.1711109538582662,0.3612,0.4753,0.41825
2.23533296585083,2.23533296585083,13837500,20130110,TSLA,2.242666959762573,2.23533296585083,0,0.0291666666981793,0.02916666669147645,0.0291750903637727,0.2679319153870088,0.0291666667032844,0.3320597608173367,0.1958332332471443,0.02916666669939155,0.029166666695651697,0.029166666696753798,0.0,0.6419,0.32095
2.301332950592041,2.301332950592041,53326500,20130118,TSLA,2.2920000553131104,2.301332950592041,1,0.1809950212496142,0.0125009401674156,0.4581538152907651,0.0125010921479252,0.0125017377799775,0.2733431199761346,0.0125011196893561,0.0125013674880245,0.0125017861996617,0.0125000000111251,0.8625,0.8625,0.8625
2.501332998275757,2.501332998275757,14521500,20130130,TSLA,2.5299999713897705,2.501332998275757,0,0.0142857143015656,0.2565679033019863,0.5093684332075232,0.0142865460644459,0.0142859205392301,0.0142857143002825,0.0142857143027814,0.0142857143021825,0.014285714300292,0.1340626253797101,0.0,0.0,0.0
2.5160000324249268,2.5160000324249268,16920000,20130204,TSLA,2.553333044052124,2.5160000324249268,0,0.0375000000838021,0.2874935364534036,0.0375000000706206,0.3245761287962008,0.0375048129078667,0.037500274992321295,0.03750000007629215,0.0375019672513507,0.1254222039134202,0.0375010754547216,-0.7003,0.8881,0.09389999999999998
2.615999937057495,2.615999937057495,17097000,20130208,TSLA,2.631999969482422,2.615999937057495,0,0.0166666666830907,0.2896962619677918,0.0166686705011501,0.0166668952860972,0.0166669381091916,0.5769674123565792,0.0166671550482036,0.0166666666837422,0.0166666666817863,0.0166666666823668,0.0,0.0,0.0
2.561332941055298,2.561332941055298,48994500,20130211,TSLA,2.615999937057495,2.561332941055298,0,0.07263713608934348,0.017084336173606985,0.4344188061732645,0.11369531430469519,0.15041536424820592,0.01708532164371045,0.05414402474263972,0.05057679385069445,0.017084781310047984,0.0728581214637909,-0.0772,0.8932,0.3784166666666666
2.551332950592041,2.551332950592041,14860500,20130214,TSLA,2.563333034515381,2.551332950592041,0,0.5872456843873433,0.0200000000157295,0.0200033531422437,0.0200008904153962,0.0200014614399617,0.0200000000183641,0.020000000018213,0.0200000000207523,0.2527486105229176,0.020000000019078,0.0,0.0,0.0
2.469332933425904,2.469332933425904,30264000,20130215,TSLA,2.551332950592041,2.469332933425904,0,0.02291666669502655,0.0229174964760565,0.4925911018969354,0.02291700902154055,0.1990737587794169,0.022916666692763602,0.022918530641163802,0.022919657683721048,0.1479124454195913,0.022916666693784102,0.0,0.3818,0.1909
2.2920000553131104,2.2920000553131104,43341000,20130225,TSLA,2.4073328971862797,2.2920000553131104,0,0.3320334797608305,0.0166675529756953,0.0166681447527468,0.0166676767955994,0.2159154262414601,0.0166686087310798,0.3353778536133499,0.0166679237600577,0.0166666666842522,0.0166666666849278,0.9081,0.9081,0.9081
2.295332908630371,2.295332908630371,41443500,20130226,TSLA,2.2920000553131104,2.295332908630371,1,0.0100011316898669,0.0100000000013065,0.0100000000013974,0.0100000000014167,0.0100001051271336,0.010000253881881,0.0100000000015104,0.010000139730046,0.9099983695638564,0.0100000000015848,0.128,0.128,0.128
2.3399999141693115,2.3399999141693115,29388000,20130227,TSLA,2.295332908630371,2.3399999141693115,1,0.0161937146615925,0.01619113061953757,0.15809108033479444,0.16563892053356236,0.016190626601507035,0.016191057306618167,0.2076203064241989,0.13340803393023487,0.0161916850033826,0.25428344458457114,-0.0258,0.3818,0.11866666666666666
2.309999942779541,2.309999942779541,23199000,20130301,TSLA,2.322000026702881,2.309999942779541,0,0.20920335404426046,0.04153861555839416,0.022309312565505255,0.035128383003577304,0.022308541760666437,0.11108351634061765,0.09728229323747725,0.02230845975663503,0.3748401876998488,0.06399733603301722,-0.4588,0.8997,0.2442923076923077
2.512666940689087,2.512666940689087,17250000,20130306,TSLA,2.44333291053772,2.512666940689087,1,0.016666666678204,0.0166708569864207,0.016666666676393,0.0166679809245018,0.3499999664651769,0.0166666666772794,0.2211294802170974,0.0166666666786607,0.1833335059874835,0.1455315427087822,0.3612,0.3612,0.3612
2.564666986465454,2.564666986465454,13681500,20130308,TSLA,2.548666954040528,2.564666986465454,1,0.03168387140378975,0.1288930810840972,0.07846405230214375,0.21592248707824885,0.12014144201958064,0.08349885676328032,0.10311384925044739,0.031683936132724085,0.1749137339172544,0.03168469004843326,-0.5255,0.6633,0.15074285714285715
2.396667003631592,2.396667003631592,21345000,20130320,TSLA,2.3386669158935547,2.396667003631592,1,0.2402661057901208,0.0118078050639723,0.1302632442851443,0.255993572604952,0.01180610189836765,0.08665868723085085,0.01180938900742155,0.0673608990879211,0.11667414109251095,0.0673600539387381,0.0,0.802,0.401
2.502000093460083,2.502000093460083,35682000,20130325,TSLA,2.441333055496216,2.502000093460083,1,0.020556263712065866,0.731658917834566,0.02055722822998503,0.020556187052343366,0.020560252535914435,0.0205555555865213,0.10388865577956284,0.020555828094754865,0.0205555555865373,0.0205555555877486,-0.5859,0.5413,-0.014866666666666658
2.5239999294281006,2.5239999294281006,27123000,20130326,TSLA,2.502000093460083,2.5239999294281006,1,0.24937545525799967,0.01847323943228765,0.10518745943755137,0.05675808425131509,0.018473234728405032,0.018472717757852267,0.22981214365946048,0.039305701296260535,0.1792360341604015,0.08490593001846607,-0.1531,0.5994,0.12226666666666668
2.9286670684814453,2.9286670684814453,211477500,20130401,TSLA,2.526000022888184,2.9286670684814453,1,0.02750375084310335,0.1274957741542183,0.02750440065489165,0.25249436591487695,0.07749986122680183,0.027500332875138225,0.22749949814928094,0.07750250080704787,0.07750026064130153,0.077499254733339,0.303,0.9468,0.74925
2.9560000896453857,2.9560000896453857,99786000,20130402,TSLA,2.9286670684814453,2.9560000896453857,1,0.16322959410689514,0.12156061134076948,0.2064219462362954,0.03822994978355771,0.038231288068455514,0.11311964892648178,0.2045186258868971,0.038229184804406714,0.038229556265610184,0.03822959458063065,0.0,0.873,0.2620625
2.7886669635772705,2.7886669635772705,25185000,20130408,TSLA,2.757999897003174,2.7886669635772705,1,0.2306659164570873,0.030667337592560396,0.10043609357016789,0.030666889156251244,0.0973333945419796,0.13066605050127794,0.12089716068365086,0.030666842992831837,0.1973334257901617,0.030666888714030883,-0.5267,0.5727,0.15367999999999998
2.700000047683716,2.700000047683716,25441500,20130409,TSLA,2.7886669635772705,2.700000047683716,0,0.03270937912788449,0.06420889842472571,0.10413689498596772,0.12967813205685574,0.09884665275289158,0.03270892072974251,0.13073271896066863,0.09520911881434221,0.032709902780443424,0.2790593813664777,-0.25,0.7964,0.5286625
2.790667057037353,2.790667057037353,31816500,20130410,TSLA,2.700000047683716,2.790667057037353,1,0.02083462555696035,0.02083335212503045,0.020837721827951648,0.020834298429553352,0.2708332834624678,0.43748797644769705,0.020833333339639798,0.14583325458949636,0.02083707988071625,0.020835074340486648,0.0,0.6597,0.32985
2.9059998989105225,2.9059998989105225,51711000,20130411,TSLA,2.790667057037353,2.9059998989105225,1,0.11734161616616676,0.030478935530691014,0.1121276600791467,0.28408608273896674,0.030476394694134816,0.099224353713234,0.03047795397925953,0.1188684853555865,0.09882328461888712,0.07809523312392656,0.0,0.8398,0.2769142857142857
3.0299999713897705,3.0299999713897705,31777500,20130417,TSLA,3.0393331050872803,3.0299999713897705,0,0.01833333334993775,0.1183332169748514,0.10166627090261675,0.5516564961421861,0.01833680884881025,0.01833333334860745,0.0183406951054575,0.01833498742277935,0.0183333333486181,0.1183315245561349,0.3802,0.5411,0.46065
3.131333112716675,3.131333112716675,50518500,20130418,TSLA,3.0299999713897705,3.131333112716675,1,0.02250445241130635,0.42248748607061604,0.28182772936771816,0.13816227915481255,0.0225033642953332,0.022500269810690247,0.02250210333129585,0.022506035978868,0.022505719245153898,0.0225005603342051,0.0,0.7125,0.35625
3.345999956130981,3.345999956130981,59091000,20130422,TSLA,3.188667058944702,3.345999956130981,1,0.02000000001781175,0.02000001609260635,0.020000000015002198,0.41999442484332594,0.22000200261762384,0.02000347708846085,0.2199995451323165,0.020000000018505548,0.02000000001639575,0.02000053415795095,0.0,0.7269,0.36345
3.4006669521331787,3.4006669521331787,56007000,20130423,TSLA,3.345999956130981,3.4006669521331787,1,0.28548092286689264,0.1434517922049751,0.024404761923220702,0.12804946062414382,0.22165091021603994,0.024407871887449126,0.06011893207328752,0.024405269752478,0.024412661805917852,0.06361741664559495,-0.383,0.0,-0.09575
3.361999988555908,3.361999988555908,39450000,20130424,TSLA,3.4006669521331787,3.361999988555908,0,0.029166666737731398,0.27915783692889606,0.15416638325965235,0.19584156236865516,0.02916666674927125,0.029166666732004853,0.0291666667313737,0.0291666667405025,0.0291666667320272,0.1958342170198852,-0.0274,0.4404,0.20650000000000002
3.4666669368743896,3.4666669368743896,41938500,20130425,TSLA,3.361999988555908,3.4666669368743896,1,0.025000097393941875,0.19295178065031043,0.27371104090346277,0.19166517681952347,0.02500173688159335,0.025000253923046174,0.0250004800142437,0.025001671719336975,0.19166670464586782,0.025001057048672976,0.0,0.765,0.28155
3.413332939147949,3.413332939147949,54331500,20130426,TSLA,3.4666669368743896,3.413332939147949,0,0.1738790079892462,0.3843521524410595,0.0166677668801122,0.0166695171514631,0.016666666695497736,0.3250957357971012,0.016668078803980035,0.016666666692393365,0.016667541854888966,0.016666865694257266,-0.34,0.2382,-0.14726666666666668
3.5993330478668213,3.5993330478668213,82839000,20130430,TSLA,3.662667036056519,3.5993330478668213,0,0.036250334347492474,0.03625040648925105,0.0362509457111006,0.3326183729930882,0.1862507354050954,0.0362500000056155,0.1773790071829701,0.036250845642669324,0.08624935221688328,0.0362500000058338,0.0,0.5707,0.142675
3.552000045776367,3.552000045776367,41142000,20130501,TSLA,3.5993330478668213,3.552000045776367,0,0.020000000014579,0.619995656919035,0.02000063176623745,0.0200000000124551,0.02000036052506575,0.0200034141077483,0.1199998711486403,0.12000006547888195,0.02000000001342235,0.02000000001393445,-0.3412,0.0,-0.1706
3.607332944869995,3.607332944869995,45756000,20130502,TSLA,3.552000045776367,3.607332944869995,1,0.09400209368160357,0.09400221965475157,0.09400187312040736,0.027333851598905,0.02733359285526434,0.15227646189687485,0.02733402877285996,0.1406691729291078,0.24065298718735878,0.10239371830286628,-0.296,0.5927,0.059340000000000004
3.636667013168335,3.636667013168335,50680500,20130503,TSLA,3.607332944869995,3.636667013168335,1,0.16696754981964632,0.10610118134370265,0.09920667764097979,0.05132691289970552,0.03663442864891243,0.1029989615323281,0.1356204523668887,0.15799819340865248,0.08076497866028591,0.062380663678897705,-0.6808,0.824,0.49840588235294114
3.9666669368743896,3.9666669368743896,65500500,20130506,TSLA,3.636667013168335,3.9666669368743896,1,0.07300004517191876,0.10398524601008208,0.29570648854014897,0.02300050154135198,0.02300090103623912,0.38930134654880605,0.02300378304982726,0.02300065444322592,0.0230001628233219,0.02300087083507756,0.0,0.6476,0.37892000000000003
3.700666904449463,3.700666904449463,149865000,20130507,TSLA,3.9666669368743896,3.700666904449463,0,0.014715814511421422,0.014716163753635419,0.5336344966802958,0.0147147562486804,0.01471474562098174,0.07790199462779204,0.1323059027722227,0.04583195636003086,0.13674936937685295,0.01471480004808622,-0.2846,0.2732,0.003499999999999992
3.7193329334259033,3.7193329334259033,101548500,20130508,TSLA,3.700666904449463,3.7193329334259033,1,0.03333998926423595,0.11990411798212294,0.0333355259586118,0.3634169319875823,0.0333336354831208,0.03333333334347465,0.033336900466834005,0.03333477030031005,0.2833312356199989,0.03333355959370815,0.0,0.6369,0.31845
4.626667022705078,4.626667022705078,429075000,20130509,TSLA,3.7193329334259033,4.626667022705078,1,0.02500086522131515,0.15275690142949602,0.39762626809221785,0.025002678705248776,0.0250000000185413,0.025000000014671,0.09879551605505255,0.025002552911814024,0.20081521753639575,0.025000000015247326,0.0,0.624,0.198375
5.853332996368408,5.853332996368408,336253500,20130513,TSLA,5.117332935333252,5.853332996368408,1,0.21636417784360046,0.0672898629732076,0.01729477230815485,0.08701617176430154,0.0517373780247394,0.15548236119845016,0.12235344895748992,0.017291879364510876,0.14787805507922394,0.11729189248632074,0.0,0.7717,0.40549999999999997
5.549333095550537,5.549333095550537,557458500,20130514,TSLA,5.853332996368408,5.549333095550537,0,0.0200021461953318,0.0200090485461171,0.8199775620087044,0.0200013371133141,0.0200022807791328,0.0200000000048091,0.0200035626294241,0.0200000000054348,0.0200017073097779,0.0200023554079536,0.0,0.0,0.0
5.656000137329102,5.656000137329102,253180500,20130515,TSLA,5.549333095550537,5.656000137329102,1,0.0500000000014737,0.0500000000011611,0.0500000000012428,0.0500000000012594,0.0500000000017144,0.0500000000013555,0.0500000000013434,0.0500000000015319,0.5499999999875088,0.0500000000014086,0.0,0.0,0.0
5.995999813079834,5.995999813079834,125226000,20130520,TSLA,6.099999904632568,5.995999813079834,0,0.0166715466071127,0.0166666666752863,0.8499928492021606,0.0166674864911114,0.0166666666793893,0.0166671290922363,0.0166666666766337,0.0166676552222085,0.0166666666767398,0.0166666666771211,0.5106,0.5106,0.5106
5.815999984741211,5.815999984741211,128520000,20130522,TSLA,5.8393330574035645,5.815999984741211,0,0.0125000000072737,0.0125007712876882,0.3976526155945834,0.0125004674249149,0.0125000810504469,0.0125000000045684,0.0125005111698919,0.5023451710213906,0.0125003824344939,0.0125000000047475,0.0,0.0,0.0
6.182000160217285,6.182000160217285,180333000,20130523,TSLA,5.815999984741211,6.182000160217285,1,0.02916666667786435,0.02916680102210805,0.17772216259343024,0.029168196430391348,0.029166666679705397,0.02916666667696905,0.0291677781763017,0.4639396863166988,0.0291686690872111,0.15416670633931945,0.0,0.0,0.0
6.4720001220703125,6.4720001220703125,241863000,20130524,TSLA,6.182000160217285,6.4720001220703125,1,0.09702186342223584,0.16649903708338526,0.1164991963106109,0.01650122568015374,0.016500017605348978,0.08475228991545192,0.07285906740458853,0.042725645839117775,0.0664993545294057,0.32014230220970086,-0.3839,0.6908,-0.15497999999999998
6.99666690826416,6.99666690826416,242005500,20130530,TSLA,6.975333213806152,6.99666690826416,1,0.10000012313189359,0.0166666780148054,0.5999993065028588,0.0166667956943726,0.016666778597627968,0.016666666674000265,0.10000025495092292,0.10000002118853574,0.0166667085706932,0.016666666674289,0.0,0.3182,0.2121333333333333
6.172667026519775,6.172667026519775,287094000,20130603,TSLA,6.517333030700684,6.172667026519775,0,0.19260583881564322,0.014921025703228074,0.014921225072910202,0.0793472813706263,0.014920807915378476,0.17668089137420856,0.050637183647662176,0.014921071498826375,0.3483461498704334,0.09269852473108273,-0.1027,0.6369,0.13355
6.357999801635742,6.357999801635742,183372000,20130605,TSLA,6.322667121887207,6.357999801635742,1,0.0200000000104392,0.220000073816433,0.020000000008797,0.0200010704060353,0.0200000000121436,0.020000000009604,0.0200000000095147,0.6199988557074424,0.0200000000096115,0.0200000000099789,0.0,0.0,0.0
6.489999771118164,6.489999771118164,142663500,20130606,TSLA,6.357999801635742,6.489999771118164,1,0.018705335280366334,0.13123258295596768,0.2244651791286526,0.01870404011516433,0.0187046368742623,0.14644292248032584,0.018705795798968,0.31896039031010076,0.08537106075948814,0.01870805629670363,-0.754,0.1154,-0.31153333333333333
6.670000076293945,6.670000076293945,138429000,20130610,TSLA,6.802667140960693,6.670000076293945,0,0.0100007365265926,0.0100038390553161,0.0100008368461825,0.0100018365807497,0.0100001051760128,0.0100041732154775,0.010000000010893,0.0100000000124184,0.9099884725649396,0.0100000000114175,-0.34,-0.34,-0.34
6.51533317565918,6.51533317565918,137890500,20130612,TSLA,6.297999858856201,6.51533317565918,1,0.08540847911170746,0.239855973987789,0.10263911054557409,0.3946927679699256,0.01875070670877025,0.01875302559917895,0.08364943616089665,0.018750000012681102,0.0187504178797085,0.01875008202376815,0.2732,0.3919,0.33255
6.892666816711426,6.892666816711426,131929500,20130618,TSLA,6.813333034515381,6.892666816711426,1,0.012865031885886266,0.01286392412307725,0.4549206119015691,0.0943957273481321,0.012865634582107134,0.15519197863254677,0.1349724015028093,0.012863758182977499,0.09619710618361065,0.01286382565728355,0.0,0.1154,0.03846666666666667
6.710000038146973,6.710000038146973,151597500,20130620,TSLA,6.97866678237915,6.710000038146973,0,0.1477292386822275,0.0125002590117961,0.752262909307493,0.0125025099808894,0.0125009868515813,0.012500000010854,0.0125007807697224,0.0125021085113751,0.0125012068627868,0.0125000000112741,0.0,0.0,0.0
6.636666774749756,6.636666774749756,175779000,20130621,TSLA,6.710000038146973,6.636666774749756,0,0.0154774875659737,0.015476871050712798,0.3700229675811921,0.3488044262787244,0.09880947801894219,0.01547755124811705,0.08949900754837409,0.015477779285803052,0.01547646331752615,0.01547796810463405,-0.6369,0.0,-0.31845
6.826666831970215,6.826666831970215,87730500,20130625,TSLA,6.765999794006348,6.826666831970215,1,0.02190574373545185,0.021904882609513475,0.0576188617040333,0.10523930898318913,0.02190559705527865,0.42189764751302633,0.02190538403851135,0.2004769649625287,0.10524021636707559,0.021905393031391024,0.0,0.3774,0.09435
7.157332897186279,7.157332897186279,86229000,20130628,TSLA,7.283332824707031,7.157332897186279,0,0.0142858143090928,0.014290343044038834,0.06190465038392926,0.2523841750377573,0.34348318369320124,0.014285714296149499,0.0142889902651648,0.014285863496805266,0.014286658908871333,0.2565046065649892,0.0314,0.7096,0.2574666666666667
7.854667186737059,7.854667186737059,180961500,20130702,TSLA,7.811999797821045,7.854667186737059,1,0.0200010899806717,0.0200000915128585,0.3513375481032242,0.4886497427623633,0.0200010881918323,0.0200005670353644,0.0200068394687828,0.0200015171547639,0.0200003380558604,0.0200011777342782,0.795,0.795,0.795
8.229999542236328,8.229999542236328,129049500,20130709,TSLA,8.107333183288574,8.229999542236328,1,0.0200011240210703,0.0200012870997793,0.0200000000105814,0.0200000000107356,0.0200000000146097,0.0200000000115609,0.0200000000114418,0.6199987867690603,0.219998802039151,0.0200000000120094,0.7579,0.7579,0.7579
8.15133285522461,8.15133285522461,84001500,20130710,TSLA,8.229999542236328,8.15133285522461,0,0.04166806223682365,0.04166666667109235,0.29165691163721374,0.0416666666714646,0.0416700873890726,0.041666666671834496,0.04167160539419055,0.37499999998443934,0.041666666671834954,0.0416666666720334,0.3657,0.4754,0.42055
8.484000205993652,8.484000205993652,148836000,20130715,TSLA,8.65999984741211,8.484000205993652,0,0.2870538300721078,0.058307118858745816,0.10157545417169707,0.02518761359579014,0.025187063144123913,0.025187100719648914,0.025188908044219915,0.046020336037799266,0.3198478987154546,0.08644467664041226,-0.7425,0.5859,0.15233750000000001
8.182666778564453,8.182666778564453,116046000,20130723,TSLA,8.161999702453613,8.182666778564453,1,0.0200000000154027,0.0200001903150922,0.0200075719003095,0.596282588237072,0.0200000000179091,0.0200000000141701,0.0200024803657949,0.0200000780637686,0.2437070910557576,0.0200000000147226,0.5562,0.5562,0.5562
8.113332748413086,8.113332748413086,103035000,20130724,TSLA,8.182666778564453,8.113332748413086,0,0.3374020950740558,0.0250003813840867,0.0250021384402717,0.025000000028138,0.4625917770801136,0.0250036078673094,0.0250000000299781,0.0250000000341962,0.0250000000304063,0.0250000000314438,-0.0516,-0.0516,-0.0516
9.036666870117188,9.036666870117188,79854000,20130801,TSLA,8.95199966430664,9.036666870117188,1,0.0250064840905873,0.0250000000310186,0.2749934557637403,0.0250000000335966,0.0250044088742913,0.2749958127538529,0.0250000000358306,0.0250000000408894,0.2749998383385973,0.0250000000375953,-0.296,-0.296,-0.296
9.825332641601562,9.825332641601562,223683000,20130812,TSLA,10.199999809265137,9.825332641601562,0,0.18888943765786184,0.022222222234312666,0.022222222235149202,0.022222500099095637,0.14814800695563815,0.3555488237657963,0.022222661352102335,0.022223965912922302,0.17407140579867256,0.0222287539884486,0.0,0.5873,0.39153333333333334
9.290666580200195,9.290666580200195,175407000,20130814,TSLA,9.695332527160645,9.290666580200195,0,0.0166675704753204,0.0166666666699982,0.0166666666702304,0.0166666666702789,0.8499936605505548,0.0166685530227708,0.0166666666705178,0.016666666671063,0.0166702159285582,0.0166666666707073,-0.1027,-0.1027,-0.1027
9.466667175292969,9.466667175292969,106621500,20130816,TSLA,9.31133270263672,9.466667175292969,1,0.0333384700046724,0.0333333333357719,0.0333333333359428,0.0333333333359776,0.699961479645359,0.0333440664035789,0.0333333333361533,0.0333333333365526,0.0333559839296996,0.0333333333362916,0.0,0.0,0.0
9.972000122070312,9.972000122070312,96273000,20130820,TSLA,9.65999984741211,9.972000122070312,1,0.0200000000062448,0.020000000004921,0.6199978266276995,0.0200000000053354,0.0200000000072643,0.020000000005743,0.0200002818589799,0.0200000000064923,0.22000007106567,0.0200018204116494,0.7906,0.7906,0.7906
10.78933334350586,10.78933334350586,193978500,20130823,TSLA,10.473333358764648,10.78933334350586,1,0.0830555703868326,0.12025294836681748,0.0163908703532897,0.016390006760352998,0.14345359594015206,0.016391129799054834,0.16563801192453848,0.082897967960792,0.1994740043882071,0.15605589411996243,0.1779,0.4939,0.38856666666666667
11.374667167663574,11.374667167663574,172135500,20130904,TSLA,11.262666702270508,11.374667167663574,1,0.014285950080323,0.0142857142905019,0.0142857142908353,0.1571404336841347,0.0142875578944779,0.0142869379461136,0.0142857142912494,0.0142857142920296,0.7285696424404637,0.0142866207898705,-0.34,-0.34,-0.34
11.32866668701172,11.32866668701172,100279500,20130905,TSLA,11.374667167663574,11.32866668701172,0,0.0208368109655479,0.0208337667594429,0.0208334245132471,0.02083357586536585,0.3561653830450411,0.16908385000942133,0.0208333333480372,0.1833490584480529,0.020844425249527,0.16638637179631632,0.0,0.4939,0.24695
11.131333351135254,11.131333351135254,129295500,20130906,TSLA,11.32866668701172,11.131333351135254,0,0.0250000000047408,0.0250000000037394,0.025000000003995,0.0250000000040502,0.0250000000055165,0.0250000000043624,0.2750000014992735,0.025000000004929,0.5249991024044686,0.0250008960649241,0.0,0.0,0.0
11.091333389282228,11.091333389282228,134517000,20130910,TSLA,10.713333129882812,11.091333389282228,1,0.2138053010045126,0.013813798921414567,0.013811669481278335,0.013809523822683365,0.08047639672090523,0.2995160622760064,0.013809800630448834,0.013809526427030533,0.3233367247721049,0.013811195943614733,-0.3612,0.0,-0.12040000000000001
11.03600025177002,11.03600025177002,81018000,20130913,TSLA,10.995332717895508,11.03600025177002,1,0.033333333362791,0.0333333333565801,0.03333333335824,0.0333371460731884,0.0333463708767367,0.0333333333604404,0.0333661768522949,0.0333393986559638,0.6999393035341547,0.0333382705696098,-0.34,-0.34,-0.34
11.08133316040039,11.08133316040039,81595500,20130918,TSLA,11.08199977874756,11.08133316040039,0,0.05093628817618537,0.013676867380959032,0.37059722814192736,0.013679010355694167,0.06923075089274792,0.06923124139842034,0.23363609463200344,0.042011977470132134,0.0960128554522436,0.04098768609968627,0.0,0.4588,0.17866666666666667
11.861332893371582,11.861332893371582,233919000,20130919,TSLA,11.08133316040039,11.861332893371582,1,0.0100010854620499,0.0100000410476017,0.236866671540061,0.0100000000100723,0.0100000000137122,0.010000000010846,0.1143593816140311,0.0100000000122566,0.5787728202780975,0.0100000000112713,0.765,0.765,0.765
12.22599983215332,12.22599983215332,201025500,20130920,TSLA,11.861332893371582,12.22599983215332,1,0.17709616869279274,0.020833661277793798,0.0208333333472947,0.10416531078034619,0.0208344094219895,0.0208369113262107,0.0208333333484281,0.02083333335055815,0.354162664574747,0.2395708738798388,-0.34,0.8268,0.24339999999999998
12.349332809448242,12.349332809448242,123790500,20130925,TSLA,12.155332565307615,12.349332809448242,1,0.42953900333192063,0.012879063606507198,0.01287878788576945,0.01287878788586875,0.01287878788842605,0.0128817892227352,0.012882610341799751,0.01287878788739935,0.4674229472498772,0.0128794346996959,0.4404,0.6908,0.5656
12.576000213623049,12.576000213623049,99216000,20130926,TSLA,12.349332809448242,12.576000213623049,1,0.0200000000035404,0.0200000000027896,0.0200000000029831,0.0200000000030239,0.0200000000041179,0.0200000000032558,0.020000830952516,0.0200000000036798,0.0200000000032589,0.8199991690208343,0.0,0.0,0.0
12.726667404174805,12.726667404174805,88746000,20130927,TSLA,12.576000213623049,12.726667404174805,1,0.5249877417698723,0.0250000000091964,0.0250094176218548,0.0250000000099772,0.0250000000135858,0.2750001388390533,0.0250000000106355,0.0250000000121359,0.0250027017025373,0.0250000000111512,0.0,0.0,0.0
10.614666938781738,10.614666938781738,126027000,20131030,TSLA,10.964667320251465,10.614666938781738,0,0.0142858116039074,0.0142857372098417,0.8714175007420145,0.0142862011152162,0.0142857143061394,0.0142958943687247,0.0142859037183818,0.0142857237004691,0.0142857989328106,0.0142857143024944,0.5562,0.5562,0.5562
9.186667442321776,9.186667442321776,224778000,20131112,TSLA,9.646666526794434,9.186667442321776,0,0.016666666699299,0.4668170272371428,0.0166666666941836,0.0166741599377662,0.0166677588242188,0.0166666666966976,0.2207602245746301,0.0166690659173377,0.0166666666967079,0.1957450967220163,0.0,0.0,0.0
9.173333168029783,9.173333168029783,183055500,20131114,TSLA,9.24666690826416,9.173333168029783,0,0.1838135423774926,0.0111111111268693,0.1222215036950676,0.0111111111281968,0.011111422873419,0.0111116578330231,0.0111111111293315,0.2484394972735152,0.3788579314328524,0.011111111130232,-0.4404,-0.4404,-0.4404
8.406000137329102,8.406000137329102,297243000,20131119,TSLA,8.10533332824707,8.406000137329102,1,0.01219341189035475,0.012193390382653825,0.45920654338643035,0.012193994295226749,0.07781103411172308,0.012193387482892625,0.01219471601987825,0.07032785956157475,0.3194920459840271,0.012193616885238026,-0.9022,0.5279,-0.5071249999999999
8.140000343322754,8.140000343322754,178557000,20131121,TSLA,8.074000358581543,8.140000343322754,1,0.0090909090985556,0.0090911258720355,0.2425296895449044,0.4049081028264866,0.0090912334833037,0.0090909181629406,0.00909435888043,0.0090910341751846,0.2889214964031514,0.0090911315530071,0.4404,0.4404,0.4404
8.033332824707031,8.033332824707031,208282500,20131126,TSLA,8.055999755859375,8.033332824707031,0,0.0111116754499591,0.011111111116865,0.011111111117265,0.0111111399634842,0.0111111111196077,0.0111113319038807,0.1222219689406682,0.2333328155568078,0.56666642852654,0.011111306304922,0.743,0.743,0.743
8.277999877929688,8.277999877929688,116268000,20131202,TSLA,8.485333442687988,8.277999877929688,0,0.18569335192828898,0.015863502329837673,0.18416274915509612,0.10421254576129775,0.12750571535354216,0.015866198783614848,0.015863320120927372,0.18017868843422405,0.1547905904249041,0.015863337708266576,-0.8074,0.4588,-0.08715
9.646666526794434,9.646666526794434,385236000,20131203,TSLA,8.277999877929688,9.646666526794434,1,0.08003942424289327,0.032937750196861716,0.14017343031176702,0.11626966809472954,0.0329368332963333,0.03293843808583603,0.11627029097571306,0.03293715069949819,0.3469418293706031,0.06855518472576441,-0.4019,0.7562,0.23898333333333333
9.263333320617676,9.263333320617676,197215500,20131204,TSLA,9.646666526794434,9.263333320617676,0,0.03125034989491605,0.031250315219239946,0.0312502045714997,0.28124754006414127,0.03125566067152005,0.1562451074157749,0.03125465380626755,0.03125026516852975,0.34374435574382384,0.0312515474442865,-0.7983,0.0,-0.39915
9.36533260345459,9.36533260345459,139326000,20131205,TSLA,9.263333320617676,9.36533260345459,1,0.017595253161375,0.23981126067106015,0.07376103476922033,0.23980100522396272,0.017592592608960966,0.017593887388985867,0.08672260363223878,0.08147053850267166,0.12472501492911309,0.10092680911241099,-0.296,0.8885,0.28856666666666664
9.47933292388916,9.47933292388916,161223000,20131210,TSLA,9.4399995803833,9.47933292388916,1,0.0333333333564582,0.0333333333515673,0.0333333333528245,0.0333333333530958,0.6999964483219289,0.0333333333546191,0.0333333333544181,0.0333333333573796,0.0333333333546205,0.0333368848430875,-0.6114,-0.6114,-0.6114
9.381333351135254,9.381333351135254,191100000,20131219,TSLA,9.86533260345459,9.381333351135254,0,0.23499703097052374,0.03500000000563955,0.03500000000603505,0.035005859071165255,0.03500345963263015,0.2349964065390958,0.0350000000065203,0.03500000000744215,0.2849972437541036,0.03500000000684385,0.0,0.0,0.0
9.800000190734863,9.800000190734863,80416500,20140106,TSLA,9.970666885375977,9.800000190734863,0,0.033334812249156257,0.03333382047441315,0.033333333342348656,0.033334552678694354,0.36666350039879125,0.36665689330323514,0.03333333334307725,0.03333333334446045,0.033342974045595095,0.0333334468202279,0.0,0.9117,0.45585
9.957332611083984,9.957332611083984,75511500,20140107,TSLA,9.800000190734863,9.957332611083984,1,0.0250000000445547,0.0250000000351338,0.0250244478526347,0.0250000000380775,0.5249738490583556,0.025002108532594,0.0250000000406077,0.0250000000462739,0.2749995943092259,0.0250000000425417,-0.2732,-0.2732,-0.2732
12.100000381469728,12.100000381469728,118011000,20140123,TSLA,11.904000282287598,12.100000381469728,1,0.0166666666726506,0.4778795845499446,0.0166759413021737,0.0166698463932725,0.0166687530458311,0.0166666666721731,0.3887610140777448,0.0166740058060219,0.016667698013596,0.0166698234665913,0.0,0.0,0.0
12.189332962036133,12.189332962036133,128475000,20140130,TSLA,11.682000160217283,12.189332962036133,1,0.0166666666716817,0.0166667189514128,0.484764622943888,0.1981151359380947,0.0166666666725026,0.0166666666712793,0.2004533075600728,0.0166666881142971,0.0166668598053118,0.0166666666714588,0.4389,0.4389,0.4389
12.435333251953123,12.435333251953123,133927500,20140207,TSLA,11.892000198364258,12.435333251953123,1,0.0333333333402623,0.0333333333388008,0.6999773614862146,0.0333333333392582,0.0333333333413945,0.0333333333397116,0.0333340896670166,0.0333552154676632,0.0333333333397206,0.0333333333399571,0.5106,0.5106,0.5106
13.107999801635742,13.107999801635742,160648500,20140211,TSLA,13.104000091552734,13.107999801635742,1,0.0125036802919035,0.0125031928223474,0.0125146152815752,0.756950223807815,0.0125000000476912,0.0125000000377434,0.143025032949124,0.0125030087647126,0.0125000710491646,0.0125001749479228,0.0258,0.0258,0.0258
14.510000228881836,14.510000228881836,124176000,20140224,TSLA,13.973333358764648,14.510000228881836,1,0.0183348622392472,0.1520756869156819,0.28458296986151077,0.1016664282235005,0.10339409734680689,0.18500014155114186,0.09994003841456765,0.01833486728601115,0.01833688453547615,0.01833402362605545,0.0,0.0,0.0
16.53333282470703,16.53333282470703,490225500,20140225,TSLA,14.510000228881836,16.53333282470703,1,0.0125000000087882,0.0125002312347723,0.1374993889138259,0.6374952916584556,0.0125001179818628,0.0125000000080837,0.0125045408184256,0.0125000000091386,0.1375001151003204,0.0125003142663265,0.4404,0.4404,0.4404
16.8439998626709,16.8439998626709,89035500,20140305,TSLA,16.98933219909668,16.8439998626709,0,0.0166666666851209,0.0166666666812183,0.4757676562252985,0.2242320498588139,0.0166666666881351,0.0166681910848983,0.0166666666834919,0.0166666666858605,0.1833321027228514,0.0166666666843107,0.34,0.34,0.34
15.922666549682615,15.922666549682615,115921500,20140310,TSLA,16.413999557495117,15.922666549682615,0,0.0166666666920822,0.1833316786902218,0.0166666666880851,0.0166709405708256,0.0166666666962546,0.0166728081725333,0.0166678162879331,0.5166554632751765,0.1833327016288965,0.0166685912979909,0.7845,0.7845,0.7845
15.62733268737793,15.62733268737793,132151500,20140311,TSLA,15.922666549682615,15.62733268737793,0,0.02380981998971055,0.023809897546039252,0.02381062567566235,0.45237204620503174,0.1904748814050132,0.023809523830675448,0.0238142068795121,0.0238106136540022,0.023810607347617748,0.19047777746673503,-0.4404,0.4019,-0.019250000000000017
15.39799976348877,15.39799976348877,124345500,20140314,TSLA,15.852666854858398,15.39799976348877,0,0.07190800646096986,0.10104320042673277,0.22418911807203717,0.03854578842447729,0.10104170486515279,0.038541860088802296,0.12187495407786515,0.03854224582278928,0.1632730667101127,0.10104005505106031,0.0,0.8622,0.42946249999999997
15.59866714477539,15.59866714477539,88689000,20140317,TSLA,15.39799976348877,15.59866714477539,1,0.016678965332101,0.5166534179351038,0.0166666666977725,0.1833339320131213,0.0166666667095928,0.0166666667006234,0.1833336845040813,0.0166666667050179,0.0166666667006427,0.0166666667019428,-0.7579,-0.7579,-0.7579
13.896666526794434,13.896666526794434,125700000,20140331,TSLA,14.157999992370604,13.896666526794434,0,0.0250036834216341,0.0250000000083622,0.2703586773974564,0.0250000000090688,0.0250025821071859,0.5296264849383817,0.0250000000096642,0.0250000000110277,0.0250085720870738,0.0250000000101449,-0.2244,-0.2244,-0.2244
13.834667205810549,13.834667205810549,147832500,20140407,TSLA,14.148667335510254,13.834667205810549,0,0.03750480043296753,0.16249577803484955,0.14377156632943844,0.03750098512614315,0.07916673064958082,0.3478892517296834,0.037500675407512125,0.07916723518181387,0.037500301672257624,0.037502675435753224,0.0,0.5263,0.131575
14.36400032043457,14.36400032043457,103339500,20140408,TSLA,13.834667205810549,14.36400032043457,1,0.12638722647349193,0.12947300319441757,0.1402807517909476,0.3455205145960685,0.015281705647633903,0.015278691086359967,0.015279166763877033,0.015277976147998832,0.1819425396014193,0.0152784246977851,0.0,0.1027,0.03423333333333333
13.208000183105469,13.208000183105469,88902000,20140417,TSLA,13.27400016784668,13.208000183105469,0,0.016666666675293,0.016666666673461,0.016666666673933,0.0166666666740355,0.016666666676696,0.1895696468702033,0.0166666666745246,0.0166666666756297,0.6770970197313161,0.0166666666749076,0.5859,0.5859,0.5859
13.857333183288574,13.857333183288574,82428000,20140424,TSLA,13.866000175476074,13.857333183288574,0,0.0166666666924027,0.0166700983837806,0.1833327884023264,0.516657942156187,0.1833318139559774,0.0166666666903307,0.0166731031482126,0.0166675871891654,0.0166666666903586,0.0166666666912581,0.6597,0.6597,0.6597
13.79466724395752,13.79466724395752,86686500,20140429,TSLA,13.234000205993652,13.79466724395752,1,0.08518795239488886,0.16449395601335084,0.07606032349648997,0.14527807674748153,0.06517692430464397,0.14527775583967592,0.049357440479760144,0.02027818749891385,0.2286113769467766,0.020278006278017797,0.0,0.4939,0.24695
14.060667037963867,14.060667037963867,61302000,20140502,TSLA,13.84866714477539,14.060667037963867,1,0.1621700457817175,0.0166666666779981,0.0166666666787857,0.0166666666789531,0.516666958200376,0.0166682449939138,0.0166666666797623,0.0166666666816141,0.2044947509464681,0.0166666666804108,0.0,0.0,0.0
11.906000137329102,11.906000137329102,300849000,20140508,TSLA,13.423333168029783,11.906000137329102,0,0.0166690035311835,0.0166711643548685,0.016666666690932,0.8499885353952766,0.0166666667001525,0.016666666693161,0.0166666666928791,0.0166712965542765,0.0166666666931302,0.0166666666941396,-0.1531,-0.1531,-0.1531
12.708000183105469,12.708000183105469,81100500,20140514,TSLA,12.677332878112791,12.708000183105469,1,0.025000614886156,0.0250022025390146,0.0250013683898586,0.2880243873074519,0.0250000000052337,0.5119675305976997,0.0250000000040997,0.0250000000046787,0.0250011221962129,0.0250027740695936,0.0,0.0,0.0
13.658666610717772,13.658666610717772,93217500,20140522,TSLA,13.296667098999023,13.658666610717772,1,0.014286097928853,0.0142859110552118,0.1571377833332028,0.1571424557921104,0.0142857143081617,0.0142865324450796,0.2999991070243297,0.0142857143057717,0.3000005461504249,0.014290137656854,0.7845,0.7845,0.7845
13.81999969482422,13.81999969482422,60102000,20140523,TSLA,13.658666610717772,13.81999969482422,1,0.020238818996532543,0.08398989830878249,0.07023832169851596,0.1058057532245167,0.04404794883655522,0.0946123880622441,0.14220431141646395,0.13228595346578848,0.19348125300819477,0.11309535298240536,0.0,0.5574,0.2877714285714286
14.015999794006348,14.015999794006348,55387500,20140529,TSLA,14.015999794006348,14.015999794006348,0,0.27083567273642073,0.13821948398720252,0.0208333333522946,0.020836507899745248,0.02083402848602215,0.0208340529715099,0.02083333335382715,0.15344441043982798,0.31249584341829983,0.02083333335484935,-0.2263,0.5859,0.1798
13.599332809448242,13.599332809448242,51411000,20140604,TSLA,13.662667274475098,13.599332809448242,0,0.0250034448823661,0.2749926860262541,0.0250000000504826,0.0250000000511885,0.0250015619980754,0.0250150993516096,0.0250000000548698,0.0250000000622795,0.0250000000551413,0.5249872074677325,-0.5499,-0.5499,-0.5499
13.567999839782717,13.567999839782717,89905500,20140612,TSLA,13.631333351135254,13.567999839782717,0,0.3174839436038256,0.0142863968828689,0.0142903820261585,0.0142857143113534,0.4252361383604154,0.0142866843437597,0.0142869309206932,0.1572619579276905,0.0142867900261152,0.0142950615971193,0.6124,0.6124,0.6124
15.444666862487791,15.444666862487791,199573500,20140617,TSLA,14.973999977111816,15.444666862487791,1,0.12999714699180054,0.015875294046365767,0.22629594851122034,0.1968516590836543,0.015874471048069702,0.0768480766490635,0.015875201491135697,0.015874132121332266,0.2350803627203192,0.07142770733703825,0.0,0.25,0.08333333333333333
15.185999870300291,15.185999870300291,131896500,20140619,TSLA,15.141332626342772,15.185999870300291,1,0.0100008252133994,0.0100001884182247,0.0100001589274547,0.0100001440652897,0.8014500096999423,0.0100004305218355,0.0100001721742069,0.0100002817017168,0.1185477892737864,0.0100000000041432,0.4404,0.4404,0.4404
15.981332778930664,15.981332778930664,65041500,20140701,TSLA,16.003999710083008,15.981332778930664,0,0.0166666666731805,0.0166670380236181,0.0166792053399826,0.0166709002676439,0.0166666666742441,0.1833312822240998,0.0166697416236853,0.0166683578810189,0.6833134746196257,0.0166666666729008,0.2023,0.2023,0.2023
14.630666732788086,14.630666732788086,72958500,20140710,TSLA,14.870667457580566,14.630666732788086,0,0.017779055079877967,0.017778250372513835,0.533039659109774,0.017781550239168335,0.017778145119247565,0.017779150691130303,0.14310820571462443,0.017777792338254165,0.19940012317116237,0.017778068164246433,0.0,0.1779,0.1186
15.113332748413086,15.113332748413086,108048000,20140714,TSLA,14.541999816894531,15.113332748413086,1,0.16733114333309848,0.01777777778683335,0.01777786696587155,0.01777777778759275,0.2904460546602063,0.017778691222051324,0.11777820357732993,0.01777800395591765,0.3177765486856616,0.017777932025436677,-0.3818,0.4404,0.20975000000000002
14.832667350769045,14.832667350769045,46249500,20140723,TSLA,14.638667106628418,14.832667350769045,1,0.1469906114960508,0.1222195304635076,0.0111133647340575,0.0111111111190091,0.13840114138046,0.0111115691986997,0.0111111111195336,0.0111111111207198,0.5257193382480148,0.0111111111199469,0.0,0.0,0.0
15.899333000183104,15.899333000183104,80829000,20140805,TSLA,15.90133285522461,15.899333000183104,0,0.15909795417731068,0.021071761196543325,0.0935819890422361,0.0210714285832311,0.056785947498250076,0.021071985628669226,0.10440156240069472,0.021071739899034075,0.3974403696551207,0.10440526191890954,0.0,0.6369,0.227525
17.46733283996582,17.46733283996582,58018500,20140815,TSLA,17.42533302307129,17.46733283996582,1,0.0250000001029115,0.0250060878925348,0.0250014424122165,0.0250000000879461,0.0250068856759684,0.0250000000945823,0.0250166141219663,0.0250000001069921,0.7749556429857393,0.0250133265191422,0.2732,0.2732,0.2732
17.503332138061523,17.503332138061523,64771500,20140825,TSLA,17.118667602539062,17.503332138061523,1,0.02071435545519426,0.02071428572276352,0.2850001580523374,0.18393529568607994,0.02071445539530844,0.020714837639228777,0.02071464620996718,0.07785716968242959,0.32891781166590006,0.02071698449079036,0.0,0.4215,0.1686
18.80733299255371,18.80733299255371,82524000,20140908,TSLA,18.49266624450684,18.80733299255371,1,0.0196548834856191,0.09188198947930469,0.1491111134704713,0.01964326980405605,0.019642857207108448,0.1446438209061171,0.019643340148151,0.26962489505844955,0.24651026227021997,0.019643568170502352,0.0,0.5719,0.28595
18.565332412719727,18.565332412719727,68382000,20140909,TSLA,18.80733299255371,18.565332412719727,0,0.0333333333390255,0.0333333333378196,0.0333333333381308,0.0333333333381962,0.0333333333399534,0.3666666342537309,0.3666666990365467,0.0333333333392503,0.0333333333385712,0.0333333333387749,0.6542,0.6542,0.6542
18.687332153320312,18.687332153320312,56491500,20140911,TSLA,18.739999771118164,18.687332153320312,0,0.0250000000316049,0.0250000000249051,0.0250000000266309,0.274999736852014,0.0250000000367757,0.0250000000290725,0.5250002629068291,0.0250000000328627,0.0250000000290942,0.0250000000302103,0.0,0.0,0.0
17.382667541503906,17.382667541503906,124501500,20140916,TSLA,16.923999786376953,17.382667541503906,1,0.06904728270187256,0.021432177246906835,0.2714238002589659,0.0214296275099384,0.021428571449507095,0.18809451393784263,0.021428867738446735,0.021429296408585864,0.34285712849569566,0.0214287342522378,0.0,0.9053,0.5881333333333333
16.35066795349121,16.35066795349121,72790500,20140929,TSLA,16.440000534057617,16.35066795349121,0,0.0142859051297873,0.3208996274858963,0.0142857431798018,0.1571433222704558,0.0142863333516735,0.4219432360881741,0.0142866604080963,0.0142857143337899,0.0142857143282825,0.0142977434240419,0.1531,0.1531,0.1531
16.761333465576172,16.761333465576172,134973000,20141002,TSLA,16.016000747680664,16.761333465576172,1,0.0166666666903998,0.0166727959471726,0.0166673881199259,0.0166666666869501,0.0166680559900685,0.2004116129449579,0.0166672649688656,0.0166666666913976,0.0166674308559982,0.6662454511042634,0.7387,0.7387,0.7387
17.134000778198242,17.134000778198242,110419500,20141009,TSLA,17.28533363342285,17.134000778198242,0,0.0166666666902231,0.0166670972457968,0.672482044596595,0.1941800538122956,0.0166673398481077,0.0166667835362705,0.0166669934778618,0.0166666829013871,0.0166696712022602,0.0166666666892021,0.0,0.0,0.0
15.09000015258789,15.09000015258789,80989500,20141016,TSLA,15.313332557678224,15.09000015258789,0,0.0500000000380013,0.0500000000299122,0.050000000032041,0.0500000000324528,0.0500000000441771,0.0500000000350313,0.0500000000360545,0.0500000000395001,0.0500000000349445,0.5499999996778849,0.0,0.0,0.0
15.165332794189451,15.165332794189451,158241000,20141017,TSLA,15.09000015258789,15.165332794189451,1,0.0166675079435355,0.0166680956861737,0.0166666666783044,0.8499945293643371,0.0166666666827262,0.0166666666793684,0.016667064528738,0.0166686051721878,0.0166666666793759,0.0166675305852524,0.0,0.0,0.0
16.184667587280273,16.184667587280273,157744500,20141028,TSLA,14.777999877929688,16.184667587280273,1,0.0154808476389025,0.17796170618421506,0.015479724937163899,0.34685398749086815,0.015477348751799149,0.01547693051049855,0.015479388009038298,0.2815565949858697,0.01547875980287785,0.10075471168876651,0.0,0.4588,0.2294
16.113332748413086,16.113332748413086,56629500,20141031,TSLA,15.910667419433594,16.113332748413086,1,0.0250000000256958,0.0250000000202609,0.0250029856075515,0.7749910749953389,0.0250000000298897,0.0250000000236496,0.025001110498347,0.0250000000267122,0.0250002642079923,0.0250045645645617,0.0,0.0,0.0
15.928667068481444,15.928667068481444,55239000,20141104,TSLA,16.172666549682617,15.928667068481444,0,0.0142859875926571,0.0142857142888531,0.0142857142890709,0.0142857142891164,0.0142857142903464,0.0142860502411022,0.0142858855268277,0.0142857142898536,0.8714273927394218,0.0142861124527503,0.0,0.0,0.0
16.01333236694336,16.01333236694336,77415000,20141107,TSLA,16.08133316040039,16.01333236694336,0,0.2750000404693945,0.025000000009649,0.025000000010318,0.0250000000104624,0.0250000000142451,0.0250022849783293,0.0250000000111528,0.0250000000127283,0.5249976744720192,0.0250000000117012,0.34,0.34,0.34
16.738666534423828,16.738666534423828,119232000,20141111,TSLA,16.1286678314209,16.738666534423828,1,0.0166667443821583,0.0166686386075444,0.2035401016060398,0.0166671244107928,0.0166667974808635,0.3264961898215017,0.01667332305786,0.0166666666803148,0.3532877472152884,0.0166666667376359,0.25,0.25,0.25
16.516000747680664,16.516000747680664,118777500,20141119,TSLA,17.18000030517578,16.516000747680664,0,0.0216667502308195,0.02166666668641315,0.33184534711805924,0.021666720414055,0.021671518606232648,0.02166670658949935,0.10967818749717766,0.18833679741435275,0.24013299958414916,0.02166830585924115,-0.4563,0.4404,-0.007949999999999985
16.185333251953125,16.185333251953125,112276500,20141121,TSLA,16.58066749572754,16.185333251953125,0,0.0333333333561851,0.0333333333513436,0.0333333333525871,0.6999996134987073,0.03333333335993,0.033333333354349,0.0333333333541438,0.0333333333570976,0.0333337196604891,0.0333333333551671,0.2023,0.2023,0.2023
14.290666580200195,14.290666580200195,138384000,20141208,TSLA,14.913999557495115,14.290666580200195,0,0.0225000000186214,0.022500000014670597,0.12249997628707114,0.02250024061331895,0.022500000021659403,0.3975039329410992,0.022500000016972402,0.12250015909438486,0.022502264650698302,0.22249342634150332,0.5859,0.7845,0.6852
14.619333267211914,14.619333267211914,103657500,20141219,TSLA,14.550666809082031,14.619333267211914,1,0.02967669142725824,0.04792311413632234,0.2863596180989787,0.029675854708856662,0.06603714454829904,0.050202459480355566,0.22967028762791825,0.029675619522210338,0.20110388573800825,0.02967532471179208,-0.296,0.0,-0.16366
15.187999725341797,15.187999725341797,49905000,20141226,TSLA,14.817333221435549,15.187999725341797,1,0.026985608190821367,0.026985859511286667,0.24920680314045285,0.13148032445987604,0.02698487086785017,0.10422174772882283,0.249198322893147,0.07460292392076677,0.08334908623976654,0.026984453047209433,0.0,0.6846,0.2282
14.815333366394045,14.815333366394045,43548000,20141230,TSLA,15.047332763671877,14.815333366394045,0,0.0166681557057052,0.0166666666851214,0.0166673011461947,0.1833288586255349,0.0166666666939104,0.016667275417075,0.016666976906298,0.0166666666910274,0.6833326986524761,0.0166687334766565,0.0,0.0,0.0
14.827333450317385,14.827333450317385,34462500,20141231,TSLA,14.815333366394045,14.827333450317385,1,0.0250007918380418,0.0250000000063545,0.0250000000068051,0.0250000000068932,0.7749968535447618,0.0250000000074238,0.0250000000073482,0.0250013490916299,0.0250000000074254,0.0250010054833158,0.4767,0.4767,0.4767
14.005999565124512,14.005999565124512,80527500,20150105,TSLA,14.620667457580566,14.005999565124512,0,0.09004162561511275,0.2020629970450437,0.0187504536921367,0.01875000000648415,0.0187509147926066,0.01875147873292825,0.0187500000069135,0.01875054570204445,0.5766417073915151,0.01875027701521425,0.0,0.0,0.0
14.085332870483398,14.085332870483398,93928500,20150106,TSLA,14.005999565124512,14.085332870483398,1,0.0855745188659683,0.04226379663646496,0.0422633054997786,0.0422626905381455,0.0422649131663837,0.1374925167425479,0.04226190477922587,0.14964203153644443,0.37371241745494443,0.04226190478009603,-0.296,0.0,-0.09866666666666667
13.480667114257812,13.480667114257812,89254500,20150112,TSLA,13.77733325958252,13.480667114257812,0,0.0100005618468997,0.0100001212715249,0.0100003148748636,0.1443282604418814,0.0100004619315062,0.3172408871602177,0.0100002075294735,0.0100000000085213,0.4684291849272749,0.0100000000078364,0.0,0.0,0.0
12.791333198547363,12.791333198547363,78247500,20150115,TSLA,12.845999717712402,12.791333198547363,0,0.38264189759585865,0.01819478358317675,0.1478885178483812,0.048416257284034606,0.08729014956607492,0.01819472410467935,0.05986612918061103,0.0459724236360895,0.09000859323079241,0.1015265239703012,0.0,0.7845,0.286425
12.871333122253418,12.871333122253418,54048000,20150116,TSLA,12.791333198547363,12.871333122253418,1,0.41537398891399746,0.14732406977792467,0.017183413913293262,0.038016487859452046,0.05685628811660929,0.017183568496896912,0.05794529850679907,0.21574931974435818,0.017184735985081138,0.01718282868558751,-0.2732,0.6476,0.02112499999999999
13.419333457946776,13.419333457946776,51579000,20150123,TSLA,13.441332817077637,13.419333457946776,0,0.18111777699413312,0.06555712432293863,0.2166594660440521,0.0877781990924494,0.03222275869746149,0.19888673717319394,0.08777715688989364,0.0655554454822563,0.032223113055442336,0.03222222224817863,0.0,0.6369,0.44141666666666673
13.770000457763672,13.770000457763672,48517500,20150126,TSLA,13.419333457946776,13.770000457763672,1,0.35666319138153585,0.022708950014445776,0.022708598587639513,0.0970855126050421,0.022709155749596553,0.10299929780558055,0.0778331892407722,0.022709569118916775,0.25187194270860813,0.022710592787862135,0.0,0.3716,0.1281375
13.291333198547363,13.291333198547363,47244000,20150128,TSLA,13.732000350952148,13.291333198547363,0,0.0200000000150506,0.0200019162078742,0.0200007133826077,0.0200059451110522,0.0200000000175006,0.0200020452753593,0.2687106059063246,0.0200000000156488,0.5712787740541927,0.0200000000143888,0.34,0.34,0.34
13.68000030517578,13.68000030517578,53221500,20150129,TSLA,13.291333198547363,13.68000030517578,1,0.04259230931223773,0.18564992067081412,0.07716862268392104,0.012291144660614798,0.012296255556218433,0.012290247737384399,0.12340182208741295,0.0122895915118487,0.43460519012755167,0.08741489565199577,-0.6597,0.4404,-0.1564333333333333
13.57333278656006,13.57333278656006,45105000,20150130,TSLA,13.68000030517578,13.57333278656006,0,0.0250000000056962,0.0250000000044885,0.0250013620936848,0.0250001585645121,0.7749984793045761,0.02500000000524,0.0250000000051897,0.0250000000059207,0.0250000000052475,0.025000000005444,0.3182,0.3182,0.3182
14.419333457946776,14.419333457946776,80857500,20150210,TSLA,14.498666763305664,14.419333457946776,0,0.12381007109367867,0.040476190481503777,0.04047619492779478,0.04047619309219915,0.040477160149100876,0.12380981267298541,0.04047619048233235,0.040476190483199254,0.4690458061345712,0.040476190482634275,-0.1027,0.6486,0.11079999999999998
14.186667442321776,14.186667442321776,146536500,20150211,TSLA,14.419333457946776,14.186667442321776,0,0.1210505686807873,0.01747471489948706,0.12450128775478402,0.11746885546090882,0.01747293783363236,0.12708786985597542,0.01747347348449995,0.01747222224138801,0.38252517090059684,0.05747289888793981,-0.0258,0.7717,0.36658999999999997
13.607333183288574,13.607333183288574,99054000,20150224,TSLA,13.822667121887209,13.607333183288574,0,0.0125000000094864,0.0125029804389465,0.3739691242232169,0.0125007251882296,0.0125000000110345,0.0125000000087251,0.0125015768914546,0.0125000164014696,0.4010295086686039,0.1374960681588324,0.6369,0.6369,0.6369
13.812666893005373,13.812666893005373,97093500,20150226,TSLA,13.583999633789062,13.812666893005373,1,0.3666658065723517,0.0333333333748029,0.0333375731253956,0.0333333333783096,0.0333333333945991,0.0333363921304048,0.0333333333813557,0.0333369555238587,0.0333333333817654,0.3666566057371561,0.8653,0.8653,0.8653
13.155332565307615,13.155332565307615,118831500,20150302,TSLA,13.555999755859377,13.155332565307615,0,0.3081327408879932,0.014484180487372633,0.014484164994438201,0.0144854556051156,0.11017417257183454,0.06210343551877293,0.13144395853198168,0.09781855014243336,0.23238921426668413,0.0144841269933733,-0.3182,0.2263,-0.03063333333333333
12.916000366210938,12.916000366210938,74623500,20150311,TSLA,12.687999725341797,12.916000366210938,1,0.0166698877548207,0.0166673809032139,0.0166725894960518,0.0166666666795644,0.0166666666842272,0.0166666666805485,0.3499993030025096,0.0166666666823582,0.5166575054356183,0.0166666666810871,-0.2263,-0.2263,-0.2263
12.73799991607666,12.73799991607666,62239500,20150312,TSLA,12.916000366210938,12.73799991607666,0,0.01619086084208632,0.07161165927928462,0.01619047621993252,0.08285683212833024,0.17075664807011365,0.20929025610540758,0.216190888459958,0.01619083781815794,0.016190816206862756,0.18453072486986583,0.0,0.34,0.06872000000000002
12.57866668701172,12.57866668701172,81514500,20150313,TSLA,12.73799991607666,12.57866668701172,0,0.027779300073869098,0.1944436450101963,0.13888456829069917,0.13888641434512505,0.0277789724594998,0.027778399246873465,0.19444710935473478,0.027777784211434536,0.0277777778068684,0.19444602920069912,0.34,0.4003,0.36010000000000003
13.046667098999023,13.046667098999023,84432000,20150316,TSLA,12.57866668701172,13.046667098999023,1,0.0154781391879831,0.3912211892993476,0.0682975778773073,0.01547769705450305,0.09880339905527169,0.01547745815207935,0.015477677021341202,0.3488117766067367,0.0154766104308791,0.0154784753145505,-0.2023,0.4404,0.11905
12.982000350952148,12.982000350952148,73411500,20150317,TSLA,13.046667098999023,12.982000350952148,0,0.018154761912977477,0.05823336156239885,0.7241921485522465,0.09048234443629025,0.018155229204128952,0.018155581727867773,0.0181558843864694,0.018159350902636127,0.01815488061741595,0.018156456697568227,0.5859,0.8442,0.6927749999999999
13.380666732788086,13.380666732788086,72313500,20150318,TSLA,12.982000350952148,13.380666732788086,1,0.0500000000010115,0.0500006871383278,0.5499827912160811,0.0500080012753176,0.0500000000011771,0.050000000000931,0.0500056992665422,0.0500002818036859,0.0500025392959589,0.0500000000009666,0.6696,0.6696,0.6696
13.308667182922363,13.308667182922363,39474000,20150323,TSLA,13.20533275604248,13.308667182922363,1,0.0250000000069183,0.0250000000054504,0.0250000000058277,0.0250000000059121,0.0250000000080458,0.0250003094393461,0.0250000000063002,0.025000000007191,0.7749996905083955,0.0250000000066124,0.0,0.0,0.0
13.447999954223633,13.447999954223633,54748500,20150324,TSLA,13.308667182922363,13.447999954223633,1,0.12997902605131165,0.20991696944517405,0.2772080101776081,0.08618940472721766,0.048119292839882075,0.01952491858282848,0.09735402769169807,0.0195240482480288,0.09265608437535533,0.01952821786089528,-0.6597,0.2023,-0.37714
12.704667091369627,12.704667091369627,151342500,20150330,TSLA,12.333333015441896,12.704667091369627,1,0.0125043807629014,0.0125000331559021,0.0125056774212418,0.0125000000061632,0.0125001366951096,0.0125010950428145,0.8874850791182675,0.0125034481394656,0.0125001496512431,0.012500000006891,0.0,0.0,0.0
12.584667205810549,12.584667205810549,75399000,20150331,TSLA,12.704667091369627,12.584667205810549,0,0.39187937053624006,0.021671357199590933,0.021669758278606635,0.1883360491494598,0.021668033765850733,0.10499992124788733,0.021668801981673633,0.021667012090418634,0.18477161725841426,0.021668078491857732,0.3008,0.4404,0.39386666666666664
13.539999961853027,13.539999961853027,186837000,20150406,TSLA,12.733332633972168,13.539999961853027,1,0.13704333757462192,0.025925925941600602,0.5574042942107732,0.1240699597154251,0.0259259259490425,0.025926021447804936,0.025926651739069967,0.025926031532522736,0.025925925944219132,0.0259259259449196,-0.0772,0.6249,0.33549999999999996
14.005999565124512,14.005999565124512,57003000,20150409,TSLA,13.844667434692385,14.005999565124512,1,0.012500202979886,0.0125001522434445,0.012505071083358,0.0125017337457716,0.0125000000063879,0.0125002494958435,0.0125022319684715,0.0125000624415935,0.8874900952412389,0.0125002007940043,0.0,0.0,0.0
13.985333442687988,13.985333442687988,56373000,20150413,TSLA,14.0600004196167,13.985333442687988,0,0.3937456439410707,0.0395880991004628,0.08864946873388438,0.03986544216127597,0.0187509308702261,0.2900615895311853,0.039584498639782154,0.018750000018703774,0.05225400444276095,0.018750322560647424,-0.34,0.4939,-0.04652500000000001
13.830666542053224,13.830666542053224,45390000,20150414,TSLA,13.985333442687988,13.830666542053224,0,0.10251689046366651,0.013889179213970168,0.013890505787267034,0.09722198914885401,0.013889224250179334,0.3134248651226943,0.013888888902634134,0.013888888904571767,0.3479451359715083,0.06944443223465403,0.2023,0.2846,0.22973333333333334
13.85533332824707,13.85533332824707,29286000,20150415,TSLA,13.830666542053224,13.85533332824707,1,0.11156742777197244,0.01704972174195108,0.5053816348651882,0.01704761906897928,0.01704842017111076,0.08371312156662122,0.11704779415033191,0.09704725749547807,0.01704915693101124,0.01704784623735546,-0.4215,0.0,-0.22984
14.57333278656006,14.57333278656006,66168000,20150423,TSLA,14.629332542419434,14.57333278656006,0,0.0125000690532415,0.0125045925780144,0.8874848244237016,0.0125001877315728,0.0125080684930493,0.0125000000363015,0.0125020264663466,0.0125000000410325,0.0125000000363445,0.012500231140395,0.4215,0.4215,0.4215
15.436667442321776,15.436667442321776,175089000,20150427,TSLA,14.562000274658203,15.436667442321776,1,0.0100002780683807,0.0100000000109131,0.2099983135409077,0.1099985029931147,0.0100012019525275,0.0100051297265643,0.0100000000126151,0.0100000000143978,0.6099959395525576,0.0100006341280211,0.1248,0.1248,0.1248
15.49666690826416,15.49666690826416,59041500,20150429,TSLA,15.36533260345459,15.49666690826416,1,0.5240535719209856,0.0200012294005389,0.0200022482748737,0.0200098719714915,0.0200005316965646,0.3159315599848268,0.0200000000077738,0.0200000000088792,0.0200009867259046,0.0200000000081609,0.4404,0.4404,0.4404
15.0686674118042,15.0686674118042,79225500,20150501,TSLA,15.06999969482422,15.0686674118042,0,0.013890605038478,0.12966459477793746,0.3021398737945926,0.1120897588174699,0.013889698634464449,0.0138893522263895,0.0138893480361377,0.3727647207798643,0.0138903073612343,0.013891740533431299,0.2732,0.4215,0.34735
15.36733341217041,15.36733341217041,66519000,20150504,TSLA,15.0686674118042,15.36733341217041,1,0.0111111111306323,0.1541721884663154,0.4211420877016596,0.0111114450225783,0.1222226323804567,0.0111111111290544,0.0111115572830069,0.0111111231684851,0.1246842609910028,0.122222482726808,0.4927,0.4927,0.4927
15.529999732971191,15.529999732971191,86953500,20150505,TSLA,15.36733341217041,15.529999732971191,1,0.0125000000059371,0.0125000000046755,0.0125000000049999,0.0125000000050703,0.0125000000069037,0.0125002957709096,0.0125000000054047,0.012500000006168,0.8874997041842596,0.0125000000056711,-0.34,-0.34,-0.34
15.362000465393066,15.362000465393066,79063500,20150506,TSLA,15.529999732971191,15.362000465393066,0,0.0159294438347987,0.015925925934018568,0.015925925934586433,0.015925925934700932,0.12083058572117522,0.15666407012928107,0.08259268468826836,0.015925952932513032,0.5443535589549151,0.0159259259357421,0.0,0.2023,0.06743333333333333
16.31599998474121,16.31599998474121,95451000,20150512,TSLA,15.965999603271484,16.31599998474121,1,0.08055653463075563,0.13610597804990646,0.025000422426862567,0.02500661662254547,0.025001665944540466,0.19166519728825493,0.025000000024323867,0.21944230079394175,0.24721868285765994,0.025002601361208465,-0.6124,0.5574,-0.01833333333333335
16.47599983215332,16.47599983215332,55113000,20150519,TSLA,16.583332061767578,16.47599983215332,0,0.0225000000281273,0.022500172627269048,0.0225028547795926,0.32249904508832966,0.022501201943778852,0.1224966002695656,0.2724962087890388,0.147500123400893,0.022502626864414448,0.022501166208990148,0.0,0.0,0.0
16.51533317565918,16.51533317565918,33346500,20150522,TSLA,16.374666213989258,16.51533317565918,1,0.0375089672532271,0.03750587225575905,0.037500000025683704,0.0375000000260408,0.03750239031308885,0.16249359388164156,0.03750438797220595,0.0375000000317064,0.0375037187837258,0.5374810694569203,0.0,0.4404,0.2202
16.495332717895508,16.495332717895508,51123000,20150527,TSLA,16.497333526611328,16.495332717895508,0,0.016666983183293,0.0166666666757383,0.1833269556926897,0.0166726033081008,0.0166666666800513,0.0166793119029726,0.0166666666771493,0.0166666666786312,0.6833208125237075,0.0166666666776658,0.34,0.34,0.34
16.71266746520996,16.71266746520996,21334500,20150612,TSLA,16.76066780090332,16.71266746520996,0,0.0333333333458249,0.0333333333431768,0.0333333333438614,0.0333468200288166,0.0333356990727734,0.6999686605045937,0.0333369147950939,0.0333392413721161,0.0333333333448329,0.0333393308489101,0.4926,0.4926,0.4926
16.691999435424805,16.691999435424805,32793000,20150615,TSLA,16.71266746520996,16.691999435424805,0,0.43649229880955076,0.013888965242499,0.0138914958659421,0.10180018779049715,0.013890176791652251,0.22540924045551594,0.0138900714974704,0.013889527963382001,0.15295914668373164,0.0138888888997583,0.5423,0.6705,0.6064
17.500667572021484,17.500667572021484,36945000,20150619,TSLA,17.459333419799805,17.500667572021484,1,0.0166667903437763,0.0166668252434123,0.0166720427308218,0.4969107065701942,0.0166666666703071,0.0166666666695472,0.0166717217043412,0.0166695564927711,0.2030808872364526,0.1833281363383758,0.8356,0.8356,0.8356
17.844667434692383,17.844667434692383,58062000,20150623,TSLA,17.319332122802734,17.844667434692383,1,0.0166666666794788,0.0166666666767561,0.5166577438968835,0.0166666666776113,0.0166666666815611,0.0166666666784459,0.0166670520940106,0.0166755612097785,0.3499996427265513,0.0166666666789224,0.4939,0.4939,0.4939
17.468000411987305,17.468000411987305,52183500,20150629,TSLA,17.805999755859375,17.468000411987305,0,0.0142863853584894,0.0142898313312592,0.0142914467233843,0.0142869655778286,0.0142876079328554,0.3456014252546783,0.0142869017691221,0.1571428085974235,0.235754575391709,0.1757720520632499,0.0,0.0,0.0
18.64800071716309,18.64800071716309,61828500,20150706,TSLA,18.667999267578125,18.64800071716309,0,0.03055578129755475,0.0305620335750593,0.2066401834108507,0.03055584632729135,0.09447133056133414,0.03055819349531085,0.16838203786379835,0.030555555566445198,0.03055569342766055,0.34716334447469444,0.0,0.0258,0.0129
18.310667037963867,18.310667037963867,75061500,20150717,TSLA,17.778667449951172,18.310667037963867,1,0.0166671269044278,0.0166674074689237,0.0166686913869793,0.0166666666760024,0.196879985437887,0.0166676282739554,0.0166679055144321,0.1833300793858866,0.5031178422744172,0.0166666666770881,0.0,0.0,0.0
17.654666900634766,17.654666900634766,58437000,20150728,TSLA,16.867332458496094,17.654666900634766,1,0.03500000001989775,0.035000436862058754,0.03500000001675315,0.0350014317475587,0.38819575815608554,0.03500000001829465,0.2317948240867382,0.035003528921014,0.035004253916749856,0.134999766254849,-0.6377,0.3182,-0.15975000000000006
17.74333381652832,17.74333381652832,33339000,20150731,TSLA,17.785999298095703,17.74333381652832,0,0.06750005822854604,0.15242791163681216,0.30757070627102634,0.025833333346593275,0.025833471203199072,0.19249849576262418,0.15083448320575657,0.025834873649648624,0.02583333334761755,0.025833333348175926,-0.2263,0.2975,0.017799999999999996
16.408666610717773,16.408666610717773,219357000,20150806,TSLA,18.0086669921875,16.408666610717773,0,0.041666666707315794,0.041666895744308846,0.20832772019519674,0.041669333791448104,0.0416666667139453,0.041666666704073846,0.0416685664571265,0.041666760643060005,0.04166751313491205,0.4583332099086123,-0.022,0.0,-0.011
16.512666702270508,16.512666702270508,69438000,20150902,TSLA,15.908666610717772,16.512666702270508,1,0.06816722838026117,0.06816611467753945,0.14749971105891746,0.10990140621430951,0.018169465911129102,0.01816874089756492,0.289511895152111,0.09816679829882995,0.16408014682658717,0.018168492582749978,-0.296,0.3612,0.00042000000000000923
16.87933349609375,16.87933349609375,43363500,20150914,TSLA,16.682666778564453,16.87933349609375,1,0.0641666849712661,0.014166666673058177,0.014166727163832299,0.0141666666735984,0.014166741437048776,0.16440946134709133,0.014167084085417076,0.11416614570022668,0.5722571552740339,0.014166666674426849,0.0,0.7184,0.486525
17.40399932861328,17.40399932861328,39012000,20150923,TSLA,17.395999908447266,17.40399932861328,1,0.0250000000272156,0.5249999669890583,0.0250000000229438,0.0250000000232691,0.0250000000317054,0.0250000000250513,0.2750000328013903,0.0250000000282914,0.025000000025052,0.0250000000260223,0.0,0.0,0.0
17.12733268737793,17.12733268737793,56601000,20150925,TSLA,17.541332244873047,17.12733268737793,0,0.0333333333744264,0.3666662306786184,0.0333333333679451,0.0333333333684574,0.0333333333812561,0.0333333333711512,0.3666671023382924,0.0333333333760567,0.0333333333711465,0.0333333333726495,0.6369,0.6369,0.6369
16.559999465942383,16.559999465942383,73944000,20150930,TSLA,16.44333267211914,16.559999465942383,1,0.0200019238984795,0.2199927366398233,0.020004354870599,0.0200010850750385,0.0200027704006122,0.0200010085177131,0.0200076678778355,0.0200000000069071,0.6199876411113157,0.0200008116016755,-0.3535,-0.3535,-0.3535
16.504667282104492,16.504667282104492,66360000,20151002,TSLA,15.991999626159668,16.504667282104492,1,0.1001451001962558,0.024618489535788875,0.04909048436528934,0.14199734639237124,0.05586917258766266,0.10795069291774875,0.02461867126263455,0.024620862321514586,0.44647079920649313,0.024618381214240637,-0.4184,0.4939,0.06001250000000001
14.71266746520996,14.71266746520996,92376000,20151009,TSLA,15.114666938781738,14.71266746520996,0,0.02083622367271695,0.0624998831161081,0.06715225979749767,0.02083561255531175,0.020833718390339876,0.1116927485967739,0.1827282326774009,0.22175985380957453,0.020834722635864552,0.2708267447484114,0.0,0.9558,0.298575
14.458666801452637,14.458666801452637,46566000,20151014,TSLA,14.616666793823242,14.458666801452637,0,0.0250014763476358,0.4913880274087693,0.0250018435203257,0.0250007478385518,0.3085996970482536,0.0250000000202116,0.0250042730830558,0.0250000000228149,0.0250016761537617,0.0250022585566196,0.6808,0.6808,0.6808
15.206666946411133,15.206666946411133,37618500,20151019,TSLA,15.133999824523926,15.206666946411133,1,0.0200007167172248,0.5968562579035004,0.2431385294244097,0.0200003645346707,0.0200006215834929,0.0200000000044028,0.0200020584395889,0.0200000000049745,0.0200008094843549,0.0200006419033802,0.7906,0.7906,0.7906
14.005999565124512,14.005999565124512,62272500,20151021,TSLA,14.20199966430664,14.005999565124512,0,0.05645749238659723,0.05645820984648681,0.16372955556206867,0.2724853671698787,0.03661645488381005,0.1278850485206579,0.12089273093294586,0.08827085044533989,0.020744836386498242,0.05645945386571616,0.0,0.6322,0.2861714285714285
14.114666938781738,14.114666938781738,42378000,20151022,TSLA,14.005999565124512,14.114666938781738,1,0.0166703768830839,0.8499806994404607,0.0166700842862997,0.0166669664889484,0.0166669842349195,0.0166669261751922,0.0166674245249516,0.0166693453984662,0.0166669044459265,0.0166742881217509,0.4404,0.4404,0.4404
13.939332962036133,13.939332962036133,63532500,20151023,TSLA,14.114666938781738,13.939332962036133,0,0.071333108373045,0.15650767935353108,0.23799948077308902,0.0380008072334677,0.038000000010157464,0.03800074936172572,0.038001207938183665,0.11799749942101848,0.15949048017794376,0.10466898735783785,0.0,0.6293,0.26484
14.350666999816896,14.350666999816896,50871000,20151026,TSLA,13.939332962036133,14.350666999816896,1,0.02916908500943885,0.3624937178050188,0.02916797893396335,0.02917390069126725,0.0291696574507325,0.029167104102114,0.4041522713898571,0.0291689942350647,0.0291695148596405,0.0291677755229025,0.0,0.8275,0.41375
14.023332595825195,14.023332595825195,52791000,20151027,TSLA,14.350666999816896,14.023332595825195,0,0.0500000000091986,0.0500000000072447,0.0500000000077516,0.0500000000078572,0.050000000010703,0.0500000000084592,0.5499999999219742,0.0500000000095574,0.0500000000084669,0.0500000000087867,0.765,0.765,0.765
14.108667373657228,14.108667373657228,27075000,20151029,TSLA,14.197333335876465,14.108667373657228,0,0.0100005085080401,0.010000000002627,0.0100003095651987,0.0100012486002931,0.1099999719804696,0.0100001160753697,0.0100000000030361,0.0100000000034639,0.8099978452583168,0.0100000000031846,-0.3612,-0.3612,-0.3612
14.667332649230955,14.667332649230955,66010500,20151120,TSLA,14.786666870117188,14.667332649230955,0,0.01214339014359205,0.0656355830781557,0.5819681264791423,0.0911112993227494,0.0121428571560618,0.18842107968657126,0.012146245414121699,0.01214344165990195,0.01214313974311785,0.01214483731658565,0.0258,0.4019,0.21384999999999998
14.550000190734863,14.550000190734863,37204500,20151124,TSLA,14.516667366027832,14.550000190734863,1,0.10914098584457825,0.02311285909360604,0.07311039111945891,0.10876640717720534,0.09863720864743758,0.28999982194865986,0.05644593155416329,0.02311124221187469,0.19456273919516223,0.023112413207853438,-0.25,0.807,0.3948
15.513999938964844,15.513999938964844,44094000,20151203,TSLA,15.465999603271484,15.513999938964844,1,0.0166666666809657,0.0166666666779325,0.0166666666787142,0.016666666678888,0.0166666666832969,0.0166716069542762,0.0166666666796943,0.3499942883179074,0.0166666666798329,0.5166674379684913,0.4404,0.4404,0.4404
15.137999534606934,15.137999534606934,31075500,20151210,TSLA,14.968000411987305,15.137999534606934,1,0.0111112390059838,0.0111111111138485,0.0111111111140384,0.1222202973343027,0.0111124676212892,0.0111115338182882,0.0111111111142756,0.0111111111147224,0.7888882016309179,0.0111118161323328,-0.34,-0.34,-0.34
15.559332847595217,15.559332847595217,49479000,20151217,TSLA,15.633999824523926,15.559332847595217,0,0.2199990113534569,0.0200000000145937,0.6199882231674679,0.0200000000158377,0.0200000000215429,0.0200019819051831,0.0200002818786357,0.0200019494574021,0.0200000000170414,0.0200085521688381,0.0,0.0,0.0
15.36400032043457,15.36400032043457,45213000,20151218,TSLA,15.559332847595217,15.36400032043457,0,0.027805996546949464,0.0278055905686847,0.06113885844085496,0.02780583172494531,0.23036075960478786,0.1353874146537424,0.0793736807730453,0.06447206571502691,0.18471070085871424,0.1611391011132485,-0.34,0.2732,-0.04014
15.503999710083008,15.503999710083008,29298000,20151221,TSLA,15.36400032043457,15.503999710083008,1,0.0166666666745776,0.0166667289719583,0.0166666666733377,0.0166703416914117,0.1833278286684363,0.0166669427708751,0.0166666666738731,0.0166666666748879,0.683333197790709,0.0166682934099328,0.0,0.0,0.0
15.329999923706056,15.329999923706056,29422500,20151222,TSLA,15.503999710083008,15.329999923706056,0,0.028444578184836422,0.02844444444956672,0.028444444449923938,0.028447389718169618,0.028444444452008,0.028445767159180464,0.22844444444036735,0.02844444445120216,0.5439955982440867,0.02844444445065818,0.0,0.5093,0.20371999999999998
13.998000144958496,13.998000144958496,46378500,20160112,TSLA,13.856666564941406,13.998000144958496,1,0.12731065543494735,0.0154761904856432,0.11687135532378419,0.09880955793419041,0.015477104148071949,0.10634776652026509,0.0154766408169341,0.0154762449499102,0.47327829389859877,0.015476190487654251,0.0,0.0,0.0
13.64799976348877,13.64799976348877,60580500,20160119,TSLA,13.666000366210938,13.64799976348877,0,0.0166759591110266,0.5166554332543462,0.0166729963788103,0.3499872103702124,0.016666992078478,0.0166684229685154,0.0166666667107256,0.0166666667169131,0.0166707356913857,0.0166689167195863,0.9246,0.9246,0.9246
13.24666690826416,13.24666690826416,87579000,20160120,TSLA,13.64799976348877,13.24666690826416,0,0.0166666666733345,0.0166666666719192,0.5166662389916963,0.0166666666723627,0.1833334173118602,0.1833309802283922,0.0166693634309941,0.0166666666735975,0.0166666666728052,0.0166666666730376,0.0,0.0,0.0
11.565333366394045,11.565333366394045,118971000,20160203,TSLA,12.185333251953123,11.565333366394045,0,0.0166666666789582,0.0166666666763554,0.0166667536066948,0.0166783398390458,0.0166684308843692,0.0166666666779721,0.0166808955695699,0.0166674446370678,0.0166666666779805,0.8499714687519861,-0.128,-0.128,-0.128
10.84000015258789,10.84000015258789,141564000,20160205,TSLA,11.68866729736328,10.84000015258789,0,0.2281842518834412,0.0200007064293445,0.0200000000100707,0.6118133314219447,0.0200000000138986,0.0200000000109981,0.0200000000108851,0.0200008760297282,0.0200000000110001,0.0200008341786883,-0.296,-0.296,-0.296
9.57800006866455,9.57800006866455,156097500,20160210,TSLA,9.883333206176758,9.57800006866455,0,0.0250000000077397,0.0250003727095129,0.2380246790706703,0.0250042457627991,0.0250000000090046,0.0250000000071212,0.0250030844987825,0.0250001528574726,0.3119675482309543,0.2749999168459422,0.0,0.0,0.0
10.031332969665527,10.031332969665527,213786000,20160211,TSLA,9.57800006866455,10.031332969665527,1,0.026046771836246027,0.026058871032856,0.10382093928197175,0.026044255698425674,0.0260460769295115,0.026043962022197102,0.0724273045433093,0.02604204734301585,0.6414231433810031,0.02604662793146315,-0.296,0.2732,-0.005699999999999997
10.344667434692385,10.344667434692385,83907000,20160216,TSLA,10.06933307647705,10.344667434692385,1,0.1695719238828386,0.1969962529884228,0.1863309383277022,0.025002641761170598,0.0250003844061184,0.21375760299041865,0.02500191923607995,0.025004156349883448,0.02500085704161735,0.10833332301574769,0.4019,0.4019,0.4019
11.118000030517578,11.118000030517578,58314000,20160218,TSLA,11.245332717895508,11.118000030517578,0,0.03750000005086145,0.03750000004006445,0.037500000042842555,0.0375000000434533,0.037500000059169654,0.16250001295346575,0.16249954854722248,0.2874999999116015,0.16250043830270844,0.03750000004861,-0.046,0.4927,0.22335000000000002
11.10533332824707,11.10533332824707,44391000,20160219,TSLA,11.118000030517578,11.10533332824707,0,0.0090910840717424,0.0090910229169543,0.2020540687028164,0.0090919616281449,0.1027463360474344,0.0090909091075809,0.349746799661839,0.1909097684445225,0.1090871403107107,0.0090909091082541,0.5267,0.5267,0.5267
11.93333339691162,11.93333339691162,80934000,20160224,TSLA,11.814000129699709,11.93333339691162,1,0.0166666666957187,0.0166671308179258,0.016680970184002,0.0166666666914965,0.0166666667004712,0.0166666666933906,0.0166670133004504,0.0166666666968515,0.0166695564278508,0.8499819957918421,0.8402,0.8402,0.8402
12.795332908630373,12.795332908630373,67485000,20160229,TSLA,12.689332962036133,12.795332908630373,1,0.0142859027299712,0.0142857142952258,0.0142857142958912,0.014285714296028,0.1571420823192517,0.0142863997198598,0.0142857142967119,0.4428572732836761,0.2999997704661303,0.0142857142972536,-0.7096,-0.7096,-0.7096
12.423333168029783,12.423333168029783,100683000,20160301,TSLA,12.795332908630373,12.423333168029783,0,0.03750000003998685,0.03750000003150765,0.03750000003370005,0.0375000000341918,0.03750000004651325,0.2874884975514184,0.0375000000364187,0.2874999998326584,0.037512128458126445,0.1624993739354779,-0.2755,0.3612,0.04285
12.555999755859377,12.555999755859377,72936000,20160302,TSLA,12.423333168029783,12.555999755859377,1,0.0250009085254992,0.0250049612213152,0.0250001374023076,0.0250000000375406,0.0250000000511541,0.3831603745910369,0.0250000000400358,0.0250000000456344,0.4168293955573665,0.0250042225281094,0.0,0.0,0.0
13.914667129516602,13.914667129516602,48129000,20160309,TSLA,13.506667137145996,13.914667129516602,1,0.019446802441256867,0.019444444452670368,0.019446226451900233,0.4518494284452208,0.019445150093109934,0.14258683189432927,0.0194448101946175,0.019447871473026134,0.10277825453509941,0.18611018001876903,0.2732,0.5707,0.3723666666666667
15.515999794006348,15.515999794006348,70677000,20160318,TSLA,15.092000007629396,15.515999794006348,1,0.0166671033598859,0.0166671411312753,0.0166666666843806,0.0166666666846136,0.0166666666911076,0.016675552552624,0.016669039548294,0.3499897652929165,0.5166565096412423,0.0166748884136599,0.0,0.0,0.0
15.342000007629396,15.342000007629396,60214500,20160329,TSLA,15.350666999816896,15.342000007629396,0,0.0200047266660387,0.0200010454793869,0.0200006398994906,0.0200006408292381,0.0200000000046094,0.0200000000036462,0.0200090550759115,0.0200000000041206,0.8199828889031592,0.0200010031343983,0.5859,0.5859,0.5859
15.12600040435791,15.12600040435791,60495000,20160330,TSLA,15.342000007629396,15.12600040435791,0,0.06369135122858258,0.039881059218445224,0.1113086514874334,0.03988276843374859,0.11130904074498678,0.18273789136398494,0.039889356665856836,0.07820900022429612,0.2422522342806585,0.09083864635200668,0.0,0.7184,0.10262857142857143
15.317999839782717,15.317999839782717,120193500,20160331,TSLA,15.12600040435791,15.317999839782717,1,0.061856535343925725,0.08852278704157332,0.02185735207354652,0.111411216560798,0.27031896078356443,0.10185639029612603,0.08852321093575823,0.02185741528965858,0.17754397740920314,0.056252154265845636,-0.2732,0.9071,0.08152000000000001
15.839332580566406,15.839332580566406,239962500,20160401,TSLA,15.317999839782717,15.839332580566406,1,0.056609965662300414,0.0643460576635842,0.17151019418529018,0.14716269233241255,0.14097313687715046,0.07107519296252898,0.11591398845603629,0.018045128957761426,0.1730794963916708,0.04128414651126433,0.0,0.9136,0.36005454545454546
16.465999603271484,16.465999603271484,202129500,20160404,TSLA,15.839332580566406,16.465999603271484,1,0.030666666692000116,0.2651454885707009,0.08951838943238262,0.030667674824791102,0.030667694380116822,0.4306628603039856,0.0306667996421509,0.030666666692966898,0.03066831395553376,0.030669445505370763,0.0,0.4497,0.35604
17.031333923339844,17.031333923339844,149230500,20160405,TSLA,16.465999603271484,17.031333923339844,1,0.3666660628537362,0.0333333333583868,0.0333333333601521,0.0333333333604988,0.0333333333703229,0.0333333333626114,0.0333333333623155,0.0333333333663874,0.3666672702418641,0.0333333333637242,0.0,0.0,0.0
17.69466781616211,17.69466781616211,175582500,20160406,TSLA,17.031333923339844,17.69466781616211,1,0.0375006860797086,0.16249938999928645,0.0375000000265469,0.0375000000269105,0.037500000036622155,0.2875073730635636,0.03750000002870285,0.28749255067955876,0.03750000002898665,0.037500000030113195,-0.4824,0.0,-0.2412
17.14666748046875,17.14666748046875,132843000,20160407,TSLA,17.69466781616211,17.14666748046875,0,0.0225037298188684,0.02250242421868985,0.43326108664117025,0.0225028995392845,0.14749794663276125,0.1474958521084522,0.0225012644947566,0.02250005212830385,0.13673000261246324,0.02250474180524975,-0.296,-0.2732,-0.28459999999999996
16.67133331298828,16.67133331298828,110458500,20160408,TSLA,17.14666748046875,16.67133331298828,0,0.1433488986245366,0.01821596039191166,0.22602342628414443,0.20121947312074645,0.018214809338436038,0.08198649213300212,0.018214715214883097,0.018216565591568562,0.2063447800316125,0.06821487926915806,0.0,0.7901,0.34004
16.661333084106445,16.661333084106445,137425500,20160411,TSLA,16.67133331298828,16.661333084106445,0,0.0250016271777312,0.0250000000049386,0.5250000838437314,0.0250000000053554,0.0250000000072898,0.0250000335690922,0.0250000000057108,0.0250000000065145,0.2749982553736457,0.0250000000059899,0.5423,0.5423,0.5423
16.92533302307129,16.92533302307129,64071000,20160418,TSLA,16.96733283996582,16.92533302307129,0,0.025000000018263,0.025000000014393,0.0250000000153903,0.5100677894607736,0.025001022489304,0.0250000000168006,0.0250000000166369,0.0250000252018698,0.0250000000168122,0.2899311627497562,0.4019,0.4019,0.4019
16.6646671295166,16.6646671295166,77911500,20160420,TSLA,16.4913330078125,16.6646671295166,1,0.2570957800377367,0.024764072491692185,0.16761263793245823,0.024762717413069586,0.024762550685127227,0.024762854153172958,0.0924315339106861,0.09619151976292907,0.26284834470493273,0.024767988908194784,-0.4576,0.8402,0.21839999999999998
16.764667510986328,16.764667510986328,48087000,20160427,TSLA,16.916000366210938,16.764667510986328,0,0.13598114975513018,0.14062210805661787,0.049531087057918276,0.015626926992699776,0.10937629304324611,0.15150917262843358,0.0156277472565647,0.0588716403730368,0.272998765075013,0.049855109761339375,-0.7366,0.743,-0.12187500000000001
16.05066680908203,16.05066680908203,81207000,20160429,TSLA,16.513999938964844,16.05066680908203,0,0.02083333334620295,0.02083342276250465,0.02083578166918585,0.22539377952699674,0.31394625362187184,0.0208333333451731,0.14892931990910094,0.1048407176200635,0.102719589452995,0.020834468745905,-0.25,-0.128,-0.189
16.1200008392334,16.1200008392334,57658500,20160502,TSLA,16.05066680908203,16.1200008392334,1,0.1916546049204116,0.025000000013610447,0.02500162282962525,0.02500033890381375,0.1916659503111286,0.025000906372887148,0.10833338154156995,0.02500104260759415,0.35834203580469504,0.025000116694663697,0.128,0.8625,0.49525
14.10200023651123,14.10200023651123,168822000,20160505,TSLA,14.837332725524902,14.10200023651123,0,0.1426108052020874,0.0125000850256749,0.0125028549226038,0.3569763984186597,0.0125000000161644,0.0125000000127818,0.2671657719602209,0.0125000348815661,0.1582438289751496,0.0125002205850911,0.5719,0.5719,0.5719
14.32866668701172,14.32866668701172,85278000,20160506,TSLA,14.10200023651123,14.32866668701172,1,0.07902994178849596,0.051734755940237256,0.1428051257617789,0.03132719740044973,0.0884701146340905,0.10046940615014059,0.0313278204095662,0.03132759693641196,0.4121806978866283,0.031327343092200234,-0.296,0.3182,0.07068571428571428
13.8186674118042,13.8186674118042,54757500,20160512,TSLA,13.93066692352295,13.8186674118042,0,0.025000000007299,0.0250000000057451,0.0250018372931429,0.0250073111917202,0.0250000000084825,0.0250000000067135,0.7749901753174823,0.0250000000075859,0.0250006761548595,0.0250000000069688,0.088,0.088,0.088
13.88599967956543,13.88599967956543,44241000,20160516,TSLA,13.84066677093506,13.88599967956543,1,0.016072220940756374,0.01607142858315795,0.19026184227611181,0.0160714841812576,0.0160717903815441,0.01607224245690685,0.11607024088413082,0.016072933773005775,0.3937919452132094,0.20344387130991887,-0.4215,0.4019,-0.110275
14.07800006866455,14.07800006866455,84262500,20160518,TSLA,13.644000053405762,14.07800006866455,1,0.023334443606762716,0.02333363720694635,0.14833715245276016,0.09632810267835189,0.2233204213364873,0.02333645441593415,0.023336923464044233,0.023335949509588002,0.07889152549477,0.33644538983435485,-0.4588,0.6808,-0.02538333333333334
14.638667106628418,14.638667106628418,46902000,20160525,TSLA,14.52733325958252,14.638667106628418,1,0.0166666666777353,0.0166666666753901,0.3499979137134664,0.0166678337395425,0.0166670678918875,0.0166666666768508,0.0166670448031153,0.1833331869160766,0.3499997721602915,0.0166671807456435,0.8313,0.8313,0.8313
15.008000373840332,15.008000373840332,61086000,20160526,TSLA,14.638667106628418,15.008000373840332,1,0.0142927086574379,0.0142894781480126,0.0142857143085964,0.0142857143089001,0.1571434697173575,0.2497678383040702,0.0142857143104368,0.178677948461974,0.3286775582256384,0.0142938555575758,0.4131,0.4131,0.4131
14.869333267211914,14.869333267211914,54754500,20160527,TSLA,15.008000373840332,14.869333267211914,0,0.015005823391212867,0.015001100939247933,0.1156601186827919,0.015001074488697868,0.015000301091190701,0.2572168972424748,0.015000000014104434,0.09438104331825341,0.4427312631811629,0.015002377650862634,-0.3291,0.5267,-0.043833333333333356
14.597332954406738,14.597332954406738,30492000,20160602,TSLA,14.637332916259766,14.597332954406738,0,0.0200000000190291,0.0200026906107342,0.2199999208521385,0.0200000000162736,0.6199864158936309,0.0200000000175027,0.0200000000173363,0.0200094088267074,0.0200006611411214,0.0200009026055254,0.6124,0.6124,0.6124
14.599332809448242,14.599332809448242,33435000,20160603,TSLA,14.597332954406738,14.599332809448242,1,0.025238958462417124,0.169161055612341,0.0609528944851457,0.40850761459827456,0.025239917870691526,0.08130710414377093,0.025240588804068098,0.1538730696101492,0.025239642770872824,0.025239153642268725,0.335,0.7906,0.56675
15.489333152770996,15.489333152770996,93204000,20160607,TSLA,14.711999893188477,15.489333152770996,1,0.0250011018083916,0.0250000000303418,0.0250000000324478,0.0250000000328998,0.3097224244054526,0.025002299303825,0.0250000000350722,0.0250000000400273,0.490274174274739,0.0250000000368023,0.0,0.0,0.0
15.701333045959473,15.701333045959473,89580000,20160608,TSLA,15.489333152770996,15.701333045959473,1,0.0166674970695863,0.0166667441717629,0.3893588795543594,0.0166675485708211,0.0166666666731572,0.0166679525251086,0.01667029462619,0.016668615159568,0.1900029293464677,0.3039628723029784,0.3612,0.3612,0.3612
15.290666580200195,15.290666580200195,67381500,20160609,TSLA,15.701333045959473,15.290666580200195,0,0.0333342371233885,0.0333333333485728,0.0333333333496425,0.0333333333498668,0.6999969354825827,0.0333333333511414,0.0333333333509524,0.0333333333534491,0.0333333333511425,0.0333354939392611,0.0,0.0,0.0
14.586000442504885,14.586000442504885,90399000,20160610,TSLA,15.290666580200195,14.586000442504885,0,0.022123338523281466,0.37346014516553994,0.2055172514915421,0.02212379809340383,0.0221265653869079,0.022123883084953833,0.022124247897933297,0.022123163182110665,0.19252924522534212,0.0957483619489843,-0.5267,0.7003,0.06136666666666668
14.513333320617676,14.513333320617676,43627500,20160615,TSLA,14.330666542053224,14.513333320617676,1,0.06047713964631102,0.01989848700020166,0.20916834476406915,0.01989825925341404,0.09132768346958524,0.17301679864979919,0.11651544146115979,0.019900947650939454,0.26989888363646075,0.01989801446805937,-0.296,0.6808,0.15237142857142857
14.364666938781738,14.364666938781738,46689000,20160617,TSLA,14.528667449951172,14.364666938781738,0,0.22835856438441957,0.08355404361658013,0.0177781857104942,0.017778503779450134,0.017778119887499232,0.017778822090868965,0.017777777803073432,0.19619533569642664,0.38522190711145515,0.017778739919732067,-0.7469,0.5719,0.06206666666666664
13.11066722869873,13.11066722869873,356136000,20160622,TSLA,14.640666961669922,13.11066722869873,0,0.0142920269525188,0.4848710695233817,0.0142878459579472,0.0142962969934848,0.0142857143138704,0.0142872581639812,0.0142857143077788,0.4008149602894666,0.0142857143079882,0.0142933991895818,-0.5994,-0.5994,-0.5994
13.236666679382324,13.236666679382324,108081000,20160627,TSLA,12.876667022705078,13.236666679382324,1,0.0291745446023898,0.02917000190833735,0.40415021031118414,0.029170829213138953,0.0291679861402371,0.0291692017092254,0.36249012028372657,0.02916823476734895,0.02916740289521535,0.0291714681691961,0.0,0.3182,0.1591
13.452667236328123,13.452667236328123,93186000,20160628,TSLA,13.236666679382324,13.452667236328123,1,0.0333333333815886,0.0333333333713216,0.3666607760894717,0.033338208758631,0.3666676815035027,0.0333333333777177,0.0333333333772229,0.033333333383424,0.0333333333777172,0.0333333333794021,0.8016,0.8016,0.8016
14.012666702270508,14.012666702270508,89923500,20160629,TSLA,13.452667236328123,14.012666702270508,1,0.11667372726708933,0.03333432630684027,0.5333135966531077,0.033333519845658875,0.0333429328028854,0.11666502540294144,0.033334957666682825,0.033333333368896725,0.033335247319809524,0.0333333333660876,-0.3506,0.6249,0.32025
14.152000427246094,14.152000427246094,72646500,20160630,TSLA,14.012666702270508,14.152000427246094,1,0.2232920294297593,0.0200000000137133,0.2199999037082422,0.0200000000116397,0.0200002885685964,0.0200000666603518,0.416707711567969,0.0200000000141597,0.0200000000125466,0.0200000000130217,0.0772,0.0772,0.0772
14.26533317565918,14.26533317565918,77629500,20160705,TSLA,14.43333339691162,14.26533317565918,0,0.022296494171049727,0.053748400265824725,0.24411879789386165,0.022291877352079926,0.022292672018926225,0.02229181450956995,0.022292188374365002,0.26386079321114786,0.22020166480872277,0.10660529739445185,-0.8555,0.5859,-0.147875
14.29599952697754,14.29599952697754,73798500,20160706,TSLA,14.26533317565918,14.29599952697754,1,0.018000000012135843,0.01800018596966122,0.7553579738700109,0.01800140561842436,0.01800000001411274,0.0580003505117479,0.0606355919134449,0.018002133784434722,0.018000443905409398,0.01800191440061748,-0.4019,0.5267,0.07972
14.45199966430664,14.45199966430664,61122000,20160708,TSLA,14.395999908447266,14.45199966430664,1,0.02250000000952845,0.1474999544714046,0.27571894802858926,0.02250000000813955,0.2725000455087886,0.022502757891368498,0.022502266578992902,0.02250000000994105,0.1692755897251744,0.02250043776807235,-0.6908,-0.6597,-0.6752499999999999
14.976667404174805,14.976667404174805,68569500,20160712,TSLA,14.985333442687988,14.976667404174805,0,0.0500000000010115,0.0500006871383278,0.5499827912160811,0.0500080012753176,0.0500000000011771,0.050000000000931,0.0500056992665422,0.0500002818036859,0.0500025392959589,0.0500000000009666,0.4926,0.4926,0.4926
14.835332870483398,14.835332870483398,53506500,20160713,TSLA,14.976667404174805,14.835332870483398,0,0.2200000036135614,0.020000000009754,0.220000086931291,0.020002180574139,0.2200002113861088,0.0200000000113859,0.2199968082403434,0.0200000000128673,0.0200000000113945,0.0200007092091543,0.4215,0.4215,0.4215
14.768667221069336,14.768667221069336,40137000,20160714,TSLA,14.835332870483398,14.768667221069336,0,0.017142857158467847,0.11714260412081945,0.514621166077234,0.0943855248390372,0.0171428571610169,0.0171428571572154,0.17099356201211224,0.0171428571590865,0.017142857157227052,0.017142857157783048,-0.6597,0.1531,-0.25329999999999997
14.69333267211914,14.69333267211914,33513000,20160715,TSLA,14.768667221069336,14.69333267211914,0,0.1195454835414454,0.028637161574478546,0.17695018530346576,0.25893540989274794,0.028636446621016762,0.08924267598495643,0.15153842201850148,0.02863636696246002,0.08924090245580313,0.028636945645124125,-0.4767,0.5574,0.06025454545454545
15.083333015441896,15.083333015441896,51181500,20160718,TSLA,14.69333267211914,15.083333015441896,1,0.021328595652790213,0.06204058428198232,0.08755259941736147,0.04173465272757092,0.045136251405039185,0.09259815157775482,0.021326713771272703,0.04533856057755733,0.46876013321902493,0.11418375736964562,-0.3818,0.8807,0.25260000000000005
15.017333030700684,15.017333030700684,46726500,20160719,TSLA,15.083333015441896,15.017333030700684,0,0.0125000573198082,0.0125000293202851,0.5026777945235439,0.0125003335203949,0.0125000000058933,0.0125000000046633,0.0125008893249865,0.0125040008122444,0.397316673751894,0.0125002214162862,0.0,0.0,0.0
15.223999977111816,15.223999977111816,38527500,20160720,TSLA,15.017333030700684,15.223999977111816,1,0.050000000007290796,0.2999999999784707,0.0500000000061418,0.0500000000062323,0.0500000000084795,0.05000000000670665,0.0500000000066407,0.050000000007579856,0.2999999999654882,0.05000000000696895,0.0,0.0,0.0
14.699999809265137,14.699999809265137,66430500,20160721,TSLA,15.223999977111816,14.699999809265137,0,0.06793688011906196,0.019405783545529,0.2961937591755994,0.14857079985080707,0.01940476192523585,0.08190303597516499,0.10837402968017235,0.019405053026933714,0.21939985974920423,0.019406036952291,-0.7717,0.8479,0.18379999999999996
14.817999839782717,14.817999839782717,38695500,20160722,TSLA,14.699999809265137,14.817999839782717,1,0.0200044293861818,0.0200112235577844,0.0200040642807079,0.8199670517631039,0.0200028103303795,0.0200004701119164,0.0200049265723732,0.0200000181143472,0.0200021035711661,0.0200029023120393,0.4019,0.4019,0.4019
15.300666809082031,15.300666809082031,51450000,20160726,TSLA,15.333999633789062,15.300666809082031,0,0.0966763014874417,0.019763470701133067,0.08924791795801701,0.06738094785404257,0.019761904781645467,0.14284744403142977,0.11694294515287297,0.10309525206868538,0.0197619047775299,0.3245219111872017,0.0,0.4215,0.14049999999999999
15.232666969299316,15.232666969299316,43335000,20160727,TSLA,15.300666809082031,15.232666969299316,0,0.0250057424323817,0.0250000000058388,0.025014177854601,0.7749788835800127,0.02500000000862,0.0250000000068192,0.025000000006752,0.0250011960910676,0.0250000000068236,0.0250000000070829,0.6204,0.6204,0.6204
15.37399959564209,15.37399959564209,36286500,20160728,TSLA,15.232666969299316,15.37399959564209,1,0.0333333333760912,0.0333333333670207,0.0333333333693683,0.3666667755858799,0.0333333333830813,0.0333333333726578,0.033333333372294,0.3666665574266592,0.0333333333727037,0.0333333333742434,0.4404,0.4404,0.4404
15.652667045593262,15.652667045593262,46062000,20160729,TSLA,15.37399959564209,15.652667045593262,1,0.024583333348406,0.14465397751692247,0.09559152014879445,0.14958473287796872,0.024583528162223298,0.02458465692275585,0.104513742762606,0.024583384298848723,0.18273863807022292,0.22458248589125124,-0.1531,0.6249,0.18014999999999998
15.272000312805176,15.272000312805176,33117000,20160809,TSLA,15.077333450317385,15.272000312805176,1,0.0216683683273629,0.3900049260586854,0.09337063698168668,0.02166901783318878,0.02166666669591414,0.2390420465034017,0.02166819761021184,0.02166734946436004,0.02166774966198794,0.14757504086320009,0.0,0.8381,0.4763
14.994000434875488,14.994000434875488,28213500,20160811,TSLA,15.043333053588867,14.994000434875488,0,0.0250000000366928,0.0250000000289236,0.2750000871325203,0.0250031077628624,0.0250000000427143,0.0250000000337481,0.0250017046300744,0.2749979131701623,0.274997187127215,0.0250000000350863,0.7177,0.7177,0.7177
14.862000465393066,14.862000465393066,30982500,20160822,TSLA,15.0,14.862000465393066,0,0.0250000000084642,0.2749914478302245,0.0250083321872616,0.0250000000072331,0.0250000000098389,0.0250000000077805,0.0250000000077143,0.0250000000087969,0.2750001283293747,0.2750000916033109,-0.4588,-0.4588,-0.4588
14.989333152770996,14.989333152770996,71766000,20160823,TSLA,14.862000465393066,14.989333152770996,1,0.0250005843801077,0.0250004937569904,0.2749942352939067,0.1500000530258743,0.39998551703045215,0.02500000001272595,0.0250033202967358,0.02501007692748115,0.0250005593494399,0.02500515992628545,0.0,0.0,0.0
14.089332580566406,14.089332580566406,47533500,20160830,TSLA,14.346667289733888,14.089332580566406,0,0.3499985434973389,0.0166675243340459,0.0166671915270182,0.0166677069701166,0.1833342400438886,0.1833329883679219,0.0166683021765138,0.0166666667065958,0.0166680217713007,0.1833288146052594,0.6908,0.6908,0.6908
14.133999824523926,14.133999824523926,49147500,20160831,TSLA,14.089332580566406,14.133999824523926,1,0.2642791155603986,0.30821609751085777,0.019591181645574024,0.01958506709873,0.019583454932763526,0.019584171798946424,0.13937230188628344,0.0195833931438004,0.019583963303890152,0.1706212531187554,0.0,0.5106,0.2553
13.38466739654541,13.38466739654541,119146500,20160901,TSLA,14.133999824523926,13.38466739654541,0,0.023148831391031133,0.0231481481710339,0.30092532156423474,0.0231482330089865,0.10648118248433341,0.0231488610262959,0.13425789187676515,0.11825431803375207,0.22433893390685747,0.023148278536709335,-0.3182,-0.1198,-0.21343333333333336
12.964667320251465,12.964667320251465,56355000,20160909,TSLA,13.157333374023438,12.964667320251465,0,0.10633497080444407,0.026335901009504902,0.02633339475285968,0.02633419943490058,0.026335588598054998,0.02633816885838622,0.359661358744128,0.0263334316371463,0.2596600283308069,0.1163329578297679,-0.7264,0.8074,-0.0043400000000000105
13.06999969482422,13.06999969482422,53841000,20160913,TSLA,13.220000267028809,13.06999969482422,0,0.018707483003455587,0.018707716920291356,0.2567996763211548,0.018708206944016127,0.018707872063425984,0.23299312852490628,0.018707826500287,0.01870857852754956,0.14115417266049618,0.25680533853441656,-0.8555,0.743,0.07532857142857143
13.69333267211914,13.69333267211914,46617000,20160916,TSLA,13.361332893371582,13.69333267211914,1,0.05966645380508094,0.11966728918582407,0.19299859306126982,0.01966825544371218,0.05966870804123873,0.05967092643696763,0.06966542437188797,0.01966704751099746,0.18871405056357882,0.21061325157944183,-0.2263,0.5562,0.20784000000000002
13.6813325881958,13.6813325881958,39502500,20160921,TSLA,13.642666816711426,13.6813325881958,1,0.1417383177576357,0.09105674440485086,0.05661889458032984,0.06218194872913248,0.021975401462697938,0.06975075295050986,0.06118655850257404,0.179720833595563,0.2340854692783575,0.08168507873834831,-0.5574,0.7096,0.11965454545454546
13.76200008392334,13.76200008392334,35743500,20160922,TSLA,13.6813325881958,13.76200008392334,1,0.0657819967431907,0.0917326536771527,0.13269411104597398,0.2638478227944381,0.018981481493046803,0.018982188341239367,0.1300915087128072,0.1288138613704926,0.13009235882049228,0.018982017001165766,-0.296,0.0258,-0.09006666666666667
13.829999923706056,13.829999923706056,43578000,20160923,TSLA,13.76200008392334,13.829999923706056,1,0.3666663918716873,0.0333333333529019,0.0333375731112123,0.0333333333545765,0.0333333333622246,0.0333363921120132,0.0333333333559564,0.033336955503228,0.0333333333561985,0.3666560206200009,0.4404,0.4404,0.4404
13.932666778564451,13.932666778564451,35916000,20160926,TSLA,13.829999923706056,13.932666778564451,1,0.3040401936352281,0.011777777786838601,0.011778123491703301,0.01177855151972158,0.01177811658061974,0.08892953360413976,0.07329802408728467,0.18883882173033006,0.2614828518002172,0.03629800576391648,-0.34,0.0,-0.1272
13.720666885375977,13.720666885375977,50598000,20160927,TSLA,13.932666778564451,13.720666885375977,0,0.3199051404214854,0.02361120150787395,0.023612518961597665,0.023611376007997186,0.08938687809873835,0.24332852906103455,0.10694476159935314,0.023612336565134767,0.1038517247040472,0.04213553307273726,0.0,0.4404,0.0734
13.751333236694336,13.751333236694336,31326000,20160928,TSLA,13.720666885375977,13.751333236694336,1,0.0222239471456448,0.022224581863900833,0.050000229009091485,0.022226726445661604,0.11437817487206908,0.10555562121140039,0.16882927660964098,0.10555540983187923,0.10555494977916659,0.28345108323154455,-0.7579,0.8779,0.3627500000000001
14.093999862670898,14.093999862670898,53122500,20161004,TSLA,14.24666690826416,14.093999862670898,0,0.0142861016740747,0.0142885997562643,0.0142857143062002,0.0142882180969419,0.0142857143139727,0.0142857143081119,0.1571402629607896,0.014286037665134,0.0142857143080794,0.7285679226104309,0.0,0.0,0.0
13.897333145141602,13.897333145141602,28162500,20161005,TSLA,14.093999862670898,13.897333145141602,0,0.0250038524941056,0.0250005366653555,0.0250031647671147,0.0250000000087761,0.5249707304061402,0.0250103572527829,0.0250000000093523,0.0250027115666456,0.0250169732451412,0.2749916735845855,0.8573,0.8573,0.8573
13.399999618530272,13.399999618530272,70551000,20161006,TSLA,13.897333145141602,13.399999618530272,0,0.0177798183024003,0.017779791985811734,0.13487067919196502,0.08444333240529737,0.017778471311329633,0.08444445440519327,0.01778343155579627,0.4844333891135353,0.12290440448230566,0.017782227246365065,0.2023,0.296,0.23353333333333334
13.107333183288574,13.107333183288574,52395000,20161007,TSLA,13.399999618530272,13.107333183288574,0,0.02533580044586326,0.02533415792371786,0.39523267224115616,0.02533377304253978,0.29198306422152837,0.0253353514236407,0.06533307612238748,0.025333354622794242,0.09544198814701117,0.0253367618093606,0.0,0.0,0.0
13.396666526794434,13.396666526794434,49744500,20161010,TSLA,13.107333183288574,13.396666526794434,1,0.01952524663065558,0.3631241727917852,0.2544114128406617,0.019524810831967422,0.08619113959029405,0.08388585989392712,0.019526100779864178,0.01952740656975462,0.01952398156953216,0.11475986850155744,-0.5859,0.4215,-0.26724
13.570667266845703,13.570667266845703,104868000,20161019,TSLA,13.273332595825195,13.570667266845703,1,0.018889922273711498,0.018889291867081732,0.11073978522346827,0.28235869343054126,0.018895808362120434,0.018890372285531934,0.15677750870081267,0.07467513803574063,0.28099315523446083,0.018890324586530168,-0.4019,0.0,-0.13396666666666665
13.273332595825195,13.273332595825195,76093500,20161020,TSLA,13.570667266845703,13.273332595825195,0,0.02176732070372631,0.04767513363796167,0.16595084116322892,0.12564275913202724,0.11679882981674156,0.04260075993906114,0.2837250380937434,0.021766042633648883,0.10580935163073606,0.06826392324912445,-0.024,0.5859,0.13640833333333333
13.600666999816896,13.600666999816896,196405500,20161027,TSLA,13.482666969299316,13.600666999816896,1,0.02533748363510562,0.14353022549229327,0.02533403397790194,0.5204593816024475,0.02533346407104754,0.025333333350452902,0.1586666246848963,0.0253347913900841,0.025336933824127876,0.025333727971642538,0.0,0.3182,0.06364
12.494667053222656,12.494667053222656,39795000,20161103,TSLA,12.534667015075684,12.494667053222656,0,0.02444811081704343,0.15777403548351496,0.15777958547627022,0.024447262032516136,0.02445089196434443,0.24665133943913786,0.02444513108885447,0.0244460997870078,0.22444304660091421,0.0911144973103961,-0.3612,0.8398,0.2506
12.70400047302246,12.70400047302246,77190000,20161104,TSLA,12.494667053222656,12.70400047302246,1,0.10646451650756847,0.10084620834450451,0.11489422466404352,0.09868081845558019,0.04066304789156299,0.09468088214818675,0.07439213526784995,0.06120783460284177,0.18139703402146615,0.12677329809639523,-0.3612,0.775,0.26281666666666664
12.880666732788086,12.880666732788086,58051500,20161107,TSLA,12.70400047302246,12.880666732788086,1,0.0250000000164889,0.0250041241041216,0.0250016131875077,0.0250000000140738,0.0250000000191677,0.490016340783118,0.0250000000150071,0.0250000000171392,0.0250000000151635,0.3099779218282123,0.8266,0.8266,0.8266
12.26200008392334,12.26200008392334,51516000,20161116,TSLA,12.251333236694336,12.26200008392334,1,0.030666928168619656,0.04835558513428264,0.1252463507865979,0.03066841273076514,0.03066875555416106,0.03067053102811628,0.2860814118149933,0.03066727002256,0.35630703617411974,0.03066771858578386,0.4404,0.6096,0.5219400000000001
12.577333450317385,12.577333450317385,73306500,20161117,TSLA,12.26200008392334,12.577333450317385,1,0.219999378087917,0.0200000000152749,0.0200000000163377,0.4199991300279348,0.0200000450268293,0.0200000000178335,0.0200000000176583,0.2200000959786248,0.0200000000178474,0.0200013507937416,0.7088,0.7088,0.7088
12.334667205810549,12.334667205810549,78154500,20161118,TSLA,12.577333450317385,12.334667205810549,0,0.0333334048168523,0.0333338685145458,0.033334050791241,0.033333333336104,0.0333334536600843,0.0333333333363172,0.6999961099916235,0.0333333333367043,0.0333357788263516,0.0333333333901755,0.0,0.0,0.0
12.744667053222656,12.744667053222656,84051000,20161122,TSLA,12.3013334274292,12.744667053222656,1,0.026667799607781997,0.02666666667692815,0.026666666677642246,0.3933300715543543,0.02666722762750635,0.026667480310119153,0.026672529411637252,0.026666666680205252,0.22666342260038494,0.19333146885343985,-0.1189,0.4588,0.16995
12.125332832336426,12.125332832336426,76896000,20161201,TSLA,12.626667022705078,12.125332832336426,0,0.3323302328695492,0.0166666666791858,0.1833330025074083,0.0166672465351955,0.0166666666851464,0.0166741051389658,0.0166666666811402,0.0166666666831839,0.3676620795383709,0.0166666666818535,0.0,0.0,0.0
13.896666526794434,13.896666526794434,46666500,20161222,TSLA,13.846667289733888,13.896666526794434,1,0.010371818413286235,0.19604735858118919,0.5435303159965684,0.18782633807504426,0.010370462858381934,0.010370843167181766,0.010370700154351367,0.010370668416752467,0.010371041450838466,0.010370452886405567,0.4404,0.6808,0.6006666666666667
14.22266674041748,14.22266674041748,70057500,20161223,TSLA,13.896666526794434,14.22266674041748,1,0.08081409348459713,0.018058982175788666,0.565198551146989,0.018055631650989598,0.018056084115059,0.018061769906934866,0.22758720698091986,0.0180555570457332,0.018056135907815532,0.018055987585172767,-0.1531,0.6369,0.3654
15.116666793823242,15.116666793823242,88675500,20170105,TSLA,15.13266658782959,15.116666793823242,0,0.0111117582527556,0.0111132293256756,0.0111119500430758,0.0111114513279063,0.0111116913065988,0.0111112449083755,0.0111120174013962,0.0111111111151213,0.8999938360365398,0.0111117102825546,-0.34,-0.34,-0.34
15.324666976928713,15.324666976928713,54900000,20170110,TSLA,15.41866683959961,15.324666976928713,0,0.0250014125122114,0.0250028361471607,0.4478852673366237,0.0250084801621363,0.0250000000457143,0.3520839187104446,0.0250077262830057,0.0250000000408716,0.0250085357001223,0.0250018230617088,0.0,0.0,0.0
15.315333366394045,15.315333366394045,54762000,20170111,TSLA,15.324666976928713,15.315333366394045,0,0.2989535167115446,0.0100009099810429,0.1876279703673041,0.0100014550466101,0.010000000014474,0.0100000000114568,0.3271003930069514,0.1263119951521218,0.0100001572160975,0.0100036024923964,0.7269,0.7269,0.7269
15.305999755859377,15.305999755859377,56853000,20170112,TSLA,15.315333366394045,15.305999755859377,0,0.044871851907358276,0.2867293873408007,0.22885643165580913,0.043655082604501086,0.08677840814506885,0.02011111112706494,0.07564600513139122,0.0201127729719348,0.1731268711382436,0.02011207797782686,0.0,0.9246,0.44084
16.250667572021484,16.250667572021484,115984500,20170119,TSLA,15.890666961669922,16.250667572021484,1,0.18755583853559193,0.08777543455066858,0.3650529860386155,0.02419221378329572,0.02419095906328048,0.024190954394565818,0.024192807830470918,0.07021111100875552,0.1684471362508074,0.02419055854394756,-0.0772,0.6124,0.3358
16.594667434692383,16.594667434692383,93943500,20170123,TSLA,16.315332412719727,16.594667434692383,1,0.0200013017507095,0.0200000000076825,0.4200001795941071,0.020000000008327,0.0200000000113341,0.0200000000089666,0.2199998776531948,0.0200000000101317,0.2199986409462267,0.0200000000093194,0.7351,0.7351,0.7351
16.974000930786133,16.974000930786133,74482500,20170124,TSLA,16.594667434692383,16.974000930786133,1,0.07425383492143885,0.10326545471948641,0.08228946820901832,0.2227207229543522,0.14785613838207176,0.023333586989512618,0.13969371231136044,0.05458067388690959,0.07888879620273705,0.0731176114231124,0.4019,0.8705,0.6427166666666667
16.96466636657715,16.96466636657715,77139000,20170125,TSLA,16.974000930786133,16.96466636657715,0,0.2078100490875722,0.04133427881611293,0.02133341587430137,0.06133369124386708,0.0546670842604296,0.07466675431844144,0.15686472958845052,0.02133362319040235,0.06932344596249304,0.291332927657929,-0.4215,0.7184,0.26248
16.863332748413086,16.863332748413086,47494500,20170127,TSLA,16.833999633789062,16.863332748413086,1,0.3148301536378068,0.0187505377460216,0.01876604010475265,0.01875000001352305,0.0187521221437124,0.01875130610792705,0.21646748350256578,0.0187500567874608,0.08745166915964475,0.26873063079658466,0.3612,0.891,0.6261
16.708667755126953,16.708667755126953,57016500,20170130,TSLA,16.863332748413086,16.708667755126953,0,0.0173339864515513,0.01733423245770368,0.017334155873399402,0.08377239452218312,0.057333368154421735,0.14414922864787222,0.017333744545696958,0.0907428104105828,0.06733300231092076,0.4873330766256675,0.2023,0.9661,0.55176
16.795333862304688,16.795333862304688,61741500,20170131,TSLA,16.708667755126953,16.795333862304688,1,0.025000000028655,0.0250121699810818,0.0250033190293013,0.0250000000245003,0.0250000000333343,0.025008323944606,0.0250009472526537,0.7749577944954407,0.0250054278558497,0.0250120173545768,-0.4019,-0.4019,-0.4019
17.165332794189453,17.165332794189453,63672000,20170207,TSLA,17.184667587280273,17.165332794189453,0,0.04548641106881593,0.01893991478264364,0.09393998212475947,0.06454668687774912,0.01893975944538095,0.01894003397734116,0.05666651636922211,0.04394035183856058,0.47076525735224806,0.16783508616327855,-0.296,0.6705,0.1199125
17.472000122070312,17.472000122070312,58995000,20170208,TSLA,17.165332794189453,17.472000122070312,1,0.0208336801521361,0.02083663110672335,0.020833524363321,0.0208382086582007,0.02083340638498565,0.02083375341421475,0.10416623899134951,0.020833497037218297,0.3958281111768454,0.3541629487150048,0.0,0.0,0.0
17.948667526245117,17.948667526245117,54295500,20170210,TSLA,17.946666717529297,17.948667526245117,1,0.0138889444444843,0.0138904153114064,0.08487340094865585,0.01389075611824415,0.01388895498170415,0.2638890310870011,0.013889918133052149,0.01388893990318295,0.554010750172659,0.0138888888996094,0.0,0.3182,0.1591
18.65066719055176,18.65066719055176,74218500,20170215,TSLA,18.73200035095215,18.65066719055176,0,0.02310975075150595,0.05017496359025295,0.29185224827170747,0.023107227142783626,0.04569310982924778,0.02310934181209635,0.07483811436788833,0.23155098651123035,0.2134537772666551,0.023110480456631777,0.3595,0.765,0.599575
17.93000030517578,17.93000030517578,106159500,20170216,TSLA,18.65066719055176,17.93000030517578,0,0.02121236207198695,0.0212121212189231,0.02121258181410175,0.0212222672004707,0.06773318016034224,0.02121558288730895,0.021214216737074,0.35452720785703773,0.42923525078516994,0.0212152292675842,0.0,0.8734,0.4367
18.148666381835938,18.148666381835938,93856500,20170217,TSLA,17.93000030517578,18.148666381835938,1,0.0250014050346803,0.025000000020893,0.0250000000223602,0.0250000000226586,0.2749913308327407,0.025000000024389,0.2749997606679245,0.0250086124586531,0.2749988908903583,0.025000000025342,0.0644,0.0644,0.0644
17.06599998474121,17.06599998474121,223728000,20170223,TSLA,18.233999252319336,17.06599998474121,0,0.0200000000029761,0.020000445637062,0.0200151976446058,0.020005080474802,0.0200000000034626,0.0200000000027384,0.0200036900553484,0.0200001827544364,0.8199751259315633,0.0200002774930046,0.5719,0.5719,0.5719
17.133333206176758,17.133333206176758,122574000,20170224,TSLA,17.06599998474121,17.133333206176758,1,0.5024868470562815,0.0608370407924504,0.019169797044201374,0.060833808268822974,0.019167541862247277,0.019167443294192576,0.1691690497068752,0.1108329339261625,0.0191679675594673,0.0191675704892984,0.3182,0.6808,0.4394
16.666000366210938,16.666000366210938,91171500,20170228,TSLA,16.415332794189453,16.666000366210938,1,0.0250000000342327,0.0250000000269417,0.0250000000288345,0.0250034825630876,0.0250000000397954,0.7749881097201843,0.0250084074871667,0.0250000000355589,0.0250000000314956,0.0250000000327022,-0.4023,-0.4023,-0.4023
16.246000289916992,16.246000289916992,45994500,20170310,TSLA,16.32666778564453,16.246000289916992,0,0.014168578399573079,0.014167572667000078,0.40785008860000865,0.11769328395427356,0.04845689133573068,0.01416666668381652,0.08651245163952491,0.08699010889956292,0.19582708894723727,0.014167268873271941,0.0,0.4588,0.22640000000000002
17.200000762939453,17.200000762939453,113976000,20170314,TSLA,16.411333084106445,17.200000762939453,1,0.0250000000394959,0.0250037877482933,0.2749957448671127,0.0250000000337848,0.275000870939367,0.0250000000363619,0.025000000036003,0.2749960114959373,0.0250000000363561,0.0250035847672875,0.0,0.0,0.0
17.000667572021484,17.000667572021484,60889500,20170322,TSLA,16.711999893188477,17.000667572021484,1,0.02500081690155685,0.1579071089450231,0.02500058069323565,0.0250024897334533,0.0250020730015872,0.6420773281330387,0.025006176155943048,0.025001998673318298,0.02500000001303735,0.0250014277498061,-0.296,0.0,-0.148
16.985332489013672,16.985332489013672,49803000,20170323,TSLA,17.000667572021484,16.985332489013672,0,0.0333579267916908,0.699962025638318,0.0333370727444346,0.033333333345091,0.0333333333493262,0.0333333333459823,0.0333333333458541,0.0333333333476271,0.0333429747452097,0.0333333333464658,0.3612,0.3612,0.3612
17.54400062561035,17.54400062561035,84709500,20170324,TSLA,16.985332489013672,17.54400062561035,1,0.04212928058644466,0.06995112022543161,0.16769083892518247,0.09459955448547387,0.11078770144824407,0.07786830631387391,0.12583420756294225,0.030053385940632102,0.2083458614321637,0.07273974307961094,-0.8316,0.7184,0.12382727272727272
18.49666786193848,18.49666786193848,119814000,20170328,TSLA,18.014667510986328,18.49666786193848,1,0.1829996620005947,0.15632785604605617,0.02300081873383076,0.02300036185628504,0.0563338829669639,0.1563337185633032,0.02300364617404784,0.02300048100984798,0.18300022582974806,0.17299934681932205,-0.5267,0.4588,-0.013579999999999991
18.492000579833984,18.492000579833984,55143000,20170329,TSLA,18.49666786193848,18.492000579833984,0,0.11339229498834025,0.019644725436831698,0.5892468056248181,0.019642857158799452,0.0196431321094108,0.15985439674643567,0.01964594878584745,0.0196428571622583,0.0196428571600396,0.01964412482721815,0.0,0.0,0.0
18.527999877929688,18.527999877929688,62226000,20170330,TSLA,18.492000579833984,18.527999877929688,1,0.018518802758818963,0.018518684173170333,0.1131964623498986,0.2594708773807261,0.0185189627611297,0.17729288559004197,0.018520622280457366,0.0185185864630398,0.14606088757240154,0.2113832286703152,0.0,0.5697,0.37979999999999997
18.553333282470703,18.553333282470703,49419000,20170331,TSLA,18.527999877929688,18.553333282470703,1,0.016606362638479328,0.01660575760473357,0.21970311351032093,0.0166046442128812,0.17009324739005074,0.09449440321953671,0.03714114390524326,0.08803088625809771,0.30370094032489686,0.03701950093575933,0.0,0.8172,0.4139428571428571
19.90133285522461,19.90133285522461,208329000,20170403,TSLA,18.553333282470703,19.90133285522461,1,0.0380952381072077,0.13626223666169834,0.038095238105322636,0.038095238105461136,0.038095424388794034,0.03809571916049387,0.03809569683268047,0.22563939353982687,0.37142875492212424,0.0380970601763902,0.0,0.0,0.0
20.16933250427246,20.16933250427246,68694000,20170407,TSLA,19.913333892822266,20.16933250427246,1,0.023611404652930063,0.023612040844351336,0.0236123606374284,0.023611539895638564,0.023611893056407134,0.13472231658324638,0.12955419783741634,0.023611236414005168,0.5704418989554685,0.023611111123107636,0.0,0.6486,0.21619999999999998
19.78933334350586,19.78933334350586,90760500,20170412,TSLA,20.58066749572754,19.78933334350586,0,0.024446346801750663,0.33554615125584103,0.3577750237427912,0.13555575574386297,0.024444444466801867,0.024444444462115633,0.0244446497661627,0.024452399051948334,0.024444505778245796,0.024446278930479303,0.0,0.5859,0.32926666666666665
20.26666641235352,20.26666641235352,139269000,20170413,TSLA,19.78933334350586,20.26666641235352,1,0.4041813804849998,0.014286293851753,0.0142968504078434,0.4815162879231867,0.0142862350576229,0.0142861855274498,0.0142873609300658,0.0142865239620235,0.0142871675640536,0.014285714291001,0.4767,0.4767,0.4767
20.01666641235352,20.01666641235352,45535500,20170418,TSLA,20.09600067138672,20.01666641235352,0,0.0200000000127264,0.0200045444437564,0.6199948843900461,0.02000000001087,0.0200000000147969,0.0200007167355775,0.2199998543551084,0.020000000013226,0.020000000011729,0.0200000000121629,0.1779,0.1779,0.1779
20.53533363342285,20.53533363342285,76252500,20170424,TSLA,20.37333297729492,20.53533363342285,1,0.0250000000177591,0.0250009459617373,0.0250000000149758,0.0250028653035316,0.774978478696702,0.025000000016367,0.0250000000161933,0.0250000000184647,0.0250000000163458,0.0250177099379231,0.9638,0.9638,0.9638
21.52199935913086,21.52199935913086,132444000,20170501,TSLA,20.9379997253418,21.52199935913086,1,0.16695703888289892,0.0178573258979704,0.16637546596448619,0.0178571437789539,0.06758967153303166,0.10791739208732715,0.017857743749462866,0.017857310884181632,0.4018737643484702,0.0178571428732166,-0.34,0.34,0.0172
20.55666732788086,20.55666732788086,122659500,20170505,TSLA,19.69733238220215,20.55666732788086,1,0.0500000000189016,0.05000111922589965,0.05000000001593485,0.050000000016147426,0.050000000021977575,0.050000000017412,0.050000000017582376,0.424998880720296,0.050000000017389024,0.17499999992845922,0.0,0.3818,0.265275
21.417333602905277,21.417333602905277,145147500,20170509,TSLA,20.47933387756348,21.417333602905277,1,0.0200053376800137,0.0200000000200601,0.6199998965484927,0.0200000000217558,0.0200000000296023,0.2199936647995898,0.0200000000231812,0.0200000000264529,0.0200011008265318,0.0200000000243189,-0.5994,-0.5994,-0.5994
21.68133354187012,21.68133354187012,86124000,20170510,TSLA,21.417333602905277,21.68133354187012,1,0.022396031020718674,0.06406443801721722,0.02239735982366835,0.5136061154151229,0.04736901421862975,0.022396678899175276,0.14403712537586694,0.05644055202138147,0.08489679944589856,0.0223958857623204,-0.5574,0.6249,0.086975
21.540000915527344,21.540000915527344,71307000,20170511,TSLA,21.68133354187012,21.540000915527344,0,0.1833337177121347,0.3500000592618898,0.0166666666893605,0.0166666666896836,0.0166666666979963,0.0166666666914417,0.1833324382539816,0.1833337846196428,0.0166666666914566,0.0166666666924119,0.1779,0.1779,0.1779
21.65399932861328,21.65399932861328,61824000,20170512,TSLA,21.540000915527344,21.65399932861328,1,0.36814252842560474,0.02159631605518168,0.02159699649528426,0.09260138441635032,0.07159560047848848,0.036306387013466355,0.2613437740451273,0.08362593347478516,0.02159558196092948,0.021595497634781798,-0.4215,0.0,-0.10579000000000001
20.40733337402344,20.40733337402344,100678500,20170517,TSLA,21.13400077819824,20.40733337402344,0,0.4199901464025981,0.0200000000108466,0.0200000000115984,0.0200000093054851,0.0200000000160218,0.0200085139324744,0.0200000000125432,0.4199996709050285,0.0200000000126764,0.0200016593907268,0.0,0.0,0.0
20.722000122070312,20.722000122070312,70314000,20170519,TSLA,20.87066650390625,20.722000122070312,0,0.02250136950589235,0.07250161123801548,0.47175703195493174,0.022503066289909376,0.13573243856329759,0.022500000017324825,0.1849991070467475,0.022502312795853525,0.022500962921999226,0.022502099666028,0.0116,0.6652,0.285025
20.690000534057617,20.690000534057617,64938000,20170522,TSLA,20.722000122070312,20.690000534057617,0,0.039490982341496526,0.07248569998658592,0.34388821236781236,0.08855835283679812,0.08045040618812481,0.05732866409674077,0.097823853706252,0.07418398803876884,0.07532361725236146,0.07046622318505871,-0.3291,0.8151,0.3275611111111111
20.257333755493164,20.257333755493164,64776000,20170523,TSLA,20.690000534057617,20.257333755493164,0,0.02222303034944885,0.1888899469599525,0.1404970604250685,0.13332913344675484,0.02222224261629865,0.18888896957488124,0.022223428223205752,0.0222240043666293,0.23727970939044452,0.0222224746473154,-0.296,0.8439,0.27395
20.68133354187012,20.68133354187012,75499500,20170524,TSLA,20.257333755493164,20.68133354187012,1,0.22249847454579957,0.02250344389559495,0.3556374208260715,0.02250000000429655,0.1225011193844178,0.02250102484881255,0.02250108372890075,0.022500000005226048,0.0225000000046272,0.1643574327562527,0.3182,0.5994,0.4588
21.121999740600582,21.121999740600582,75210000,20170525,TSLA,20.68133354187012,21.121999740600582,1,0.5714187567686352,0.06349238082634306,0.0158731392502915,0.0158730676438985,0.015879971717048167,0.06634514536879293,0.015873328359315635,0.0158730158850789,0.20349817829668126,0.0158730158839144,0.3612,0.4939,0.4054333333333333
21.676000595092773,21.676000595092773,117033000,20170526,TSLA,21.121999740600582,21.676000595092773,1,0.0250000000461475,0.0250000000363631,0.0250000000388831,0.0250000000394447,0.0250036671299638,0.025014665164262,0.7749721946604745,0.0250094727978875,0.025000000042472,0.0250000000441013,0.34,0.34,0.34
22.733999252319336,22.733999252319336,149451000,20170531,TSLA,22.34000015258789,22.733999252319336,1,0.03958375339354715,0.1229172093086507,0.03958333334823565,0.2895829956484909,0.039583877829491826,0.0395833333496002,0.31041524750012917,0.039583582921975474,0.03958333334961557,0.03958333335026305,-0.1531,0.0,-0.038275
22.691333770751957,22.691333770751957,114120000,20170601,TSLA,22.733999252319336,22.691333770751957,0,0.08399879267539065,0.01733616922713278,0.35066520226999165,0.15067066970459625,0.01733394898211102,0.017333333352451456,0.05927623914396381,0.08400056165229422,0.01733333335246608,0.20205174963960176,-0.3412,0.5859,0.17644
23.15466690063477,23.15466690063477,101766000,20170605,TSLA,22.656667709350582,23.15466690063477,1,0.07551164109276245,0.2183662355573854,0.027891856974073172,0.22181204348476388,0.0755103766734783,0.15029468309928048,0.14693719296017912,0.02789348250015874,0.027891319181835756,0.027891168476082258,-0.5267,0.0772,-0.06561428571428571
23.523332595825195,23.523332595825195,166302000,20170606,TSLA,23.15466690063477,23.523332595825195,1,0.13722202115127832,0.0261169058264831,0.1927767129156472,0.1372051230692189,0.026116172094424298,0.0261164259942519,0.10944818899330143,0.2927681974407334,0.0261160359999294,0.026114216514731697,0.0,0.5719,0.19063333333333332
23.976667404174805,23.976667404174805,140970000,20170607,TSLA,23.523332595825195,23.976667404174805,1,0.2346770873686291,0.059792024614869654,0.028543300195647686,0.02854483274183409,0.07021002349338845,0.05354208637348325,0.15354029936854993,0.1119853201235016,0.23062290006308248,0.028542125657013362,-0.8074,0.7269,0.058687500000000004
24.666667938232425,24.666667938232425,135922500,20170608,TSLA,23.976667404174805,24.666667938232425,1,0.03877789907779706,0.10568198062288883,0.2838837712562258,0.08644053726025855,0.0298495757582047,0.15870410750894878,0.11935561762232824,0.029850299951600764,0.08766405887694512,0.059792152064801735,-0.1027,0.7717,0.25904375
23.821332931518555,23.821332931518555,258921000,20170609,TSLA,24.666667938232425,23.821332931518555,0,0.06341524947119469,0.16606956884051727,0.16839985268322322,0.059408231598711,0.02294105539115211,0.05210798111642756,0.07432446842679598,0.08904130490974271,0.19009724874007508,0.11419503882215998,-0.8126,0.8622,-0.006579999999999986
25.06333351135254,25.06333351135254,177118500,20170613,TSLA,23.93400001525879,25.06333351135254,1,0.01936314384380044,0.3507826414606214,0.01935842156893854,0.01935791135927916,0.11101619471162918,0.01935729721904746,0.08978473306646766,0.01935722010967548,0.33226412356642354,0.01935831309411664,0.25,0.705,0.56924
25.37733268737793,25.37733268737793,192276000,20170614,TSLA,25.06333351135254,25.37733268737793,1,0.01547619050355635,0.015485926043296749,0.015476645651391799,0.5152581865902136,0.18222219005196272,0.0154763169754949,0.015476677558388,0.1941727329354835,0.01547619050138925,0.015478943188822598,0.4767,0.4767,0.4767
24.76000022888184,24.76000022888184,100965000,20170616,TSLA,25.022666931152344,24.76000022888184,0,0.14131081767846917,0.07882056087518122,0.1933964956545814,0.016319731964046024,0.016319791322021125,0.4315155158915204,0.016322422888209974,0.016322980048814575,0.07335223920971558,0.016319444467440176,-0.1027,0.6908,0.404725
24.65333366394043,24.65333366394043,98239500,20170619,TSLA,24.76000022888184,24.65333366394043,0,0.0200019501489712,0.0200000000122616,0.4175987437422437,0.020000000013297,0.0200000000180975,0.0200010376660249,0.0200058412079864,0.0200003280281889,0.2200000087270491,0.2223920904358793,-0.296,-0.296,-0.296
24.81599998474121,24.81599998474121,111580500,20170620,TSLA,24.65333366394043,24.81599998474121,1,0.09481861895001603,0.018333611768155976,0.13731222318385056,0.14184840415132133,0.0183333750372854,0.0183364906558087,0.059603626481720254,0.07147377928114783,0.08082871231244505,0.35911115817824846,-0.3535,0.6258,0.0981
25.09333229064941,25.09333229064941,73848000,20170621,TSLA,24.81599998474121,25.09333229064941,1,0.2101609665082704,0.07329569629043356,0.1840395361633711,0.05751745097526435,0.01079900818701085,0.0107958593224151,0.0107979133821488,0.010796085674210601,0.4210008498767347,0.01079663362014025,-0.5267,0.0531,-0.23679999999999998
25.507333755493164,25.507333755493164,112947000,20170622,TSLA,25.09333229064941,25.507333755493164,1,0.025000455958869253,0.0250003152366944,0.02500026589176975,0.025000000017643,0.2923762739764201,0.0250000000160592,0.0250002880574189,0.1916673006763284,0.34095510015210867,0.025000000016687847,-0.4125,0.6474,0.11745
25.56333351135254,25.56333351135254,96687000,20170623,TSLA,25.507333755493164,25.56333351135254,1,0.0886275387356025,0.0827777673392374,0.10784514638069473,0.0827798161785612,0.05154938434003753,0.13849668446476254,0.02027970521582825,0.07027636698596482,0.20531662202208842,0.15205096833722218,0.0,0.7644,0.43385
25.166000366210938,25.166000366210938,99061500,20170626,TSLA,25.56333351135254,25.166000366210938,0,0.4348097380462706,0.0125006686663704,0.012500134290911898,0.05416569420680575,0.0125004456710713,0.01250053502950525,0.01250000001113055,0.0958327034671049,0.3401895702189241,0.01250051039190465,-0.4215,0.5187,0.04860000000000003
24.74933242797852,24.74933242797852,94537500,20170628,TSLA,24.15800094604492,24.74933242797852,1,0.4583309704372126,0.20833335174082007,0.0416666666710421,0.04166666667109955,0.04166666667270155,0.041669011120595054,0.041666666671396055,0.0416666666720612,0.04166666667144645,0.041666666671624955,-0.5423,0.0,-0.27115
24.049999237060547,24.049999237060547,123315000,20170629,TSLA,24.74933242797852,24.049999237060547,0,0.0333333333527972,0.033333333348682,0.0333333333497433,0.0333333333499683,0.3417236952772691,0.0333333333512408,0.0333333333510841,0.0333381420916355,0.0333333333512583,0.3916048291763209,0.0,0.0,0.0
24.107332229614254,24.107332229614254,87727500,20170630,TSLA,24.049999237060547,24.107332229614254,1,0.2378743965131735,0.0166726958428325,0.2954441455949728,0.0166695281864553,0.0166684431547929,0.3499970624782156,0.0166699159632626,0.0166673144800393,0.0166679965124903,0.0166685012737649,0.0,0.0,0.0
23.507999420166016,23.507999420166016,94581000,20170703,TSLA,24.107332229614254,23.507999420166016,0,0.01341335066987798,0.05960212250817988,0.10350746558077391,0.10264440684106332,0.013413017205249742,0.01341310446606224,0.15005549326931686,0.08049481444950277,0.3228560509492362,0.14060017406073663,0.0,0.4574,0.3343
21.80599975585937,21.80599975585937,255700500,20170705,TSLA,23.507999420166016,21.80599975585937,0,0.020000000004273,0.0200001926335207,0.0200006007072837,0.8199834103776196,0.0200007337204658,0.0200131962034785,0.0200009732710611,0.0200000000044406,0.0200008930737724,0.0200000000040841,0.8658,0.8658,0.8658
20.588666915893555,20.588666915893555,289867500,20170706,TSLA,21.80599975585937,20.588666915893555,0,0.016250209317676997,0.41624791955799695,0.0162500282602237,0.2772951153459933,0.01625023162172375,0.0162540498922286,0.0162504797698146,0.01625000000425665,0.19270018467449654,0.01625178155558865,0.4939,0.7639,0.6289
20.881332397460938,20.881332397460938,212653500,20170707,TSLA,20.588666915893555,20.881332397460938,1,0.0142891212696985,0.0142892155641632,0.1399088417168699,0.2119043390127635,0.0142857143011986,0.0142857142979453,0.5481728472382345,0.0142858980560433,0.0142857142979591,0.0142925942451238,0.0,0.0,0.0
21.814666748046875,21.814666748046875,173391000,20170711,TSLA,21.06999969482422,21.814666748046875,1,0.11045791013083162,0.042223891437503325,0.21834283506727212,0.17555515538384686,0.1755511251752566,0.04222259530439914,0.04222239118330934,0.10897326086632071,0.04222223849139946,0.04222859695986052,0.0,0.9194,0.41459999999999997
21.968000411987305,21.968000411987305,155191500,20170712,TSLA,21.814666748046875,21.968000411987305,1,0.0250023677525921,0.0250000000117205,0.0250000000125445,0.0250015223280266,0.0250000000173011,0.0250000000136865,0.0250193664203697,0.0250000000154656,0.4491913891184611,0.3507853543098319,0.2716,0.2716,0.2716
21.560667037963867,21.560667037963867,128917500,20170713,TSLA,21.968000411987305,21.560667037963867,0,0.016984506373404734,0.0169848570189149,0.016984752177024966,0.016984543049742333,0.016987662144289466,0.5307897618784503,0.19999860893544788,0.1503140709873873,0.016985613536944635,0.016985623898393032,0.0,0.3182,0.1815
21.85199928283692,21.85199928283692,84378000,20170714,TSLA,21.560667037963867,21.85199928283692,1,0.05876178032990002,0.2968434714660354,0.0301904761948311,0.030190669339151877,0.030190536157605596,0.17809335026524326,0.0301904761951839,0.030190476195851655,0.28514461629188237,0.030204147564314398,0.0,0.6486,0.38899999999999996
21.30466651916504,21.30466651916504,148153500,20170717,TSLA,21.85199928283692,21.30466651916504,0,0.0162510264556198,0.01625130420057195,0.1862020168217581,0.01625273562970105,0.07875126830186745,0.01625050507195635,0.0162523256741494,0.4972390503663503,0.01625181786175725,0.14029794961626774,-0.539,-0.3919,-0.46545000000000003
21.68400001525879,21.68400001525879,95355000,20170719,TSLA,21.882667541503903,21.68400001525879,0,0.2199999678931094,0.0200000000040652,0.0200000000043481,0.0200000000044093,0.020000000006003,0.2200000080101082,0.0200000000046999,0.0200000000053635,0.4200000240629626,0.0200000000049304,0.1655,0.1655,0.1655
21.994667053222656,21.994667053222656,77493000,20170720,TSLA,21.68400001525879,21.994667053222656,1,0.45570507302650654,0.15835938554809653,0.042492816442582036,0.0647136665560406,0.05908327372156993,0.09018583927671119,0.03161332369747763,0.057306531926332185,0.02027037613139023,0.02026971367329271,-0.5719,0.7925,0.34147777777777777
21.893333435058597,21.893333435058597,73524000,20170721,TSLA,21.994667053222656,21.893333435058597,0,0.05405897870615175,0.07701522034919678,0.18170109967783754,0.16986090229789078,0.04300763243042203,0.08977364655654405,0.22189971989160542,0.05405875147537735,0.09027980796788602,0.018344240647087874,0.3612,0.6249,0.508675
22.63999938964844,22.63999938964844,104838000,20170725,TSLA,22.834667205810547,22.63999938964844,0,0.022942169770297616,0.12293490472009795,0.04813119453066681,0.11524491043421543,0.022937078276739867,0.29828491934963813,0.15414333977529418,0.16950750385338723,0.022936593805305317,0.022937385484356917,0.0,0.7469,0.32156666666666667
22.92333221435547,22.92333221435547,72312000,20170726,TSLA,22.63999938964844,22.92333221435547,1,0.0250000000765005,0.0250000000601923,0.2749999756473648,0.0250128930013293,0.0250000000888423,0.025022808365928,0.0250014082893043,0.524962914327221,0.0250000000703281,0.0250000000729889,-0.3182,-0.3182,-0.3182
22.33799934387207,22.33799934387207,73206000,20170728,TSLA,22.297332763671875,22.33799934387207,1,0.061756982391126224,0.025159259696186483,0.14733418455296612,0.02516328531045803,0.02516135745723565,0.025160777665149885,0.02515963659184173,0.0251587301653205,0.6147870560049228,0.025158730164792018,-0.296,0.0,-0.04933333333333333
21.564666748046875,21.564666748046875,128026500,20170731,TSLA,22.33799934387207,21.564666748046875,0,0.1225002716490895,0.02250014436627435,0.022501422360847748,0.022500064465682652,0.0225015430181853,0.2058983198567166,0.0225009435821189,0.02250146622295535,0.38001355747169774,0.15658226700643135,0.3818,0.8885,0.63515
21.72599983215332,21.72599983215332,196372500,20170802,TSLA,21.30466651916504,21.72599983215332,1,0.5474930901069924,0.022501242782736297,0.12666170427852855,0.0225000000126946,0.022501498349853648,0.0225004516202189,0.16833851759768398,0.0225034952234212,0.02250000001367495,0.022500000014195103,0.2714,0.7964,0.5339
23.139333724975582,23.139333724975582,203025000,20170803,TSLA,21.72599983215332,23.139333724975582,1,0.0200000000113108,0.020000000008908,0.0200000000095267,0.2199995469762197,0.020000000013154,0.61999550881807,0.0200000000103014,0.0200000000117525,0.0200049441299505,0.0200000000108059,0.0,0.0,0.0
23.69333267211914,23.69333267211914,106393500,20170810,TSLA,24.235332489013672,23.69333267211914,0,0.0200003755739268,0.0200012285341892,0.8199768101625665,0.0200002718056005,0.0200002761148041,0.0200001144864137,0.0200146749100286,0.0200000000052178,0.0200056109153434,0.0200006374919091,0.0,0.0,0.0
23.857999801635746,23.857999801635746,65487000,20170811,TSLA,23.69333267211914,23.857999801635746,1,0.056581648029956425,0.16499567756593306,0.07525716671438147,0.03679635339360226,0.07525669791925026,0.055485822341437584,0.29118021985461673,0.06940996904866699,0.05126601549784328,0.12377042963431148,-0.6908,0.8625,0.22703076923076923
24.253332138061523,24.253332138061523,67788000,20170814,TSLA,23.857999801635746,24.253332138061523,1,0.019584155954859427,0.19458174054213948,0.019584623639266274,0.17810442004154495,0.019583363703142877,0.07216476760338834,0.0820842236772541,0.01958334817069405,0.25014556906675334,0.1445837876009567,0.4019,0.8793,0.675375
23.16399955749512,23.16399955749512,81123000,20170818,TSLA,23.461332321166992,23.16399955749512,0,0.0142873065872428,0.0142863781992724,0.0142865414716922,0.0142857142914769,0.3262876072465381,0.0142872623835618,0.1571428661450084,0.0142857142928165,0.4165635565785035,0.014287052803887,-0.7364,-0.7364,-0.7364
22.52400016784668,22.52400016784668,97431000,20170821,TSLA,23.16399955749512,22.52400016784668,0,0.0208335910865332,0.020833333338898502,0.0208333333392884,0.2708343156014899,0.02083388912381725,0.4374930540596355,0.02083540926166675,0.02083533547933285,0.1458344053692535,0.0208333333400835,0.0,0.6239,0.31195
22.75666618347168,22.75666618347168,64830000,20170822,TSLA,22.52400016784668,22.75666618347168,1,0.0305572522969632,0.2527761201233845,0.11388230834744147,0.1138889992526475,0.030556466758049138,0.030556636690872597,0.030559238202249938,0.030555799581418335,0.030560939901927067,0.3361062388450458,-0.0258,0.4019,0.12536666666666665
23.51799964904785,23.51799964904785,74317500,20170823,TSLA,22.75666618347168,23.51799964904785,1,0.11388900054763157,0.2527699550580521,0.030555875153599334,0.19722922741196294,0.030556036056916435,0.03055555558021993,0.030555555579974202,0.030555555583426968,0.2527774581755821,0.030555780852634135,0.0,0.2263,0.1181
23.203332901000977,23.203332901000977,52260000,20170825,TSLA,23.52866744995117,23.203332901000977,0,0.14487314371960267,0.09496652333066227,0.08775691315971736,0.018368441870425613,0.08115493525872376,0.0799332287138715,0.01836810617123233,0.0591829921205218,0.3066207655466103,0.10877495010863196,-0.7083,0.4019,-0.039142857142857146
23.04400062561035,23.04400062561035,56460000,20170828,TSLA,23.203332901000977,23.04400062561035,0,0.27948579102377774,0.11105781911863864,0.019293266182762725,0.05561611524895893,0.03467690898153463,0.18485916232650235,0.06250652051058865,0.034676768214422074,0.11269812945423174,0.10512951893858204,-0.4341,0.8472,0.1495923076923077
23.15733337402344,23.15733337402344,61105500,20170829,TSLA,23.04400062561035,23.15733337402344,1,0.7749918624170156,0.0250000000052548,0.0250000000056151,0.0250000000056939,0.0250000000077549,0.0250081375331715,0.0250000000060666,0.0250000000069245,0.0250000000061345,0.0250000000063682,0.25,0.25,0.25
23.545333862304688,23.545333862304688,51193500,20170830,TSLA,23.15733337402344,23.545333862304688,1,0.041670674436720304,0.0416709383603356,0.041666666716329,0.45832500284818206,0.041666666735076255,0.208332991301142,0.04166705943057955,0.04166666672781445,0.04166666672084915,0.04166666672297125,0.3023,0.5356,0.41895
23.726667404174805,23.726667404174805,61092000,20170831,TSLA,23.545333862304688,23.726667404174805,1,0.18537438432432116,0.017679505542977862,0.12839380292210878,0.05588983823178111,0.0891091010943532,0.08660946455626764,0.0176815268323684,0.09998159718409855,0.23017436565931754,0.08910641365240535,-0.296,0.7876,0.10066249999999999
24.415332794189453,24.415332794189453,62778000,20170913,TSLA,24.183332443237305,24.415332794189453,1,0.5065364948784995,0.0111113303527951,0.1310709416667461,0.0111135922443206,0.2846070032707679,0.0111117604683597,0.0111141248551199,0.0111111675168098,0.0111121344408108,0.0111114503057701,0.2263,0.2263,0.2263
25.176000595092773,25.176000595092773,108037500,20170914,TSLA,24.415332794189453,25.176000595092773,1,0.01454570456719845,0.014545735942759052,0.5209132610139264,0.01454552057998695,0.01454603841279525,0.01454547946843645,0.0145458867094388,0.01455165034225565,0.36271519755677417,0.014545525406428499,0.1531,0.6249,0.389
24.92733383178711,24.92733383178711,73786500,20170920,TSLA,25.00666618347168,24.92733383178711,0,0.025000000021967,0.0250000000173199,0.0250001203501034,0.0250000000187692,0.025001734037352,0.0250000000202186,0.0250000000200078,0.2749999357921462,0.0250000000202253,0.52499820970189,0.6697,0.6697,0.6697
22.99933242797852,22.99933242797852,114088500,20170925,TSLA,23.4060001373291,22.99933242797852,0,0.218334915979711,0.018338985683798048,0.01833333337171665,0.0183333333722412,0.0183336400067292,0.434993935792448,0.018336096921935,0.21832689007869124,0.01833497048613145,0.0183338983065978,0.0,0.3182,0.1591
23.01666641235352,23.01666641235352,107344500,20170926,TSLA,22.99933242797852,23.01666641235352,1,0.0188904271114174,0.01888892815269687,0.018891651229537097,0.018888938115177768,0.018889093286823335,0.6520433719244524,0.018889073078167635,0.19683258137205698,0.018889561002312868,0.0188963747273574,0.0,0.6486,0.43239999999999995
22.731332778930664,22.731332778930664,90904500,20170927,TSLA,23.01666641235352,22.731332778930664,0,0.022507425670538102,0.0225000000106892,0.022505300405937352,0.022501157630415,0.02250080373120825,0.5474930021044415,0.27248988223280335,0.0225000000141033,0.0225024281868959,0.02250000001296775,0.0,0.2263,0.11315
22.739999771118164,22.739999771118164,76606500,20170929,TSLA,22.63999938964844,22.739999771118164,1,0.016787849309326,0.01678594454715218,0.01678685268131684,0.07632891097281495,0.135228653851234,0.4443232039053556,0.13174412536247734,0.01678640370706301,0.05845444691702758,0.08677360874623198,0.0,0.9455,0.10505555555555555
22.768667221069336,22.768667221069336,79302000,20171002,TSLA,22.739999771118164,22.768667221069336,1,0.0166671007150743,0.1877783557233849,0.0166666666856297,0.6788775270246554,0.016668283876253,0.0166714133637636,0.0166706525455979,0.016666666690055,0.0166666666873858,0.0166666666882,0.6588,0.6588,0.6588
23.667333602905277,23.667333602905277,122452500,20171004,TSLA,23.209333419799805,23.667333602905277,1,0.0166686269683791,0.016666666672726,0.0166697420763814,0.0166672456415979,0.0166674793620258,0.0166684417476009,0.016668554628385,0.0166668644414174,0.849989632935861,0.016666745525625,0.0,0.0,0.0
23.68866729736328,23.68866729736328,62575500,20171005,TSLA,23.667333602905277,23.68866729736328,1,0.06954450905441296,0.0248575420598237,0.15257725552112583,0.16705028782507597,0.02485715673036746,0.055731024118583064,0.22485726777123133,0.045776693179325346,0.12485719438051775,0.10989106935953626,0.1505,0.9313,0.6925600000000001
23.79199981689453,23.79199981689453,64462500,20171006,TSLA,23.68866729736328,23.79199981689453,1,0.04074852756862209,0.016683593682635955,0.06283623186337726,0.5461009158602316,0.06585252464645128,0.016685428203758748,0.07758356015790417,0.0551428357840182,0.07257767369302219,0.04578870853997811,-0.7152,0.6369,-0.01345384615384615
22.86266708374023,22.86266708374023,112405500,20171009,TSLA,23.79199981689453,22.86266708374023,0,0.0250000000094661,0.0250000000074596,0.0250053028537021,0.0250000000080879,0.0250000000110051,0.5091225884679628,0.0250000000086238,0.0250000000098416,0.2908721086148074,0.0250000000090433,0.0,0.0,0.0
23.63999938964844,23.63999938964844,67512000,20171011,TSLA,23.70599937438965,23.63999938964844,0,0.8199787051308957,0.0200000000056849,0.0200024461443475,0.0200000000061617,0.0200000000083906,0.0200000000066369,0.0200000000065727,0.0200108404217366,0.0200080082626805,0.0200000000068924,-0.3566,-0.3566,-0.3566
23.71199989318848,23.71199989318848,61305000,20171012,TSLA,23.63999938964844,23.71199989318848,1,0.16591160868125904,0.026691967901004914,0.2244441195853971,0.09313558230239297,0.0266936520844816,0.02669241975417639,0.08919220834671016,0.026692383486940124,0.2770901627972004,0.04345589506043693,0.0,0.8126,0.3728625
23.37333297729492,23.37333297729492,80632500,20171016,TSLA,23.704666137695312,23.37333297729492,0,0.0333493697489331,0.0333333333510784,0.6999839634143848,0.0333333333525655,0.0333333333595206,0.0333333333540483,0.0333333333538365,0.0333333333567246,0.0333333333540623,0.0333333333548453,0.5106,0.5106,0.5106
23.976667404174805,23.976667404174805,74086500,20171018,TSLA,23.71666717529297,23.976667404174805,1,0.2750008448124736,0.2749996994645249,0.2749994554117907,0.0250000000393299,0.025000000053488,0.0250000000423026,0.0250000000419728,0.0250000000478085,0.0250000000423447,0.0250000000439638,0.0,0.0,0.0
23.45400047302246,23.45400047302246,75927000,20171019,TSLA,23.976667404174805,23.45400047302246,0,0.0223224376565066,0.15178544738691505,0.022321491997729676,0.022322471223401225,0.05357119613051663,0.022323501722694285,0.4940431836416417,0.09523822023329487,0.022323148483888163,0.09374890152341142,0.0772,0.8718,0.61665
23.00666618347168,23.00666618347168,73956000,20171020,TSLA,23.45400047302246,23.00666618347168,0,0.0333335273676657,0.0333374331440527,0.41967165001629,0.0333333333526017,0.0333336599486898,0.0333333333540851,0.313650430128285,0.0333333333567918,0.0333399658307699,0.033333333500768,-0.1419,0.8734,0.36574999999999996
21.744667053222656,21.744667053222656,75352500,20171026,TSLA,21.7226676940918,21.744667053222656,1,0.027916830293684036,0.027916797827367095,0.0453780117797553,0.40397204552984745,0.04041652376674219,0.027917707251235525,0.0760662463843812,0.02791700916713164,0.027917447443574616,0.2945813805562807,-0.6249,0.0,-0.31796
20.19933319091797,20.19933319091797,81706500,20171109,TSLA,20.292667388916016,20.19933319091797,0,0.03000000001215487,0.1966683623926091,0.16333157543433488,0.16333112149142642,0.030002657010080203,0.2966654379717647,0.030000000011074366,0.030000000012646664,0.03000000001119023,0.030000845652718166,-0.2263,0.0,-0.07543333333333334
21.02666664123535,21.02666664123535,113773500,20171113,TSLA,20.19933319091797,21.02666664123535,1,0.0142857143405831,0.1571416867676172,0.1571417962171566,0.0142857143325799,0.0142857143496091,0.2999999921091167,0.1571411670807562,0.0142857143427376,0.157143008906265,0.0142894915535782,0.6249,0.6249,0.6249
20.753332138061523,20.753332138061523,89680500,20171115,TSLA,20.57999992370605,20.753332138061523,1,0.23416699869509583,0.10916204234787545,0.025834510727863448,0.12500887854763776,0.025835979725153776,0.025833333356219925,0.2516553373810071,0.0883336428519512,0.025833905298929326,0.08833537106826585,-0.802,0.0772,-0.441575
21.187332153320312,21.187332153320312,108919500,20171121,TSLA,20.582666397094727,21.187332153320312,1,0.0166666803502507,0.1833322314170508,0.0166666666872754,0.0166675793020882,0.0166666666950984,0.0166671953533781,0.5059842322209476,0.1940150825598248,0.0166669987240436,0.0166666666900421,0.8221,0.8221,0.8221
21.170000076293945,21.170000076293945,74242500,20171128,TSLA,21.12066650390625,21.170000076293945,1,0.02500209844427245,0.025000000017181147,0.0250000000183887,0.0902303052754197,0.3583197228041483,0.26363664575897705,0.025000000019857,0.02500032661903865,0.0250000000200718,0.1378109010226448,-0.357,0.0,-0.1785
20.59000015258789,20.59000015258789,65274000,20171130,TSLA,20.502666473388672,20.59000015258789,1,0.41190298660636265,0.015079365089697767,0.2531741721170438,0.0150796022352801,0.015080403482564732,0.015079675718040335,0.07063410664646827,0.07063511983967606,0.11825482014841333,0.015079748116452532,-0.3182,0.1901,-0.042699999999999995
21.0086669921875,21.0086669921875,52027500,20171208,TSLA,20.74933242797852,21.0086669921875,1,0.0350003948327024,0.03500000001868125,0.03500000001021495,0.035000113113343,0.03500137101524315,0.43499465222014755,0.2849990986573444,0.03500000001259215,0.0350043701081509,0.0350000000115799,0.0,0.0,0.0
21.92733383178711,21.92733383178711,119070000,20171211,TSLA,21.0086669921875,21.92733383178711,1,0.0625000000219045,0.18749979922635607,0.06250000001845775,0.0625000000187281,0.0625012404033322,0.0625000000201406,0.06250000001997161,0.1875004812094977,0.06250000002016845,0.1874984790414429,-0.5849,-0.3182,-0.45155
22.60199928283692,22.60199928283692,93322500,20171213,TSLA,22.735332489013672,22.60199928283692,0,0.02292041186698605,0.3562255548167851,0.022918079672658652,0.0229245193131132,0.0229166666738472,0.46041681256651024,0.022918102246246002,0.02292231546100855,0.02291732889783495,0.022920208485009648,-0.5423,0.5719,0.01479999999999998
22.525999069213867,22.525999069213867,86998500,20171214,TSLA,22.60199928283692,22.525999069213867,0,0.1375001129076788,0.0125000000134258,0.012501720431153,0.0125007527411597,0.1374979318193135,0.0125004005950519,0.5124988993196318,0.1375001821406121,0.0125000000156885,0.0125000000162846,0.25,0.25,0.25
22.89666748046875,22.89666748046875,103998000,20171215,TSLA,22.525999069213867,22.89666748046875,1,0.017142857151122,0.11714294651392645,0.0171461333818335,0.11714161459283536,0.0171439640721852,0.01714425812027895,0.01714310543074685,0.01714347183750225,0.0171431234627748,0.6457085254367944,-0.6124,-0.5563,-0.58435
21.93199920654297,21.93199920654297,89307000,20171220,TSLA,22.07333374023437,21.93199920654297,0,0.05781044724425442,0.013432539687610299,0.07496847483162808,0.013432539688038024,0.04739020324958575,0.12671161489012192,0.0134325396884012,0.013432588182491049,0.6259565128491785,0.013432539688690175,0.0,0.6369,0.31845
22.11066627502441,22.11066627502441,65778000,20171221,TSLA,21.93199920654297,22.11066627502441,1,0.13455308686248948,0.35693356437180146,0.04458010564705847,0.05897868191400917,0.08791463428712137,0.08857202969965287,0.08765706745826315,0.02607163901651311,0.05295220585779506,0.0617869848852953,-0.9335,0.8779,-0.04003749999999999
21.152666091918945,21.152666091918945,65676000,20171226,TSLA,21.68000030517578,21.152666091918945,0,0.12412964273053938,0.0646178690256826,0.1386017943139612,0.11221887343075436,0.0512276986037293,0.0373148979405921,0.29259811674885566,0.06035694305755316,0.10417669896096053,0.014757465187371283,-0.204,0.9325,0.32571666666666665
21.149999618530277,21.149999618530277,67822500,20180103,TSLA,21.368667602539062,21.149999618530277,0,0.08690598521437445,0.015476190492392652,0.17023742485508658,0.01548069852244965,0.01547623020956505,0.10450984441400255,0.545480330209716,0.0154766555207866,0.0154792530512506,0.0154773875103758,0.4588,0.8685,0.6636500000000001
22.42733383178711,22.42733383178711,147891000,20180108,TSLA,21.10533332824707,22.42733383178711,1,0.4264148704064077,0.016666666674944,0.0166666666755212,0.0166666666756448,0.016667968522914,0.2735764742977061,0.1833331567957944,0.0166666666775878,0.0166741965967733,0.0166666666767063,0.0,0.0,0.0
22.4146671295166,22.4146671295166,72376500,20180112,TSLA,22.530000686645508,22.4146671295166,0,0.246657099497496,0.0111120335720446,0.3886426351860262,0.0111114774212854,0.0111111111197047,0.0111111111179056,0.0111111111178468,0.0111111111187906,0.2869211987307273,0.0111111111181726,0.8705,0.8705,0.8705
23.05933380126953,23.05933380126953,79312500,20180124,TSLA,23.519332885742188,23.05933380126953,0,0.0142868728250531,0.0142898982048049,0.0142874943357916,0.0142864361528228,0.0142872458004573,0.0142858126907814,0.0142876370704859,0.1571411255140289,0.728560491681955,0.0142869857238188,0.128,0.128,0.128
23.302000045776367,23.302000045776367,71206500,20180129,TSLA,22.856666564941406,23.302000045776367,1,0.0333333333699808,0.0333376045118387,0.3666629013033485,0.0333333333646649,0.0333366410528844,0.0333333333670275,0.0333333333666978,0.0333333333714448,0.0333333333670645,0.3666628529250477,0.8519,0.8519,0.8519
23.62066650390625,23.62066650390625,93211500,20180131,TSLA,23.05466651916504,23.62066650390625,1,0.08239655174234553,0.026667146223193577,0.11832889341135627,0.1516675944873654,0.07666687672226911,0.026669830089118274,0.026666837674722152,0.0266669994887059,0.3376033625621158,0.12666590759880764,0.0,0.6124,0.32120000000000004
23.28333282470703,23.28333282470703,62965500,20180201,TSLA,23.62066650390625,23.28333282470703,0,0.03333333337022095,0.03333947554252015,0.033335410513359254,0.033346640830344804,0.0333428421530238,0.03333607375597045,0.20001091850268385,0.03333360511804445,0.3666179779587673,0.2000037222550646,-0.2023,0.1154,-0.04345
22.916667938232425,22.916667938232425,55572000,20180202,TSLA,23.28333282470703,22.916667938232425,0,0.020003204054316367,0.08666803211877727,0.0200032533759415,0.15332939182715166,0.020000989136573166,0.020000111502351533,0.3533297128318311,0.020000000039577068,0.0200020271702897,0.2866632779431903,0.0,0.4019,0.13396666666666665
22.208667755126957,22.208667755126957,66961500,20180205,TSLA,22.916667938232425,22.208667755126957,0,0.030555555561934133,0.03055555556058147,0.11388842689883966,0.030555555561007867,0.030556802510860067,0.12517861123273863,0.0305560250150488,0.030555555562185532,0.5470423565351517,0.030555555561651803,0.0,0.0,0.0
22.264667510986328,22.264667510986328,76326000,20180206,TSLA,22.208667755126957,22.264667510986328,1,0.019218613490780075,0.05046686331124129,0.10242518136504786,0.019219082235101062,0.0504691500917552,0.1679174473482629,0.0651564658726791,0.07790138842985588,0.4054454665660939,0.0417803412891822,0.0,0.6486,0.1093625
23.0,23.0,104538000,20180207,TSLA,22.264667510986328,23.0,1,0.020419003665189225,0.0204169360547148,0.10375033812849359,0.132469458699983,0.0704144274669571,0.3966281736813647,0.12041664035630248,0.020416666691427998,0.09464956922055,0.020418786035016574,0.0,0.5859,0.3595
21.048667907714844,21.048667907714844,93417000,20180212,TSLA,20.69466781616211,21.048667907714844,1,0.08930958850530894,0.029095102174714935,0.10139345340672191,0.02687691638166146,0.05669974112471072,0.048844341801511364,0.08511734864395168,0.0824688069379213,0.41984873737830825,0.06034596364518902,-0.8176,0.4939,0.017255555555555555
22.36599922180176,22.36599922180176,84639000,20180216,TSLA,22.271333694458008,22.36599922180176,1,0.0142857142932889,0.0142878369469942,0.5224822600067187,0.0142857142921861,0.0142860474221686,0.0142861363523881,0.3632291478070222,0.0142857142935882,0.0142857142926897,0.0142857142929549,-0.5994,-0.5994,-0.5994
22.31800079345703,22.31800079345703,60141000,20180220,TSLA,22.36599922180176,22.31800079345703,0,0.0333333333382654,0.0333333333372141,0.0333333333374875,0.0333333333375423,0.0333333333390623,0.699994923871227,0.0333352157800881,0.0333333333384543,0.0333361136375343,0.0333337466831244,-0.5214,-0.5214,-0.5214
22.21999931335449,22.21999931335449,48294000,20180221,TSLA,22.31800079345703,22.21999931335449,0,0.019202364463958052,0.019197759468178848,0.1858609166872801,0.019196429429800425,0.0504468874433161,0.22822037912754234,0.01919642858037095,0.019196589076614576,0.4202858171421282,0.01919642858080985,-0.2023,0.6652,0.367575
23.07799911499023,23.07799911499023,104547000,20180222,TSLA,22.21999931335449,23.07799911499023,1,0.20283807560386605,0.06393079026930316,0.04165164883712753,0.04413683948528081,0.14421870706022927,0.2561809304378506,0.05701646966265408,0.025763955330391636,0.07377145149611661,0.09049113181717972,-0.4341,0.8555,0.10837500000000003
23.39933204650879,23.39933204650879,71961000,20180227,TSLA,23.82799911499023,23.39933204650879,0,0.12900221246770605,0.011988318002101525,0.17416947603045999,0.23850913813825236,0.08341291955188578,0.14367326109935677,0.12475257304381117,0.07051322405686974,0.0119899794075839,0.011988898201972274,0.1655,0.802,0.45665
22.87066650390625,22.87066650390625,91045500,20180228,TSLA,23.39933204650879,22.87066650390625,0,0.0500057637663048,0.0500000000070642,0.5499614628349522,0.0500056723731546,0.0500039379979466,0.0500000000082472,0.0500112440560107,0.0500000000093159,0.0500119189384356,0.0500000000085677,0.0,0.0,0.0
22.22333335876465,22.22333335876465,57357000,20180305,TSLA,22.341333389282227,22.22333335876465,0,0.0125045343438725,0.0125003659007527,0.0125002082034972,0.0125000000091127,0.1375001818478274,0.3336474181725021,0.0125006804839319,0.0125000000110851,0.4413465405207282,0.0125000705066897,0.0,0.0,0.0
21.8799991607666,21.8799991607666,64285500,20180306,TSLA,22.22333335876465,21.8799991607666,0,0.0138896958511418,0.01388888890360495,0.18055446934366415,0.1325180963246777,0.0138888889106266,0.058783105948817554,0.013889183821196149,0.09722203583989544,0.461476746149612,0.01388888890676325,0.0,0.5838,0.2919
22.15333366394043,22.15333366394043,75109500,20180307,TSLA,21.8799991607666,22.15333366394043,1,0.27277245542175205,0.022777982046967366,0.15611105182057824,0.022780068849834596,0.022777889220794666,0.022778423383700997,0.10611103087570439,0.022779546961993132,0.10611207203946937,0.24499947937920483,0.0,0.5719,0.19063333333333332
21.940000534057617,21.940000534057617,53493000,20180308,TSLA,22.15333366394043,21.940000534057617,0,0.08662255450466208,0.037838794485876036,0.09320653360875948,0.01378148522502598,0.013778299685922979,0.01377819183304046,0.08711262659252972,0.5063268995478337,0.05377896146644194,0.09377565304990716,-0.1531,0.3182,0.09241999999999999
21.81133270263672,21.81133270263672,82602000,20180309,TSLA,21.940000534057617,21.81133270263672,0,0.35521321109298354,0.02253494950409986,0.1884745807101023,0.04763725847552541,0.02253455686919404,0.11360233088376483,0.022534695665954,0.11437072600558655,0.09056194081151835,0.022535749981270746,-0.3182,0.7184,0.2972428571428572
21.775333404541016,21.775333404541016,119511000,20180314,TSLA,22.78933334350586,21.775333404541016,0,0.0333333333365367,0.0333333333358587,0.3666621001649464,0.0333333333360696,0.0333333333370604,0.0333333333362799,0.0333333333362504,0.3666667065618867,0.0333333333362807,0.0333378599188303,0.0,0.0,0.0
20.90399932861328,20.90399932861328,112264500,20180319,TSLA,21.42333221435547,20.90399932861328,0,0.0333333333692108,0.0333333333615858,0.0333333333635556,0.3666549343331464,0.0333406242948073,0.0333401653366597,0.0333333333660272,0.0333395507459639,0.3666580584614345,0.0333333333676085,0.0,0.0,0.0
20.703332901000977,20.703332901000977,71464500,20180320,TSLA,20.90399932861328,20.703332901000977,0,0.0142865229517158,0.01428571431413,0.0142857143160832,0.014287976036062,0.0142865323366662,0.3184282774386175,0.0142891485679565,0.2022864220097202,0.0142860599776417,0.3792776320514062,0.0,0.0,0.0
21.10199928283692,21.10199928283692,89376000,20180321,TSLA,20.703332901000977,21.10199928283692,1,0.0125011002902553,0.3875000551218122,0.0125000000015497,0.012500000001571,0.0125013091905744,0.2624906566368013,0.0125000000016753,0.262500057380873,0.0125068213731301,0.0125000000017574,-0.5574,-0.5574,-0.5574
20.606666564941406,20.606666564941406,74097000,20180322,TSLA,21.10199928283692,20.606666564941406,0,0.1332994901494765,0.020194690020872645,0.24644602641844876,0.2530770382674103,0.020193049450371182,0.020193482185408285,0.10702816317658381,0.020192897173118,0.15918169961192127,0.020193463546388814,-0.4559,0.7096,0.12092857142857141
20.1026668548584,20.1026668548584,99823500,20180323,TSLA,20.606666564941406,20.1026668548584,0,0.0177396292093096,0.06773762341056801,0.20059462349126975,0.017738383663751724,0.054407548030719344,0.18268451990032822,0.061120021462545346,0.25583564145621923,0.06773962326044895,0.07440238611483935,-0.128,0.7635,0.275875
20.27866744995117,20.27866744995117,125628000,20180326,TSLA,20.1026668548584,20.27866744995117,1,0.0519261922139444,0.24903683250417472,0.09938644814189981,0.1564069649792188,0.049297210205534944,0.020676239392283476,0.15135762989382187,0.1805596515628273,0.0206767079030514,0.02067612320324285,-0.0258,0.8842,0.389325
18.61199951171875,18.61199951171875,208080000,20180327,TSLA,20.27866744995117,18.61199951171875,0,0.02500472061679375,0.02500298873079165,0.2749901685486595,0.0250090669579963,0.39998499858890046,0.0250007202266001,0.15000033310339228,0.0250010688118142,0.0250000000443482,0.02500593437070325,0.0772,0.4019,0.23954999999999999
17.185333251953125,17.185333251953125,315021000,20180328,TSLA,18.61199951171875,17.185333251953125,0,0.16499959635083364,0.031666666680701096,0.03166715485586186,0.19833346923588266,0.03166671199696797,0.03166666668304677,0.16499991547538598,0.1983333332618936,0.03166666668305913,0.11499981877636696,0.0,0.658,0.3224666666666667
16.832000732421875,16.832000732421875,241710000,20180402,TSLA,17.742000579833984,16.832000732421875,0,0.03877040826148104,0.04178694249794872,0.20724200577920854,0.06149932783277542,0.2601917641521011,0.014962431241409472,0.22047764406095352,0.12514689762299752,0.014960759464920629,0.014961819086203629,-0.1901,0.8318,0.1947142857142857
19.12933349609375,19.12933349609375,298450500,20180404,TSLA,17.8353328704834,19.12933349609375,1,0.010001176176738,0.0100045079662231,0.2584447999354846,0.0100003829281714,0.1024817992769827,0.0100009647787243,0.1501338822191168,0.0100000138241617,0.3214150991856089,0.1175173737087882,0.4404,0.4404,0.4404
20.381332397460938,20.381332397460938,286816500,20180405,TSLA,19.12933349609375,20.381332397460938,1,0.026671791200334652,0.1334411594447441,0.026671782456266852,0.0266666666820587,0.02666666668762445,0.19332684852936,0.3198767276826469,0.02666666668539125,0.026676350670289103,0.1933353399612837,0.0,0.2263,0.11315
19.953332901000977,19.953332901000977,202804500,20180406,TSLA,20.381332397460938,19.953332901000977,0,0.023810131020928698,0.02381007162769475,0.023810696093317252,0.0974764036535852,0.023810911436478552,0.235851033327527,0.19047694216629002,0.0238095238291927,0.1904758736163026,0.16666841322868284,0.0,0.5106,0.2553
19.310667037963867,19.310667037963867,153747000,20180409,TSLA,19.953332901000977,19.310667037963867,0,0.0166666666871662,0.0166677297786171,0.0166666666839358,0.0166669391270707,0.0166666666905382,0.5166672360785566,0.1833334259801008,0.0166666666879867,0.0166666666855422,0.1833313356004854,0.0,0.0,0.0
20.31333351135254,20.31333351135254,164847000,20180410,TSLA,19.310667037963867,20.31333351135254,1,0.2199949149511277,0.61998385946903,0.0200000000064907,0.0200080842324812,0.0200000000089565,0.0200000000070851,0.020004901712594,0.02000000000801,0.0200014668016204,0.020006772802604,-0.2975,-0.2975,-0.2975
19.60533332824707,19.60533332824707,114132000,20180412,TSLA,20.062000274658203,19.60533332824707,0,0.5499999999513985,0.0500000000045622,0.0500000000048799,0.0500000000049448,0.0500000000067325,0.0500000000053265,0.0500000000052757,0.0500000000060196,0.0500000000053288,0.050000000005531,0.3804,0.3804,0.3804
20.022666931152344,20.022666931152344,109908000,20180413,TSLA,19.60533332824707,20.022666931152344,1,0.0225400011052985,0.07161103150657473,0.13479055664039788,0.022545389226336365,0.022539990969958932,0.22253943807149956,0.24475775501211963,0.2135940458672514,0.022541875585714202,0.022539916014848466,-0.6146,-0.1027,-0.33016666666666666
19.41399955749512,19.41399955749512,95077500,20180416,TSLA,20.022666931152344,19.41399955749512,0,0.2715726935739717,0.0100029685512936,0.1852061056044115,0.0100002927402246,0.010000000018365,0.0100070153229071,0.0100000000143729,0.0100026432775176,0.341767220366579,0.1414410605303568,-0.6124,-0.6124,-0.6124
19.179332733154297,19.179332733154297,105000000,20180417,TSLA,19.41399955749512,19.179332733154297,0,0.4958494506790396,0.0250043992801122,0.025000000023168,0.0250021024545418,0.025000000031941,0.0250001796415443,0.0250000000250374,0.0250000000285645,0.0250001074680522,0.3041437603679987,0.7644,0.7644,0.7644
19.55666732788086,19.55666732788086,98365500,20180418,TSLA,19.179332733154297,19.55666732788086,1,0.0133342694866498,0.01333468006039015,0.22864763040520164,0.2646817518247106,0.01333355629982775,0.41333010777363194,0.013334552386915,0.01333426924631575,0.013334471625485251,0.013334710890871699,0.0,0.915,0.4575
18.71266746520996,18.71266746520996,60204000,20180425,TSLA,18.8973331451416,18.71266746520996,0,0.06666784468458295,0.0666666666702064,0.0666666666704539,0.06666666667050765,0.2333321154467598,0.0666666666708022,0.066666666670761,0.06666666667162881,0.23333337317333713,0.06666666667095995,0.0,0.0,0.0
19.60533332824707,19.60533332824707,65469000,20180427,TSLA,19.03199958801269,19.60533332824707,1,0.0200000000108334,0.0200000000085365,0.0200000000091405,0.0200015408859986,0.0200000000125976,0.219998608295703,0.2200001280534077,0.2200002034159682,0.0200000000099803,0.2199995192978335,0.4779,0.4779,0.4779
20.07666778564453,20.07666778564453,134556000,20180502,TSLA,19.994667053222656,20.07666778564453,1,0.16626188365330705,0.019445934074863967,0.0194448889216452,0.01944516350397807,0.0194448529261203,0.07500012346116196,0.2972174963885404,0.019445022122830165,0.3448457920576679,0.019448842889884566,0.0,0.0,0.0
19.606000900268555,19.606000900268555,128541000,20180504,TSLA,18.96333312988281,19.606000900268555,1,0.02109633654268517,0.15570722155548838,0.11923545240036745,0.049176852996493395,0.04109597703590282,0.046095308934731,0.15576696393648742,0.24098200670708164,0.09540861083441586,0.07543526905634645,-0.3182,0.9118,0.27402000000000004
20.184667587280277,20.184667587280277,130173000,20180507,TSLA,19.606000900268555,20.184667587280277,1,0.2067946823675666,0.016670043625452,0.0166701575108538,0.0166675365193917,0.0166693675279987,0.0166666666907462,0.4931925116226059,0.1833338771729987,0.0166684902707108,0.0166666666916753,-0.5719,-0.5719,-0.5719
20.131332397460938,20.131332397460938,88950000,20180508,TSLA,20.184667587280277,20.131332397460938,0,0.033333333363776,0.0333333333573269,0.0333333333589659,0.0333333333593255,0.0333333333687532,0.0333333333613252,0.3666668309481682,0.366666502158615,0.0333333333613331,0.0333333333624105,0.5773,0.5773,0.5773
20.456666946411133,20.456666946411133,85911000,20180509,TSLA,20.131332397460938,20.456666946411133,1,0.02900000004056688,0.029001075314512802,0.07336382378779503,0.16232542601509747,0.09856797248321254,0.07506922483782602,0.23184807834797497,0.07900117786459182,0.09566917010216125,0.12615405120626075,-0.5423,0.296,-0.14804
20.334667205810547,20.334667205810547,84774000,20180510,TSLA,20.456666946411133,20.334667205810547,0,0.15565476186048335,0.0306549374162651,0.09997623161491832,0.03065497008733555,0.10208115272453887,0.11399161238477544,0.2577143578340339,0.11399061831808618,0.030654829508475773,0.064626528251087,0.25,0.7901,0.6105
20.070667266845703,20.070667266845703,70194000,20180511,TSLA,20.334667205810547,20.070667266845703,0,0.1527978602303091,0.0734736348827789,0.1466431671517544,0.16387406225016155,0.07520356682616608,0.057734850525872336,0.05763025174698231,0.05734521775344511,0.2022281342006512,0.01306925443187859,-0.4019,0.6808,0.27976999999999996
19.46466636657715,19.46466636657715,109302000,20180514,TSLA,20.070667266845703,19.46466636657715,0,0.07267012213180003,0.015139464559618168,0.4214052509153992,0.015143240673023866,0.0984689606700883,0.09785719720779235,0.11708493144161436,0.06542742802373729,0.08166218720527552,0.015141217171650484,-0.9153,0.8294,-0.48356666666666664
19.09866714477539,19.09866714477539,85110000,20180516,TSLA,18.94533348083496,19.09866714477539,1,0.14651572971773105,0.11624934287556904,0.1096050984813911,0.016250001164591098,0.07874886063404415,0.1051276518178565,0.01625027221592875,0.27875091953874853,0.11625125160419669,0.01625087194994275,-0.3182,-0.3182,-0.3182
18.96933364868164,18.96933364868164,66309000,20180517,TSLA,19.09866714477539,18.96933364868164,0,0.1999999092735325,0.0125000000099776,0.512493526970174,0.1999909707067104,0.0125019408215565,0.0125086550183064,0.0125012556682281,0.0125006033682941,0.012500000011653,0.0125031381515669,0.296,0.296,0.296
18.454666137695312,18.454666137695312,108778500,20180518,TSLA,18.96933364868164,18.454666137695312,0,0.2749986619973678,0.025000907551318702,0.149999462285375,0.0250022706751543,0.14999376736632467,0.1499991184805797,0.025001774630371752,0.1500001559253721,0.0250032835350803,0.02500059755305535,-0.501,0.0,-0.2505
18.965999603271484,18.965999603271484,137739000,20180521,TSLA,18.454666137695312,18.965999603271484,1,0.06014447243915626,0.041619615328497665,0.14587674320831148,0.1930533358273059,0.039942827998440025,0.06703166521754778,0.09183549834756569,0.1913104596889495,0.1375072477150191,0.03167813422920613,-0.743,0.6908,0.08141818181818182
18.333999633789062,18.333999633789062,134187000,20180522,TSLA,18.965999603271484,18.333999633789062,0,0.023225167836765457,0.09947687330625347,0.20167069777330227,0.09857781750881466,0.05553023357176719,0.036740721410971205,0.1430045593971006,0.08132763833304514,0.20164465426330272,0.0588016365986769,-0.9215,0.9423,0.30017
18.60466766357422,18.60466766357422,89776500,20180523,TSLA,18.333999633789062,18.60466766357422,1,0.019290789879935585,0.025220023023706906,0.09570290099984215,0.0637880896168515,0.035140187911177484,0.07820130614651659,0.05071061042493634,0.37785278993565524,0.03244814533671943,0.22164515672465834,-0.8176,0.9091,0.08166842105263158
18.523332595825195,18.523332595825195,62650500,20180524,TSLA,18.60466766357422,18.523332595825195,0,0.01997200201563046,0.0733763834748879,0.13664774396424706,0.129330442521683,0.019971689421635908,0.0691746860664063,0.10568363287046312,0.14889748192619806,0.07282224803777261,0.22412368970107516,-0.4588,0.6808,0.1884636363636364
18.59000015258789,18.59000015258789,58126500,20180525,TSLA,18.523332595825195,18.59000015258789,1,0.04611052576344328,0.14642101172843539,0.0736169573200109,0.046394727362763774,0.09297031437318488,0.05322006359614297,0.1286685161167515,0.14313756011408849,0.08357603392108359,0.18588428970409482,-0.3732,0.7078,0.10264285714285713
18.917333602905277,18.917333602905277,84999000,20180529,TSLA,18.59000015258789,18.917333602905277,1,0.14643435453843814,0.13336136433813012,0.04061096277819154,0.029064908193159118,0.08842823322005143,0.1268716696068481,0.09784613817733669,0.05231778970531175,0.09602150891014953,0.18904307053238323,-0.8979,0.8955,0.01595333333333332
19.447999954223636,19.447999954223636,112345500,20180530,TSLA,18.917333602905277,19.447999954223636,1,0.19817091691817754,0.08070969221830833,0.1394619282595466,0.05686516431378267,0.013061297321807875,0.07579806405111919,0.04062408930076815,0.022677030554182753,0.23636920900757824,0.13626260805472826,-0.217,0.933,0.333375
18.98200035095215,18.98200035095215,88795500,20180531,TSLA,19.447999954223636,18.98200035095215,0,0.06250000001189976,0.0625000000093836,0.06250000001002795,0.0625003970606533,0.06250135481796336,0.06250642163629336,0.29570438779290237,0.06250063131403195,0.2042862933155572,0.06250051403128701,0.0,0.6369,0.31845
19.454666137695312,19.454666137695312,81366000,20180601,TSLA,18.98200035095215,19.454666137695312,1,0.053561617827842904,0.024990108663997774,0.08925504304967051,0.024990228599404942,0.22141694606311427,0.0446378386240422,0.1162133021494877,0.02499001782871033,0.32625599783468806,0.07368889935904087,0.0,0.7184,0.40927142857142856
19.408666610717773,19.408666610717773,89928000,20180605,TSLA,19.78266716003418,19.408666610717773,0,0.39581505809487116,0.020835148961412447,0.020841228084278948,0.10416796289414865,0.02083333334920815,0.0208387617121152,0.02083652949226315,0.0208343104171325,0.020833333345900498,0.35416433364866895,0.0,0.9001,0.45005
21.299999237060547,21.299999237060547,281509500,20180606,TSLA,19.408666610717773,21.299999237060547,1,0.0250006107602015,0.0250004148887873,0.0250005561929273,0.0250003571354575,0.0250000932871018,0.0250000000082514,0.5117352112110966,0.02500000000932,0.0250028114776539,0.2882599450292024,0.0,0.0,0.0
21.07266616821289,21.07266616821289,215179500,20180607,TSLA,21.299999237060547,21.07266616821289,0,0.01666778071283965,0.18333342931225105,0.13919873512728126,0.016666713302427402,0.2666648549062272,0.0583314671684481,0.08633997120849825,0.0166666666766258,0.1994636419289586,0.01666673965644225,-0.296,0.024,-0.13599999999999998
21.17733383178711,21.17733383178711,123078000,20180608,TSLA,21.07266616821289,21.17733383178711,1,0.2608134372509243,0.07334013625326545,0.08921177369667908,0.05340160406401487,0.061507986649329625,0.07334316092073812,0.0455639256492748,0.045562823443300295,0.25176418427001107,0.0454909678024619,0.2732,0.8807,0.46341666666666664
22.13999938964844,22.13999938964844,197752500,20180611,TSLA,21.17733383178711,22.13999938964844,1,0.2750006202423776,0.025000000024987,0.0250000000267371,0.0250000000270873,0.2749990931426115,0.0250000000291546,0.0250000000288774,0.0250000000329677,0.0250000000291785,0.2750002864160209,0.0,0.0,0.0
22.851333618164062,22.851333618164062,335211000,20180612,TSLA,22.13999938964844,22.851333618164062,1,0.0200000000095367,0.0200002807028373,0.2135603784633749,0.0200032633505504,0.2199993602987905,0.020000000008776,0.0200023281456242,0.4264333516748235,0.0200010373365667,0.0200000000091193,-0.5719,-0.5719,-0.5719
22.985332489013672,22.985332489013672,142047000,20180613,TSLA,22.851333618164062,22.985332489013672,1,0.027779146204533468,0.0277798186555757,0.3055513953019879,0.027779509750473597,0.0277777777966816,0.0277821456265238,0.027778634663858798,0.027777777794663134,0.4722146627639659,0.0277791314417356,0.0,0.4019,0.23263333333333333
23.87800025939941,23.87800025939941,162724500,20180615,TSLA,23.847999572753903,23.87800025939941,1,0.04592675677493316,0.0853803441408877,0.11493436572018219,0.0963843178214618,0.09250518781472529,0.2804369335949101,0.06154703379163901,0.10527123928179129,0.055294405859157354,0.06231941520031159,0.0,0.8555,0.2698181818181818
24.722000122070312,24.722000122070312,181098000,20180618,TSLA,23.87800025939941,24.722000122070312,1,0.01714285715495405,0.11714342822009305,0.017146668126015698,0.1543283578883558,0.017143756173883848,0.01714620959004015,0.017143777742319448,0.40852287349387106,0.01714326819940475,0.21713880341106176,-0.296,0.296,0.0
23.503332138061523,23.503332138061523,191428500,20180619,TSLA,24.722000122070312,23.503332138061523,0,0.048705152728552345,0.1759287191269283,0.07870697498133113,0.102515871772341,0.04129495417998508,0.031089742428397953,0.23847616094923924,0.15251893708619804,0.0393984494331849,0.09136503731384157,-0.8316,0.9286,0.16635
24.14800071716309,24.14800071716309,125755500,20180620,TSLA,23.503332138061523,24.14800071716309,1,0.01668164755185745,0.15433015234631786,0.12591123377869556,0.09129729529356728,0.016682117282304277,0.01668203080770255,0.21840347900763474,0.14069521555549494,0.09430147604922202,0.12501535232720287,-0.8346,0.9274,0.0956
23.167333602905277,23.167333602905277,119506500,20180621,TSLA,24.14800071716309,23.167333602905277,0,0.030557169098023234,0.030555555570666637,0.0305555555717071,0.14166539733843783,0.1416663843676678,0.0305556567089497,0.030555555573025864,0.14166664416054786,0.28055514613101146,0.14166693547996198,-0.128,0.0,-0.042666666666666665
22.242000579833984,22.242000579833984,153991500,20180622,TSLA,23.167333602905277,22.242000579833984,0,0.058172791847893264,0.09260527597496934,0.11187091112953725,0.1566708430027171,0.057085605502419076,0.043330978081061004,0.20326570975126815,0.054018607904141085,0.17377756333004127,0.04920171347595208,0.0,0.936,0.459975
22.200666427612305,22.200666427612305,103969500,20180625,TSLA,22.242000579833984,22.200666427612305,0,0.2286712332629852,0.06724543224103059,0.1364303053386702,0.11899845623890391,0.0655978869752972,0.06449761524593135,0.05887027645288231,0.02614916699043314,0.042226364892034116,0.19131326236183158,-0.8707,0.7906,0.17326
22.799999237060547,22.799999237060547,111787500,20180626,TSLA,22.200666427612305,22.799999237060547,1,0.12167238547181,0.01706588247186011,0.15139011913904488,0.13939346214362558,0.0837314001103109,0.06314916957808131,0.07956502727555918,0.07198211191959274,0.1953731341015382,0.07667730778857675,-0.6115,0.8478,0.16747499999999998
22.96666717529297,22.96666717529297,125005500,20180627,TSLA,22.799999237060547,22.96666717529297,1,0.07428445088826377,0.021072457829532487,0.12107255865211661,0.07738460081660627,0.021071461907257744,0.15348416377186694,0.12794573887723812,0.09249780276827975,0.2901151223077063,0.021071642181131518,-0.5325,0.5956,0.21145714285714284
23.32866668701172,23.32866668701172,125970000,20180628,TSLA,22.96666717529297,23.32866668701172,1,0.048335260546558775,0.11499946501773231,0.04833527727422674,0.048333333361231204,0.14833333332080664,0.11500372276503082,0.26499495698985254,0.0483337000936489,0.11499761726637645,0.048333333364535366,-0.4767,0.8875,0.23064
20.61066627502441,20.61066627502441,262146000,20180705,TSLA,20.724000930786133,20.61066627502441,0,0.1052169025051487,0.09891749791022672,0.13493100650585538,0.08495598475368975,0.02791288644083833,0.08267197219044022,0.09035294340918108,0.12016161247725857,0.0990940647023865,0.15578512910497436,-0.7003,0.862,0.25770952380952383
20.59333229064941,20.59333229064941,132982500,20180706,TSLA,20.61066627502441,20.59333229064941,0,0.38208972270799985,0.04557618520586678,0.04627879969482442,0.07263155753038575,0.03790651028404447,0.08090931006366793,0.1501220574141585,0.06674381939052446,0.09475564061626744,0.022986397092260046,-0.6412,0.4779,-0.07540666666666666
21.233999252319336,21.233999252319336,113952000,20180709,TSLA,20.59333229064941,21.233999252319336,1,0.0242070916975828,0.024210013683185334,0.024206587407875933,0.024209588308754932,0.024206810151077233,0.4252194549428947,0.21444296705358948,0.024206656068078567,0.19087481352864435,0.024216017158316366,0.4019,0.8858,0.6107333333333334
21.49799919128418,21.49799919128418,142072500,20180710,TSLA,21.233999252319336,21.49799919128418,1,0.1828294462534284,0.029958688706694332,0.05280376516894934,0.12158181328152566,0.11729875466890398,0.10316668707768013,0.04372105486056944,0.08977884019765954,0.11859850411095252,0.14026244567363616,-0.7506,0.9628,0.23618999999999998
21.263999938964844,21.263999938964844,73261500,20180711,TSLA,21.49799919128418,21.263999938964844,0,0.26622969255936585,0.06492911150236426,0.06744672472852468,0.08976878197308748,0.07430704972384435,0.08087484133499034,0.10110624952352006,0.058719736328233796,0.05876989567847137,0.13784791664759738,-0.4588,0.8779,0.25257142857142856
21.11400032043457,21.11400032043457,85818000,20180712,TSLA,21.263999938964844,21.11400032043457,0,0.13707716089485147,0.12554676310511848,0.02582731055931311,0.14018915171350801,0.04249284245716265,0.10249489228531317,0.14664721090642094,0.07544075415619887,0.07346036939777437,0.13082354452433853,0.0,0.8166,0.59727
21.257999420166016,21.257999420166016,88047000,20180713,TSLA,21.11400032043457,21.257999420166016,1,0.01214584563462745,0.01214285715039385,0.01214376407626325,0.0121428750964503,0.26213813712899114,0.0121430251216622,0.01214294277222585,0.012142857152802701,0.6407133660168004,0.01214432984978245,0.1027,0.7906,0.44665
21.59000015258789,21.59000015258789,84363000,20180718,TSLA,21.512666702270508,21.59000015258789,1,0.0145833333544425,0.1409444011442881,0.18016649853523037,0.13736902368505804,0.01458333335788835,0.08799258160780984,0.014584032042904049,0.256966289131828,0.01458415532090475,0.1382263518196455,-0.5106,0.1779,-0.16635000000000003
21.34866714477539,21.34866714477539,88729500,20180719,TSLA,21.59000015258789,21.34866714477539,0,0.0500053843874518,0.0500000000022432,0.549980591707204,0.0500000000024336,0.0500053754603939,0.0500027962761988,0.0500000000025932,0.0500000288047161,0.0500000000026194,0.0500058233541456,0.7783,0.7783,0.7783
20.905332565307617,20.905332565307617,77433000,20180720,TSLA,21.34866714477539,20.905332565307617,0,0.08822532244118457,0.05636075810279237,0.17935559341210347,0.0112042631745364,0.10721346755469209,0.054284579823003436,0.011204054784061898,0.11966766049290505,0.3612796763231705,0.011204623891549833,0.0,0.936,0.312
20.21333312988281,20.21333312988281,164893500,20180723,TSLA,20.905332565307617,20.21333312988281,0,0.3509808766847943,0.017414704453967318,0.3356265997844855,0.03963595300442522,0.01741390970369164,0.01741325074300076,0.12482737005031182,0.01741496848934962,0.01741448975175846,0.061857877334214884,0.0,0.7938,0.37961999999999996
20.582666397094727,20.582666397094727,106131000,20180725,TSLA,19.82866668701172,20.582666397094727,1,0.3666629576509269,0.0333333333600921,0.0333333333619512,0.0333374579772119,0.0333333333728336,0.3666662466194291,0.0333333333642717,0.0333333333686496,0.0333333375588492,0.0333333333657842,0.636,0.636,0.636
20.44333267211914,20.44333267211914,69457500,20180726,TSLA,20.582666397094727,20.44333267211914,0,0.07777730241660125,0.2747578297726433,0.08527845126002526,0.18888992827291015,0.09551570241275195,0.02222243988245375,0.1888894227751535,0.0222226879228895,0.02222323915788115,0.0222229961266898,0.0,0.2023,0.10115
19.344667434692383,19.344667434692383,102211500,20180730,TSLA,19.812000274658203,19.344667434692383,0,0.014285714296219,0.0142884736255469,0.4360077195320131,0.2495757687861928,0.0142900141898761,0.0142861493487994,0.2144072077645595,0.0142865732687643,0.0142866648922804,0.0142857142957479,0.8462,0.8462,0.8462
19.875999450683597,19.875999450683597,76153500,20180731,TSLA,19.344667434692383,19.875999450683597,1,0.08079943422603018,0.019023449493772025,0.11851421042987509,0.20491433134109893,0.06110865797187169,0.034894164557628136,0.09254241959102506,0.078964887872532,0.1236700960097324,0.1855683485064341,-0.1027,0.7906,0.3063222222222222
20.05599975585937,20.05599975585937,151941000,20180801,TSLA,19.875999450683597,20.05599975585937,1,0.0236647311612493,0.09510586257610477,0.160057893926228,0.051445027866669366,0.1255165772607264,0.11338601387877173,0.1506815381531346,0.02366545942674069,0.23281165547694366,0.02366524027343102,-0.5228,0.8746,0.35473333333333334
23.30266761779785,23.30266761779785,348225000,20180802,TSLA,20.05599975585937,23.30266761779785,1,0.0333333333480967,0.3666575831394751,0.033342349682459,0.0333333333459398,0.033333333350509,0.0333333333469134,0.3666667337435643,0.0333333333486736,0.0333333333469252,0.0333333333474433,0.0,0.0,0.0
22.79933357238769,22.79933357238769,128464500,20180806,TSLA,23.211332321166992,22.79933357238769,0,0.02380999635626665,0.02380952382658035,0.19047588706597585,0.19047278605721085,0.23809537872237177,0.0238095238294418,0.023812758999879998,0.02380952383202465,0.23809509748002256,0.02380952383022515,0.5574,0.6249,0.5911500000000001
25.30466651916504,25.30466651916504,463137000,20180807,TSLA,22.79933357238769,25.30466651916504,1,0.019524143149713496,0.22573487148939267,0.036157741453577356,0.10019021781250656,0.055237908959505845,0.06595213922254096,0.1254831726336298,0.2986953038062034,0.053500040216851404,0.019524461256078044,-0.8405,0.892,0.17345714285714284
24.689332962036133,24.689332962036133,368568000,20180808,TSLA,25.30466651916504,24.689332962036133,0,0.019765407955482598,0.0197621650144226,0.1564508962770731,0.019763089502341267,0.13759764597680932,0.019762087433314132,0.5676106019859751,0.019763194245278667,0.019763005106631634,0.019761906502671133,-0.296,0.0,-0.1244
23.69933319091797,23.69933319091797,173280000,20180810,TSLA,23.49666786193848,23.69933319091797,1,0.28019075192224363,0.28749999974403706,0.03750000004271365,0.03750000004332195,0.0375000000589822,0.03750059551062295,0.1698082393628859,0.037500000052684154,0.037500000046655046,0.03750041321585305,0.0,0.8779,0.43895
23.76066780090332,23.76066780090332,156958500,20180813,TSLA,23.69933319091797,23.76066780090332,1,0.14722237180096945,0.03611111113058913,0.03611676924592557,0.1194427287137582,0.036111111139865364,0.20277808536291111,0.03611259109449757,0.0361114750723757,0.036111111133872636,0.31388264530523496,-0.296,0.5106,0.07153333333333335
23.176000595092773,23.176000595092773,104796000,20180814,TSLA,23.76066780090332,23.176000595092773,0,0.1,0.1,0.1,0.1,0.1,0.1,0.1,0.1,0.1,0.1,0.4404,0.4404,0.4404
22.36333274841309,22.36333274841309,90960000,20180816,TSLA,22.57933235168457,22.36333274841309,0,0.0186516877322736,0.388837134377957,0.0186529678917019,0.018653141083426267,0.018651866514059166,0.06299316794322969,0.1313624322779899,0.17465299939644555,0.14889380911374356,0.018650793669172768,-0.6369,0.802,0.22523333333333337
21.459999084472656,21.459999084472656,197583000,20180821,TSLA,20.562667846679688,21.459999084472656,1,0.2749988022954595,0.1499999173713567,0.15000013665329914,0.02500000001794175,0.15000043938876845,0.025000690062127448,0.0250000000191278,0.0250000000218447,0.02500061616513155,0.14999939800494266,-0.5994,-0.4215,-0.5104500000000001
21.44266700744629,21.44266700744629,89190000,20180822,TSLA,21.459999084472656,21.44266700744629,0,0.0142862190474099,0.0142857143084855,0.2389273537144644,0.0142857143104173,0.1571389043220137,0.0142863347444575,0.0142886133128913,0.0142857143157559,0.5039292183140182,0.014286213610086,0.9166,0.9166,0.9166
21.34000015258789,21.34000015258789,77209500,20180823,TSLA,21.44266700744629,21.34000015258789,0,0.1999984885358414,0.199990616375639,0.19999332689918348,0.033334593542053204,0.0333363563469808,0.2000048068905431,0.033337874778337745,0.0333333333792893,0.03333333337405415,0.0333372698780773,0.6486,0.8976,0.7730999999999999
21.521333694458008,21.521333694458008,54039000,20180824,TSLA,21.34000015258789,21.521333694458008,1,0.0132294174268308,0.058594728382372,0.34936648365604367,0.013229373975303433,0.06084643269346507,0.13054007464352493,0.20370358090031926,0.013229404748885001,0.013231232430499068,0.1440292711427564,-0.4389,0.8881,0.05106666666666667
20.790666580200195,20.790666580200195,114736500,20180828,TSLA,21.284666061401367,20.790666580200195,0,0.0252383068451179,0.25205722214696547,0.025244755311190876,0.025238837453159874,0.02523809524686845,0.17523375984372297,0.0252381466748986,0.025240105852552423,0.07523741842923802,0.346033352196285,-0.5267,0.7506,-0.06319999999999998
20.11066627502441,20.11066627502441,80626500,20180831,TSLA,20.209999084472656,20.11066627502441,0,0.15376824338134365,0.0175007939203556,0.0953224523939263,0.0175018335035944,0.017500000018728548,0.017502422244156948,0.4400043971521127,0.20589697854173494,0.017500000014826,0.017502878829220348,0.3818,0.4404,0.4111
18.715999603271484,18.715999603271484,115812000,20180905,TSLA,19.26333236694336,18.715999603271484,0,0.0142864114531185,0.014290128548389,0.0142946281020203,0.0142859988305589,0.0142867781864018,0.0142866722122166,0.8714075875347562,0.0142857142895497,0.0142863805834917,0.0142897002594968,-0.0994,-0.0994,-0.0994
17.549333572387695,17.549333572387695,337378500,20180907,TSLA,18.729999542236328,17.549333572387695,0,0.0200072250294642,0.0200000000285859,0.4199931561059404,0.0200000000310303,0.0200000000421906,0.2200006449539787,0.2199989737030701,0.0200000000376781,0.0200000000333767,0.0200000000346844,-0.5994,-0.5994,-0.5994
18.62933349609375,18.62933349609375,137550000,20180911,TSLA,19.03333282470703,18.62933349609375,0,0.08872007821671057,0.11247179444132416,0.017263346875593565,0.0172623862796088,0.017262029579270168,0.017262109816532433,0.2553617380029595,0.3922524096127187,0.0172623338971658,0.06488177327811577,-0.296,0.2144,-0.059666666666666666
19.36933326721192,19.36933326721192,150231000,20180912,TSLA,18.62933349609375,19.36933326721192,1,0.0100000000045843,0.0100004589358548,0.3397503217337232,0.0100006690325397,0.0100000000053328,0.111572763018217,0.4786744031108772,0.0100000092530719,0.0100002274056299,0.0100011475001687,0.6908,0.6908,0.6908
19.297332763671875,19.297332763671875,95104500,20180913,TSLA,19.36933326721192,19.297332763671875,0,0.08437557996014834,0.08437773124015382,0.0843748661876727,0.05312506307773053,0.02187627869579435,0.12540957482453338,0.38472878168623365,0.02187541774330375,0.11798106809080976,0.0218756384936193,-0.3802,0.5106,-0.04694999999999998
19.68000030517578,19.68000030517578,101484000,20180914,TSLA,19.297332763671875,19.68000030517578,1,0.029545675779019,0.2143258737858074,0.029547456027307552,0.12082300963404176,0.02954619288776695,0.2795454545262576,0.029546325591649752,0.20802553981392574,0.0295489864269193,0.0295454855273044,0.5848,0.7876,0.6861999999999999
19.6560001373291,19.6560001373291,103314000,20180917,TSLA,19.68000030517578,19.6560001373291,0,0.13983743734596837,0.09059264282526354,0.12522853177068363,0.03756033681761481,0.07418072929181432,0.040149435538974404,0.2901989073285599,0.1019546591633116,0.034139620437499844,0.06615769948030914,-0.4497,0.9136,0.3524555555555555
18.997333526611328,18.997333526611328,248212500,20180918,TSLA,19.6560001373291,18.997333526611328,0,0.07489547791490105,0.0180764644771034,0.09307545153703743,0.018076800151700535,0.01807784839410485,0.37945201539185264,0.06271867863539703,0.18926845436721515,0.08630462619302903,0.06005418293765844,0.0,0.6588,0.24585
19.934667587280277,19.934667587280277,124423500,20180919,TSLA,18.997333526611328,19.934667587280277,1,0.12557960714916025,0.023333915167885997,0.12108507806408096,0.2733318840180048,0.023333333354687364,0.273332524384706,0.023334953913024533,0.02333472106885723,0.023334275584363667,0.08999970729522878,0.0,0.128,0.042666666666666665
19.8886661529541,19.8886661529541,110241000,20180920,TSLA,19.934667587280277,19.8886661529541,0,0.11631356373974013,0.03050503007361092,0.2990570766554337,0.019141637634330726,0.019142075238756228,0.1557540177470042,0.10859958309825823,0.14974537882977174,0.02933417561743288,0.07240746136566076,-0.6705,0.8805,0.2924272727272727
19.940000534057617,19.940000534057617,75757500,20180921,TSLA,19.8886661529541,19.940000534057617,1,0.0250035656138953,0.0250000000251341,0.0250000000268684,0.0250000000272448,0.0250000000370888,0.5249990108057694,0.2749959681071057,0.0250000000331455,0.0250014552932644,0.0250000000304834,0.0,0.0,0.0
19.978666305541992,19.978666305541992,72645000,20180924,TSLA,19.940000534057617,19.978666305541992,1,0.0100016405792948,0.0100009401183836,0.4928865544411937,0.209997489378652,0.0100000000314199,0.0100001665376408,0.122305039168361,0.0100014114526943,0.1148067582665418,0.0100000000258177,-0.3612,-0.3612,-0.3612
20.06599998474121,20.06599998474121,67225500,20180925,TSLA,19.978666305541992,20.06599998474121,1,0.14108627893157025,0.01714522436856545,0.29319336020404807,0.01714326607157145,0.0171439126000174,0.01714285715744955,0.01714442869838075,0.08857043626128555,0.37428645443846636,0.0171437812686448,0.1128,0.4019,0.25734999999999997
20.6386661529541,20.6386661529541,117648000,20180926,TSLA,20.06599998474121,20.6386661529541,1,0.02000679956807,0.8199790298220341,0.0200028531918128,0.0200000000196083,0.0200058526665825,0.0200019539907148,0.0200000000208975,0.0200000000238678,0.0200000000211238,0.020003510675288,0.4019,0.4019,0.4019
17.65133285522461,17.65133285522461,504745500,20180928,TSLA,20.501333236694336,17.65133285522461,0,0.0200000000198244,0.020003205542670897,0.0200107820084562,0.020001174678553,0.0200000000230749,0.02000000001824205,0.8199749105548313,0.02000430109748275,0.02000036783711465,0.02000525821974965,-0.6239,0.8585,0.11730000000000002
20.06800079345703,20.06800079345703,176152500,20181002,TSLA,20.71333312988281,20.06800079345703,0,0.014545835752883401,0.0145457139166763,0.29582945273905903,0.01454659806516095,0.014545623191208501,0.064352205697798,0.3379973322091159,0.21454032768808134,0.0145455775388443,0.01455133320117195,-0.2041,0.784,0.28995000000000004
18.788667678833008,18.788667678833008,147213000,20181004,TSLA,19.65333366394043,18.788667678833008,0,0.023572179825064286,0.1891627835649507,0.023575166823787026,0.08039834530167499,0.023571825938768158,0.02357240428007377,0.17833054259713463,0.2807150050043123,0.07119041844814843,0.10591132821608533,-0.4404,0.8658,0.11321428571428571
17.463333129882812,17.463333129882812,269167500,20181005,TSLA,18.788667678833008,17.463333129882812,0,0.013910134278447029,0.2061018518639531,0.08226856097905436,0.04403815404065667,0.023899540837442168,0.04614795347623536,0.07194997410660628,0.37886570404667375,0.09390882134082476,0.03890930503010605,-0.7345,0.5574,-0.09859000000000001
16.70400047302246,16.70400047302246,202090500,20181008,TSLA,17.463333129882812,16.70400047302246,0,0.0111111111225808,0.011111111120117,0.4555491763353256,0.0111111111208743,0.2333339347937457,0.0111175264046017,0.0111152658884131,0.0111130020321651,0.0111111111216486,0.2333266500605278,0.6593,0.6593,0.6593
17.520000457763672,17.520000457763672,180909000,20181009,TSLA,16.70400047302246,17.520000457763672,1,0.01555678168398625,0.01555676072823895,0.2872739561800197,0.14054257334474915,0.1155514634021438,0.015555555567495251,0.0155599938650626,0.0155563287026633,0.3632908594778587,0.015555727047781902,-0.2263,0.2023,-0.011999999999999997
17.125333786010742,17.125333786010742,192229500,20181010,TSLA,17.520000457763672,17.125333786010742,0,0.058333723806618755,0.14571595814088661,0.058333780541167904,0.05833681920182475,0.0583339894712103,0.05833560030649655,0.058334375670474205,0.058333333339549105,0.3876090861827247,0.058333333339046806,0.0,0.7184,0.3592
16.815332412719727,16.815332412719727,122515500,20181011,TSLA,17.125333786010742,16.815332412719727,0,0.0166666666866101,0.0166667196373442,0.4740018748926946,0.0166672691773251,0.0166666666898329,0.0166813547185114,0.3926492307958606,0.0166666884062957,0.0166668623098092,0.0166666666857157,0.1007,0.1007,0.1007
17.25200080871582,17.25200080871582,108021000,20181012,TSLA,16.815332412719727,17.25200080871582,1,0.17572110778036962,0.241671576906078,0.03913375315552107,0.13330808222687848,0.013891025501219068,0.15467565859141857,0.07698602337744447,0.013890005743270033,0.0138890531105693,0.13683371360723093,0.4215,0.8591,0.5970666666666666
17.305999755859375,17.305999755859375,93000000,20181015,TSLA,17.25200080871582,17.305999755859375,1,0.018000186784489242,0.018001171634477158,0.18462511901383516,0.01800282311852252,0.16296385239971675,0.01800119200571474,0.33512068144893487,0.018000226061192538,0.20928407296557192,0.01800067456754462,0.0,0.765,0.49602
18.439332962036133,18.439332962036133,142896000,20181016,TSLA,17.305999755859375,18.439332962036133,1,0.059006646635378426,0.017341418233795324,0.1771998635765831,0.07983885650971032,0.01734111981627475,0.14233667293573984,0.2125163396091704,0.06733897910436795,0.01734395898375845,0.20973614459522094,0.0,0.9409,0.53565
18.118667602539062,18.118667602539062,129832500,20181017,TSLA,18.439332962036133,18.118667602539062,0,0.05209779305451693,0.014697675236219232,0.33224557681635064,0.0146974460825341,0.014697021021194167,0.1264541320593352,0.22690278637734354,0.014697571069599,0.0461111997691033,0.15739879851380345,-0.4003,0.9687,0.18946666666666667
17.5939998626709,17.5939998626709,81318000,20181018,TSLA,18.118667602539062,17.5939998626709,0,0.01764070840631597,0.10096467480458153,0.1778999361323177,0.047168756841171146,0.16100768760632306,0.03494251584920132,0.09933320422109464,0.03847247246284375,0.271596304544146,0.05097373913200448,-0.296,0.8988,0.25503333333333333
17.333332061767578,17.333332061767578,140632500,20181019,TSLA,17.5939998626709,17.333332061767578,0,0.0200025087139629,0.0200031937896301,0.0200079774458542,0.6199802610348473,0.2199953513621547,0.0200000000243293,0.020004643901293,0.0200035339967209,0.0200007382882543,0.0200017914429528,0.0772,0.0772,0.0772
17.39666748046875,17.39666748046875,84004500,20181022,TSLA,17.333332061767578,17.39666748046875,1,0.1893925878201212,0.12903363370353937,0.01797103013128348,0.12457249442196694,0.2286909279392924,0.01797064444697394,0.10513040610835948,0.017968468848058798,0.15130136767583818,0.01796843890456586,0.0,0.5106,0.18250000000000002
19.60933303833008,19.60933303833008,285417000,20181023,TSLA,17.39666748046875,19.60933303833008,1,0.1644519528881184,0.01783440507012882,0.20457290710840717,0.017833867617915423,0.0678335239443951,0.01783444949146378,0.1509363013781984,0.07799232169228407,0.1928274167746239,0.08788285403446452,-0.1531,0.7817,0.33692
20.99066734313965,20.99066734313965,312610500,20181025,TSLA,19.233333587646484,20.99066734313965,1,0.10875007842515567,0.02541847507345455,0.17640736061435575,0.17125069084856348,0.025419480875355224,0.0254166666889862,0.19208514248918276,0.14616184489126896,0.10367310337339757,0.025417156720279402,-0.6808,0.6124,0.16115000000000002
22.059999465942383,22.059999465942383,411382500,20181026,TSLA,20.99066734313965,22.059999465942383,1,0.0200005424092522,0.0200003767039386,0.020000529168619035,0.22287038431542958,0.020000212889943,0.020000000013032298,0.1334331867281149,0.08702715575633417,0.2699998296829942,0.18666778233234158,0.0,0.6804,0.4136666666666667
22.32333374023437,22.32333374023437,217290000,20181029,TSLA,22.059999465942383,22.32333374023437,1,0.1016669367697993,0.1822225750566102,0.4211061141244205,0.185001468167538,0.0183337482087333,0.0183333333479771,0.01833471923892785,0.01833336989809315,0.01833397341834415,0.018333761769555902,0.0,0.2023,0.10115
22.488000869750977,22.488000869750977,114364500,20181031,TSLA,21.99333381652832,22.488000869750977,1,0.0100007436694294,0.0100006562493155,0.3822454812121431,0.1162242530082956,0.010000637698933,0.0100007738500329,0.1240667616953135,0.0100000104384297,0.1955459296974944,0.1319147524806123,0.7044,0.7044,0.7044
22.95199966430664,22.95199966430664,120001500,20181101,TSLA,22.488000869750977,22.95199966430664,1,0.11648782095838484,0.04078845470619572,0.26051112643566954,0.018413803709611022,0.01841310793169444,0.0184134982176028,0.3506869956121443,0.07404117200062038,0.08383078422204762,0.01841323620602888,-0.2617,0.5848,0.30047999999999997
23.0939998626709,23.0939998626709,117120000,20181102,TSLA,22.95199966430664,23.0939998626709,1,0.05817912135721978,0.08914591790343025,0.1731126868929007,0.21651188112012956,0.029690571592779682,0.06750430332548787,0.25928031028079374,0.07313639164818266,0.016719002494191417,0.016719813384883833,-0.3182,0.7883,0.11569999999999998
23.21066665649414,23.21066665649414,110617500,20181107,TSLA,22.73733329772949,23.21066665649414,1,0.36454627127432465,0.01619141539152668,0.01619053640490064,0.016191757696943598,0.1411930776727827,0.09284252849931872,0.04119032496041068,0.01619060310539122,0.10784765243481594,0.18761583255958472,-0.7783,0.3612,-0.05735999999999999
23.426666259765625,23.426666259765625,106360500,20181108,TSLA,23.21066665649414,23.426666259765625,1,0.3666529193332198,0.0333375935193706,0.0333368656530632,0.366658527754236,0.0333333333450574,0.0333333333426063,0.0333392578258302,0.0333333333438111,0.0333415025398441,0.0333333333429609,0.9042,0.9042,0.9042
23.367332458496097,23.367332458496097,76482000,20181109,TSLA,23.426666259765625,23.367332458496097,0,0.01833333333878165,0.01833360513988235,0.43498177925973475,0.01834693947504775,0.01833333333967265,0.01833333333834485,0.018336856259159498,0.01833333333899545,0.41833415317183853,0.0183333333385422,0.0,0.6486,0.3243
22.0853328704834,22.0853328704834,104122500,20181112,TSLA,23.367332458496097,22.0853328704834,0,0.0200032115582287,0.270219288476951,0.0200000000094315,0.0200000000095638,0.0200000000130257,0.2199967880988917,0.0200006050169591,0.020000000011639,0.0200000000103011,0.3697801067950079,0.8555,0.8555,0.8555
23.22933387756348,23.22933387756348,69385500,20181115,TSLA,22.933332443237305,23.22933387756348,1,0.2300016235287048,0.03491833850936078,0.09526687747592222,0.12995576938233247,0.08551259914960548,0.06745768726010175,0.20190163627668414,0.06745961620491704,0.06451280695061153,0.02301304526175936,-0.7579,0.6369,0.013349999999999996
23.62066650390625,23.62066650390625,108093000,20181116,TSLA,23.22933387756348,23.62066650390625,1,0.24091902047773125,0.03333610934331045,0.03333437533112005,0.24240542943164833,0.0333333333512865,0.0333369423365235,0.28333396437766256,0.0333339388421661,0.0333335531604592,0.033333333348091645,0.6378,0.7096,0.6737
23.564666748046875,23.564666748046875,145633500,20181119,TSLA,23.62066650390625,23.564666748046875,0,0.04929813421743796,0.06961994275037163,0.23384877356836103,0.15378014203281581,0.03550853477366951,0.04919561878364071,0.27838608655932245,0.01724791521149497,0.05613517647489669,0.05697967562798882,-0.5704,0.7783,0.21595384615384614
23.166000366210938,23.166000366210938,120070500,20181120,TSLA,23.564666748046875,23.166000366210938,0,0.0100009429422175,0.0100000000042106,0.0100000000045036,0.010000000004565,0.1730642559556782,0.2183176599281733,0.0100000000048669,0.0100000000055543,0.538617141145123,0.0100000000051071,0.7717,0.7717,0.7717
22.54599952697754,22.54599952697754,70302000,20181121,TSLA,23.166000366210938,22.54599952697754,0,0.0200016789721035,0.020008877995261,0.0200000000182784,0.61279993516571,0.0200060338382021,0.0200000000199617,0.0200072313395898,0.020004347711309,0.0200000000199637,0.2271718949196203,0.0,0.0,0.0
21.722000122070312,21.722000122070312,63039000,20181123,TSLA,22.54599952697754,21.722000122070312,0,0.0200000000086202,0.0200091575320798,0.619357381434472,0.0200122618975924,0.0200000000100281,0.0200000000079265,0.0200008497600815,0.220617131829674,0.020000253510993,0.0200029640085321,0.0772,0.0772,0.0772
23.06666755676269,23.06666755676269,119881500,20181126,TSLA,21.722000122070312,23.06666755676269,1,0.30837750934476493,0.18924520663037692,0.12422219210602016,0.023347917352599456,0.06501335272939195,0.0977555816490872,0.023348508768702633,0.023347815671545744,0.10611993896730079,0.03922197678020982,-0.6652,0.9183,0.21946666666666667
22.92799949645996,22.92799949645996,95374500,20181127,TSLA,23.06666755676269,22.92799949645996,0,0.0200000000219373,0.0200000000172938,0.0200000000184787,0.0200000000187325,0.2200002744676254,0.4199997550690303,0.2199999703229517,0.0200000000227956,0.0200000000201938,0.0200000000209603,0.0,0.0,0.0
23.191333770751957,23.191333770751957,61914000,20181128,TSLA,22.92799949645996,23.191333770751957,1,0.0076924464403474,0.0076924052489528,0.0891661230522938,0.0076946992674872,0.8492906740575488,0.0076924524669098,0.0076932275788798,0.0076923477030392,0.0076931490348141,0.0076924751497265,0.1007,0.1007,0.1007
22.744667053222656,22.744667053222656,46210500,20181129,TSLA,23.191333770751957,22.744667053222656,0,0.12980788665902881,0.015525285830072,0.35978602595582454,0.015525046938531819,0.08600003236577815,0.1329442556573694,0.1340271547332938,0.015523833890514921,0.09533589512527578,0.015524582844310481,0.0,0.9412,0.33826
23.365333557128903,23.365333557128903,84436500,20181130,TSLA,22.744667053222656,23.365333557128903,1,0.1985427411916906,0.0208335051239661,0.30012291396016644,0.02083533365893095,0.3554958568015377,0.020833333340787,0.02083475815615795,0.0208334037923598,0.02083482063332735,0.02083333334107585,0.0,0.1901,0.09505
23.89933204650879,23.89933204650879,124597500,20181203,TSLA,23.365333557128903,23.89933204650879,1,0.10333679472782727,0.014445472202356266,0.314435438449121,0.15888262052296884,0.014445088313729966,0.054355100109725794,0.0700058642748058,0.014444756895937902,0.18111555681720581,0.07453330768632101,-0.5267,0.408,-0.1529
23.86466789245605,23.86466789245605,172668000,20181207,TSLA,24.20400047302246,23.86466789245605,0,0.0980050146462553,0.0076923076978501,0.2554751657142276,0.0076926458624829,0.0076923077004862,0.3713946291471861,0.0076926228780827,0.2289680616828978,0.0076949369715021,0.0076923076990288,0.1324,0.1324,0.1324
24.450666427612305,24.450666427612305,94632000,20181211,TSLA,24.34333229064941,24.450666427612305,1,0.06669295448096565,0.0631958685157961,0.2805209417475282,0.033103294792201324,0.2038040241962757,0.01669309193612186,0.10394232849170013,0.06375083769143283,0.03165320847714144,0.13664344967083628,-0.0334,0.8955,0.46007999999999993
25.11933326721192,25.11933326721192,110488500,20181213,TSLA,24.440000534057617,25.11933326721192,1,0.0333333333405418,0.0333333333390128,0.3666645977243947,0.366666558183008,0.0333333333417184,0.0333333333399709,0.033335510710339,0.0333333333408241,0.0333333333399703,0.0333333333402196,0.4767,0.4767,0.4767
23.22800064086914,23.22800064086914,115110000,20181217,TSLA,24.38066673278809,23.22800064086914,0,0.0250000000605292,0.025009512575423,0.0250000000510303,0.0250038231693732,0.2750008731945572,0.2749939962260275,0.0250000000551586,0.025005102335468,0.0250000000557364,0.2749866922766961,0.0,0.0,0.0
22.46866607666016,22.46866607666016,106500000,20181218,TSLA,23.22800064086914,22.46866607666016,0,0.06352045833647564,0.11752842788135005,0.05815042658627965,0.13732073147088994,0.11752219047609155,0.1587816702583363,0.09935605887147525,0.14609709814612035,0.0794307623496352,0.022292175623345616,-0.6808,0.8356,-0.10722857142857142
22.197999954223636,22.197999954223636,124113000,20181219,TSLA,22.46866607666016,22.197999954223636,0,0.22900138820615654,0.05734454589730146,0.20613819617538146,0.09366364070926057,0.0635937099582868,0.08693355785400282,0.0638219240850063,0.04623280290083194,0.11328682102101764,0.03998341319275408,-0.4341,0.872,0.23474375
21.025333404541016,21.025333404541016,136078500,20181220,TSLA,22.197999954223636,21.025333404541016,0,0.18666429264422887,0.10515635803787327,0.020001620806965565,0.0200019099222939,0.020005570010912667,0.2422098771258641,0.2703275007514884,0.020000669365987902,0.0956277731373565,0.020004428197028398,-0.3595,0.8953,0.10459999999999998
21.31800079345703,21.31800079345703,120252000,20181221,TSLA,21.025333404541016,21.31800079345703,1,0.3845064504425767,0.0333338557450533,0.0333333333669682,0.0333333333674352,0.0333333333798028,0.0333333333700762,0.0333333333696999,0.0333333333748568,0.0333333333701134,0.348826360213417,-0.5994,-0.5994,-0.5994
19.69266700744629,19.69266700744629,83398500,20181224,TSLA,21.31800079345703,19.69266700744629,0,0.019820095386746058,0.01981818184314838,0.01981825452521804,0.01981822256459332,0.01981993839560276,0.29667965116417994,0.23495164514093822,0.17477805741270075,0.06981630622415858,0.12467964734271342,0.0,0.3612,0.1085
21.73933219909668,21.73933219909668,122446500,20181226,TSLA,19.69266700744629,21.73933219909668,1,0.10898590128070934,0.09931710116579676,0.30268746107126554,0.09299343780896029,0.10476121315330185,0.02265686881840214,0.08266851401498788,0.033804384349999654,0.09163561698720939,0.06048950134936667,-0.5267,0.6751,0.26363333333333333
21.07533264160156,21.07533264160156,128626500,20181227,TSLA,21.73933219909668,21.07533264160156,0,0.14749811172890664,0.022500324177091552,0.022502820100615502,0.42249524915336567,0.022501381071315052,0.022500000032168697,0.14749796262223824,0.14749871289328859,0.0225036734764232,0.02250176474458625,0.0,0.6588,0.3294
22.257999420166016,22.257999420166016,149085000,20181228,TSLA,21.07533264160156,22.257999420166016,1,0.0333333333425928,0.3773850640986406,0.3559372177213749,0.0333386289688024,0.0333333333441102,0.0333333333418531,0.0333371805629304,0.0333335240043791,0.0333350512731298,0.0333333333421864,0.5983,0.5983,0.5983
22.18666648864746,22.18666648864746,94534500,20181231,TSLA,22.257999420166016,22.18666648864746,0,0.0250006713525549,0.0250003443318303,0.0250007147216837,0.0250118187891547,0.0250000000266203,0.0250009428806477,0.5249845101925178,0.2749991013946095,0.0250010887789653,0.0250008075314155,0.6908,0.6908,0.6908
20.02400016784668,20.02400016784668,104478000,20190103,TSLA,20.67466735839844,20.02400016784668,0,0.019645651851791603,0.0196429496964947,0.24337263179075516,0.2339298180272725,0.24285258592478579,0.08214118370286583,0.019643341783141477,0.01964443293287055,0.09948386662370202,0.01964353766631995,0.0,0.6588,0.255
21.179332733154297,21.179332733154297,110911500,20190104,TSLA,20.02400016784668,21.179332733154297,1,0.0500000000167705,0.0500000000132148,0.0500003025552841,0.0500000000143286,0.5499996973208209,0.0500000000154252,0.0500000000152637,0.050000000017428,0.050000000015443,0.0500000000160209,0.0,0.0,0.0
22.33066749572754,22.33066749572754,113268000,20190107,TSLA,21.179332733154297,22.33066749572754,1,0.03209894976775988,0.014764314123007084,0.09756947723029274,0.21158882272767543,0.0329656622236413,0.08012194092262874,0.29026059386011066,0.014763619523973301,0.15184188909191965,0.07402473052899079,0.0,0.3788,0.24803333333333333
22.568666458129883,22.568666458129883,81493500,20190109,TSLA,22.356666564941406,22.568666458129883,1,0.10230137636142154,0.0141688457270446,0.014170441565600834,0.11415965850312715,0.31033048849314043,0.014166990142706734,0.014167899238831534,0.1575250866296235,0.20966559754356243,0.049343615794940836,-0.5267,0.3818,-0.04829999999999999
22.99799919128418,22.99799919128418,90846000,20190110,TSLA,22.568666458129883,22.99799919128418,1,0.11714183718157,0.4457130567621988,0.31714252623930017,0.0171434052627971,0.0171429690115508,0.0171431849213107,0.0171439220605139,0.017143003250083402,0.017143122643950202,0.01714297266672455,0.5255,0.7845,0.655
23.15066719055176,23.15066719055176,75586500,20190111,TSLA,22.99799919128418,23.15066719055176,1,0.01944577924476125,0.0194444444532626,0.019444444453876976,0.05004521754674315,0.35697655229316144,0.06079316346288123,0.20694185314665522,0.08194438956831518,0.16551849178092015,0.01944566404942235,0.0,0.0,0.0
23.06999969482422,23.06999969482422,70375500,20190116,TSLA,22.96199989318848,23.06999969482422,1,0.022551893399711,0.12254606500696913,0.022549883130814925,0.07370834191633907,0.022548660560659125,0.3963208275799073,0.10398373867755402,0.0225480921147419,0.15839539923233678,0.0548470983809664,-0.4201,0.2374,-0.105225
23.15399932861328,23.15399932861328,55150500,20190117,TSLA,23.06999969482422,23.15399932861328,1,0.07662336169805062,0.058293425314680486,0.418862290797311,0.0206561304017494,0.020655580811697348,0.11468815160748623,0.14174138829727106,0.020655306040538425,0.07065600498124347,0.05716836004997157,0.0,0.8442,0.401825
19.92799949645996,19.92799949645996,181000500,20190122,TSLA,20.15066719055176,19.92799949645996,0,0.2824714876439168,0.0196679921720926,0.36838775168692056,0.059665931704868023,0.019666979841511438,0.01966735584144144,0.10094236745459344,0.056858761985277964,0.01967147152494128,0.052999900144435966,0.0,0.6369,0.24176000000000003
19.172666549682617,19.172666549682617,187950000,20190123,TSLA,19.92799949645996,19.172666549682617,0,0.3330760048784566,0.0106608893989224,0.0372930278947825,0.010661353136682669,0.010660350033588934,0.0723353789395214,0.010660195599224133,0.17959433337091257,0.23864269315692158,0.09641577359098667,-0.5719,0.75,0.08800000000000001
19.80266761779785,19.80266761779785,108744000,20190125,TSLA,19.43400001525879,19.80266761779785,1,0.025561398990270916,0.136663322438317,0.0680849282075442,0.20055026352896146,0.11104923759236629,0.0255585321745195,0.19006162081528047,0.060252790322639145,0.0672234674384169,0.11499443849168356,0.0,0.8832,0.43598333333333333
19.7586669921875,19.7586669921875,96349500,20190128,TSLA,19.80266761779785,19.7586669921875,0,0.0416666666776146,0.041666666675285055,0.20833239890004612,0.20833053496247014,0.0416684035481248,0.29166666658252843,0.041667605584122955,0.041666666678035855,0.0416666666767546,0.041667723715017105,0.0,0.6249,0.31245
20.584667205810547,20.584667205810547,168754500,20190130,TSLA,19.83066749572754,20.584667205810547,1,0.23548318461108494,0.19027769449287535,0.26312511096977154,0.10694461181756124,0.02361225329933375,0.02361159237646765,0.023612724193864825,0.02361120330922175,0.0236111111211701,0.08611051380864844,-0.5994,0.2827,-0.174625
20.468000411987305,20.468000411987305,188538000,20190131,TSLA,20.584667205810547,20.468000411987305,0,0.060740331332539386,0.04032428917160611,0.2944229829889901,0.048976925626377565,0.017811953811662718,0.14281612342541863,0.07889241677337157,0.03664028814266988,0.24557099927631584,0.0338036894510478,0.0,0.9698,0.41773333333333335
20.81399917602539,20.81399917602539,109251000,20190201,TSLA,20.468000411987305,20.81399917602539,1,0.43660321766607985,0.05999401833627234,0.02879026239650489,0.025173766607811513,0.023161014996494672,0.14041679143642102,0.06926791335610566,0.07929052528994388,0.1104330350167493,0.026869454897616402,-0.34,0.875,0.20772857142857143
20.85933303833008,20.85933303833008,110281500,20190204,TSLA,20.81399917602539,20.85933303833008,1,0.06581812757876489,0.07435700400379128,0.02435756004411862,0.17767172423514538,0.049357342558641,0.21006905721729785,0.024359301683620018,0.29006657654165197,0.05958502475831133,0.02435828137865716,-0.2023,0.8038,0.28428
21.14800071716309,21.14800071716309,75577500,20190206,TSLA,21.42333221435547,21.14800071716309,0,0.1320400756107641,0.10637497115665147,0.211069229596317,0.061439976888970904,0.015556315804528634,0.015556912014281632,0.2166733272479323,0.21017282033474913,0.015558001944746167,0.015558369401058267,0.0,0.1779,0.0593
20.500667572021484,20.500667572021484,97809000,20190207,TSLA,21.14800071716309,20.500667572021484,0,0.16647942236838306,0.12796858576437642,0.05389710947701246,0.016860167659587984,0.07527757090036687,0.04802054739371636,0.016859511071165283,0.10455683861601438,0.37322036466614555,0.016859882083231168,0.0,0.8885,0.3317333333333334
20.38666725158692,20.38666725158692,87663000,20190208,TSLA,20.500667572021484,20.38666725158692,0,0.3939337153879047,0.013397641031306667,0.0134048224419168,0.0133997765761427,0.14752338074263543,0.13911954751028024,0.03904006588603523,0.013397596375370168,0.21338592112940422,0.013397532919003368,-0.296,0.5267,0.07689999999999998
20.856000900268555,20.856000900268555,106945500,20190211,TSLA,20.38666725158692,20.856000900268555,1,0.14886449866928994,0.06988413340271779,0.05489723280874572,0.0700706239671432,0.04749098614109393,0.07777367967189772,0.0583247555936257,0.1748222410739938,0.19076271206220366,0.10710913660928814,-0.3291,0.8947,0.43322727272727274
20.544666290283203,20.544666290283203,77124000,20190213,TSLA,20.78733253479004,20.544666290283203,0,0.2673472039480794,0.018437142288713935,0.10353913258978469,0.0184373897532961,0.09692920117691,0.018437387484368534,0.12489406970558814,0.12100164886655697,0.21253860794577495,0.0184382162409269,-0.5023,0.7178,0.15516666666666667
20.251333236694336,20.251333236694336,78012000,20190214,TSLA,20.544666290283203,20.251333236694336,0,0.0423808579936199,0.04716935309135895,0.22648493328019045,0.13307239968839982,0.022844249103510652,0.06451186375371022,0.15576981170151838,0.17381908950522842,0.11110290166839193,0.022844540214070817,0.2023,0.765,0.4804833333333333
20.17066764831543,20.17066764831543,107131500,20190220,TSLA,20.375999450683597,20.17066764831543,0,0.08583442544801605,0.0721176102731378,0.4691683129567516,0.01916734724273213,0.019167181167109765,0.0191666666710814,0.25787768530031163,0.019166687819604834,0.019166985971276633,0.019167097149977764,0.0,0.0,0.0
19.415332794189453,19.415332794189453,133638000,20190221,TSLA,20.17066764831543,19.415332794189453,0,0.22019991404171946,0.04025889691254733,0.05796751465550266,0.03233552666320758,0.1252982410769163,0.18607030857632506,0.06413260692724554,0.13597527777712362,0.08950475050344582,0.048256962865966306,-0.5719,0.7964,0.12354210526315788
19.6473331451416,19.6473331451416,86109000,20190222,TSLA,19.415332794189453,19.6473331451416,1,0.2135133240907706,0.01078561206827824,0.056896174843812285,0.01078454558596518,0.12028921632788725,0.11333410227734982,0.13022712141708254,0.03305524774432923,0.284525782903334,0.0265888727411903,-0.6082,0.3182,-0.14975999999999998
19.857332229614254,19.857332229614254,128737500,20190226,TSLA,19.917999267578125,19.857332229614254,0,0.32592820461110944,0.022529491390172927,0.02252920421103623,0.11925738853905674,0.04693221372154505,0.12559236722557937,0.02253144269600197,0.07411684852764155,0.1802347274147435,0.06034811166311278,-0.4767,0.9538,0.3360142857142857
20.982667922973636,20.982667922973636,167758500,20190227,TSLA,19.857332229614254,20.982667922973636,1,0.02777777782138687,0.027779726182619497,0.1388918178065055,0.27777161782847126,0.027780391450817635,0.13888976418409815,0.1111086349297013,0.11111091965431757,0.02777777781792817,0.11111157232415357,-0.3595,0.0,-0.2185
21.32533264160156,21.32533264160156,157810500,20190228,TSLA,20.982667922973636,21.32533264160156,1,0.14114606706649177,0.21001007788245263,0.25225344011551726,0.1902435758343307,0.09176157552376432,0.0229168761807189,0.02291714349047875,0.022916666675794423,0.02291715507650655,0.022917422153944274,0.0,0.3182,0.2216
19.652666091918945,19.652666091918945,343671000,20190301,TSLA,21.32533264160156,19.652666091918945,0,0.042531719374270624,0.0497902434226798,0.14299632766878326,0.2707824397690783,0.06876535006574222,0.0179956375501271,0.15510955931886455,0.1374275978607059,0.09660625712926382,0.017994867840484,0.144,0.6369,0.389475
19.02400016784668,19.02400016784668,256452000,20190304,TSLA,19.652666091918945,19.02400016784668,0,0.0083337785568678,0.0083349573611428,0.0083413659870015,0.0083391037266663,0.0083430394256406,0.0083375698698558,0.2062340062266976,0.0083333333645599,0.1148799989840686,0.6205228464974986,-0.586,-0.586,-0.586
18.43600082397461,18.43600082397461,281470500,20190305,TSLA,19.02400016784668,18.43600082397461,0,0.04167017353428325,0.0416668957177353,0.20832767996115964,0.04167049870457335,0.0416666666746111,0.45832453312039667,0.041668566426867046,0.041666760607911246,0.04166751310404815,0.0416707121484138,-0.34,0.3612,0.010599999999999998
18.439332962036133,18.439332962036133,141637500,20190307,TSLA,18.416000366210938,18.439332962036133,1,0.19838770868387462,0.04854740121475321,0.3160955318973505,0.08179170483585131,0.013606398842868475,0.101584428862703,0.07901044743392946,0.013606232004554013,0.13376367542453602,0.0136064707995789,-0.5709,0.9186,0.3450875
18.94266700744629,18.94266700744629,132294000,20190308,TSLA,18.439332962036133,18.94266700744629,1,0.11454200852359478,0.08950060001916013,0.06881550269016394,0.05051667533698669,0.09995277004157291,0.19224658014506896,0.02138655445638158,0.021383856528736263,0.18694859389361482,0.15470685836471945,0.0,0.7263,0.30558
19.39466667175293,19.39466667175293,110884500,20190311,TSLA,18.94266700744629,19.39466667175293,1,0.02083348277187215,0.5533715150296045,0.02083401843901115,0.020833426470047503,0.1549600233152736,0.0208334631020229,0.1458337879664369,0.020833333344499848,0.02083345223566875,0.020833497325562347,0.3818,0.4404,0.4111
18.89066696166992,18.89066696166992,112561500,20190312,TSLA,19.39466667175293,18.89066696166992,0,0.10457578081859384,0.3821526872831503,0.05892205795973728,0.018866570592784827,0.09696071115220196,0.01886626965701956,0.14548516503613745,0.047439198256458114,0.031675599881183014,0.09505595936273317,-0.3802,0.0,-0.14517142857142856
19.263999938964844,19.263999938964844,102670500,20190313,TSLA,18.89066696166992,19.263999938964844,1,0.03333418132515465,0.36665848920460614,0.0333373052924318,0.033334282986501346,0.1999981396773689,0.0333333333535768,0.20000266287365623,0.033333333356210096,0.033334007998134296,0.0333342639323595,0.0,0.0,0.0
19.33066749572754,19.33066749572754,106551000,20190314,TSLA,19.263999938964844,19.33066749572754,1,0.10681070587454933,0.17294767365247896,0.19620890852068643,0.014484315385163565,0.0144845171259358,0.1337992355787575,0.11847517412005537,0.08469526113640256,0.014484757721933235,0.14360945088403687,-0.3612,0.0516,-0.09460000000000002
18.36199951171875,18.36199951171875,221782500,20190315,TSLA,19.33066749572754,18.36199951171875,0,0.0333333333554774,0.6999999998093113,0.0333333333519982,0.0333333333522506,0.0333333333591093,0.0333333333537054,0.033333333353578,0.0333333333563447,0.0333333333537277,0.033333333354497,0.0,0.0,0.0
18.26799964904785,18.26799964904785,89206500,20190321,TSLA,18.239999771118164,18.26799964904785,1,0.02142865240266127,0.0214370713076048,0.27141564032854526,0.307135322367367,0.2714297984988969,0.021428988770047164,0.021431981606394996,0.02142940614459817,0.021428653474664935,0.021434485099219167,-0.296,0.6369,0.11363333333333335
17.635332107543945,17.635332107543945,131184000,20190322,TSLA,18.26799964904785,17.635332107543945,0,0.1570830801901293,0.16957926705716903,0.2112465996590698,0.10708376684307334,0.06746944618819965,0.023752892018756702,0.023751026252673675,0.08224013157019959,0.08625244753396899,0.07154134268675941,-0.2263,0.9787,0.4665
17.3613338470459,17.3613338470459,153225000,20190325,TSLA,17.635332107543945,17.3613338470459,0,0.0166668214963059,0.0166668986108371,0.0166742583429946,0.0166666666736782,0.0166666666762166,0.8499917936592926,0.016666894516749,0.0166666666751959,0.0166666666742213,0.0166666666745087,0.0,0.0,0.0
17.851333618164062,17.851333618164062,110263500,20190326,TSLA,17.3613338470459,17.851333618164062,1,0.1505325591590949,0.040850745757767065,0.1949532269888259,0.13247434047673579,0.03894602962662572,0.21231548070649278,0.0356409407614013,0.05126627814404047,0.06901952933417807,0.07400086904483766,-0.4497,0.9603,0.3385875
18.32200050354004,18.32200050354004,131688000,20190327,TSLA,17.851333618164062,18.32200050354004,1,0.0142857143052646,0.0142857372102333,0.8714025675479045,0.014299029945009,0.0142857143084473,0.0142857143036995,0.0142907673092247,0.0142857237020487,0.0142869531727406,0.0142920781954274,0.807,0.807,0.807
18.57466697692871,18.57466697692871,101611500,20190328,TSLA,18.32200050354004,18.57466697692871,1,0.0166666666787697,0.0166673032987632,0.2562799555870711,0.0166669570985753,0.0166675430711632,0.0166679927848411,0.3540049096501838,0.0166666666792502,0.0166666666778166,0.2730453384735656,0.5326,0.5326,0.5326
18.65733337402344,18.65733337402344,89869500,20190329,TSLA,18.57466697692871,18.65733337402344,1,0.26635628091479374,0.01500046290093606,0.1063066114562842,0.06499988366395598,0.01500012290877556,0.01500090424033114,0.3128868584316278,0.01500028578377616,0.09778099932232484,0.09166759037719421,0.1027,0.8689,0.49432
19.27866744995117,19.27866744995117,121656000,20190401,TSLA,18.65733337402344,19.27866744995117,1,0.022500000010355452,0.0225002713879913,0.5474951973341264,0.022505510674908,0.022500823887964302,0.02250236861784195,0.02250552712508945,0.2724876765054888,0.0225000919904559,0.02250253246577815,0.0,0.442,0.221
19.058666229248047,19.058666229248047,82183500,20190402,TSLA,19.27866744995117,19.058666229248047,0,0.394932148160169,0.0250012993653306,0.4050530373860778,0.0250034304826888,0.0250000000299354,0.0250019135342164,0.0250000000234328,0.0250033054434487,0.0250048655500997,0.0250000000246005,0.4588,0.4588,0.4588
19.45400047302246,19.45400047302246,118791000,20190403,TSLA,19.058666229248047,19.45400047302246,1,0.02419156381540326,0.11479010934655905,0.31589824969229785,0.06612605740717252,0.12419242752700196,0.06864054991269006,0.0241938376534056,0.1041889769073581,0.13358764420046162,0.02419058353764964,0.0,0.7422,0.28432
17.851999282836914,17.851999282836914,355810500,20190404,TSLA,19.45400047302246,17.851999282836914,0,0.024001131363148638,0.06400134659109294,0.2900390142777688,0.06399922814747015,0.02400146608976102,0.2039959582677358,0.1379598546428115,0.02400029500308264,0.02400078371858652,0.14400092189854163,0.0,0.8591,0.42112
18.33066749572754,18.33066749572754,195574500,20190405,TSLA,17.851999282836914,18.33066749572754,1,0.018834181969943388,0.03140010958103713,0.3417173873250644,0.01883352170954548,0.018834263393844038,0.1414323296809082,0.17292086410867608,0.0188336294361793,0.19790693232288017,0.039286780471921426,-0.4215,0.5106,0.12683
18.21333312988281,18.21333312988281,156156000,20190408,TSLA,18.33066749572754,18.21333312988281,0,0.014486576620502635,0.0144865000527016,0.2195563036458652,0.014485170191545334,0.062106446941240435,0.014486688435364133,0.4768474791979795,0.06210268441249991,0.05933677545502567,0.062105375047275126,-0.0258,0.0516,0.0086
18.15399932861328,18.15399932861328,88560000,20190409,TSLA,18.21333312988281,18.15399932861328,0,0.0166666852985165,0.0166703017579458,0.0166678915418595,0.0166693587467962,0.0166678898802348,0.0166700076079113,0.4768483146920615,0.0166697534390811,0.3898031303321644,0.0166666667034284,0.0,0.0,0.0
18.40399932861328,18.40399932861328,105919500,20190410,TSLA,18.15399932861328,18.40399932861328,1,0.07794357375886443,0.022757203398406728,0.08525664698016006,0.022757081767471925,0.061217875628875575,0.13100083560772227,0.14775358543336242,0.0852566532259843,0.20911293200791145,0.15694361219124042,-0.296,0.4019,0.017625000000000002
17.84666633605957,17.84666633605957,101190000,20190412,TSLA,17.89466667175293,17.84666633605957,0,0.11762996491027718,0.14066475063925818,0.020668409838096542,0.020667644296684738,0.14365564946800122,0.07879688173987782,0.3340429823063273,0.02066775620954128,0.06253903678644014,0.06066692380549512,-0.2732,0.4939,0.20882
17.7586669921875,17.7586669921875,150579000,20190415,TSLA,17.84666633605957,17.7586669921875,0,0.2462673351232113,0.01168874528220625,0.44025982151227405,0.0116883365482085,0.0116904318500067,0.07716591073234765,0.01168856585677695,0.0949297209495304,0.08293214323091015,0.011688988914527701,0.296,0.3612,0.3286
18.224000930786133,18.224000930786133,109093500,20190416,TSLA,17.7586669921875,18.224000930786133,1,0.02166711548556605,0.02167500303595305,0.23374803830073204,0.4762998129802261,0.0216670259620987,0.02166944186561945,0.02166699819556895,0.07885040707724265,0.081087856136008,0.0216683009609846,0.296,0.6284,0.46219999999999994
17.516666412353516,17.516666412353516,182206500,20190422,TSLA,18.21733283996582,17.516666412353516,0,0.020833333349966898,0.0208343907229476,0.27082925529276936,0.27083269070930077,0.02083608845444325,0.14583105228442994,0.02083391163297845,0.0208333451000897,0.0208374193170762,0.1874985131359974,0.0,0.6114,0.3057
17.593332290649414,17.593332290649414,164158500,20190423,TSLA,17.516666412353516,17.593332290649414,1,0.04988403916326728,0.06332770030890908,0.3123548276643519,0.03238469114236918,0.050821329646169255,0.07246423669112134,0.09407393442193558,0.11271658920718855,0.079387501900901,0.1325851498537864,-0.9638,0.7003,-0.17427
17.243999481201172,17.243999481201172,160912500,20190424,TSLA,17.593332290649414,17.243999481201172,0,0.022516144240729726,0.15167976375419837,0.07906206864139692,0.06977901327141678,0.22455126433360736,0.02251576237004694,0.0373520352616786,0.022515206430040624,0.22251411834560592,0.1475146233512783,0.0,0.3182,0.1021125
16.5086669921875,16.5086669921875,327741000,20190425,TSLA,17.243999481201172,16.5086669921875,0,0.13253999103786449,0.09395555538021116,0.1880948265531157,0.021428786846120863,0.2946493010889763,0.021428707933342634,0.021431543434525635,0.0214287833868903,0.072502228274079,0.13254027606487348,0.0,0.0,0.0
15.675999641418455,15.675999641418455,335410500,20190426,TSLA,16.5086669921875,15.675999641418455,0,0.0166688391925212,0.0166666666779407,0.0166668347816995,0.0166790351913412,0.0166666666832774,0.0166669008471391,0.8499848005260817,0.0166666666815086,0.0166669227381842,0.016666666680306,0.807,0.807,0.807
16.097999572753906,16.097999572753906,250717500,20190429,TSLA,15.675999641418455,16.097999572753906,1,0.14333424605930173,0.043333415177107704,0.043334900840604776,0.1433332177130123,0.04333357102858572,0.30999544645474375,0.04333407661405042,0.0433333333479956,0.04333396966931888,0.1433338230952788,0.0,0.8481,0.16962
15.912667274475098,15.912667274475098,141969000,20190430,TSLA,16.097999572753906,15.912667274475098,0,0.0333333333403218,0.0333382930297466,0.6999704984801939,0.0333359669865653,0.0333333333414593,0.0333552414616484,0.0333333333396956,0.0333333333405959,0.033333333339763,0.0333333333400098,-0.7351,-0.7351,-0.7351
17.022666931152344,17.022666931152344,162508500,20190506,TSLA,17.00200080871582,17.022666931152344,1,0.026116365560604534,0.026112224617570266,0.276101769264585,0.09277806017228203,0.026113999198586767,0.1594445589623613,0.0261127108414141,0.0261164587604098,0.3149927414968317,0.026111111125354036,0.0,0.4404,0.1468
16.470666885375977,16.470666885375977,151971000,20190507,TSLA,17.022666931152344,16.470666885375977,0,0.1481637188085512,0.02816692008338028,0.17499859680624344,0.13800084724047465,0.07003338316660505,0.02816774460146786,0.1612986277731681,0.12816697543575878,0.028169283100326858,0.09483390298402328,-0.5423,0.34,0.0335
16.32266616821289,16.32266616821289,92646000,20190508,TSLA,16.470666885375977,16.32266616821289,0,0.08043610600386458,0.017113427970007873,0.48339915635593866,0.01711359711357045,0.01711330466060285,0.01711313131109465,0.20880039975080314,0.017115695038582474,0.12468107826509499,0.017114103530439875,0.0,0.4404,0.299725
16.131999969482422,16.131999969482422,100671000,20190509,TSLA,16.32266616821289,16.131999969482422,0,0.136904923196537,0.04166762058543709,0.3551663411555042,0.04166686781088909,0.0416671758359669,0.08928498650830288,0.09721209447252256,0.11309523810990617,0.04166666668123602,0.04166808564369767,-0.3818,0.7906,0.1006857142857143
15.968000411987305,15.968000411987305,105124500,20190510,TSLA,16.131999969482422,15.968000411987305,0,0.2641653304981768,0.17233473154988052,0.24865451306424308,0.0638317862434551,0.022333333344652977,0.13934182873836545,0.0223352055032605,0.022334962609616878,0.02233360944906098,0.02233469899928736,-0.5994,0.7003,-0.16946
15.487333297729492,15.487333297729492,108786000,20190514,TSLA,15.133999824523926,15.487333297729492,1,0.021252580591808748,0.021250000005956123,0.021258129434029875,0.1879152273829602,0.28539124639881464,0.20188131528706477,0.08375199881846293,0.07601168894717665,0.08003579430605574,0.02125201882766995,0.0,0.5256,0.22169999999999998
15.463333129882812,15.463333129882812,109440000,20190515,TSLA,15.487333297729492,15.463333129882812,0,0.7749640006443139,0.0250204680251888,0.0250024987856364,0.0250000000286578,0.0250030546404429,0.0250000000308338,0.025006183254601,0.0250000000348554,0.0250000000308996,0.0250037945245699,0.0,0.0,0.0
15.222000122070312,15.222000122070312,112249500,20190516,TSLA,15.463333129882812,15.222000122070312,0,0.0310055905226677,0.07662117544403967,0.031006432392199013,0.056645635501731996,0.12242093079301415,0.33837777642080574,0.11433645826817011,0.031004273519252515,0.08819445844149432,0.11038726869662441,0.0,0.8883,0.36003333333333337
14.0686674118042,14.0686674118042,266800500,20190517,TSLA,15.222000122070312,14.0686674118042,0,0.015133486100642532,0.06275117917033714,0.11257916703001507,0.015132275151124135,0.17762495595821517,0.12941733783464573,0.13482548532211128,0.015133713487950966,0.17941312299187895,0.15798927695307866,-0.7269,0.0,-0.3622
13.67199993133545,13.67199993133545,270058500,20190521,TSLA,13.690667152404783,13.67199993133545,0,0.026112736375801932,0.0261156456542377,0.15944296559871438,0.10944434256790136,0.026111322577461866,0.10944582053330672,0.026115664482989565,0.3983191898051113,0.02611174944966857,0.09278056295480623,-0.2263,0.25,0.0672
12.84866714477539,12.84866714477539,280278000,20190522,TSLA,13.67199993133545,12.84866714477539,0,0.0100025559557413,0.0100000000117219,0.010000000012538,0.0100016363699399,0.010000165398857,0.0100075793711012,0.0100000000135485,0.5236893223596931,0.3962987404926443,0.0100000000142142,-0.4754,-0.4754,-0.4754
13.03266716003418,13.03266716003418,398206500,20190523,TSLA,12.84866714477539,13.03266716003418,1,0.3699759492644784,0.01739528254047078,0.0631177136411266,0.017397104197959135,0.08626640839701526,0.04599128633334343,0.0997055063920357,0.15417228203802907,0.11261351911584871,0.03336494807969243,-0.5221,0.7184,0.1090764705882353
12.708666801452637,12.708666801452637,212049000,20190524,TSLA,13.03266716003418,12.708666801452637,0,0.32485342270064543,0.09007986086672486,0.0949495340698636,0.04538791846454331,0.02090418335010329,0.14157760457546562,0.03150892072802029,0.09577154959362785,0.08557918957718436,0.06938781607382097,-0.2714,0.6705,0.2251090909090909
12.579999923706056,12.579999923706056,154693500,20190528,TSLA,12.708666801452637,12.579999923706056,0,0.0333333333944066,0.033342977660579,0.0333333333847219,0.0333333333854692,0.0333333334042516,0.3666558796083077,0.3666678089843776,0.0333333333968162,0.0333333333894687,0.0333333333916009,0.8225,0.8225,0.8225
12.657333374023438,12.657333374023438,179529000,20190529,TSLA,12.579999923706056,12.657333374023438,1,0.0277777778067685,0.027778019267464833,0.17654599631154475,0.11637258973357112,0.13888705931599793,0.027781438241017403,0.027779778785544263,0.14065820216714733,0.15501246338027153,0.16140667499067188,-0.7579,0.1531,-0.39223333333333327
12.54800033569336,12.54800033569336,118897500,20190530,TSLA,12.657333374023438,12.54800033569336,0,0.20698925730899045,0.033843890051203536,0.16948943371075387,0.08372427673810806,0.015324414571287666,0.17833156416492824,0.07983363925122432,0.1366902735454443,0.08044582296886524,0.015327427689193818,-0.7906,0.8934,0.24021666666666666
12.343999862670898,12.343999862670898,156100500,20190531,TSLA,12.54800033569336,12.343999862670898,0,0.0884143106064984,0.21584260625740867,0.129692740014288,0.021746866746358902,0.021748839270710522,0.08841177790984364,0.07174827229473145,0.021746843649344223,0.3188995357909274,0.021748207459888442,-0.25,0.4588,0.11664
11.9313325881958,11.9313325881958,195966000,20190603,TSLA,12.343999862670898,11.9313325881958,0,0.0166710095074197,0.0166711915122605,0.2643938026860831,0.0166676912313206,0.0166666666819593,0.0166671406433282,0.4347779834425623,0.1841508483298813,0.0166669992859501,0.0166666666792344,0.0,0.0,0.0
12.90666675567627,12.90666675567627,207112500,20190604,TSLA,11.9313325881958,12.90666675567627,1,0.36902145613986653,0.016906363747026126,0.27430536273602185,0.016905621183848977,0.01690836222718365,0.09072003675448963,0.09308578822152878,0.016907362945580626,0.0169051765053458,0.0883344695391076,-0.1531,0.0516,-0.025375
13.105999946594238,13.105999946594238,202662000,20190605,TSLA,12.90666675567627,13.105999946594238,1,0.0200056585781812,0.0200013734047786,0.0200005353846724,0.0200000000104592,0.0200000897966508,0.0200000000112532,0.6199922256716033,0.2199982951601312,0.0200018219304778,0.0200000000517921,0.0,0.0,0.0
14.19200038909912,14.19200038909912,158775000,20190610,TSLA,13.633333206176758,14.19200038909912,1,0.026668136526099125,0.07666338613684195,0.1766701638994841,0.026667262034986552,0.0266694062077757,0.02666691409813405,0.026666931840400726,0.07666697054986672,0.24333317705453442,0.29332765165187624,0.4201,0.7959,0.537575
14.473333358764648,14.473333358764648,174802500,20190611,TSLA,14.19200038909912,14.473333358764648,1,0.33490494263223963,0.06484268498995305,0.016072097158321752,0.2368174535405064,0.0160714285955237,0.142004031238548,0.0160727179661069,0.016072209285062852,0.016071833114734,0.14107060147900322,-0.6486,-0.4939,-0.57125
13.95066738128662,13.95066738128662,227962500,20190612,TSLA,14.473333358764648,13.95066738128662,0,0.02666687541567265,0.026669433896725,0.42666453133774035,0.19333101544386655,0.02666680933708495,0.026666666673299103,0.026667402573065047,0.0266694434864876,0.0266671899480146,0.1933306318880437,0.1531,0.5719,0.3625
14.260666847229004,14.260666847229004,122524500,20190613,TSLA,13.95066738128662,14.260666847229004,1,0.0233352283851847,0.023340372014101333,0.45144023745809675,0.023337741967656336,0.023336093643652068,0.11610971587697126,0.18054844570926284,0.1118808596405681,0.023334498087535432,0.023336807216970932,0.0,0.7269,0.3627
14.32800006866455,14.32800006866455,111501000,20190614,TSLA,14.260666847229004,14.32800006866455,1,0.0122222523934416,0.012222477943874,0.012226389936127733,0.17888941431436498,0.21491346437797165,0.012222370085425533,0.4206370924155692,0.012222756620360466,0.012223964677224733,0.11221981723563963,0.0,0.6249,0.3355666666666666
15.001999855041504,15.001999855041504,184752000,20190617,TSLA,14.32800006866455,15.001999855041504,1,0.07508581221341862,0.04133368355706612,0.041333866020386,0.041333333346528,0.22506113734602712,0.041334642032994126,0.24672133626384923,0.08512803198251065,0.16133474550022048,0.04133341173699928,-0.1511,0.25,0.01978
14.982666969299316,14.982666969299316,190737000,20190618,TSLA,15.001999855041504,14.982666969299316,0,0.3666669803000467,0.0333333333568176,0.0333333333584519,0.3666663528085005,0.0333333333680027,0.0333333333607576,0.0333333333604908,0.0333333333643442,0.0333333333607666,0.0333333333618209,0.0,0.0,0.0
15.095333099365234,15.095333099365234,98626500,20190619,TSLA,14.982666969299316,15.095333099365234,1,0.0182545606069555,0.01825502316338755,0.1015909053123426,0.01825627756380975,0.18193137752412653,0.10158801851804222,0.36757595510851937,0.0182546627333876,0.05396955278705412,0.12032366668237429,-0.8402,0.2023,-0.15947499999999998
14.641332626342772,14.641332626342772,177952500,20190620,TSLA,15.095333099365234,14.641332626342772,0,0.018333807143695098,0.2049479691240732,0.1699977473673081,0.018340880697314002,0.018333754905690752,0.23171481581455405,0.2833279301422197,0.0183348123957729,0.0183334621874373,0.0183348202219345,-0.0865,0.2023,0.05790000000000001
14.790666580200195,14.790666580200195,123031500,20190621,TSLA,14.641332626342772,14.790666580200195,1,0.022540952334789737,0.5114154204177149,0.11778029457341914,0.022541934846540032,0.11777570125676677,0.07015832408949597,0.022541410603696865,0.022539693368067465,0.022539779920185767,0.07016648858932277,0.0,0.7263,0.45439999999999997
14.90933322906494,14.90933322906494,86262000,20190624,TSLA,14.790666580200195,14.90933322906494,1,0.1671220781904641,0.09465203934529859,0.18006124118138264,0.039544674519564275,0.04787320402600535,0.10225153323220856,0.03836896833598189,0.10867324807090567,0.18253883139970628,0.03891418169848223,-0.5994,0.802,0.15387647058823528
14.650667190551758,14.650667190551758,92731500,20190625,TSLA,14.90933322906494,14.650667190551758,0,0.08742596206601219,0.02113162556124775,0.11081777168746676,0.041131830907999524,0.10379873584224728,0.1720330102979281,0.09446005159236796,0.0635579162775997,0.2845116460638721,0.02113144970325822,-0.0772,0.8777,0.24767
14.618000030517578,14.618000030517578,127608000,20190626,TSLA,14.650667190551758,14.618000030517578,0,0.25936181908961947,0.02764942891568207,0.04953872170264515,0.04270473581123244,0.05014677362001898,0.07891210522734751,0.056219676938422294,0.07134718997068647,0.26777688722965554,0.09634266149468965,-0.5267,0.4404,-0.05010000000000001
14.855999946594238,14.855999946594238,95095500,20190627,TSLA,14.618000030517578,14.855999946594238,1,0.23388135062363427,0.020238456804281324,0.09923202005771162,0.0963285555726965,0.05686658149261915,0.020239209848698075,0.1051147790425186,0.0741858967922138,0.2736737638239724,0.020239385941653802,-0.7227,0.1779,-0.10435
14.897333145141602,14.897333145141602,102771000,20190628,TSLA,14.855999946594238,14.897333145141602,1,0.023333333354040267,0.023333864893391468,0.023343530134144464,0.08999887413583973,0.023334026833989763,0.023334148574842565,0.47332269925341347,0.10666630069351209,0.10666678212498291,0.10666644000184283,0.0,0.6705,0.3937
15.14466667175293,15.14466667175293,123201000,20190701,TSLA,14.897333145141602,15.14466667175293,1,0.0142857142923622,0.0142866535232107,0.1571421244112699,0.157141716818266,0.5857139518329785,0.0142857142918312,0.0142865190688536,0.0142857142926253,0.0142861771765333,0.0142857142920688,0.296,0.296,0.296
14.970000267028809,14.970000267028809,138885000,20190702,TSLA,15.14466667175293,14.970000267028809,0,0.0236111111479746,0.19255027234331276,0.13472450712336206,0.3130025498381464,0.023611460368326665,0.13471956189276463,0.023612044027822163,0.023611806509117598,0.023611304632431968,0.1069453821167408,0.2023,0.8118,0.4848333333333333
15.65999984741211,15.65999984741211,213016500,20190703,TSLA,14.970000267028809,15.65999984741211,1,0.0779670197165498,0.012422699765127176,0.5302063145132128,0.0124215570892281,0.012420779438926775,0.1097045549963244,0.1742807251565884,0.012421387342129976,0.045732073454285996,0.012422888527626224,0.6249,0.8591,0.744775
15.355999946594238,15.355999946594238,88207500,20190708,TSLA,15.539999961853027,15.355999946594238,0,0.11997512560449862,0.08395131051786563,0.24558614131327575,0.03384453052352921,0.07761547896489782,0.09822731020321597,0.19190375908048501,0.032834181559356815,0.08084532977233111,0.03521683246054361,-0.2263,0.7498,0.16612222222222223
15.337332725524902,15.337332725524902,92862000,20190709,TSLA,15.355999946594238,15.337332725524902,0,0.08121833536433275,0.26612078455914884,0.0904860553034694,0.013731382183052199,0.07354732673859042,0.17768899729224377,0.08708344826400954,0.013730550852350774,0.12063920824189597,0.0757539112009059,-0.6705,0.6808,0.149675
15.928000450134276,15.928000450134276,137185500,20190710,TSLA,15.337332725524902,15.928000450134276,1,0.016669230366401652,0.36612042982833115,0.0838691822643815,0.11139036037688045,0.016667455232338348,0.3386074908733946,0.016669461468090598,0.01666722341660645,0.01666713278761735,0.01667203338595755,0.0,0.6997,0.34985
15.90666675567627,15.90666675567627,112716000,20190711,TSLA,15.928000450134276,15.90666675567627,0,0.0125000000173707,0.0125065368756859,0.1374995697581917,0.012502111334899,0.0125000000201822,0.0125000000159758,0.0125007041289024,0.0125000000180444,0.7624907325575991,0.0125003452731482,0.8309,0.8309,0.8309
16.338666915893555,16.338666915893555,138007500,20190712,TSLA,15.90666675567627,16.338666915893555,1,0.14000642562167115,0.02000050965175706,0.06685570005924649,0.02000000000869328,0.21259375158682753,0.14323622001779276,0.06740197435264632,0.020000086840667862,0.17676482087105802,0.13314051098963914,-0.191,0.8834,0.21885999999999997
16.825332641601562,16.825332641601562,122235000,20190716,TSLA,16.899999618530273,16.825332641601562,0,0.04049979073967644,0.0477177964590852,0.42228319678649817,0.07808436863314709,0.031155897522989424,0.016688387884172023,0.11399654104758541,0.06668807949783664,0.04534215948868569,0.13754378194032363,-0.1531,0.6808,0.23754444444444445
16.99066734313965,16.99066734313965,146470500,20190717,TSLA,16.825332641601562,16.99066734313965,1,0.0200000000098011,0.0200068555210368,0.0200052423984925,0.0200000000083736,0.0200000000114064,0.8199833070704665,0.0200006421347462,0.0200039528272877,0.0200000000090215,0.0200000000093671,0.3818,0.3818,0.3818
16.902666091918945,16.902666091918945,71379000,20190718,TSLA,16.99066734313965,16.902666091918945,0,0.08337413862225616,0.015984579889566187,0.19783957074655742,0.03871277575506864,0.06695889817908156,0.17020266260288439,0.0972447555557801,0.1409831940339062,0.10624987575431999,0.082449548860579,-0.8316,0.9493,0.0759875
17.211999893188477,17.211999893188477,105726000,20190719,TSLA,16.902666091918945,17.211999893188477,1,0.13533073096695147,0.0166667362920307,0.1480031895896449,0.0166672774404806,0.016668634843527548,0.01666782909028665,0.2468051582517549,0.0166672358426866,0.20319104502513524,0.183332162657501,0.0,0.0,0.0
17.045333862304688,17.045333862304688,102636000,20190722,TSLA,17.211999893188477,17.045333862304688,0,0.2968493998038563,0.04685316875188107,0.07727101682660195,0.09764758077218089,0.060298564019260176,0.12383385996808277,0.024630646495893267,0.04955200942068658,0.19843314303223825,0.024630610909318378,0.0,0.6249,0.12093333333333334
17.658666610717773,17.658666610717773,166092000,20190724,TSLA,17.344667434692383,17.658666610717773,1,0.025004322734310303,0.02500000002881355,0.19166250636980658,0.19166478253364255,0.02500152295989235,0.19166705419917185,0.10833727096154265,0.025000000037998498,0.19166254013987724,0.02500000003494375,0.0,0.1531,0.07655
15.254667282104492,15.254667282104492,336274500,20190725,TSLA,17.658666610717773,15.254667282104492,0,0.3473067663547976,0.015833621186070977,0.059354338862924044,0.015834320996279898,0.015835597778927173,0.17712407295138552,0.015834148756737276,0.3212074980578002,0.0158351239895139,0.015834511065563002,-0.4215,0.7906,0.182575
15.202667236328123,15.202667236328123,150415500,20190726,TSLA,15.254667282104492,15.202667236328123,0,0.10833477272414375,0.13610019689823413,0.025003598122949434,0.02500145454178353,0.1916649796177334,0.13611019478611386,0.30277569595195536,0.02500047908222827,0.025005703463651937,0.02500292481120597,0.0,0.8118,0.2706
15.718000411987305,15.718000411987305,139099500,20190729,TSLA,15.202667236328123,15.718000411987305,1,0.0166700008215743,0.0166671618992193,0.0166805687138444,0.8499811491290692,0.0166666666939882,0.0166669735657917,0.0166670150758951,0.0166671307231968,0.0166666666883092,0.0166666666891114,0.2732,0.2732,0.2732
16.150667190551758,16.150667190551758,121635000,20190730,TSLA,15.718000411987305,16.150667190551758,1,0.0125012718009427,0.0125022899209874,0.0125031880144926,0.1444719698195205,0.0125009075480244,0.0125016477190579,0.7555163882866774,0.0125003312820669,0.0125015001863478,0.012500505421882,0.4215,0.4215,0.4215
16.107332229614258,16.107332229614258,137673000,20190731,TSLA,16.150667190551758,16.107332229614258,0,0.1813859343625928,0.0142885960796205,0.0142857142922587,0.1774277352669179,0.0142857142947494,0.3983220563459497,0.0142870643541687,0.0142870804485864,0.1571428789806567,0.0142872255744986,0.3089,0.3089,0.3089
15.59000015258789,15.59000015258789,123892500,20190801,TSLA,16.107332229614258,15.59000015258789,0,0.013611165102158401,0.0136115800088641,0.13861368460011264,0.07560409326528313,0.041694309492181565,0.28027495385333084,0.15553276258760326,0.18027295391005557,0.013616751865870533,0.08716774531453952,0.0,0.6369,0.3905
15.221332550048828,15.221332550048828,105424500,20190805,TSLA,15.62266731262207,15.221332550048828,0,0.0090920073522868,0.0090910878265732,0.009090953753084,0.3803743896493495,0.00909307927815,0.5468843257456069,0.0090968993569895,0.0090925704090659,0.0090932365070066,0.0090914501218872,0.7749,0.7749,0.7749
15.383333206176758,15.383333206176758,83463000,20190806,TSLA,15.221332550048828,15.383333206176758,1,0.02048802610922176,0.08715102509586989,0.02048626656814124,0.17626527053487737,0.02048803925078086,0.2063251024418867,0.12629838541375396,0.04652105515286965,0.2215281138288118,0.07444871560378641,0.0,0.9387,0.5619799999999999
15.56133270263672,15.56133270263672,71647500,20190807,TSLA,15.383333206176758,15.56133270263672,1,0.0250020034235338,0.025001014748388402,0.025000000010989253,0.025000000011147952,0.2116783028044743,0.4851118953393786,0.025000000011878798,0.02500000001356535,0.0250112208997015,0.1281955627369417,-0.1531,0.0,-0.07655
15.886667251586914,15.886667251586914,79114500,20190808,TSLA,15.56133270263672,15.886667251586914,1,0.04980225402910707,0.010371036053984067,0.3648300783988587,0.07703666451326327,0.010371608204046,0.0103733246913213,0.0103706533409066,0.0448204745797992,0.054159273259276726,0.36786463292943655,0.7503,0.9052,0.8323666666666667
15.667332649230955,15.667332649230955,58473000,20190809,TSLA,15.886667251586914,15.667332649230955,0,0.06820862377852406,0.18532168676595007,0.11983468115696089,0.14911001651950234,0.18661711544775936,0.14331349780368188,0.049708683257675926,0.03930665503439717,0.039485454703431275,0.0190935855321166,-0.3182,0.9022,0.19552666666666668
14.37600040435791,14.37600040435791,122394000,20190815,TSLA,14.641332626342772,14.37600040435791,0,0.1281367355435425,0.23211700062713142,0.10604425574672607,0.0229169761231622,0.022919790372973023,0.27204240692717513,0.1051919291478209,0.06479472011844695,0.0229184524439864,0.022917732949035,-0.3595,0.6705,0.195325
14.662667274475098,14.662667274475098,76477500,20190816,TSLA,14.37600040435791,14.662667274475098,1,0.0333333333598751,0.0333333333542725,0.0333333333557418,0.0333351227913435,0.6999802061168712,0.0333333333577551,0.0333433013801348,0.0333361789118182,0.0333362072605442,0.0333356501116431,0.0,0.0,0.0
15.121999740600586,15.121999740600586,79644000,20190819,TSLA,14.662667274475098,15.121999740600586,1,0.0250000000627181,0.025000000049437,0.0250001600456865,0.0250106621248956,0.0250000000729601,0.0250051282915853,0.7749622431767001,0.0250105053620866,0.0250065359941582,0.0250047648197719,0.0,0.0,0.0
15.057332992553713,15.057332992553713,61878000,20190820,TSLA,15.121999740600586,15.057332992553713,0,0.19521264277031947,0.16031435060843605,0.05276506115106988,0.06900425064411489,0.10905604112673613,0.14596604613947672,0.0686470799846641,0.03276156862707349,0.0577624001525915,0.1085105587955173,0.0,0.8777,0.34018
14.333333015441896,14.333333015441896,75778500,20190826,TSLA,14.09333324432373,14.333333015441896,1,0.10666584247853449,0.023333333339492033,0.023333333339922168,0.023333664363453733,0.5399976145794066,0.10666654421259564,0.02333472755545257,0.10666602937068694,0.023334870270715735,0.0233340404897396,0.0,0.2382,0.0794
14.272000312805176,14.272000312805176,81243000,20190827,TSLA,14.333333015441896,14.272000312805176,0,0.02916754265211825,0.0291666666730812,0.029166666673525226,0.09166594881926703,0.21666951681598598,0.1541629572410317,0.02916666667407985,0.15416683257097405,0.23750013884038568,0.029167063039550627,0.0,0.0,0.0
14.37266731262207,14.37266731262207,48382500,20190828,TSLA,14.272000312805176,14.37266731262207,1,0.026042013102424,0.0572910467077367,0.07100668083294433,0.02604173564083785,0.25647270006154443,0.09581259496449572,0.09407736846714752,0.026041941157126873,0.3211722523831304,0.026041666682611726,0.0,0.2023,0.050575
15.000666618347168,15.000666618347168,80311500,20190903,TSLA,15.040666580200195,15.000666618347168,0,0.0200046678373049,0.0200017922118298,0.020011604150605,0.4170316219563723,0.0200000000241149,0.0200000000190639,0.0200026488914762,0.2229531954585192,0.0200011827176983,0.2199932867330152,0.3612,0.3612,0.3612
14.711999893188477,14.711999893188477,86415000,20190904,TSLA,15.000666618347168,14.711999893188477,0,0.01875155020170225,0.15298420156884115,0.4470068147892386,0.1437525025289873,0.0187500000411449,0.01875000003255565,0.018752717153897,0.0187517498698031,0.01875028516729995,0.1437501786465297,-0.6808,-0.6486,-0.6647
15.305333137512209,15.305333137512209,110929500,20190905,TSLA,14.711999893188477,15.305333137512209,1,0.0166709578506207,0.0166720586682343,0.0166666666766248,0.0166675838255018,0.0166666666804198,0.0166666666775347,0.1890575788266922,0.0166694401509485,0.0166666666775401,0.6775957139658826,0.0,0.0,0.0
15.16333293914795,15.16333293914795,62841000,20190906,TSLA,15.305333137512209,15.16333293914795,0,0.19332897048850883,0.0266666666859419,0.026666666687314447,0.02666666668756035,0.32666808498660793,0.026666666689164502,0.0266679093176206,0.026666666692102,0.0266700713829999,0.2933316303821791,0.0,0.3182,0.1591
15.452667236328123,15.452667236328123,72040500,20190909,TSLA,15.16333293914795,15.452667236328123,1,0.18750387222471834,0.026576524451819027,0.03907653338512963,0.026575784797917952,0.13238355965253995,0.21746736015346121,0.02657631345498803,0.08555586447197633,0.14728801139311304,0.11099617601433609,-0.8689,0.2975,-0.09024
15.702667236328123,15.702667236328123,73255500,20190910,TSLA,15.452667236328123,15.702667236328123,1,0.09869707305334277,0.1353535419225518,0.0395856533315807,0.0395837569918613,0.13323448755682785,0.039585159695625524,0.0395840753964786,0.22708282917934175,0.09515257046089651,0.15214085241149286,-0.2023,0.5423,0.2656
16.47333335876465,16.47333335876465,150642000,20190911,TSLA,15.702667236328123,16.47333335876465,1,0.01833564523373555,0.01833650078514685,0.1639062512898419,0.0183342161563994,0.01833426648629315,0.10166478908315894,0.11833477355035929,0.10166660292157065,0.4227526574770847,0.01833429701640925,0.0,0.8983,0.44915
16.391332626342773,16.391332626342773,128718000,20190912,TSLA,16.47333335876465,16.391332626342773,0,0.025002512559904023,0.12499793375883392,0.05833940995025557,0.09166668132738161,0.09166706012511844,0.025000091636694137,0.1399687494762244,0.025003210495192378,0.3933535527409686,0.02500079792942648,-0.296,0.8553,0.19024
16.187332153320312,16.187332153320312,70921500,20190916,TSLA,16.34666633605957,16.187332153320312,0,0.0960561464121256,0.058251515417198196,0.2564892561634204,0.01722230234353943,0.100556677954895,0.13773049924855021,0.017225520065813068,0.13806696781099487,0.050068288413147234,0.12833282617031558,0.541,0.9387,0.7639666666666667
16.319332122802734,16.319332122802734,57981000,20190917,TSLA,16.187332153320312,16.319332122802734,1,0.023125340269298175,0.023125652547647275,0.05544415927407594,0.3074877752193907,0.023125731253621475,0.12325505351647034,0.023126233505381677,0.0231250000147819,0.3250595544791707,0.0731254999201615,-0.4215,0.7871,0.09785
16.232667922973633,16.232667922973633,62553000,20190918,TSLA,16.319332122802734,16.232667922973633,0,0.041670244939924835,0.12500431374574345,0.20833375707183113,0.0416666666948895,0.04166666670505393,0.041669404078745566,0.12500495114926077,0.20831436378509835,0.041666666697055633,0.12500296513239642,0.0,0.4404,0.1468
16.440000534057617,16.440000534057617,71937000,20190919,TSLA,16.232667922973633,16.440000534057617,1,0.028098438286793467,0.13362716081555318,0.18922808496047905,0.12332830883047104,0.028095718566925037,0.028095238105630266,0.0280969387673692,0.2185676032061723,0.028097074655012138,0.19476543380559386,0.0,0.6981,0.4627333333333334
16.041332244873047,16.041332244873047,95295000,20190920,TSLA,16.440000534057617,16.041332244873047,0,0.0250133735089443,0.7749715058828575,0.025000000021733,0.0250057036398472,0.0250000718564527,0.0250014259872155,0.0250006990518744,0.0250072200027044,0.0250000000237294,0.0250000000246415,0.4404,0.4404,0.4404
16.082000732421875,16.082000732421875,65103000,20190923,TSLA,16.041332244873047,16.082000732421875,1,0.19716383655077713,0.02249002097076064,0.2384879626856776,0.05106081599511616,0.07569072495298826,0.20566381466316172,0.11339762087610074,0.051060099431587826,0.022492647964899727,0.022492455908929787,0.0,0.7345,0.21182857142857145
14.880666732788086,14.880666732788086,193372500,20190924,TSLA,16.082000732421875,14.880666732788086,0,0.19106014163461502,0.11208831280817465,0.1314131595340682,0.05570861464570604,0.0959089110532084,0.11025128279821224,0.13605991508609427,0.07994947726951006,0.06821470006489468,0.019345485105515984,0.0,0.9042,0.42010000000000003
16.17066764831543,16.17066764831543,178267500,20190926,TSLA,15.24666690826416,16.17066764831543,1,0.20959456405958962,0.09498928449646661,0.12168792021488152,0.022489366378294524,0.09982090226818487,0.05944267630800045,0.08275578926396066,0.022490048650980643,0.09239771095118733,0.19433173740845336,0.0,0.802,0.1694
16.142000198364258,16.142000198364258,166746000,20190927,TSLA,16.17066764831543,16.142000198364258,0,0.17910471767217503,0.04684550690952479,0.046608126326587056,0.013513695331673401,0.08657757261844588,0.058022684482813315,0.08443216917640319,0.31767737009693214,0.10897120035917869,0.05824695702626617,-0.5267,0.8398,0.18756666666666666
16.058000564575195,16.058000564575195,88197000,20190930,TSLA,16.142000198364258,16.058000564575195,0,0.020000000009571,0.020000000007544,0.4519416305626685,0.0200087687442371,0.0200000000111344,0.0200000000088061,0.3880487896662927,0.0200000000099499,0.0200008109706441,0.0200000000091517,0.0,0.0,0.0
16.312667846679688,16.312667846679688,92439000,20191001,TSLA,16.058000564575195,16.312667846679688,1,0.15513520807378203,0.08234922764947397,0.0434064369302947,0.015682289210362,0.015682719517864433,0.14437319022556055,0.10563513444378471,0.12026633221123761,0.1684600197176522,0.14900944201998736,-0.296,0.7717,0.28501666666666664
16.208667755126953,16.208667755126953,84471000,20191002,TSLA,16.312667846679688,16.208667755126953,0,0.0208339228456638,0.24897296529297677,0.20936358646374933,0.2861216023676867,0.0208338215449881,0.02083370923605695,0.0208354441046599,0.02083348805048415,0.13053743983454255,0.0208340202591914,0.0,0.4574,0.2287
15.428667068481444,15.428667068481444,119925000,20191004,TSLA,15.535332679748535,15.428667068481444,0,0.0291666666918819,0.27916051133235276,0.0291669878998105,0.15416204505697065,0.02916666669596385,0.02916747821045715,0.02916996224284485,0.029172447514157,0.3624996094452771,0.02916762491028385,0.4926,0.6588,0.5757
15.847999572753906,15.847999572753906,120963000,20191007,TSLA,15.428667068481444,15.847999572753906,1,0.0333333333492356,0.0333333333458719,0.0333333333467325,0.033333333346916,0.0333552734512309,0.0333333333479729,0.0333333333478224,0.0333333333498705,0.699978059765821,0.033333333348526,0.0,0.0,0.0
16.003332138061523,16.003332138061523,130173000,20191008,TSLA,15.847999572753906,16.003332138061523,1,0.03948643547651232,0.017861684238751174,0.04319166113021835,0.09398147570009091,0.053572310453456576,0.10897727628286535,0.19650723661191966,0.01785904956533015,0.26958462701213837,0.15897824352871676,-0.34,0.891,0.2444
16.302000045776367,16.302000045776367,103416000,20191009,TSLA,16.003332138061523,16.302000045776367,1,0.03166866012909,0.1157709296800971,0.09756115481720386,0.06500041200372314,0.03166666669580924,0.16499970969676242,0.19833233677971968,0.031667893582756665,0.16499869540706738,0.09833354120777014,-0.6249,0.0,-0.17665999999999998
16.31599998474121,16.31599998474121,94249500,20191010,TSLA,16.302000045776367,16.31599998474121,1,0.017263943330310668,0.01726385076305643,0.42026323881003164,0.30760083032579044,0.0172622661839447,0.1512955792969064,0.0172627091170584,0.0172622257537927,0.017262529651444602,0.017262826767663667,-0.1531,0.6124,0.19576666666666667
17.130666732788086,17.130666732788086,153075000,20191014,TSLA,16.525999069213867,17.130666732788086,1,0.2251586700149763,0.04789436609099834,0.10179730074361659,0.0281319896379885,0.08200026961836457,0.16775172657494675,0.02398881556493753,0.0895124068577266,0.16885370833145735,0.064910746564987,-0.6971,0.7783,0.21485625
17.19266700744629,17.19266700744629,96492000,20191015,TSLA,17.130666732788086,17.19266700744629,1,0.149986036066638,0.016655144359653568,0.10107021688971768,0.15554453106919788,0.016654445528125516,0.10693122690785382,0.016659762909274015,0.17448675749587864,0.05707647488146259,0.2049354038921978,-0.4927,0.6236,0.28126666666666666
17.316667556762695,17.316667556762695,100261500,20191016,TSLA,17.19266700744629,17.316667556762695,1,0.0250005491162858,0.1970929821940785,0.18623395096042558,0.12669084868542896,0.10833298666794039,0.025000000023086902,0.025006469855079448,0.025000095985993204,0.2566415637696297,0.0250005527420512,0.0,0.9081,0.45405
17.46466636657715,17.46466636657715,71539500,20191017,TSLA,17.316667556762695,17.46466636657715,1,0.017146612038560598,0.01714380312473855,0.0171439673112065,0.01714326585964145,0.017144458020456402,0.0171444569848917,0.0171436147767783,0.01714510580165395,0.7457031675267647,0.1171415485553074,-0.5106,0.1531,-0.17875000000000002
16.899999618530273,16.899999618530273,75304500,20191021,TSLA,17.1299991607666,16.899999618530273,0,0.01125041341098835,0.011250191786042151,0.011253572327947499,0.7254609544500381,0.0737501731034852,0.0112500000069524,0.01125073923135665,0.07203349590383146,0.011250595086291799,0.06124986469306605,0.2003,0.7579,0.4791
17.038667678833008,17.038667678833008,69012000,20191022,TSLA,16.899999618530273,17.038667678833008,1,0.0166666666700956,0.1833331430429632,0.0166666666695563,0.0166666666695966,0.0166666666706564,0.6833333107490966,0.0166666666697905,0.016666666670232,0.016666879518066,0.0166666666699463,0.0,0.0,0.0
16.978666305541992,16.978666305541992,78916500,20191023,TSLA,17.038667678833008,16.978666305541992,0,0.0166670330256285,0.0166672002593616,0.03628757070864873,0.2336425529277952,0.047170856826456276,0.183328333141426,0.0987104604678546,0.24247773804466344,0.07950170486587285,0.04554654973229238,0.0,0.9582,0.60495
19.978666305541992,19.978666305541992,445813500,20191024,TSLA,16.978666305541992,19.978666305541992,1,0.084487616770896,0.015596600567851499,0.015597556278892767,0.3454920954209228,0.14537663749440663,0.015597023636092633,0.015598304790937066,0.129629372496026,0.0880450318633359,0.14457976068063821,-0.2023,0.5267,0.1081333333333333
21.875333786010746,21.875333786010746,450091500,20191025,TSLA,19.978666305541992,21.875333786010746,1,0.33610719540963135,0.03055563078945697,0.030558376945919966,0.1561590468065056,0.030555555577342398,0.030555555572781168,0.1972230422320319,0.1271742075686186,0.030555833524260462,0.030555555573451035,0.2598,0.636,0.5086
21.84733390808105,21.84733390808105,283054500,20191028,TSLA,21.875333786010746,21.84733390808105,0,0.0184082046894981,0.08561098614363642,0.13639645571789458,0.3586581563639614,0.11007200686177548,0.1428457734434834,0.01840746054705935,0.05508720972849079,0.04420106818403801,0.03031267832016205,-0.6249,0.8,0.032041666666666656
21.000667572021484,21.000667572021484,144627000,20191030,TSLA,21.08133316040039,21.000667572021484,0,0.019794133277264574,0.10785838448609333,0.2429081520567387,0.26575748781273345,0.17470100201224292,0.019795586297206725,0.10980310722767089,0.019794469873090626,0.019792307971630074,0.019795368985328226,-0.3595,0.765,0.385
20.994667053222656,20.994667053222656,76005000,20191031,TSLA,21.000667572021484,20.994667053222656,0,0.2660122004245199,0.01634839374736925,0.0163479745870433,0.01634789017042545,0.016346564203703,0.24823630056646284,0.25325584406031254,0.0163461538667153,0.13441234823332085,0.01634633014012725,-0.5423,-0.2263,-0.3843
20.88733291625977,20.88733291625977,95758500,20191101,TSLA,20.994667053222656,20.88733291625977,0,0.0100000000084466,0.0100000000066564,0.0100006721041598,0.0100070826532408,0.010000000009822,0.0100002673022256,0.0100000000076961,0.010000000009043,0.7100001756247138,0.2099918022739954,0.4574,0.4574,0.4574
21.1646671295166,21.1646671295166,131805000,20191104,TSLA,20.88733291625977,21.1646671295166,1,0.037459574692486335,0.009508547016926733,0.13450781907889173,0.2035195687268655,0.4069601814037635,0.09284305289082777,0.009509133966816267,0.0095102383179496,0.0866728648151157,0.009509019090356534,0.1635,0.9033,0.46166666666666667
21.14800071716309,21.14800071716309,104151000,20191105,TSLA,21.1646671295166,21.14800071716309,0,0.016250612706415903,0.01625240606641245,0.6222311596583845,0.01625300195533565,0.016250349386068348,0.0162514685361154,0.1227648990353054,0.1412434224268173,0.0162522331700996,0.016250447059045048,0.3182,0.8214,0.5698
21.77199935913086,21.77199935913086,119113500,20191106,TSLA,21.14800071716309,21.77199935913086,1,0.0113099648817828,0.01130952382035055,0.20773523009224615,0.17759830826608597,0.0113103791997936,0.24382568164836865,0.011310850637254,0.0113103926131865,0.30297808728762765,0.0113115815533038,0.0,0.0,0.0
22.36933326721192,22.36933326721192,217009500,20191107,TSLA,21.77199935913086,22.36933326721192,1,0.11267854162579131,0.019822175730872364,0.140653073992363,0.044821408587536284,0.019822270699588338,0.23202512664108227,0.0708397630960327,0.01982321224560494,0.3196926193070327,0.019821808074095674,-0.6486,0.4019,0.0484625
22.47599983215332,22.47599983215332,91038000,20191108,TSLA,22.36933326721192,22.47599983215332,1,0.21769428568171456,0.01216451102547984,0.0121637740726189,0.0276475376767553,0.06533244683295134,0.08398799283025657,0.09635136058784044,0.01216296889063476,0.4031916903388363,0.06930343206291159,-0.7056,0.7813,0.13502
23.32866668701172,23.32866668701172,110391000,20191112,TSLA,23.006000518798828,23.32866668701172,1,0.0250000000030115,0.0250000000023713,0.5249973459941187,0.0250015295331146,0.025000000003501,0.0250000000027687,0.0250011123118263,0.025000000003129,0.2750000121432825,0.025000000002876,0.0,0.0,0.0
23.073999404907227,23.073999404907227,126301500,20191113,TSLA,23.32866668701172,23.073999404907227,0,0.0142869251715757,0.0142867163127927,0.0993608062092049,0.0142905117102538,0.0142857142961366,0.0142857142939544,0.3181169285833659,0.0142857142950287,0.48251525483341,0.014285714294277,0.906,0.906,0.906
23.290000915527344,23.290000915527344,96973500,20191114,TSLA,23.073999404907227,23.290000915527344,1,0.0200000000312754,0.0200000000269162,0.0200132388250919,0.0200009204588755,0.0200000000363756,0.0200107170723572,0.0200078852308913,0.0200000000324894,0.0200054353147776,0.8199618029709496,0.0,0.0,0.0
23.332666397094727,23.332666397094727,66006000,20191118,TSLA,23.47800064086914,23.332666397094727,0,0.022710128508990426,0.2541675076034689,0.3602107738950769,0.1454041718080556,0.022708448076081,0.0727096069738378,0.0227094900506441,0.022710067751921977,0.022708699455402576,0.053961105876520324,-0.2411,0.8879,0.199975
23.968000411987305,23.968000411987305,115872000,20191119,TSLA,23.332666397094727,23.968000411987305,1,0.1833322411174838,0.1833338557549234,0.016666666694958,0.0166666666953334,0.0166674234024831,0.3500004269710298,0.016666666697236,0.0166672878158085,0.0166666666975627,0.1833320981531808,0.5046,0.5046,0.5046
23.481332778930664,23.481332778930664,100876500,20191120,TSLA,23.968000411987305,23.481332778930664,0,0.2519534495151113,0.19166272459582415,0.02500126721523255,0.02500440622213375,0.1083334618278877,0.0250005645063118,0.0250021313830595,0.29804199469274967,0.025000000020443402,0.0250000000212458,-0.8689,0.4767,-0.1961
23.655332565307617,23.655332565307617,91650000,20191121,TSLA,23.481332778930664,23.655332565307617,1,0.33610155964055544,0.030555555576482832,0.3361110797678675,0.030556699650335365,0.03055829018591373,0.1138903252517295,0.0305572683976373,0.03055555558314797,0.030558110365397267,0.030555555580932602,0.0,0.5994,0.1998
22.202667236328125,22.202667236328125,253059000,20191122,TSLA,23.655332565307617,22.202667236328125,0,0.10041598761395255,0.017084431024884,0.18375044640630445,0.11708687327291165,0.16291509874942445,0.1420804080609742,0.10041604317542305,0.017085609734810176,0.14208107241451406,0.01708402954680095,0.0,0.6682,0.27715
22.422666549682617,22.422666549682617,185092500,20191125,TSLA,22.202667236328125,22.422666549682617,1,0.0465530606161442,0.07613514344625373,0.18127144453066257,0.015533060180753101,0.015530420183315635,0.201856493115906,0.09979092644668537,0.015530642360784566,0.27526804793603404,0.0725307611834603,0.0,0.7418,0.3306
22.086000442504883,22.086000442504883,83334000,20191127,TSLA,21.92799949645996,22.086000442504883,1,0.1388884918531907,0.11111036267054586,0.11111121538397876,0.027779629644223067,0.11111218982645876,0.19444425305333213,0.0277809963438847,0.11110722996914763,0.027777777830690433,0.13888785342454754,0.0,0.4588,0.2869
22.32466697692871,22.32466697692871,91117500,20191202,TSLA,21.996000289916992,22.32466697692871,1,0.025000488465873348,0.02500000001156375,0.02500072601745795,0.02500000001253965,0.025000000017082198,0.02500000001351525,0.02500000001337815,0.6499989111239541,0.025000248207620153,0.14999962611701498,0.0,0.0,0.0
22.20199966430664,22.20199966430664,82995000,20191204,TSLA,22.413333892822266,22.20199966430664,0,0.0200000000102641,0.0200000000080845,0.0200000000086457,0.0200000000087671,0.2200001796725781,0.0200008427963597,0.020000000009345,0.0200000000106657,0.619998977465484,0.0200000000098056,0.0,0.0,0.0
23.256000518798828,23.256000518798828,132424500,20191210,TSLA,22.635332107543945,23.256000518798828,1,0.12138111766557891,0.04995286514512948,0.07852380870369702,0.06538010773877441,0.09676946070260582,0.21488165554919858,0.02138179038585524,0.1457858639798736,0.1845623777288185,0.02138095240046806,-0.2732,0.8622,0.22397999999999998
23.978666305541992,23.978666305541992,116458500,20191212,TSLA,23.51333236694336,23.978666305541992,1,0.11929368112606675,0.13816173668117918,0.09732997216603702,0.10658679620245638,0.08806823837639027,0.14070220265962502,0.09805995897833254,0.09252120048820427,0.0404642176418109,0.07881199567989729,-0.1779,0.2942,0.07678888888888889
23.892667770385746,23.892667770385746,98563500,20191213,TSLA,23.978666305541992,23.892667770385746,0,0.0250006380159164,0.0250000000142086,0.0250000000152234,0.7749977017474046,0.025000000020969,0.0250005783962099,0.025000000016431,0.0250000000187482,0.0250000000166112,0.0250010817382772,0.0,0.0,0.0
25.266000747680664,25.266000747680664,127452000,20191217,TSLA,25.433332443237305,25.266000747680664,0,0.5499999999468279,0.05000000000499,0.0500000000053359,0.0500000000054109,0.0500000000073691,0.0500000000058269,0.0500000000057703,0.050000000006582,0.0500000000058359,0.0500000000060508,0.0,0.0,0.0
26.209999084472656,26.209999084472656,211815000,20191218,TSLA,25.266000747680664,26.209999084472656,1,0.1491510681851283,0.03214866306490495,0.43969557063168047,0.0321430655853458,0.0321432038933406,0.03214323240486685,0.11471662496510016,0.1035704644966425,0.032143294006603096,0.03214481276638675,-0.6888,0.3834,-0.15269999999999997
26.93600082397461,26.93600082397461,271606500,20191219,TSLA,26.209999084472656,26.93600082397461,1,0.06638879574970576,0.07792281930853286,0.18259637385007027,0.12194451221133379,0.03861123139973645,0.03861305201649988,0.2747577838588024,0.03861121916827473,0.12194273233078692,0.038611480106256674,0.0,0.7867,0.31589999999999996
27.03933334350586,27.03933334350586,221290500,20191220,TSLA,26.93600082397461,27.03933334350586,1,0.0928185953332833,0.4008915732629939,0.18767611678342858,0.08476215225083945,0.018096153115184203,0.018096850263222334,0.0180969411563583,0.018095247403497498,0.14337070956591644,0.01809566086527543,0.0,0.7351,0.27926666666666666
28.350000381469727,28.350000381469727,120820500,20191224,TSLA,27.947999954223636,28.350000381469727,1,0.4499882577382799,0.033333333348615,0.033333828616964246,0.2833350479059179,0.0333333333559037,0.0333342302970519,0.033334291013562646,0.03333887804779005,0.0333354663240382,0.033333333351876104,-0.5719,0.7783,0.10320000000000001
28.72933387756348,28.72933387756348,159508500,20191226,TSLA,28.350000381469727,28.72933387756348,1,0.03423430714907351,0.16351850855426828,0.146922772599229,0.14397542172550915,0.016285627125162978,0.1760909532401726,0.1768843193037672,0.016286550919480353,0.07182061222879864,0.05398092715453787,-0.3818,0.8777,0.1705076923076923
28.691999435424805,28.691999435424805,149185500,20191227,TSLA,28.72933387756348,28.691999435424805,0,0.0100012730168171,0.0100010902658314,0.0100003707891089,0.2847266817797159,0.0100019106289215,0.2481697789812625,0.2939742027706395,0.0100000000209082,0.0100031319370913,0.1131215598097033,-0.3612,-0.3612,-0.3612
27.64666748046875,27.64666748046875,188796000,20191230,TSLA,28.691999435424805,27.64666748046875,0,0.08889786827921492,0.0694674519682017,0.10910402953583336,0.06731931201276355,0.07420742751427181,0.08325948983713143,0.16732361655421288,0.08594313947877441,0.1495972938013373,0.10488037101825819,-0.7632,0.8537,0.23117307692307693
31.270666122436523,31.270666122436523,268231500,20200107,TSLA,30.1026668548584,31.270666122436523,1,0.08359832059244958,0.022372132016423064,0.08894555264692504,0.08903841091533954,0.0928911959134318,0.08802579813762774,0.20188097442070635,0.07491453651513454,0.15776227407122612,0.10057080477073572,0.0,0.4215,0.0843
32.80933380126953,32.80933380126953,467164500,20200108,TSLA,31.270666122436523,32.80933380126953,1,0.031251040385967904,0.0312500552076517,0.0312511848813806,0.0312512738427219,0.03125000002206185,0.03125005798171275,0.46874660730356205,0.0312500139720765,0.2812471451607172,0.0312526212421471,0.0,0.8011,0.40055
31.87666702270508,31.87666702270508,194392500,20200110,TSLA,32.089332580566406,31.87666702270508,0,0.1126773313587623,0.0308565199638133,0.04977261262742288,0.01267482572195162,0.09048397088182865,0.1824275891168035,0.16547313836077202,0.28945726872275285,0.01267616815387628,0.0535005750920163,-0.7789,0.8979,0.09788
34.990665435791016,34.990665435791016,397764000,20200113,TSLA,31.87666702270508,34.990665435791016,1,0.7933491028480782,0.0083335153723555,0.0083338109424548,0.0083336552811256,0.0083333333420183,0.1399822482098641,0.0083342492661348,0.0083333906218031,0.0083333607756907,0.0083333333404744,0.8687,0.8687,0.8687
35.861331939697266,35.861331939697266,434943000,20200114,TSLA,34.990665435791016,35.861331939697266,1,0.2416984573991253,0.04862843848889858,0.13886920572017175,0.014428288342926775,0.12660866402874757,0.2817839623386963,0.042203408468313525,0.07692557744698665,0.0144267336209513,0.014427264145181851,-0.1759,0.9061,0.278
34.56666564941406,34.56666564941406,260532000,20200115,TSLA,35.861331939697266,34.56666564941406,0,0.025000000026689,0.0250000000210331,0.0250000000225049,0.0250006798798405,0.0250086832739148,0.0250000000245579,0.7749768836372855,0.0250036597653637,0.0250000000245948,0.0250100933242154,0.6486,0.6486,0.6486
34.232666015625,34.232666015625,326050500,20200116,TSLA,34.56666564941406,34.232666015625,0,0.1024102754178358,0.06254998807454598,0.07099352324001544,0.014932959615506414,0.0149342023364474,0.19477430780345176,0.15382362335432212,0.16493350675682056,0.1669352368089564,0.05371237659209772,-0.69,0.34,-0.12981666666666666
34.03333282470703,34.03333282470703,204436500,20200117,TSLA,34.232666015625,34.03333282470703,0,0.10362007028504962,0.06067481486494697,0.07722960953982684,0.07797028823048915,0.06502573313378891,0.1514833500289827,0.1152317835508228,0.13567013684486653,0.19408508294278357,0.019009130578442456,-0.2748,0.8268,0.14870833333333333
36.47999954223633,36.47999954223633,267052500,20200121,TSLA,34.03333282470703,36.47999954223633,1,0.029166893507565902,0.1958334303920181,0.02917247229563135,0.0291723479552895,0.19583330716034975,0.02916666667965435,0.4041541765830327,0.02916673714724885,0.029167301599053903,0.0291666666801552,0.0,0.8319,0.41595
37.97066879272461,37.97066879272461,470535000,20200122,TSLA,36.47999954223633,37.97066879272461,1,0.020556191766923734,0.17013932069283255,0.22847229334469876,0.0205614026775038,0.020555555581668602,0.020556832853294266,0.4019328400764291,0.07611080578296286,0.020556113753203768,0.0205586434704821,-0.4389,0.836,0.2663333333333333
38.14666748046875,38.14666748046875,294765000,20200123,TSLA,37.97066879272461,38.14666748046875,1,0.293985557935839,0.11762032417957208,0.10648897624612264,0.023154761922297373,0.023155005936346174,0.3429738139908643,0.023154991330473048,0.02315688067031845,0.023154925863794952,0.023154761924371547,0.0,0.6369,0.2777
37.20133209228516,37.20133209228516,204121500,20200127,TSLA,37.654666900634766,37.20133209228516,0,0.0100015132783156,0.0100000000099896,0.0100003843764267,0.0100000000108343,0.1587767941343031,0.1612191771917979,0.1315017070394747,0.4884981380826895,0.0100022858640473,0.0100000000121208,-0.4003,-0.4003,-0.4003
37.79333114624024,37.79333114624024,176827500,20200128,TSLA,37.20133209228516,37.79333114624024,1,0.3571274237311623,0.023809523821066,0.023810783453600052,0.09523767015600686,0.0952418511512657,0.0238141825400267,0.02381002221476395,0.23326874289334681,0.0238158656393822,0.10006393439937895,0.0,0.7506,0.3753
38.732666015625,38.732666015625,267022500,20200129,TSLA,37.79333114624024,38.732666015625,1,0.02916666668373495,0.02916666668011075,0.02916666668105585,0.0291666666812509,0.487487252906761,0.029167611543343602,0.029167374627230097,0.2791646085806325,0.029166666682373152,0.029179818933506803,0.4939,0.4939,0.4939
42.72066879272461,42.72066879272461,435085500,20200130,TSLA,38.732666015625,42.72066879272461,1,0.118072637500938,0.0152794521286225,0.01527811211828165,0.01527788488530125,0.3651279879632784,0.1402757919931344,0.015278390751112751,0.12285292957520416,0.13183189522584274,0.060724917858283746,-0.3612,0.0,-0.1806
43.37133407592773,43.37133407592773,235789500,20200131,TSLA,42.72066879272461,43.37133407592773,1,0.025000000005393,0.3377746300275374,0.0250000000045452,0.0250000000046074,0.0250000000062741,0.0250000000049617,0.0250007562638132,0.0250000000056059,0.0250000000049626,0.4622246136722991,-0.7269,-0.7269,-0.7269
52.0,52.0,705975000,20200203,TSLA,43.37133407592773,52.0,1,0.0591397184111332,0.07450152632586361,0.2666493597583085,0.07788596389022677,0.047085699619373936,0.15531550030834673,0.017074049044578925,0.0765945845633687,0.043753638011818155,0.18199996006698113,-0.2899,0.9393,0.359175
59.137332916259766,59.137332916259766,914082000,20200204,TSLA,52.0,59.137332916259766,1,0.03780408505779337,0.09422698545639728,0.010898536642573467,0.0108997686700725,0.29315510818160556,0.3283596187119067,0.16579070823266417,0.010897435913833001,0.010898203836472234,0.037069549296681305,0.0,0.9657,0.5832333333333334
48.97999954223633,48.97999954223633,726357000,20200205,TSLA,59.137332916259766,48.97999954223633,0,0.0196440066190052,0.0196428571545718,0.01964356349200765,0.0196461129461999,0.37678423832619334,0.39464206037326083,0.09106830842502919,0.0196428571583194,0.0196428571565394,0.019643138348872848,0.3182,0.5378,0.42799999999999994
49.93066787719727,49.93066787719727,598212000,20200206,TSLA,48.97999954223633,49.93066787719727,1,0.03000422618913806,0.0300032588153534,0.0735156910158993,0.15440459666276443,0.03000506698507278,0.2126142740655453,0.17945331081316276,0.03000232350746332,0.030000000015227478,0.2299972519303727,-0.7003,0.5562,0.08193999999999999
49.87133407592773,49.87133407592773,255952500,20200207,TSLA,49.93066787719727,49.87133407592773,0,0.11549006617588732,0.015820982295269632,0.04915396523793475,0.08150945027686936,0.11755572193007663,0.1186812337735897,0.1759135205067729,0.07502050127991221,0.21331178033856357,0.037542778185123485,0.2023,0.9441,0.63615
51.41866683959961,51.41866683959961,370338000,20200210,TSLA,49.87133407592773,51.41866683959961,1,0.1511437790262337,0.019422247322800974,0.11406934350378252,0.2542904719980106,0.04336367082241379,0.057384816309493866,0.10085881514692967,0.07700322318922505,0.14719575238655683,0.035267880294552634,-0.3057,0.8777,0.30912
53.59999847412109,53.59999847412109,394339500,20200213,TSLA,51.15266799926758,53.59999847412109,1,0.6999683452519195,0.0333333333394105,0.0333333333398294,0.033333333339925,0.0333411051594229,0.0333413333742347,0.0333333333403648,0.0333340518139965,0.0333484977001942,0.0333333333407022,-0.0772,-0.0772,-0.0772
53.33533477783203,53.33533477783203,235405500,20200214,TSLA,53.59999847412109,53.33533477783203,0,0.21609145033996785,0.05625000000828315,0.05625049854070785,0.0562508565034604,0.0562500000122313,0.056253063688457755,0.05625000000958055,0.27140504750479016,0.056250170621315355,0.1187489127712055,0.0,0.5927,0.29635
57.22666549682617,57.22666549682617,245725500,20200218,TSLA,53.33533477783203,57.22666549682617,1,0.037500000046036,0.037503433200095304,0.16249955228979326,0.28749656657240286,0.0375000000535252,0.2874997298640137,0.03750000004192845,0.03750071784572625,0.0375000000423861,0.037500000044092555,0.0,0.4588,0.2294
61.16133117675781,61.16133117675781,381345000,20200219,TSLA,57.22666549682617,61.16133117675781,1,0.045557384841385364,0.04555635811615261,0.04555582739138111,0.04555735548043647,0.04555824463507404,0.3233259916695926,0.24201271681910805,0.045555663969022,0.11576310277634606,0.04555735430150143,0.0,0.6597,0.21989999999999998
59.96066665649414,59.96066665649414,264523500,20200220,TSLA,61.16133117675781,59.96066665649414,0,0.25846315698819516,0.03584194741834324,0.015242304450628142,0.015241598788542433,0.025479846976112473,0.09185945669840738,0.3365436534148653,0.046683364685300426,0.1492346968006187,0.025409973778986236,-0.4019,0.7416,0.15684166666666668
60.06666564941406,60.06666564941406,214722000,20200221,TSLA,59.96066665649414,60.06666564941406,1,0.08416143374431134,0.07001815389300944,0.15917957442433983,0.0118064678336097,0.21538708296690914,0.0673615344270371,0.2222473763388288,0.01180681676572245,0.14622206727867434,0.0118094923275574,0.0,0.6597,0.32985
53.32733154296875,53.32733154296875,259357500,20200225,TSLA,55.58599853515625,53.32733154296875,0,0.29666115918411873,0.09666929846788774,0.08000013717912961,0.030001435100687278,0.03000383836265234,0.030003163856302563,0.27999259807863786,0.030003166016453597,0.0966643957456738,0.03000080800845608,-0.3818,0.4457,0.07882
51.91999816894531,51.91999816894531,211282500,20200226,TSLA,53.32733154296875,51.91999816894531,0,0.13779589093030517,0.030656113041690275,0.16458316202587192,0.09315531109151062,0.03065476193846855,0.33719754713416655,0.11398974673549475,0.030657851243780298,0.0306547619314359,0.030654853927275648,0.0,0.7809,0.49105
45.26666641235352,45.26666641235352,364158000,20200227,TSLA,51.91999816894531,45.26666641235352,0,0.8199929910026761,0.0200011661193003,0.0200000000165586,0.0200000000168126,0.020000000022887,0.0200004388970752,0.0200016713053471,0.0200022657391233,0.0200014668614245,0.020000000018795,0.2263,0.2263,0.2263
44.53266525268555,44.53266525268555,363343500,20200228,TSLA,45.26666641235352,44.53266525268555,0,0.1162493722947901,0.2162476541750051,0.11624629358975029,0.01625078527517045,0.14125197815003615,0.0951090920733421,0.0787501087912487,0.0162523058943939,0.18739240973297416,0.01625000002328865,0.0,0.2023,0.10115
49.574668884277344,49.574668884277344,302925000,20200302,TSLA,44.53266525268555,49.574668884277344,1,0.0686885001865012,0.06269836463453039,0.12513539686169436,0.0627005237513799,0.015079887510541368,0.11031822343849233,0.09549638083668244,0.16855854653252278,0.2762445091375206,0.0150796671101343,0.0,0.4588,0.15293333333333334
49.70066833496094,49.70066833496094,386760000,20200303,TSLA,49.574668884277344,49.70066833496094,1,0.2799915925396603,0.284302577416303,0.0216675727099122,0.08416712785818688,0.021668054748735625,0.0216678024746924,0.07153286344867292,0.021666928345229222,0.12166775534094483,0.07166772511766217,-0.1779,0.8176,0.337325
49.96666717529297,49.96666717529297,225735000,20200304,TSLA,49.70066833496094,49.96666717529297,1,0.0208335190617042,0.08333611628409517,0.15889629524170906,0.020840522242168626,0.06250013757684968,0.14582673609019936,0.38495319221473806,0.0208336820994435,0.020834069303489126,0.08114572988560284,-0.296,0.8885,0.35934999999999995
40.53333282470703,40.53333282470703,256105500,20200309,TSLA,46.89866638183594,40.53333282470703,0,0.0858986441328587,0.011805806752853799,0.01180603800212685,0.01180667838625675,0.2944166214213305,0.011806120825246,0.17599031877352483,0.1613080611050516,0.2233558249549274,0.011805885645823001,-0.296,-0.0342,-0.1651
43.02199935913086,43.02199935913086,233916000,20200310,TSLA,40.53333282470703,43.02199935913086,1,0.025667566057107023,0.1589963138872864,0.11118186483677142,0.14586189570849675,0.025666734162185078,0.02567025254567392,0.27898575982736096,0.02566838882634378,0.10996782819158897,0.09233339595718515,0.0,0.6688,0.23228
42.28200149536133,42.28200149536133,199837500,20200311,TSLA,43.02199935913086,42.28200149536133,0,0.04055598357505448,0.09214859155619722,0.0889674806298741,0.06039743070665069,0.09611111582813617,0.08817493826511127,0.0961129249341632,0.15563486453335712,0.10887739975272419,0.17301927021873117,-0.8779,0.836,0.11495714285714285
29.67133331298828,29.67133331298828,307342500,20200316,TSLA,36.44133377075195,29.67133331298828,0,0.11877124989287452,0.0169847948476038,0.0646016299575255,0.016985252966630834,0.44769206290398095,0.016984752016371465,0.1307144661453035,0.016986192519476834,0.15329364378891844,0.016985954961313568,0.0,0.4215,0.24656666666666668
28.68000030517578,28.68000030517578,359919000,20200317,TSLA,29.67133331298828,28.68000030517578,0,0.2812923757458304,0.176577019033435,0.02673864459062955,0.026736154802046098,0.09564283021494602,0.057386617310470525,0.11006776514087603,0.08875192139816407,0.026737967007227775,0.11006870475637408,-0.9231,0.8074,0.14615
24.08133316040039,24.08133316040039,356793000,20200318,TSLA,28.68000030517578,24.08133316040039,0,0.2727261087919605,0.0178455939036294,0.060435569112937404,0.09055869368000917,0.060465719919638596,0.12075273562150529,0.017842023785517632,0.06502681413787016,0.2765022209848188,0.0178445200621126,-0.4939,0.6114,0.03916666666666668
28.50933265686035,28.50933265686035,452932500,20200319,TSLA,24.08133316040039,28.50933265686035,1,0.02893114543106509,0.01983911208700688,0.1610065641825056,0.2625762922369847,0.13512635260941291,0.01983811100390536,0.28444573798972067,0.01983827941291461,0.04855907742146783,0.01983932762501587,-0.796,0.4404,-0.08682
28.50200080871582,28.50200080871582,424282500,20200320,TSLA,28.50933265686035,28.50200080871582,0,0.018032158734905036,0.018033368672320735,0.18493785772623886,0.1861458295953169,0.018030303066958433,0.16172260552294296,0.2070907540237271,0.16994234315938864,0.0180305774273656,0.018034202070835267,-0.4341,0.5187,0.1486
28.952667236328125,28.952667236328125,246817500,20200323,TSLA,28.50200080871582,28.952667236328125,1,0.09144085143053858,0.1450967415430217,0.14618575952712204,0.02422391142420626,0.1280481869951164,0.02422302437473804,0.27822966522467746,0.02422345753255222,0.11410530551554092,0.024223096432485942,-0.1027,0.6369,0.35116
33.66666793823242,33.66666793823242,343428000,20200324,TSLA,28.952667236328125,33.66666793823242,1,0.3523519156521446,0.017449871829302473,0.056637326917449875,0.1659086139607866,0.027654239495063886,0.017450360419928715,0.19510525290615469,0.017449416072306743,0.13254391821900244,0.01744908452785956,-0.3818,0.9423,0.5101857142857142
35.95000076293945,35.95000076293945,318340500,20200325,TSLA,33.66666793823242,35.95000076293945,1,0.016191289345070768,0.016191726476246168,0.0744144094152699,0.11312986701001759,0.2436773966736213,0.016193512905567666,0.4716274032772266,0.016191019989267533,0.016190904625824367,0.016192470281887732,-0.6378,0.5574,0.10716666666666665
35.21066665649414,35.21066665649414,260710500,20200326,TSLA,35.95000076293945,35.21066665649414,0,0.0250024449035808,0.025000000017701397,0.0250022688087852,0.025014009647301952,0.27499774537003535,0.2749915612022623,0.025002588278313,0.025000000023352002,0.0250042523914984,0.27498512935716907,0.0,0.0,0.0
34.29066848754883,34.29066848754883,215661000,20200327,TSLA,35.21066665649414,34.29066848754883,0,0.019222222234061063,0.09616053363682704,0.019224092225194382,0.10478821153584372,0.3825546779353298,0.01922222223311574,0.17690572715044434,0.12125597301817097,0.01922242761433318,0.04144391241667924,-0.2023,0.9197,0.32242
33.47533416748047,33.47533416748047,179971500,20200330,TSLA,34.29066848754883,33.47533416748047,0,0.014286170009103,0.0142857142887049,0.014285714288912,0.0142857142889569,0.3365807365564254,0.0142864642331911,0.0142857142891712,0.0142857142896592,0.5491316839110998,0.0142863738447761,0.4019,0.4019,0.4019
34.93333435058594,34.93333435058594,266572500,20200331,TSLA,33.47533416748047,34.93333435058594,1,0.055555792064469506,0.0555560677237333,0.055556223598021405,0.1156870727553299,0.13403881181747068,0.1023095305007092,0.31462859239298635,0.0555557804099785,0.05555590469483555,0.0555562240424653,0.09,0.6808,0.38539999999999996
32.104000091552734,32.104000091552734,200298000,20200401,TSLA,34.93333435058594,32.104000091552734,0,0.6310273765436014,0.012879427498330952,0.0128819091899214,0.01288041727361135,0.01287894641942625,0.0128795087130451,0.2659340815150753,0.012879679768989299,0.0128798651886532,0.01287878788934525,0.0,0.7959,0.39795
30.29800033569336,30.29800033569336,297876000,20200402,TSLA,32.104000091552734,30.29800033569336,0,0.053207718714226665,0.0580898774252673,0.09462920093584554,0.1467095357905114,0.17342720077993573,0.06338319474315343,0.18945114785329026,0.0467186551902742,0.021716968606211286,0.15266649996128373,-0.7845,0.8,-0.102225
32.000667572021484,32.000667572021484,338431500,20200403,TSLA,30.29800033569336,32.000667572021484,1,0.02100574764134693,0.1434505600346145,0.09510195234954819,0.040238168828586704,0.08928784731893595,0.19186241632804832,0.15652817744522882,0.11028947789043105,0.11017374202680592,0.04206191013645314,-0.4767,0.7082,0.2239857142857143
34.41600036621094,34.41600036621094,223527000,20200406,TSLA,32.000667572021484,34.41600036621094,1,0.0500015397854317,0.0500000000045416,0.05000000000485757,0.16110863863749753,0.05000157628579194,0.0500016377597457,0.2166688379457209,0.21666662845973603,0.10555114111116841,0.05000000000550837,0.0,0.4497,0.1499
36.36333465576172,36.36333465576172,268797000,20200407,TSLA,34.41600036621094,36.36333465576172,1,0.2833415938258272,0.033340373778369195,0.0333383367192129,0.03333333340323015,0.28328803772666655,0.033333333353515654,0.03333875464115815,0.03334221508208335,0.033345724169490595,0.19999829730044585,0.0,0.7543,0.37715
36.589332580566406,36.589332580566406,189840000,20200408,TSLA,36.36333465576172,36.589332580566406,1,0.07314861390783203,0.2675837230043229,0.0175954306658898,0.0175943618760875,0.017592824795444436,0.08490136599051003,0.46879885558249484,0.017592927413194865,0.017596688720047667,0.0175952080441754,-0.3612,0.5106,0.17020000000000002
38.20000076293945,38.20000076293945,204750000,20200409,TSLA,36.589332580566406,38.20000076293945,1,0.14999889232715916,0.02500000003433995,0.1500026362436718,0.025000000037219798,0.025004341686009103,0.025004146508832502,0.3999895313819706,0.025003963367361902,0.025001696222827698,0.14999479219060724,-0.5423,-0.4019,-0.47209999999999996
43.39666748046875,43.39666748046875,337131000,20200413,TSLA,38.20000076293945,43.39666748046875,1,0.031666845868518666,0.031666973784884665,0.23164546692190677,0.1983335864041218,0.031667649877631064,0.0316667599019238,0.13654060364005602,0.16014528208204254,0.11499997122403904,0.031666860294875095,-0.4939,0.4341,0.11403333333333332
47.32600021362305,47.32600021362305,458647500,20200414,TSLA,43.39666748046875,47.32600021362305,1,0.0736203152453551,0.1430559464278216,0.0180555555832209,0.01805555558359135,0.018056597657071398,0.2680417867526676,0.3479606789359975,0.07704070845781466,0.01805555558576255,0.01805729977069695,0.6318,0.7809,0.70635
48.65533447265625,48.65533447265625,353655000,20200415,TSLA,47.32600021362305,48.65533447265625,1,0.1833321284272249,0.0166685139913194,0.0166666666984554,0.1833326522688763,0.0166666667105391,0.0166666667013503,0.3329756856426472,0.2003576861555057,0.0166666667013924,0.0166666667026889,0.4854,0.4854,0.4854
49.68066787719727,49.68066787719727,309868500,20200416,TSLA,48.65533447265625,49.68066787719727,1,0.08338648217797955,0.11891928603104378,0.05055769539057821,0.03512234882215968,0.0967115796154806,0.08772160049153488,0.21347890090884808,0.10482718288433898,0.15740277676955822,0.05187214690847763,-0.836,0.9393,0.19531428571428572
50.25933456420898,50.25933456420898,196923000,20200417,TSLA,49.68066787719727,50.25933456420898,1,0.2545813211853591,0.1191673087806899,0.01917099706640064,0.09208142518317074,0.01916844064595808,0.3358297992386291,0.0191689932197666,0.05250105110043558,0.06916278054267741,0.01916788303691238,-0.2617,0.4939,0.018400000000000007
45.78133392333984,45.78133392333984,303136500,20200421,TSLA,49.75733184814453,45.78133392333984,0,0.027779847316860496,0.027777777794821434,0.027778008828399398,0.11110905144227573,0.19443536944860032,0.19444691217311652,0.2500014808631717,0.0277777778002595,0.02778323583398577,0.1111105384985087,0.0,0.9454,0.5806
48.80733489990234,48.80733489990234,212482500,20200422,TSLA,45.78133392333984,48.80733489990234,1,0.11962463196953474,0.07363317059927162,0.07105722167799176,0.11317351995916619,0.09622277766177446,0.14792596305875422,0.17126918226288182,0.10453630449868861,0.0685633021199601,0.03399392619197608,-0.8271,0.6996,0.11919090909090911
47.04199981689453,47.04199981689453,198550500,20200423,TSLA,48.80733489990234,47.04199981689453,0,0.03825872344691845,0.08739771514080924,0.10082114441407049,0.08313698975035928,0.07462159456971335,0.1488610632169598,0.2081975179004643,0.0647181895815405,0.06780662042008147,0.1261804415590827,-0.0525,0.6597,0.2611818181818182
48.34333419799805,48.34333419799805,198180000,20200424,TSLA,47.04199981689453,48.34333419799805,1,0.089374815648577,0.0913848098160651,0.13736383718536088,0.026876025600969952,0.026877058949817748,0.07571929254819132,0.026875855792970926,0.2956253643139414,0.10303067321282647,0.12687226693127873,-0.3182,0.7959,0.27122500000000005
53.25,53.25,310221000,20200427,TSLA,48.34333419799805,53.25,1,0.1022162637906258,0.02815435456202091,0.19480971151822046,0.07570298220333153,0.2225904397283124,0.09726210790529861,0.028149756154614472,0.12074052073045413,0.10222339307654564,0.02815047033057562,-0.3736,0.7725,0.08714444444444444
53.367332458496094,53.367332458496094,243240000,20200429,TSLA,51.27466583251953,53.367332458496094,1,0.2111863695748685,0.0166689494375238,0.0166698388362339,0.516657256249621,0.0166667229685582,0.016666666699252,0.0166670614962244,0.0166720048074046,0.1554784632297656,0.0166666667005476,-0.0387,-0.0387,-0.0387
52.12533187866211,52.12533187866211,427078500,20200430,TSLA,53.367332458496094,52.12533187866211,0,0.1099410728258492,0.02500365040728895,0.2333287076128963,0.21088875429519224,0.025001513988233227,0.025004050553687027,0.0874976881658123,0.08749996486709227,0.1708345972588354,0.0250000000251126,-0.5994,0.8869,0.071875
46.75466537475586,46.75466537475586,487977000,20200501,TSLA,52.12533187866211,46.75466537475586,0,0.213782993029506,0.11055274743741703,0.027222954529309933,0.14653168436831368,0.08277610861297185,0.1091795758059145,0.027223625314016245,0.06426320751823202,0.1272216177879178,0.09124548559640061,-0.802,0.7717,0.022866666666666664
50.74599838256836,50.74599838256836,288556500,20200504,TSLA,46.75466537475586,50.74599838256836,1,0.14569479517913964,0.02069444445808135,0.10185250569729247,0.02069529451354685,0.020694641450431466,0.19430469813543985,0.06453582830798528,0.18229968020866508,0.1456947190565999,0.10353339299281761,-0.5487,0.5994,-0.12956666666666664
51.2140007019043,51.2140007019043,254875500,20200505,TSLA,50.74599838256836,51.2140007019043,1,0.08232187701688302,0.06007132820248653,0.01982185606846405,0.019823108171050777,0.0785428942543438,0.2563552455889784,0.1610995492069103,0.019822585075190198,0.21981945891704815,0.0823220974986444,-0.4215,0.8126,0.037425
52.172000885009766,52.172000885009766,166848000,20200506,TSLA,51.2140007019043,52.172000885009766,1,0.14908289797207705,0.03125000000819483,0.031250000008763275,0.19677956813985095,0.13655246578661617,0.07292036968499242,0.031255335041468046,0.11458340038230946,0.20507596296578834,0.03125000000993908,-0.34,0.636,0.32094999999999996
52.00266647338867,52.00266647338867,172915500,20200507,TSLA,52.172000885009766,52.00266647338867,0,0.13788849563706468,0.05985870697889862,0.09785696036236764,0.038706289979775516,0.050974172417574994,0.18369478464747338,0.1801221313048258,0.060487406883264476,0.10276067635222491,0.08765037543652958,-0.4341,0.8271,0.127575
54.62799835205078,54.62799835205078,241297500,20200508,TSLA,52.00266647338867,54.62799835205078,1,0.15152333259952516,0.047808055164780545,0.05769734739425034,0.03250558604512689,0.08627897469047424,0.13374353319431131,0.14556425623444655,0.07587330798891524,0.13120919162052846,0.1377964150676409,-0.7964,0.8787,0.26816666666666666
54.08599853515625,54.08599853515625,247794000,20200511,TSLA,54.62799835205078,54.08599853515625,0,0.029465662942192935,0.029464921318929454,0.029465690321003584,0.43893357741106764,0.02946515417258065,0.02946446231860528,0.239554255975113,0.059700543841955715,0.08501967383383625,0.02946605786471503,-0.4767,0.8748,0.20513333333333336
53.96066665649414,53.96066665649414,238603500,20200512,TSLA,54.08599853515625,53.96066665649414,0,0.02289026462328592,0.1295527038743592,0.12450361920625548,0.32288405359286426,0.11178148790562548,0.06497844543806933,0.11001445003085382,0.0676133501547873,0.022891346600327322,0.02289027857357152,-0.6124,0.7334,0.08826
52.73066711425781,52.73066711425781,285982500,20200513,TSLA,53.96066665649414,52.73066711425781,0,0.09250110005069098,0.04250088259316574,0.12582825905122957,0.11814029285670143,0.1948259860900135,0.0620540960346659,0.0258368672369723,0.0258356924176616,0.28664218676074044,0.02583463690815808,-0.6597,0.6588,0.18242000000000003
53.55533218383789,53.55533218383789,205233000,20200514,TSLA,52.73066711425781,53.55533218383789,1,0.0166680857763752,0.0166738805656924,0.6833257205526271,0.0166671388087854,0.0166673522413138,0.1833306418641455,0.016667009814256,0.0166666837059978,0.0166668199869975,0.0166666666838087,0.0,0.0,0.0
53.27799987792969,53.27799987792969,157776000,20200515,TSLA,53.55533218383789,53.27799987792969,0,0.14742730994894745,0.11773085570241112,0.07973121565869232,0.08424562468831655,0.0989707610550376,0.023189977156823506,0.11463380003511502,0.08355141619107666,0.0700474720689759,0.18047156749460344,-0.8126,0.8996,0.0845913043478261
54.242000579833984,54.242000579833984,174987000,20200518,TSLA,53.27799987792969,54.242000579833984,1,0.0169193849160471,0.0993031879643765,0.26964052476865547,0.016920877093828834,0.18713837740969663,0.0169199922228521,0.016920152519371234,0.01692036701328217,0.12017638935191623,0.2391407467399733,0.0,0.8316,0.5007
53.867332458496094,53.867332458496094,144547500,20200519,TSLA,54.242000579833984,53.867332458496094,0,0.050000000032455,0.0500000000256014,0.0500000000273473,0.0500000000277209,0.0500000000377247,0.0500000000298972,0.0500000000295835,0.0500000000337526,0.5499999997249101,0.050000000031007,-0.5093,-0.5093,-0.5093
54.45866775512695,54.45866775512695,149812500,20200522,TSLA,55.17333221435547,54.45866775512695,0,0.05194524670610215,0.05194561893975854,0.16305520047280736,0.15194372101876627,0.05194494444937065,0.08527736550147895,0.1630561726983816,0.0519448763238985,0.17694240943943595,0.05194444444999974,0.0,0.6808,0.11346666666666666
54.68199920654297,54.68199920654297,173242500,20200527,TSLA,54.5913314819336,54.68199920654297,1,0.025000000006163,0.0250000000048575,0.025000000005192,0.0250000000052642,0.0250000000071699,0.0250000000056704,0.0250000000056115,0.0250000000064041,0.7749994757158896,0.0250005242377772,0.296,0.296,0.296
55.66666793823242,55.66666793823242,176467500,20200529,TSLA,53.72066879272461,55.66666793823242,1,0.01875070433497695,0.0187513509407976,0.26874283235970287,0.01875093997236905,0.01875033585680835,0.0187577165220388,0.4468110625633113,0.01875001756216295,0.15318433090159786,0.01875070898623385,0.1882,0.6079,0.39805
59.87333297729492,59.87333297729492,224092500,20200601,TSLA,55.66666793823242,59.87333297729492,1,0.4374973931838356,0.1458317151186082,0.02083418287849835,0.2708336350559772,0.020834017603988203,0.02083454102235635,0.02083333334874205,0.02083333335093735,0.02083451508753925,0.02083333334951695,-0.296,0.0,-0.148
57.62533187866211,57.62533187866211,133315500,20200604,TSLA,58.86399841308594,57.62533187866211,0,0.4574928270399602,0.0416793941080205,0.008127306791325,0.00812509196678015,0.1649770628781185,0.00812618218066595,0.0081250000048358,0.0081250000055196,0.11466523057738275,0.1805569044473912,0.7459,0.8316,0.7887500000000001
59.04399871826172,59.04399871826172,117178500,20200605,TSLA,57.62533187866211,59.04399871826172,1,0.0333467040588783,0.033333333347376,0.0333333333483646,0.0333333333485597,0.0333333333540762,0.033333333349737,0.0333333333495661,0.6999866291433006,0.0333333333497715,0.0333333333503697,0.0,0.0,0.0
63.32799911499024,63.32799911499024,212620500,20200608,TSLA,59.04399871826172,63.32799911499024,1,0.5024960021994493,0.1825061769810745,0.06947527602130513,0.010344862855459824,0.01034404506438605,0.07390868268856157,0.08905138062186849,0.01034477583433535,0.041184598699873155,0.010344199033686274,-0.5267,0.743,-0.0007249999999999757
68.336669921875,68.336669921875,278451000,20200610,TSLA,62.711334228515625,68.336669921875,1,0.11803096240897382,0.03867773181649633,0.14480323951148422,0.08060093212221657,0.0475692477825407,0.06899678818506756,0.06843759340805466,0.22789921997010695,0.07749395256518467,0.12749033222987408,-0.9475,0.8957,0.2515928571428571
64.85600280761719,64.85600280761719,238747500,20200611,TSLA,68.336669921875,64.85600280761719,0,0.058074978766818025,0.0839775882471013,0.22757098315743732,0.015796393340435425,0.1082070318608294,0.11578773798052291,0.07829866599874692,0.1322400425940091,0.08247401258675897,0.09757256546734021,0.0,0.8462,0.39454999999999996
66.05999755859375,66.05999755859375,235458000,20200615,TSLA,62.35200119018555,66.05999755859375,1,0.16724256145113947,0.01167346747691383,0.16849977294128982,0.029212489980879202,0.04341913955336165,0.09624372126227791,0.15545456094361482,0.2135719169931138,0.10300829569011741,0.011674073707291571,-0.6901,0.8515,-0.02217142857142858
65.47533416748047,65.47533416748047,210766500,20200616,TSLA,66.05999755859375,65.47533416748047,0,0.06275874188829823,0.03620877816357966,0.10067838381543028,0.045351480302872296,0.2033513271892236,0.22116912943180106,0.019167654094385048,0.0191676776974915,0.1840929634724439,0.108053863944474,-0.296,0.8047,0.10098888888888889
66.9306640625,66.9306640625,146278500,20200618,TSLA,66.11933135986328,66.9306640625,1,0.2749972656503301,0.0250001383949562,0.5249947288643586,0.0250015766698318,0.0250000000121717,0.0250012591091209,0.0250023760279337,0.0250000567678089,0.025002598493494,0.0250000000099936,0.0,0.0,0.0
66.72666931152344,66.72666931152344,130195500,20200619,TSLA,66.9306640625,66.72666931152344,0,0.08632750099219293,0.0205573901348631,0.08722144633102787,0.10738838750763101,0.0205563719973083,0.3837121547169171,0.020557460213199135,0.23255983350947107,0.0205573680546168,0.020562086542772365,-0.1027,0.6597,0.3196333333333333
66.28800201416016,66.28800201416016,95436000,20200622,TSLA,66.72666931152344,66.28800201416016,0,0.0147620380882037,0.014765600270076598,0.3170704529438949,0.09493794879186802,0.21353419144530492,0.0147624127354238,0.1895046420067418,0.11113855506162278,0.0147620965255707,0.014762062131292135,0.0,0.0,0.0
66.78533172607422,66.78533172607422,95479500,20200623,TSLA,66.28800201416016,66.78533172607422,1,0.0142858094685069,0.4172403633981701,0.0142857142994591,0.0142928879767108,0.1571431159970248,0.0142859639042925,0.1571427095408981,0.0142878777037451,0.1827444643327021,0.0142910933784904,-0.2357,-0.2357,-0.2357
64.0566635131836,64.0566635131836,164394000,20200624,TSLA,66.78533172607422,64.0566635131836,0,0.12250427329912175,0.2974719079234541,0.04931071583987302,0.021528985064135524,0.1048597295153305,0.1673594104009867,0.05435422322194427,0.021528023281761927,0.13955355126053265,0.02152918019285905,0.0,0.7003,0.2875
65.73200225830078,65.73200225830078,138817500,20200625,TSLA,64.0566635131836,65.73200225830078,1,0.06776722390840746,0.016455733396307032,0.09335031464058845,0.07736380602716253,0.0164533016250939,0.016453073796303567,0.42561434302384077,0.0164535412121378,0.09978703819976775,0.17030162417039038,-0.4003,0.6808,0.04313333333333332
63.982666015625,63.982666015625,132823500,20200626,TSLA,65.73200225830078,63.982666015625,0,0.017501532892223025,0.06657255945356182,0.3707121456160558,0.04364656830801988,0.05757613562099535,0.0809448779924329,0.21750086498492624,0.06182383078726692,0.017500478421317776,0.06622100592319982,-0.34,0.5255,0.046374999999999986
67.29000091552734,67.29000091552734,135396000,20200629,TSLA,63.982666015625,67.29000091552734,1,0.02222222224175065,0.0222223922184305,0.3555555299390133,0.02222253374478205,0.46666277477233714,0.02222229822657015,0.0222239164953321,0.022222229788260203,0.0222223069797267,0.0222237955937967,0.3612,0.9186,0.6399
71.98733520507812,71.98733520507812,253777500,20200630,TSLA,67.29000091552734,71.98733520507812,1,0.02476455311404943,0.024764676098424563,0.02476286714019907,0.19142693424940174,0.46527606525633064,0.024762605417695,0.024763535860462635,0.024761909749905765,0.024762269964766836,0.1699545831487637,-0.9228,0.5994,-0.10779999999999997
74.64199829101562,74.64199829101562,199903500,20200701,TSLA,71.98733520507812,74.64199829101562,1,0.16898298833864395,0.021276135980319938,0.07466005814835401,0.19981353307071692,0.0953114965263499,0.1662832305463377,0.03232161993510744,0.09627192684123305,0.021276115014807362,0.1238028955981294,-0.2263,0.908,0.39427500000000004
80.57733154296875,80.57733154296875,258751500,20200702,TSLA,74.64199829101562,80.57733154296875,1,0.07728861365164141,0.1509066922955624,0.19291002903176982,0.07954558609460903,0.09074618040453494,0.09753484125890825,0.0886145250737305,0.0642651000895065,0.05803905853473704,0.10014937356499966,-0.1027,0.955,0.3545277777777778
92.65733337402344,92.65733337402344,322345500,20200707,TSLA,91.43866729736328,92.65733337402344,1,0.2558545676604765,0.01218086418712075,0.14126916300464226,0.0121809569318146,0.0121794871914352,0.4288464384357507,0.01218083640462225,0.1009460303128952,0.0121803314083345,0.0121813244629078,0.1007,0.9042,0.50245
91.05867004394533,91.05867004394533,244669500,20200708,TSLA,92.65733337402344,91.05867004394533,0,0.0208343324911369,0.02083557474772015,0.1458341818434687,0.0208355107132994,0.02083333336316285,0.14583301315096606,0.4374941236665276,0.02083336002039925,0.02083370150436105,0.14583286849895766,-0.3597,0.6588,0.14955000000000002
92.9520034790039,92.9520034790039,175764000,20200709,TSLA,91.05867004394533,92.9520034790039,1,0.044583333351021104,0.10708304675473244,0.0445848976394141,0.04458333334844865,0.12791417837573274,0.04458383650868378,0.04458333334946193,0.3404161394310112,0.10708396436848705,0.09458393687300673,-0.7003,0.636,-0.060899999999999996
102.97666931152344,102.97666931152344,350064000,20200710,TSLA,92.9520034790039,102.97666931152344,1,0.023230128953448413,0.07103334693910957,0.13605854325856653,0.04967699061610298,0.04565325700788619,0.0680987305624959,0.13669285109385618,0.14822941505436035,0.06080640545326328,0.2605203310609102,-0.7351,0.8316,0.2489625
99.8040008544922,99.8040008544922,584781000,20200713,TSLA,102.97666931152344,99.8040008544922,0,0.10705067264541573,0.10504674803323773,0.057432427987625136,0.03957393859837946,0.05440088033942664,0.09969799502164235,0.05468948130195972,0.042550390318187824,0.41784017602945245,0.02171728972467246,-0.5106,0.8519,0.3208625
101.12000274658205,101.12000274658205,351271500,20200714,TSLA,99.8040008544922,101.12000274658205,1,0.13954497087474804,0.03519127229356908,0.13839912427179962,0.03519145802916908,0.06433745520406406,0.17146522710828774,0.15185211459012485,0.09198629861714325,0.15350623885959766,0.018525840151496144,0.0,0.7269,0.36928
103.06732940673828,103.06732940673828,245517000,20200715,TSLA,101.12000274658205,103.06732940673828,1,0.055152369133572195,0.2549887695561114,0.09086531177226695,0.13134393204072387,0.07316897691936204,0.1805201480616343,0.10193108108363458,0.01944296747473367,0.019440197543988003,0.07314624641397259,-0.765,0.6249,-0.20507142857142857
109.53333282470705,109.53333282470705,256821000,20200720,TSLA,100.05599975585938,109.53333282470705,1,0.10277799791331298,0.07589415109274296,0.019444519485636597,0.2972196795543902,0.019445308536624965,0.10278048389953076,0.32410415916685514,0.0194444444520506,0.019444754095593732,0.01944450180326167,0.0,0.4753,0.15843333333333334
104.55733489990234,104.55733489990234,241608000,20200721,TSLA,109.53333282470705,104.55733489990234,0,0.029861111149029715,0.1826373680938881,0.1340277106192177,0.08541852248107372,0.029861124341405632,0.06506881288356538,0.147918921526645,0.2654826471611969,0.029861431633411834,0.02986235011056565,0.0,0.4926,0.21814999999999998
106.15533447265624,106.15533447265624,212416500,20200722,TSLA,104.55733489990234,106.15533447265624,1,0.11378202948298388,0.03333530775913707,0.11949881784778692,0.12943318132801263,0.03333333336015893,0.27061624127821,0.033333333354314466,0.03333333335726323,0.03333342800371087,0.20000099422842155,0.0,0.7003,0.23343333333333335
100.87133026123048,100.87133026123048,364927500,20200723,TSLA,106.15533447265624,100.87133026123048,0,0.09185520809015288,0.053253773006831095,0.11162290122425102,0.02935740859660445,0.02935606062738835,0.2270160947924626,0.029358839396372648,0.11375413518330772,0.1910760050024226,0.12334957408020619,0.0,0.8764,0.5274749999999999
94.46666717529295,94.46666717529295,290949000,20200724,TSLA,100.87133026123048,94.46666717529295,0,0.05269524163239486,0.16949356664545637,0.027697065151580692,0.24230310922848353,0.09436092332132884,0.02769460831390691,0.14027072175615024,0.13769375387892868,0.06102859185748695,0.04676241821428252,-0.3595,0.8957,0.15567
102.63999938964844,102.63999938964844,240730500,20200727,TSLA,94.46666717529295,102.63999938964844,1,0.07083189961756443,0.01865414179378187,0.21308865859523443,0.018654400666231866,0.018650793691163934,0.018652981766613733,0.37122796316149836,0.06626939464216243,0.10198523165412947,0.10198453441161903,0.2585,0.8015,0.5387666666666667
98.43267059326172,98.43267059326172,237130500,20200728,TSLA,102.63999938964844,98.43267059326172,0,0.0162520346410284,0.07874992335317049,0.0824762287552045,0.1162498100008136,0.01625018233981355,0.30387571720498685,0.01625030150646655,0.11625014364649455,0.2373956585256177,0.016250000026403352,-0.6187,-0.3182,-0.46845000000000003
99.94066619873048,99.94066619873048,141403500,20200729,TSLA,98.43267059326172,99.94066619873048,1,0.021071951393920076,0.4099301442421491,0.27149433633702896,0.021072497665836798,0.021071428585990176,0.02107148547515385,0.021072443436438278,0.021072327347171425,0.17107115141636098,0.021072234099949974,0.0,0.4284,0.207575
99.16600036621094,99.16600036621094,114315000,20200730,TSLA,99.94066619873048,99.16600036621094,0,0.04744049113726743,0.08216152398972291,0.06066111658088691,0.0891075263969426,0.1099414822614827,0.13502921094040163,0.10698760242708577,0.047440968098043546,0.19442607097385833,0.12680400719430765,-0.4145,0.802,0.21062499999999998
95.38400268554688,95.38400268554688,183123000,20200731,TSLA,99.16600036621094,95.38400268554688,0,0.025000000037583098,0.22461413281575235,0.0250000000316638,0.025010304455485098,0.2749891660503539,0.3253828190000445,0.02500107815878265,0.0250000000390512,0.025000000034603502,0.02500249937667945,0.0,0.6249,0.31245
99.0,99.0,132139500,20200803,TSLA,95.38400268554688,99.0,1,0.0142886239835207,0.0142861870131527,0.0142881623400491,0.014286025392373,0.6657114933095292,0.0142911225612266,0.2199851456414646,0.0142892568177653,0.0142877795873246,0.0142862033535938,0.0,0.0,0.0
99.13333129882812,99.13333129882812,126225000,20200804,TSLA,99.0,99.13333129882812,1,0.1418884630748175,0.0125003264098649,0.0125000000215225,0.1745235111128664,0.0125032572642491,0.4710846465953262,0.012500000023263,0.1374979144972805,0.0125012484447575,0.012500632556052,0.0,0.0,0.0
99.00133514404295,99.00133514404295,74217000,20200805,TSLA,99.13333129882812,99.00133514404295,0,0.3341017056339876,0.015477007363091901,0.0154761904876142,0.015477176010304999,0.015476750876649,0.15833295034734746,0.3011884951803867,0.01547775080965465,0.1135155385774726,0.0154764347134904,0.0,0.631,0.3155
96.84733581542967,96.84733581542967,133446000,20200807,TSLA,99.30533599853516,96.84733581542967,0,0.4639952601649452,0.030666697181684837,0.03066666667823752,0.03066666667839852,0.19066356329099537,0.0306674513882736,0.1306631735875698,0.030666830572773963,0.03067346460541212,0.0306702258517086,-0.34,0.7096,0.2212
91.6259994506836,91.6259994506836,129387000,20200811,TSLA,94.5713348388672,91.6259994506836,0,0.036390033369747124,0.03638888890072006,0.03638963810073706,0.036389541726607744,0.061389649232857633,0.03638902421432376,0.3169420125485872,0.2669426859932072,0.1363894846829044,0.03638904123030756,-0.296,0.5267,-0.013060000000000006
108.06666564941406,108.06666564941406,306379500,20200813,TSLA,103.65066528320312,108.06666564941406,1,0.10031992838113514,0.08493812832831626,0.0988617156977616,0.015531496025799632,0.015530946208224867,0.1437693813008646,0.348861840439108,0.0571969838700886,0.11945628318637096,0.015533296562329867,-0.4019,0.3382,-0.021233333333333326
110.04733276367188,110.04733276367188,188664000,20200814,TSLA,108.06666564941406,110.04733276367188,1,0.11213385786565672,0.08207382562705814,0.08450269457698895,0.12874014409985676,0.027033419305133723,0.049192840024530095,0.24053049573836383,0.04088530266153331,0.12501103321281576,0.10989638688806225,-0.4588,0.9279,0.43793846153846155
122.3759994506836,122.3759994506836,303634500,20200817,TSLA,110.04733276367188,122.3759994506836,1,0.17519664159332482,0.06837332479871679,0.08951171385594753,0.04381224461601112,0.12366087739300095,0.09826705677410165,0.07933397435900821,0.10013726188413918,0.14237355560488885,0.07933334912086051,-0.5255,0.6369,0.05986000000000001
125.80599975585938,125.80599975585938,247117500,20200818,TSLA,122.3759994506836,125.80599975585938,1,0.1648088627912552,0.08561674435196709,0.09834860929513112,0.08690026899006131,0.0753201159689132,0.08273398956393173,0.088517045343113,0.031094953951238204,0.1497640047980646,0.13689540494632413,-0.5267,0.838,0.2457666666666667
125.23533630371094,125.23533630371094,183079500,20200819,TSLA,125.80599975585938,125.23533630371094,0,0.2906125005621283,0.09548688053570488,0.09374512285661002,0.07390667226094892,0.10871238570250838,0.02187271060419148,0.10954684438237053,0.1253534766801743,0.058891419460671404,0.02187198695469142,-0.4767,0.9022,0.1504090909090909
133.45533752441406,133.45533752441406,309177000,20200820,TSLA,125.23533630371094,133.45533752441406,1,0.14499989880786676,0.03389008855548282,0.2794971845645607,0.1924609345442263,0.033888888924387434,0.11722218891464771,0.09637289019552663,0.03388917091196338,0.033889157255386014,0.03388959732595192,-0.0891,0.4767,0.18146666666666667
136.6653289794922,136.6653289794922,322344000,20200821,TSLA,133.45533752441406,136.6653289794922,1,0.21833166132809634,0.018333333354702247,0.0183337380964904,0.018333333356507997,0.2683270794146526,0.01833761322524215,0.21833468929183847,0.018333333361535552,0.01834481978623995,0.1849903987846938,0.0,0.3291,0.16455
134.27999877929688,134.27999877929688,300954000,20200824,TSLA,136.6653289794922,134.27999877929688,0,0.1294656829367806,0.0724637172799172,0.015873813623040068,0.015873184524042367,0.11111220214551655,0.14637384254823343,0.015877403638820033,0.07142818853345397,0.24002861007090615,0.18150335469928913,0.0,0.6808,0.22693333333333332
134.8893280029297,134.8893280029297,159883500,20200825,TSLA,134.27999877929688,134.8893280029297,1,0.016321467364557876,0.016320287526400325,0.2690240859325632,0.07881857593647047,0.01632076042632125,0.23615393028369472,0.11006949778272242,0.11109283274740833,0.016319951119557325,0.12955861088030368,0.0,0.9136,0.2477
143.54466247558594,143.54466247558594,213591000,20200826,TSLA,134.8893280029297,143.54466247558594,1,0.12362108915331727,0.06444487419449792,0.07833224888944591,0.0813267709677586,0.022777900979279248,0.0989647838996656,0.13427186173846814,0.09739415212319029,0.1927587804172377,0.10610753763713904,-0.2732,0.7777,0.17145
149.25,149.25,355395000,20200827,TSLA,143.54466247558594,149.25,1,0.05277938810923866,0.0528802064272555,0.13701839987368591,0.025000404017103895,0.17493863510865304,0.05097733862572116,0.13610331995824979,0.05922748000087594,0.025000241262136833,0.2860745866170787,-0.7183,0.0,-0.2651666666666667
147.55999755859375,147.55999755859375,301218000,20200828,TSLA,149.25,147.55999755859375,0,0.14708727342248973,0.048585283596616444,0.053689813103762384,0.08035425078832514,0.16201557631073932,0.11962118474612275,0.1191234938621227,0.0453535415844514,0.1372741564072481,0.0868954261781216,-0.6124,0.7845,0.19516999999999998
158.35000610351562,158.35000610351562,269523300,20200901,TSLA,166.10667419433594,158.35000610351562,0,0.4507478744503953,0.0067874165300823,0.0405541110803444,0.00678733032581495,0.03957276607574705,0.0067873649477961,0.0067876593390971,0.10529150613041965,0.329896640793808,0.0067873303264948,-0.296,0.0,-0.148
149.1233367919922,149.1233367919922,288528300,20200902,TSLA,158.35000610351562,149.1233367919922,0,0.0333333333429493,0.0333333333409057,0.0333379580055907,0.0333367760705237,0.0333333333445272,0.0333345937146578,0.0333333333420853,0.0333333333433244,0.0333358076586015,0.6999881978368341,0.0,0.0,0.0
135.6666717529297,135.6666717529297,262788300,20200903,TSLA,149.1233367919922,135.6666717529297,0,0.0214305970091952,0.18809315176044716,0.021428571438279736,0.021430114435162333,0.021430053924079203,0.3547539438480934,0.3071459402570218,0.0214286426638218,0.021430077510819035,0.021428907153079935,0.0,0.9359,0.31196666666666667
139.44000244140625,139.44000244140625,330965700,20200904,TSLA,135.6666717529297,139.44000244140625,1,0.2749993185824671,0.0250013001338117,0.0250018625144471,0.0250000000307483,0.5249956115751472,0.0250000000331301,0.0250000000328032,0.0250019044285809,0.025000000033148,0.0250000026357161,0.0,0.0,0.0
110.06999969482422,110.06999969482422,346397100,20200908,TSLA,139.44000244140625,110.06999969482422,0,0.1,0.1,0.1,0.1,0.1,0.1,0.1,0.1,0.1,0.1,0.0,0.0,0.0
122.09333038330078,122.09333038330078,238397400,20200909,TSLA,110.06999969482422,122.09333038330078,1,0.13538168307122128,0.0784050782827172,0.08882275558211047,0.08979137123925125,0.05200929401655202,0.11371694983427902,0.01201498887104755,0.12707645560740682,0.20326731431025638,0.09951410918515768,-0.2111,0.8271,0.2308
123.77999877929688,123.77999877929688,254791800,20200910,TSLA,122.09333038330078,123.77999877929688,1,0.0338181940993516,0.033819244664518085,0.12085038792368538,0.03381949306058994,0.03381838473925114,0.21055110232700885,0.35466827768418147,0.07424733961185798,0.03381885640499236,0.07058871948456298,0.0,0.7964,0.5061
124.23999786376952,124.23999786376952,182152500,20200911,TSLA,123.77999877929688,124.23999786376952,1,0.0166674475259006,0.0166671080669583,0.0166666666809453,0.3499989640232108,0.0166689141064835,0.016667242463526,0.0166666666820921,0.0166669258871765,0.5166629720894464,0.01666709247426,0.7717,0.7717,0.7717
139.8733367919922,139.8733367919922,249061800,20200914,TSLA,124.23999786376952,139.8733367919922,1,0.1013461522479905,0.030556618845988634,0.0305560770797056,0.030555671860741363,0.08288327928646914,0.280554576371405,0.030557569793760734,0.0305555555710076,0.030555555569224766,0.3518789433737062,-0.4767,0.4019,-0.024933333333333346
149.9199981689453,149.9199981689453,291894600,20200915,TSLA,139.8733367919922,149.9199981689453,1,0.5054362365625528,0.06641314503148478,0.1331943675853749,0.0155479962356626,0.01554952686637572,0.04888332869458042,0.10989124691422014,0.01554862573981296,0.07398670197301058,0.015548824396924659,0.3612,0.6969,0.5053
147.25332641601562,147.25332641601562,216837900,20200916,TSLA,149.9199981689453,147.25332641601562,0,0.10666700253500763,0.07393348257221563,0.12246705252445013,0.023333646357768426,0.023333473598167148,0.2233333249283124,0.22333105969871164,0.1569341895486315,0.023333434888549373,0.0233333333481856,-0.5267,0.4215,-0.12677499999999997
141.14332580566406,141.14332580566406,230337600,20200917,TSLA,147.25332641601562,141.14332580566406,0,0.149342842368994,0.0100033082160351,0.6009114652738848,0.0100014055412832,0.0100007267061995,0.1797334160841062,0.0100020587616498,0.0100015674642866,0.0100006054523573,0.0100026041312032,0.8154,0.8154,0.8154
147.38333129882812,147.38333129882812,259220400,20200918,TSLA,141.14332580566406,147.38333129882812,1,0.2199997850706917,0.0200000000105202,0.0200042386700139,0.0200000000115244,0.0200000000155316,0.6199700150397269,0.0200000000121638,0.0200000000138791,0.0200259611431871,0.0200000000127608,0.5106,0.5106,0.5106
149.79666137695312,149.79666137695312,328430400,20200921,TSLA,147.38333129882812,149.79666137695312,1,0.11475573303869151,0.008586259589441035,0.09130256819788722,0.09949311538548566,0.04901604112328397,0.008586319779328933,0.4051936642926525,0.05011114733675757,0.06645809833778736,0.10649705291868383,0.1586,0.5667,0.3621666666666667
141.41000366210938,141.41000366210938,238742400,20200922,TSLA,149.79666137695312,141.41000366210938,0,0.0111121773412051,0.011112551678739,0.0111117407193088,0.0111115399822251,0.0111111111183298,0.1599650819572518,0.2501684843705073,0.3663013326510055,0.1568946596936951,0.0111113204877322,-0.4963,-0.4963,-0.4963
126.7866668701172,126.7866668701172,285222600,20200923,TSLA,141.41000366210938,126.7866668701172,0,0.0250000000277053,0.0250000000218345,0.7749824261826997,0.0250174960900002,0.0250000000322297,0.0250000000254937,0.025000077539185,0.025000000028837,0.0250000000255372,0.0250000000264771,0.0,0.0,0.0
129.26333618164062,129.26333618164062,289683300,20200924,TSLA,126.7866668701172,129.26333618164062,1,0.0333333333689223,0.3666664895053899,0.0333333333633308,0.0333333333637588,0.03333333337473,0.0333333333660893,0.0333333333657597,0.0333333333703493,0.0333333333661029,0.3666668435555666,0.3612,0.3612,0.3612
135.77999877929688,135.77999877929688,201625500,20200925,TSLA,129.26333618164062,135.77999877929688,1,0.17348571925948963,0.02488133829519838,0.1375958248050353,0.02488152365166908,0.02488157934369012,0.15337756211977796,0.1582120995154584,0.17573980823082264,0.10206048849360994,0.024884056285248222,-0.3818,0.6652,0.15714
140.39999389648438,140.39999389648438,149158800,20200928,TSLA,135.77999877929688,140.39999389648438,1,0.0541882902527199,0.11334142888985428,0.2732528680455901,0.01861205426996445,0.0186123254720328,0.17983949476332292,0.018614378236293166,0.16908003575090358,0.10251496184924487,0.05194416247007342,-0.34,0.967,0.28550000000000003
139.69000244140625,139.69000244140625,150657900,20200929,TSLA,140.39999389648438,139.69000244140625,0,0.0166692108580173,0.3499889684515461,0.3499970374587241,0.0166674351619328,0.0166673545136701,0.0166685057828262,0.016669460954306,0.0166666666817329,0.1833326582332325,0.0166727019040116,0.1779,0.1779,0.1779
149.3866729736328,149.3866729736328,152224500,20201001,TSLA,143.00332641601562,149.3866729736328,1,0.21768942272212785,0.05352160859419014,0.02019142412904188,0.07019092550723406,0.06019214474334626,0.22018912054862422,0.11078650412656887,0.060190854923864945,0.1668551482303103,0.02019284647469104,0.0,0.6588,0.44421999999999995
138.3633270263672,138.3633270263672,214290000,20201002,TSLA,149.3866729736328,138.3633270263672,0,0.16482220502215578,0.0489099117711094,0.01765930773187104,0.046533165250948014,0.07633362434358522,0.3890158859730902,0.05218676269523459,0.01765826991796365,0.06727538947971602,0.11960547781432562,-0.6705,0.8858,0.21889999999999998
141.89332580566406,141.89332580566406,134168400,20201005,TSLA,138.3633270263672,141.89332580566406,1,0.030626979322337128,0.0306260409690177,0.3335124727152798,0.030625963713192463,0.03062618475980724,0.0868761435132719,0.12437511537904214,0.09718261380195573,0.09312636893077489,0.14242211689532064,0.0,0.8047,0.4301375
137.9933319091797,137.9933319091797,147438900,20201006,TSLA,141.89332580566406,137.9933319091797,0,0.03144566098684028,0.17391311387026698,0.09639092282102722,0.013123706629047683,0.3218071170775271,0.029363913070328485,0.060741775116250396,0.06355697462554723,0.19653484541681623,0.013121970386347917,-0.7643,0.8922,0.33731666666666665
141.76666259765625,141.76666259765625,129383100,20201007,TSLA,137.9933319091797,141.76666259765625,1,0.07371241726622603,0.018274639902747393,0.15776234296031702,0.02973688100583959,0.1495571026848774,0.06178432486302575,0.15638605669351816,0.24279434877684697,0.03706406574185292,0.07292782010474834,-0.872,0.8588,0.012650000000000008
141.97332763671875,141.97332763671875,121263300,20201008,TSLA,141.76666259765625,141.97332763671875,1,0.12199128638118523,0.19923883140568568,0.07520731319016727,0.04173920144387033,0.24775477393526812,0.0537701719568621,0.10068867311090703,0.04105479074539195,0.020821228637668266,0.09773372919299352,-0.2263,0.9127,0.4134
144.6666717529297,144.6666717529297,86777100,20201009,TSLA,141.97332763671875,144.6666717529297,1,0.18890613216572016,0.20886834621473216,0.017500990834635133,0.017503034074064835,0.017500091062471402,0.017501997748920032,0.19877346660994366,0.29844249608327644,0.0175000000149436,0.01750344519129207,-0.5819,0.7375,0.06906666666666668
147.43333435058594,147.43333435058594,116373300,20201012,TSLA,144.6666717529297,147.43333435058594,1,0.03919809612419521,0.14007555871501773,0.1619173455491014,0.09995524895794144,0.13102336724011882,0.13776064685044273,0.16517528486203012,0.03744308162320571,0.0169193508506931,0.07053201922725333,-0.2942,0.8074,0.35000000000000003
148.88333129882812,148.88333129882812,103391100,20201013,TSLA,147.43333435058594,148.88333129882812,1,0.19333412509444556,0.27666248778965363,0.11000227142590706,0.04333383997968362,0.04333349680192164,0.11000030670623695,0.04333342364273946,0.043334796864588083,0.0933315781386851,0.043333673556138604,-0.2411,0.7935,0.40758
153.76666259765625,153.76666259765625,143639100,20201014,TSLA,148.88333129882812,153.76666259765625,1,0.1769381300589615,0.08150134970788099,0.1191557542585134,0.07816655844941595,0.02816771827769112,0.15316471618950064,0.10316773340813978,0.061500096203386145,0.15340433609160845,0.0448336073549016,0.0,0.8422,0.19705999999999999
146.55667114257812,146.55667114257812,98327700,20201016,TSLA,149.6266632080078,146.55667114257812,0,0.7148888360247212,0.01500024337933115,0.01500200588802815,0.0150007732420088,0.0150007922625034,0.1150004067325802,0.0150000000054007,0.0150000407959216,0.0651068512031366,0.01500005046636775,0.2263,0.6597,0.44299999999999995
143.61000061035156,143.61000061035156,108863400,20201019,TSLA,146.55667114257812,143.61000061035156,0,0.5932998184377299,0.0142861757664708,0.0142863329719213,0.0142857142965449,0.0142886298094803,0.0142857142973781,0.2923988337221765,0.0142857142988864,0.0142973520552429,0.0142857143441685,-0.2263,-0.2263,-0.2263
140.64666748046875,140.64666748046875,94968900,20201020,TSLA,143.61000061035156,140.64666748046875,0,0.01834066918377345,0.31833353577907875,0.10166592858313009,0.0183333333519693,0.0183344835399518,0.11832931863466689,0.10166593941411001,0.0183337172520701,0.26832974090707434,0.018333333354174898,-0.1689,0.128,-0.020449999999999996
140.8800048828125,140.8800048828125,97111500,20201021,TSLA,140.64666748046875,140.8800048828125,1,0.23090464586516007,0.049428623298632124,0.14936978621829727,0.04120994816846127,0.05370565833929035,0.012038799263476577,0.01203712668624165,0.3246005506324814,0.10523624860454033,0.021468612923418527,-0.2732,0.6486,0.09384999999999999
141.92999267578125,141.92999267578125,119979600,20201022,TSLA,140.8800048828125,141.92999267578125,1,0.060979932957622635,0.29917514603355805,0.11326794463240368,0.013361474393890682,0.013361034276778034,0.04669402493825084,0.2029544111922661,0.10860036121582962,0.06097891910203829,0.08062675125736173,-0.3595,0.5994,0.013016666666666676
140.2100067138672,140.2100067138672,101151000,20201023,TSLA,141.92999267578125,140.2100067138672,0,0.20788648237736992,0.08357082284702275,0.08619231322462229,0.06371981781620409,0.10711151630167257,0.11476247729279472,0.01952914211480068,0.019523846175378,0.13532524795122458,0.1623783338989101,0.0,0.7897,0.3685
140.0933380126953,140.0933380126953,84717600,20201026,TSLA,140.2100067138672,140.0933380126953,0,0.029167180165742497,0.15416690183966184,0.029172133097877653,0.1958272207376732,0.029166666730771854,0.0291666667173491,0.154168786830321,0.02916666672399055,0.1541660780446253,0.19583169911198656,0.0,0.5574,0.2787
141.55999755859375,141.55999755859375,68059500,20201027,TSLA,140.0933380126953,141.55999755859375,1,0.0498638108510119,0.06506957270229966,0.015071250831549175,0.22340582670551473,0.015071411892490123,0.05446603001009912,0.05645575666728625,0.3504073643669031,0.015071913666128523,0.15511706230671704,-0.3612,0.6588,0.30305
135.33999633789062,135.33999633789062,76354200,20201028,TSLA,141.55999755859375,135.33999633789062,0,0.17033295237146193,0.07566723778467097,0.09233247340097842,0.07566679717917571,0.14566642752322617,0.08100147343238259,0.12566652860597882,0.0656663525841502,0.0923330391917396,0.07566671792623522,-0.6166,0.7906,-0.1438
136.94332885742188,136.94332885742188,67965900,20201029,TSLA,135.33999633789062,136.94332885742188,1,0.03333548888108436,0.14443962971123286,0.14444067674279015,0.033335111408511635,0.25555254480207357,0.25555553220010324,0.03333459985180003,0.0333390523033646,0.0333338976367215,0.03333346646231753,0.0,0.3182,0.10606666666666666
129.34666442871094,129.34666442871094,127533900,20201030,TSLA,136.94332885742188,129.34666442871094,0,0.32188370006310796,0.0225005424801384,0.0225031546410987,0.022502000164349,0.02250000001988825,0.0225008455100085,0.02250000001557445,0.0225002377436333,0.49810922640615346,0.022500292956047552,0.1027,0.2732,0.18795
133.50332641601562,133.50332641601562,87063300,20201102,TSLA,129.34666442871094,133.50332641601562,1,0.2214488325006603,0.3599394875351717,0.05059685242997771,0.06250093041154481,0.026786958808921544,0.17157881698470737,0.026787683324822214,0.026787147852331328,0.026786310996534283,0.02678697915532826,-0.3705,0.6124,0.009500000000000008
141.3000030517578,141.3000030517578,103055100,20201103,TSLA,133.50332641601562,141.3000030517578,1,0.09376618132909902,0.16562541695172076,0.1562723743996132,0.11657867207554994,0.05949069209537606,0.0743729949335233,0.15973176383752416,0.10514586337308585,0.03264541848414942,0.03637062252035782,-0.8934,0.8622,0.02185000000000002
146.02999877929688,146.02999877929688,85243500,20201105,TSLA,140.32666015625,146.02999877929688,1,0.0111113227673464,0.0111111788390276,0.011111281551224,0.0111145880346609,0.0111194512935631,0.2052977959018192,0.4555553393019214,0.0111111111224928,0.0111111111211886,0.2613568200667555,0.0,0.0,0.0
143.31666564941406,143.31666564941406,65118000,20201106,TSLA,146.02999877929688,143.31666564941406,0,0.10388995888245454,0.020558982088074065,0.2693369148523517,0.020560017345091067,0.09582674894892303,0.1452751416623566,0.020558251796889967,0.02055839920042257,0.2828784488453962,0.02055713637803973,0.4404,0.5859,0.5067333333333334
140.4199981689453,140.4199981689453,104499000,20201109,TSLA,143.31666564941406,140.4199981689453,0,0.2226525122080627,0.0176929297061392,0.37988956394341306,0.05162282369536804,0.01769065558990484,0.1197414995257556,0.04763642492221144,0.01769557837919194,0.05768830694776701,0.06768970508218589,-0.6486,0.807,0.05222000000000002
137.25332641601562,137.25332641601562,59565300,20201112,TSLA,139.0433349609375,137.25332641601562,0,0.0111111111317129,0.0111112303493174,0.0111114206846355,0.0111126553558253,0.262014434836566,0.0111174066082107,0.011111315153514,0.0111111111324979,0.6490882036169455,0.0111111111307742,0.0,0.0,0.0
136.1666717529297,136.1666717529297,59313300,20201113,TSLA,137.25332641601562,136.1666717529297,0,0.04954066617994168,0.13586970142726792,0.05094193061312852,0.05094176304148678,0.2525817906712998,0.039736824608684836,0.0692601813747411,0.13723100674995656,0.03973813572581429,0.17415799960767797,-0.6625,0.8949,0.24876470588235294
136.02999877929688,136.02999877929688,80515800,20201116,TSLA,136.1666717529297,136.02999877929688,0,0.1736533596678875,0.09767651944702672,0.023168181715797743,0.02316988953830186,0.023170442651348842,0.17316303052491105,0.02316742907902882,0.2564975906133424,0.02316840296623008,0.1831651537961245,-0.128,0.5267,0.13893999999999998
147.20333862304688,147.20333862304688,183564900,20201117,TSLA,136.02999877929688,147.20333862304688,1,0.21939539788736825,0.0194314600312448,0.10786112270844296,0.019432041296745656,0.09429398219222485,0.1336049948809859,0.08872982593026796,0.08951348909656788,0.14247430157325772,0.08526338440289358,-0.8442,0.7178,0.062423076923076914
162.2133331298828,162.2133331298828,234132000,20201118,TSLA,147.20333862304688,162.2133331298828,1,0.08814894521742421,0.09933765638474229,0.17247323075655427,0.07439815157681663,0.23126117339102148,0.10359527665600868,0.024657043429491023,0.1290365328804413,0.05243309922001483,0.024658890487484878,-0.296,0.7269,0.11353333333333332
166.42333984375,166.42333984375,187425900,20201119,TSLA,162.2133331298828,166.42333984375,1,0.16923590565779556,0.26848880789874,0.14652050131254718,0.13956157356616994,0.02152959260479165,0.0909953595805146,0.09907554856118263,0.021528523759117422,0.021529643649272727,0.02153454340986775,-0.34,0.7003,0.30555
163.20333862304688,163.20333862304688,98735700,20201120,TSLA,166.42333984375,163.20333862304688,0,0.1448202672295339,0.05014728492288014,0.19375737829932269,0.016814757832922616,0.07188914103162898,0.04015412444283198,0.15936861275422556,0.1775694546495061,0.03244060147888444,0.11303837735826333,-0.1882,0.8966,0.24956666666666663
185.1266632080078,185.1266632080078,160945500,20201124,TSLA,173.9499969482422,185.1266632080078,1,0.3505489975489947,0.14680146065644784,0.042982069475934456,0.08012186700564854,0.06621018494603857,0.04035470816158616,0.23256859947153186,0.01347027269283164,0.01347120701875914,0.01347063302222674,-0.2732,0.7945,0.2615
191.3333282470703,191.3333282470703,146790600,20201125,TSLA,185.1266632080078,191.3333282470703,1,0.37249906108939496,0.21281117217145862,0.02250000001408535,0.02250062465684865,0.022500000019444952,0.0225018087908249,0.14749936556920443,0.0225003071696924,0.1321836322409459,0.02250402827809945,-0.3962,0.9213,0.26255
194.9199981689453,194.9199981689453,120310500,20201201,TSLA,189.1999969482422,194.9199981689453,1,0.0250000000127779,0.0250051733098194,0.0250000000107524,0.0250012973892915,0.0250011612258403,0.0250017137901056,0.7749900010717012,0.0250006531657787,0.0250000000117407,0.0250000000121918,-0.6808,-0.6808,-0.6808
189.60667419433597,189.60667419433597,143327100,20201202,TSLA,194.9199981689453,189.60667419433597,0,0.020833423234676334,0.1041623666132528,0.02083333334403757,0.12021396231585625,0.020833865230936166,0.546451127278981,0.020833835765994863,0.020837575607676267,0.02083370490992373,0.10416680569866443,-0.296,0.8126,0.37633333333333335
197.7933349609375,197.7933349609375,127656000,20201203,TSLA,189.60667419433597,197.7933349609375,1,0.0333333333521645,0.366666684799718,0.0333333333492083,0.033333333349426,0.0333333333552359,0.3666589872203216,0.0333333333504939,0.0333333333529102,0.033340994519185,0.0333333333513363,0.0,0.0,0.0
213.9199981689453,213.9199981689453,168929100,20201207,TSLA,199.67999267578125,213.9199981689453,1,0.1,0.1,0.1,0.1,0.1,0.1,0.1,0.1,0.1,0.1,0.0,0.0,0.0
216.6266632080078,216.6266632080078,192795000,20201208,TSLA,213.9199981689453,216.6266632080078,1,0.18499192103300874,0.0850000259789937,0.05166552265571344,0.08598407598095341,0.018333333351134233,0.4173474902551512,0.018333333347265935,0.018333333349233035,0.10167730747405233,0.018333656574493533,0.0,0.25,0.08333333333333333
201.4933319091797,201.4933319091797,213873600,20201209,TSLA,216.6266632080078,201.4933319091797,0,0.0119103972004472,0.011906358661266998,0.14595742415251975,0.01190533894628485,0.13315421515504655,0.0119053266003321,0.3838254023147244,0.11686548333281505,0.16066436645915974,0.0119056871774031,-0.4635,0.6239,0.0802
209.02333068847656,209.02333068847656,201249600,20201210,TSLA,201.4933319091797,209.02333068847656,1,0.0291666666984101,0.44581720323014906,0.02916666669348135,0.029170893260409954,0.029167206138234897,0.19583337814337756,0.15416825680669782,0.029166666699662447,0.0291763956325654,0.029166666697011148,0.6696,0.8974,0.7835
213.27667236328125,213.27667236328125,156121800,20201214,TSLA,203.3300018310547,213.27667236328125,1,0.020001007226463,0.0200000000217361,0.6167258658667722,0.0200000000235778,0.020000000032076,0.0200006421418146,0.0200012001615942,0.2232698198364751,0.0200007885188921,0.0200006761705984,0.8553,0.8553,0.8553
211.0833282470703,211.0833282470703,135214500,20201215,TSLA,213.27667236328125,211.0833282470703,0,0.04208340405469816,0.1087498749912315,0.0642487125303474,0.04208340040154457,0.04208372129151144,0.08432413424718993,0.4023764880815294,0.06321737305480667,0.04208334543214524,0.10874954591499543,0.0,0.3626,0.21846666666666667
207.58999633789065,207.58999633789065,126287400,20201216,TSLA,211.0833282470703,207.58999633789065,0,0.20897169974226365,0.02039041075268802,0.09261161829890498,0.14038805876132146,0.0426155669542103,0.06038840398690733,0.27038339212358065,0.02038920320577148,0.12347253090775068,0.020389115266601098,0.2492,0.9524,0.4861
218.63333129882807,218.63333129882807,168810300,20201217,TSLA,207.58999633789065,218.63333129882807,1,0.24364944714700318,0.0214285807256617,0.2595240935058219,0.021428734240448166,0.02142967432358067,0.06904693826786466,0.07698477685752912,0.13253944862174122,0.13253956351824944,0.021428742792099633,-0.296,0.8197,0.32136666666666663
216.6199951171875,216.6199951171875,174135900,20201221,TSLA,231.6666717529297,216.6199951171875,0,0.014285714296278,0.0142857426602553,0.7175507338030801,0.0142860370145337,0.168162116257974,0.0142857142954328,0.0142860651981395,0.0142863430966914,0.0142858190818001,0.0142857142958146,0.5267,0.5267,0.5267
213.44667053222656,213.44667053222656,155148000,20201222,TSLA,216.6199951171875,213.44667053222656,0,0.01009619574552925,0.0100978251672822,0.3517308491095029,0.23888908577349366,0.01009635714160625,0.0100975077497226,0.0854056423845701,0.19598467124171925,0.07750558787443215,0.01009627781214115,-0.6124,0.34,-0.13620000000000002
220.58999633789065,220.58999633789065,68596800,20201224,TSLA,215.32666015625,220.58999633789065,1,0.018338364408598748,0.1834340121287071,0.10166806221266445,0.15324446126005586,0.0183344849758275,0.0183341476076683,0.11831927851513299,0.0183339504242769,0.1849934479392221,0.1849997905278456,0.0,0.8881,0.44405
221.22999572753903,221.22999572753903,96835800,20201228,TSLA,220.58999633789065,221.22999572753903,1,0.0225003478927186,0.02250193707518105,0.14750345793506733,0.022502140518511952,0.022505846948499948,0.022500000035298798,0.32249706058013594,0.1224976150150687,0.022500442182651,0.2724911518168663,0.0,0.0,0.0
221.9966735839844,221.9966735839844,68732400,20201229,TSLA,221.22999572753903,221.9966735839844,1,0.0506058546299725,0.1341823785593565,0.18288812565587312,0.07915935012985052,0.10555567580241854,0.10555581411600212,0.1920533662356605,0.022223461441270475,0.02222354510562375,0.10555242832397155,0.0,0.5106,0.22740000000000002
231.5933380126953,231.5933380126953,128538000,20201230,TSLA,221.9966735839844,231.5933380126953,1,0.15959371210156253,0.10446732120773057,0.015477253102994257,0.09711298564895773,0.10164383089031434,0.10975030832113887,0.10155390247147585,0.07314839846422995,0.16859299975068368,0.06865928804091183,0.0,0.8658,0.38878571428571435
235.22332763671875,235.22332763671875,148949700,20201231,TSLA,231.5933380126953,235.22332763671875,1,0.04166904051628805,0.04166666667782145,0.04166666667861085,0.0416666666787658,0.04166840728248955,0.3749901091973379,0.04166666667956835,0.04166666668139225,0.04167244298514185,0.29166666662258356,0.3353,0.6249,0.48009999999999997
245.0366668701172,245.0366668701172,96735600,20210105,TSLA,243.2566680908203,245.0366668701172,1,0.159706299144587,0.0125023576459319,0.0125003887114763,0.0125004837317779,0.0125012266850822,0.5518684418729914,0.2009116949547292,0.0125001595504271,0.0125046118863731,0.0125043358166235,0.4728,0.4728,0.4728
272.0133361816406,272.0133361816406,154496700,20210107,TSLA,251.9933319091797,272.0133361816406,1,0.10409818067663298,0.16018463980352687,0.05542979999647134,0.06685692121992406,0.0268625424529021,0.23269030755338158,0.02685914158475692,0.07067830756642118,0.07234119941848063,0.18399895972750185,-0.1779,0.4003,0.11680000000000001
293.3399963378906,293.3399963378906,225166500,20210108,TSLA,272.0133361816406,293.3399963378906,1,0.0194455811303758,0.2972195233750387,0.24873885580795127,0.019445213142136136,0.01944476900595597,0.019447091632402033,0.0194462013766029,0.10278027806858557,0.0194448614630678,0.2345876249978834,0.0,0.7906,0.26353333333333334
270.39666748046875,270.39666748046875,177904800,20210111,TSLA,293.3399963378906,270.39666748046875,0,0.02250169198194045,0.1225010071889322,0.2089001126955971,0.13610154659075055,0.0225008492003526,0.0225023929612555,0.0225016365475466,0.39748966630522664,0.02250000001964035,0.0225010965087577,0.6249,0.6597,0.6423
283.14666748046875,283.14666748046875,138812100,20210112,TSLA,270.39666748046875,283.14666748046875,1,0.1,0.1,0.1,0.1,0.1,0.1,0.1,0.1,0.1,0.1,0.0,0.0,0.0
284.8033447265625,284.8033447265625,99937500,20210113,TSLA,283.14666748046875,284.8033447265625,1,0.33196267977675,0.01815508231482915,0.19046570482275083,0.06538628779793677,0.018156623575792577,0.26158156604885363,0.05982304876900102,0.01815493039052555,0.01815589152917695,0.018158184974383176,-0.5574,0.7177,0.040075
281.6666564941406,281.6666564941406,93798900,20210114,TSLA,284.8033447265625,281.6666564941406,0,0.0125010230084197,0.0125000000058147,0.0125000000062244,0.012500657765268,0.0125000000085836,0.0125000000067912,0.0125105927528508,0.3874999919717631,0.0125016917368475,0.5124860427374365,0.2023,0.2023,0.2023
275.3866577148437,275.3866577148437,116332800,20210115,TSLA,281.6666564941406,275.3866577148437,0,0.1774949524664759,0.10572134202728341,0.20249782236307026,0.0275013228796594,0.25950504366618565,0.0454060887188515,0.04663485680857385,0.027500396773865024,0.0275021752361517,0.08023599905988282,0.0,0.7317,0.45465
281.663330078125,281.663330078125,61563300,20210121,TSLA,283.4833374023437,281.663330078125,0,0.12852478446636265,0.1652373570117688,0.0225008882567605,0.0225002714373295,0.3669171186768147,0.2043149076913556,0.022500000034657748,0.02250000003957195,0.0225000000350548,0.0225046723503232,0.7964,0.8176,0.8069999999999999
282.2133178710937,282.2133178710937,60199500,20210122,TSLA,281.663330078125,282.2133178710937,1,0.1985262258148465,0.012171403490783233,0.12210810202442994,0.0121732266608754,0.012169851778929134,0.12677424029380127,0.1912352314354139,0.21533169700235613,0.09733984071334546,0.012170180785218566,0.4003,0.8151,0.5885666666666667
293.6000061035156,293.6000061035156,123520200,20210125,TSLA,282.2133178710937,293.6000061035156,1,0.01789157945438693,0.06962134891306491,0.19934808568744744,0.01789175658914993,0.017891387636394942,0.25598597358807085,0.2396414900810591,0.017891415347323286,0.06551116622563702,0.09832579647746516,-0.8442,0.6124,-0.18722857142857144
294.36334228515625,294.36334228515625,69394800,20210126,TSLA,293.6000061035156,294.36334228515625,1,0.19333228217156537,0.07666608013600917,0.026667027519491824,0.026666666681291275,0.17666723355228073,0.25999882895621,0.026669186400741625,0.07666654201672114,0.026667081024698825,0.10999907154098959,0.0772,0.7096,0.497575
278.4766540527344,278.4766540527344,79134000,20210128,TSLA,288.0533447265625,278.4766540527344,0,0.07754864130748246,0.033408991172848915,0.17715057074608165,0.17439547372747166,0.040190888309871685,0.09638852434379583,0.14597826948678808,0.11018007590528908,0.1174105065952829,0.027348058405087295,-0.68,0.7964,0.004639999999999992
264.510009765625,264.510009765625,104972400,20210129,TSLA,278.4766540527344,264.510009765625,0,0.033337007632652,0.033333333339817,0.03333333334026233,0.03333333334036023,0.03333806217767053,0.0333382466018266,0.033333741661158996,0.3811787101497966,0.19998668360634472,0.18548754815011056,-0.5994,0.6369,0.012499999999999992
279.9366760253906,279.9366760253906,76174200,20210201,TSLA,264.510009765625,279.9366760253906,1,0.018333456383219753,0.01833339542193435,0.1849997600365747,0.0183333333418762,0.01833333334496185,0.1732172480598056,0.41833281702304004,0.018333535282836648,0.01833333334253425,0.11344978776321614,0.4215,0.875,0.64825
283.3299865722656,283.3299865722656,47438100,20210204,TSLA,284.89666748046875,283.3299865722656,0,0.14249961036314832,0.017501524106086498,0.11749989234122316,0.0175018704791194,0.19249127196781451,0.1425004908519287,0.0175000000277866,0.07409500559265855,0.2609060797870905,0.01750425448314325,-0.4588,0.6249,0.08305000000000001
284.07666015625,284.07666015625,55699800,20210205,TSLA,283.3299865722656,284.07666015625,1,0.7423105009330998,0.06164190270764453,0.0575757885623965,0.014021164039672268,0.014021164046366266,0.014022401823023167,0.014022047133778533,0.014024366088981366,0.05433944748864206,0.014021217176394901,0.0,0.9001,0.45849999999999996
287.8066711425781,287.8066711425781,60485100,20210208,TSLA,284.07666015625,287.8066711425781,1,0.4110164042108231,0.00909108892159795,0.14545458397780284,0.009091917537043099,0.22967035489612456,0.0090915005817524,0.00909122926180985,0.0090909367594749,0.15931101994883026,0.009090963904740651,-0.3291,0.4404,0.055650000000000005
283.1533203125,283.1533203125,45473100,20210209,TSLA,287.8066711425781,283.1533203125,0,0.04486886571895533,0.16012719607143358,0.17770842635897102,0.04910061085417054,0.05092471690986024,0.24370228218756335,0.018416856570649297,0.12113974876507494,0.07509226147039737,0.05891903509292395,-0.6597,0.5106,-0.09597142857142857
268.2733459472656,268.2733459472656,108648300,20210210,TSLA,283.1533203125,268.2733459472656,0,0.0388894045841672,0.16688090937529154,0.4277664486858151,0.03888939640537593,0.038895122425047265,0.13311964497375514,0.038889893428177065,0.038890338407955895,0.038889952768067934,0.0388888889463466,-0.34,0.0,-0.11763333333333335
270.5533447265625,270.5533447265625,64868400,20210211,TSLA,268.2733459472656,270.5533447265625,1,0.2749864932935382,0.25381302022823443,0.025000000042380198,0.02500000004300105,0.02500000005844385,0.02500000004620985,0.1711840678644167,0.025000000052254598,0.0250116203489936,0.150004798022527,0.4574,0.8513,0.65435
272.0400085449219,272.0400085449219,71304900,20210212,TSLA,270.5533447265625,272.0400085449219,1,0.0333357534170472,0.0333333333477497,0.6999973154909299,0.0333333333489822,0.0333333333546154,0.0333333333501734,0.0333333333500043,0.0333335976395034,0.0333333333501754,0.0333333333508185,0.0,0.0,0.0
265.4066772460937,265.4066772460937,59406900,20210216,TSLA,272.0400085449219,265.4066772460937,0,0.02250289018534425,0.0225000000102514,0.2224984268592107,0.2717028490253501,0.24749967926155902,0.1232933462801468,0.022501738951385047,0.0225000000135274,0.022501069400792252,0.0225000000124326,-0.296,0.6597,0.18184999999999998
262.4599914550781,262.4599914550781,53871300,20210218,TSLA,266.04998779296875,262.4599914550781,0,0.1701115887223364,0.1275956060363473,0.0111139052726367,0.4303080268092942,0.0111131701059076,0.2053122148906898,0.0111118086345949,0.0111111457147421,0.0111114226853016,0.0111111111281491,0.875,0.875,0.875
260.4333190917969,260.4333190917969,56874900,20210219,TSLA,262.4599914550781,260.4333190917969,0,0.012262439054527034,0.24559205789411406,0.05153172207305543,0.05988150897996583,0.04559508868614717,0.045595210698717636,0.012262496090540134,0.15078237658959312,0.012262474425615967,0.3642346255077232,-0.25,0.6239,0.07303333333333334
238.1666717529297,238.1666717529297,111809100,20210222,TSLA,260.4333190917969,238.1666717529297,0,0.19766486241390355,0.04849477803353047,0.322944464901828,0.11756955400229012,0.014765967290464532,0.23950785173322875,0.014763351751513068,0.014762227018709698,0.014763934320262366,0.0147630085342691,0.34,0.7684,0.606
247.33999633789065,247.33999633789065,110301000,20210224,TSLA,232.94667053222656,247.33999633789065,1,0.2427338682931257,0.11907942523198814,0.0160436887524692,0.016043271426336325,0.0160420983842469,0.1080315657709104,0.14028704936513536,0.14942907707262304,0.06598774364249285,0.12632221206067168,0.0,0.5994,0.250325
227.4066619873047,227.4066619873047,117071700,20210225,TSLA,247.33999633789065,227.4066619873047,0,0.09037023297314356,0.06857807932954077,0.10605592763787713,0.15900603674282884,0.02007473778619442,0.21830349738566512,0.11981027303267577,0.05306340635922787,0.13118527138644584,0.03355253736640019,-0.4168,0.7684,0.027655555555555558
225.1666717529297,225.1666717529297,123267600,20210226,TSLA,227.4066619873047,225.1666717529297,0,0.0500000000010077,0.050000000000794,0.5499967339412182,0.0500000000008612,0.0500000000011721,0.0500000000009269,0.05000326605108,0.0500000000010482,0.0500000000009283,0.0500000000009629,0.25,0.25,0.25
239.47666931152344,239.47666931152344,81408600,20210301,TSLA,225.1666717529297,239.47666931152344,1,0.026490639520810225,0.10880842251689495,0.06815513190865286,0.02648922798980185,0.19315480639949137,0.026488095251374775,0.28243787130251213,0.10982135301294937,0.13166621456584665,0.026488237531665376,-0.3612,0.7506,0.20745000000000002
228.81333923339844,228.81333923339844,71196600,20210302,TSLA,239.47666931152344,228.81333923339844,0,0.1091681653624098,0.025834057286260523,0.0258369164844049,0.0258342224589834,0.17583379065081475,0.1591698125787694,0.27581802435787334,0.025835974052672274,0.025835604702362125,0.15083343206544902,0.0,0.296,0.074
217.73333740234372,217.73333740234372,90624000,20210303,TSLA,228.81333923339844,217.73333740234372,0,0.052100129353489524,0.09523566482833751,0.1351552273515965,0.10249950802439035,0.16560230091917574,0.12194224487035027,0.04139161949369592,0.06679048751402089,0.17650559313667935,0.042777224508263434,0.0,0.6597,0.22954444444444444
207.14666748046875,207.14666748046875,197758500,20210304,TSLA,217.73333740234372,207.14666748046875,0,0.0254190102037197,0.02541681506309605,0.16592820390959692,0.19968853744806594,0.050994013823942426,0.025420173703833877,0.1711443752429942,0.09496536293757052,0.10874490745292027,0.1322786002142597,-0.4215,0.8977,0.254625
199.3166656494141,199.3166656494141,268189500,20210305,TSLA,207.14666748046875,199.3166656494141,0,0.0250000000059279,0.0250065764992381,0.4969181978592377,0.0250015032910338,0.0250000000068953,0.0250015490396311,0.3030716310800923,0.025000054184178,0.0250004880280993,0.0250000000056659,-0.3384,-0.3384,-0.3384
187.6666717529297,187.6666717529297,155361000,20210308,TSLA,199.3166656494141,187.6666717529297,0,0.19999864861797914,0.03333333333936425,0.17786492424270833,0.0333337934456308,0.033333333342232055,0.13880447751036634,0.03333541753938885,0.283328437986807,0.033334300634877204,0.0333333333406457,0.0,0.743,0.3715
224.52667236328125,224.52667236328125,202569900,20210309,TSLA,187.6666717529297,224.52667236328125,1,0.05728739893453647,0.1684364574076814,0.2004099431441662,0.030895859374406382,0.05589620335591054,0.030895932272611844,0.24951846377847658,0.12746688950437196,0.04829542519346002,0.030897427034378245,-0.5994,0.3818,-0.07414000000000001
222.6866607666016,222.6866607666016,181817100,20210310,TSLA,224.52667236328125,222.6866607666016,0,0.15023213079549574,0.017222222232004057,0.23500170298660156,0.1672199191713927,0.0372227714044864,0.0172243731053698,0.01722222223353654,0.15135084577976615,0.19008140128331125,0.017222411008035298,-0.1531,0.7543,0.17487999999999998
233.1999969482422,233.1999969482422,108761700,20210311,TSLA,222.6866607666016,233.1999969482422,1,0.01844291126474298,0.0184393145619496,0.09343748605798015,0.22563148115297368,0.018439398568833802,0.32340513648533237,0.018441848882092958,0.06843633588295894,0.12751703465128736,0.08780905249184774,-0.517,0.8439,0.15462
231.2433319091797,231.2433319091797,100751400,20210312,TSLA,233.1999969482422,231.2433319091797,0,0.07563511143635913,0.0953917290800905,0.1263045798274636,0.01817662237613308,0.01818422558296408,0.0181767802365216,0.12281757483130944,0.3634322073650823,0.01817789535413186,0.14370327390994397,-0.3802,0.1082,-0.1204
235.97999572753903,235.97999572753903,88006800,20210315,TSLA,231.2433319091797,235.97999572753903,1,0.01666900898311,0.0166676417338217,0.016666666673974,0.0166670867753791,0.016666666676755,0.3499833322818649,0.0166670205627817,0.0166666666756805,0.016680307038108,0.5166656025985247,0.0,0.0,0.0
217.72000122070312,217.72000122070312,99674400,20210318,TSLA,233.9366607666016,217.72000122070312,0,0.1898057253743235,0.024206349217814335,0.1908662258068082,0.024206880698182665,0.02421002831606117,0.024208102165784534,0.024207906051474767,0.024206404889443405,0.4498718946048663,0.024210482875240733,-0.5859,0.4019,-0.06133333333333333
218.2899932861328,218.2899932861328,128682000,20210319,TSLA,217.72000122070312,218.2899932861328,1,0.0250000000299788,0.0250000000235989,0.0250000000252803,0.7749880087043488,0.0250003100528391,0.0250085574099979,0.0250000000272998,0.0250031236704479,0.0250000000275888,0.0250000000286193,0.0,0.0,0.0
223.3333282470703,223.3333282470703,118536600,20210322,TSLA,218.2899932861328,223.3333282470703,1,0.5332750134054627,0.0166666666774178,0.0166744377108056,0.3333703149721334,0.0166684911667948,0.0166676171142145,0.0166678071250729,0.0166666764709708,0.0166743339654381,0.0166686413916891,0.3382,0.3382,0.3382
220.72000122070312,220.72000122070312,91475700,20210323,TSLA,223.3333282470703,220.72000122070312,0,0.045645935982436804,0.01626168172422046,0.28786929228026326,0.07554627872771151,0.016261518469839482,0.3287348571171312,0.06583012203444157,0.016260928302454142,0.13132480067100197,0.01626458469049926,-0.228,0.6369,0.15732
210.08999633789065,210.08999633789065,101385600,20210324,TSLA,220.72000122070312,210.08999633789065,0,0.02708333338405765,0.5284098279698055,0.0674130833829911,0.0270863940793693,0.02708355124840245,0.027084701584096375,0.027083780845459524,0.2145854119665582,0.0270840968449122,0.0270858186943472,-0.1027,0.2481,0.0428
213.4633331298828,213.4633331298828,117674700,20210325,TSLA,210.08999633789065,213.4633331298828,1,0.0125005774818418,0.2876416078876177,0.01250295372667745,0.012502074229296,0.2208328535310034,0.01250043724775,0.10135094918008955,0.0602685016880523,0.01250000001814275,0.26740004500952863,-0.7096,0.4019,-0.15385000000000001
206.23666381835935,206.23666381835935,101558400,20210326,TSLA,213.4633331298828,206.23666381835935,0,0.15221399365673574,0.07888898643002167,0.2513812611665029,0.08829788564717371,0.023335069219230065,0.02333387826617313,0.0233336379949578,0.09033528348495523,0.24554639287866034,0.0233336112555889,0.0,0.25,0.1585
203.76333618164065,203.76333618164065,85911000,20210329,TSLA,206.23666381835935,203.76333618164065,0,0.0333352197613368,0.0333333333437847,0.0333333333445072,0.0333333333446849,0.0333333333488044,0.0333374757126109,0.033336043259936,0.033333333347118,0.6999912611912084,0.0333333333460084,-0.4404,-0.4404,-0.4404
211.8733367919922,211.8733367919922,118297200,20210330,TSLA,203.76333618164065,211.8733367919922,1,0.17990056155760922,0.07453657869452314,0.0731815840129141,0.13425124412892642,0.12426617350424829,0.07529905400271152,0.16143448945073727,0.09177383422961354,0.0695160582607599,0.015840422157956172,-0.7269,0.9312,0.29256363636363636
222.6433258056641,222.6433258056641,100011900,20210331,TSLA,211.8733367919922,222.6433258056641,1,0.0111111111205501,0.01111111111854,0.0111111111190563,0.0111115631893907,0.0111157968377999,0.0111111111197864,0.3855919563968104,0.0111135525102103,0.5255115754677346,0.0111111111201208,0.0,0.0,0.0
220.5833282470703,220.5833282470703,105895200,20210401,TSLA,222.6433258056641,220.5833282470703,0,0.02500057490633195,0.02500194350440455,0.14999324106895645,0.02500094303992385,0.02500342141307115,0.42051713752274034,0.0250000000289713,0.02500000003303485,0.254482738452176,0.0250000000303892,0.0,0.0,0.0
230.3500061035156,230.3500061035156,125528400,20210405,TSLA,220.5833282470703,230.3500061035156,1,0.2618870264935057,0.06730396969092933,0.01883204997283145,0.2718408673617461,0.11882372099783005,0.018833234481451598,0.01882946563157395,0.08599092524386255,0.0188282678090174,0.11883047231725147,0.0,0.9069,0.453925
230.5399932861328,230.5399932861328,84815400,20210406,TSLA,230.3500061035156,230.5399932861328,1,0.0344466561823684,0.03444444445560894,0.41221166148003324,0.034444959648920505,0.14555659331234658,0.03444444445748083,0.20111113278128234,0.034446551113944034,0.034444444457494,0.0344491121105207,0.0,0.6674,0.22246666666666667
223.6566619873047,223.6566619873047,78928200,20210407,TSLA,230.5399932861328,223.6566619873047,0,0.19845489581486614,0.03802743515635818,0.0479530914483117,0.01500188729068716,0.049262468154225206,0.23999213018608975,0.06499650172322136,0.09000046647138442,0.24131089737762834,0.01500022637722732,0.0,0.6893,0.3826
227.93333435058597,227.93333435058597,71772900,20210408,TSLA,223.6566619873047,227.93333435058597,1,0.1041368788668732,0.0145833333439517,0.0979168971989451,0.0145837966310346,0.6125255026975432,0.01458395077155305,0.0145833333456208,0.014584848253928952,0.09791623522994924,0.0145852236605998,-0.6444,0.0,-0.3222
225.67333984375,225.67333984375,64311300,20210409,TSLA,227.93333435058597,225.67333984375,0,0.07453062566956323,0.06515242050907483,0.02296769037673365,0.022966760893543686,0.21492732143214724,0.05421723672259887,0.12454549055932523,0.10332266262716744,0.09632454804941594,0.22104524316042945,-0.2732,0.3365,0.033712500000000006
254.10667419433597,254.10667419433597,133958400,20210413,TSLA,233.9933319091797,254.10667419433597,1,0.0111111111366549,0.0111115558553552,0.1225470301623095,0.0111126550645075,0.0111111876169359,0.0111119179484572,0.0111190397290848,0.7885524776265151,0.0111119137246587,0.0111111111355208,-0.6428,-0.6428,-0.6428
244.07666015625,244.07666015625,147052200,20210414,TSLA,254.10667419433597,244.07666015625,0,0.0387142541888203,0.08834630191214865,0.1904298426089049,0.12182616868571806,0.10214682370368658,0.07878981642254775,0.14968295307696847,0.017660753969122835,0.19474152502291636,0.017661560409165725,0.0,0.923,0.3916
246.2833404541016,246.2833404541016,83546700,20210415,TSLA,244.07666015625,246.2833404541016,1,0.13714835829272404,0.12088882440408202,0.17700290077993025,0.022864693044645886,0.046672811592022925,0.2398234891348637,0.0542272480033428,0.08349261290443512,0.07120644463112423,0.04667261721282856,0.0,0.7959,0.2552285714285714
246.5933380126953,246.5933380126953,83938500,20210416,TSLA,246.2833404541016,246.5933380126953,1,0.0250005465302012,0.0250000000039343,0.0250000000042149,0.0250003514807709,0.02500000000581,0.0250000000045981,0.5024823301084349,0.0250000000051982,0.2975113121977547,0.0250054596590825,-0.2263,-0.2263,-0.2263
238.2100067138672,238.2100067138672,119058600,20210419,TSLA,246.5933380126953,238.2100067138672,0,0.011688489080886249,0.1106162093166919,0.357366555393891,0.01169084707262,0.0116915112660159,0.3413287253651712,0.0576570682582683,0.0116883646574336,0.01168844354704745,0.07458378604197405,0.4926,0.8883,0.69045
239.663330078125,239.663330078125,106827000,20210420,TSLA,238.2100067138672,239.663330078125,1,0.0166709994888526,0.3637568768659939,0.0166748672359074,0.0166683615352645,0.0166666667010536,0.3398466423643445,0.0166689330171691,0.0166666666974063,0.0166680377826719,0.1797119483113359,0.4404,0.4404,0.4404
248.0399932861328,248.0399932861328,93646500,20210421,TSLA,239.663330078125,248.0399932861328,1,0.017500000007276452,0.01750187247744025,0.0175016109427635,0.4675040612796931,0.017500474545007298,0.14249998062535976,0.0175000000066301,0.2674920001021737,0.0175000000066989,0.017500000006956548,0.0,0.4767,0.23835
239.89666748046875,239.89666748046875,106770900,20210422,TSLA,248.0399932861328,239.89666748046875,0,0.0927132170491682,0.0137526254366951,0.2492046976826412,0.43722627135741926,0.034585483273016714,0.013752074779093688,0.042061249459210824,0.03571719005422697,0.05718317579304659,0.023804015115481074,-0.8481,0.8176,0.16083750000000002
246.0666656494141,246.0666656494141,93115500,20210426,TSLA,243.13333129882807,246.0666656494141,1,0.020001222356707666,0.08944386769960914,0.08800508748906642,0.3172163068629175,0.04772148607759999,0.17277680748674493,0.020002584408452016,0.20483160590060312,0.02000055393896767,0.020000477779331064,-0.296,0.8264,0.4214
234.913330078125,234.913330078125,88311000,20210427,TSLA,246.0666656494141,234.913330078125,0,0.0176761931755813,0.10167699853754494,0.0956656913806107,0.01767723811851692,0.1776714221118752,0.06664990376181185,0.01767630344726254,0.20488339020549834,0.0374146403532695,0.2630082189080283,-0.34,0.5296,0.14512
231.46665954589844,231.46665954589844,66813000,20210428,TSLA,234.913330078125,231.46665954589844,0,0.19722234899390678,0.0305567843264999,0.03055670645173837,0.11388320066609654,0.0305603977596234,0.0305588310876353,0.14166822210222504,0.03055640148052237,0.1416595081040907,0.2527775990276611,0.0,0.902,0.4536
225.6666717529297,225.6666717529297,86536200,20210429,TSLA,231.46665954589844,225.6666717529297,0,0.10059150276897148,0.0680694245144715,0.36386789030666233,0.12336159149959985,0.0604968674123946,0.08339956694167934,0.0970973766983822,0.043630893070860384,0.0158537872252343,0.04363109956174361,0.0,0.7906,0.46285
228.3000030517578,228.3000030517578,81129300,20210503,TSLA,236.47999572753903,228.3000030517578,0,0.010003317824787,0.0100019045862784,0.1710061826313253,0.010000904786776,0.0100000000088795,0.3012860585414795,0.2472387845361799,0.0100000000079389,0.1165923957397341,0.1138704513366209,0.2023,0.2023,0.2023
224.5333404541016,224.5333404541016,89217900,20210504,TSLA,228.3000030517578,224.5333404541016,0,0.0125010700981097,0.0125015245103483,0.3471180185050359,0.0125017246826004,0.0125000000102459,0.2029062891436311,0.0125010498426593,0.012500573500748,0.0125043435041259,0.3624654062024949,-0.1585,-0.1585,-0.1585
223.64666748046875,223.64666748046875,65705700,20210505,TSLA,224.5333404541016,223.64666748046875,0,0.0250022902661338,0.274997804345633,0.0250000000460768,0.5249900319362505,0.0250000000635872,0.0250000000503311,0.0250098731325348,0.0250000000568241,0.0250000000503489,0.0250000000522794,0.4019,0.4019,0.4019
221.17999267578125,221.17999267578125,83353800,20210506,TSLA,223.64666748046875,221.17999267578125,0,0.15986963853864147,0.13527127959920104,0.06185684984335146,0.07185825904599943,0.17185684756349406,0.21185719214134266,0.07185687655214304,0.07185721961778965,0.02185869421389422,0.02185714288414252,0.0,0.2732,0.07518
209.67999267578125,209.67999267578125,94177200,20210510,TSLA,224.1233367919922,209.67999267578125,0,0.0500000000026086,0.0500000000020529,0.0500000000021961,0.0500000000022261,0.0500000000030314,0.5499999999779135,0.0500000000023729,0.0500000000027081,0.0500000000023999,0.05000000000249,0.0,0.0,0.0
196.6300048828125,196.6300048828125,101470800,20210512,TSLA,205.73333740234372,196.6300048828125,0,0.13069527438314,0.2442471666488189,0.21610131066742097,0.01511869665037165,0.015117830280359899,0.01511761432008885,0.2022881676966112,0.01511752137999475,0.089412143068542,0.05678427490465142,0.0,0.7532,0.50985
190.56333923339844,190.56333923339844,132554700,20210513,TSLA,196.6300048828125,190.56333923339844,0,0.08682003352649166,0.02015312152456378,0.15439756676464783,0.22014660858568275,0.020151747342658538,0.20196907865371821,0.07015178813581258,0.05348777397848412,0.020152714359856622,0.15256956712808345,-0.1531,0.7964,0.48262
196.5800018310547,196.5800018310547,100112700,20210514,TSLA,190.56333923339844,196.5800018310547,1,0.7749986786644164,0.0250000000099085,0.0250000000105975,0.0250000000107495,0.0250000000146316,0.0250000000115832,0.0250000000114543,0.0250000000130784,0.0250000000115829,0.0250013212419972,0.3182,0.3182,0.3182
192.27667236328125,192.27667236328125,97171200,20210517,TSLA,196.5800018310547,192.27667236328125,0,0.0333333333692995,0.0333358498026572,0.3624038177040236,0.0333387038275785,0.0333333333751614,0.0333333333664266,0.0333371610551889,0.3709160953225307,0.0333350388094332,0.0333333333676997,0.0,0.0,0.0
192.6233367919922,192.6233367919922,110491800,20210518,TSLA,192.27667236328125,192.6233367919922,1,0.016875851413489875,0.0168764724880718,0.07937621600448483,0.06715191321753265,0.016875637716753,0.09767925357519366,0.3615203510556151,0.06958752036310191,0.19995922021142015,0.0740975639543367,0.0,0.5562,0.275475
187.82000732421875,187.82000732421875,118735200,20210519,TSLA,192.6233367919922,187.82000732421875,0,0.28763669483589843,0.0269869051512051,0.026984127002907032,0.026985875008093702,0.026984127010052,0.02698445104818567,0.2742618320926791,0.0269841270072976,0.1380954048859994,0.13809645595768158,0.3818,0.9725,0.7491666666666666
195.5933380126953,195.5933380126953,92463300,20210520,TSLA,187.82000732421875,195.5933380126953,1,0.14588169743825902,0.08157719375755236,0.11613909689356544,0.03153079432084635,0.037535373323858916,0.05420669297151256,0.19304362120245078,0.07764575149592617,0.12439456366429831,0.13804521493172967,-0.296,0.9413,0.2646615384615385
193.6266632080078,193.6266632080078,78091800,20210521,TSLA,195.5933380126953,193.6266632080078,0,0.26014856308084705,0.015067477474305901,0.09840422180842685,0.0890235998413576,0.21203304786260146,0.050347719214671266,0.15485214224020402,0.05210387607150057,0.015068060205498501,0.05295129220058644,0.6338,0.7717,0.7098
202.14666748046875,202.14666748046875,103674300,20210524,TSLA,193.6266632080078,202.14666748046875,1,0.03444569072080733,0.16731425236098144,0.16777659119355728,0.03444495982935607,0.03444519890695203,0.26777802532304273,0.10111115406990163,0.12379523863796378,0.03444444447807617,0.03444444447936107,0.6222,0.8834,0.7545000000000001
201.56333923339844,201.56333923339844,84017700,20210525,TSLA,202.14666748046875,201.56333923339844,0,0.2708334078212364,0.020835417792634002,0.28803486185764693,0.0208342872876878,0.12862453511944624,0.02083381537627755,0.0208374082616718,0.020833333353565547,0.020833666060398798,0.1874992670694344,-0.1082,0.0,-0.0541
206.3766632080078,206.3766632080078,85917900,20210526,TSLA,201.56333923339844,206.3766632080078,1,0.28652439382546446,0.187464552767264,0.047964001626186435,0.0157145742291401,0.15992037176262872,0.08238097851107613,0.03955155953145136,0.14904918409627713,0.015715451130955165,0.015714932519555965,-0.296,0.25,-0.015333333333333329
210.2833404541016,210.2833404541016,79111800,20210527,TSLA,206.3766632080078,210.2833404541016,1,0.2269839739244181,0.012699111051782449,0.0126986493518196,0.012699522826691349,0.0126988699578669,0.0126989828014239,0.01270064252544455,0.22698355760679326,0.2579972506334986,0.211839439320261,-0.2766,0.25,-0.013300000000000006
208.4066619873047,208.4066619873047,68211000,20210528,TSLA,210.2833404541016,208.4066619873047,0,0.8199847916798952,0.0200000000130751,0.0200000000139798,0.0200000000141937,0.0200009681973125,0.0200022445778449,0.0200023643328088,0.0200000000172458,0.0200096311377862,0.0200000000158574,0.0,0.0,0.0
207.96665954589844,207.96665954589844,54254700,20210601,TSLA,208.4066619873047,207.96665954589844,0,0.0250018152325291,0.0250000000166023,0.02500000001777845,0.27499789812059905,0.1499948031977214,0.14999778887811294,0.0250012784029517,0.14999965426814268,0.1500019746919678,0.02500478717359425,-0.4926,0.6124,0.05990000000000004
201.7066650390625,201.7066650390625,69908400,20210602,TSLA,207.96665954589844,201.7066650390625,0,0.024778081640747858,0.05036957369453991,0.21366773829344363,0.07737868549276779,0.02477837734831808,0.17477799035790606,0.04639202385496334,0.3173373901599338,0.02477809379975634,0.04574204535762276,-0.5514,0.802,0.01816000000000002
199.68333435058597,199.68333435058597,72110700,20210604,TSLA,190.94667053222656,199.68333435058597,1,0.1,0.1,0.1,0.1,0.1,0.1,0.1,0.1,0.1,0.1,-0.5574,-0.5574,-0.5574
201.7100067138672,201.7100067138672,67631100,20210607,TSLA,199.68333435058597,201.7100067138672,1,0.0200009318458899,0.0200019910011251,0.2175239374018347,0.0200031008534351,0.0200000000101168,0.25429215167434,0.0200032753762295,0.3881724415990312,0.0200010059662796,0.0200011642717177,0.4939,0.4939,0.4939
199.5933380126953,199.5933380126953,49753800,20210609,TSLA,201.19667053222656,199.5933380126953,0,0.1305367679598457,0.011871817514386976,0.01187396087406995,0.20924123876469694,0.08339246602033645,0.25504174844742944,0.2142294190871068,0.060060871255850704,0.011871469797658775,0.0118802402786178,-0.2023,0.5868,0.18755
203.3733367919922,203.3733367919922,71758800,20210610,TSLA,199.5933380126953,203.3733367919922,1,0.2454970313549936,0.0200000000204649,0.2199992450968831,0.0200014114907148,0.0200000000302061,0.3944945730151041,0.0200000000236523,0.0200000000270011,0.0200059065568732,0.0200018323841064,0.6908,0.6908,0.6908
203.29666137695312,203.29666137695312,48615900,20210611,TSLA,203.3733367919922,203.29666137695312,0,0.0205557076377554,0.10389083020090073,0.020561600750978865,0.020556966774102032,0.07611110736840497,0.020555555575453268,0.10388984878841744,0.020555606340942268,0.5927672209868092,0.02055555557623553,0.0,0.8383,0.27943333333333337
205.89666748046875,205.89666748046875,61272000,20210614,TSLA,203.29666137695312,205.89666748046875,1,0.15565722110038885,0.03065572521201545,0.10208802553527532,0.11353381687061787,0.19731512662160683,0.030656351990594473,0.030659007441829422,0.06637228664399203,0.13779716769654285,0.1352652708871365,-0.2732,0.765,0.22342499999999998
199.7866668701172,199.7866668701172,53292300,20210615,TSLA,205.89666748046875,199.7866668701172,0,0.0500000000089363,0.0500000000070451,0.0500029458008986,0.0500000000076413,0.0500000000103951,0.0500120408300657,0.5499850133089458,0.0500000000092919,0.0500000000082301,0.0500000000085496,-0.0772,-0.0772,-0.0772
201.6233367919922,201.6233367919922,66432300,20210616,TSLA,199.7866668701172,201.6233367919922,1,0.03422302769229412,0.058852185782757124,0.3301976040952435,0.08506042400371562,0.034222222229286364,0.0742226777031899,0.15422281508763663,0.0342222887328512,0.12055373538215548,0.0742230192908696,0.0,0.7543,0.41658
205.5333404541016,205.5333404541016,68104200,20210617,TSLA,201.6233367919922,205.5333404541016,1,0.10833337025290075,0.025000000017229834,0.0250011342249209,0.10833351529718178,0.35833230800032795,0.025001961324774835,0.10833281500655144,0.10833444153197584,0.025000000020129864,0.10833045432400644,0.0,0.6249,0.2083
206.94332885742188,206.94332885742188,74438100,20210621,TSLA,207.7700042724609,206.94332885742188,0,0.00916708609008075,0.09573349309101699,0.0091685490982112,0.4552775853028754,0.0091672241568718,0.009169758008515601,0.25813884706221873,0.05932199468446865,0.00916734913045385,0.08568811337528655,0.0,0.4215,0.21075
218.85667419433597,218.85667419433597,93297600,20210623,TSLA,207.90333557128903,218.85667419433597,1,0.0166698057127266,0.0166693168170201,0.0166678200256064,0.0166706999140744,0.0166747899405595,0.5166632596670355,0.0166666666830226,0.3499793026888921,0.0166700817238812,0.0166682568271812,0.25,0.25,0.25
226.60667419433597,226.60667419433597,137947200,20210624,TSLA,218.85667419433597,226.60667419433597,1,0.0154761904934763,0.0823531736051818,0.0811434483597755,0.4321384415249942,0.015476190496285201,0.0956663574411131,0.0154782712862396,0.2313146191688321,0.015476966894750348,0.0154763407293513,0.2516,0.8814,0.5665
223.9566650390625,223.9566650390625,97490100,20210625,TSLA,226.60667419433597,223.9566650390625,0,0.05980865928862682,0.16609464956649284,0.1535803249218182,0.1158673083178539,0.07118585309109035,0.17905487538506595,0.11580238015068015,0.0252549204710071,0.0584978618640601,0.05485316694330421,-0.4199,0.5848,0.32257
229.5733337402344,229.5733337402344,64884600,20210628,TSLA,223.9566650390625,229.5733337402344,1,0.8099963195554261,0.01000009501479,0.1099996454316654,0.0100000000049656,0.0100000000067621,0.0100005138659357,0.0100002449071503,0.0100000000060498,0.010002794515379,0.0100003866918757,0.6239,0.6239,0.6239
226.9199981689453,226.9199981689453,52143900,20210629,TSLA,229.5733337402344,226.9199981689453,0,0.12795935791604468,0.13272323917414736,0.15708737585868762,0.0356909881771644,0.07225800538887109,0.09430686246815176,0.08116975416089348,0.015690476211785383,0.1721867991261889,0.11092714151806507,-0.7717,0.914,0.07746
226.5666656494141,226.5666656494141,56774700,20210630,TSLA,226.9199981689453,226.5666656494141,0,0.44915003897370476,0.0125954586945419,0.012596447040929621,0.06259492277187373,0.2500843519142465,0.06259602494086206,0.06259563592358283,0.01259525665925984,0.01259736118728684,0.06259450189371155,-0.1761,0.7959,0.31184
225.97332763671875,225.97332763671875,55903500,20210701,TSLA,226.5666656494141,225.97332763671875,0,0.1676873207589907,0.05965357774771612,0.13084707395311376,0.07243253605085917,0.019669661939000507,0.11011245756145148,0.08040968536246783,0.06092787348613659,0.1971687150354614,0.101091098104802,-0.7738,0.8899,0.12003076923076923
226.3000030517578,226.3000030517578,81163500,20210702,TSLA,225.97332763671875,226.3000030517578,1,0.05221114087686491,0.016497773334215687,0.2230729656432327,0.14744825029403733,0.040325543238778,0.038623052620774825,0.23442268285006299,0.052351153006983446,0.14115293995109143,0.05389449818395827,-0.8194,0.7783,0.24572857142857144
219.8600006103516,219.8600006103516,69853500,20210706,TSLA,226.3000030517578,219.8600006103516,0,0.040029761924794974,0.14270588846423604,0.1746619009760928,0.04002976192187518,0.09407784636739419,0.07889291558999713,0.2261769338791159,0.04002980140482978,0.12336159380613823,0.0400335956655255,0.0,0.5994,0.250325
214.88333129882807,214.88333129882807,56376000,20210707,TSLA,219.8600006103516,214.88333129882807,0,0.1064509173773673,0.021923179777286455,0.08239158203850387,0.19422250747602407,0.058774071998055656,0.034852507824297586,0.29662945890504283,0.035407136677629625,0.14742379612312212,0.021924841802669997,0.0,0.7896,0.28824285714285713
217.60333251953125,217.60333251953125,68319900,20210708,TSLA,214.88333129882807,217.60333251953125,1,0.10338620415292944,0.19052137773601893,0.18391765162582396,0.06768517527257611,0.12811770216225601,0.09108209419401413,0.11445541294296491,0.08070053243428409,0.0200673851824776,0.02006646429665435,-0.296,0.4767,0.03871666666666667
218.98333740234372,218.98333740234372,54421500,20210709,TSLA,217.60333251953125,218.98333740234372,1,0.16904649282485953,0.017858273016948097,0.06251417873961841,0.24819966600382237,0.05357053879761607,0.2530793510926202,0.017857958377756243,0.0178575256529056,0.017859821519527603,0.14215619397432538,-0.7255,0.5719,-0.1057857142857143
228.5666656494141,228.5666656494141,77781000,20210712,TSLA,218.98333740234372,228.5666656494141,1,0.09917051704079427,0.05416877475964725,0.054166844134377404,0.054171220522667304,0.054166666699809476,0.05416680244616838,0.0541666666926164,0.17916491322492337,0.05416790788439243,0.34248968659460344,-0.2732,0.4939,0.2887
222.8466644287109,222.8466644287109,62898300,20210713,TSLA,228.5666656494141,222.8466644287109,0,0.027687771658830674,0.08645816912136774,0.14985883252047344,0.027688305547923873,0.027688082702809928,0.11060044040723149,0.20259810959179858,0.02768721134093163,0.16919146713521135,0.1705416099734209,-0.2732,0.8658,0.1721857142857143
217.7933349609375,217.7933349609375,64923600,20210714,TSLA,222.8466644287109,217.7933349609375,0,0.06840512519114468,0.17062157671723122,0.10196644261800936,0.2785437718550224,0.09098064301449896,0.07760498977201695,0.019636951211096678,0.01963581712160218,0.15296876405316467,0.01963591844621258,-0.4574,0.5629,0.19935999999999998
216.86666870117188,216.86666870117188,60628800,20210715,TSLA,217.7933349609375,216.86666870117188,0,0.1243740122282275,0.05073604442679437,0.17301746700354578,0.0632809739974726,0.012143591757273177,0.3749777948972803,0.05632719609387339,0.019835917274214777,0.09550988293634183,0.029797119384975763,-0.1137,0.92,0.4141538461538462
214.7400054931641,214.7400054931641,49113000,20210716,TSLA,216.86666870117188,214.7400054931641,0,0.2205693224795295,0.20940888310183056,0.40825675175895904,0.015003390580056699,0.0150025221263833,0.0717460641709743,0.0150082600419476,0.015000086944523951,0.01500421299951575,0.015000505796279,0.5719,0.5994,0.58565
215.4066619873047,215.4066619873047,63891300,20210719,TSLA,214.7400054931641,215.4066619873047,1,0.27083530033969766,0.0208355664779768,0.3511298275000485,0.020835474634933397,0.02083333335480465,0.14582930604498076,0.020833699734881847,0.10719973850968055,0.02083442005200405,0.0208333333509912,0.0,0.0,0.0
220.1666717529297,220.1666717529297,46461300,20210720,TSLA,215.4066619873047,220.1666717529297,1,0.22981197032310163,0.012698588838651631,0.29730681410862797,0.0376130455203531,0.07573240774627947,0.012698890247978234,0.012700808562382634,0.012698519449325,0.2960400458434016,0.012698909359898333,-0.3182,0.4199,0.06813333333333334
218.42999267578125,218.42999267578125,41859900,20210721,TSLA,220.1666717529297,218.42999267578125,0,0.25824813078731296,0.21374456453238985,0.1885090435663005,0.01516752496859415,0.04073120569389033,0.1126336564802245,0.015169114776995726,0.015167223856547325,0.015168192517152625,0.1254613428205917,-0.4003,0.9441,0.08312500000000002
216.4199981689453,216.4199981689453,45317100,20210722,TSLA,218.42999267578125,216.4199981689453,0,0.19047510428682446,0.023809523821266,0.02381351958538555,0.0238095238222561,0.23809571997781415,0.02380952382324075,0.2380916782769502,0.1904763587592471,0.02380952382324725,0.0238095238237681,0.0,0.0772,0.0386
214.4600067138672,214.4600067138672,43814700,20210723,TSLA,216.4199981689453,214.4600067138672,0,0.0615874204798705,0.06690825083219927,0.25705692816999426,0.09730339844450335,0.054443239087244286,0.08539699694519018,0.12111151436602507,0.04410653928434003,0.1862112746813758,0.025874437709256785,0.0,0.9331,0.4373
219.2066650390625,219.2066650390625,76009800,20210726,TSLA,214.4600067138672,219.2066650390625,1,0.047316697112656764,0.06370387746002433,0.41795884715622367,0.0081494791479207,0.008148148158193766,0.008150352160626666,0.201963228981091,0.0081491953877902,0.008148359180750034,0.22831181525472255,-0.2732,0.8856,0.4696
214.9266662597656,214.9266662597656,98439900,20210727,TSLA,219.2066650390625,214.9266662597656,0,0.011393675676310671,0.30444192595507197,0.16194678822100747,0.05901172640028864,0.011394486676298629,0.10244802851123776,0.23080618952114135,0.05986764329704864,0.04729607088481834,0.011393464856776114,-0.0258,0.836,0.3705142857142857
215.66000366210935,215.66000366210935,48019800,20210728,TSLA,214.9266662597656,215.66000366210935,1,0.028890420256062168,0.028888888897986766,0.13999818497867186,0.17440971250045245,0.14000042188045106,0.028891433864677532,0.028889841652975635,0.028888888900873533,0.3722506120429511,0.028891595024897566,0.0,0.7644,0.38876666666666665
225.7833404541016,225.7833404541016,91183800,20210729,TSLA,215.66000366210935,225.7833404541016,1,0.17378517958689804,0.046595512775248725,0.17903713918553243,0.021596849910588793,0.10424799753075094,0.02159727782549842,0.12754799487455504,0.165343803481807,0.13864954393364065,0.02159870089547958,-0.296,0.8979,0.36505
229.0666656494141,229.0666656494141,88969200,20210730,TSLA,225.7833404541016,229.0666656494141,1,0.015839503158026423,0.13232357122744795,0.16105243552018036,0.08245704088319322,0.06761240794214876,0.07312794229517798,0.3811888937881246,0.034588240219954575,0.015838191444525425,0.03597177352122024,-0.5859,0.7964,0.2175125
236.55667114257807,236.55667114257807,100847400,20210802,TSLA,229.0666656494141,236.55667114257807,1,0.16951064512919004,0.021430623621368734,0.021429655298704702,0.11577757139887863,0.24239290656675383,0.17707522250289875,0.021428571439173035,0.18809499029694254,0.021429527576466167,0.021430286169623166,-0.0516,0.0,-0.0172
236.5800018310547,236.5800018310547,64860900,20210803,TSLA,236.55667114257807,236.5800018310547,1,0.07104429764297512,0.016090309913492275,0.04942174707958842,0.016094286481754948,0.3180153565521497,0.1827482577743553,0.016091097479306524,0.01609173254063335,0.2790808060092389,0.03532210852650517,-0.4199,0.8245,0.251
236.97332763671875,236.97332763671875,51007800,20210804,TSLA,236.5800018310547,236.97332763671875,1,0.0161193074715772,0.11685437685332024,0.043896685514282933,0.06962880435883383,0.06157322834178832,0.2707756791977521,0.12217999162335881,0.06822196652437544,0.15501017214274235,0.07573978797196837,0.0,0.7809,0.31838333333333335
238.2100067138672,238.2100067138672,38758800,20210805,TSLA,236.97332763671875,238.2100067138672,1,0.22199060985488553,0.10955637330604322,0.07078343494400474,0.14953393790973507,0.04288908336421976,0.14288892719565624,0.04288910806708706,0.042889196127152904,0.09045394367263661,0.08612538555857856,-0.717,0.771,0.09498000000000001
233.0333404541016,233.0333404541016,46869000,20210806,TSLA,238.2100067138672,233.0333404541016,0,0.16351651773541293,0.07287897608534262,0.0220883815224857,0.01523316226937475,0.04911146050765691,0.2901298948712378,0.12358272408764812,0.10485578440234308,0.1310222385352303,0.027580859983267404,-0.7783,0.8622,0.02087
236.663330078125,236.663330078125,40296900,20210810,TSLA,237.9199981689453,236.663330078125,0,0.0200010804929334,0.0200000000039095,0.2002902702825104,0.0200012501467695,0.220000023011978,0.0200000000045649,0.184896391043528,0.020000000005159,0.2748098973799455,0.0200010876287012,0.2023,0.2023,0.2023
235.94000244140625,235.94000244140625,29401800,20210811,TSLA,236.663330078125,235.94000244140625,0,0.10865083834556255,0.010660030895433598,0.010660277108320565,0.10673536860376769,0.20788289178859568,0.1394752711063858,0.16367266333488764,0.010659606018501,0.16608821313699548,0.07551483966154957,0.0,0.3089,0.11156666666666666
240.75,240.75,52377300,20210812,TSLA,235.94000244140625,240.75,1,0.14456368258436486,0.022361115383825625,0.08961290338751976,0.0223611832208575,0.07236123640916432,0.02236146657521265,0.1590850054779242,0.3225504207370785,0.12238187509667486,0.022361111127377226,-0.2716,0.4215,0.018174999999999993
239.05667114257807,239.05667114257807,50194500,20210813,TSLA,240.75,239.05667114257807,0,0.21076704010126476,0.07562385287957897,0.06205875715184664,0.02006695830685215,0.14401153633845087,0.13447785491968614,0.20590187459675088,0.05612490550551707,0.07090025559605367,0.02006696460399845,-0.296,0.7783,0.17673333333333333
229.663330078125,229.663330078125,61048200,20210818,TSLA,221.90333557128903,229.663330078125,1,0.5613159045239536,0.013170274883265075,0.013170669710804425,0.03817042603217505,0.030397308817115776,0.05055997794790582,0.03850741656437383,0.228367305689462,0.013170089163791025,0.013170626667152975,-0.7269,0.6369,0.021550000000000014
226.7533264160156,226.7533264160156,44525700,20210820,TSLA,224.4900054931641,226.7533264160156,1,0.02250000001545615,0.02250000001217485,0.2724974661901763,0.0225000000131999,0.0225016348749935,0.2225031290212938,0.14749754006554938,0.0225000000160755,0.12249992408349705,0.12250030570758305,0.0,0.0,0.0
235.43333435058597,235.43333435058597,60794700,20210823,TSLA,226.7533264160156,235.43333435058597,1,0.09690990417157613,0.0232251368091578,0.26601990636416134,0.06840604086816836,0.2773097994850673,0.058039093938258325,0.14041918147439122,0.02322384823612324,0.02322234003652638,0.02322474861656932,0.0,0.522,0.1849
236.163330078125,236.163330078125,39249300,20210824,TSLA,235.43333435058597,236.163330078125,1,0.0250031496407858,0.0250031754545279,0.7749719075141301,0.0250000000144219,0.0250009219863073,0.0250058152558287,0.0250045443447432,0.0250026883713224,0.0250037242371209,0.0250040731808113,0.7269,0.7269,0.7269
237.0666656494141,237.0666656494141,37936800,20210825,TSLA,236.163330078125,237.0666656494141,1,0.0062501505026371,0.8653443253287038,0.0846490587575851,0.0062500937977067,0.0062501599325967,0.0062500000079303,0.0062553147987811,0.0062500000585953,0.0062501197476652,0.0062507770677984,0.6369,0.6369,0.6369
233.72000122070312,233.72000122070312,39642900,20210826,TSLA,237.0666656494141,233.72000122070312,0,0.022224051127396303,0.0777801627660974,0.5170373335792702,0.0222225093943203,0.0222227876151273,0.022224508374390453,0.022226226335756553,0.022224941857140648,0.07777770448699585,0.1940597744635048,-0.2023,-0.1406,-0.17145
237.30667114257807,237.30667114257807,41501400,20210827,TSLA,233.72000122070312,237.30667114257807,1,0.2510966480179349,0.028890146212276036,0.2511097628439534,0.10844945173005015,0.09555566147153076,0.08266262609675687,0.028890166762137168,0.02888978883972337,0.0955642389338933,0.028891509091743598,-0.1531,0.8882,0.4608999999999999
243.6366729736328,243.6366729736328,55812600,20210830,TSLA,237.30667114257807,243.6366729736328,1,0.26698964109294554,0.1086578903601941,0.058873440119217815,0.0461620785654047,0.08782578828805127,0.1724364746991245,0.06699570177146963,0.02533059795793686,0.025329580552089524,0.1413988065935656,-0.8122,0.5859,-0.015662500000000024
245.2400054931641,245.2400054931641,62566200,20210831,TSLA,243.6366729736328,245.2400054931641,1,0.0250008728851843,0.7749660607619038,0.0250020705757316,0.0250255636980604,0.0250000000096738,0.0250012543359324,0.0250013341921619,0.0250013500907637,0.0250000000076532,0.0250014934429344,-0.6249,-0.6249,-0.6249
244.69667053222656,244.69667053222656,39612900,20210901,TSLA,245.2400054931641,244.69667053222656,0,0.018918251378273156,0.10225120121620383,0.04554906090727649,0.1725525619363754,0.05052525440808357,0.2808232416889989,0.2172474689729079,0.06330646690662618,0.01891850712349713,0.029907985461756985,-0.0429,0.9615,0.19382857142857143
244.1300048828125,244.1300048828125,38331900,20210902,TSLA,244.69667053222656,244.1300048828125,0,0.03703077771332435,0.4302326947259054,0.17245945531465082,0.0329674843941866,0.01709415017999459,0.1478582343289506,0.08111579812659914,0.04705423666104529,0.01709417005691939,0.01709299849842339,0.0,0.899,0.5396
244.52333068847656,244.52333068847656,45738300,20210903,TSLA,244.1300048828125,244.52333068847656,1,0.175029719429849,0.050183497453883605,0.2828789508508291,0.016819789501114412,0.01681937112163606,0.09637502173748838,0.1464379892234955,0.016820921945883284,0.15324232742251778,0.0453924113133025,-0.0094,0.5719,0.2908
250.97332763671875,250.97332763671875,60119400,20210907,TSLA,244.52333068847656,250.97332763671875,1,0.025000708801257,0.0250000000098721,0.5249998617059779,0.2749945766486805,0.0250000000145737,0.0250000000115262,0.0250048527715823,0.0250000000130228,0.0250000000115315,0.0250000000119757,-0.636,-0.636,-0.636
251.6199951171875,251.6199951171875,42233100,20210909,TSLA,251.2899932861328,251.6199951171875,1,0.10425358901795348,0.17937169798865366,0.07401885781168116,0.09376563400990112,0.014357329943484301,0.08618520700952201,0.1076305280050732,0.05494714258235935,0.2441168924001263,0.041353121231245044,-0.0772,0.8126,0.14708
245.42333984375,245.42333984375,45552600,20210910,TSLA,251.6199951171875,245.42333984375,0,0.030036865804105757,0.1311888356794597,0.06529147133441848,0.1286594256495696,0.12638592704081023,0.11574870119449265,0.1157459078628309,0.06620431931223633,0.190704336848266,0.030034209273810057,-0.296,0.8268,0.08685714285714285
247.6666717529297,247.6666717529297,68857500,20210913,TSLA,245.42333984375,247.6666717529297,1,0.04027888624828065,0.15833308531614493,0.06784884283371334,0.10277762612551225,0.1027781142417181,0.19326061122403448,0.15138857516806056,0.10277777219821033,0.04027854995105828,0.0402779366932667,-0.5859,0.2732,-0.152175
248.163330078125,248.163330078125,55574700,20210914,TSLA,247.6666717529297,248.163330078125,1,0.0166707808884205,0.0166666666796611,0.2726466375597427,0.0166666666807517,0.2175144497721849,0.3931636699541782,0.0166671914774182,0.0166666666838014,0.0166706036214124,0.0166666666824286,-0.2716,-0.2716,-0.2716
251.94332885742188,251.94332885742188,46073100,20210915,TSLA,248.163330078125,251.94332885742188,1,0.02000007765752555,0.020000322772962723,0.044999200282907124,0.16999523697283309,0.020003722220621276,0.020004878921337448,0.0200000629143582,0.0200000000144639,0.6449956711143789,0.020000827128611325,0.0,0.4404,0.1101
252.3300018310547,252.3300018310547,41770200,20210916,TSLA,251.94332885742188,252.3300018310547,1,0.030555555578419633,0.030555555573565166,0.19721857223638065,0.0305555555750902,0.0305660384979374,0.030556016438234367,0.2527826051186488,0.03055622511627733,0.3360954187535922,0.0305584571118539,0.0,0.6369,0.41209999999999997
253.163330078125,253.163330078125,84612600,20210917,TSLA,252.3300018310547,253.163330078125,1,0.07252358403017825,0.1660408148674695,0.040726813750600846,0.08359450869969963,0.0534529819673743,0.17567542981775447,0.1258553633541593,0.049310722948686964,0.2102955196823697,0.02252426088170651,0.0,0.8953,0.42377000000000004
243.38999938964844,243.38999938964844,74273100,20210920,TSLA,253.163330078125,243.38999938964844,0,0.18733186574778754,0.23732928839566875,0.19249088801179104,0.17864013035101925,0.020667195615165602,0.02066901679276226,0.02066881680373586,0.06086792337212564,0.02066867924876726,0.06066619566117635,0.0,0.7777,0.25088
246.4600067138672,246.4600067138672,48992100,20210921,TSLA,243.38999938964844,246.4600067138672,1,0.0266693640544248,0.026668176938267757,0.21237094999096898,0.12190657573561191,0.14571320202049456,0.09809604656418257,0.07428821449456653,0.12190295787802653,0.14571742754519756,0.026667084778258427,-0.6072,0.8221,0.3565714285714286
250.64666748046875,250.64666748046875,45378900,20210922,TSLA,246.4600067138672,250.64666748046875,1,0.04710305312827016,0.15762414372072808,0.17595081681069352,0.04486560866428323,0.09994782656815672,0.019231979711745863,0.257480131826581,0.11422326027349575,0.03309095566976604,0.0504822236262792,-0.765,0.8402,0.134425
258.1300048828125,258.1300048828125,64119000,20210924,TSLA,251.2133331298828,258.1300048828125,1,0.02916666689450525,0.15416675970705315,0.02916666668941065,0.029167806809552853,0.0291666666980563,0.15416661579342417,0.02916666669126975,0.23651013719420885,0.0291666666915074,0.28015534683101095,0.0,0.1027,0.05135
263.78668212890625,263.78668212890625,84212100,20210927,TSLA,258.1300048828125,263.78668212890625,1,0.07547455576127302,0.023001852977794102,0.25679792062171986,0.023004388336705463,0.02300000002143698,0.1222013679892554,0.13537847403974385,0.20712970895738528,0.11101140768098253,0.02300032361370316,-0.53,0.0,-0.10600000000000001
259.1866760253906,259.1866760253906,76144200,20210928,TSLA,263.78668212890625,259.1866760253906,0,0.016453344137611802,0.3969159488861302,0.11234539212273566,0.149507845537114,0.0164548253132006,0.016453351134152333,0.016453309473448533,0.016453605208873703,0.24250830609190552,0.0164540720948272,0.0,0.8718,0.2906
260.4366760253906,260.4366760253906,62828700,20210929,TSLA,259.1866760253906,260.4366760253906,1,0.0200004744189439,0.0200011507869276,0.2190143541852005,0.0200043906755807,0.0200008968203674,0.4184388210335357,0.0200022812920999,0.2225349519626188,0.0200010165520341,0.0200016622726909,0.4497,0.4497,0.4497
258.49334716796875,258.49334716796875,53868000,20210930,TSLA,260.4366760253906,258.49334716796875,0,0.0142857364856656,0.014285940536045,0.0142859370408938,0.0142857142907922,0.0142857516517155,0.0142860870851102,0.0142876120830342,0.0142857142918961,0.8714257922267654,0.0142857143080815,0.4404,0.4404,0.4404
258.4066772460937,258.4066772460937,51094200,20211001,TSLA,258.49334716796875,258.4066772460937,0,0.0200000000090374,0.0200000000071194,0.0200102337754251,0.8199897661550165,0.0200000000105075,0.0200000000083114,0.0200000000082326,0.0200000000093914,0.0200000000083195,0.0200000000086386,0.4019,0.4019,0.4019
260.510009765625,260.510009765625,91449900,20211004,TSLA,258.4066772460937,260.510009765625,1,0.0142858082107113,0.0142857142891717,0.0142857142894131,0.0142857746942207,0.0142857142908174,0.0142883532566039,0.8714255283208774,0.0142857142902758,0.014285869527399,0.0142858088305094,-0.0516,-0.0516,-0.0516
260.1966552734375,260.1966552734375,55297800,20211005,TSLA,260.510009765625,260.1966552734375,0,0.0250000000086698,0.0250000000068286,0.0250000000073059,0.5249963582888248,0.0250004982839276,0.025001137092498,0.0250000000078996,0.0250018799600492,0.2750001263357132,0.0250000000082826,0.0,0.0,0.0
264.53668212890625,264.53668212890625,57587400,20211007,TSLA,260.9166564941406,264.53668212890625,1,0.014264459055649588,0.20502788222755372,0.1118576609716489,0.16503202861776403,0.0894148940603736,0.15561010239598094,0.10098194955094938,0.02815324277124591,0.09771660689420053,0.03194117345463297,0.0,0.8555,0.5812666666666666
261.8299865722656,261.8299865722656,50215800,20211008,TSLA,264.53668212890625,261.8299865722656,0,0.015476966190050775,0.17545191799063528,0.24272127921853762,0.015479393857707375,0.19670807885369068,0.09880701329186127,0.17321010253937594,0.015476209684890274,0.0154787019329045,0.0511903364403459,-0.0191,0.9558,0.4527
263.9800109863281,263.9800109863281,42600900,20211011,TSLA,261.8299865722656,263.9800109863281,1,0.18830760306037292,0.11377410498062564,0.15026607072813705,0.16548538743063554,0.04215165572984032,0.1031212638261892,0.06505079450115267,0.02548506561964236,0.1011738698381546,0.0451841842852493,-0.6966,0.7574,0.2284
268.5733337402344,268.5733337402344,66060000,20211012,TSLA,263.9800109863281,268.5733337402344,1,0.19555286314799133,0.028888888893675968,0.028888888894010065,0.0288889175285387,0.028889305780293032,0.11361933369632675,0.3066675078870076,0.0288888888952068,0.2108259323009173,0.028889472976031966,-0.2865,0.6249,0.11280000000000001
272.7733459472656,272.7733459472656,36741600,20211014,TSLA,270.3599853515625,272.7733459472656,1,0.05921112011941032,0.01666909197357492,0.08999225057573457,0.0166668497808889,0.1276673717271276,0.11666708450841265,0.33008251324046384,0.09666479235897424,0.1297110407510969,0.01666788496431566,-0.5994,0.5411,-0.08802
281.010009765625,281.010009765625,56773800,20211015,TSLA,272.7733459472656,281.010009765625,1,0.23417304798116487,0.22764112740062914,0.18157620688609585,0.09572354708387187,0.1296306420717401,0.01851891798986347,0.018520625146496533,0.018518737371104765,0.057178492712435025,0.018518655356598034,0.0,0.8225,0.4146666666666667
288.6000061035156,288.6000061035156,42096300,20211020,TSLA,288.0899963378906,288.6000061035156,1,0.18385364039517307,0.09396777094271812,0.022544116344203502,0.09304563041051701,0.02254006125908213,0.1249919078536525,0.0225408823925284,0.10103819999578866,0.3129370545929025,0.022540735813433663,-0.3384,0.807,0.1324666666666667
303.2266540527344,303.2266540527344,68642400,20211022,TSLA,298.0,303.2266540527344,1,0.17538704347362427,0.01768188927984963,0.05339477200391114,0.01768056160787426,0.017681655193096658,0.08910774103191553,0.26172759606506535,0.1786404409078661,0.17101744952637135,0.0176808509104253,-0.3535,0.7717,0.03554285714285716
341.6199951171875,341.6199951171875,188556300,20211025,TSLA,303.2266540527344,341.6199951171875,1,0.024971604415349125,0.17780464058571516,0.09029401869236625,0.14055156173228767,0.05413870569981781,0.14528394587144774,0.13326347097211272,0.049969829009232046,0.09997004279052568,0.08375218023114547,-0.7032,0.6908,-0.05180000000000001
339.4766540527344,339.4766540527344,187245000,20211026,TSLA,341.6199951171875,339.4766540527344,0,0.020715122464149017,0.0545741757873712,0.23432752435804383,0.13209843137854368,0.020714881944349017,0.08738366994121645,0.2630422055732311,0.1457150536470794,0.02071432556025835,0.020714609345757532,0.0,0.8405,0.43595
345.9533386230469,345.9533386230469,115579500,20211027,TSLA,339.4766540527344,345.9533386230469,1,0.060148398814593426,0.17430384954275166,0.28853676317182697,0.08614902068316443,0.047057542468538854,0.043274706393148135,0.0812973064904026,0.040806771760383866,0.11574174316017727,0.06268389751501242,-0.5994,0.8442,0.22924999999999998
359.0133361816406,359.0133361816406,81639600,20211028,TSLA,345.9533386230469,359.0133361816406,1,0.13354036480694018,0.16548812339340302,0.18428003644217117,0.017023591008777785,0.017022792041819182,0.08772138981825968,0.054026258426228026,0.14622404993058777,0.12209345806927942,0.07257993606253342,-0.5574,0.8397,0.03241666666666665
371.3333435058594,371.3333435058594,89755200,20211029,TSLA,359.0133361816406,371.3333435058594,1,0.028889002842178064,0.18425112449700362,0.09555889392873884,0.028890907203927264,0.09555568849062654,0.12352177636491093,0.028890757573589877,0.12888696834272145,0.2566655052789947,0.028889375477308344,0.0,0.7184,0.14368
402.86334228515625,402.86334228515625,168146100,20211101,TSLA,371.3333435058594,402.86334228515625,1,0.024762647314897083,0.09280848414107983,0.15809759679732285,0.053332768589722246,0.0819019810052343,0.23528601479427858,0.05333339328122,0.10809593872942579,0.02476190478007093,0.16761927056674802,0.0,0.8779,0.3227285714285714
390.6666564941406,390.6666564941406,128213400,20211102,TSLA,402.86334228515625,390.6666564941406,0,0.0170455809220546,0.14204584892243205,0.2642578337361198,0.1100379516481331,0.01705041497839205,0.1420403416907012,0.157803229181794,0.0626035391535581,0.0170460728950356,0.07006918687177915,0.4213,0.6588,0.54005
409.9700012207031,409.9700012207031,76192200,20211104,TSLA,404.6199951171875,409.9700012207031,1,0.03000953951976274,0.38628057877975985,0.10703594891384156,0.030001905144587636,0.03000226793318212,0.10777029247542949,0.15223113159857454,0.09666547935042702,0.030001708763926122,0.03000114752050856,0.0,0.4767,0.25222
387.6466674804688,387.6466674804688,100337100,20211108,TSLA,407.36334228515625,387.6466674804688,0,0.061800149936385884,0.019161143636114968,0.1302727018218918,0.019161166824976587,0.019161259917560684,0.20140553872333963,0.019161634637057928,0.035034168734546,0.4756809521291258,0.019161283639000215,-0.228,0.5563,0.0985
341.1666564941406,341.1666564941406,177317400,20211109,TSLA,387.6466674804688,341.1666564941406,0,0.4416583188328591,0.02500000000803315,0.0250033843766699,0.02500031766904545,0.0250000000118561,0.0250038994653263,0.025000000009279898,0.0250000000105911,0.35833265844191187,0.02500142117442675,0.0,0.3612,0.1806
355.9833374023437,355.9833374023437,128408100,20211110,TSLA,341.1666564941406,355.9833374023437,1,0.20825104951153386,0.21923084187836817,0.058456824336536116,0.01906954893910395,0.019068029778208286,0.2337771219887154,0.019070091520729,0.06334740230225054,0.14066109488042697,0.019067994864127368,-0.5411,0.7506,0.10038333333333334
354.5033264160156,354.5033264160156,67189800,20211111,TSLA,355.9833374023437,354.5033264160156,0,0.015458817450455199,0.036293871616766255,0.2044338215292543,0.01545880269531295,0.03254136713014785,0.15509382337662958,0.05743572892365345,0.14014784628699622,0.22379227653517958,0.1193436444556042,0.0,0.836,0.209
344.47332763671875,344.47332763671875,76719300,20211112,TSLA,354.5033264160156,344.47332763671875,0,0.07645893197611432,0.13892773727695704,0.14294073651461953,0.32975987211993196,0.024207893383640235,0.02420797084429463,0.024209848515946934,0.024206350003251036,0.19087309537287278,0.024207563992371034,-0.1531,0.4215,0.08946666666666665
337.7966613769531,337.7966613769531,104326800,20211115,TSLA,344.47332763671875,337.7966613769531,0,0.016188560016163863,0.15341582545748422,0.14294777828453303,0.19002509896211003,0.035059252351571965,0.04882944336724813,0.17762722035196776,0.04258711978672362,0.14985767143214634,0.04346202999005053,0.0,0.8832,0.3332
351.57666015625,351.57666015625,79627200,20211116,TSLA,337.7966613769531,351.57666015625,1,0.028572059872259453,0.3947032377151861,0.028572061336990452,0.028573284542504553,0.02857142859155535,0.02857144807936715,0.3217123241928562,0.08357915275296506,0.028573212404208348,0.02857179051210695,0.4404,0.4767,0.45855
363.0033264160156,363.0033264160156,94336200,20211117,TSLA,351.57666015625,363.0033264160156,1,0.26378205954733436,0.08203022753802625,0.01458413337405985,0.0423610126183243,0.043882939820752156,0.014584660162958075,0.2123167248629508,0.0145843329166182,0.26753762512618257,0.04433628403279306,0.0,0.8908,0.566825
365.4599914550781,365.4599914550781,62696700,20211118,TSLA,363.0033264160156,365.4599914550781,1,0.02733406198374534,0.06733432296306484,0.08836210133465386,0.16304141006107425,0.027334409870636983,0.10733344462692158,0.1273335588517464,0.09438512141803208,0.027337447137924582,0.2702041217521996,-0.7868,0.3612,-0.23946
379.0199890136719,379.0199890136719,64926900,20211119,TSLA,365.4599914550781,379.0199890136719,1,0.051268539924270905,0.0376905471625944,0.12747703498224885,0.044593532855967496,0.11912822030541478,0.20388052082616318,0.0388158188373406,0.014966596307630649,0.2222274166179039,0.1399517721804648,-0.4003,0.7722,-0.06602499999999999
385.6233215332031,385.6233215332031,99217500,20211122,TSLA,379.0199890136719,385.6233215332031,1,0.2641882395445787,0.08610433172185612,0.057837594408954786,0.17359745742240598,0.07391063735348818,0.051867862976400426,0.0633864163351308,0.07360028678711186,0.07804541969450682,0.07746175375556597,-0.0772,0.6808,0.3121125
369.6766662597656,369.6766662597656,108515100,20211123,TSLA,385.6233215332031,369.6766662597656,0,0.017428006571242598,0.26717657696603503,0.16712587377528126,0.03330069080653777,0.07326672679063792,0.017427285809383446,0.056248702955637254,0.06583913670756575,0.21673321000272755,0.0854537896149509,-0.816,0.4497,0.1396888888888889
372.0,372.0,67680600,20211124,TSLA,369.6766662597656,372.0,1,0.14045961034133697,0.054013045078864265,0.03870649299142658,0.05356125804269874,0.07118349109976796,0.27713697560049927,0.018300508682987344,0.06591756181473997,0.2083902697958155,0.07233078655186302,-0.7053,0.5423,-0.028271428571428576
360.6400146484375,360.6400146484375,35042700,20211126,TSLA,372.0,360.6400146484375,0,0.08179781296564016,0.015135697795649666,0.15480191326617646,0.08389349509469707,0.07970632725755973,0.06275138333896037,0.015132707881544966,0.4098478558684476,0.0817991433313377,0.015133663199985834,0.1154,0.5423,0.3325666666666667
378.9966735839844,378.9966735839844,58393500,20211129,TSLA,360.6400146484375,378.9966735839844,1,0.022415596190671457,0.11317453251762992,0.12922689556385406,0.022420449196933957,0.09922769814076639,0.146619836163483,0.26978966585207725,0.06862918829293171,0.07750806229892097,0.050988075782730756,-0.4019,0.7783,0.17357142857142854
381.586669921875,381.586669921875,81276000,20211130,TSLA,378.9966735839844,381.586669921875,1,0.09689413308781086,0.19810068977726483,0.02683593429006555,0.048149494354721746,0.09327828611910328,0.2611249978618994,0.12710527764132093,0.01452481672311765,0.055817387477527465,0.0781689826671678,-0.8957,0.4215,-0.019166666666666665
365.0,365.0,68450400,20211201,TSLA,381.586669921875,365.0,0,0.22499917922408258,0.12500052554623658,0.025000607301087618,0.02500045538520384,0.12500035443347077,0.27499798550210136,0.07499996667506965,0.02500019096821592,0.02500090020853024,0.07499983475600089,-0.4574,0.7876,0.09666
361.5333251953125,361.5333251953125,73114800,20211202,TSLA,365.0,361.5333251953125,0,0.02042909305516532,0.020429198877983962,0.07051767307062744,0.2870910252540555,0.02042920773394604,0.38947463473649424,0.020429451084681582,0.020429421014473443,0.0204311393074603,0.13033915586511177,0.0,0.5709,0.12962
338.3233337402344,338.3233337402344,92322000,20211203,TSLA,361.5333251953125,338.3233337402344,0,0.03789262251017408,0.11578598208757367,0.02319374076884749,0.0985917436516407,0.0231927097135702,0.187415204837377,0.13430470529532404,0.06022894946718836,0.2962017502632954,0.02319259140500858,-0.5786,0.5916,0.10845555555555556
336.336669921875,336.336669921875,81663000,20211206,TSLA,338.3233337402344,336.336669921875,0,0.023751413550394326,0.24896894473423536,0.14797908599897253,0.10708287375295894,0.0237511224819441,0.30733748331159527,0.06987745323157135,0.02375034888015445,0.02375037511264205,0.023750898945531153,-0.4019,0.4404,-0.076525
350.5833435058594,350.5833435058594,56084700,20211207,TSLA,336.336669921875,350.5833435058594,1,0.015530453350182402,0.05237775496773623,0.08678952007996543,0.23593556111866298,0.0988638983324383,0.23328104360964555,0.0155310605892185,0.015530603648559202,0.015530303038242432,0.23062980126534846,-0.4767,0.296,-0.06023333333333334
356.32000732421875,356.32000732421875,41906400,20211208,TSLA,350.5833435058594,356.32000732421875,1,0.10815415883501779,0.11981513341556663,0.16311770590095384,0.13637017063961332,0.027224394460333222,0.027223206715557276,0.1482516586068316,0.057992820681684015,0.1846273135229606,0.027223437221481288,-0.6369,0.4574,-0.009244444444444451
334.6000061035156,334.6000061035156,59438400,20211209,TSLA,356.32000732421875,334.6000061035156,0,0.14791823648903502,0.35623665960724704,0.022917396030546048,0.0229175657923849,0.0229281734774405,0.02291679695397945,0.022918386348272847,0.0229166666766941,0.3354131566290132,0.0229169619953865,0.0,0.4404,0.2202
339.010009765625,339.010009765625,59664300,20211210,TSLA,334.6000061035156,339.010009765625,1,0.026019690373152465,0.0676820884202995,0.18743653039032215,0.05607402026398503,0.02601907940577902,0.06768597442259289,0.3186873099127367,0.1787913968874787,0.04558427641796417,0.026019633505689,-0.5106,0.8044,0.2788333333333333
322.1366577148437,322.1366577148437,78595500,20211213,TSLA,339.010009765625,322.1366577148437,0,0.10773741544195664,0.21190017663385005,0.024405126195328777,0.024406493867373223,0.024405305186984826,0.14210962063054947,0.0244066509896324,0.15448138783927165,0.024408650296977877,0.26173917291807464,-0.886,0.7351,-0.06420000000000001
319.5033264160156,319.5033264160156,70806300,20211214,TSLA,322.1366577148437,319.5033264160156,0,0.021667072823192534,0.02166732362805353,0.021666877669304366,0.20229404378543456,0.18832519637388187,0.0883335802647671,0.15500047977313447,0.10500090003303884,0.08833243987783852,0.10771208577135377,-0.6705,0.3182,-0.15166666666666667
308.97332763671875,308.97332763671875,82771500,20211216,TSLA,325.3299865722656,308.97332763671875,0,0.06199385115841415,0.0807427331973758,0.18905946131966678,0.04950741544388736,0.061995146123359546,0.08584426777419372,0.22634640518857294,0.08284013231261002,0.0307442178370697,0.13092636964484966,-0.5719,0.7351,0.168425
310.8566589355469,310.8566589355469,100437300,20211217,TSLA,308.97332763671875,310.8566589355469,1,0.02888967582456947,0.028889245653848438,0.09555299774570751,0.3166628243265524,0.028890822085966102,0.028889261682912365,0.16334273146136905,0.08444464587433072,0.1955478028755305,0.0288899924692131,-0.5314,0.7906,0.29436666666666667
299.9800109863281,299.9800109863281,56480100,20211220,TSLA,310.8566589355469,299.9800109863281,0,0.0333333337059771,0.03333647614899,0.0333372038429123,0.0333353243266107,0.0333333333427738,0.3933915426481592,0.0333333333407285,0.03333581861212,0.0333333333408032,0.3399303006909248,0.1007,0.1007,0.1007
312.84332275390625,312.84332275390625,71517900,20211221,TSLA,299.9800109863281,312.84332275390625,1,0.0161325294835214,0.1567154379538405,0.03227017367790131,0.08307906308232706,0.043909400500126865,0.18361198083763108,0.13255266289287562,0.016130953501354652,0.2861335114250702,0.049464286645350915,0.0,0.9224,0.36896666666666667
336.2900085449219,336.2900085449219,93634200,20211222,TSLA,312.84332275390625,336.2900085449219,1,0.2114488159737853,0.24248706675008722,0.029086729602887867,0.07764060141549264,0.05280586932904857,0.0203068009547738,0.1936388718917866,0.10697173254656837,0.04530570106703413,0.02030781046853504,-0.1779,0.5859,0.18731
355.6666564941406,355.6666564941406,92713200,20211223,TSLA,336.2900085449219,355.6666564941406,1,0.0100003218705905,0.0100071856228359,0.3714735723807733,0.4429316274868741,0.0100004703917924,0.0100077554730272,0.1155766624797116,0.0100000089562132,0.0100021598327557,0.0100002355054255,0.893,0.893,0.893
364.6466674804688,364.6466674804688,71145900,20211227,TSLA,355.6666564941406,364.6466674804688,1,0.15528759174412377,0.0656255878373905,0.03492332974586057,0.09973725798502432,0.03492080578634299,0.2520276658894926,0.11031760047491684,0.03492132020377851,0.0349209735916702,0.17731786674139938,0.0,0.6369,0.19245555555555555
362.0633239746094,362.0633239746094,56154000,20211229,TSLA,362.8233337402344,362.0633239746094,0,0.08449616972456649,0.14381225909859063,0.3153797750238618,0.09814658146436946,0.014488176981824433,0.0144847568084246,0.014485943790380798,0.014485447024348168,0.014485545780291533,0.28573534430334163,-0.3219,0.4767,0.0516
356.7799987792969,356.7799987792969,47040900,20211230,TSLA,362.0633239746094,356.7799987792969,0,0.0200000000289699,0.0200000000228315,0.0200000085203394,0.0200000000247725,0.2199995947817687,0.2546721510604214,0.020000689170044,0.3853267308588815,0.0200008255042754,0.0200000000276951,0.0772,0.0772,0.0772
399.9266662597656,399.9266662597656,103931400,20220103,TSLA,352.260009765625,399.9266662597656,1,0.08556230767603175,0.2734885935577841,0.01625157684723,0.15900533804070455,0.01625000001077915,0.016250847643516,0.0162500000084424,0.3844364456435591,0.0162513468859572,0.0162535436859951,-0.296,-0.296,-0.296
354.8999938964844,354.8999938964844,90336600,20220106,TSLA,362.7066650390625,354.8999938964844,0,0.0163465217468176,0.01634615386158955,0.016346153862662898,0.01634615386289015,0.016346838745629498,0.47788518143237924,0.01634615386400105,0.016346153866529548,0.01635781629729705,0.3913328724602031,0.0,0.34,0.17
342.32000732421875,342.32000732421875,84164700,20220107,TSLA,354.8999938964844,342.32000732421875,0,0.017675623202003422,0.49765879192760815,0.2293435561858847,0.017676333743559,0.017676443089411,0.04624700168525892,0.12069285806784058,0.017675356220154058,0.0176781498067222,0.017675886071557602,-0.34,0.3612,0.004239999999999999
352.7066650390625,352.7066650390625,91815000,20220110,TSLA,342.32000732421875,352.7066650390625,1,0.018651149097508934,0.2567447291315069,0.23895299926004776,0.12374352970296469,0.10198728242335715,0.18531346505678714,0.018653928817234367,0.018650793658650435,0.0186507936577522,0.018651329194190002,-0.8225,0.4019,-0.14020000000000002
368.739990234375,368.739990234375,83739000,20220112,TSLA,354.79998779296875,368.739990234375,1,0.11433641057000192,0.2983807322366347,0.38756910456676935,0.0874841546334519,0.0187041537211703,0.018706349720556,0.018703924705903364,0.018704906209137503,0.018704666562635267,0.018705597073739266,-0.3182,0.7184,0.15913333333333335
343.85333251953125,343.85333251953125,97209900,20220113,TSLA,368.739990234375,343.85333251953125,0,0.0200000000029119,0.0200000000022929,0.0200000000024522,0.0200000000024865,0.0200000000033864,0.0200018741797282,0.0200000000026503,0.0200000000030249,0.8199981257982852,0.0200000000027811,0.0,0.0,0.0
349.8699951171875,349.8699951171875,72924300,20220114,TSLA,343.85333251953125,349.8699951171875,1,0.025000000021503,0.0250010576375382,0.7749952120920764,0.0250009781232862,0.0250016886213843,0.0250000000197934,0.0250007106932779,0.0250000352697492,0.0250003175008267,0.0250000000205643,0.0,0.0,0.0
343.5033264160156,343.5033264160156,66743400,20220118,TSLA,349.8699951171875,343.5033264160156,0,0.07937300147828061,0.24069395133727967,0.022223755287862197,0.07777701656888794,0.02222398884602405,0.0222225845310875,0.4111065116301063,0.02222222223567355,0.02222302987867225,0.07993393820612556,-0.4588,0.3612,-0.04879999999999998
331.8833312988281,331.8833312988281,75442500,20220119,TSLA,343.5033264160156,331.8833312988281,0,0.1283966648493106,0.16298343843959975,0.23072359193231637,0.014167240114499933,0.014167761252379932,0.014173035932929998,0.05112178399327877,0.16170693248541876,0.07505962230352008,0.1474999286967454,-0.3802,0.34,0.03763333333333335
314.6333312988281,314.6333312988281,103416000,20220121,TSLA,332.0899963378906,314.6333312988281,0,0.020463909886840218,0.1790653654086463,0.0641629726118683,0.04047031379363047,0.02046317699342048,0.3167581966793754,0.20040946731718645,0.020465934020058186,0.055150025781957546,0.08259063750701612,-0.126,0.296,0.11138333333333333
306.1333312988281,306.1333312988281,86595900,20220125,TSLA,310.0,306.1333312988281,0,0.0100007123812146,0.0100029433841868,0.2855796312333472,0.4898036076259768,0.0100000000233365,0.0100027834724446,0.1546049082688906,0.0100053580312443,0.0100000555601798,0.0100000000191784,0.8777,0.8777,0.8777
312.4700012207031,312.4700012207031,104867400,20220126,TSLA,306.1333312988281,312.4700012207031,1,0.0250000000227569,0.0250000000179246,0.2678378446880867,0.0250038124736911,0.0250063871787063,0.0250000000209533,0.2821521052188067,0.0250000000236547,0.0250000000209622,0.2749998503344569,0.6588,0.6588,0.6588
276.3666687011719,276.3666687011719,147109500,20220127,TSLA,312.4700012207031,276.3666687011719,0,0.02722308374800759,0.10772940917587082,0.14301190372479214,0.15129307651269278,0.05628042354291429,0.06425919033590184,0.09203643295317328,0.27594118364732667,0.027223185984838298,0.05500211037448181,-0.7351,0.5106,-0.024755555555555545
282.1166687011719,282.1166687011719,134789100,20220128,TSLA,276.3666687011719,282.1166687011719,1,0.027916666690684926,0.0279199866646185,0.2566870807443808,0.2699694932260253,0.11124889003072501,0.027922506068745724,0.02791792433140885,0.11125006533309925,0.02791743566564945,0.1112499512446617,0.1779,0.6486,0.40717499999999995
312.239990234375,312.239990234375,104436000,20220131,TSLA,282.1166687011719,312.239990234375,1,0.07809713107109584,0.023632679684617398,0.1510843479021013,0.06935922504451647,0.05696396840530133,0.21145203048534322,0.0723488389453289,0.1236283740820013,0.10696751954002282,0.10646588483967091,-0.4767,0.3071,-0.028266666666666673
310.4166564941406,310.4166564941406,73138200,20220201,TSLA,312.239990234375,310.4166564941406,0,0.01469655342901495,0.1358661651410059,0.22186401598374564,0.048748790307645146,0.15313967202541348,0.11842092481650328,0.04834077476775881,0.05973612914441298,0.18448941016265918,0.0146975642218402,0.0,0.802,0.2549
301.8866577148437,301.8866577148437,66792900,20220202,TSLA,310.4166564941406,301.8866577148437,0,0.02367793656294754,0.023675673931740783,0.1436723710565361,0.023676219840796882,0.11647254437574957,0.11216635202343164,0.21420094873459278,0.12367566861725314,0.1951052779616808,0.023677006895270258,0.0,0.816,0.37532
297.0466613769531,297.0466613769531,78855600,20220203,TSLA,301.8866577148437,297.0466613769531,0,0.3309046445614046,0.01985160397943724,0.09728832080062576,0.07444217464644085,0.06568713630550904,0.19804046715256934,0.01985188396147774,0.04068332845617819,0.10032348208499263,0.05292695805136422,-0.3182,0.5707,0.08987499999999998
302.4466552734375,302.4466552734375,60994500,20220207,TSLA,307.7733459472656,302.4466552734375,0,0.13319474991138644,0.05541875102561065,0.02208484384665325,0.10681102696515216,0.06375022921532732,0.059892689881174195,0.02208333335644895,0.4332493072734294,0.022083784999815465,0.08143128352500172,-0.7786,0.4404,-0.17736666666666667
310.6666564941406,310.6666564941406,52259400,20220209,TSLA,307.3333435058594,310.6666564941406,1,0.01214315415078505,0.01214366967473955,0.22590083546349746,0.2051354593601831,0.01214287990458345,0.01214285715877395,0.1601718652697105,0.01214292994262915,0.21112310852462107,0.1369532405504763,-0.8737,-0.4201,-0.6469
301.51666259765625,301.51666259765625,66126900,20220210,TSLA,310.6666564941406,301.51666259765625,0,0.016669346732959,0.0166666666724956,0.0166666666728989,0.0166670203525765,0.8499878836709136,0.0166683586005163,0.0166666666734079,0.0166675322991198,0.0166731916513746,0.0166666666737374,0.5994,0.5994,0.5994
286.6666564941406,286.6666564941406,79645800,20220211,TSLA,301.51666259765625,286.6666564941406,0,0.07881816345848185,0.10016712786822676,0.16996125222891625,0.019553213128294073,0.08693262967702763,0.2773354135976522,0.05497477725727352,0.01955277817274653,0.17315171202057097,0.019552932590809813,0.0,0.765,0.17191428571428571
291.9200134277344,291.9200134277344,67756500,20220214,TSLA,286.6666564941406,291.9200134277344,1,0.15916393797398518,0.03416826735701042,0.15916183524836072,0.0341670775957442,0.03416824306638415,0.40082681554749566,0.03417192005385468,0.034166869312298974,0.07583675835673159,0.03416827548813405,0.2732,0.7424,0.556975
307.4766540527344,307.4766540527344,57286200,20220215,TSLA,291.9200134277344,307.4766540527344,1,0.020001260740834,0.0200001803861332,0.020000000006842,0.0200000000069369,0.0200016035906669,0.8199941713073534,0.0200000000073963,0.0200000000084391,0.0200027839376392,0.0200000000077584,0.0,0.0,0.0
307.7966613769531,307.7966613769531,51294300,20220216,TSLA,307.4766540527344,307.7966613769531,1,0.0200014765603644,0.8199901059249871,0.020000718046116,0.020003645118328,0.0200000000155653,0.0200000000123163,0.0200000000122209,0.0200030670027694,0.0200000000123195,0.0200009872950125,-0.7,-0.7,-0.7
292.1166687011719,292.1166687011719,55178400,20220217,TSLA,307.7966613769531,292.1166687011719,0,0.13444585744883145,0.13444444878967934,0.32282933884921045,0.02333773888689687,0.023335387039967764,0.023333333363789066,0.12403023760434011,0.023333343643122836,0.1675764638059919,0.023333850568169768,0.0,0.2732,0.1665
285.6600036621094,285.6600036621094,68501700,20220218,TSLA,292.1166687011719,285.6600036621094,0,0.0500063429922805,0.0500000000191716,0.05002289469511,0.0500000000208073,0.0500000000282951,0.0500057375386779,0.549965024634663,0.0500000000253177,0.0500000000224066,0.05000000002327,0.5719,0.5719,0.5719
273.84332275390625,273.84332275390625,83288100,20220222,TSLA,285.6600036621094,273.84332275390625,0,0.05680317752518508,0.08117874935606069,0.2226943847787581,0.1277540613581851,0.021090873957025857,0.058442126168736,0.18821066836321781,0.06252105215174061,0.05345904741238172,0.1278458589287085,-0.5719,0.5994,0.021471428571428586
254.67999267578125,254.67999267578125,95256900,20220223,TSLA,273.84332275390625,254.67999267578125,0,0.09702351038887996,0.3152860908907674,0.04863153740715662,0.017024914068398,0.0170234878854161,0.05520663479986336,0.29236541270754923,0.01702371864727596,0.12338669745637083,0.0170279957483221,-0.1513,0.8016,0.457
269.9566650390625,269.9566650390625,76067700,20220225,TSLA,266.92333984375,269.9566650390625,1,0.022004151414719463,0.07408564839539872,0.17593214987107048,0.0220042343427269,0.09491953201246613,0.30254168856278607,0.0462478130145518,0.0428380413191758,0.07216839030095486,0.14725835076614932,-0.6597,0.5927,0.2184375
288.1233215332031,288.1233215332031,74766900,20220301,TSLA,290.1433410644531,288.1233215332031,0,0.019763906013400334,0.32725628704905596,0.17147790728250842,0.2697096263288075,0.11297706675421644,0.019766222384494433,0.019761904775952667,0.0197619874879623,0.019761904774148666,0.019763187149452667,-0.5859,0.5423,-0.014533333333333323
293.2966613769531,293.2966613769531,74643300,20220302,TSLA,288.1233215332031,293.2966613769531,1,0.08451576219123536,0.14165768118932,0.2527655473014513,0.14702388621814674,0.02584824901395204,0.07167102784223449,0.03626460091011951,0.0659092582378289,0.07274120336156066,0.1016027837341506,-0.7227,0.8625,0.16708333333333333
279.7633361816406,279.7633361816406,61623600,20220303,TSLA,293.2966613769531,279.7633361816406,0,0.016871333847212285,0.06023460065947801,0.12813497661116677,0.22302009529615077,0.016871834994745264,0.24859330490242335,0.016872134152794958,0.09156156302214118,0.1809682675678533,0.016871888946033614,-0.4284,0.7096,0.0393
279.42999267578125,279.42999267578125,66999600,20220304,TSLA,279.7633361816406,279.42999267578125,0,0.060000000006523654,0.0600004777376628,0.060000000005499,0.0600084701420717,0.0600019107726134,0.16605432091527184,0.06000023821917285,0.0600000000067826,0.0600000000060057,0.3539345821883962,-0.636,0.541,-0.04749999999999999
274.79998779296875,274.79998779296875,80399100,20220308,TSLA,268.1933288574219,274.79998779296875,1,0.0500000000156524,0.0500049889127818,0.0500000000131946,0.0500172138883428,0.0500000000181942,0.0500000000144114,0.0500000000142652,0.0500036300129289,0.0500000000143985,0.5499741670958298,-0.5719,-0.5719,-0.5719
286.3233337402344,286.3233337402344,59184000,20220309,TSLA,274.79998779296875,286.3233337402344,1,0.07284600728487299,0.05672947716995632,0.14033015042050884,0.06290917873734424,0.04606459012911586,0.08321262155396492,0.11110036943843293,0.01273304892083712,0.22992045747953788,0.18415409886542838,-0.5233,0.6689,0.16776
265.1166687011719,265.1166687011719,67037100,20220311,TSLA,279.4333190917969,265.1166687011719,0,0.0333333333428459,0.0333333333408245,0.0333333333413442,0.0333333333414552,0.0333333333443942,0.36666194942011,0.3666666467541389,0.0333333333432173,0.033333333342083,0.0333380704295864,0.3182,0.3182,0.3182
255.4566650390625,255.4566650390625,71152200,20220314,TSLA,265.1166687011719,255.4566650390625,0,0.0683545183159782,0.21422709100056875,0.10171777940340603,0.07836399945355366,0.030743454058486958,0.06645753669815051,0.17947160879177182,0.09988520945153012,0.07836177426893098,0.08241702855762258,-0.7385,0.8074,0.10711428571428572
267.2966613769531,267.2966613769531,66841200,20220315,TSLA,255.4566650390625,267.2966613769531,1,0.03208478278706638,0.15042608224930576,0.03208338116916435,0.09012318111097413,0.0990433458137217,0.20707785156217412,0.08208407001016399,0.03208617161964887,0.032083957993460796,0.2429071756843195,0.0,0.9253,0.250575
280.07666015625,280.07666015625,84028800,20220316,TSLA,267.2966613769531,280.07666015625,1,0.006671426895217,0.0066697765571016,0.4142469012026821,0.0066683010162734,0.0066667128274766,0.1510921633879608,0.2209534403641278,0.0066666666762536,0.1736941750918791,0.0066704359810275,0.875,0.875,0.875
290.5333251953125,290.5333251953125,66582900,20220317,TSLA,280.07666015625,290.5333251953125,1,0.0180303540458964,0.0180306450558864,0.078437624647986,0.17631523886754555,0.01803034567962873,0.1690322514875325,0.018032344857857166,0.2180271698000601,0.26803013101153234,0.018033894546074365,0.0,0.7703,0.48633333333333334
301.7966613769531,301.7966613769531,100414200,20220318,TSLA,290.5333251953125,301.7966613769531,1,0.0617105932445421,0.01191287971332182,0.21974930844325166,0.07273373110906846,0.04127263877985934,0.011913332969126101,0.10582399692276365,0.2923710479157132,0.0954474235780903,0.08706504732426287,-0.623,0.8883,0.06281999999999999
307.0533447265625,307.0533447265625,81981600,20220321,TSLA,301.7966613769531,307.0533447265625,1,0.15908070517610606,0.01699816506828025,0.05830320239997518,0.016998405443891283,0.05454550323063038,0.14480247884533806,0.23533125921380374,0.06066364046935668,0.1475898033491472,0.10568683680347075,-0.6948,0.7495,0.12861666666666668
337.97332763671875,337.97332763671875,68920800,20220324,TSLA,333.03668212890625,337.97332763671875,1,0.0279166666857156,0.027921092148772524,0.027916666682718527,0.11124560683122786,0.11125005016521655,0.027917497791491174,0.1112499260834573,0.027918892028701923,0.027917915420146253,0.49874568616255177,-0.4019,0.0,-0.195925
336.8800048828125,336.8800048828125,62031600,20220325,TSLA,337.97332763671875,336.8800048828125,0,0.12582058203060548,0.2712005800245354,0.02440719182500275,0.12456198471167187,0.024404796851954624,0.18150726886916302,0.0244049124977105,0.02440522034787545,0.17488025499430435,0.024407207847176,-0.3802,0.5574,0.216425
363.9466552734375,363.9466552734375,102506100,20220328,TSLA,336.8800048828125,363.9466552734375,1,0.01783362206555322,0.01783390199794454,0.01783343364026326,0.06575768789536116,0.0511668693906537,0.17215190185469792,0.12156507657824649,0.01783456132181766,0.29004352184280036,0.2279794234126613,-0.3314,0.7777,0.31976
366.5233459472656,366.5233459472656,73614900,20220329,TSLA,363.9466552734375,366.5233459472656,1,0.048520383915196634,0.30063180808099227,0.10817561838734904,0.06008024328077426,0.0695280387777799,0.0536325509514241,0.15024187383655999,0.08457855959313268,0.02766089791203199,0.0969500252647588,0.0,0.9127,0.4883
364.663330078125,364.663330078125,59865000,20220330,TSLA,366.5233459472656,364.663330078125,0,0.18489904576569224,0.2941557378816235,0.15540133013042412,0.022324549643298122,0.022326048494080125,0.1066000025046599,0.14731724509220998,0.02232495075672475,0.022328654662054026,0.02232243506923285,-0.1779,0.8516,0.168425
359.20001220703125,359.20001220703125,48992700,20220331,TSLA,364.663330078125,359.20001220703125,0,0.017859722342900633,0.11309335865141083,0.16071272009903045,0.26785374252845595,0.017857426490576766,0.06778209114094846,0.017862231363101666,0.017857142877140866,0.30126442163089945,0.017857142875534433,-0.34,0.7551,0.29129999999999995
381.8166809082031,381.8166809082031,82035900,20220404,TSLA,361.5299987792969,381.8166809082031,1,0.5249870915496989,0.0250000000303554,0.025007420957936,0.0250147140382046,0.0250000000448087,0.0250000000355425,0.0250000000351558,0.0250000000400445,0.27499077323143,0.0250000000368232,0.0,0.0,0.0
363.7533264160156,363.7533264160156,80075100,20220405,TSLA,381.8166809082031,363.7533264160156,0,0.027786321212236467,0.47040842532439253,0.24999836799956585,0.027778029669396433,0.027778171846542365,0.027779403694825636,0.08513418379844846,0.027778228228600804,0.027779605271382235,0.02777926295460863,-0.5819,0.5255,-0.08556666666666668
348.586669921875,348.586669921875,89348400,20220406,TSLA,363.7533264160156,348.586669921875,0,0.09158068675300232,0.018174331206535152,0.07260283801669686,0.10624597983411753,0.018174361136962774,0.03740435138911352,0.33017635467842554,0.10179717202813986,0.2056690884167844,0.018174836540221673,0.0,0.6996,0.1942
352.4200134277344,352.4200134277344,79447200,20220407,TSLA,348.586669921875,352.4200134277344,1,0.017045454556696947,0.01704552810699095,0.16024834199737115,0.2670456060956842,0.01704607299292065,0.1834636383365861,0.017047275434323002,0.01704560483060065,0.286967023092628,0.017045454556197902,0.0,0.8439,0.42195
341.8299865722656,341.8299865722656,55013700,20220408,TSLA,352.4200134277344,341.8299865722656,0,0.020680803691453743,0.07129479213553812,0.16249696564596056,0.10434492899705268,0.020680469657968357,0.1992489760778072,0.11771697951257187,0.02068042505014537,0.2621751702455554,0.020680488985946273,-0.3164,0.4738,0.18245714285714287
328.3333435058594,328.3333435058594,58422300,20220414,TSLA,340.7900085449219,328.3333435058594,0,0.05493224880160808,0.27670811768720427,0.019218798755618157,0.07617276076438194,0.0376787934583972,0.06426221720277482,0.09064805322512055,0.16079983660008196,0.1263597642111121,0.09321940929370047,-0.4404,0.8053,0.12241428571428571
334.7633361816406,334.7633361816406,51715200,20220418,TSLA,328.3333435058594,334.7633361816406,1,0.06355920343727144,0.4449998684503053,0.0283333475933501,0.1551572911604388,0.02833339973061233,0.028335639830171195,0.09840139497435614,0.028333333350449935,0.09621253920929536,0.028333982263749034,0.2023,0.8588,0.6004333333333333
342.7166748046875,342.7166748046875,49847700,20220419,TSLA,334.7633361816406,342.7166748046875,1,0.0200000000022578,0.0200004770109571,0.0200000000019029,0.0200006955586122,0.0200004033678243,0.0200000000020771,0.0200038591477255,0.8199945649044045,0.0200000000020784,0.0200000000021599,0.0258,0.0258,0.0258
325.7333374023437,325.7333374023437,70711200,20220420,TSLA,342.7166748046875,325.7333374023437,0,0.0142857142871736,0.0142857142868643,0.014285714286944,0.0142857142869611,0.8714285714165579,0.0142857142870568,0.0142857142870436,0.0142857142872314,0.0142857142870577,0.0142857142871091,0.0,0.0,0.0
336.260009765625,336.260009765625,105416400,20220421,TSLA,325.7333374023437,336.260009765625,1,0.07495005647153455,0.07167017192361906,0.2179361499383591,0.04846472430427501,0.03378771218246515,0.16100675373450224,0.07410122109733969,0.12481912010912455,0.08266546076654205,0.11059862947223821,-0.7574,0.7495,-0.04312608695652173
335.01666259765625,335.01666259765625,69696600,20220422,TSLA,336.260009765625,335.01666259765625,0,0.02916666669341595,0.029179384140973104,0.3624280549495769,0.029183997149206352,0.02917831249301085,0.02917069794517125,0.2544981918059464,0.029167066156943148,0.0291711635539562,0.17885646511179956,-0.1027,0.4199,0.1586
332.67333984375,332.67333984375,68341200,20220425,TSLA,335.01666259765625,332.67333984375,0,0.019822123218224175,0.3499747830521791,0.07716433353343839,0.0198233970962775,0.019822567007017976,0.019822784291890126,0.0198222048070066,0.1624899257195559,0.2557213953296995,0.055536485944710376,-0.4184,0.5859,0.035425
292.1400146484375,292.1400146484375,136133700,20220426,TSLA,332.67333984375,292.1400146484375,0,0.019451579941000073,0.15577946443692597,0.035323502322545684,0.08894631739147958,0.019451339879746586,0.01945179044884624,0.01945062875308343,0.06706950887621851,0.30804942747175446,0.267026440478399,0.0,0.5118,0.3070428571428572
293.836669921875,293.836669921875,76956300,20220427,TSLA,292.1400146484375,293.836669921875,1,0.0658321174726217,0.18249949815594357,0.018214724603613446,0.1432120751080306,0.053928730213708455,0.042025128321722956,0.07535734171060693,0.10393060674171738,0.2205954703670195,0.09440430730501496,-0.1779,0.6124,0.1569857142857143
292.5033264160156,292.5033264160156,124948500,20220428,TSLA,293.836669921875,292.5033264160156,0,0.13449399924271324,0.24802445982719773,0.06957978072870498,0.046994197224901516,0.04699429994316915,0.0469942602723747,0.07199447333488118,0.0469940476323084,0.12824389137291126,0.1596865904208376,-0.5848,0.8555,0.15863750000000001
290.2533264160156,290.2533264160156,88133100,20220429,TSLA,292.5033264160156,290.2533264160156,0,0.029109979291099257,0.2211714402337235,0.22200401442724513,0.13938481066543076,0.029109160724785168,0.18722730456218145,0.029110667815156435,0.05688681972890445,0.056886314372163974,0.029109488179309466,-0.7096,0.6956,0.0773888888888889
300.9800109863281,300.9800109863281,75781500,20220502,TSLA,290.2533264160156,300.9800109863281,1,0.20833873824590113,0.07583422677212079,0.10867793259953307,0.18548039997638038,0.07583311344565344,0.02583510876641234,0.025833899419097063,0.025833607414343394,0.07583342514463984,0.19249954821591814,-0.6996,0.3612,-0.015339999999999998
303.0833435058594,303.0833435058594,63709500,20220503,TSLA,300.9800109863281,303.0833435058594,1,0.022384612235361274,0.23744635763077726,0.056173272740148605,0.07432054690656874,0.05156625540972098,0.10155019587146395,0.1263770881139357,0.09861016371465887,0.02238475047581621,0.20918675690154798,-0.296,0.8283,0.28418333333333334
317.5400085449219,317.5400085449219,81643800,20220504,TSLA,303.0833435058594,317.5400085449219,1,0.0090909091074142,0.0090934347133207,0.0090910023721826,0.0090909091049983,0.0090909091100873,0.0090932871388119,0.281818328160332,0.5545414441107755,0.009090909106087,0.0999988670759901,0.8122,0.8122,0.8122
291.09332275390625,291.09332275390625,92519100,20220505,TSLA,317.5400085449219,291.09332275390625,0,0.016668148411976,0.0166666666706373,0.016666666670915,0.0166666666709731,0.0166666666725314,0.0166670651781963,0.0166666666712568,0.0166666666719065,0.8499981197101242,0.0166666666714829,0.0,0.0,0.0
288.54998779296875,288.54998779296875,72903000,20220506,TSLA,291.09332275390625,288.54998779296875,0,0.07064011184292429,0.12883594539907858,0.06226978273898614,0.1384370987483492,0.04558090240969315,0.14626768593156494,0.10104248141183401,0.13208852315421976,0.05385802635063343,0.12097944201271608,-0.4588,0.9134,0.21088888888888888
262.3699951171875,262.3699951171875,90810300,20220509,TSLA,288.54998779296875,262.3699951171875,0,0.13386388594995438,0.1436828784482986,0.08377465284143085,0.11268158154828462,0.027803419589221865,0.13380350484499148,0.09069828075936798,0.08234836136876271,0.03537872082539579,0.1559647138242913,-0.6289,0.7717,-0.0525181818181818
266.67999267578125,266.67999267578125,84401700,20220510,TSLA,262.3699951171875,266.67999267578125,1,0.0166686649396046,0.0166667966835358,0.0166711467004885,0.0166710213901534,0.0166666666766937,0.0166666666745973,0.8499882472941904,0.0166667199963841,0.016667402969446,0.0166666666749059,0.5859,0.5859,0.5859
244.6666717529297,244.6666717529297,97224600,20220511,TSLA,266.67999267578125,244.6666717529297,0,0.020626545444631127,0.19618156560763558,0.2950708769247703,0.0206279157589069,0.14562461367693158,0.1456168525572127,0.05187627075779477,0.020625047671576323,0.08312251109828189,0.0206278005022584,0.0,0.34,0.085
242.6666717529297,242.6666717529297,140313000,20220512,TSLA,244.6666717529297,242.6666717529297,0,0.0279793899116491,0.06369130127921868,0.0994025961987194,0.24840811594780193,0.04719383113827897,0.14702259605747955,0.0755958287262233,0.11570542616171012,0.027976972667509228,0.14702394191140924,-0.1779,0.6486,0.19818571428571427
256.5299987792969,256.5299987792969,92150700,20220513,TSLA,242.6666717529297,256.5299987792969,1,0.02472235566820823,0.33458383763613136,0.024722379067378435,0.0247243973473306,0.024722524052097503,0.13583361085961534,0.13588572846518385,0.1636120353870856,0.02472252301860488,0.10647060849836376,-0.4939,0.4404,-0.058249999999999996
241.4566650390625,241.4566650390625,86098500,20220516,TSLA,256.5299987792969,241.4566650390625,0,0.12302045755845499,0.1633370933383327,0.030000450204750635,0.10138254051876246,0.09666588231855283,0.13226450709969365,0.19665687515288124,0.09666924214177847,0.030002456950268732,0.0300004947165237,0.0,0.7712,0.3081
253.8699951171875,253.8699951171875,80236200,20220517,TSLA,241.4566650390625,253.8699951171875,1,0.03537463679983,0.35741937008218116,0.062278090420117796,0.18707539052821837,0.03537511147883928,0.1403555388114622,0.035374540173777384,0.0353755798911148,0.0477625433326989,0.06360919848175964,-0.296,0.9153,0.32335714285714284
236.60333251953125,236.60333251953125,87811800,20220518,TSLA,253.8699951171875,236.60333251953125,0,0.09391900660938465,0.1671374695650284,0.18183935441412868,0.11706809314002557,0.12447554651320848,0.06151240466839395,0.03682115482262738,0.04916722025489408,0.024475974517564145,0.1435837754947442,-0.8777,0.7177,-0.14568888888888887
236.47332763671875,236.47332763671875,90296700,20220519,TSLA,236.60333251953125,236.47332763671875,0,0.043542571721583094,0.13153475950506868,0.10701897549123547,0.16240964771372807,0.21809571296048771,0.1756951385172261,0.020101628092058454,0.03933220065876422,0.020103723570037587,0.08216564176981021,-0.6904,0.7783,0.2872230769230769
221.3000030517578,221.3000030517578,144973200,20220520,TSLA,236.47332763671875,221.3000030517578,0,0.041889406434872316,0.13101539261604006,0.15346671325032624,0.060973675117360904,0.04846428002162423,0.06126080090623955,0.05540960684000352,0.22362585113999428,0.041976257513847814,0.18191801615969064,-0.8696,0.807,0.1406894736842105
224.96665954589844,224.96665954589844,88903500,20220523,TSLA,221.3000030517578,224.96665954589844,1,0.023453048838375762,0.023454336762477563,0.13933604745873518,0.1430937386579568,0.10637987428926209,0.3579687613394142,0.09012000733859254,0.04845266104942667,0.044286643254935344,0.023454881010823426,-0.1655,0.6361,0.2099875
209.3866729736328,209.3866729736328,89092500,20220524,TSLA,224.96665954589844,209.3866729736328,0,0.01855759182898095,0.38008907263177477,0.13358967661879168,0.0185590675754268,0.018557340284594763,0.22918447782792922,0.0185584171113505,0.1123039748624659,0.018556547627569513,0.05204383363111548,-0.765,0.5267,-0.0734125
219.6000061035156,219.6000061035156,92139300,20220525,TSLA,209.3866729736328,219.6000061035156,1,0.017011149963399183,0.06462979198961281,0.22408665482563364,0.04081888468497096,0.017010927398055667,0.25012669318191394,0.0170118526378637,0.05872858011009755,0.19516934044979029,0.11540612475866185,-0.296,0.8122,0.22053333333333333
235.91000366210935,235.91000366210935,106003200,20220526,TSLA,219.6000061035156,235.91000366210935,1,0.10337755528049473,0.18915320080899925,0.11025087145490736,0.09220742873990309,0.06469609763286632,0.11056105051062803,0.04497341395502587,0.14349593188990084,0.05599701467773652,0.0852874350495376,-0.7506,0.5994,0.0207875
253.2100067138672,253.2100067138672,89295000,20220527,TSLA,235.91000366210935,253.2100067138672,1,0.07111458191601513,0.1518696062412083,0.057661529087077355,0.06913048657125184,0.04181354404015186,0.1738085056035643,0.05403245687549748,0.12626331083186648,0.1632630093887291,0.0910429694446377,-0.8255,0.7901,0.13185714285714287
252.7533264160156,252.7533264160156,101914500,20220531,TSLA,253.2100067138672,252.7533264160156,0,0.02320934711963497,0.15979006642775875,0.10703250748717909,0.13049334310396082,0.08273341181232377,0.10809677450300283,0.10383952158273305,0.11041907527485025,0.052970878486039936,0.12141507420251614,-0.1779,0.9192,0.3599
246.7899932861328,246.7899932861328,77247900,20220601,TSLA,252.7533264160156,246.7899932861328,0,0.2008007224403438,0.13109206307206586,0.11106379013518056,0.07250104211043382,0.06857371303096793,0.04750092585057481,0.022501013110072837,0.02250040377213615,0.24499966200226972,0.07846666447595414,0.0,0.7642,0.3469375
258.3333435058594,258.3333435058594,93473100,20220602,TSLA,246.7899932861328,258.3333435058594,1,0.1943612480957326,0.20353865033303217,0.14898023365875462,0.018426483435877165,0.10682938811833376,0.13902560104443687,0.03934644138119782,0.05708416324105343,0.018427364930188716,0.0739804257613924,-0.296,0.7671,0.23399999999999999
234.51666259765625,234.51666259765625,112393800,20220603,TSLA,258.3333435058594,234.51666259765625,0,0.0246757328653746,0.09468841227288126,0.189454109790189,0.28057183262492635,0.053583425869938014,0.024675582554537383,0.15800830754931622,0.04481287893029174,0.0246753246947432,0.10485439284780174,0.0,0.9168,0.6338199999999999
238.27999877929688,238.27999877929688,84204600,20220606,TSLA,234.51666259765625,238.27999877929688,1,0.08482278692828646,0.14660664447674834,0.031719583913101895,0.14282886490857463,0.1057944867187253,0.08727477943427668,0.1576460829691488,0.031720704383128455,0.0317201171903106,0.1798659490776984,-0.8436,0.8306,-0.07473333333333335
238.8866729736328,238.8866729736328,72808500,20220607,TSLA,238.27999877929688,238.8866729736328,1,0.0166666666849444,0.016667820089983,0.2916995300642916,0.4076031213745295,0.016667631607442,0.0166666666834786,0.0166672981408694,0.1840276498923668,0.0166669487779585,0.0166666666841356,0.0,0.0,0.0
241.86666870117188,241.86666870117188,76210500,20220608,TSLA,238.8866729736328,241.86666870117188,1,0.025694509250653023,0.025694444462860448,0.08125312582044238,0.05347201654424635,0.08819538143445245,0.1704588215555162,0.02569444446573255,0.02569444446881903,0.41564802265236894,0.08819478934490821,-0.6114,0.5423,-0.017275000000000013
239.7066650390625,239.7066650390625,96491400,20220609,TSLA,241.86666870117188,239.7066650390625,0,0.03542012368886325,0.07708348935422252,0.0354166666960352,0.07708335550373363,0.03541872664013805,0.035418503579580075,0.07708390829487617,0.0354206174991389,0.24374684120119827,0.3479077675422136,-0.5719,0.8402,0.30385
232.22999572753903,232.22999572753903,97536600,20220610,TSLA,239.7066650390625,232.22999572753903,0,0.08779547252774778,0.0633105951185672,0.09525199525701811,0.05136701198936425,0.17851467622527867,0.20023026302761043,0.08923591741702572,0.07812033340856774,0.1336068002431154,0.022566934785704214,-0.704,0.6588,-0.11589999999999999
215.73666381835935,215.73666381835935,102767400,20220613,TSLA,232.22999572753903,215.73666381835935,0,0.0200004404512975,0.0200000000162805,0.0200000000174219,0.0200071070724094,0.020000522037319,0.0200000000190155,0.3792604202335562,0.0200000000214904,0.2502285184948591,0.2305029916363499,-0.2003,-0.2003,-0.2003
220.88999938964844,220.88999938964844,97988700,20220614,TSLA,215.73666381835935,220.88999938964844,1,0.1054947379068497,0.020952895161978288,0.020955845243551,0.15323566911480338,0.2569716541594435,0.23008186839439937,0.06611486674994654,0.02095328307414861,0.04873009640331387,0.07650908379156533,-0.5267,0.6486,0.11283333333333331
233.0,233.0,119131800,20220615,TSLA,220.88999938964844,233.0,1,0.10204988123708131,0.049963033105076785,0.08469587584950042,0.07559569974095043,0.120568976986035,0.027978470315296346,0.2607702576086788,0.06501541802661803,0.11130966978774623,0.10205271734301623,-0.5652,0.8834,0.11289999999999997
213.1000061035156,213.1000061035156,107390700,20220616,TSLA,233.0,213.1000061035156,0,0.042708910968009356,0.12604359258870934,0.1260406642499498,0.16387770824049577,0.04270833335117773,0.19416826904811935,0.12888283653825847,0.04270833334928315,0.09014733164213246,0.042714020023864305,-0.2732,0.8016,0.278575
216.75999450683597,216.75999450683597,92641800,20220617,TSLA,213.1000061035156,216.75999450683597,1,0.0198614033899495,0.01986155461142487,0.08652683169325039,0.019861116908355434,0.019861441509439567,0.3681694499411771,0.130968940878583,0.019861111133975203,0.29516701917776417,0.019861130756080498,0.0,0.5499,0.18330000000000002
237.0366668701172,237.0366668701172,122793000,20220621,TSLA,216.75999450683597,237.0366668701172,1,0.0166666666881708,0.0166705814921175,0.0166666666847823,0.349999351865881,0.1833313059950109,0.1833324602205227,0.0166680818159578,0.0166666666890322,0.0166698732582255,0.1833283452902989,-0.1761,-0.1761,-0.1761
233.0666656494141,233.0666656494141,84581100,20220705,TSLA,227.26333618164065,233.0666656494141,1,0.060926577204040745,0.07018592594198815,0.10722006140810399,0.2051329230496243,0.03314929664297894,0.051669851172839475,0.05537139883980849,0.13499901314057305,0.05949854935954605,0.22184640324049645,-0.6378,0.9458,0.20417777777777776
231.73333740234372,231.73333740234372,71853600,20220706,TSLA,233.0666656494141,231.73333740234372,0,0.10805622366829702,0.10725648618566747,0.16638511464621625,0.024723045835646218,0.024722289648701237,0.33861309579826065,0.058056376743022914,0.06718820374622167,0.024722433845609553,0.08027672988235653,-0.3182,0.636,0.1990333333333333
244.5433349609375,244.5433349609375,81930600,20220707,TSLA,231.73333740234372,244.5433349609375,1,0.17392663053728416,0.13803900930099283,0.05818307311273328,0.12515025174823818,0.01972276068273833,0.2819034087596472,0.034472783102073745,0.07070910383229886,0.07817032772464089,0.019722651199352084,-0.685,0.8356,0.07283846153846155
250.76333618164065,250.76333618164065,101854200,20220708,TSLA,244.5433349609375,250.76333618164065,1,0.14621722504363127,0.17252977584456441,0.06257990626621326,0.08804105377489244,0.04404704068029082,0.04867481153769496,0.12113283209962074,0.1180391777944054,0.08355261543996544,0.11518556151872077,-0.7717,0.8807,0.015959999999999995
234.3433380126953,234.3433380126953,99241200,20220711,TSLA,250.76333618164065,234.3433380126953,0,0.16902413553040124,0.05772133387988464,0.06455112891288049,0.11237534862971872,0.11521368760663957,0.30005444431717454,0.03471405531186888,0.07110245705467698,0.03968892941301618,0.03555447934373836,-0.5859,0.5994,0.26664000000000004
233.07000732421875,233.07000732421875,87930900,20220712,TSLA,234.3433380126953,233.07000732421875,0,0.0868335403847414,0.19153078608765162,0.08580128918198188,0.14354090272470585,0.13100494963222162,0.05739144021976431,0.028175790357732784,0.0639835802295267,0.1300516286937876,0.08168609248788589,-0.7579,0.7906,0.15167999999999998
237.0399932861328,237.0399932861328,97954500,20220713,TSLA,233.07000732421875,237.0399932861328,1,0.20658824384449534,0.022321562717655348,0.06986233158909842,0.18898124573191075,0.062123674888813596,0.20981821636500494,0.022322733359513076,0.10061615724299745,0.09504422898265584,0.0223216052778548,0.0,0.75,0.543975
238.31333923339844,238.31333923339844,78557400,20220714,TSLA,237.0399932861328,238.31333923339844,1,0.09722199245860545,0.3191126501286014,0.15310254152966327,0.09722180103495434,0.013889016779081251,0.01388984556114915,0.0138914049711804,0.013889695035487901,0.263890394349632,0.01389065815164435,0.0,0.6369,0.31845
240.0666656494141,240.0666656494141,69683100,20220715,TSLA,238.31333923339844,240.0666656494141,1,0.2812960859648206,0.08774155568512884,0.07043725006663536,0.05166861265655212,0.03961166246110832,0.16218973896100244,0.07295406988366152,0.06383345183719927,0.12102475818459552,0.049242814299295584,-0.78,0.8107,0.18079230769230767
240.54666137695312,240.54666137695312,82537500,20220718,TSLA,240.0666656494141,240.54666137695312,1,0.02120241335836801,0.03707240962218389,0.11241167947033778,0.05022541557107148,0.05929396504000792,0.20058082792923987,0.05823741060204411,0.10870603429061415,0.18098778836599078,0.17128205575014166,-0.25,0.6665,0.30504444444444445
245.52999877929688,245.52999877929688,80890200,20220719,TSLA,240.54666137695312,245.52999877929688,1,0.23837643334159825,0.013730719264604199,0.0137393779149246,0.05608495955147867,0.013731529533942851,0.21963568825048063,0.3535106315619069,0.013730356242658125,0.06372958014350948,0.013730724194896024,0.0,0.5707,0.216675
271.7066650390625,271.7066650390625,142032300,20220721,TSLA,247.5,271.7066650390625,1,0.19167140875059416,0.025000000022794833,0.025000000024375763,0.025001222152777235,0.025001003727584167,0.2749974360969421,0.025000000026349032,0.10833407447017053,0.1916651453451416,0.10832970938327009,-0.2168,0.8074,0.3871
272.24334716796875,272.24334716796875,103472700,20220722,TSLA,271.7066650390625,272.24334716796875,1,0.1204803072829692,0.017857934911674634,0.017858035411088567,0.07345391219084313,0.017858545539738032,0.16522899582274866,0.017859792514705167,0.017857159798141033,0.5336878367160193,0.017857479812071836,0.4939,0.6369,0.5807333333333333
268.4333190917969,268.4333190917969,64073400,20220725,TSLA,272.24334716796875,268.4333190917969,0,0.03193635900842437,0.07156141748405714,0.12767664511061347,0.13379997425136905,0.08122886233866566,0.10624537369366069,0.08487982268734268,0.10699125574275214,0.019116866386109852,0.23656342329700453,-0.8389,0.7717,-0.0028846153846153744
258.8599853515625,258.8599853515625,66820800,20220726,TSLA,268.4333190917969,258.8599853515625,0,0.016666666678873,0.0166692564290716,0.3719325413413237,0.1833304448360609,0.0166666666808523,0.0166702363174292,0.3280511299409809,0.0166690934452018,0.0166666666778941,0.016677297652312,-0.7579,-0.7579,-0.7579
274.82000732421875,274.82000732421875,88110000,20220727,TSLA,258.8599853515625,274.82000732421875,1,0.018889248675495966,0.060556278055171164,0.01888902423476435,0.09821458469849936,0.07444506106382077,0.1438886980491621,0.018888944817748984,0.1522218302727518,0.0355553539737912,0.3784509761587939,-0.3595,0.7768,0.12258333333333334
280.8999938964844,280.8999938964844,84723000,20220728,TSLA,274.82000732421875,280.8999938964844,1,0.0250005632370001,0.0250000000351465,0.0250000000375746,0.2749988400099172,0.0250027413693466,0.2749994482046022,0.025000380849448,0.0250000000463664,0.0250000000410452,0.2749980261695527,0.4019,0.4019,0.4019
297.1499938964844,297.1499938964844,95313000,20220729,TSLA,280.8999938964844,297.1499938964844,1,0.17682862691649393,0.20277709481636222,0.03611310660714314,0.14538386415670607,0.0361157473511364,0.036112398227853004,0.0361174316336246,0.03611111112071793,0.25832808321278894,0.036112535957173265,0.0,0.7843,0.47176666666666667
297.27667236328125,297.27667236328125,117042900,20220801,TSLA,297.1499938964844,297.27667236328125,1,0.013334258980272951,0.013334692027774049,0.01333421723358675,0.09666459223942185,0.01333500650620285,0.17837695464597575,0.01333433947656635,0.07860587635659434,0.0133353418453648,0.5663447206882398,-0.4939,0.8268,0.16645
300.586669921875,300.586669921875,95577600,20220802,TSLA,297.27667236328125,300.586669921875,1,0.0333380052581486,0.0333333333353121,0.0333333333354493,0.0333341712820786,0.0333392692509812,0.6999786480182084,0.0333333333356224,0.0333333333359444,0.0333432395125209,0.0333333333357338,0.7684,0.7684,0.7684
308.6333312988281,308.6333312988281,72256200,20220804,TSLA,307.39666748046875,308.6333312988281,1,0.017142857152983602,0.01714299306756125,0.0171473794611605,0.0171447932951327,0.11570145427737515,0.01714285715215615,0.017144120713077,0.4171422215414475,0.3471484661865893,0.0171428571525164,-0.2081,0.0,-0.10405
288.1700134277344,288.1700134277344,113172900,20220805,TSLA,308.6333312988281,288.1700134277344,0,0.18832642975009564,0.19333321508858836,0.02666666670782855,0.1933309670669608,0.1577564953619097,0.0266666667115884,0.0266666667111774,0.13391656961829246,0.0266696562702068,0.02666666671335155,0.0,0.6705,0.33525
290.42333984375,290.42333984375,98994000,20220808,TSLA,288.1700134277344,290.42333984375,1,0.0333374657353473,0.0333333333758296,0.0333333333788206,0.3666601846354214,0.0333333333960381,0.0333333333829209,0.0333398007448361,0.0333333333894174,0.3666625485764723,0.0333333333848958,0.8381,0.8381,0.8381
283.3333435058594,283.3333435058594,86244600,20220809,TSLA,290.42333984375,283.3333435058594,0,0.0225000000104621,0.02250017201159775,0.02250600403764915,0.32012615208005424,0.02250000001216885,0.022509466427375648,0.397485798445348,0.022500070551612253,0.12487233641373295,0.0225000000099986,0.0,0.0,0.0
294.3566589355469,294.3566589355469,94918800,20220810,TSLA,283.3333435058594,294.3566589355469,1,0.17737947113787872,0.03490946581885954,0.15132528294331293,0.0148199859040271,0.07409994211435031,0.08333439608825191,0.10027367553746758,0.05199418143981621,0.297044698724169,0.014818900291866319,-0.34,0.6124,0.11128
286.6300048828125,286.6300048828125,70155000,20220811,TSLA,294.3566589355469,286.6300048828125,0,0.027085500066999647,0.08958267384158361,0.0895833523021069,0.07691662838160662,0.0270840626285495,0.027083333350047926,0.1937504082678075,0.15208361241198748,0.21458087921017283,0.10224954953913765,-0.6114,0.4215,-0.132475
300.0299987792969,300.0299987792969,79657200,20220812,TSLA,286.6300048828125,300.0299987792969,1,0.0200144699941432,0.4199874964333123,0.0200000000183246,0.0200003752666501,0.0200000000253105,0.4199963862042418,0.0200000000198337,0.0200000000226558,0.0200000000200568,0.0200012719954707,0.4926,0.4926,0.4926
309.32000732421875,309.32000732421875,89359200,20220815,TSLA,300.0299987792969,309.32000732421875,1,0.0166667865962025,0.0166666666745416,0.3563227333238417,0.5103420027814891,0.01666666667829,0.0166666666758596,0.0166683051818554,0.0166666666770536,0.0166668387346484,0.0166666666762176,0.8268,0.8268,0.8268
306.5633239746094,306.5633239746094,88136400,20220816,TSLA,309.32000732421875,306.5633239746094,0,0.025004195219620946,0.0250013304296342,0.025000000018301702,0.2935633111789241,0.02500052955351635,0.02500000001996045,0.5064306335167473,0.0250000000225756,0.0250000000199824,0.025000000020736553,0.0,0.8748,0.4374
303.9966735839844,303.9966735839844,68766000,20220817,TSLA,306.5633239746094,303.9966735839844,0,0.1342289380682609,0.23809372028780285,0.03809667952317194,0.19287966835211107,0.0950371383237258,0.08571474765163342,0.06190536701948856,0.03809540873351373,0.03809537270896997,0.07785295933132134,-0.4215,0.5417,-0.05494285714285715
302.8699951171875,302.8699951171875,47500500,20220818,TSLA,303.9966735839844,302.8699951171875,0,0.06511888629013067,0.10565493991240775,0.3643058051884177,0.067851619851111,0.022321428587819776,0.022323068429483922,0.16640906287471344,0.1056547614487452,0.05803685020180757,0.022323577215362624,-0.296,0.6113,0.132425
296.6666564941406,296.6666564941406,61395300,20220819,TSLA,302.8699951171875,296.6666564941406,0,0.07657195814754102,0.14565560274206918,0.017839191866939982,0.01783886337103782,0.017838002730046782,0.2597302466202125,0.1195316879824478,0.017839576290632767,0.18375926070993145,0.1433956095391403,-0.1027,0.6114,0.22821666666666665
289.913330078125,289.913330078125,55843200,20220822,TSLA,296.6666564941406,289.913330078125,0,0.28508254285215634,0.09783114047948539,0.0213901913233262,0.10718195891138031,0.02138929235070834,0.11275185986066967,0.06763233533810589,0.021388888906514462,0.1568719353826688,0.10847985459498403,0.0,0.9595,0.4202199999999999
296.4533386230469,296.4533386230469,63984900,20220823,TSLA,289.913330078125,296.4533386230469,1,0.026111571500454265,0.5427723368225333,0.0261116093870964,0.026111958559268466,0.0261128158216985,0.13722217684629093,0.1372207770619635,0.026113816894730236,0.026111111117897035,0.02611182598806683,-0.2732,0.5106,0.06223333333333334
297.0966796875,297.0966796875,57259800,20220824,TSLA,296.4533386230469,297.0966796875,1,0.024078008303119902,0.45312010429627775,0.14083559732927386,0.0240746829575479,0.024080374965759033,0.0240795001031731,0.07085516954043236,0.024074348823778968,0.19072771095554297,0.024074502725093833,-0.6682,0.711,0.01426666666666665
296.07000732421875,296.07000732421875,53230000,20220825,TSLA,297.0966796875,296.07000732421875,0,0.02083686000990395,0.29234762210283355,0.020834458372762002,0.020841040745797852,0.0208388812777891,0.02083690838428455,0.2528759519670385,0.020834981140670103,0.1659859308066482,0.16376736519227167,0.0,0.0,0.0
288.0899963378906,288.0899963378906,57163900,20220826,TSLA,296.07000732421875,288.0899963378906,0,0.14740916187373487,0.17637515061408254,0.11112220967433885,0.1208230808810484,0.035922938718038776,0.27410586355101196,0.018067045787685563,0.018065926292877062,0.04029628773158731,0.05781233487559427,-0.7003,0.7845,-0.08499999999999999
284.82000732421875,284.82000732421875,41864700,20220829,TSLA,288.0899963378906,284.82000732421875,0,0.16400260265507918,0.36705145840124764,0.0116907259813945,0.0848982239222026,0.11261213389241541,0.0116893755918868,0.01169126924813875,0.0596826804231783,0.0740911515364638,0.1025903783479925,0.1901,0.7506,0.47035000000000005
277.70001220703125,277.70001220703125,50541800,20220830,TSLA,284.82000732421875,277.70001220703125,0,0.146022877836347,0.02102272728533735,0.02102273516749295,0.09042323199017765,0.021022785132457825,0.26968439253908116,0.36773215289901534,0.021022727289369623,0.021023594825336903,0.021022775035383752,0.0,0.7003,0.327925
275.6099853515625,275.6099853515625,52107300,20220831,TSLA,277.70001220703125,275.6099853515625,0,0.016666698170363,0.0166669025241618,0.0166669828513753,0.0166666666677912,0.0166667196961571,0.0166677065337196,0.0166693724836221,0.0166666666680348,0.8499956177131648,0.0166666666916098,0.0,0.0,0.0
274.4200134277344,274.4200134277344,55860000,20220906,TSLA,270.2099914550781,274.4200134277344,1,0.025137446649150515,0.1526798476466229,0.12790173663720092,0.1631877349145284,0.19112058939510498,0.025139880846110515,0.1917980603914836,0.025137940618489445,0.025137247495859112,0.07275951540544918,-0.886,0.5719,-0.06095714285714286
283.70001220703125,283.70001220703125,50028900,20220907,TSLA,274.4200134277344,283.70001220703125,1,0.2162433498811082,0.01625058058235565,0.38767040772398087,0.1536184014316654,0.0162512565967441,0.01625459722150505,0.01625107926546595,0.01625002998881835,0.14496023260298285,0.0162500647053732,-0.1531,0.4215,0.13419999999999999
289.260009765625,289.260009765625,53713100,20220908,TSLA,283.70001220703125,289.260009765625,1,0.2714601440316821,0.08534778620635484,0.07064035894999841,0.10561988962443991,0.04505204138646635,0.09381662767420064,0.1611493950468371,0.04571859441423665,0.06205186873399828,0.05914329393178521,-0.8074,0.9413,0.25991875
299.67999267578125,299.67999267578125,54338100,20220909,TSLA,289.260009765625,299.67999267578125,1,0.029724957717480818,0.1547219266365734,0.08794213341542616,0.1493723186202972,0.029722952813213282,0.029723133353999596,0.16038509143904656,0.029724394225039835,0.08527941502054953,0.24340367675837313,-0.4215,0.1779,-0.08186666666666666
304.4200134277344,304.4200134277344,48674600,20220912,TSLA,299.67999267578125,304.4200134277344,1,0.05775559505031835,0.17314203969202585,0.40793808984321406,0.022041026543975828,0.022042751263148617,0.02204182786063946,0.04828508808289337,0.0891113698945352,0.07172001005570618,0.0859222017135426,-0.7351,0.4926,0.00844285714285714
292.1300048828125,292.1300048828125,68229600,20220913,TSLA,304.4200134277344,292.1300048828125,0,0.030000000035551574,0.4133169420517465,0.03000551524332795,0.16333612804428155,0.11333531667885981,0.030000682083297002,0.030002701472390075,0.03000047801471925,0.0800005482595853,0.08000168811624057,0.0,0.4939,0.352875
302.6099853515625,302.6099853515625,72628700,20220914,TSLA,292.1300048828125,302.6099853515625,1,0.27917112208816885,0.0291666666873472,0.15417044612208386,0.0291666666890925,0.19583345802396174,0.02916666669114505,0.19581616330106533,0.02917370842959975,0.029168435275787948,0.02916666669174725,0.0,0.34,0.17
303.75,303.75,64795500,20220915,TSLA,302.6099853515625,303.75,1,0.0200000000176267,0.2200000941919001,0.2200001908688586,0.4199994811870632,0.020000000020506,0.0200000000162141,0.020000000016059,0.020000000018321,0.0200000000162465,0.0200002336472044,0.4215,0.4215,0.4215
303.3500061035156,303.3500061035156,87087800,20220916,TSLA,303.75,303.3500061035156,0,0.0142885811814806,0.0142881428015205,0.728564809925823,0.0142871199028418,0.0142857142995907,0.1571421837449857,0.0142857142965772,0.0142863052533723,0.0142857142966926,0.0142857142971152,0.7351,0.7351,0.7351
309.07000732421875,309.07000732421875,60231200,20220919,TSLA,303.3500061035156,309.07000732421875,1,0.11866167700218316,0.19974327826406785,0.03131522949190963,0.05681880733660746,0.044333679755455255,0.18856432671649934,0.08800520462609451,0.126766146398215,0.049002251869249676,0.0967893985397177,-0.4404,0.4404,0.05541818181818181
308.7300109863281,308.7300109863281,61642800,20220920,TSLA,309.07000732421875,308.7300109863281,0,0.013888944442697199,0.0972222933867767,0.39332276761010265,0.1805570354785466,0.0724946966266527,0.0138900333402823,0.13140185828698214,0.0138888889052257,0.01388936891255795,0.06944411301017556,0.0,0.6705,0.33525
300.79998779296875,300.79998779296875,62555700,20220921,TSLA,308.7300109863281,300.79998779296875,0,0.14228774864103463,0.09002215536559491,0.10187854641699548,0.07215763336959943,0.1903934058325812,0.06703389165319626,0.1451215388929691,0.04481451985395175,0.09941986042461615,0.04687069954946067,-0.7333,0.9074,0.17378666666666664
288.5899963378906,288.5899963378906,70545400,20220922,TSLA,300.79998779296875,288.5899963378906,0,0.2089912197885009,0.1117531227063185,0.24088211549874092,0.0136507936679585,0.1301203593903512,0.0136549222765757,0.19237161355446694,0.013652589498595033,0.06127137245529287,0.013651891163199134,0.0,0.5106,0.32313333333333333
275.3299865722656,275.3299865722656,63748400,20220923,TSLA,288.5899963378906,275.3299865722656,0,0.026666805143690353,0.026675880278181102,0.02666666667956595,0.026666860337323302,0.026668673798092797,0.7599816069322454,0.026671411920898898,0.02666666668258345,0.026666772866588896,0.0266686553608294,-0.5106,0.1779,-0.16635000000000003
282.94000244140625,282.94000244140625,61925200,20220927,TSLA,276.010009765625,282.94000244140625,1,0.19372289651049934,0.029677435852068498,0.029679123084463556,0.029677646370266212,0.13171624570926493,0.11130832144827142,0.029677574004262,0.05008537824278879,0.31715914457922273,0.07729623419889202,0.0,0.7798,0.2164142857142857
287.8099975585937,287.8099975585937,54664800,20220928,TSLA,282.94000244140625,287.8099975585937,1,0.2717059849995678,0.02964405074195001,0.180527078073219,0.060721732449238036,0.08101167300031997,0.12704964467361782,0.07707571815074951,0.029643032463093244,0.057422728980629674,0.0851983564676147,-0.2003,0.4588,0.12232222222222222
268.2099914550781,268.2099914550781,77620600,20220929,TSLA,287.8099975585937,268.2099914550781,0,0.07275672618131757,0.025137737290285428,0.11076884280018448,0.02513765463926409,0.10132704394986988,0.18630653797775662,0.163650044928029,0.025138640629501156,0.14418234354533363,0.14559442805845774,0.0,0.6249,0.2028285714285714
265.25,265.25,67726600,20220930,TSLA,268.2099914550781,265.25,0,0.023333333362617868,0.02333338160177027,0.18999661854198466,0.4566636423978821,0.023335601829022,0.02333398730782013,0.10666798081083119,0.1066650841292124,0.023336823838673266,0.0233335461801856,0.0,0.8221,0.48633333333333334
242.3999938964844,242.3999938964844,98363500,20221003,TSLA,265.25,242.3999938964844,0,0.1031204839293988,0.3120462799450458,0.10328361106285414,0.12052712548204333,0.0412908544819135,0.09128493048224548,0.0941742327379841,0.04631761426277417,0.026317132174204127,0.06163773544153618,-0.9081,0.7906,-0.010070000000000004
249.44000244140625,249.44000244140625,109578500,20221004,TSLA,242.3999938964844,249.44000244140625,1,0.022222222231936102,0.24443894936118066,0.02222222223041555,0.0222239104786333,0.0222232044660415,0.1888889765213721,0.18889097210000064,0.2444407900535664,0.0222226843129688,0.0222260682438845,0.296,0.8651,0.58055
240.80999755859372,240.80999755859372,86982700,20221005,TSLA,249.44000244140625,240.80999755859372,0,0.01125062849278875,0.2926738419722547,0.011250000011074499,0.16732000264762356,0.01125062088427525,0.01125479961623015,0.0112500000119703,0.01125020577348575,0.4612495691430643,0.011250331447232101,0.0,0.1531,0.07655
238.1300048828125,238.1300048828125,69298400,20221006,TSLA,240.80999755859372,238.1300048828125,0,0.047780523797806375,0.21431868943789503,0.059841065654998464,0.16634765549858832,0.043686362140770645,0.13297946884511577,0.11642998780811908,0.04028366435309849,0.15845610627058632,0.019876476193021037,-0.7311,0.802,0.23360714285714287
223.07000732421875,223.07000732421875,83916800,20221007,TSLA,238.1300048828125,223.07000732421875,0,0.07593048512810283,0.07593184042531304,0.020376286583561123,0.07465463672716696,0.04160677380336166,0.3280419031612959,0.1057297727315433,0.0405762227891937,0.12261609228585717,0.11453598636460395,-0.7269,0.6369,-0.042888888888888886
222.9600067138672,222.9600067138672,67925000,20221010,TSLA,223.07000732421875,222.9600067138672,0,0.0166667808430978,0.0166680745220792,0.0166667784444673,0.4729738841235107,0.1833318343862173,0.0166666666921469,0.2270258106839021,0.0166666666954757,0.0166668369159439,0.0166666666931586,0.6249,0.6249,0.6249
216.5,216.5,77013200,20221011,TSLA,222.9600067138672,216.5,0,0.036254883659858274,0.2237446066860488,0.0362508269608867,0.16124586526866352,0.03625207565103345,0.13184052372577962,0.08625146018141087,0.0362518831786528,0.03625124061702435,0.2156566340706412,-0.296,0.0,-0.16747499999999998
217.2400054931641,217.2400054931641,66860700,20221012,TSLA,216.5,217.2400054931641,1,0.027619503760712233,0.08317396390358092,0.07126966060316092,0.02761910622315198,0.027620172502236022,0.15724635334575648,0.027619194916141922,0.1053950336783099,0.4003696563602881,0.07206735470666117,0.0,0.7003,0.11316666666666667
221.72000122070312,221.72000122070312,91483000,20221013,TSLA,217.2400054931641,221.72000122070312,1,0.13809963334063272,0.10333563252761838,0.06829025061008862,0.23749569339066104,0.02083437783248642,0.20754245562450807,0.07023256050723684,0.08750043668975573,0.020835484225117402,0.04583347525189437,0.0,0.3818,0.16436
204.9900054931641,204.9900054931641,94124500,20221014,TSLA,221.72000122070312,204.9900054931641,0,0.019797894093595638,0.21795891829331088,0.01979844789468426,0.07199193317463529,0.03965161419860193,0.4153218498043195,0.04367755577868835,0.0945804085223743,0.05742316449982425,0.01979821373996514,-0.9349,0.5023,-0.05966249999999998
219.3500061035156,219.3500061035156,79428800,20221017,TSLA,204.9900054931641,219.3500061035156,1,0.02468468355464086,0.3384982009172376,0.06009957589165343,0.024683596054486223,0.11186012837917438,0.2036507900909212,0.024686433807077992,0.059906014352633326,0.08531363355916932,0.06661694339300535,-0.9456,0.8335,-0.14186923076923078
220.19000244140625,220.19000244140625,75891900,20221018,TSLA,219.3500061035156,220.19000244140625,1,0.0166681069982224,0.0166763119776324,0.0166708963894379,0.016667167323822,0.0166678778508978,0.8499754570000084,0.0166666666948586,0.0166711352770127,0.0166697137918629,0.0166666666962444,0.4391,0.4391,0.4391
222.0399932861328,222.0399932861328,66571500,20221019,TSLA,220.19000244140625,222.0399932861328,1,0.022381426266634787,0.11939553027634274,0.0865269023482289,0.11820706111587173,0.0223811298480887,0.19142877771983777,0.09578738713980055,0.09241347833670309,0.12456682291965425,0.12691148402883706,-0.2942,0.6124,0.06131428571428571
207.27999877929688,207.27999877929688,117798100,20221020,TSLA,222.0399932861328,207.27999877929688,0,0.08368955115400403,0.040282360679385364,0.06844238397944732,0.1027934130576696,0.0931021217548315,0.17350619596346162,0.07863053652491006,0.08374735236729844,0.220074799924118,0.05573128459487364,-0.9509,0.5707,-0.08535714285714284
214.44000244140625,214.44000244140625,75713800,20221021,TSLA,207.27999877929688,214.44000244140625,1,0.11940180477369827,0.2034641945610966,0.09017365966177081,0.04026566739717225,0.05949715187951965,0.14364440852119859,0.15113768716010803,0.05162410129624753,0.07872795615545947,0.062063368593728366,-0.8555,0.7418,0.0716
211.25,211.25,100446800,20221024,TSLA,214.44000244140625,211.25,0,0.14255398580102843,0.10020913392832405,0.04874888748032983,0.0919386106535132,0.07458353677457921,0.045067553488684686,0.24996922179597925,0.017290250046572916,0.031594934960001535,0.19804388507098647,-0.872,0.9001,-0.06985
222.4199981689453,222.4199981689453,96507900,20221025,TSLA,211.25,222.4199981689453,1,0.19059126816949112,0.4473275215372907,0.02733333335773804,0.07443074260499975,0.02733333336701722,0.0836472926117737,0.027334247230573483,0.06733467495700982,0.027333555579977097,0.027334030584128623,0.0,0.6369,0.25236000000000003
224.63999938964844,224.63999938964844,85012500,20221026,TSLA,222.4199981689453,224.63999938964844,1,0.02315319802465804,0.26083376780330986,0.02315408065438786,0.0231515389925111,0.10315181319341124,0.2600941462387282,0.07635091043076006,0.023154709513258202,0.023154499407986702,0.1838013357409883,-0.4659,0.6365,0.11449999999999998
225.08999633789065,225.08999633789065,61638800,20221027,TSLA,224.63999938964844,225.08999633789065,1,0.0250000000290156,0.2749952159284969,0.0250000000244477,0.0250000000248072,0.0250000000337469,0.2749991654681946,0.0250000000264387,0.2750004081294656,0.02500000002672,0.0250052103086664,0.0,0.0,0.0
228.5200042724609,228.5200042724609,69152400,20221028,TSLA,225.08999633789065,228.5200042724609,1,0.019200296836147483,0.10253123091939359,0.06086545499056239,0.1441984195789228,0.040033336620094916,0.21471080223449932,0.07472301832648313,0.040032932717357354,0.1525315542721157,0.15117295350442297,-0.4404,0.6369,0.09156666666666669
227.5399932861328,227.5399932861328,61554300,20221031,TSLA,228.5200042724609,227.5399932861328,0,0.018015877115572815,0.2449474047824897,0.053730215841511296,0.04460681959648087,0.21801305997567763,0.13230371223475065,0.05762592187552133,0.04182833960324835,0.1709116319825597,0.018017016992187284,-0.5255,0.9227,0.27375714285714287
227.82000732421875,227.82000732421875,62688800,20221101,TSLA,227.5399932861328,227.82000732421875,1,0.01709984081130881,0.10606244749427986,0.07656915560011385,0.07164442250607456,0.0905237897833541,0.05850242311494681,0.15561434553949846,0.04858645878609176,0.22179809172578321,0.15359902463854821,-0.7506,0.8225,-0.056072727272727274
214.97999572753903,214.97999572753903,63070300,20221102,TSLA,227.82000732421875,214.97999572753903,0,0.019708587628955672,0.3593496646696938,0.03789068596311371,0.019708776503535665,0.13845061315178356,0.09913596247846565,0.06713538739693493,0.0817109792899526,0.019708215452549135,0.1572011274650148,-0.7906,0.784,0.03262727272727273
215.30999755859372,215.30999755859372,56538800,20221103,TSLA,214.97999572753903,215.30999755859372,1,0.2092179762886108,0.12887066008557369,0.021730482713397226,0.05921789662412258,0.02172752010000525,0.02172700179229485,0.293757654125277,0.0217271000141187,0.02172811404233215,0.20029559421426743,0.0,0.6763,0.41142500000000004
207.47000122070312,207.47000122070312,98622200,20221104,TSLA,215.30999755859372,207.47000122070312,0,0.021786302606915813,0.3268750505661973,0.07017305346112822,0.07947459756366732,0.0217872924115217,0.08232715886976677,0.021787233520942587,0.19131580179828003,0.04810359090786486,0.13636991829371492,-0.6793,0.8689,0.0522375
197.0800018310547,197.0800018310547,93916500,20221107,TSLA,207.47000122070312,197.0800018310547,0,0.018778923302562586,0.18855903892669607,0.05895595586690922,0.2485519603430146,0.1298421219093767,0.07897338170786991,0.018778514251512744,0.048263575261020326,0.041694100412214614,0.1676024280188228,-0.7263,0.7964,0.091475
191.3000030517578,191.3000030517578,128803400,20221108,TSLA,197.0800018310547,191.3000030517578,0,0.0250013814777252,0.48669672173922673,0.025001029637867052,0.21249975714331826,0.025000184262470998,0.12579421142639943,0.02500160011245045,0.0250030451398708,0.0250000000068113,0.02500206905385935,-0.7184,0.4576,-0.060300000000000006
177.58999633789062,177.58999633789062,127062700,20221109,TSLA,191.3000030517578,177.58999633789062,0,0.0236813835171371,0.20402954198395754,0.0949666701441533,0.10189108197098522,0.05076052677567585,0.053827685548862164,0.0767253508465371,0.07531961222612746,0.054931181410710975,0.2638669655758528,-0.4389,0.8233,0.121875
190.72000122070312,190.72000122070312,132703000,20221110,TSLA,177.58999633789062,190.72000122070312,1,0.01952435602822878,0.2641594592478919,0.0195241334460936,0.01952969879434538,0.15285815599327637,0.01952386390321492,0.1845676270619097,0.09793663261963736,0.01952412040209156,0.20285195250331003,-0.2342,0.4753,0.06876
195.97000122070312,195.97000122070312,114403600,20221111,TSLA,190.72000122070312,195.97000122070312,1,0.12411253517793212,0.11349020153690212,0.07950007733961688,0.10950067023969848,0.024500294319419087,0.06488704417687889,0.08283383639799233,0.1994991585305361,0.06339514515847122,0.13828103712255232,-0.8217,0.4404,0.06272000000000001
190.9499969482422,190.9499969482422,92226600,20221114,TSLA,195.97000122070312,190.9499969482422,0,0.02472389643111163,0.3041318829163387,0.024722338401872233,0.03583386809357241,0.05250101073361382,0.13419843815074362,0.20136148290830802,0.052500246081365415,0.11638689223333737,0.053639944049736384,-0.6808,0.9001,-0.06704444444444443
194.4199981689453,194.4199981689453,91293800,20221115,TSLA,190.9499969482422,194.4199981689453,1,0.05816417606904338,0.19504876303412538,0.15022027184111267,0.04923612860659873,0.060220875515019694,0.11998221273542095,0.1596583431829252,0.12355477222476109,0.05848760445782194,0.02542685233317068,-0.6222,0.6705,-0.060399999999999995
186.9199981689453,186.9199981689453,66567600,20221116,TSLA,194.4199981689453,186.9199981689453,0,0.02666688297010088,0.02666693276601776,0.0766664987836244,0.07666643720293945,0.1933367026589231,0.02666704394778726,0.1599985295282798,0.0933333364181421,0.0766687613224735,0.24332887440171133,0.0,0.2263,0.11602000000000001
183.1699981689453,183.1699981689453,64336000,20221117,TSLA,186.9199981689453,183.1699981689453,0,0.0223934534845085,0.1343413878806472,0.06693915482153233,0.08323182124552798,0.10572713510947017,0.10339700310806967,0.03521364903376712,0.17378571202534562,0.2525754111480658,0.022395272143065165,-0.6486,0.6187,0.018966666666666677
180.19000244140625,180.19000244140625,76048900,20221118,TSLA,183.1699981689453,180.19000244140625,0,0.08013854184098489,0.45713281623787533,0.024583450407372903,0.024584777848764432,0.06625054229594377,0.07113629142621401,0.024584256138192696,0.10791699746484441,0.06246415739925792,0.08120816894054922,-0.4017,0.7096,0.19216666666666668
167.8699951171875,167.8699951171875,92882700,20221121,TSLA,180.19000244140625,167.8699951171875,0,0.08400717436287335,0.12735589254915147,0.06575489016540498,0.27378171779339444,0.07289712479800325,0.06734070096046081,0.1701181486511537,0.0451938779619365,0.05067491551015781,0.042875557247463295,-0.7783,0.9476,0.11123999999999999
169.91000366210938,169.91000366210938,78452300,20221122,TSLA,167.8699951171875,169.91000366210938,1,0.07339234647821502,0.37145031633095005,0.01826606394883965,0.043264284072864985,0.0528282409490892,0.01826428896281041,0.08076514410143835,0.16758108367329494,0.01826410735205636,0.15592412413044066,-0.7964,0.4404,0.022287499999999995
183.1999969482422,183.1999969482422,109536700,20221123,TSLA,169.91000366210938,183.1999969482422,1,0.022632027721546835,0.3167036716473641,0.09189377790208189,0.04392187936888992,0.12713838521210033,0.022632015340276698,0.06930761960405636,0.11556199636892944,0.04134276975325623,0.14886585708149772,-0.6597,0.7096,0.144212
182.8600006103516,182.8600006103516,50672700,20221125,TSLA,183.1999969482422,182.8600006103516,0,0.05859433603301232,0.1212795995820047,0.05290233658739404,0.09262034238644808,0.10127893609176498,0.03905148270263283,0.05289395604145969,0.06507302151226234,0.020723863417126977,0.39558212564589373,-0.7845,0.6239,-0.22465
182.9199981689453,182.9199981689453,92905200,20221128,TSLA,182.8600006103516,182.9199981689453,1,0.045084299475559045,0.18791145714469215,0.12116425486091328,0.12978654873017695,0.04045441993900259,0.02656527806474811,0.2699843138449033,0.04067491618758265,0.02656629406744955,0.11180821768497198,-0.9381,0.5267,-0.06234444444444444
180.8300018310547,180.8300018310547,83357100,20221129,TSLA,182.9199981689453,180.8300018310547,0,0.018348472796057738,0.3751510999383255,0.08084827820552713,0.0461267453165135,0.1322352741555596,0.06038782132112909,0.10428489458160847,0.10425176626903535,0.06001521213007792,0.018350435286165163,-0.5267,0.9325,0.2636625
194.6999969482422,194.6999969482422,109186400,20221130,TSLA,180.8300018310547,194.6999969482422,1,0.043854617962535536,0.16052141074987666,0.11319050954423546,0.034557126823711565,0.01885514739396065,0.09593679437419567,0.08135471093906498,0.0813532505375797,0.20218523945519606,0.1681911922196433,-0.9412,0.7346,0.07729999999999998
194.6999969482422,194.6999969482422,80046200,20221201,TSLA,194.6999969482422,194.6999969482422,0,0.038621524885939396,0.14489144391436953,0.09024180570224652,0.03321723620812336,0.1454831880296379,0.060562528410636085,0.06138582329692951,0.03619637359194171,0.018895750544924705,0.37050432541525086,-0.6187,0.8316,0.2516428571428571
194.8600006103516,194.8600006103516,73645900,20221202,TSLA,194.6999969482422,194.8600006103516,1,0.041243090977937026,0.2742858428760848,0.07516534073338557,0.06102194938273543,0.09221987617110694,0.05009640567191733,0.054706685238330846,0.03940219058552915,0.10495776655447826,0.20690085180849427,-0.7506,0.8268,0.09693333333333332
182.4499969482422,182.4499969482422,93122700,20221205,TSLA,194.8600006103516,182.4499969482422,0,0.047514492163277466,0.09751225014829153,0.138346149247423,0.1167950687948709,0.02251300261721284,0.23584376200227117,0.02251254408071927,0.02251193246034197,0.09751038088508993,0.19894041760050146,-0.465,0.5057,0.04791
179.82000732421875,179.82000732421875,92150800,20221206,TSLA,182.4499969482422,179.82000732421875,0,0.019051750164354127,0.37618565534079335,0.019048839180066272,0.019051560204823577,0.0190486671926618,0.019051053919014325,0.1023807550153721,0.09047497766168461,0.019048517908122176,0.3166582234131073,-0.2244,0.2023,-0.031199999999999995
174.0399932861328,174.0399932861328,84213300,20221207,TSLA,179.82000732421875,174.0399932861328,0,0.0142879445749925,0.0142857142984136,0.3387410735260271,0.0142967589685188,0.0142861013304783,0.0142870991528134,0.0142901659607863,0.0142857143024668,0.5469537135843777,0.014285714301125,0.4404,0.4404,0.4404
173.44000244140625,173.44000244140625,97624500,20221208,TSLA,174.0399932861328,173.44000244140625,0,0.0964207918944962,0.12515312913945875,0.05189523442704957,0.2587405281609278,0.06260897365504331,0.28960974479624935,0.018010304791351302,0.0180073072657405,0.04578577877237401,0.03376820709730875,-0.4482,0.8519,0.03251111111111111
179.0500030517578,179.0500030517578,104872300,20221209,TSLA,173.44000244140625,179.0500030517578,1,0.04014215298903663,0.2457217176063922,0.08519005301472184,0.09268374000624494,0.08714630308695856,0.04873052203704485,0.10581644254722421,0.09541879835444869,0.024322289133079204,0.17482798122484844,-0.7177,0.9735,0.12358461538461539
167.82000732421875,167.82000732421875,109794500,20221212,TSLA,179.0500030517578,167.82000732421875,0,0.10614235613886422,0.23560167748114763,0.05733029424391738,0.046926203532054796,0.31717900706548896,0.03759650483178488,0.04205231117882009,0.0651481114522819,0.017254713433409632,0.07476882064223002,-0.8998,0.0516,-0.4269
160.9499969482422,160.9499969482422,175862700,20221213,TSLA,167.82000732421875,160.9499969482422,0,0.05268590947520315,0.24799979815304204,0.12207250880758065,0.02383542475124922,0.13322604512835595,0.07134196828196838,0.05161234210027948,0.14241715344094746,0.047643170251892984,0.10716567960948026,-0.6467,0.6486,0.010324999999999999
156.8000030517578,156.8000030517578,140682300,20221214,TSLA,160.9499969482422,156.8000030517578,0,0.04883331667395333,0.07383558638792262,0.13383448625925154,0.14828295831079646,0.11050009422977206,0.04383378694567905,0.09883196228073271,0.23604684838397602,0.023833688220586548,0.08216727230732923,-0.296,0.8674,0.14140999999999998
157.6699981689453,157.6699981689453,122334500,20221215,TSLA,156.8000030517578,157.6699981689453,1,0.10080973327556837,0.10414242652456503,0.16796020910690196,0.1236927594628104,0.1275537807886574,0.0774765613180646,0.06856521814944902,0.01747627397913884,0.10282018383949272,0.10950285355535123,-0.6369,0.5859,-0.07334
150.22999572753906,150.22999572753906,139032200,20221216,TSLA,157.6699981689453,150.22999572753906,0,0.07074722291766333,0.1641037008249496,0.05863762249463967,0.03551915207506221,0.048840338057682904,0.09605233211773094,0.09582127130260858,0.1200149552898678,0.06203701077006838,0.24822639414972622,-0.7964,0.9117,0.08154347826086956
149.8699951171875,149.8699951171875,139390600,20221219,TSLA,150.22999572753906,149.8699951171875,0,0.02138888889807492,0.15472023537540633,0.02139088107684958,0.15949710111623,0.1213889334570997,0.06583338605050235,0.06765915687521272,0.0784165493608175,0.06331997575441532,0.24638489203539118,0.0,0.6666,0.23687999999999998
137.8000030517578,137.8000030517578,159563300,20221220,TSLA,149.8699951171875,137.8000030517578,0,0.038676393982985294,0.27455686906185656,0.04791927736360191,0.1231961025199128,0.07268541980047061,0.05992750002601747,0.11483005944545503,0.104682652770155,0.056234667024512436,0.10729105800503247,-0.765,0.8122,0.19287058823529413
137.57000732421875,137.57000732421875,145417400,20221221,TSLA,137.8000030517578,137.57000732421875,0,0.06787134453644315,0.20477312990532762,0.06489416496114815,0.14677503835086794,0.12013640313058517,0.09068895759381347,0.14886816171047765,0.08870358030146679,0.0232279914986364,0.04406122801123325,-0.5994,0.904,0.16414166666666666
125.3499984741211,125.3499984741211,210090300,20221222,TSLA,137.57000732421875,125.3499984741211,0,0.020804588140294414,0.3730433353231921,0.020805643639769514,0.1097151846078487,0.14078180201771068,0.030130898781426087,0.0306980366117897,0.03866411864726471,0.11455413292922348,0.1208022593014802,-0.7713,0.7351,0.1526875
123.1500015258789,123.1500015258789,166989700,20221223,TSLA,125.3499984741211,123.1500015258789,0,0.026689234259242453,0.17853991603213604,0.02668953421046671,0.09067789852324572,0.16428776528175848,0.05945414179112014,0.1783053941859562,0.08515440046774769,0.0266915946007855,0.1635101206475406,0.0,0.9201,0.3118444444444444
109.0999984741211,109.0999984741211,208643400,20221227,TSLA,123.1500015258789,109.0999984741211,0,0.01756126065163015,0.13660901876409318,0.1054139852833354,0.09539162001597676,0.01755997871220255,0.04244436580960715,0.08625671702166587,0.29891214866324,0.10089276173888985,0.0989581433393587,0.3595,0.8126,0.63495
112.70999908447266,112.70999908447266,221070500,20221228,TSLA,109.0999984741211,112.70999908447266,1,0.03991079123718784,0.17329435089865608,0.12235253894370411,0.035033705673450675,0.11212667693650613,0.20211567786091356,0.04546522414211817,0.11635905087313754,0.06570625403523025,0.08763572939909524,-0.636,0.8513,0.1485
121.81999969482422,121.81999969482422,221923300,20221229,TSLA,112.70999908447266,121.81999969482422,1,0.03500000002999555,0.03500514490998205,0.0350000000252772,0.03500000002564735,0.28499999983444185,0.035001022950483296,0.2349980320777441,0.03500000003117745,0.0350000000276421,0.23499580008760865,0.0,0.2023,0.10115
123.18000030517578,123.18000030517578,157777300,20221230,TSLA,121.81999969482422,123.18000030517578,1,0.03612707801170816,0.20402983314892964,0.06985075134213665,0.031933333232723835,0.1564267326480505,0.12842798110059336,0.08618809665286874,0.08484756936534192,0.056879211451804135,0.1452894130458426,-0.7783,0.8934,0.1590952380952381
108.0999984741211,108.0999984741211,231402800,20230103,TSLA,123.18000030517578,108.0999984741211,0,0.025596002763369843,0.12083428516164345,0.12088762066149186,0.05000177604418093,0.02559588891960621,0.15649127475234792,0.025595238108199914,0.061311396270175365,0.15059598797270657,0.2630905293462775,-0.7717,0.3612,-0.0036142857142857205
113.63999938964844,113.63999938964844,180389000,20230104,TSLA,108.0999984741211,113.63999938964844,1,0.0333343074647441,0.0333333333372492,0.0333333333375196,0.0333497996670533,0.0333333333391118,0.0333333333379054,0.6999825595019313,0.0333333333384975,0.0333333333379062,0.0333333333380813,0.4199,0.4199,0.4199
110.33999633789062,110.33999633789062,157986300,20230105,TSLA,113.63999938964844,110.33999633789062,0,0.04154960651650075,0.11297974447567363,0.10727549609663847,0.1543896970727598,0.07254160237703346,0.04154813228405618,0.041548449199750315,0.07011898294817025,0.04154776357857677,0.3165005254508399,-0.8625,0.7964,0.009000000000000008
113.05999755859376,113.05999755859376,220911100,20230106,TSLA,110.33999633789062,113.05999755859376,1,0.0250000000124143,0.5763812046722022,0.0250000000104596,0.0250000000106068,0.025000582234656,0.0250000000114168,0.0250000000113081,0.2236182130136518,0.0250000000114239,0.02500000001186,-0.3182,-0.3182,-0.3182
119.7699966430664,119.7699966430664,190284000,20230109,TSLA,113.05999755859376,119.7699966430664,1,0.07960412254547913,0.09559951796257439,0.07960375657553231,0.02404949050008955,0.13197508549071624,0.11293579385506765,0.15279796350567998,0.024047650369899948,0.11453536109102062,0.18485125810393965,0.2144,0.8176,0.4892
118.8499984741211,118.8499984741211,167642500,20230110,TSLA,119.7699966430664,118.8499984741211,0,0.19062877030260034,0.016777777789661,0.01677777779049022,0.016778198469837902,0.01677870736780246,0.06870664199911541,0.10959035770799933,0.01677777779345414,0.5304055188731219,0.01677847190591684,0.0,0.8625,0.29238
123.22000122070312,123.22000122070312,183810800,20230111,TSLA,118.8499984741211,123.22000122070312,1,0.07368929209709799,0.02369075342943408,0.07369128932889185,0.3784514570599195,0.02369496393817178,0.0236907223503593,0.023692550643889598,0.02369284372499946,0.19868212511421565,0.15702400231302038,0.0,0.802,0.42172
123.55999755859376,123.55999755859376,169400900,20230112,TSLA,123.22000122070312,123.55999755859376,1,0.09471497443475484,0.061385021595864335,0.019717606135850163,0.04905905300909738,0.15513181313900581,0.1815508769856373,0.019718120412363725,0.061384503209047425,0.2134663876821249,0.1438716433962537,-0.4574,0.2815,-0.041125
122.4000015258789,122.4000015258789,180714100,20230113,TSLA,123.55999755859376,122.4000015258789,0,0.07946919348646918,0.2570775833339667,0.18378814438128122,0.016012802013066485,0.0160131500394279,0.04525550160204065,0.18325590700258776,0.049626918597475166,0.11657274271718476,0.052928056826499814,-0.3818,0.4389,0.1253
131.49000549316406,131.49000549316406,186477000,20230117,TSLA,122.4000015258789,131.49000549316406,1,0.033285270557399646,0.30600372642109086,0.08393378359346124,0.06635941152192665,0.042429846785744026,0.072384113682615,0.06973653756348937,0.06403319793242344,0.0790334982323911,0.18280061370945824,-0.784,0.8658,0.23040588235294118
128.77999877929688,128.77999877929688,195680300,20230118,TSLA,131.49000549316406,128.77999877929688,0,0.058556912723128615,0.24661856751943062,0.0814924958334563,0.14808718198212895,0.0890372213662068,0.02237397992933324,0.02237361970756162,0.14570576621015638,0.04737303878415257,0.1383812159444445,-0.34,0.7615,0.21004
127.16999816894533,127.16999816894533,170291900,20230119,TSLA,128.77999877929688,127.16999816894533,0,0.03703241983951678,0.20400779459288235,0.19893422216274428,0.08611316842745419,0.06793395918203957,0.058056463322110646,0.0893443746213297,0.0877759333058525,0.09293311134726433,0.07786855319880516,-0.7026,0.7489,0.13170833333333332
133.4199981689453,133.4199981689453,138858100,20230120,TSLA,127.16999816894533,133.4199981689453,1,0.10415348004476305,0.2848736886301952,0.08809010505450417,0.030344212981451853,0.030344608775832813,0.01923295838327549,0.1434320384631873,0.0843420224423054,0.09145458166370785,0.12373230356077647,-0.8481,0.8516,0.3396166666666667
143.75,143.75,203119200,20230123,TSLA,133.4199981689453,143.75,1,0.020000000060505,0.0200000000476717,0.0200000000509867,0.1913898904730001,0.2486041589988754,0.020002445986392,0.2199985263828535,0.0200040384508328,0.0200000000557292,0.2200009394931531,0.867,0.867,0.867
143.88999938964844,143.88999938964844,158699100,20230124,TSLA,143.75,143.88999938964844,1,0.13668189322277438,0.16095690064576057,0.015550498330043457,0.06387918079262951,0.15178532470140618,0.0359589292093418,0.2770332831931405,0.1270516220698044,0.015552026807464687,0.015550341027634057,-0.6486,0.6597,0.07624285714285714
144.42999267578125,144.42999267578125,192734300,20230125,TSLA,143.88999938964844,144.42999267578125,1,0.04337910237360346,0.23890871492732974,0.06293840077232589,0.078853523027875,0.04554381324756272,0.05098170456405553,0.09120121291131819,0.1604108665314066,0.1051443994819637,0.12263826216255874,-0.4588,0.1655,-0.09257499999999999
160.27000427246094,160.27000427246094,234815100,20230126,TSLA,144.42999267578125,160.27000427246094,1,0.1519694077446163,0.2550933435283247,0.05272234549297013,0.18457807557024553,0.07132369727219696,0.04647337537650183,0.021475259234198376,0.04647392969222702,0.06508636950083269,0.10480419658788603,-0.34,0.8622,0.3354625
177.89999389648438,177.89999389648438,306590600,20230127,TSLA,160.27000427246094,177.89999389648438,1,0.12645370991537436,0.2614864983325636,0.09609638059101348,0.031217582799781214,0.03121820238580893,0.03121773452738668,0.11455004350344475,0.06825847947168714,0.031217039621981992,0.20828432885095735,-0.3612,0.4019,-0.03052222222222223
166.66000366210938,166.66000366210938,230878800,20230130,TSLA,177.89999389648438,166.66000366210938,0,0.1713898102983936,0.08713044780638403,0.03250011876631805,0.10194634496516236,0.03250238134073052,0.0741666770499481,0.14360856723586188,0.11583418136137626,0.08805502865233233,0.1528664425234926,-0.9398,0.0,-0.15663333333333332
173.22000122070312,173.22000122070312,196813500,20230131,TSLA,166.66000366210938,173.22000122070312,1,0.16860516121430974,0.06529478068954961,0.09001902926064385,0.04895461812994566,0.0908735110229427,0.1464021090689762,0.20593892361032246,0.07358905866930411,0.07170029240776092,0.03862251592624433,-0.7717,0.4767,0.12351999999999999
181.41000366210935,181.41000366210935,213806300,20230201,TSLA,173.22000122070312,181.41000366210935,1,0.0531473917315998,0.3426732200703589,0.061307087879057885,0.020833498517345016,0.10278952028062806,0.020833978820718732,0.08453497923092233,0.06387720384719853,0.06250199578327052,0.18750112383889983,0.0,0.7424,0.2738
188.2700042724609,188.2700042724609,217448300,20230202,TSLA,181.41000366210935,188.2700042724609,1,0.10764046714728963,0.15618359254881353,0.020107075667053432,0.12786591569459524,0.02010721730985633,0.1827179916939648,0.04863332719982652,0.11896689529935377,0.13762882703344764,0.0801486904057987,-0.041,0.9184,0.20103333333333331
189.97999572753903,189.97999572753903,232662000,20230203,TSLA,188.2700042724609,189.97999572753903,1,0.06789262979431769,0.3141119612253174,0.06760985678067095,0.02059715876925237,0.020595409476337444,0.0491664833801635,0.19404392081558747,0.127368228830923,0.049165732726716795,0.08944861820071295,-0.3612,0.9401,0.29009999999999997
194.75999450683597,194.75999450683597,186188100,20230206,TSLA,189.97999572753903,194.75999450683597,1,0.0166666666806695,0.0166760881704157,0.0166677977649414,0.0166727903400512,0.0166666666829608,0.0166666666795454,0.0166666666794227,0.3716993674273797,0.0166666666795542,0.4949506228950588,-0.8316,-0.8316,-0.8316
196.80999755859372,196.80999755859372,186010300,20230207,TSLA,194.75999450683597,196.80999755859372,1,0.0785033035478004,0.10827002405778088,0.15750369076392756,0.1757662781603113,0.15469476345309902,0.06115136234000147,0.06050429960754997,0.16130080372428807,0.02115192048087677,0.021153553864364162,-0.6369,0.802,0.0986
201.2899932861328,201.2899932861328,180673600,20230208,TSLA,196.80999755859372,201.2899932861328,1,0.08609279129690398,0.1677136963678911,0.15835496040121105,0.09998646756124194,0.01771516198050996,0.24220717491693905,0.01771565098182008,0.07248449876807693,0.1200130584496909,0.01771653927571456,-0.1779,0.6778,0.22736
207.32000732421875,207.32000732421875,215431400,20230209,TSLA,201.2899932861328,207.32000732421875,1,0.43805743696844124,0.10708366991917015,0.023750275251703663,0.09457952304580367,0.1552702412334373,0.023751578821037487,0.04458471898767691,0.06541724018101702,0.0237547235412308,0.023750592050481335,-0.4631,0.6597,-0.07487500000000002
196.88999938964844,196.88999938964844,204754100,20230210,TSLA,207.32000732421875,196.88999938964844,0,0.19364129974259828,0.11180585990530567,0.028472222236825717,0.07013819204446876,0.11774297047373894,0.028472845313686466,0.15347201421552314,0.08402783264989594,0.0865320771283014,0.12569468628965527,0.0,0.4588,0.32001666666666667
194.63999938964844,194.63999938964844,172475500,20230213,TSLA,196.88999938964844,194.63999938964844,0,0.07160696515312542,0.11497018358017524,0.10692199146115365,0.15947986259949365,0.031035126115496248,0.05754494704530176,0.16739098842917105,0.11436808666189983,0.05026580061677645,0.12641604833740633,-0.7574,0.8442,0.2740769230769231
209.25,209.25,216455700,20230214,TSLA,194.63999938964844,209.25,1,0.04983000509377157,0.12166620629986895,0.06611112456986397,0.0568522093740811,0.06611054408324063,0.08463026533316081,0.1253733723337112,0.029074074113412167,0.2601651964646024,0.14018700233428683,-0.6908,0.4588,-0.04398888888888889
214.2400054931641,214.2400054931641,181006400,20230215,TSLA,209.25,214.2400054931641,1,0.18110641609760614,0.153333962378487,0.2450012431954053,0.02833367440918615,0.028333333349424634,0.02833676196259485,0.08388889862857289,0.1949963650149217,0.028334320603586833,0.028335024360214112,0.0,0.836,0.3042333333333333
202.0399932861328,202.0399932861328,229586500,20230216,TSLA,214.2400054931641,202.0399932861328,0,0.10005923476001544,0.13419418588443144,0.12463309909249103,0.11065747472613659,0.09202215614771413,0.1353195581668755,0.025880600403921532,0.10144917865542596,0.04439663292480876,0.13138787923817916,-0.5574,0.7351,0.15752222222222223
208.30999755859372,208.30999755859372,213738500,20230217,TSLA,202.0399932861328,208.30999755859372,1,0.08372584407350427,0.2856220275649747,0.06304928383314748,0.051058916830531535,0.058917511715989156,0.05505953150228928,0.06181569531229992,0.07754947169046837,0.061725604313268,0.2014761131635269,-0.4355,0.8907,0.25076
197.3699951171875,197.3699951171875,180018600,20230221,TSLA,208.30999755859372,197.3699951171875,0,0.06378984377476687,0.1747763244195994,0.09255578732044192,0.08922030279740234,0.12255663234288618,0.08700007799526795,0.06700081520781485,0.08243354873099816,0.07588918959894451,0.1447774778118774,-0.69,0.836,0.21550666666666668
200.8600006103516,200.8600006103516,191828500,20230222,TSLA,197.3699951171875,200.8600006103516,1,0.0401363359335852,0.12493000220146475,0.11156476979336528,0.0901116186275879,0.10136075392102492,0.11156500763870768,0.0401367807480279,0.06183121547398424,0.08775513443570863,0.2306083812265431,-0.6833,0.5562,-0.04174285714285714
202.07000732421875,202.07000732421875,146360000,20230223,TSLA,200.8600006103516,202.07000732421875,1,0.043170057569724134,0.17232421871661258,0.1659367317602664,0.07996268602362148,0.09543792735795667,0.08037350561435391,0.1427537914703041,0.05482936283173189,0.11038372393228148,0.054827994723146936,-0.7717,0.8625,0.04540000000000001
196.8800048828125,196.8800048828125,142228100,20230224,TSLA,202.07000732421875,196.8800048828125,0,0.09388881976119814,0.11699157895897509,0.07823423207390297,0.17721791084801206,0.02722235230343064,0.07501652209655381,0.02722250666193572,0.04976136953902066,0.027222872627610317,0.3272218351293601,-0.8858,0.0,-0.35204
207.6300048828125,207.6300048828125,161028300,20230227,TSLA,196.8800048828125,207.6300048828125,1,0.054545454546992306,0.0545454545466661,0.054545454546750353,0.05454545454676835,0.054545454547243,0.5090880863436145,0.0545454545468551,0.054545454547053104,0.0545482772811329,0.054545454546924055,0.0,0.7463,0.37315
205.7100067138672,205.7100067138672,153144900,20230228,TSLA,207.6300048828125,205.7100067138672,0,0.08035484930256534,0.21494587084758598,0.06864000865591954,0.07646230457918236,0.04405958462708036,0.25322385335573044,0.04951112414080652,0.04878354524524924,0.1416373757868804,0.02238148345899942,-0.5434,0.7574,0.065775
202.7700042724609,202.7700042724609,156852800,20230301,TSLA,205.7100067138672,202.7700042724609,0,0.16584596606903254,0.022995906641741455,0.022998916237805814,0.08120365382562778,0.12503458257980785,0.022993616944892128,0.26822461144713505,0.022994520516204486,0.09305553053451683,0.17465269520323565,-0.296,0.7908,0.10971428571428572
190.8999938964844,190.8999938964844,181500700,20230302,TSLA,202.7700042724609,190.8999938964844,0,0.02206406617580404,0.1507873564518105,0.14811492114765215,0.022063554070460786,0.022063615723262184,0.02206509889203007,0.06968288109262466,0.03793650852276863,0.3649188285360771,0.1403031693875095,-0.5574,0.3968,-0.022942857142857147
197.7899932861328,197.7899932861328,154193300,20230303,TSLA,190.8999938964844,197.7899932861328,1,0.17348420181030444,0.01875000000763085,0.01875031579121255,0.1437502251449363,0.0187508804781432,0.01875038620875605,0.01875000000882485,0.01875091370596315,0.484022835738292,0.0862402411059363,0.0,0.0,0.0
193.80999755859372,193.80999755859372,128100100,20230306,TSLA,197.7899932861328,193.80999755859372,0,0.11980444995996832,0.12569208197996523,0.07983997228846293,0.08519475369151497,0.04412435142263123,0.026267224775810227,0.11807237024043742,0.0840928353434153,0.02626727661012297,0.29064468368767093,-0.1779,0.7964,0.23599285714285714
187.7100067138672,187.7100067138672,148125800,20230307,TSLA,193.80999755859372,187.7100067138672,0,0.21572707898419696,0.1583169533401912,0.09698575328603674,0.10660539353084919,0.08632130395629872,0.02565878445194629,0.10825384812971423,0.05141428566495837,0.055286224142876136,0.09543037451293179,-0.8024,0.5849,-0.039238888888888886
182.0,182.0,151897800,20230308,TSLA,187.7100067138672,182.0,0,0.06452512948567289,0.38432437425806304,0.08254029920499718,0.05079351153666108,0.08254004263468374,0.0269851535539537,0.026984757192491715,0.17971999000163755,0.026984126995181282,0.07460261513665735,-0.1027,0.4753,0.17628333333333335
172.9199981689453,172.9199981689453,170023800,20230309,TSLA,182.0,172.9199981689453,0,0.13073226818150402,0.1288884443241968,0.02472278928951406,0.08641066037415021,0.087226105003465,0.1371632469149485,0.024722746412555563,0.10164599282753224,0.13583273140684976,0.14265501526528346,-0.765,0.7345,0.02913750000000001
173.44000244140625,173.44000244140625,191488900,20230310,TSLA,172.9199981689453,173.44000244140625,1,0.27629085142014903,0.08370413343048937,0.017037037064257566,0.15037137535595343,0.017039790469420866,0.0170370642035524,0.017040482244970633,0.2788145266833002,0.054074230823911135,0.0885905083039949,-0.9381,0.0,-0.5867333333333334
174.47999572753906,174.47999572753906,167790300,20230313,TSLA,173.44000244140625,174.47999572753906,1,0.0166694541718879,0.0166667246929143,0.4967213543901028,0.0166726386445985,0.0166666666915281,0.0166666666863311,0.0166683875357258,0.1983482738550062,0.18825316664481,0.0166666666870952,0.2732,0.2732,0.2732
183.25999450683597,183.25999450683597,143717900,20230314,TSLA,174.47999572753906,183.25999450683597,1,0.05407439370310004,0.2151825747297022,0.13740836264994186,0.19661347052317002,0.07975064766174972,0.026301593621678988,0.026297580002095436,0.07474578054613301,0.026296460496872467,0.16332913606555582,0.0,0.8575,0.4606222222222222
180.4499969482422,180.4499969482422,145995600,20230315,TSLA,183.25999450683597,180.4499969482422,0,0.0243221087399724,0.16694167366288973,0.17737726826236325,0.08525828425962587,0.060036075076351954,0.09574831824531382,0.0520506557587173,0.024320614840403015,0.2539103710927794,0.060034630061582835,-0.296,0.743,0.11019999999999998
184.1300048828125,184.1300048828125,121136800,20230316,TSLA,180.4499969482422,184.1300048828125,1,0.048107589708859,0.23316235947410247,0.09278418593345131,0.06909159847209988,0.06212445146519352,0.16869264901537465,0.12566184900515562,0.06712096605884905,0.020331531872458977,0.11292281899445504,-0.886,0.6808,-0.059555555555555556
180.1300048828125,180.1300048828125,133197100,20230317,TSLA,184.1300048828125,180.1300048828125,0,0.2079526191637692,0.29155713837764,0.09164099567416406,0.01988337731649405,0.07543357830184017,0.019881388428460267,0.09635449243544285,0.01988350542840407,0.019882500057455933,0.15753040481632888,-0.7579,0.7803,0.021416666666666657
183.25,183.25,129684400,20230320,TSLA,180.1300048828125,183.25,1,0.022292008244023262,0.08479046056336989,0.11759297377009265,0.10562696565303159,0.0639585443254709,0.13455106979011117,0.20666637177906716,0.0535419049539226,0.12618757705962652,0.08479212386128392,-0.3612,0.4215,0.03985
197.5800018310547,197.5800018310547,153391400,20230321,TSLA,183.25,197.5800018310547,1,0.0214322607720755,0.4640256175585795,0.0214303180034086,0.021431850657441364,0.021432959469091867,0.021428683257913934,0.07154403144461972,0.0690501690181443,0.13253057211872718,0.15569353769999747,-0.34,-0.2263,-0.2798333333333333
191.1499938964844,191.1499938964844,150376400,20230322,TSLA,197.5800018310547,191.1499938964844,0,0.033818454518206045,0.1306195923307586,0.08300647885807103,0.35398789673112957,0.07136239315730233,0.17315788550279376,0.0338183381193067,0.0338183933447726,0.03381825164501822,0.052592315792640766,-0.2732,0.0,-0.13488
192.22000122070312,192.22000122070312,144193900,20230323,TSLA,191.1499938964844,192.22000122070312,1,0.25666490365447164,0.03444508145146903,0.1031215509064572,0.0344444444617655,0.03444451827692504,0.034446515293276796,0.39909715743960855,0.0344444444655178,0.03444693958013804,0.03444444447036996,0.0,0.4926,0.2846
190.41000366210935,190.41000366210935,116312400,20230324,TSLA,192.22000122070312,190.41000366210935,0,0.05406426521090776,0.19681937839000946,0.03846200574591619,0.02261366855740308,0.0836060888550285,0.05671814579322384,0.11938654423360728,0.2070060935690462,0.08008450800059141,0.1412393016442658,-0.7096,0.4767,-0.0696
191.80999755859372,191.80999755859372,120851600,20230327,TSLA,190.41000366210935,191.80999755859372,1,0.08416697966543565,0.1114551617265445,0.16207261573634527,0.032124020178644776,0.14832963205415498,0.10329062616119514,0.12053227277022915,0.10166807931487301,0.03166754047179763,0.10469307192077955,-0.7351,0.5423,0.023575000000000006
189.19000244140625,189.19000244140625,98654600,20230328,TSLA,191.80999755859372,189.19000244140625,0,0.06233201035166076,0.06233514465804981,0.022335690336951357,0.055667940085225465,0.022333850604552542,0.12233131149749588,0.15133295076140169,0.20566836668955074,0.0223339781502509,0.27332875686486047,-0.2411,0.6588,0.3558
193.8800048828125,193.8800048828125,123660000,20230329,TSLA,189.19000244140625,193.8800048828125,1,0.18174853764677595,0.23864347312317338,0.1574149438518867,0.06052315786062953,0.02732077303337061,0.05010443955929457,0.027766814259112975,0.04376457255895884,0.13538903144320974,0.07732425666358723,-0.2204,0.8689,0.3318625
195.27999877929688,195.27999877929688,110252200,20230330,TSLA,193.8800048828125,195.27999877929688,1,0.0200000000157131,0.0200010032047637,0.0200000000132414,0.0200000000134266,0.219999746138333,0.0200000000144596,0.0200000000143169,0.4199994975751858,0.0200000000144631,0.2199997529960962,0.8975,0.8975,0.8975
207.4600067138672,207.4600067138672,170222100,20230331,TSLA,195.27999877929688,207.4600067138672,1,0.02607727500493648,0.1825635293175418,0.02607577471599229,0.035167173617297307,0.15939574758271596,0.07333794188707264,0.02607596340952913,0.05940985892509119,0.02607658835693908,0.38582014718288365,-0.5574,0.0,-0.14762
194.7700042724609,194.7700042724609,169545900,20230403,TSLA,207.4600067138672,194.7700042724609,0,0.022302110902545413,0.02230311294716004,0.2539592703199567,0.022303316382332943,0.0638826043438191,0.22272603508705044,0.08579164487780622,0.17641253294089024,0.05087291742402733,0.07944645477441112,-0.4767,0.836,0.3041714285714286
192.5800018310547,192.5800018310547,126463800,20230404,TSLA,194.7700042724609,192.5800018310547,0,0.1657148193244186,0.07922330429975574,0.18914299342385582,0.13733489265247248,0.03327162987684172,0.04993837692809393,0.06473715029836441,0.07216276915383997,0.04742450736332479,0.16104955667903215,-0.6369,0.9349,0.04795555555555556
185.5200042724609,185.5200042724609,133882500,20230405,TSLA,192.5800018310547,185.5200042724609,0,0.017600267982740298,0.017603773405996802,0.08610105720727125,0.017600701791281776,0.1861011803707429,0.1300950993410906,0.01759990314763155,0.2298177788542201,0.0175994560322794,0.27988078186674487,-0.9804,0.4767,-0.125925
185.05999755859372,185.05999755859372,123857900,20230406,TSLA,185.5200042724609,185.05999755859372,0,0.026182782255581526,0.16872202273314554,0.02618527579872284,0.055833799123571115,0.0261828804529548,0.026181692504307512,0.13034985063453816,0.026180805503901988,0.28594387853430764,0.2282370124589684,0.0,0.7902,0.2461125
184.50999450683597,184.50999450683597,142154600,20230410,TSLA,185.05999755859372,184.50999450683597,0,0.055526177943275315,0.14317397445227656,0.11508317240136191,0.04573280464532174,0.06573422541552043,0.08149722832041646,0.1058779120333001,0.14933346570705408,0.07657079044964667,0.16147024863182632,-0.9153,0.6416,0.013223999999999993
186.7899932861328,186.7899932861328,115770900,20230411,TSLA,184.50999450683597,186.7899932861328,1,0.04701433530913807,0.05093659577713929,0.08615447132755621,0.034092166481691374,0.3178957018657695,0.04701487487503368,0.022016794661130837,0.07160343705257566,0.16935504205773771,0.15391658059222726,-0.8442,0.75,0.1722125
180.5399932861328,180.5399932861328,150256300,20230412,TSLA,186.7899932861328,180.5399932861328,0,0.13629278344238324,0.14661295759514675,0.10302331911780976,0.056317675119977206,0.1235325567694823,0.09402237376926438,0.1126380180860213,0.05174090509679781,0.05135418521166652,0.12446522579145028,-0.3818,0.7958,0.1556076923076923
185.8999938964844,185.8999938964844,112933000,20230413,TSLA,180.5399932861328,185.8999938964844,1,0.0437348034902603,0.1709949676678974,0.16451211302838675,0.07833369405622699,0.0689554166778262,0.04284503171672287,0.24712829368291925,0.06262538356869071,0.04217618199295361,0.07869411411811549,-0.7269,0.6808,0.04660999999999999
185.0,185.0,96438700,20230414,TSLA,185.8999938964844,185.0,0,0.04717794358932646,0.13666885701650264,0.04981039335076588,0.07400609026893118,0.04147703740522612,0.11269436090290401,0.1166669155285142,0.09828337064058788,0.12153552577408058,0.20167950552316066,-0.6969,0.9231,0.09302
187.0399932861328,187.0399932861328,116662200,20230417,TSLA,185.0,187.0399932861328,1,0.06316340281423136,0.2300014897994354,0.0343176880441874,0.06505589404618325,0.15183840784115643,0.07598219092980821,0.06316299462589288,0.024701440144313816,0.19545713936134165,0.09631935239344916,-0.8074,0.802,0.0063307692307692336
184.30999755859372,184.30999755859372,92067000,20230418,TSLA,187.0399932861328,184.30999755859372,0,0.055672660112206354,0.20293528079591253,0.1945480965479843,0.06653950987533405,0.044767898850379254,0.025720470017095202,0.2121159074944476,0.14625700971969197,0.0257209866103844,0.025722179976563984,-0.765,0.7574,-0.027271428571428582
180.58999633789065,180.58999633789065,125732700,20230419,TSLA,184.30999755859372,180.58999633789065,0,0.0612187514682015,0.19671799471775805,0.05912305702174873,0.1145068774112519,0.03597403648683971,0.22365407553005495,0.08957233639055577,0.022085421229299244,0.09584022979011113,0.10130721995417859,-0.2263,0.8201,0.09463333333333335
162.99000549316406,162.99000549316406,210970800,20230420,TSLA,180.58999633789065,162.99000549316406,0,0.05356355555581852,0.14372533901492693,0.07396282735605791,0.26101698898247083,0.07151484902624844,0.06440341090498483,0.07022911522877959,0.04880170414014497,0.19254956215850746,0.020232647632060098,0.0,0.784,0.28196000000000004
165.0800018310547,165.0800018310547,123539000,20230421,TSLA,162.99000549316406,165.0800018310547,1,0.05426698846633571,0.08537420307708456,0.03775758325311514,0.037756311707802644,0.21647993754426698,0.2091651494225882,0.11252341455437118,0.08537335513716374,0.10790629633070473,0.05339676050656674,-0.3111,0.69,0.26221
162.5500030517578,162.5500030517578,140006600,20230424,TSLA,165.0800018310547,162.5500030517578,0,0.044583698780910126,0.04307177494272129,0.12109606926862004,0.13076396423776349,0.023751068120422637,0.048749137757376014,0.2667333905196874,0.12791905083764105,0.06541664348106116,0.12791520205379636,-0.5994,0.7712,0.0747125
160.6699981689453,160.6699981689453,121999300,20230425,TSLA,162.5500030517578,160.6699981689453,0,0.10218240241689465,0.15160816647657777,0.0652257163393721,0.15812142298924206,0.08097241334672854,0.09574556325658974,0.03967521737513351,0.10762276193574687,0.029928795950017347,0.16891753991369704,-0.9622,0.8625,0.09704210526315789
153.75,153.75,153364100,20230426,TSLA,160.6699981689453,153.75,0,0.0952331662602443,0.0119085022297638,0.0119085614939163,0.011906486570233901,0.1785605935760066,0.048272179532542,0.17857158189374725,0.08333233166667439,0.011905574083406749,0.3684010226934642,-0.765,0.2732,-0.2459
160.19000244140625,160.19000244140625,127015200,20230427,TSLA,153.75,160.19000244140625,1,0.1485425985283048,0.11797844044310708,0.0370533136008302,0.10823732825325341,0.08702877189855147,0.08603901009920574,0.03604173994492856,0.20462061565155398,0.12354106557690445,0.05091711600335978,-0.2023,0.9358,0.3955375
164.30999755859375,164.30999755859375,122515800,20230428,TSLA,160.19000244140625,164.30999755859375,1,0.01530981296956126,0.01531143699878378,0.04864275930656849,0.13149033586537073,0.05955429205160612,0.058977028671378495,0.2034034801224029,0.015309614628784851,0.39060744660936575,0.061393792776177146,-0.5023,0.6705,0.07306
161.8300018310547,161.8300018310547,109015000,20230501,TSLA,164.30999755859375,161.8300018310547,0,0.09212978479262042,0.03657407408294455,0.03657407408355525,0.09212839567312243,0.09212963192664714,0.03657467946201797,0.03657596804177935,0.0921296277021596,0.3236105057297092,0.1615732585054437,-0.4019,0.5707,0.028133333333333333
160.30999755859375,160.30999755859375,128259700,20230502,TSLA,161.8300018310547,160.30999755859375,0,0.026025211905305178,0.24562902686701737,0.08091301554645183,0.07036508559814446,0.03935693445787229,0.04614798138863178,0.2178871793219729,0.06978303701506464,0.09923782785370941,0.10465470004582977,-0.7003,0.6734,-0.05263000000000001
160.61000061035156,160.61000061035156,119728000,20230503,TSLA,160.30999755859375,160.61000061035156,1,0.25824612823561477,0.08725241180692281,0.10415547427270296,0.11671906730816231,0.11779295021699715,0.047501322345911805,0.08192059163553621,0.03812505511940977,0.06416732274496637,0.08411967631377543,-0.431,0.4753,0.008862500000000002
161.1999969482422,161.1999969482422,95108500,20230504,TSLA,160.61000061035156,161.1999969482422,1,0.1568866966539255,0.0249507760811861,0.024952338070942298,0.09331244786593158,0.07733014041356272,0.3571492753785054,0.04994984498586042,0.024950123459759277,0.1100103380045944,0.08050801908573203,-0.2212,0.9053,0.2315375
170.05999755859375,170.05999755859375,107607300,20230505,TSLA,161.1999969482422,170.05999755859375,1,0.019206578059686483,0.019207872552247766,0.09063610350068012,0.06087679929823219,0.15384078125408238,0.3074136394198442,0.08218189298699187,0.09594934837324898,0.019206802994818615,0.151480181560167,0.0,0.6249,0.3381
171.7899932861328,171.7899932861328,112249400,20230508,TSLA,170.05999755859375,171.7899932861328,1,0.053596852444823456,0.19783378098826765,0.2639080719105941,0.05390535696673555,0.037897308867788616,0.10401580195363759,0.05357701343559522,0.07523899841711106,0.020818816155640768,0.13920799885980556,-0.5106,0.9168,0.3136
169.14999389648438,169.14999389648438,88965000,20230509,TSLA,171.7899932861328,169.14999389648438,0,0.05895272427319278,0.14442720970157963,0.11018446821013649,0.08932187808768476,0.0876614515235362,0.0624270915174659,0.146898655988409,0.10806898722377305,0.05201018818594222,0.14004734528827958,-0.8715,0.8172,0.13795
168.5399932861328,168.5399932861328,119840700,20230510,TSLA,169.14999389648438,168.5399932861328,0,0.042041860373583664,0.07341705058633267,0.05553493892445698,0.05460682607572707,0.13314357954738365,0.19851500836116048,0.09630839448972126,0.15333888467135623,0.10503967745539644,0.08805377951488116,-0.7964,0.8555,0.23532857142857141
172.0800018310547,172.0800018310547,103889900,20230511,TSLA,168.5399932861328,172.0800018310547,1,0.07791103218782877,0.1728044018193317,0.11159830319168931,0.05326323030951955,0.11159443823205195,0.18432994936137898,0.02826284753245826,0.10920707848995008,0.0727653483899073,0.07826337048588379,0.0,0.8016,0.4125
167.97999572753906,167.97999572753906,157849600,20230512,TSLA,172.0800018310547,167.97999572753906,0,0.14470048383196943,0.15232216154849268,0.0384724104236993,0.10820034773721947,0.11763885080593105,0.13986088369425237,0.1634669466400288,0.06025916137689157,0.04125167421353336,0.03382707972798162,-0.128,0.7845,0.252125
166.35000610351562,166.35000610351562,105592500,20230515,TSLA,167.97999572753906,166.35000610351562,0,0.0200000000210141,0.020019045386931,0.020003123951807,0.0200000000179601,0.0200000000244482,0.577781236296918,0.020015077093437,0.0200025919080498,0.0200000000193587,0.2621789252800756,0.6597,0.6597,0.6597
166.52000427246094,166.52000427246094,98288800,20230516,TSLA,166.35000610351562,166.52000427246094,1,0.06487110257684751,0.2181784367046493,0.04379930326682915,0.1347093153237492,0.1290490090521917,0.1415251907827893,0.040366568997278474,0.10743506705557349,0.02107197202648022,0.0989940342136113,-0.7845,0.5106,0.0769909090909091
173.86000061035156,173.86000061035156,125473600,20230517,TSLA,166.52000427246094,173.86000061035156,1,0.020982901959274384,0.11844577748852621,0.20735327822940738,0.10476849962993152,0.06264795414802897,0.14862435293208737,0.04181957889694163,0.08047392235642122,0.09320858445697051,0.12167514990241035,-0.636,0.9246,0.235475
176.88999938964844,176.88999938964844,109520300,20230518,TSLA,173.86000061035156,176.88999938964844,1,0.0792939176780476,0.14049182214687667,0.0911484234534624,0.05797891790462934,0.090795069747899,0.1432240786621902,0.1273832759976112,0.11048630203066931,0.09303181327448368,0.06616637910413019,-0.6486,0.8074,0.16357272727272726
180.13999938964844,180.13999938964844,136196700,20230519,TSLA,176.88999938964844,180.13999938964844,1,0.03730705003515574,0.13434893176739365,0.027329456001518725,0.04271376322870038,0.10059504868973504,0.1808133543229003,0.06579146427894439,0.042713676757992716,0.230320472779834,0.1380667821378247,-0.7088,0.5574,-0.03703846153846154
188.8699951171875,188.8699951171875,132001400,20230522,TSLA,180.13999938964844,188.8699951171875,1,0.028000338304713525,0.13466674110746263,0.02800048670682424,0.16098779854688133,0.028000000017977422,0.2079926559680069,0.16133159028783645,0.02800000001606362,0.1480030747324546,0.07501731431177887,-0.1779,0.7003,0.20958000000000002
185.7700042724609,185.7700042724609,156952100,20230523,TSLA,188.8699951171875,185.7700042724609,0,0.05658894518202311,0.1780603342820402,0.019470558960791064,0.11719975508052016,0.15445641408906058,0.11438699980869182,0.10167961777864264,0.07362475240234892,0.0194700347852937,0.16506258763058737,-0.2732,0.784,0.4167625
182.8999938964844,182.8999938964844,137605100,20230524,TSLA,185.7700042724609,182.8999938964844,0,0.26558162061872626,0.10396674566545722,0.024060473295234183,0.10576561339807627,0.024060343294451735,0.024060137264699338,0.0240618625673472,0.2784619136984913,0.1259201675436841,0.024061122653831882,0.0,0.4767,0.2768833333333333
184.47000122070312,184.47000122070312,96870700,20230525,TSLA,182.8999938964844,184.47000122070312,1,0.03796349999560882,0.13672672972583796,0.08793678321853504,0.10277834819000109,0.15524723287842715,0.09969260339122475,0.03796319059358259,0.0750006049729197,0.025617283966532234,0.24107372306733024,-0.7345,0.6369,0.10835555555555557
193.1699981689453,193.1699981689453,162061500,20230526,TSLA,184.47000122070312,193.1699981689453,1,0.016984322201156667,0.016985691008783665,0.6506803707642833,0.016987047452431864,0.016985369128750132,0.1181995011482978,0.06460216861291987,0.016986185070687432,0.06460250395613136,0.016986840656557433,0.0,0.6597,0.3499999999999999
207.5200042724609,207.5200042724609,148029900,20230601,TSLA,203.92999267578125,207.5200042724609,1,0.04218740030269194,0.1496079742785541,0.017999749541527367,0.19271881271852492,0.03235954298988886,0.2738756856041967,0.07217711307206565,0.06971960154252634,0.11900884715751975,0.03034527279250389,-0.5631,0.7639,0.11563333333333332
213.97000122070312,213.97000122070312,164398400,20230602,TSLA,207.5200042724609,213.97000122070312,1,0.024717784706543452,0.11905725646962209,0.08472746682123426,0.11785527681892098,0.08608684120180615,0.06409919462326544,0.10805060257557907,0.08844282516477593,0.10416939815254189,0.2027933534657104,-0.8585,0.7184,0.11624705882352941
217.6100006103516,217.6100006103516,151143100,20230605,TSLA,213.97000122070312,217.6100006103516,1,0.05964250551059841,0.1852812356698757,0.10622794214543765,0.0602812184225575,0.06964316976552301,0.05464474393330153,0.09463947709644786,0.06612452192492757,0.20630974303214195,0.09720544249918843,0.0,0.8555,0.44942000000000004
221.30999755859372,221.30999755859372,146911600,20230606,TSLA,217.6100006103516,221.30999755859372,1,0.06428561724553922,0.028576275784751023,0.028572769483567427,0.3202230397619816,0.028571526003521124,0.17614405222895013,0.028581301714805475,0.028575908554079897,0.171425855307602,0.12504365391520172,0.0,0.6588,0.29235
224.57000732421875,224.57000732421875,185710800,20230607,TSLA,221.30999755859372,224.57000732421875,1,0.028428177197615614,0.06279867871616694,0.07934841609853872,0.09894086702040171,0.2129231885672619,0.1321928277829154,0.14573584548050503,0.07004307229468068,0.04399526668637299,0.12559366015554055,-0.3412,0.6249,0.12824615384615384
234.8600006103516,234.8600006103516,164489700,20230608,TSLA,224.57000732421875,234.8600006103516,1,0.16418269491265866,0.1887901433713663,0.04604759747691759,0.04172372279713453,0.0467233654244318,0.0467224624337068,0.11061084199096012,0.08838860611632697,0.21396020960692405,0.05285035586957274,0.0,0.8439,0.50704
244.3999938964844,244.3999938964844,200242400,20230609,TSLA,234.8600006103516,244.3999938964844,1,0.10056416324850861,0.16868329206669572,0.08444143151784951,0.07582027546766734,0.13741532182166216,0.019962619841554657,0.12829122055223008,0.07797639330514534,0.07577692011103604,0.13106836206765016,-0.6597,0.7366,0.16123333333333334
249.8300018310547,249.8300018310547,150337900,20230612,TSLA,244.3999938964844,249.8300018310547,1,0.01666830425119735,0.11244302874171745,0.1870234514042036,0.1065184549134843,0.01666810707920505,0.0166706500311671,0.25052787813732363,0.0166679813339645,0.01666689915369795,0.26014524495403885,0.128,0.8402,0.4841
258.7099914550781,258.7099914550781,162384300,20230613,TSLA,249.8300018310547,258.7099914550781,1,0.025000000016238998,0.025004555766131198,0.02500000001370765,0.025000000013877848,0.02500000001893085,0.02500000001494345,0.30478100478654024,0.3583325967503146,0.0250000000149792,0.16188184260433555,-0.4168,0.4215,0.002349999999999991
256.7900085449219,256.7900085449219,170575500,20230614,TSLA,258.7099914550781,256.7900085449219,0,0.08499949287751897,0.10166335725743163,0.09194465116217086,0.20583355838008863,0.07111001213643263,0.04611485429971351,0.09889063070325689,0.18499737285851645,0.029445524817584168,0.0850005455072859,-0.6369,0.8176,0.1527666666666667
255.8999938964844,255.8999938964844,160171200,20230615,TSLA,256.7900085449219,255.8999938964844,0,0.03708396671390015,0.07048838582368981,0.054417207739989724,0.30374585492396744,0.03708368616259363,0.05791644795999238,0.14475041854396536,0.17041412413994309,0.037084048779389284,0.08701585921256881,-0.128,0.2584,0.0004000000000000022
260.5400085449219,260.5400085449219,167915600,20230616,TSLA,255.8999938964844,260.5400085449219,1,0.01714352296700695,0.408721623217857,0.01714366427235435,0.0171437040872707,0.32018098646178855,0.017144862535249848,0.0171451556238533,0.1510891920825534,0.01714285715230735,0.0171444315997584,-0.6597,-0.5267,-0.5932
274.45001220703125,274.45001220703125,165611200,20230620,TSLA,260.5400085449219,274.45001220703125,1,0.023336078253230766,0.07659145355284366,0.0233352187413393,0.18865086567274172,0.2566643521877131,0.17141814060858895,0.023334785497346997,0.02333716682646673,0.023334012724818897,0.18999792593490938,0.0,0.8122,0.5157666666666666
259.4599914550781,259.4599914550781,211797100,20230621,TSLA,274.45001220703125,259.4599914550781,0,0.043051433953039946,0.1293244543822346,0.07311189044008669,0.04121135703691821,0.06421225485357471,0.07532633288294921,0.22083600935874187,0.14955026128665858,0.046437243608032,0.1569387621977637,-0.7964,0.6239,-0.0035600000000000076
264.6099853515625,264.6099853515625,166875900,20230622,TSLA,259.4599914550781,264.6099853515625,1,0.0328279191635099,0.1651545427315542,0.16930959033845527,0.08907759201909629,0.0328274880453363,0.03282749848826711,0.23961117336506063,0.03282790072578995,0.07449482786846186,0.1310414672544682,-0.646,0.7701,0.27247499999999997
256.6000061035156,256.6000061035156,177460800,20230623,TSLA,264.6099853515625,256.6000061035156,0,0.02250077170788845,0.3974863077712355,0.02250011668713405,0.02250708218898875,0.0225010934629144,0.22250860647412202,0.1224963025929632,0.022500000043413848,0.02250000003846325,0.12249971903287615,0.0,0.7964,0.3982
241.0500030517578,241.0500030517578,179990600,20230626,TSLA,256.6000061035156,241.0500030517578,0,0.05694448038090575,0.08472258072119332,0.08472186012752585,0.029170616860877897,0.14027795647838934,0.0847236353952912,0.1402693144938711,0.2652768842138801,0.0291671875713987,0.08472548375666628,-0.7351,0.9472,-0.03178333333333332
250.2100067138672,250.2100067138672,164968200,20230627,TSLA,241.0500030517578,250.2100067138672,1,0.23380933724078232,0.07025556151261782,0.08111529143653162,0.0722977823226257,0.06650842157311668,0.09406437925754463,0.14662383246305657,0.045611666937160386,0.06181463224558555,0.1278990950109784,-0.34,0.8474,0.35227142857142857
257.5,257.5,131283400,20230629,TSLA,256.239990234375,257.5,1,0.0333333333700601,0.0333418426618699,0.0333372708011461,0.0333333333647022,0.6999430848878037,0.0333388642101872,0.0333456904755094,0.0333473533496825,0.0333333333671545,0.0333458935118841,-0.4649,-0.4649,-0.4649
261.7699890136719,261.7699890136719,112620800,20230630,TSLA,257.5,261.7699890136719,1,0.06785830953093305,0.1826876801716434,0.09960423123383784,0.023413807608178204,0.04400775950411468,0.050080394873889385,0.16944330951384554,0.1114559794515833,0.023414135557258742,0.2280343925547154,-0.7712,0.5859,0.01754
279.82000732421875,279.82000732421875,119685900,20230703,TSLA,261.7699890136719,279.82000732421875,1,0.12948068281435796,0.23185665623782578,0.19958110524301353,0.02458557760605775,0.024583754201732425,0.17458292313578325,0.08708357969796925,0.02458333481890637,0.02458353621741025,0.07907885002694306,-0.2698,0.5974,0.18985000000000002
282.4800109863281,282.4800109863281,131530900,20230705,TSLA,279.82000732421875,282.4800109863281,1,0.1035647238155596,0.03215233574260975,0.03214515530368705,0.2821340444399309,0.22342557205733996,0.032143715307117,0.0321441728374915,0.03214294960317495,0.0321430298600306,0.19800430103305827,0.0,0.5994,0.2997
276.5400085449219,276.5400085449219,120332100,20230706,TSLA,282.4800109863281,276.5400085449219,0,0.02166666668977127,0.02167226828557513,0.02166678971889413,0.10500063898643548,0.10500130187746602,0.02166666668791603,0.15499880385507217,0.17166329422918494,0.02166666668792137,0.35499690298176295,-0.296,0.1531,-0.14629999999999999
274.42999267578125,274.42999267578125,113879200,20230707,TSLA,276.5400085449219,274.42999267578125,0,0.08472416612056588,0.13769771666634198,0.07255481527485852,0.0980474777763602,0.020535984929040324,0.08824520309739996,0.08303433706199032,0.24616645381723468,0.11720759636593565,0.051786248890272155,0.0,0.5859,0.1413875
269.6099853515625,269.6099853515625,119425400,20230710,TSLA,274.42999267578125,269.6099853515625,0,0.16201048924144285,0.12720021127539263,0.05423356655389994,0.1148156470149061,0.0540029203937611,0.07482169329126599,0.17256115269418962,0.05899798573235671,0.10751334401356752,0.0738429897892171,-0.8102,0.7089,0.0892235294117647
269.7900085449219,269.7900085449219,91972400,20230711,TSLA,269.6099853515625,269.7900085449219,1,0.10708944855689931,0.0799605978461673,0.01966919540225517,0.19778740409970857,0.0930599542771774,0.15073147726897257,0.14974179593110745,0.061380412638156835,0.0363344194060411,0.10424529457351386,-0.2382,0.4588,0.1025
271.989990234375,271.989990234375,95672100,20230712,TSLA,269.7900085449219,271.989990234375,1,0.09764466799441154,0.01388905828175555,0.0138908268896684,0.0138893124079873,0.11774385386355425,0.013889900979976,0.26850905373932676,0.26388945718324136,0.06944454106524894,0.12720932759482956,-0.2244,0.7579,0.26675000000000004
277.8999938964844,277.8999938964844,112681500,20230713,TSLA,271.989990234375,277.8999938964844,1,0.022918234548840573,0.12833654797973781,0.08204855183204297,0.23124310845648752,0.12919742828387787,0.022917136988877526,0.1895770526517296,0.02292678223129545,0.14791523430028963,0.022919922726820526,0.0,0.5499,0.24707500000000002
281.3800048828125,281.3800048828125,120062400,20230714,TSLA,277.8999938964844,281.3800048828125,1,0.054112828535054794,0.11607585969938784,0.09396836272592744,0.04324231367968379,0.12061761982254927,0.07222683044730839,0.2351138554926763,0.06309721115305662,0.03237292941915302,0.16917218902520212,-0.6808,0.936,0.11493913043478261
290.3800048828125,290.3800048828125,131569600,20230717,TSLA,281.3800048828125,290.3800048828125,1,0.04279084443510153,0.078097850238886,0.16490985431471822,0.06058219532850281,0.19044767019939263,0.02057079171262002,0.08965328469339179,0.10182151716459834,0.02056905703187551,0.23055693488091272,-0.631,0.93,0.28946666666666665
293.3399963378906,293.3399963378906,112120300,20230718,TSLA,290.3800048828125,293.3399963378906,1,0.024384379623172366,0.24544838798595842,0.08771864948124672,0.024385584727766748,0.14907424408472195,0.11771621496601599,0.087769917188165,0.07855687254729715,0.041050756733760366,0.14389499266189487,-0.5267,0.6597,0.17464000000000002
291.260009765625,291.260009765625,142355400,20230719,TSLA,293.3399963378906,291.260009765625,0,0.1021402916367079,0.061666815627651514,0.1545227915830702,0.0973832316518909,0.02595298085547703,0.025952751592215658,0.25452416738770917,0.061667504756103476,0.025954120515838956,0.19023534439333475,-0.8176,0.7351,0.04858571428571428
262.8999938964844,262.8999938964844,175158300,20230720,TSLA,291.260009765625,262.8999938964844,0,0.48259272646687507,0.0333341323045045,0.03333386245900915,0.03333333334408925,0.03333335507716245,0.0333366430804403,0.25073515437532296,0.03333333334641845,0.03333412619110955,0.03333333335506795,-0.7506,0.296,-0.22730000000000003
260.0199890136719,260.0199890136719,161796100,20230721,TSLA,262.8999938964844,260.0199890136719,0,0.1704368184262558,0.01750219533263915,0.0175003493398873,0.01750193497612195,0.317500520013871,0.01750000001092625,0.01750000001082655,0.33037062631659664,0.0175016861327042,0.07668586944017065,0.0,0.3612,0.1806
269.0599975585937,269.0599975585937,136508500,20230724,TSLA,260.0199890136719,269.0599975585937,1,0.0261114842808029,0.026112663711307233,0.24277612028523607,0.026111236177170732,0.02611354323374927,0.24277432295666787,0.13722231528904247,0.026111111123234734,0.026111111121843566,0.2205560918209446,-0.4767,0.34,-0.045566666666666665
265.2799987792969,265.2799987792969,112757300,20230725,TSLA,269.0599975585937,265.2799987792969,0,0.15357048961936193,0.09361115166991334,0.16155757063628343,0.022619556802464368,0.03452476168659976,0.30078098362059624,0.03452386230534016,0.11785842935386937,0.02261949402476593,0.058333700280805104,-0.6442,0.7684,0.020614285714285713
264.3500061035156,264.3500061035156,95856200,20230726,TSLA,265.2799987792969,264.3500061035156,0,0.072899795748153,0.08565190172740637,0.0128277960913382,0.15294117916308558,0.01282589441664195,0.16589720741331923,0.19660150896428133,0.06941268475488249,0.012827356996660075,0.2181146747242314,0.0,0.7783,0.3124
255.7100067138672,255.7100067138672,103697300,20230727,TSLA,264.3500061035156,255.7100067138672,0,0.027902592190215222,0.09608308479272303,0.0668643535074809,0.05062815019546412,0.11615568842150639,0.050629299625035686,0.19280293794166442,0.14873591997305674,0.050628949558064344,0.1995690237947886,-0.5994,0.875,0.3274727272727273
266.44000244140625,266.44000244140625,111446000,20230728,TSLA,255.7100067138672,266.44000244140625,1,0.06045601475567995,0.02893046621730186,0.0828289362993593,0.0539302462106808,0.062263411080455446,0.10836289658821334,0.1122647035508623,0.11226060608976299,0.13311536784519945,0.24558735136248422,-0.3612,0.6201,0.04476999999999999
267.42999267578125,267.42999267578125,84582200,20230731,TSLA,266.44000244140625,267.42999267578125,1,0.05068221122760933,0.0229077959877529,0.08063381402358676,0.0389570815446057,0.19083290529830896,0.19790098758427463,0.022904768188098317,0.08106434747408532,0.022904195816123435,0.29121189285555427,-0.936,0.4926,-0.14063333333333336
261.07000732421875,261.07000732421875,83166000,20230801,TSLA,267.42999267578125,261.07000732421875,0,0.05537271261863594,0.18908160612615432,0.05563244721228898,0.09981746451061345,0.0566014641470138,0.1201824065670641,0.17069274546878901,0.09828385228721419,0.0275927790240503,0.12674252203817563,-0.8655,0.7569,-0.019277777777777776
254.1100006103516,254.1100006103516,101752900,20230802,TSLA,261.07000732421875,254.1100006103516,0,0.1366724326873793,0.07467301450291404,0.15004947751506004,0.09967297900967184,0.047972718437213,0.07467152510009355,0.09943906573068606,0.1060245450754999,0.02467223809769457,0.1861520038437873,-0.3382,0.8314,0.41519000000000006
259.32000732421875,259.32000732421875,97569100,20230803,TSLA,254.1100006103516,259.32000732421875,1,0.034481043749696544,0.11613738967016746,0.052662449839987406,0.038271217875518786,0.08371977831407794,0.05235732758576454,0.29603903957662236,0.17693938548269209,0.03826802728459862,0.11112434062087381,-0.7096,0.9285,0.11229090909090908
253.8600006103516,253.8600006103516,99539900,20230804,TSLA,259.32000732421875,253.8600006103516,0,0.07519053786932786,0.13352517702556627,0.02519067188615583,0.13138678759864014,0.06519090120448577,0.23892200508909558,0.13208798551296447,0.10519025570576009,0.02519048890180813,0.06812518920619542,-0.9287,0.7269,0.10979000000000001
251.4499969482422,251.4499969482422,111097900,20230807,TSLA,253.8600006103516,251.4499969482422,0,0.05286554636134643,0.08490510327201385,0.06085714595215058,0.12751148283499197,0.1870060141940358,0.18970742049737008,0.14297244005745288,0.043284072117714276,0.03591231713593052,0.07497845757699319,-0.5137,0.8953,0.22335714285714284
249.6999969482422,249.6999969482422,96642200,20230808,TSLA,251.4499969482422,249.6999969482422,0,0.02493534493969477,0.16202369613204914,0.0782104851805072,0.024937431672539312,0.0999003998913483,0.2018398294842453,0.16690462558779443,0.11561803487089663,0.02493516832455209,0.10069498391637242,-0.9081,0.9137,0.07009090909090908
242.19000244140625,242.19000244140625,101596300,20230809,TSLA,249.6999969482422,242.19000244140625,0,0.05562731167895474,0.0835598483742692,0.08442819012391449,0.12855980601770003,0.10589660171340598,0.07282597196918715,0.03290149241024085,0.19615930628408226,0.16168495798396554,0.07835651344427944,-0.6908,0.5709,-0.11334545454545455
245.33999633789065,245.33999633789065,109498600,20230810,TSLA,242.19000244140625,245.33999633789065,1,0.017780200902522067,0.21135574700816642,0.017778774043786697,0.07508159870981393,0.07333337708605663,0.2382472370585171,0.09086544532190981,0.12888940486446812,0.017778002345719333,0.12889021265903944,-0.4003,0.807,0.3517666666666666
242.6499938964844,242.6499938964844,99038600,20230811,TSLA,245.33999633789065,242.6499938964844,0,0.13375375739377526,0.14623788668833357,0.08297905242255321,0.0706871649099599,0.06421089774255707,0.10826608635447452,0.137617903590125,0.05150944331479636,0.04475279528693475,0.15998501229648998,-0.8122,0.836,0.14434347826086957
239.75999450683597,239.75999450683597,98595300,20230814,TSLA,242.6499938964844,239.75999450683597,0,0.13527312233473632,0.0739284529313588,0.11307666800531635,0.051776936099244227,0.11718115765818202,0.0865464524806715,0.11885292147981684,0.10517781989903241,0.1405839650686563,0.05760250404298494,-0.5848,0.4738,-0.09773749999999998
232.9600067138672,232.9600067138672,88197600,20230815,TSLA,239.75999450683597,232.9600067138672,0,0.17816727161725215,0.028168048265779577,0.0681669109663023,0.1531684829243513,0.0281687743980995,0.07816591636955088,0.21482636740831712,0.12816559683158654,0.02816861777052774,0.09483401344823238,-0.7003,0.7964,-0.09834000000000002
225.6000061035156,225.6000061035156,112484500,20230816,TSLA,232.9600067138672,225.6000061035156,0,0.07418400139464786,0.031459159651854016,0.09820370306329508,0.09096964322058287,0.16782840528053156,0.18959272032991184,0.06269044849820188,0.04127903109489256,0.02152858156794261,0.22226430589813925,-0.4005,0.7906,0.22687500000000002
219.22000122070312,219.22000122070312,120718400,20230817,TSLA,225.6000061035156,219.22000122070312,0,0.07333613471369868,0.027907818439848225,0.16100703110424122,0.15545807250042915,0.047137190949454816,0.05354844484842846,0.15807341736013866,0.09200889642202709,0.11123994353630075,0.12028305012543256,-0.8271,0.6369,-0.10413846153846153
215.4900054931641,215.4900054931641,136276600,20230818,TSLA,219.22000122070312,215.4900054931641,0,0.128511700261223,0.12679220575051173,0.0903526476602798,0.058342406187378536,0.035809879253250874,0.10978810774953117,0.11473101400866749,0.06330130987030982,0.09703197093829684,0.17533875832055032,-0.7814,0.5859,-0.03974285714285714
231.27999877929688,231.27999877929688,135702700,20230821,TSLA,215.4900054931641,231.27999877929688,1,0.08036531784382932,0.1466666768881913,0.06413976978357148,0.021114439148846958,0.04611140604823562,0.06110965462997203,0.16000573293965348,0.07111334028920735,0.08686775587816964,0.2625059065503224,-0.2023,0.6989,0.14762999999999998
233.19000244140625,233.19000244140625,130442800,20230822,TSLA,231.27999877929688,233.19000244140625,1,0.025086389568069176,0.08811685076023969,0.18745867608889444,0.062121850409796044,0.025085758761031744,0.025087111062056765,0.07929141397524965,0.15622377581476318,0.12828164524290758,0.2232465283169913,-0.4588,0.6588,0.09101111111111111
236.8600006103516,236.8600006103516,101077600,20230823,TSLA,233.19000244140625,236.8600006103516,1,0.08656349288709841,0.035054359679418126,0.08693565659268306,0.04470079304083599,0.08984573736176726,0.086767806391655,0.2011490653654301,0.14590435967396467,0.027830160612395793,0.19524856839475122,-0.3612,0.8519,0.3028888888888889
230.0399932861328,230.0399932861328,99777400,20230824,TSLA,236.8600006103516,230.0399932861328,0,0.10694257773465672,0.07687180838748137,0.023613017334720498,0.023611111122693623,0.07756517189280025,0.08610920644686941,0.18722889507122406,0.08611266808995323,0.05295920500390225,0.2789863389156981,0.0,0.184,0.084025
238.58999633789065,238.58999633789065,106612200,20230825,TSLA,230.0399932861328,238.58999633789065,1,0.0719422794592133,0.13419680670745326,0.13526681339353117,0.11192763418154242,0.1383377515687269,0.056109270641325315,0.15176929871267192,0.07051695185909543,0.036323834022384247,0.09360935945405564,-0.7263,0.8617,0.03569
238.82000732421875,238.82000732421875,107673700,20230828,TSLA,238.58999633789065,238.82000732421875,1,0.014444721452957374,0.0699994631177988,0.3899162052348385,0.01444444445485325,0.014444444458602426,0.11413915252962273,0.25872348980751525,0.04222170684707245,0.039444575781195826,0.04222179631554297,-0.68,0.7605,0.16584999999999997
257.17999267578125,257.17999267578125,134047600,20230829,TSLA,238.82000732421875,257.17999267578125,1,0.047256228320479036,0.0917012447891139,0.28402047432979344,0.11221187382266501,0.12086662137339864,0.09586668023574262,0.09323745566518225,0.046441297723102716,0.038922231513031064,0.06947589222749091,-0.25,0.7845,0.12298333333333333
256.8999938964844,256.8999938964844,121988400,20230830,TSLA,257.17999267578125,256.8999938964844,0,0.018892411520605935,0.13000029900608787,0.3478323092959787,0.018889552486188097,0.018888954185264067,0.11609182887583287,0.2927366918216122,0.018890093832956898,0.018888970071032133,0.018888888904440865,-0.3818,0.6249,0.23993333333333333
258.0799865722656,258.0799865722656,108861700,20230831,TSLA,256.8999938964844,258.0799865722656,1,0.04494760398143274,0.08642362737934403,0.08556396801509439,0.17160934913346537,0.10329292832190112,0.0950991362577211,0.09190481696468468,0.16318874843163095,0.041742905584193996,0.11622691593053121,-0.8627,0.8462,0.16291923076923076
245.00999450683597,245.00999450683597,132541600,20230901,TSLA,258.0799865722656,245.00999450683597,0,0.036744206673184024,0.0753091907924156,0.11328371165249074,0.15045378685884675,0.1832445616296236,0.08131060893119517,0.0782085889805555,0.10058890631451486,0.07312676649115149,0.10772967167602183,0.0,0.9324,0.6117
256.489990234375,256.489990234375,129469600,20230905,TSLA,245.00999450683597,256.489990234375,1,0.06008452925003198,0.3321844526882899,0.024524345311949018,0.02452641995183796,0.024524613574332076,0.07452388525033286,0.024524157038321642,0.3860584362700076,0.02452450531138148,0.02452465535351512,-0.3818,0.7684,0.23118
251.9199981689453,251.9199981689453,116959800,20230906,TSLA,256.489990234375,251.9199981689453,0,0.11128532770998346,0.11451120917669794,0.08851285701432544,0.06315032190379628,0.06504035241179633,0.14800562125581315,0.08674212627867828,0.18709488285033782,0.0786631281688238,0.05699417322974709,-0.7052,0.8203,0.20296250000000002
251.4900054931641,251.4900054931641,115312900,20230907,TSLA,251.9199981689453,251.4900054931641,0,0.10710101092372731,0.19532985434780403,0.05087339940490327,0.11296568043997408,0.09516332465940842,0.05981684871161816,0.12338920195097824,0.10639177558141148,0.06054022672648656,0.08842867725368801,-0.8225,0.8925,-0.013643478260869568
248.5,248.5,118367700,20230908,TSLA,251.4900054931641,248.5,0,0.03968187308514999,0.17696680442059373,0.056004438966868464,0.31491225661065025,0.048016273512119574,0.029826393953233766,0.09474503952081333,0.09463900134616245,0.09871396129446937,0.046493957289938624,-0.8172,0.765,-0.15705333333333332
273.5799865722656,273.5799865722656,174667900,20230911,TSLA,248.5,273.5799865722656,1,0.03892949643436217,0.08325169948354881,0.2604969878015241,0.12637590450718392,0.05200404915236625,0.14575286946354035,0.031711283262929026,0.1057958334872174,0.020753516787100287,0.1349283596202273,-0.8176,0.872,-0.07161249999999998
267.4800109863281,267.4800109863281,135999900,20230912,TSLA,273.5799865722656,267.4800109863281,0,0.2749983107707583,0.0250000000332515,0.0250000000355929,0.0250000000360606,0.0250141051516578,0.0250000000388299,0.0250030024507188,0.0250010581723837,0.0250032207156624,0.5249803025950837,0.4767,0.4767,0.4767
271.29998779296875,271.29998779296875,111673700,20230913,TSLA,267.4800109863281,271.29998779296875,1,0.15414640099217242,0.0613513686877206,0.04185263375122616,0.23281873183877103,0.09513333256949276,0.02300338093553028,0.054096175492199985,0.0230000582475785,0.14160025239701468,0.17299766508829323,0.0,0.807,0.45308000000000004
276.0400085449219,276.0400085449219,107709800,20230914,TSLA,271.29998779296875,276.0400085449219,1,0.07909362448019458,0.21177839727729034,0.033637880189007874,0.0943382523321322,0.15759072145163922,0.06212799476527961,0.06788392255746477,0.1126396943530119,0.0336366555350473,0.14727285705893184,0.0,0.9642,0.34343636363636365
274.3900146484375,274.3900146484375,133692300,20230915,TSLA,276.0400085449219,274.3900146484375,0,0.0500000000289635,0.0500000000228329,0.0500000000243985,0.0500000000247338,0.0500000000336837,0.050000000026622,0.5499999997542989,0.0500000000301481,0.0500000000266403,0.0500000000276781,0.1531,0.1531,0.1531
265.2799987792969,265.2799987792969,101543300,20230918,TSLA,274.3900146484375,265.2799987792969,0,0.02300117904501888,0.2329971489277496,0.06338313843825014,0.02300290355738884,0.1990874710313572,0.2129980690000397,0.02300473515186194,0.02300006223517114,0.02300214770259594,0.17652314491056623,-0.2732,0.5106,0.14282
262.5899963378906,262.5899963378906,122514600,20230920,TSLA,266.5,262.5899963378906,0,0.023905855731353287,0.06557136072340511,0.13253301631094208,0.08401599252320843,0.0978052639391438,0.08030115984841071,0.2588119804943057,0.06969613041208089,0.0390641845765649,0.1482950554405847,-0.6249,0.7878,0.1406
255.6999969482422,255.6999969482422,119951500,20230921,TSLA,262.5899963378906,255.6999969482422,0,0.05925804251091388,0.14325072536149527,0.02264669332832299,0.11815817849565384,0.035804323544707604,0.14079382112629557,0.10826112034410953,0.13920248900184512,0.03580436895691933,0.1968202373297365,-0.6915,0.7906,0.03609473684210527
244.8800048828125,244.8800048828125,127524100,20230922,TSLA,255.6999969482422,244.8800048828125,0,0.1183641650607329,0.11097953337756479,0.12081075236727415,0.06504767829842578,0.08241230075155327,0.10109547736683663,0.14907858422417403,0.09175629436708094,0.06523997581426332,0.09521523837209384,-0.7722,0.8201,0.11093333333333333
246.9900054931641,246.9900054931641,104636600,20230925,TSLA,244.8800048828125,246.9900054931641,1,0.04678579559797151,0.02892872055918957,0.10816354670774242,0.2237474415564791,0.10511979949000537,0.10511741804456129,0.07654794960305204,0.15154785223630043,0.028928825727137796,0.1251126504775601,0.0,0.6369,0.32535714285714284
244.1199951171875,244.1199951171875,101993600,20230926,TSLA,246.9900054931641,244.1199951171875,0,0.12031473735590836,0.24461502200306162,0.08269484422942701,0.10763220338229622,0.06133667054267622,0.059118002427347695,0.05643023404222541,0.19388272155412672,0.02032089559702691,0.0536546688659034,-0.8043,0.8302,-0.08234000000000001
240.5,240.5,136597200,20230927,TSLA,244.1199951171875,240.5,0,0.06722293591474307,0.1273794201816927,0.03692230361382121,0.12611267519483252,0.1496417707722329,0.06722235618864345,0.019604419578469513,0.16893261683818167,0.049903937356906285,0.18705756436047632,-0.3182,0.4207,0.09701428571428572
246.3800048828125,246.3800048828125,117058900,20230928,TSLA,240.5,246.3800048828125,1,0.06630773144410573,0.1400901876117953,0.03408640558777953,0.1272230428923974,0.08471238713184316,0.045336410716089535,0.23555459300975343,0.08283310164555124,0.07329976509288488,0.1105563748677994,-0.7717,0.7906,-0.05297058823529414
250.22000122070312,250.22000122070312,128522700,20230929,TSLA,246.3800048828125,250.22000122070312,1,0.03534107415672385,0.16611388583574427,0.05426920411013177,0.09863984772063313,0.09047708323044731,0.1214166452083235,0.10163400515309762,0.16949902158696276,0.023662108020201647,0.13894712497773373,-0.8172,0.8858,0.18076666666666666
251.6000061035156,251.6000061035156,123810400,20231002,TSLA,250.22000122070312,251.6000061035156,1,0.03972293914154146,0.07704982358742939,0.0254378959934636,0.18334724461352186,0.18257756256391952,0.057579807547816185,0.15412015307181776,0.13734179867504634,0.03524467784874153,0.10757809695670195,-0.4404,0.8555,0.1531357142857143
246.52999877929688,246.52999877929688,101985300,20231003,TSLA,251.6000061035156,246.52999877929688,0,0.12103605759996029,0.09036599216715178,0.2075032310305327,0.04663711351003529,0.09575226493652804,0.07275952595210045,0.11513755459839232,0.08034277679440362,0.049756048882212536,0.12070943452868256,-0.9246,0.8779,0.13050434782608694
261.1600036621094,261.1600036621094,129721600,20231004,TSLA,246.52999877929688,261.1600036621094,1,0.0234927168835436,0.14669347138243372,0.07256833057045799,0.13852563361126258,0.08301640367907233,0.10715480106241537,0.0934894562039726,0.20833533603601437,0.07812242913160043,0.048601421439226536,0.0,0.8221,0.5312
260.04998779296875,260.04998779296875,119159200,20231005,TSLA,261.1600036621094,260.04998779296875,0,0.02569662718358565,0.025696535945318417,0.08124981810210345,0.10848524839688246,0.06736482894058966,0.16457910077329907,0.16240944973326518,0.13680471924561222,0.025696341463178035,0.20201733021616544,-0.5983,0.5719,-0.042800000000000026
260.5299987792969,260.5299987792969,118121800,20231006,TSLA,260.04998779296875,260.5299987792969,1,0.08315888922741234,0.12077004330579343,0.0677753483835618,0.13389160693376734,0.0748257253922415,0.09726241189821122,0.0964670463375609,0.14494151356895552,0.02674969016661103,0.1541577247858845,-0.7177,0.6114,0.05164615384615385
259.6700134277344,259.6700134277344,101377900,20231009,TSLA,260.5299987792969,259.6700134277344,0,0.0813165752268187,0.2310892145709438,0.025760670669118784,0.1352452673028265,0.02576075047806255,0.1908586574002199,0.02576062094683802,0.08826098028360646,0.025761112785530168,0.17018615033603468,-0.9246,0.4588,-0.26394999999999996
263.6199951171875,263.6199951171875,122656000,20231010,TSLA,259.6700134277344,263.6199951171875,1,0.16587336826212962,0.134920956453295,0.09087271773400749,0.08253814757965454,0.08253985741684045,0.1850746898984426,0.02420705207598938,0.0759991877471809,0.02420883532732484,0.13376518750513472,-0.5994,0.5859,-0.052550000000000006
262.989990234375,262.989990234375,103706300,20231011,TSLA,263.6199951171875,262.989990234375,0,0.050180618106869086,0.15909976950136892,0.07626533429697695,0.1400913103608987,0.10803975488515706,0.143271027077368,0.06996807709360603,0.06905322568310804,0.031117730133966848,0.15291315286067994,-0.7783,0.9161,0.14440000000000003
258.8699951171875,258.8699951171875,111508100,20231012,TSLA,262.989990234375,258.8699951171875,0,0.02751278591650791,0.04001336578612409,0.0983465671034669,0.10511843354670229,0.09250930916706356,0.20549549099716988,0.1108461975847429,0.02751243083423528,0.10084268324176962,0.19180273582221707,-0.8622,0.6369,-0.022749999999999992
251.1199951171875,251.1199951171875,102073800,20231013,TSLA,258.8699951171875,251.1199951171875,0,0.12508087804722684,0.1591928471197062,0.08997290210843534,0.025083876959042517,0.05795135556573396,0.02507976323534008,0.025081018013840783,0.025079639909968882,0.2649422450348323,0.2025354740058726,-0.807,0.784,-0.03880000000000001
253.9199981689453,253.9199981689453,88917200,20231016,TSLA,251.1199951171875,253.9199981689453,1,0.0166707922398314,0.0166769412312113,0.0166666667041877,0.0166666887288362,0.0166666667184297,0.0166667414235066,0.0166666667071921,0.0166668369423371,0.0166666667076351,0.8499853325968323,-0.3595,-0.3595,-0.3595
254.8500061035156,254.8500061035156,93562900,20231017,TSLA,253.9199981689453,254.8500061035156,1,0.0270843697487496,0.13819585307839952,0.1688949553873177,0.110417983273831,0.13019471517928213,0.13632314944994825,0.12430382802860636,0.027084417722087435,0.027083820133757385,0.11041690799802019,-0.9042,0.4588,-0.18389999999999998
242.67999267578125,242.67999267578125,125147800,20231018,TSLA,254.8500061035156,242.67999267578125,0,0.09392249752859984,0.06679206093748699,0.13998811977119122,0.08999062775394424,0.07018291938867592,0.01856099175105367,0.1104696269845857,0.10031852927331449,0.0690412803025325,0.240733346308615,-0.8957,0.631,-0.13847142857142858
220.1100006103516,220.1100006103516,170772700,20231019,TSLA,242.67999267578125,220.1100006103516,0,0.021875459110372926,0.02187524828760445,0.11562163400327279,0.02187564922923555,0.021877386759223176,0.021876000163750825,0.1052084051240856,0.16708804152118212,0.021875000014042523,0.48082717578722967,-0.9098,0.0,-0.346625
211.9900054931641,211.9900054931641,138010100,20231020,TSLA,220.1100006103516,211.9900054931641,0,0.05771803509881264,0.19319262257064132,0.06882901834268401,0.05549550654926635,0.0776458792742634,0.06660624642225618,0.05819737358973757,0.14718482203650304,0.04160626644957054,0.23352422966626446,-0.7351,0.8473,-0.02272666666666667
212.0800018310547,212.0800018310547,150683400,20231023,TSLA,211.9900054931641,212.0800018310547,1,0.02007936509590922,0.148649901965119,0.10425710321421373,0.05341272067285265,0.11255288918993174,0.08674347451540904,0.0200796075741701,0.2010312074151385,0.020079411237447803,0.23311431911980782,-0.4939,0.6369,0.02802
216.5200042724609,216.5200042724609,118231100,20231024,TSLA,212.0800018310547,216.5200042724609,1,0.0333333333678692,0.0333333333605212,0.0333333333624295,0.0333362330577159,0.0333394701148957,0.0333333333651193,0.6999909632707113,0.0333333333692271,0.0333333333651535,0.0333333333663569,0.6124,0.6124,0.6124
205.75999450683597,205.75999450683597,115112600,20231026,TSLA,212.4199981689453,205.75999450683597,0,0.3666662011117337,0.0333366592935708,0.0333333333700019,0.0333448093033335,0.0333333333839249,0.0333333333733758,0.0333333333729927,0.0333357533707778,0.0333333333733756,0.3666499100469129,-0.2023,-0.2023,-0.2023
207.3000030517578,207.3000030517578,94881200,20231027,TSLA,205.75999450683597,207.3000030517578,1,0.0940482365094502,0.19785813367246,0.03849295950586518,0.03849411143464505,0.12182557434984437,0.03849226886391652,0.06370014810427217,0.19518480282409104,0.0384920634996613,0.17341170123579394,-0.5994,0.7184,0.19684999999999997
197.3600006103516,197.3600006103516,136448200,20231030,TSLA,207.3000030517578,197.3600006103516,0,0.05630017745821412,0.16416473007076354,0.08083726204859676,0.18036608229991852,0.21416836598693964,0.03083333334827896,0.0808332796825078,0.13082926352228402,0.03083334748380282,0.03083415809869346,-0.7897,0.7906,-0.29052
200.83999633789065,200.83999633789065,118068300,20231031,TSLA,197.3600006103516,200.83999633789065,1,0.10353087254579948,0.1417868836298439,0.17191993600233074,0.09600180601655606,0.030785063587732274,0.09381701240385855,0.09352882882789754,0.1183157757772576,0.038756555341376384,0.11155726586734711,-0.7845,0.7485,0.07739411764705884
205.66000366210935,205.66000366210935,121661700,20231101,TSLA,200.83999633789065,205.66000366210935,1,0.11129806066804608,0.10802729439994109,0.2521218017230658,0.10410611428882834,0.14021800396505382,0.051529408103056396,0.05549583970048724,0.0416079412140438,0.09121061914952427,0.044384916787952734,-0.3384,0.7579,0.09331666666666666
218.50999450683597,218.50999450683597,125987600,20231102,TSLA,205.66000366210935,218.50999450683597,1,0.08718511424074464,0.04930500826375397,0.020731310647420655,0.17114912138607055,0.14101500091101757,0.09690681741627565,0.06943381839496014,0.1356891980533127,0.020731688613178572,0.20785292207326517,-0.5983,0.9286,-0.026742857142857155
219.9600067138672,219.9600067138672,119534800,20231103,TSLA,218.50999450683597,219.9600067138672,1,0.032738123047892226,0.15773813992108157,0.03273998635148322,0.1220832676940376,0.032738259714585646,0.032738183471809054,0.3660063202076578,0.032741295759707426,0.032738295264678,0.15773812856706704,0.8005,0.9299,0.857175
219.2700042724609,219.2700042724609,117335800,20231106,TSLA,219.9600067138672,219.2700042724609,0,0.10396621068012106,0.13810878613688415,0.10080622779013917,0.024592217404361825,0.09854793700597421,0.12355021575824945,0.060529234702804455,0.1735464362344644,0.06104966926291415,0.11530306502408676,-0.9403,0.8126,0.0464125
222.17999267578125,222.17999267578125,116900100,20231107,TSLA,219.2700042724609,222.17999267578125,1,0.033299416319157386,0.08458158239640673,0.02208543482822296,0.08141789628947735,0.09500024292983242,0.10842013296452599,0.09064895984371231,0.26691303820362144,0.12208167772003573,0.09555161850500728,-0.2263,0.7876,0.2841125
222.1100006103516,222.1100006103516,106584800,20231108,TSLA,222.17999267578125,222.1100006103516,0,0.05306556289565442,0.05306784286831146,0.11740464459380345,0.21215444360129726,0.022765640467957923,0.07579419931402089,0.051986417193896,0.08336782820428136,0.1212484324229123,0.20914498843786458,-0.872,0.9606,0.22416363636363634
209.97999572753903,209.97999572753903,142110500,20231109,TSLA,222.1100006103516,209.97999572753903,0,0.1,0.1,0.1,0.1,0.1,0.1,0.1,0.1,0.1,0.1,0.2023,0.2023,0.2023
214.6499938964844,214.6499938964844,130994000,20231110,TSLA,209.97999572753903,214.6499938964844,1,0.08515318772039769,0.06884416510497318,0.13039291394783772,0.06072412496274259,0.06917482113909712,0.17433355012944185,0.021555738811771318,0.11877715520948019,0.02155623582735333,0.24948810714690475,-0.83,0.8065,0.10759999999999999
237.41000366210935,237.41000366210935,149771600,20231114,TSLA,223.7100067138672,237.41000366210935,1,0.06899379451112975,0.05866677914205213,0.021390599144031353,0.22693979522624183,0.23411398947605067,0.0880528271704701,0.13944555285721663,0.043118302130140534,0.02139015702530238,0.09788820331736421,-0.2942,0.9032,0.29188333333333333
242.83999633789065,242.83999633789065,150354000,20231115,TSLA,237.41000366210935,242.83999633789065,1,0.05515927199832695,0.3051550518374005,0.027381435078198364,0.027383849826667615,0.16229981086844417,0.08293588553193322,0.0273820445378913,0.13849184876874276,0.027380967958431434,0.14642983359396322,-0.9628,0.9538,-0.2828333333333333
233.58999633789065,233.58999633789065,136816800,20231116,TSLA,242.83999633789065,233.58999633789065,0,0.038888888940903595,0.0388888889299027,0.03889036938799823,0.038888888933343496,0.03888888894942593,0.14999682713335644,0.0388905461804314,0.1500001354804049,0.038888888936796366,0.4277776771274366,-0.8402,0.0,-0.5075666666666666
235.6000061035156,235.6000061035156,116320100,20231120,TSLA,234.3000030517578,235.6000061035156,1,0.08180262991880016,0.19168457058333654,0.13069540845506286,0.07111612845729694,0.11230962750419082,0.15204686447743948,0.060802475631712004,0.08692199867462092,0.027398084385724185,0.0852222119118156,-0.6486,0.5859,0.05809285714285715
241.1999969482422,241.1999969482422,122288000,20231121,TSLA,235.6000061035156,241.1999969482422,1,0.1001904837168207,0.15168664376355548,0.04304614011583441,0.12290075243617721,0.029157405756812083,0.04825431120915936,0.1602785752658215,0.1229323762069836,0.07221551588787975,0.14933779564095545,-0.8601,0.9153,0.010843749999999985
234.2100067138672,234.2100067138672,117950600,20231122,TSLA,241.1999969482422,234.2100067138672,0,0.0829747430958435,0.17547033294744938,0.03665249261312998,0.07374229820906987,0.08664785910086077,0.06691598185479629,0.1600653282599946,0.10331294930102274,0.034368462259739024,0.1798495523580934,-0.9186,0.8621,0.005324999999999992
235.4499969482422,235.4499969482422,65125200,20231124,TSLA,234.2100067138672,235.4499969482422,1,0.10845018432997763,0.1253740848252764,0.09383467587761651,0.04616862714478924,0.11491979407573148,0.09500892161026425,0.12990505731046553,0.1269655508888618,0.05959986356040329,0.0997732403766134,-0.891,0.8711,0.02691111111111111
236.0800018310547,236.0800018310547,112031800,20231127,TSLA,235.4499969482422,236.0800018310547,1,0.1039677113118448,0.1469752869987846,0.14464069949489905,0.0196502935485122,0.26963310997649026,0.01964516685136595,0.0936975089988606,0.019644280452325802,0.0196440391111513,0.16250190325576508,0.0,0.0,0.0
246.72000122070312,246.72000122070312,148549900,20231128,TSLA,236.0800018310547,246.72000122070312,1,0.026750841768130244,0.11378825805068142,0.08151230344784939,0.04120556461623818,0.1582324336849381,0.026751262941898966,0.1645823056550715,0.14894931489770474,0.05452790275806615,0.18369981217942088,-0.7964,0.7876,0.3212
240.0800018310547,240.0800018310547,132353200,20231130,TSLA,244.13999938964844,240.0800018310547,0,0.27834604439870925,0.03805581291217776,0.1384166456968577,0.19461839708481693,0.11305346003269834,0.03805741236983497,0.038057785700132366,0.06305538729020592,0.038060840482417216,0.06027821403214924,0.0,0.8356,0.2552
238.8300018310547,238.8300018310547,121331700,20231201,TSLA,240.0800018310547,238.8300018310547,0,0.02316764851761248,0.08001576290423387,0.08983296257612146,0.1731576004799935,0.023167645614985837,0.14641577685172508,0.30132168222178146,0.02316961434567964,0.06658383952048866,0.0731674669673775,-0.4019,0.0108,-0.15011999999999998
235.5800018310547,235.5800018310547,104099800,20231204,TSLA,238.8300018310547,235.5800018310547,0,0.07417823157226953,0.10201628783600926,0.12417698350088488,0.10046033201455092,0.06984957561639352,0.13789404062666574,0.1735720317780282,0.08283599058513248,0.043874979078977,0.09114154739108805,-0.8689,0.9359,0.06062727272727273
238.72000122070312,238.72000122070312,137971100,20231205,TSLA,235.5800018310547,238.72000122070312,1,0.020452359343060226,0.11402424333778095,0.05146664863816427,0.17239091396527723,0.13503258904447524,0.020452013464168625,0.1535738814934111,0.1552666121886144,0.08022051043745557,0.09712022808759191,-0.6005,0.9431,0.1821375
239.3699951171875,239.3699951171875,126436200,20231206,TSLA,238.72000122070312,239.3699951171875,1,0.029849055113302457,0.20431801638976513,0.1289550524620499,0.10257675503103379,0.16368768716123258,0.1277119419435828,0.047524157448404374,0.08264659502581505,0.06015307486344679,0.05257766456136666,-0.6858,0.4019,-0.0957909090909091
242.63999938964844,242.63999938964844,107142300,20231207,TSLA,239.3699951171875,242.63999938964844,1,0.06506061499064403,0.13309708066288298,0.049266485171636044,0.18904480632015877,0.11880966468784908,0.06404610897535241,0.1106555236291992,0.07595285505397509,0.10025697380806474,0.09380988670023734,-0.8034,0.837,0.13697142857142858
243.83999633789065,243.83999633789065,103126800,20231208,TSLA,242.63999938964844,243.83999633789065,1,0.12666105194613828,0.13933545460067448,0.08063496324675161,0.1415116377082288,0.10672315257014546,0.07219875976352177,0.10965169924433284,0.07130366866965245,0.04511675486821455,0.10686285738233936,-0.9493,0.9081,-0.0776952380952381
239.7400054931641,239.7400054931641,97913900,20231211,TSLA,243.83999633789065,239.7400054931641,0,0.09526575261002097,0.19255534036078223,0.07858202748576794,0.11804254100807868,0.10167540124121295,0.08352329250439855,0.11449677384067827,0.09003030713042579,0.03757349823054217,0.08825506558809207,-0.8074,0.7964,0.006907692307692303
237.00999450683597,237.00999450683597,95328300,20231212,TSLA,239.7400054931641,237.00999450683597,0,0.04704829731445965,0.18038018123141195,0.047047639109354465,0.1303815143444563,0.1070478642038738,0.07141125690299298,0.05538029094855947,0.16054019854582346,0.11204762482458372,0.08871513257448375,-0.4574,0.9041,0.38938
239.2899932861328,239.2899932861328,146286300,20231213,TSLA,237.00999450683597,239.2899932861328,1,0.034444467147026835,0.11763574986472809,0.20110822858618901,0.034444444465714506,0.034444686503925834,0.1455542000635398,0.03444982499684867,0.03444695565755267,0.21791570920486794,0.14555573350960618,-0.7839,0.5106,-0.0911
251.0500030517578,251.0500030517578,160829200,20231214,TSLA,239.2899932861328,251.0500030517578,1,0.0205555555636921,0.020555810209560866,0.020555817010735833,0.0205556432118766,0.5013349071168166,0.02055570339373983,0.0872222133777905,0.10388871778996633,0.020555896638820032,0.18421973568700087,0.1531,0.7717,0.40693333333333337
253.5,253.5,135932800,20231215,TSLA,251.0500030517578,253.5,1,0.05348635470675377,0.16147686997493121,0.09742577121283844,0.08827307019855456,0.08848282291354835,0.1125767869193933,0.061059748964399495,0.13322018545821535,0.0307580504185983,0.1732403392327669,-0.6841,0.4402,0.0335090909090909
252.0800018310547,252.0800018310547,116416500,20231218,TSLA,253.5,252.0800018310547,0,0.022871405725924956,0.17842319314874838,0.05064937876853881,0.05990843399672717,0.1929877411981811,0.04509157157858763,0.022873570260626013,0.17598689476780038,0.14071410977634585,0.11049370077851929,-0.8074,0.8658,-0.04497777777777777
257.2200012207031,257.2200012207031,106737400,20231219,TSLA,252.0800018310547,257.2200012207031,1,0.07611299671285993,0.2705421579006958,0.0205563192078992,0.020559627437733735,0.13166768458241607,0.020556924247308265,0.020565329034995833,0.020556888647424734,0.131669046628373,0.287213025600293,0.0,0.7184,0.3598666666666667
247.13999938964844,247.13999938964844,125097000,20231220,TSLA,257.2200012207031,247.13999938964844,0,0.1959508828323115,0.024526055756495902,0.17452345116950885,0.02452479449571984,0.22451873089277985,0.06287524507592106,0.02452668873590938,0.09119064234455644,0.02452384481827554,0.1528396638785213,-0.6808,0.5106,-0.11811999999999998
254.5,254.5,109594200,20231221,TSLA,247.13999938964844,254.5,1,0.0220837277380181,0.09152726770380137,0.022084301014832886,0.3743735218163688,0.08319497170542153,0.10302344320584271,0.04986236303140362,0.0220855623609784,0.1263481371937524,0.10541670422957976,-0.5574,0.3182,-0.14436666666666667
252.5399932861328,252.5399932861328,93370100,20231222,TSLA,254.5,252.5399932861328,0,0.12093031926075683,0.1649952840329265,0.09987850109881498,0.04841952296757408,0.13759724537076853,0.08413422022667838,0.1602365257805061,0.022448374010974936,0.08137840826212957,0.07998159898886976,-0.9169,0.7845,-0.06001818181818183
256.6099853515625,256.6099853515625,86892400,20231226,TSLA,252.5399932861328,256.6099853515625,1,0.09892913763309992,0.07392987560528752,0.15607187973787642,0.16067588263784202,0.027500154241651927,0.07749961280093312,0.11915029562762695,0.13464088526931386,0.027500000023353656,0.12410227642301423,-0.3647,0.9065,0.11285714285714285
261.44000244140625,261.44000244140625,106494400,20231227,TSLA,256.6099853515625,261.44000244140625,1,0.1291657831530908,0.0291670228899105,0.06250049679783758,0.02916835093343062,0.2374924812992405,0.20045704277639098,0.02916733994357022,0.1245413703358382,0.029167751968090884,0.12917235990259945,-0.4767,0.6114,0.02694000000000001
253.17999267578125,253.17999267578125,113619900,20231228,TSLA,261.44000244140625,253.17999267578125,0,0.02440594559451755,0.0675984253293927,0.290009419474429,0.19367215105232394,0.024405289301013725,0.024408707725089525,0.16917119757121918,0.10924410405513256,0.0726781648401627,0.02440659505671865,-0.4767,0.8225,0.37785
248.47999572753903,248.47999572753903,100891600,20231229,TSLA,253.17999267578125,248.47999572753903,0,0.07662947241296382,0.01962977754454779,0.0473921157028739,0.16014062996904013,0.10462273880294401,0.1784759801142205,0.058409117791716536,0.07466890519872844,0.10477263630877744,0.17525862615418697,-0.5676,0.8908,0.26139444444444443
248.4199981689453,248.4199981689453,104654200,20240102,TSLA,248.47999572753903,248.4199981689453,0,0.02355736728978749,0.1539579241041544,0.023558576929627463,0.04626772940360781,0.17370168471473732,0.2829291888768025,0.0627971313594017,0.1548614381743057,0.05480617327849715,0.023562785869077913,-0.0772,0.9403,0.48625
238.4499969482422,238.4499969482422,121082600,20240103,TSLA,248.4199981689453,238.4499969482422,0,0.03316103236553106,0.145735776960106,0.06106794569440669,0.09884495428339049,0.14813060761923721,0.1251589699348032,0.08219482059513561,0.07947342299710869,0.0315269470450601,0.1947055225052205,-0.8622,0.7954,-0.06889411764705881
237.92999267578125,237.92999267578125,102629300,20240104,TSLA,238.4499969482422,237.92999267578125,0,0.021828620621766152,0.10769981029347739,0.08809351680861158,0.1566720146293188,0.12063720161693095,0.1284915835998641,0.04827657926442543,0.055365524063671845,0.18975892838767033,0.08317622071426303,-0.8919,0.8313,0.04371500000000001
237.4900054931641,237.4900054931641,92488900,20240105,TSLA,237.92999267578125,237.4900054931641,0,0.029723107739898367,0.029723317317736364,0.029722476612311515,0.029723599434487647,0.07138972648363374,0.12313732420079054,0.11305511987129846,0.1547196029012103,0.21456926922980393,0.2042364562088286,-0.6486,0.5994,0.05273333333333335
240.4499969482422,240.4499969482422,85166600,20240108,TSLA,237.4900054931641,240.4499969482422,1,0.02322372194585105,0.07931237584640081,0.07970089933049837,0.19614585255301908,0.08274532228298993,0.09834420660882706,0.04108113999213659,0.17156014084324603,0.09024124981767065,0.13764509077936005,-0.891,0.7951,-0.08027142857142855
234.9600067138672,234.9600067138672,96705700,20240109,TSLA,240.4499969482422,234.9600067138672,0,0.03540205450140814,0.10702391498497575,0.06798408495058503,0.20974221147324731,0.13662678906884526,0.09163265256575369,0.1053441866296794,0.04965688030290874,0.04025743926256555,0.15632978626003075,-0.915,0.7959,0.003792105263157892
233.94000244140625,233.94000244140625,91628500,20240110,TSLA,234.9600067138672,233.94000244140625,0,0.04609547033829828,0.05109666271458063,0.10942638922496986,0.27623983084984094,0.04609622213032395,0.07109588365474549,0.08166118696109577,0.21609592896016494,0.05109561712689652,0.05109680803908314,-0.5106,0.4767,-0.01633
227.22000122070312,227.22000122070312,105873600,20240111,TSLA,233.94000244140625,227.22000122070312,0,0.08150160482781918,0.11654816291819997,0.07448826498087584,0.11467119871610186,0.15480732887994364,0.18447586341347827,0.1106437937652479,0.049283866108546334,0.022146658522406062,0.09143325786738053,-0.6597,0.7901,0.07297272727272727
218.88999938964844,218.88999938964844,123043800,20240112,TSLA,227.22000122070312,218.88999938964844,0,0.03590306322814578,0.09232787047422711,0.16877444358074067,0.19739027048344218,0.09351542390258168,0.05282157173672764,0.03166154517429637,0.09356227959420975,0.12102960757209841,0.11301392425352999,-0.4767,0.7579,0.18437222222222222
219.91000366210935,219.91000366210935,115355000,20240116,TSLA,218.88999938964844,219.91000366210935,1,0.03772751368983324,0.13950095816785893,0.05837873391023462,0.079046450166064,0.12106009968530662,0.12666682922556932,0.13619139085865886,0.07904868772646712,0.07904589980517611,0.14333343676483068,-0.5812,0.5719,0.05787142857142856
211.8800048828125,211.8800048828125,108595400,20240118,TSLA,215.5500030517578,211.8800048828125,0,0.037291829173123084,0.19730790988287708,0.07895950200990769,0.16397709162733098,0.03729346820329269,0.0814393935883457,0.03729409783060526,0.10812566197493609,0.14145744799724694,0.11685359771233414,-0.6588,0.7777,0.11274999999999999
212.19000244140625,212.19000244140625,102260300,20240119,TSLA,211.8800048828125,212.19000244140625,1,0.0170457634367191,0.01704583267243845,0.0170458871225597,0.0170493806033351,0.1163267752236262,0.6753024197663736,0.01704558385586595,0.0170454545522233,0.08904607907521486,0.0170468236916432,-0.6486,0.3182,-0.16519999999999999
208.8000030517578,208.8000030517578,117952500,20240122,TSLA,212.19000244140625,208.8000030517578,0,0.0225080526557799,0.3114564471347821,0.02250080513515065,0.0225000000111555,0.02250013499352045,0.0225000000119975,0.1085339413240496,0.4224978774165631,0.022502741244250647,0.02250000007274995,0.0,0.7003,0.35015
209.13999938964844,209.13999938964844,106605900,20240123,TSLA,208.8000030517578,209.13999938964844,1,0.0333333809852819,0.0333333333415659,0.0333333333421414,0.0333333333422629,0.699999952272464,0.0333333333429462,0.0333333333428515,0.0333333333442037,0.0333333333429535,0.0333333333433285,-0.8074,-0.8074,-0.8074
207.8300018310547,207.8300018310547,123369900,20240124,TSLA,209.13999938964844,207.8300018310547,0,0.041168716513742036,0.2227967709995589,0.11150265152836844,0.05390498346847137,0.02092927984449746,0.0692662307822641,0.14792956277339908,0.09146168681020236,0.07844611338451367,0.1625940038949822,-0.9485,0.6605,0.007789999999999993
182.6300048828125,182.6300048828125,198076800,20240125,TSLA,207.8300018310547,182.6300048828125,0,0.10490423439097965,0.21503278574694573,0.19418718739628593,0.18687098186670048,0.05283015628814961,0.02158069506589025,0.06324657549479781,0.02157850958236655,0.06461891266952283,0.07514996149836066,-0.7678,0.7906,0.026299999999999983
183.25,183.25,107343200,20240126,TSLA,182.6300048828125,183.25,1,0.12450673359260866,0.3207062590990358,0.07027423947933044,0.01953916851067995,0.0195372409433122,0.2690059244018194,0.049844152399684566,0.06120458512678744,0.045843312449723526,0.019538383997017617,-0.296,0.4588,0.1678333333333333
190.92999267578125,190.92999267578125,125013100,20240129,TSLA,183.25,190.92999267578125,1,0.035068386967011506,0.04468369130220218,0.08818251854892994,0.056244426741106864,0.22697746003656374,0.0856163187734481,0.07792135756133768,0.19715472790897065,0.02407948511376359,0.1640716270466653,-0.7717,0.7603,-0.005276923076923077
191.58999633789065,191.58999633789065,109982300,20240130,TSLA,190.92999267578125,191.58999633789065,1,0.01794212648882939,0.0921084074841843,0.05932003503877128,0.12423472919318705,0.11791180179521256,0.06776854008236252,0.10668581584354997,0.08846459369338615,0.11028426325483616,0.21527968712568019,-0.8439,0.9194,-0.035856250000000006
187.2899932861328,187.2899932861328,103221400,20240131,TSLA,191.58999633789065,187.2899932861328,0,0.0219586494705282,0.02196015965825692,0.07751445533931657,0.16887050704595075,0.10528716792787704,0.15949609518059096,0.10126475139414796,0.10529024985197256,0.18862029006119396,0.049737674070164634,-0.3612,0.7184,0.22702222222222224
188.8600006103516,188.8600006103516,91843300,20240201,TSLA,187.2899932861328,188.8600006103516,1,0.03916112051839308,0.1230989006894597,0.1027524015956095,0.09727135177647805,0.09630324878975313,0.02130442341239951,0.039162266095294426,0.16299883101157092,0.09681332004484887,0.22113413606619245,-0.7351,0.7506,0.034935714285714285
187.91000366210935,187.91000366210935,110612700,20240202,TSLA,188.8600006103516,187.91000366210935,0,0.10653701795342013,0.17727522765835904,0.04965806470787528,0.06447152602930177,0.08299030114449085,0.13816942163501858,0.10567066182271576,0.05521174217861364,0.07221193822286577,0.1478040986473387,-0.8834,0.7184,-0.04926666666666667
181.05999755859372,181.05999755859372,134294400,20240205,TSLA,187.91000366210935,181.05999755859372,0,0.020035600821807414,0.020036006580962388,0.10359025253395371,0.2130372878377299,0.08814626893204597,0.1044780097826388,0.033923727507981664,0.15219540426466976,0.08683392887602187,0.17772351286218807,-0.8718,0.9213,0.086225
185.1000061035156,185.1000061035156,122676000,20240206,TSLA,181.05999755859372,185.1000061035156,1,0.04180581165268371,0.09336042620356769,0.05597325647560218,0.11590460935464517,0.14097117828853,0.061848992976894904,0.05180635070350211,0.08902507308013001,0.08000007349813913,0.26930422776630464,-0.8439,0.8519,-0.142375
187.5800018310547,187.5800018310547,111535200,20240207,TSLA,185.1000061035156,187.5800018310547,1,0.08583344986489269,0.22959053256607395,0.027501478960948577,0.052502935118750274,0.06083376235944499,0.06083467071896055,0.09207260509988677,0.19416669044373192,0.027500105904407518,0.16916376896290228,-0.7757,0.9169,-0.05416
189.55999755859372,189.55999755859372,83034000,20240208,TSLA,187.5800018310547,189.55999755859372,1,0.027612752208772802,0.10261081813226289,0.027614091839744698,0.13667316075057764,0.10274575775330881,0.027612247270539493,0.127611331802226,0.08872136232976707,0.027612423853245183,0.3311860540595551,-0.7269,0.8187,-0.0023800000000000045
193.57000732421875,193.57000732421875,84476300,20240209,TSLA,189.55999755859372,193.57000732421875,1,0.07419721360087425,0.11272351526472577,0.0936820003508557,0.09313552934120926,0.1975777711355546,0.08394013734033179,0.16261994306909694,0.07484962365908601,0.047575838096447116,0.059698428141818145,-0.6705,0.8268,0.052536363636363645
188.1300048828125,188.1300048828125,95498600,20240212,TSLA,193.57000732421875,188.1300048828125,0,0.09566771672598037,0.09709064767268985,0.16232733031766305,0.02900010841120576,0.1875332579810708,0.029000639694715058,0.09566739676598265,0.12900161701569762,0.07900110063274587,0.09571018478224848,-0.6249,0.5023,-0.05478000000000001
184.0200042724609,184.0200042724609,86759500,20240213,TSLA,188.1300048828125,184.0200042724609,0,0.06739703665725415,0.06534075625435806,0.0729413892851922,0.07614136323672951,0.2956765151400616,0.1351202265349799,0.04293984930978626,0.04661876731782374,0.0685275350009142,0.12929656126289993,-0.7579,0.7958,-0.012780000000000003
188.7100067138672,188.7100067138672,81203000,20240214,TSLA,184.0200042724609,188.7100067138672,1,0.0836186013363012,0.0196474045857819,0.394642424269121,0.0196446518674479,0.01964285716136375,0.0196433046270213,0.23863167294223533,0.1652427066713515,0.01964310163352325,0.0196432749058524,-0.4215,0.9501,0.2643
200.4499969482422,200.4499969482422,120831800,20240215,TSLA,188.7100067138672,200.4499969482422,1,0.02021232633821491,0.07628418646362817,0.020212016537200297,0.06783132475119619,0.07576503792371352,0.1616504333542229,0.056731778650902474,0.27426860769814077,0.11122601044986337,0.13581827783291694,-0.6705,0.636,-0.06836666666666666
199.9499969482422,199.9499969482422,111346700,20240216,TSLA,200.4499969482422,199.9499969482422,0,0.14134301146769193,0.20788650936946207,0.039670442758266485,0.20491812859293962,0.06858069519171625,0.09881606575622998,0.028336734545160946,0.05533037864096705,0.031832396245886393,0.12328563743167884,-0.7351,0.8519,0.07200769230769231
193.75999450683597,193.75999450683597,104545800,20240220,TSLA,199.9499969482422,193.75999450683597,0,0.10632444196721999,0.12831520274306846,0.03549302759468617,0.11196825366084476,0.12299443688277181,0.13282431761101116,0.056326063402155305,0.13906993629627276,0.08208358065697027,0.0846007391849989,-0.6557,0.7263,0.17163
194.7700042724609,194.7700042724609,103500300,20240221,TSLA,193.75999450683597,194.7700042724609,1,0.030260205494009162,0.15061649170219174,0.017692031926312014,0.048942897407957285,0.08051621198347324,0.0676905811061409,0.10623228154451532,0.19082263540020272,0.017691019481163275,0.2895356439540339,-0.9423,0.7574,-0.007275000000000011
197.41000366210935,197.41000366210935,92739500,20240222,TSLA,194.7700042724609,197.41000366210935,1,0.027313147864532525,0.10092017680246076,0.08697111600496377,0.12716655195008314,0.07715875600345228,0.09684398119885095,0.19546898156869316,0.1523591893487971,0.040364919127668326,0.09543318013049752,-0.7964,0.902,0.03694999999999999
191.97000122070312,191.97000122070312,78841900,20240223,TSLA,197.41000366210935,191.97000122070312,0,0.07564921055685131,0.13704036178040344,0.07565099395298747,0.1415250712520576,0.03718943581569582,0.1051376340217165,0.09092325087990748,0.20238422448225363,0.024370170408618202,0.11012964684950809,-0.9263,0.8591,0.05706153846153846
199.3999938964844,199.3999938964844,111747100,20240226,TSLA,191.97000122070312,199.3999938964844,1,0.1260670087079284,0.0625115959877235,0.05387586327345573,0.06831503989975844,0.12333551088796003,0.12068909349730367,0.15823662752085021,0.05738971526852572,0.1301682382966163,0.09941130665987745,-0.7003,0.7964,0.13493529411764704
199.72999572753903,199.72999572753903,108645400,20240227,TSLA,199.3999938964844,199.72999572753903,1,0.020111472926539305,0.10123959737700026,0.16816586444399478,0.11186583410817565,0.17095315176831102,0.04556812538566305,0.11741120093134658,0.11527500083261799,0.0582115002523894,0.09119825197396153,-0.8313,0.7958,-0.12948888888888888
202.0399932861328,202.0399932861328,99806200,20240228,TSLA,199.72999572753903,202.0399932861328,1,0.03400940336842047,0.13658763524894352,0.12964706549866703,0.07897006415820536,0.05325406894737055,0.08896938552232427,0.19610584631215564,0.05325330634579452,0.01754094819078263,0.21166227640733556,-0.7996,0.5574,-0.15007142857142858
201.8800048828125,201.8800048828125,85907000,20240229,TSLA,202.0399932861328,201.8800048828125,0,0.02348371353144922,0.11111715085507996,0.13651084803449975,0.07903871640247531,0.03935717596750574,0.08136611658292844,0.07595317853561626,0.24532608501436032,0.02348375424297213,0.18436326083311247,-0.4728,0.8478,0.2306888888888889
202.63999938964844,202.63999938964844,82243100,20240301,TSLA,201.8800048828125,202.63999938964844,1,0.13254079369457802,0.021430471424906835,0.06641709596646943,0.21043453451253055,0.021429018904726566,0.021429153259926798,0.22130571786432962,0.07695509672235623,0.021430803522057368,0.20662731412811822,-0.8316,0.0,-0.2772
188.13999938964844,188.13999938964844,134334900,20240304,TSLA,202.63999938964844,188.13999938964844,0,0.02428797625047563,0.11203245714110178,0.03952283120957626,0.05590449101006304,0.09724432363987434,0.03693390434487531,0.09473595284514799,0.11952356110665367,0.16084864596010418,0.25896585649212744,-0.0258,0.9652,0.3299142857142857
180.7400054931641,180.7400054931641,119660800,20240305,TSLA,188.13999938964844,180.7400054931641,0,0.06004605831949932,0.10006042877511989,0.05996179348592832,0.16156990556555498,0.10583915361730008,0.09684018840974377,0.09549515597039288,0.11485673611568976,0.07395585024940575,0.13137472949136483,-0.892,0.8931,-0.030175675675675678
176.5399932861328,176.5399932861328,107920900,20240306,TSLA,180.7400054931641,176.5399932861328,0,0.1080774348264797,0.12508261594175737,0.08867466174883777,0.23828981488836395,0.04842794044154183,0.051497178232969044,0.1248308177546311,0.09746838740144503,0.05381090375812046,0.06384024500585334,-0.6597,0.8016,0.21709473684210528
178.64999389648438,178.64999389648438,102129000,20240307,TSLA,176.5399932861328,178.64999389648438,1,0.04861223787809822,0.16302437433073538,0.10276378980265982,0.12381153256342686,0.08923600405702538,0.06945769376703054,0.1355839650828609,0.08090321760504597,0.023612198296107712,0.16299498661700873,-0.7906,0.8591,0.18885
175.33999633789062,175.33999633789062,85544600,20240308,TSLA,178.64999389648438,175.33999633789062,0,0.06333379557414204,0.1531775406055773,0.14822919204301482,0.24608188670713455,0.07464398602868136,0.08634492248635679,0.04389025299761679,0.035952806947393154,0.05109527214336749,0.09725034446671525,-0.7269,0.8074,0.20239285714285712
177.77000427246094,177.77000427246094,85391500,20240311,TSLA,175.33999633789062,177.77000427246094,1,0.03535286992746825,0.09154826883234474,0.1131522849977856,0.18866505903317735,0.04817048001895173,0.07415081954127979,0.052084390677145806,0.10329862383102538,0.13278566077885567,0.1607915423619653,-0.5719,0.864,0.26443076923076925
177.5399932861328,177.5399932861328,87391700,20240312,TSLA,177.77000427246094,177.5399932861328,0,0.14539007538891296,0.0953303117833453,0.09228278798407799,0.11100899094176546,0.12740353807417568,0.03287547757535332,0.039890654075718755,0.16964515509250278,0.07004956951424089,0.1161234395699064,-0.9142,0.7351,-0.2237714285714286
169.47999572753906,169.47999572753906,106524500,20240313,TSLA,177.5399932861328,169.47999572753906,0,0.15014481153554535,0.1358791636475433,0.07129373562929099,0.104313788620075,0.10311269664889633,0.11756383359168096,0.10277899394161133,0.0556078350168897,0.031098022000914854,0.1282071193675518,-0.8867,0.7184,-0.12569999999999998
162.5,162.5,126325700,20240314,TSLA,169.47999572753906,162.5,0,0.13810230001760887,0.11707602875972667,0.023940440439970605,0.030355121294903586,0.07533159296501865,0.1258466266786955,0.13598495670369018,0.05462360327474286,0.18114252727133312,0.1175968025943095,-0.6486,0.7424,0.13881176470588236
163.57000732421875,163.57000732421875,97146800,20240315,TSLA,162.5,163.57000732421875,1,0.10901002218119196,0.07416112584562129,0.03628595646203263,0.11363242301866724,0.0850702991838411,0.2001289433734412,0.08366428588243445,0.09146557569909051,0.09374591211705274,0.11283545623662647,-0.8357,0.7814,-0.12460689655172413
173.8000030517578,173.8000030517578,108214400,20240318,TSLA,163.57000732421875,173.8000030517578,1,0.1025355892370167,0.06265134150036161,0.07774754413940162,0.1572065063243881,0.12968711234796312,0.10725619569225414,0.04993601866977511,0.13577664199005796,0.04008168776258973,0.13712136233619146,-0.7269,0.8399,0.04266666666666668
171.32000732421875,171.32000732421875,77271400,20240319,TSLA,173.8000030517578,171.32000732421875,0,0.04346261491724612,0.12954067223744672,0.09613469560608998,0.2478039813713812,0.038466629728406344,0.05394564944457434,0.12795680776381416,0.07285742067628227,0.11226543455547515,0.07756609369928325,-0.5487,0.7626,0.04332666666666666
175.66000366210938,175.66000366210938,83846700,20240320,TSLA,171.32000732421875,175.66000366210938,1,0.07613068786871319,0.10613187600460175,0.035974583447072,0.0987063388586969,0.08860460871027973,0.019911619812280845,0.16410521570989184,0.1398743391292917,0.08600195324861035,0.18455877721056127,-0.8142,0.5707,-0.1541923076923077
172.82000732421875,172.82000732421875,73178000,20240321,TSLA,175.66000366210938,172.82000732421875,0,0.03143431315775873,0.15063359522591252,0.08173937360203436,0.13270957568289382,0.12814544015760856,0.07943244629877724,0.052784684769863165,0.0737011019161173,0.06799504877408312,0.20142442041495076,-0.8977,0.8979,-0.18417894736842105
170.8300018310547,170.8300018310547,75580600,20240322,TSLA,172.82000732421875,170.8300018310547,0,0.06494725905110545,0.023281173337948585,0.0232804305772804,0.08490520359038874,0.23756278402410422,0.10661250632696044,0.1766300182275328,0.16613840866534726,0.023280537828058983,0.09336167837127257,-0.4588,0.9524,0.17561666666666667
172.6300048828125,172.6300048828125,74228600,20240325,TSLA,170.8300018310547,172.6300048828125,1,0.022292852962921373,0.07229011926803583,0.022296972774214826,0.09093001074060382,0.037328348023841364,0.03735515594383704,0.06106063161390035,0.3243725604981671,0.07229130542278424,0.25978204275169364,-0.5994,0.6888,-0.024300000000000016
177.6699981689453,177.6699981689453,113186200,20240326,TSLA,172.6300048828125,177.6699981689453,1,0.04244897297114201,0.1262400500264072,0.1363409334168461,0.06662677274639618,0.05389575711385917,0.08827159856216042,0.13040400176199227,0.08048671786362811,0.07510563763413118,0.20017955790343692,-0.8481,0.743,0.023612499999999995
179.8300018310547,179.8300018310547,81804000,20240327,TSLA,177.6699981689453,179.8300018310547,1,0.05973753981649199,0.06022826409391415,0.09637835683629835,0.12519042000867317,0.056485987182076036,0.1302241014379721,0.09576725332554804,0.17583780651938183,0.11215470810245824,0.08799556267718565,-0.856,0.7993,0.15280000000000002
175.7899932861328,175.7899932861328,77654800,20240328,TSLA,179.8300018310547,175.7899932861328,0,0.09094445287531039,0.12383642785519464,0.06771023456230704,0.14068905806547216,0.0437510449576127,0.04319258442943753,0.126085053028816,0.11536482378062951,0.05729333952433137,0.1911329809208882,-0.969,0.765,-0.017449999999999993
175.22000122070312,175.22000122070312,81562100,20240401,TSLA,175.7899932861328,175.22000122070312,0,0.027977458906279444,0.09940575902527603,0.045673913567071164,0.15387869920701647,0.09940498115737557,0.19464204817045522,0.027978694748789255,0.18794475243533548,0.027976219264603485,0.1351174735177975,-0.2481,0.7003,0.2462857142857143
166.6300048828125,166.6300048828125,116650600,20240402,TSLA,175.22000122070312,166.6300048828125,0,0.07880584886039359,0.0549555640210831,0.09747309289159009,0.1522144343180656,0.0549554597960478,0.09066637272689963,0.10481586701101661,0.019240485775552985,0.04802034425856342,0.2988525303407868,-0.93,0.5667,-0.3130571428571428
168.3800048828125,168.3800048828125,82950100,20240403,TSLA,166.6300048828125,168.3800048828125,1,0.025727044254800102,0.15597144597725052,0.06335877401688626,0.10898843132400754,0.03141798189879132,0.048745142001677726,0.18205226204824768,0.16726355971375212,0.12180143807335779,0.09467392069122851,-0.7964,0.9577,0.1750307692307692
171.11000061035156,171.11000061035156,123162000,20240404,TSLA,168.3800048828125,171.11000061035156,1,0.08147614411199317,0.1953803337968462,0.07631735269011285,0.15256321892740593,0.1153098298127078,0.02087133152163131,0.033586054856179666,0.13730879075354074,0.03176478014268486,0.1554221633868971,-0.5448,0.9415,0.4517545454545454
164.89999389648438,164.89999389648438,143157600,20240405,TSLA,171.11000061035156,164.89999389648438,0,0.024797263745787345,0.15686080427417756,0.17179448205617934,0.07979990473288665,0.0687339692805701,0.024796657105900108,0.11671522499305564,0.12481180045112089,0.059234729624780484,0.17245516373554146,-0.8419,0.9194,0.15696000000000002
172.97999572753906,172.97999572753906,104423300,20240408,TSLA,164.89999389648438,172.97999572753906,1,0.3182408845472966,0.022500189756087148,0.022501656370248903,0.022500000030156397,0.02250000004105435,0.02250000003247085,0.02250321579051755,0.27249307194078803,0.0225007438959811,0.2517602375953988,0.0,0.3612,0.1806
176.8800048828125,176.8800048828125,102951700,20240409,TSLA,172.97999572753906,176.8800048828125,1,0.23582128616627773,0.14886760731002904,0.0586326541972524,0.07638107165031836,0.02329856247297607,0.06835080331230536,0.05390948567321468,0.07586629593345434,0.06495996919740182,0.19391226408676973,-0.8858,0.7579,-0.163075
171.75999450683594,171.75999450683594,84532400,20240410,TSLA,176.8800048828125,171.75999450683594,0,0.09318772129279382,0.07651941226274496,0.02652167420871835,0.15867311668869039,0.07985371644224606,0.10452110230506377,0.08516082871424649,0.23752225476803113,0.051519970572409944,0.08652020274505462,-0.5267,0.7684,0.16716000000000003
174.60000610351562,174.60000610351562,94516000,20240411,TSLA,171.75999450683594,174.60000610351562,1,0.10243706443727243,0.050088043747596095,0.06650561608255313,0.20020903355232528,0.17151353060394503,0.08471472918858025,0.04233040069750292,0.039266319308113924,0.07831817727498312,0.1646170851071274,-0.802,0.7345,-0.15614545454545456
171.0500030517578,171.0500030517578,64722700,20240412,TSLA,174.60000610351562,171.0500030517578,0,0.27606300251463967,0.08578969867271996,0.20996953791141607,0.02341415988588934,0.02341269843058378,0.1091292327794146,0.15198025903056284,0.02341415206453408,0.02341278809343406,0.0734144706168051,-0.0299,0.8357,0.28853999999999996
161.47999572753906,161.47999572753906,100245300,20240415,TSLA,171.0500030517578,161.47999572753906,0,0.06299232244728878,0.17368274876136797,0.082039279202674,0.08529494028060519,0.05505619379206207,0.12007949872274909,0.15750970340736117,0.0639259168100281,0.07964111974195667,0.1197782768339065,-0.6588,0.7968,0.00027142857142857323
157.11000061035156,157.11000061035156,97000000,20240416,TSLA,161.47999572753906,157.11000061035156,0,0.06979491756777612,0.06915858725019548,0.11868153010939124,0.09111484455971716,0.08631744745241995,0.11545730969855911,0.10868205443298708,0.15682409189191027,0.03487368325997438,0.14909553377706874,-0.8208,0.6705,0.07662666666666666
155.4499969482422,155.4499969482422,82439700,20240417,TSLA,157.11000061035156,155.4499969482422,0,0.03633531969631974,0.26411840405677245,0.19633351289006457,0.08633387633618997,0.07187944215403261,0.036333475460915844,0.1196665685327094,0.1163307757654151,0.03633464810316534,0.03633397700441468,-0.5093,0.6705,-0.01851999999999999
149.92999267578125,149.92999267578125,96098800,20240418,TSLA,155.4499969482422,149.92999267578125,0,0.02764983215864562,0.13638142939141165,0.11639526064433815,0.19960918369436395,0.1407442470454452,0.05542707864197868,0.08181575439178498,0.14223249418223982,0.0443164154580555,0.05542830439173594,-0.8442,0.6908,-0.06962499999999999
147.0500030517578,147.0500030517578,87074500,20240419,TSLA,149.92999267578125,147.0500030517578,0,0.08823200339643084,0.16479652559524588,0.047377469961260195,0.10411717001118014,0.0204367666514674,0.03420066531406127,0.19061001962401358,0.12645562922507803,0.04316458662978194,0.18060916359148033,-0.6461,0.7253,0.05695454545454544
142.0500030517578,142.0500030517578,107097600,20240422,TSLA,147.0500030517578,142.0500030517578,0,0.03984281407546525,0.08849631612779307,0.11777537416484914,0.11762492491486927,0.0635296376239867,0.1805321313764909,0.14666992741347704,0.08440810458818046,0.03980436479926054,0.1213164049156273,-0.7717,0.7906,0.021724999999999998
144.67999267578125,144.67999267578125,124545100,20240423,TSLA,142.0500030517578,144.67999267578125,1,0.06579654059477519,0.08786754829302723,0.06455157587557991,0.15609210940990192,0.09648416013473105,0.0864939867636372,0.16754500361321778,0.03962183983831167,0.14298386809850583,0.0925633673783118,-0.7003,0.5707,-0.008447058823529415
162.1300048828125,162.1300048828125,181178000,20240424,TSLA,144.67999267578125,162.1300048828125,1,0.020278566189684735,0.2572966042841283,0.0202779328653885,0.2937972225105326,0.11161560547832211,0.06194539174235842,0.0568600924726422,0.13737133324382278,0.020277953909018383,0.02027929730410145,-0.7469,0.8172,0.12241666666666669
170.17999267578125,170.17999267578125,126427500,20240425,TSLA,162.1300048828125,170.17999267578125,1,0.09854803230854017,0.15505076488521222,0.12877808349595143,0.10604645252392643,0.22235276751868183,0.03826886740454705,0.0197498220322629,0.15466779609521286,0.019748877904617733,0.0567885358310469,-0.9441,0.7501,-0.06896666666666668
168.2899932861328,168.2899932861328,109815700,20240426,TSLA,170.17999267578125,168.2899932861328,0,0.10654668654651718,0.130204875164189,0.13323429492325997,0.055515574832910065,0.08243707907296761,0.11219286966010555,0.08462595982452233,0.060108499717439166,0.06650258006851412,0.16863158018957455,-0.7461,0.8776,0.045856521739130435
194.0500030517578,194.0500030517578,243869700,20240429,TSLA,168.2899932861328,194.0500030517578,1,0.02144244215319659,0.1377469223089523,0.05485101717599166,0.04525268848420548,0.02144210549293985,0.0506020889428047,0.24638399970822203,0.15544569555734786,0.12079905529747624,0.14603398487886282,-0.8519,0.8824,0.24397692307692306
183.27999877929688,183.27999877929688,127031800,20240430,TSLA,194.0500030517578,183.27999877929688,0,0.05674231455976225,0.0984096496289979,0.12215732940461903,0.05020177719383806,0.06886496421854754,0.11784020378833412,0.11728580660577195,0.14840877905276179,0.10680625317959565,0.11328292236777127,-0.4939,0.6705,0.14706999999999998
179.99000549316406,179.99000549316406,92829700,20240501,TSLA,183.27999877929688,179.99000549316406,0,0.19875023507114684,0.023750577297090274,0.3237470760138377,0.0237506519341558,0.08624836609800106,0.02375664117763785,0.0237500773884729,0.023754929729497852,0.14874522326385534,0.12374622202630395,0.0,0.8932,0.323775
180.00999450683594,180.00999450683594,89148000,20240502,TSLA,179.99000549316406,180.00999450683594,1,0.1132801956977044,0.1401310811938764,0.03791012466284084,0.20540932020455763,0.17858845500330955,0.10986552167412215,0.05412632926941018,0.05490264154401482,0.018679935522996606,0.08710639522716696,-0.9674,0.9115,-0.012746153846153851
181.19000244140625,181.19000244140625,75491500,20240503,TSLA,180.00999450683594,181.19000244140625,1,0.09912476570897089,0.0726855889645002,0.07649759228123995,0.10506621643289259,0.03222205197805164,0.20256937422086588,0.11219083021836641,0.07847999944164928,0.025213976260865474,0.1959496044925972,-0.6124,0.6908,0.04734615384615383
184.75999450683597,184.75999450683597,84390300,20240506,TSLA,181.19000244140625,184.75999450683597,1,0.1822690935673568,0.07612316297444811,0.09000943890376341,0.11778856659902377,0.08445286896647104,0.09766232206693153,0.05112193012693717,0.10042859147425527,0.14485652675319735,0.055287498567615175,-0.7424,0.6696,0.09666666666666668
177.80999755859375,177.80999755859375,75045900,20240507,TSLA,184.75999450683597,177.80999755859375,0,0.027075086474606037,0.06879183234501719,0.17645218039072957,0.10346977095296218,0.027074676812498998,0.05338162167666158,0.1179828673249287,0.06874293951773275,0.04980123840472921,0.30722778610013346,-0.2732,0.7924,0.16036250000000002
174.72000122070312,174.72000122070312,79969500,20240508,TSLA,177.80999755859375,174.72000122070312,0,0.20194247264458678,0.02708712331843648,0.0687511455902724,0.17985788893882038,0.1381927820378951,0.027083504801335534,0.06874810867938703,0.02708449649065135,0.10916914897413761,0.1520833285244769,-0.5562,0.6133,0.17259999999999998
171.97000122070312,171.97000122070312,65950300,20240509,TSLA,174.72000122070312,171.97000122070312,0,0.041763863985661946,0.025081282608133505,0.15602921516740367,0.3202251961773031,0.10850316569103817,0.07188711486947037,0.07543590971909882,0.10007948547246547,0.0488891521697626,0.05210561413966191,-0.5859,0.8271,0.07399285714285712
168.47000122070312,168.47000122070312,72627200,20240510,TSLA,171.97000122070312,168.47000122070312,0,0.02576239247682354,0.09576145231002939,0.2116361666823361,0.11833950230551497,0.12436128100110122,0.1390937230242572,0.06444691336918391,0.0877740022644759,0.025762170650798832,0.10706239591547854,-0.7269,0.4939,0.020680000000000004
171.88999938964844,171.88999938964844,67018900,20240513,TSLA,168.47000122070312,171.88999938964844,1,0.0681277312669683,0.16691350295167162,0.051937420205198856,0.12540490020958692,0.10862027002409377,0.16197212113636167,0.08481404313007897,0.03549739888847989,0.08557352989612095,0.11113908229143862,-0.9382,0.4588,-0.14579
177.5500030517578,177.5500030517578,86407400,20240514,TSLA,171.88999938964844,177.5500030517578,1,0.1383980790413068,0.0846483204108166,0.09487090237321485,0.06294684756426087,0.027501848367631827,0.22541722704050512,0.12124919436506604,0.05875039713902399,0.05874893936106928,0.12746824433710421,-0.624,0.7964,0.1261
173.99000549316406,173.99000549316406,79663000,20240515,TSLA,177.5500030517578,173.99000549316406,0,0.1082816570398334,0.2123917771624438,0.024882944236919984,0.024883167480051826,0.05014774669671281,0.1271940772091777,0.05826265704009238,0.0725019322684959,0.18943314557972157,0.13202089528655023,-0.2617,0.8172,0.5573714285714286
174.83999633789062,174.83999633789062,59812200,20240516,TSLA,173.99000549316406,174.83999633789062,1,0.2511301911079975,0.018989540580036525,0.018989235038851027,0.14041533305066914,0.018988427780306124,0.1314881815453493,0.2356537033710556,0.01898892523086575,0.060654949949529274,0.10470151234533932,-0.6696,0.5106,-0.03974999999999998
177.4600067138672,177.4600067138672,77445800,20240517,TSLA,174.83999633789062,177.4600067138672,1,0.03194538883022017,0.08385594118681404,0.14670047716638407,0.03194624437742317,0.03194631315695153,0.15694321571891653,0.365266922669633,0.03194514404018126,0.0319511015557962,0.08749925129767956,-0.5719,0.5562,0.005633333333333342
174.9499969482422,174.9499969482422,61727400,20240520,TSLA,177.4600067138672,174.9499969482422,0,0.08809877781742198,0.10649539655946726,0.12608593482778901,0.14797253175276537,0.07105433093893286,0.07023275302302982,0.08474341813358212,0.11201158951596928,0.10415115830592202,0.0891541091251199,-0.7678,0.8126,0.339596
186.6000061035156,186.6000061035156,115266500,20240521,TSLA,174.9499969482422,186.6000061035156,1,0.1337503566622787,0.28088709027461223,0.06672282299410888,0.028259447607219674,0.17760759013032626,0.028259582772704867,0.10233416436969293,0.07010565839618346,0.056036194334626206,0.05603709245824637,-0.9117,0.7906,-0.06007777777777777
173.74000549316406,173.74000549316406,71975500,20240523,TSLA,180.11000061035156,173.74000549316406,0,0.054963552959300756,0.16216411774225942,0.04491640173691899,0.10970694817784292,0.17323681765201088,0.09444966273957102,0.11628188359491211,0.16045669701565687,0.021972340784690646,0.06185157759683593,-0.8176,0.6588,-0.03389333333333333
179.24000549316406,179.24000549316406,65584500,20240524,TSLA,173.74000549316406,179.24000549316406,1,0.08112972953364068,0.15992351878449343,0.09214796062224909,0.16442713896224478,0.058365187967501356,0.12207286742374383,0.08009777756342919,0.04503734809933459,0.07887712921274759,0.11792134183061496,-0.8584,0.7579,0.07980714285714285
176.75,176.75,59736600,20240528,TSLA,179.24000549316406,176.75,0,0.027777777784816965,0.027778685063259034,0.10843664741495672,0.11694714257164217,0.027779054534828235,0.02777959778150213,0.19118251911569142,0.1971168953181401,0.02777820925943787,0.24742347115572505,0.0,0.5848,0.3478666666666667
176.19000244140625,176.19000244140625,54782600,20240529,TSLA,176.75,176.19000244140625,0,0.06801791749751358,0.06302951598315545,0.12722599260077397,0.045929035788220475,0.04592853433051109,0.16331038641209847,0.06865542377600908,0.18388979159613184,0.06767270760510057,0.16634069441048507,-0.7806,0.4926,-0.05567272727272729
178.7899932861328,178.7899932861328,77618400,20240530,TSLA,176.19000244140625,178.7899932861328,1,0.10669400308010053,0.1210475311137249,0.10924063715956958,0.1029079718509687,0.11500026324237587,0.09617809066930073,0.07692466426287238,0.08169351431836205,0.0940005463786832,0.09631277792404165,-0.7351,0.872,0.16777142857142857
178.0800018310547,178.0800018310547,67314600,20240531,TSLA,178.7899932861328,178.0800018310547,0,0.13509657824949461,0.15379356375722408,0.051748096594470216,0.07396838277316692,0.11066693847621653,0.05174744443400993,0.05174682324557026,0.18507595573041702,0.08031949731405806,0.10583671942537212,-0.3612,0.8591,0.18409999999999999
176.2899932861328,176.2899932861328,68568900,20240603,TSLA,178.0800018310547,176.2899932861328,0,0.0350010973743205,0.11833444787284629,0.060000173199057726,0.10999820723543227,0.09749839733346999,0.2641663182128691,0.03500000001270562,0.1350002991501859,0.03500067104663938,0.11000038856247282,-0.4576,0.7893,0.10925
174.77000427246094,174.77000427246094,60056300,20240604,TSLA,176.2899932861328,174.77000427246094,0,0.06153399961595595,0.024493803225187464,0.06877594910573823,0.08536018575083071,0.07106002689474675,0.013919167120552,0.35353942845044495,0.11243240690109867,0.013917060567337167,0.1949679723681077,-0.5574,0.6597,-0.015316666666666682
175.0,175.0,57953800,20240605,TSLA,174.77000427246094,175.0,1,0.0895233557681142,0.1945385459576048,0.040274894999394024,0.1580270016264921,0.024116483091973614,0.03759332293185714,0.2476287020690085,0.024116011727319916,0.13840115758968533,0.04578052423855001,-0.296,0.8553,0.1608285714285714
177.94000244140625,177.94000244140625,69887000,20240606,TSLA,175.0,177.94000244140625,1,0.17836379900066268,0.04559004449284659,0.03482200253832039,0.04570939449992673,0.12433801481340415,0.18617082911596547,0.1272455438079019,0.038011293383950234,0.17750798807644003,0.04224109027058136,-0.34,0.8398,0.21591875
177.47999572753906,177.47999572753906,56244900,20240607,TSLA,177.94000244140625,177.47999572753906,0,0.0160736598506841,0.016071840155037702,0.044642813394653494,0.11607136865007342,0.16607169970618785,0.2732141086592419,0.01607169431550294,0.06964217966820152,0.10444301874407488,0.17769761685634178,-0.4939,0.8122,0.04142
173.7899932861328,173.7899932861328,50774600,20240610,TSLA,177.47999572753906,173.7899932861328,0,0.058754463493979024,0.18629481260338435,0.10133078297927164,0.08792329733699193,0.10959569757966475,0.04952205747806828,0.16381489335875304,0.15710412296708232,0.041066950960100504,0.044592921242703754,-0.7783,0.9134,0.07622666666666666
170.66000366210938,170.66000366210938,64761900,20240611,TSLA,173.7899932861328,170.66000366210938,0,0.033230580963427105,0.10679261149915807,0.0640412096441053,0.14290573918495084,0.2275694586257794,0.11914407147198215,0.1114205062121041,0.060645924137974525,0.019938105809399385,0.11431179245111878,-0.5574,0.7845,0.24397142857142856
177.2899932861328,177.2899932861328,90389400,20240612,TSLA,170.66000366210938,177.2899932861328,1,0.05041217459426062,0.14207546631174792,0.2060210333702006,0.07888546983897221,0.025409376172150173,0.18595260552321746,0.025410506124790233,0.09996451489681393,0.11160109319972573,0.07426775996812071,-0.7184,0.5499,0.02976000000000001
182.47000122070312,182.47000122070312,118984100,20240613,TSLA,177.2899932861328,182.47000122070312,1,0.027918649779582222,0.027918822094693048,0.19458176642016828,0.11895596935339524,0.02791755231956035,0.0279166666827835,0.232710149128457,0.077920137548007,0.17374424120870471,0.09041604546464821,0.0,0.7562,0.4867
178.00999450683594,178.00999450683594,82038200,20240614,TSLA,182.47000122070312,178.00999450683594,0,0.03133346138152112,0.09859517875104143,0.10329520645233359,0.0313336268466,0.13133029558791032,0.127693785774191,0.12104313344304025,0.03133425376982836,0.11937174492541731,0.2046693130681163,0.0,0.4404,0.15172
187.44000244140625,187.44000244140625,109786100,20240617,TSLA,178.00999450683594,187.44000244140625,1,0.020926053672893793,0.02092744634261008,0.10303589370611772,0.08324498396402338,0.12925898652189108,0.26146592379007205,0.12509214767570073,0.034814586697288416,0.14456997326051454,0.07666400436888768,-0.5423,0.7906,0.15159999999999998
184.8600006103516,184.8600006103516,68982300,20240618,TSLA,187.44000244140625,184.8600006103516,0,0.03000142067283295,0.03000183465963855,0.07166891250053002,0.22166430318699984,0.3216634172193694,0.07166679573192318,0.030000685488149274,0.11333409101972217,0.030000228674968675,0.0799983108458655,-0.6908,0.0,-0.33485
181.57000732421875,181.57000732421875,55893100,20240620,TSLA,184.8600006103516,181.57000732421875,0,0.049974714221484515,0.08646481994535195,0.11008011402529612,0.13243249846545296,0.0468259446536421,0.06926168525117558,0.2520548808232759,0.06605670330272054,0.0813985689228165,0.10545007038878343,-0.6369,0.9366,0.09015384615384615
183.00999450683597,183.00999450683597,61937300,20240621,TSLA,181.57000732421875,183.00999450683597,1,0.20858292845006274,0.08544424232959164,0.021861238398076223,0.07186011448779714,0.16185823834372198,0.1932800582794593,0.05820610434914094,0.02185770003572872,0.021858921621540718,0.15519045370488013,-0.7263,0.9552,-0.10981999999999999
182.5800018310547,182.5800018310547,61992100,20240624,TSLA,183.00999450683597,182.5800018310547,0,0.0416666666855238,0.07500026736514905,0.10197533288410188,0.17500279773212893,0.07500098648056894,0.1749943896058051,0.0750009344203295,0.19802093407466032,0.04166962939257722,0.04166806135915496,-0.8074,0.5563,0.051900000000000016
187.3500061035156,187.3500061035156,62905700,20240625,TSLA,182.5800018310547,187.3500061035156,1,0.07427489638947285,0.08981739022370142,0.16629139486172678,0.08261295308790383,0.025556660537167923,0.10285543695855194,0.06642215377680054,0.18851741268897315,0.10333365428689123,0.10031804718880995,-0.7351,0.4215,0.024422222222222227
196.3699951171875,196.3699951171875,95737100,20240626,TSLA,187.3500061035156,196.3699951171875,1,0.0195844413348007,0.0820814443207954,0.13056812192638403,0.12335699209700397,0.019585350281906524,0.14458470528270817,0.019586012010243327,0.019583512596132627,0.3169270593575825,0.12414236079244245,-0.1779,0.6808,0.12572499999999998
197.4199981689453,197.4199981689453,72746500,20240627,TSLA,196.3699951171875,197.4199981689453,1,0.02102063156990655,0.14324044140431794,0.05435110588156652,0.1321296236159759,0.0210189815321784,0.14601694643941618,0.09101384891623011,0.15990628731968762,0.15435239870172862,0.07694973461899168,-0.1404,0.7684,0.126
197.8800048828125,197.8800048828125,95438100,20240628,TSLA,197.4199981689453,197.8800048828125,1,0.09727668009770174,0.20442063474792563,0.09727950144723105,0.1377240904013182,0.0462586654795537,0.02585188372333496,0.02585059391222667,0.27792245553618955,0.061565154504071684,0.025850340150446315,-0.7184,0.8304,0.20645714285714287
209.8600006103516,209.8600006103516,135691400,20240701,TSLA,197.8800048828125,209.8600006103516,1,0.04311347833069409,0.10125726980199011,0.09021381235141059,0.03333207917894344,0.12569828459636445,0.1337888112978893,0.19352611355467417,0.10988418795764274,0.024698882510815503,0.14448708041957514,-0.875,0.7684,-0.0070066666666666645
231.25999450683597,231.25999450683597,205047900,20240702,TSLA,209.8600006103516,231.25999450683597,1,0.17646039108230496,0.11071541521709403,0.1723297277009765,0.11814673559804359,0.05851929323734655,0.1430649484608944,0.03738466136195302,0.044780284263188044,0.09034382476473436,0.04825471831346414,-0.4019,0.8313,0.2774076923076923
246.38999938964844,246.38999938964844,166561500,20240703,TSLA,231.25999450683597,246.38999938964844,1,0.1768165468990503,0.12681871668618527,0.16223051924920429,0.026818413396132057,0.0268192146249634,0.29954246949051816,0.04595175064596574,0.0813637264895635,0.026818659179692516,0.02681998333872438,-0.4389,0.8519,0.1115
251.5200042724609,251.5200042724609,154501200,20240705,TSLA,246.38999938964844,251.5200042724609,1,0.02500000005281745,0.02500087832385275,0.3583135760197778,0.02501059973374175,0.025003275673281103,0.0250000000486139,0.0250001205803529,0.4416670343833177,0.0250000155418846,0.025004499642359602,-0.4588,0.0772,-0.1908
252.94000244140625,252.94000244140625,157219600,20240708,TSLA,251.5200042724609,252.94000244140625,1,0.0580990678088236,0.3260722529386746,0.017738439630501816,0.19901163453153925,0.10934843916686643,0.042474425022022595,0.01773874447556395,0.10106936607594023,0.01773809525127945,0.11070953509878766,-0.8625,0.4767,-0.07035000000000001
262.3299865722656,262.3299865722656,160210900,20240709,TSLA,252.94000244140625,262.3299865722656,1,0.052625220897402826,0.14792085951560546,0.08565458212448505,0.11982221695889224,0.13083547059133116,0.05233687673269191,0.10573207562260324,0.08177423520333817,0.11551506084606165,0.10778340150758782,-0.7269,0.784,0.1308409090909091
263.260009765625,263.260009765625,128519400,20240710,TSLA,262.3299865722656,263.260009765625,1,0.04821851926450165,0.1008945609482243,0.08422477701849941,0.06086129899519284,0.11026842342451573,0.1682935378343315,0.12699430769825606,0.07375134197482117,0.1050603134421354,0.12143291939952144,-0.5719,0.8126,0.01815
241.02999877929688,241.02999877929688,221707300,20240711,TSLA,263.260009765625,241.02999877929688,0,0.13573687873027382,0.10104362213776014,0.19091692015856626,0.138342746088696,0.05148721334974821,0.10392891601875659,0.12070919222082152,0.0765966407334768,0.05062575602802256,0.030612114533877667,-0.9081,0.902,0.044607692307692313
248.22999572753903,248.22999572753903,155955800,20240712,TSLA,241.02999877929688,248.22999572753903,1,0.09630200806464281,0.07842619790528693,0.04513043645566103,0.07356395728566428,0.1460323730754721,0.12909805510876804,0.05337796656645084,0.185718650791094,0.11534729499443372,0.07700305975252578,-0.7345,0.8316,0.005193750000000004
252.63999938964844,252.63999938964844,146912900,20240715,TSLA,248.22999572753903,252.63999938964844,1,0.10962029082606865,0.1880174043592299,0.08034337587018565,0.1282586133310325,0.06067075511664546,0.07003058609419092,0.05124594059240243,0.12836266127123078,0.027673393767542197,0.1557769787714711,-0.9253,0.8718,0.028468421052631577
256.5599975585937,256.5599975585937,126332500,20240716,TSLA,252.63999938964844,256.5599975585937,1,0.05819214190070116,0.17839751241288018,0.1061978093174283,0.25633019438286114,0.06570637295950864,0.040029670144648886,0.08406603497935687,0.0908128508233767,0.06769797528060642,0.052569437798631255,-0.9151,0.6124,-0.2490363636363636
248.5,248.5,115584800,20240717,TSLA,256.5599975585937,248.5,0,0.04292961790582229,0.07740444054273148,0.052398275383660715,0.15715869148453807,0.15814595927052125,0.11932366101010304,0.08782985757038157,0.07682311761149951,0.11951169281717754,0.10847468640356418,-0.7184,0.802,0.12220624999999999
249.22999572753903,249.22999572753903,110869000,20240718,TSLA,248.5,249.22999572753903,1,0.04209417854724834,0.1849115685925147,0.09672551542922543,0.1974510635775322,0.11478207330429202,0.07681618539902814,0.06292466846000998,0.12542364699803704,0.021261763466020007,0.07760933622609165,-0.8402,0.8096,0.07936666666666665
239.1999969482422,239.1999969482422,87403900,20240719,TSLA,249.22999572753903,239.1999969482422,0,0.056499832850092024,0.09784331010402314,0.11811006746899781,0.11261454957441798,0.14205187815031728,0.061406781848159786,0.14289622084301645,0.05949734645844921,0.08156424749143808,0.12751576521108782,-0.8402,0.7184,-0.0706952380952381
251.50999450683597,251.50999450683597,101225400,20240722,TSLA,239.1999969482422,251.50999450683597,1,0.06709578585348089,0.11553618653491654,0.09067788745700935,0.10286228771519629,0.09945243228123278,0.08486352999232856,0.11947038629114279,0.1636673716510687,0.026903831574742052,0.1294703006488817,-0.8779,0.9201,0.26828823529411766
246.3800048828125,246.3800048828125,111928200,20240723,TSLA,251.50999450683597,246.3800048828125,0,0.06364290063807325,0.09141883614258993,0.07728609728953707,0.19814687195745367,0.14697204583823412,0.1432717125978627,0.12537270697709352,0.026604986828335144,0.026605193475105357,0.10067864825571475,0.0,0.7992,0.5140888888888889
215.9900054931641,215.9900054931641,167942900,20240724,TSLA,246.3800048828125,215.9900054931641,0,0.08240884315495708,0.16396794840310322,0.04735739469498834,0.17513484805005394,0.027068207272059698,0.1316130534495351,0.10065716800993084,0.1873544319420839,0.027067930031235785,0.05737017499205173,-0.8372,0.974,0.08832727272727271
220.25,220.25,100636500,20240725,TSLA,215.9900054931641,220.25,1,0.04578265703171101,0.16141721418109836,0.1619257829176448,0.13956253618944553,0.10787504420901944,0.07274268534709277,0.07230603855597557,0.08930833824328623,0.04928418983990948,0.0997955134848164,-0.5994,0.8569,0.24506470588235296
219.8000030517578,219.8000030517578,94604100,20240726,TSLA,220.25,219.8000030517578,0,0.027382482523769156,0.12261918330788293,0.09880801503560685,0.14930066634981717,0.1911749286387101,0.12224879024777721,0.02738179218172157,0.027382572796727084,0.027380952395638414,0.20632061652234904,-0.7351,0.4767,-0.14529999999999998
232.1000061035156,232.1000061035156,129201800,20240729,TSLA,219.8000030517578,232.1000061035156,1,0.10884152920947626,0.11035308401246567,0.1135309183667724,0.1840213184335366,0.06946787340502121,0.030037817809961613,0.05247350492127801,0.14980685910532263,0.06678710529096285,0.11467998944520236,-0.7579,0.6249,0.05902692307692308
222.6199951171875,222.6199951171875,100560300,20240730,TSLA,232.1000061035156,222.6199951171875,0,0.03929994050892242,0.11241423967962073,0.16417412528019787,0.10602133661294232,0.04776660290055491,0.06699598703180923,0.04133992141942203,0.14320988560355924,0.05152515251071252,0.22725280845225837,-0.9429,0.7351,-0.01406153846153845
232.07000732421875,232.07000732421875,67497000,20240731,TSLA,222.6199951171875,232.07000732421875,1,0.24736133370953675,0.14470271076205476,0.023870562004546812,0.11761807139690804,0.023870112504191212,0.13995693568430748,0.08977688134540063,0.1310108297489733,0.02387121083700015,0.0579613520070805,-0.6124,0.8591,0.10373749999999998
216.8600006103516,216.8600006103516,83861900,20240801,TSLA,232.07000732421875,216.8600006103516,0,0.07466682600244659,0.07428253502483319,0.11800043242012585,0.19182244667575554,0.046200837640592206,0.09906977551925658,0.05885913692839399,0.17966699112379866,0.08351763292309708,0.07391338574169984,-0.5983,0.5859,-0.018500000000000016
207.6699981689453,207.6699981689453,82880100,20240802,TSLA,216.8600006103516,207.6699981689453,0,0.1492586907060945,0.07445188955278917,0.08613011147724375,0.15727104697493186,0.0923381457953975,0.12793961050973401,0.13328863387574483,0.10838229949245769,0.0354687295163336,0.03547084209927264,-0.2263,0.8676,0.3528
198.8800048828125,198.8800048828125,100308800,20240805,TSLA,207.6699981689453,198.8800048828125,0,0.02000222485987255,0.21999288023498045,0.02000015240451095,0.4199844536878701,0.1200005560352198,0.020009433394753598,0.0200088021369316,0.0200013434461884,0.0200002241359534,0.11999992966371871,-0.6249,-0.2732,-0.44905
200.63999938964844,200.63999938964844,73783900,20240806,TSLA,198.8800048828125,200.63999938964844,1,0.02517697684801402,0.17282496576360853,0.09588384482000036,0.055479404500896924,0.08199436538108883,0.07063132236549692,0.025177256779695425,0.28308594779398827,0.07366151337686949,0.11608440237034084,-0.743,0.7964,-0.18454545454545454
191.75999450683597,191.75999450683597,71159800,20240807,TSLA,200.63999938964844,191.75999450683597,0,0.15650661407409616,0.08750225614348528,0.2750014085953533,0.08749951035123954,0.025000000039521925,0.02500031158797065,0.0250015402248948,0.14999626597617105,0.02500014081151545,0.14349195219575134,-0.8158,0.0,-0.3517
198.83999633789065,198.83999633789065,65033900,20240808,TSLA,191.75999450683597,198.83999633789065,1,0.025000421654820602,0.11316847362757565,0.02500000002076785,0.3534960205023087,0.0250008693423759,0.3583297342599411,0.0250038752402399,0.025000407813433503,0.0250000000226532,0.025000197515883248,0.0,0.6486,0.3243
200.0,200.0,58648300,20240809,TSLA,198.83999633789065,200.0,1,0.07124081360993792,0.21828194674028217,0.11051574357067899,0.056037846206111866,0.12051151949027361,0.09446826496460341,0.045512006572631804,0.11603518412149091,0.037179067755150286,0.13021760696883858,-0.7906,0.8016,0.057612500000000004
197.4900054931641,197.4900054931641,64044900,20240812,TSLA,200.0,197.4900054931641,0,0.07710834946122312,0.15343956473730544,0.14274127143661186,0.042654687096254064,0.0995183700655815,0.15849592725262213,0.04151728988038583,0.11029957987167954,0.07348353037672763,0.10074142982160848,-0.8653,0.8478,0.004076470588235302
207.8300018310547,207.8300018310547,76247400,20240813,TSLA,197.4900054931641,207.8300018310547,1,0.05163988159247323,0.13261897407198608,0.07561913438111051,0.10050764486015533,0.07793168707957912,0.13895898171720236,0.07773642824410752,0.17373020572307543,0.05482268810240547,0.1164343742279045,-0.7845,0.9066,0.05931515151515152
201.3800048828125,201.3800048828125,70250000,20240814,TSLA,207.8300018310547,201.3800048828125,0,0.07363710555863265,0.11838825571880018,0.0434300008888905,0.0875197793158954,0.08015425240040616,0.03092991175682332,0.14064606477580058,0.14883983103221785,0.07904008439863089,0.19741471415390197,-0.7574,0.9325,0.187225
214.13999938964844,214.13999938964844,89848500,20240815,TSLA,201.3800048828125,214.13999938964844,1,0.11465221245923359,0.015597292973253699,0.13884865482105227,0.015598589132103033,0.13276998766114148,0.10775419529537023,0.30093401243971235,0.0155968003212456,0.1426501289820445,0.015598125914842833,-0.126,0.9177,0.47619999999999996
216.1199951171875,216.1199951171875,88765100,20240816,TSLA,214.13999938964844,216.1199951171875,1,0.0609069545357341,0.12279929958305744,0.07143604028194436,0.07143543781396797,0.023816920803172686,0.0932031444251996,0.24209786487218668,0.08096027548895833,0.0238168716923386,0.2095271905034398,0.0,0.8555,0.3717142857142858
222.72000122070312,222.72000122070312,76435200,20240819,TSLA,216.1199951171875,222.72000122070312,1,0.08566018049282605,0.10592330063807778,0.05602994370213827,0.10865747359406033,0.12876797398009174,0.14083385471702572,0.0732030616222584,0.1423173439300215,0.08545609432403363,0.07315077299946612,-0.6808,0.7574,0.14993333333333334
221.1000061035156,221.1000061035156,74001200,20240820,TSLA,222.72000122070312,221.1000061035156,0,0.02371610239018462,0.13347663107405291,0.1370463029315306,0.02371523467394744,0.1365709752091845,0.17037967543810656,0.11037980863368305,0.043953053922031846,0.02371519063231043,0.19704702509496766,-0.91,0.4753,-0.1488
223.2700042724609,223.2700042724609,70146000,20240821,TSLA,221.1000061035156,223.2700042724609,1,0.12648764468015206,0.16293965596837934,0.08131024142195462,0.043157349017626,0.1378084174387992,0.14550915161790257,0.057082576867698874,0.16030043380460096,0.022321948267256364,0.06308258091562964,-0.6249,0.5457,-0.11373750000000002
210.66000366210935,210.66000366210935,79514500,20240822,TSLA,223.2700042724609,210.66000366210935,0,0.10487110052814502,0.1338066309304245,0.039127801696184926,0.07937096905024181,0.09732476032936627,0.1528806526348078,0.023255085423626667,0.18952046328058178,0.02325522741276238,0.1565873087138584,0.0,0.8481,0.2479555555555556
220.32000732421875,220.32000732421875,81525200,20240823,TSLA,210.66000366210935,220.32000732421875,1,0.013650999758912633,0.013650842626527932,0.013652195538064368,0.18707043267167675,0.23618917878254522,0.013651059682294969,0.07752436538891097,0.29142879558956536,0.13953122485764746,0.013650905103853932,0.3612,0.8217,0.5645
213.2100067138672,213.2100067138672,59301200,20240826,TSLA,220.32000732421875,213.2100067138672,0,0.03056576656246726,0.03172367759676102,0.1430391514684194,0.23339955440069735,0.06795138253508017,0.09817900751970199,0.0694960411649847,0.10367012864307765,0.12432971227956723,0.09764557782924287,-0.5719,0.8834,0.21344375000000002
209.2100067138672,209.2100067138672,62821400,20240827,TSLA,213.2100067138672,209.2100067138672,0,0.12745755920345378,0.11516595976279846,0.05737447694324758,0.20186740724548757,0.08764356985442294,0.2062106328419855,0.08431021621583737,0.02002767088732816,0.07991622269740949,0.02002628434802875,-0.8074,0.8957,0.22792000000000004
205.75,205.75,64116400,20240828,TSLA,209.2100067138672,205.75,0,0.02467035988295678,0.09486112377944055,0.06454168829132012,0.07466952842485017,0.02466823635135234,0.02466782925366624,0.2811384960265911,0.10478956234267714,0.06466438790031467,0.24132878774683056,-0.7506,0.3182,-0.19494000000000003
206.27999877929688,206.27999877929688,62308800,20240829,TSLA,205.75,206.27999877929688,1,0.1299851403268072,0.07575308165416142,0.059972529280401546,0.23540118087005873,0.06637025486298545,0.10037604977052944,0.07711213752462436,0.11187948619625415,0.0644883207243707,0.0786618187898066,-0.8051,0.8519,-0.010280952380952401
214.1100006103516,214.1100006103516,63370600,20240830,TSLA,206.27999877929688,214.1100006103516,1,0.3074076535936652,0.1832709562060708,0.03101594629851275,0.17615153659466032,0.04848314264995146,0.07127432725204177,0.05632094786554583,0.04652873369604635,0.043092457543185775,0.03645429830031939,-0.7717,0.9374,-0.003237037037037044
210.6000061035156,210.6000061035156,76714200,20240903,TSLA,214.1100006103516,210.6000061035156,0,0.17595581122007142,0.14744642739590846,0.03252016901478485,0.15164639775409272,0.03708935781163857,0.09702964796547815,0.06403101243742478,0.12380646739093792,0.04673708451637833,0.12373762449328436,-0.9153,0.9245,0.025336842105263147
219.41000366210935,219.41000366210935,80651800,20240904,TSLA,210.6000061035156,219.41000366210935,1,0.10855016723052256,0.1422671086045388,0.056933273147683795,0.18966112881603445,0.04688013998774207,0.10101115867199068,0.03625091727792178,0.14136646632798922,0.049884153973236624,0.12719548596233954,-0.8398,0.9347,0.06344999999999999
230.1699981689453,230.1699981689453,119355000,20240905,TSLA,219.41000366210935,230.1699981689453,1,0.09008459801216431,0.23122719994270172,0.021004703172125105,0.19335011707826746,0.0997550992079784,0.09378936115379413,0.03080845831723919,0.05213194166442097,0.02100492390545941,0.1668435975458489,-0.6705,0.929,0.07415882352941178
210.72999572753903,210.72999572753903,112177000,20240906,TSLA,230.1699981689453,210.72999572753903,0,0.1852506700548335,0.11186428486087321,0.05041283865559024,0.14994272195788486,0.053141951136998114,0.07352728526407916,0.1052476605480317,0.05634246336442914,0.10519866726526982,0.10907145689200985,-0.7783,0.8735,0.1356607142857143
216.2700042724609,216.2700042724609,67443500,20240909,TSLA,210.72999572753903,216.2700042724609,1,0.07674764791309317,0.05747747265895141,0.07946921106333435,0.19367852359715046,0.06665689820163632,0.07642768708333139,0.07861619755124458,0.10690812764514668,0.07176017339953104,0.1922580608865802,-0.926,0.8555,-0.05767619047619048
226.1699981689453,226.1699981689453,78891100,20240910,TSLA,216.2700042724609,226.1699981689453,1,0.03856210183672222,0.07750258818413894,0.05939592105990325,0.1740509639261927,0.039174946891802606,0.15026853387478006,0.1585513344980715,0.1453154374108537,0.09287545540803008,0.0643027169095045,-0.7106,0.7777,0.03591999999999999
228.1300048828125,228.1300048828125,83548600,20240911,TSLA,226.1699981689453,228.1300048828125,1,0.11465215717143726,0.04974689749363808,0.10254365510914863,0.1279104404716058,0.019443020542270182,0.1456197007142782,0.054520173073468264,0.06429751362194541,0.06575344268769384,0.255512999114514,-0.8625,0.8221,0.09365454545454545
229.80999755859372,229.80999755859372,71894900,20240912,TSLA,228.1300048828125,229.80999755859372,1,0.0799014474481977,0.1594485340485154,0.08750736616626789,0.1561302218050118,0.0436358808409714,0.1237147144198366,0.051970046762188304,0.023534781332582792,0.1139638238113474,0.16019318336508026,-0.903,0.9285,0.1169
230.2899932861328,230.2899932861328,59515100,20240913,TSLA,229.80999755859372,230.2899932861328,1,0.22310888997828193,0.1922678940692445,0.016920565618778832,0.2709555634789282,0.016919368364512535,0.0775252497106465,0.016922232067706933,0.05720030128935986,0.016919496411920934,0.11126043901061933,-0.421,0.4767,0.17149999999999999
226.77999877929688,226.77999877929688,54323000,20240916,TSLA,230.2899932861328,226.77999877929688,0,0.1181502122119704,0.0910642204702056,0.06212457108749404,0.08425965890330173,0.12238082518654786,0.1172530842097169,0.05243870699825434,0.15004144568421107,0.07225314973806615,0.1300341255102314,-0.8885,0.8807,0.15495384615384616
227.8699951171875,227.8699951171875,66761600,20240917,TSLA,226.77999877929688,227.8699951171875,1,0.13408855608131676,0.05258171339224859,0.08852150512038483,0.14216516500290927,0.10085605839983051,0.15178694743839513,0.11052054758800889,0.03996510235981975,0.049107605806346884,0.13040679881073888,-0.7783,0.9153,0.11702916666666667
227.1999969482422,227.1999969482422,78010200,20240918,TSLA,227.8699951171875,227.1999969482422,0,0.10768246181991495,0.06504213958690463,0.07369831643275936,0.27828876441967293,0.11192297173055937,0.07564522185473248,0.09758327173460532,0.052159787850230496,0.06491976617079945,0.07305729839982059,-0.8625,0.9046,0.18910384615384618
243.9199981689453,243.9199981689453,102694600,20240919,TSLA,227.1999969482422,243.9199981689453,1,0.09719890976065332,0.01395620526748635,0.013958282396089415,0.42675689326634325,0.1624409113642327,0.14199225928062692,0.029108337195454,0.02910705255368085,0.01395582620351555,0.07152532271191729,0.6478,0.9323,0.8078333333333334
238.25,238.25,99879100,20240920,TSLA,243.9199981689453,238.25,0,0.0447307014625954,0.07548326806313686,0.19208891229394617,0.031192804692356114,0.031191563511487858,0.10543767756066165,0.11826040448212297,0.13119122243737688,0.03119134735077726,0.23923209814553845,-0.7425,0.6249,-0.13028571428571428
250.0,250.0,86927200,20240923,TSLA,238.25,250.0,1,0.14255533570703433,0.020015654318481367,0.15083491781909408,0.05927069866764229,0.09858901868463793,0.09947372388496219,0.03697383511398479,0.18578845438709984,0.03924730430447007,0.1672510571125927,-0.7227,0.5994,-0.10067692307692308
254.2700042724609,254.2700042724609,88491000,20240924,TSLA,250.0,254.2700042724609,1,0.1623947965075892,0.06497756274515865,0.06413767786811524,0.17835100886959715,0.10158028208150005,0.12140836005559595,0.041075465927905036,0.14648488804916615,0.040923169847755785,0.07866678804761634,-0.8481,0.6597,0.234275
257.0199890136719,257.0199890136719,65034300,20240925,TSLA,254.2700042724609,257.0199890136719,1,0.10475326621230682,0.08560633152028349,0.02310615600739845,0.08560645587974561,0.32276105262449756,0.14978270008483277,0.06739471753110023,0.023107046478949074,0.11477509649306339,0.0231071771678222,0.1779,0.5994,0.399325
254.22000122070312,254.22000122070312,67142200,20240926,TSLA,257.0199890136719,254.22000122070312,0,0.08590784892677224,0.04960854002584608,0.04507876534253496,0.13737312656628373,0.15407663268775096,0.09283187727469472,0.11762970344060301,0.04608344163480727,0.12795628562717362,0.143453778473533,-0.8832,0.6486,0.06919
260.4599914550781,260.4599914550781,70988100,20240927,TSLA,254.22000122070312,260.4599914550781,1,0.02986851429386371,0.06252300434768394,0.053477983002470815,0.2254308433052251,0.035292242758101,0.19794594258690132,0.04886902272894829,0.20589311112579392,0.0476552417721638,0.09304409407884769,-0.8126,0.8481,0.03835882352941176
261.6300048828125,261.6300048828125,80705700,20240930,TSLA,260.4599914550781,261.6300048828125,1,0.04852022459503576,0.2967274744914678,0.02352056833066362,0.12082861261633374,0.050055032105740714,0.04852022315747673,0.08339206128034751,0.1427889124887157,0.055868945449606425,0.12977794548461152,-0.8375,0.6875,-0.11367000000000001
258.0199890136719,258.0199890136719,87397600,20241001,TSLA,261.6300048828125,258.0199890136719,0,0.0584857477859729,0.11951145598600718,0.06918787021162252,0.20440513197550805,0.1420970415587688,0.1265646625113935,0.05042135926542543,0.11301744775036804,0.03542962345561911,0.080879659499314,-0.8779,0.9412,0.151109375
249.0200042724609,249.0200042724609,93983900,20241002,TSLA,258.0199890136719,249.0200042724609,0,0.08828879060429605,0.12410768080446723,0.04078838547447951,0.2220922078200476,0.07833219375475495,0.07556178500716562,0.0844418632423739,0.13300895135461996,0.04987209519566506,0.10350604674212968,-0.7835,0.9161,0.07015714285714285
240.66000366210935,240.66000366210935,80729200,20241003,TSLA,249.0200042724609,240.66000366210935,0,0.017250120060211975,0.20447139879178386,0.050579130351777406,0.2649339768068945,0.042065457294573005,0.06813719407394511,0.017251114989715616,0.1507356738598539,0.061892145716138595,0.12268378805510562,-0.4003,0.8395,0.21751666666666666
250.0800018310547,250.0800018310547,86573200,20241004,TSLA,240.66000366210935,250.0800018310547,1,0.08759404979942378,0.14020014992997631,0.07900737510007182,0.2004832470105911,0.10477150200821257,0.09092231973651434,0.09483241262612883,0.04679848186512258,0.08944563831961228,0.06594482360434595,-0.6476,0.9809,0.13507115384615384
240.8300018310547,240.8300018310547,68113300,20241007,TSLA,250.0800018310547,240.8300018310547,0,0.0417743534167613,0.12322939989889695,0.025107117891609403,0.2287330280053295,0.07076730711141722,0.07162337224545197,0.11399216867973055,0.18079060350673265,0.0880688100936621,0.05591383915040789,-0.5983,0.7424,-0.007446666666666675
244.5,244.5,56303200,20241008,TSLA,240.8300018310547,244.5,1,0.07114805839221677,0.09150647143948724,0.05743975879855298,0.19685441491297695,0.12464670635714342,0.09761070049070243,0.030467053831567212,0.1893103922152662,0.057982729698381384,0.08303371386370498,-0.4019,0.9134,0.26305
241.0500030517578,241.0500030517578,66289500,20241009,TSLA,244.5,241.0500030517578,0,0.020000396058390674,0.020001835735035875,0.14499979473544575,0.1449991834911574,0.08250126372644881,0.24499805941382902,0.17000128734498632,0.02000134052331905,0.06999672866394593,0.08250011030744077,-0.3818,0.9272,0.42010000000000003
238.7700042724609,238.7700042724609,83087100,20241010,TSLA,241.0500030517578,238.7700042724609,0,0.1523128123745953,0.18415240297922647,0.06225140953842182,0.1103088663222367,0.03039454204042234,0.08193593800800783,0.15827872108796487,0.1225199824900424,0.056462373025604765,0.041382952133477154,-0.6669,0.7906,0.022446153846153838
217.8000030517578,217.8000030517578,142628900,20241011,TSLA,238.7700042724609,217.8000030517578,0,0.05472098299841378,0.1413302843295842,0.12553410052478664,0.16159877379943174,0.08443089146129483,0.14056852696444366,0.11341540699269234,0.04452843089520841,0.0936429378890479,0.04022966414509612,-0.5267,0.8261,0.1817695652173913
219.16000366210935,219.16000366210935,86291900,20241014,TSLA,217.8000030517578,219.16000366210935,1,0.14597542381501735,0.05849144785231835,0.041553728160990455,0.17495058365037144,0.0852843390516213,0.16769191757648638,0.016826305866512282,0.15848383681976577,0.10683410173345953,0.043908315473456645,-0.25,0.8313,0.429825
219.57000732421875,219.57000732421875,62988800,20241015,TSLA,219.16000366210935,219.57000732421875,1,0.148214323885305,0.05443573615408752,0.07126232007344864,0.15054489356286332,0.09503023832149632,0.09062171819856252,0.0800413212120678,0.09586708662247241,0.13049809702837187,0.08348426494132415,-0.9468,0.8481,0.11954999999999999
221.3300018310547,221.3300018310547,49632800,20241016,TSLA,219.57000732421875,221.3300018310547,1,0.05384660345729001,0.06961113543842207,0.11446489512233123,0.26637414774706347,0.2162057227487742,0.04497895493021843,0.029076040013350866,0.07712447947688979,0.04551295852029202,0.08280506254536753,-0.7351,0.836,0.12794
220.88999938964844,220.88999938964844,50791800,20241017,TSLA,221.3300018310547,220.88999938964844,0,0.09247072449358987,0.1124230252809314,0.07749165902989225,0.14857762590889603,0.14516606096410123,0.10132457752739153,0.06056785738021657,0.1496872436622121,0.047221552901336415,0.06506967285143224,-0.8555,0.8176,0.03111142857142857
220.6999969482422,220.6999969482422,49611900,20241018,TSLA,220.88999938964844,220.6999969482422,0,0.14457237785818036,0.08577302547920714,0.048144368851621974,0.1539712087493038,0.07619748844426853,0.11197484702469568,0.12106756432107688,0.061241450452207365,0.1315459325063391,0.0655117363130987,-0.5859,0.8478,0.28715384615384615
218.8500061035156,218.8500061035156,47329000,20241021,TSLA,220.6999969482422,218.8500061035156,0,0.07272969117858455,0.08286288990042781,0.1530548421872705,0.20678031020263993,0.09151672484004512,0.07332913645878997,0.06491485486115242,0.1274384820074386,0.037015447552685196,0.09035762081096549,-0.7767,0.9518,0.08433870967741935
217.97000122070312,217.97000122070312,43268700,20241022,TSLA,218.8500061035156,217.97000122070312,0,0.1105419247099717,0.08190653983210082,0.07519658627803585,0.2560513441306661,0.06627264277601934,0.1577440012774328,0.06989810018408817,0.11048629942311546,0.028951534048344704,0.0429510273402246,-0.7717,0.8471,0.19084117647058824
213.6499938964844,213.6499938964844,80938900,20241023,TSLA,217.97000122070312,213.6499938964844,0,0.0972529271253109,0.07451875938542113,0.10801405412688042,0.18987008229931107,0.12820556773060296,0.042706311271461676,0.0964172359496701,0.05117453990190934,0.07828524039561092,0.13355528181382106,-0.886,0.7579,0.10009090909090909
260.4800109863281,260.4800109863281,204491900,20241024,TSLA,213.6499938964844,260.4800109863281,1,0.1567980320996504,0.0705953050021379,0.07047517132735776,0.15667905743555216,0.07059767303190238,0.0705957394512318,0.08011889068212866,0.04690544068260583,0.20581990433474395,0.07141478595268863,-0.5719,0.7901,0.20482857142857142
269.19000244140625,269.19000244140625,161611900,20241025,TSLA,260.4800109863281,269.19000244140625,1,0.10579369534211311,0.05846439744957104,0.025975691203527277,0.227812046695666,0.1428464272342428,0.12735873497495026,0.05097435221873774,0.060465823823388644,0.03720588902914471,0.16310294202865805,-0.784,0.946,0.13695000000000002
262.510009765625,262.510009765625,107653600,20241028,TSLA,269.19000244140625,262.510009765625,0,0.06264620525406547,0.06896843984474967,0.06585203948432258,0.208717633412633,0.08083571900723882,0.08251871979693222,0.0945627646003576,0.16957997613115963,0.11969710665804703,0.04662139581049354,-0.5562,0.8204,0.21102692307692308
259.5199890136719,259.5199890136719,80521800,20241029,TSLA,262.510009765625,259.5199890136719,0,0.08491970124429365,0.08261570956554766,0.0657549201688837,0.1788994956487264,0.10959844879105297,0.10066956161679712,0.05028935247910227,0.12816920838909088,0.054832247991333426,0.14425135410517154,-0.9552,0.8442,-0.040187878787878786
257.54998779296875,257.54998779296875,53993600,20241030,TSLA,259.5199890136719,257.54998779296875,0,0.08083353205637613,0.023200465936149443,0.05559981177745275,0.3111218389050403,0.14884666657490497,0.06653195039338052,0.07243983541784312,0.08989318575525317,0.03860444434522765,0.11292826883837152,-0.5859,0.8555,0.3223318181818182
249.8500061035156,249.8500061035156,66575300,20241031,TSLA,257.54998779296875,249.8500061035156,0,0.06417235556673469,0.041586820334840194,0.09399449891556194,0.15833291804577154,0.18663524699243633,0.12957677943509147,0.10788392173143085,0.08248874383512217,0.043070126017249126,0.09225858912576132,-0.8779,0.8271,-0.01833888888888888
248.97999572753903,248.97999572753903,57544800,20241101,TSLA,249.8500061035156,248.97999572753903,0,0.045716927702965,0.1442847705081087,0.0714766620356884,0.1474498613449144,0.040472973715212524,0.13808904893445736,0.058463812808488044,0.16075240194453785,0.07603423434204641,0.1172593066635809,-0.6597,0.8718,0.10780357142857143
242.83999633789065,242.83999633789065,68802400,20241104,TSLA,248.97999572753903,242.83999633789065,0,0.06188725168807607,0.11114286916768398,0.06864354198938738,0.2325875453457723,0.06152660594568551,0.10149308738890674,0.04370540480534823,0.18857720010845244,0.02552370101283752,0.10491279254784937,-0.8687,0.8582,-0.1261727272727273
251.44000244140625,251.44000244140625,69282500,20241105,TSLA,242.83999633789065,251.44000244140625,1,0.11159285867663626,0.10925536690914217,0.06279655143758582,0.2584281101065027,0.12376467641849957,0.08317550255586822,0.0870908598574122,0.08277770507030999,0.03741825752840886,0.043700111439633794,-0.8126,0.9118,0.203896875
288.5299987792969,288.5299987792969,165228700,20241106,TSLA,251.44000244140625,288.5299987792969,1,0.02152871323116244,0.10570810824564766,0.06034627025425614,0.22672500884883,0.08363364879122917,0.05176195769873856,0.09805714256412996,0.13667543636752896,0.040369866410933666,0.17519384758754297,-0.9246,0.9756,0.3017095238095238
296.9100036621094,296.9100036621094,117309200,20241107,TSLA,288.5299987792969,296.9100036621094,1,0.10251086173494103,0.0789437372082031,0.035689904041881264,0.19578376553538834,0.13144258632323225,0.11352840810215306,0.07552491537091388,0.12074123180002803,0.05985319179609503,0.08598139808716354,-0.7537,0.9258,-0.00450967741935484
321.2200012207031,321.2200012207031,204782800,20241108,TSLA,296.9100036621094,321.2200012207031,1,0.11195193119746334,0.1469562833399229,0.07090569758533143,0.15114069382399944,0.04743010440183895,0.1007652567477362,0.09669674776209598,0.17612559677816594,0.045827655799682766,0.05220003256376262,-0.8316,0.8882,0.11551428571428572
350.0,350.0,210521600,20241111,TSLA,321.2200012207031,350.0,1,0.06898324478742207,0.11806405531884029,0.038171623392625226,0.19881910295536642,0.020926129835587202,0.07034914979853854,0.05505497235825103,0.09870494437644761,0.11721955504725437,0.21370722212966678,0.0,0.7793,0.24833333333333332
328.489990234375,328.489990234375,155726000,20241112,TSLA,350.0,328.489990234375,0,0.15883991152747806,0.07065741966907212,0.054397725629943806,0.18953140116888392,0.06793526447254895,0.06479805615905956,0.09779222664685877,0.14423022849058645,0.021064258172025657,0.13075350806354225,-0.6249,0.765,0.05736666666666668
330.239990234375,330.239990234375,125405600,20241113,TSLA,328.489990234375,330.239990234375,1,0.1030236354095685,0.14831995645605772,0.12114467687403743,0.07491692012735161,0.04905551363823538,0.1363558211654612,0.07117277540729815,0.1084970249358038,0.049054025923502206,0.13845965006268357,-0.7531,0.9168,-0.054066666666666666
311.17999267578125,311.17999267578125,120726100,20241114,TSLA,330.239990234375,311.17999267578125,0,0.028584580107528918,0.154467014573829,0.11761871080821613,0.10203483721343924,0.11018399196293273,0.12825090134158534,0.10806043056793713,0.10906216764142578,0.05540157028415449,0.08633579549895083,-0.8856,0.7639,-0.03633928571428572
320.7200012207031,320.7200012207031,114440300,20241115,TSLA,311.17999267578125,320.7200012207031,1,0.09666253605662363,0.11484518083709605,0.04110667126291091,0.1696412692107848,0.12953668116579195,0.08277433213035613,0.09364801960415348,0.13401059445433028,0.06607028202346729,0.0717044332544851,-0.5983,0.9485,0.32869444444444446
338.739990234375,338.739990234375,126085600,20241118,TSLA,320.7200012207031,338.739990234375,1,0.12211985846417286,0.25604615108148326,0.08625730472542374,0.09616468511987868,0.039019103078912876,0.026884716657959832,0.09459088377671539,0.034695991350945296,0.18075959509339734,0.06346171065111039,-0.7269,0.8775,0.19363125
346.0,346.0,88852500,20241119,TSLA,338.739990234375,346.0,1,0.17244395257887343,0.20549334203392583,0.03553637214602355,0.060632261859590794,0.07908444525863674,0.14429292176563221,0.04701236242342919,0.05466733138891283,0.1350998284732486,0.06573718207172641,-0.7717,0.8074,-0.086424
342.0299987792969,342.0299987792969,66340700,20241120,TSLA,346.0,342.0299987792969,0,0.2552466851804891,0.1752677183875705,0.03766781046398044,0.07180625568315183,0.12362796121415195,0.07649674558410163,0.06587235970439148,0.05793695829588985,0.09764770544644683,0.03842980003982602,-0.6486,0.9099,0.021027777777777788
339.6400146484375,339.6400146484375,58011700,20241121,TSLA,342.0299987792969,339.6400146484375,0,0.10979563424268028,0.10609261736403185,0.06317767665240094,0.12765202031644823,0.09146663899470239,0.10770276360496349,0.09401083025404983,0.07997424389878256,0.11809764312048206,0.10202993155145793,-0.9274,0.8478,0.1693909090909091
352.5599975585937,352.5599975585937,89140700,20241122,TSLA,339.6400146484375,352.5599975585937,1,0.04764595930341511,0.15922888654686448,0.025644736488161162,0.14245875672035718,0.07316317269196447,0.131465554117934,0.16681661904443132,0.06755130428965334,0.11991571216865482,0.06610929862856373,-0.89,0.9134,0.04464166666666667
338.5899963378906,338.5899963378906,95890900,20241125,TSLA,352.5599975585937,338.5899963378906,0,0.11715126589597179,0.08991134939224761,0.0860509678873649,0.11403685199527465,0.07943448471560154,0.11132904717279112,0.09466930486325938,0.2028177726048546,0.027453677135705304,0.07714527833692869,-0.8052,0.9392,0.06791111111111112
338.2300109863281,338.2300109863281,62295900,20241126,TSLA,338.5899963378906,338.2300109863281,0,0.08113582279126809,0.15213649503151402,0.09166966064470153,0.12602994255016878,0.05118553051529577,0.10349483488515827,0.0809244109698682,0.1344576890164151,0.0710904387249218,0.10787517487068803,-0.7906,0.8122,0.0481
332.8900146484375,332.8900146484375,57896400,20241127,TSLA,338.2300109863281,332.8900146484375,0,0.07995594155796744,0.2574776869098266,0.08088524888208344,0.10283218246183845,0.053023365944059736,0.025246403650009665,0.08550003463314305,0.13458578460202106,0.06300424171438569,0.11748910964466452,-0.6249,0.8513,0.026655172413793102
345.1600036621094,345.1600036621094,37167600,20241129,TSLA,332.8900146484375,345.1600036621094,1,0.048428193531482436,0.160473949035289,0.023429235569037886,0.023430142074855914,0.06509484105564167,0.11933680138584568,0.15145854812443932,0.06509526959489204,0.06509466178236156,0.27815835784615417,-0.4767,0.0,-0.1623
357.0899963378906,357.0899963378906,77986500,20241202,TSLA,345.1600036621094,357.0899963378906,1,0.018839560305858285,0.11334016493992458,0.05551982800724657,0.1788673793599696,0.17360048178685347,0.19562176342710705,0.05750823098540923,0.018839123510184585,0.03251897454107107,0.15534449313637516,-0.3818,0.7825,0.07212857142857143
351.4200134277344,351.4200134277344,58267200,20241203,TSLA,357.0899963378906,351.4200134277344,0,0.10232401478136352,0.3541004670336242,0.039821448271578,0.039823477477733654,0.08982216175337143,0.0398219965387033,0.0398220734538875,0.16482147711097483,0.08982141461711671,0.0398214689616466,-0.765,0.0,-0.34082500000000004
357.92999267578125,357.92999267578125,50810900,20241204,TSLA,351.4200134277344,357.92999267578125,1,0.03125000003410317,0.4687350615170026,0.03125282765455317,0.09375300924488114,0.0937500542238427,0.03125049503948607,0.031254754267036874,0.15624939203827382,0.0312500000313698,0.03125440594945015,-0.6794,0.5994,-0.210675
369.489990234375,369.489990234375,81403600,20241205,TSLA,357.92999267578125,369.489990234375,1,0.023469911170336574,0.10528446128796186,0.11118043410258463,0.14637869366812553,0.11786813872671897,0.2213332681579952,0.09818693093943798,0.05619573667509069,0.023469790918272004,0.09663263435347616,-0.7096,0.9245,0.09181052631578947
389.2200012207031,389.2200012207031,81455800,20241206,TSLA,369.489990234375,389.2200012207031,1,0.03888888894247023,0.37221455153975835,0.03889094149093393,0.038889007937893634,0.0388896357458037,0.15000043050571724,0.20555565768496387,0.0388888889446107,0.03888888893822606,0.038893108269621834,-0.3818,0.0,-0.12726666666666667
389.7900085449219,389.7900085449219,96359200,20241209,TSLA,389.2200012207031,389.7900085449219,1,0.10139146716260529,0.1851582478903222,0.09333183033367229,0.10803593724470055,0.12625913313776974,0.06296719872041537,0.12604143277145904,0.037827851927870415,0.03782768524598042,0.12115921556520423,-0.7421,0.7964,0.15228214285714284
400.989990234375,400.989990234375,97563600,20241210,TSLA,389.7900085449219,400.989990234375,1,0.06322721374222932,0.1831043944184247,0.052073866408045386,0.056100360348712255,0.09963642300420908,0.05489488100283159,0.1977249318086238,0.1353195890398999,0.052393444898914496,0.10552489532810908,-0.8807,0.8516,-0.08806
424.7699890136719,424.7699890136719,104287600,20241211,TSLA,400.989990234375,424.7699890136719,1,0.07826839012310798,0.18369792147157843,0.0759039549828825,0.11190661004783363,0.08271650994066897,0.06758895252194297,0.1298345325959589,0.07824296903938045,0.05115987253197901,0.14068028674466673,-0.7096,0.6096,0.028711764705882353
418.1000061035156,418.1000061035156,87752200,20241212,TSLA,424.7699890136719,418.1000061035156,0,0.12005066323353153,0.16353816090562637,0.08466216958475252,0.04381534590953931,0.09325467078028306,0.03727934029208621,0.10427269724549937,0.17103180343363708,0.08825876461658444,0.09383638399845964,-0.9118,0.7964,0.11898235294117647
436.2300109863281,436.2300109863281,89000200,20241213,TSLA,418.1000061035156,436.2300109863281,1,0.09553936345850388,0.07662205175437753,0.04321098174861811,0.14546075608507328,0.09619154676442616,0.1710270626779994,0.1562347049818834,0.08824845232025792,0.04231356583813955,0.08515151437072037,-0.8074,0.9022,0.10837037037037035
463.0199890136719,463.0199890136719,114083800,20241216,TSLA,436.2300109863281,463.0199890136719,1,0.0260888569895553,0.11673608525875508,0.061386305979401486,0.10550749371256167,0.12608838639140568,0.21148944821209392,0.10973369240558352,0.19079052612273317,0.026090392921034412,0.026088812006875343,0.0,0.7579,0.44731428571428566
479.8599853515625,479.8599853515625,131223000,20241217,TSLA,463.0199890136719,479.8599853515625,1,0.102017627479921,0.08356697042922621,0.06670782123972308,0.08818188013955831,0.10470999526950274,0.13607091703205795,0.10149209028708081,0.1308702924262448,0.11154770850763604,0.07483469718904863,-0.9066,0.8331,0.15070740740740743
440.1300048828125,440.1300048828125,149340800,20241218,TSLA,479.8599853515625,440.1300048828125,0,0.05336412318334345,0.13835504910423682,0.0819357074532228,0.1488608074586096,0.07819365746486352,0.09029622380253889,0.18612834052685673,0.053125441602966963,0.04003072390197796,0.12970992550138286,-0.915,0.5093,-0.21695714285714285
436.1700134277344,436.1700134277344,118566100,20241219,TSLA,440.1300048828125,436.1700134277344,0,0.041592259656520275,0.15183042695875157,0.128144705266645,0.141454883113232,0.0770093762938567,0.13270326177580422,0.06418765897464476,0.06418962199421195,0.02572794446118469,0.17315986150514837,-0.743,0.5187,-0.23474615384615383
421.05999755859375,421.05999755859375,132216200,20241220,TSLA,436.1700134277344,421.05999755859375,0,0.08976964449601434,0.13570086889972388,0.04622820472823942,0.16410117044324832,0.07438961703419986,0.10597569436211902,0.057866755077080716,0.1184427818579477,0.09658660098937313,0.11093866211205324,-0.9184,0.836,-0.07055
430.6000061035156,430.6000061035156,72698100,20241223,TSLA,421.05999755859375,430.6000061035156,1,0.05196202337927003,0.093628050004101,0.0402696597819415,0.08818101877967204,0.048178080050992826,0.1777070926656575,0.10167048567345742,0.13398103027098807,0.15698120131179316,0.10744135808212602,-0.4939,0.8687,0.184625
462.2799987792969,462.2799987792969,59551800,20241224,TSLA,430.6000061035156,462.2799987792969,1,0.08771007157230677,0.12125317439830768,0.11270535730434285,0.11776172743920114,0.05437710769320838,0.101599262553684,0.15020724118329618,0.13680057858752767,0.043264601261132074,0.07432087800699272,-0.802,0.7469,0.102925
454.1300048828125,454.1300048828125,76366400,20241226,TSLA,462.2799987792969,454.1300048828125,0,0.09636544048178426,0.13617456587160812,0.07298942342015863,0.13631976936984191,0.05463603222194638,0.09393169964925573,0.06009201216497995,0.1371302606108402,0.08912416418379694,0.12323663202578743,-0.8316,0.9382,-0.0072374999999999965
431.6600036621094,431.6600036621094,82666800,20241227,TSLA,454.1300048828125,431.6600036621094,0,0.0455777998314383,0.21236860461645954,0.10300384315895957,0.1262208295299672,0.03395840120413586,0.04770525328578142,0.04897004971828157,0.06829818023321942,0.07165666379925333,0.24224037462250333,-0.9393,0.8122,0.11257142857142856
417.4100036621094,417.4100036621094,64941000,20241230,TSLA,431.6600036621094,417.4100036621094,0,0.09093936381370168,0.19982623518583467,0.06962906314099095,0.07486636050874383,0.089192864217049,0.04535401263543872,0.08447446306688271,0.16540951033722934,0.062020305770255024,0.11828782132387368,-0.8553,0.9334,-0.06626956521739129
403.8399963378906,403.8399963378906,76825100,20241231,TSLA,417.4100036621094,403.8399963378906,0,0.12420298812663115,0.04994765318891774,0.07643042551197475,0.15015640457466567,0.09988792247102846,0.11786916909566643,0.059992541197689174,0.0802827473749102,0.0730227137243029,0.16820743473421307,-0.7895,0.9062,0.06197931034482759
379.2799987792969,379.2799987792969,109710700,20250102,TSLA,403.8399963378906,379.2799987792969,0,0.12238182395692551,0.17813589849984532,0.07119518814648339,0.06511694286220823,0.08920283776366449,0.02199112781323916,0.05948118576583141,0.16560215668597664,0.04768145189199951,0.17921138661382596,-0.9601,0.8176,-0.20084827586206896
410.4400024414063,410.4400024414063,95423300,20250103,TSLA,379.2799987792969,410.4400024414063,1,0.04722819297632797,0.053632302636400654,0.0747544497094692,0.153930517481689,0.08727154610478256,0.08348601737935764,0.07235727307535963,0.13300516546623783,0.08214278695365436,0.2121917482167207,-0.9795,0.5859,-0.25854
411.0499877929688,411.0499877929688,85516500,20250106,TSLA,410.4400024414063,411.0499877929688,1,0.09695172185879952,0.1969588198466723,0.05736850427040612,0.20384722877332934,0.07322215221446778,0.09998265250346859,0.04174352949522081,0.04925471643300189,0.055221916422880865,0.12544875818175238,-0.7003,0.7717,0.09718125
394.3599853515625,394.3599853515625,75699500,20250107,TSLA,411.0499877929688,394.3599853515625,0,0.10609782853748428,0.22794083135200566,0.05136585009999508,0.13672867196422603,0.07608391107680632,0.07503531134227408,0.10197377391230943,0.06734126887504381,0.03698289247186232,0.12044966036799262,-0.9287,0.8074,-0.129175
394.9400024414063,394.9400024414063,73038800,20250108,TSLA,394.3599853515625,394.9400024414063,1,0.1533774477360489,0.1559945919527154,0.02586014267202012,0.12908866160924187,0.12042762142107194,0.04252707585933477,0.05208934363881236,0.09173525247531612,0.025318808939631586,0.20358105369580654,-0.8779,0.8074,-0.15644166666666667
394.739990234375,394.739990234375,62287300,20250110,TSLA,394.9400024414063,394.739990234375,0,0.12118458913063462,0.13194293106292607,0.07553150622434832,0.1125024266948363,0.05501862492353821,0.06923226526588347,0.08065835932186267,0.10395824110224854,0.0806806525955428,0.16929040367817863,-0.891,0.25,-0.23831538461538462
403.30999755859375,403.30999755859375,67580500,20250113,TSLA,394.739990234375,403.30999755859375,1,0.06660892819723893,0.19085167159677743,0.08823008498447923,0.13530111569195033,0.021156712216483253,0.16076147756412706,0.04135710670698868,0.16931084889012074,0.057518422486465125,0.0689036316653688,-0.636,0.9201,0.003499999999999998
396.3599853515625,396.3599853515625,84565000,20250114,TSLA,403.30999755859375,396.3599853515625,0,0.03125017231999268,0.1562456324357595,0.03125004344164125,0.21874477660842004,0.12908524056870468,0.0312583409972408,0.03125147569219482,0.11458361409453564,0.22508070382421647,0.03125000001729372,0.296,0.4574,0.40854999999999997
428.2200012207031,428.2200012207031,81375500,20250115,TSLA,396.3599853515625,428.2200012207031,1,0.0927881921057288,0.14750628106560298,0.051121591757037385,0.1206221678827215,0.07185457158881693,0.10034174296007542,0.12611800868810202,0.1373566855761583,0.028394686090762157,0.12389607228499412,-0.9349,0.9186,-0.008718181818181814
413.8200073242188,413.8200073242188,68335200,20250116,TSLA,428.2200012207031,413.8200073242188,0,0.0943213943581378,0.09423923456469047,0.11570953162971326,0.10975954963949634,0.10566552439011954,0.117571894294459,0.047792165723117105,0.07602576255101273,0.13134212437485895,0.10757281847439436,-0.9397,0.923,0.14652777777777778
426.5,426.5,94991400,20250117,TSLA,413.8200073242188,426.5,1,0.1906899367031496,0.08531272380912404,0.08539261662843345,0.04809285311376319,0.1368883619445318,0.08639329285429928,0.055860558375491205,0.08124032399717832,0.087103869802902,0.14302546277112665,-0.7184,0.891,-0.030447826086956533
424.0700073242188,424.0700073242188,87320900,20250121,TSLA,426.5,424.0700073242188,0,0.0861023962915065,0.1183794052524908,0.10078605182067367,0.14327635281597143,0.07082586608377707,0.0490761623870643,0.08604562024513346,0.13820121930587156,0.10021563539118554,0.10709129040632531,-0.7579,0.7783,0.05414166666666667
415.1099853515625,415.1099853515625,60963300,20250122,TSLA,424.0700073242188,415.1099853515625,0,0.19166682697080228,0.0458384144684366,0.04583333335942723,0.04583333335978775,0.045836514938420024,0.10833337664272741,0.3166561293358604,0.04583358415233268,0.04583409666066648,0.10833439011153888,-0.8225,0.7906,-0.04515
412.3800048828125,412.3800048828125,50690600,20250123,TSLA,415.1099853515625,412.3800048828125,0,0.03575793807034639,0.14845235020521738,0.03575761962047955,0.1744280157218034,0.11223646417632241,0.09939408074789524,0.06606028496033652,0.18878840248273585,0.03575912002530186,0.10336572398956102,-0.8346,0.7096,-0.14071818181818183
406.5799865722656,406.5799865722656,56427100,20250124,TSLA,412.3800048828125,406.5799865722656,0,0.047540859579009304,0.02218337767414169,0.056414169730067805,0.10554656748372492,0.12832960000101484,0.07426288169689031,0.02218127112756126,0.24783792962217732,0.0221789907999377,0.2735243522854744,-0.8832,0.0,-0.506275
397.1499938964844,397.1499938964844,58125500,20250127,TSLA,406.5799865722656,397.1499938964844,0,0.4066556195866909,0.028889898450634468,0.0288903802356358,0.028893057592409937,0.028892480247591796,0.14000644684199726,0.028888888912078498,0.028889578233657832,0.028893028297789433,0.25110062160151353,-0.2732,0.0,-0.09106666666666667
398.0899963378906,398.0899963378906,48910700,20250128,TSLA,397.1499938964844,398.0899963378906,1,0.024410010989956203,0.2693198061770836,0.08901004693845964,0.14940559195834294,0.09583364339382795,0.024405704346665755,0.17916234486830906,0.024405288840021015,0.1196424503942626,0.02440511209307066,-0.6113,0.6858,0.21798571428571425
389.1000061035156,389.1000061035156,68033600,20250129,TSLA,398.0899963378906,389.1000061035156,0,0.14337483925058345,0.14810925443470904,0.07811949374353212,0.11411601398889232,0.14404174689517002,0.048314049577490685,0.10201988136677888,0.14410012099050373,0.053606721629641835,0.02419787812269753,-0.8811,0.9371,0.2587
400.2799987792969,400.2799987792969,98092900,20250130,TSLA,389.1000061035156,400.2799987792969,1,0.0177777778112916,0.017779197303178267,0.23060029412120917,0.09007009043270227,0.08444381342911793,0.0177804398601333,0.017777902221663266,0.10111239549643358,0.13315415654227897,0.2895039327819913,-0.4019,0.5118,0.03663333333333335
404.6000061035156,404.6000061035156,83283600,20250131,TSLA,400.2799987792969,404.6000061035156,1,0.09451872823044455,0.2404440660732551,0.07630163113493887,0.17554282567274443,0.020445913966193222,0.02044544980275796,0.02044608115335329,0.10933297356570468,0.05501311008968631,0.18750922031092104,-0.9798,0.9186,-0.018588888888888894
383.6799926757813,383.6799926757813,93732100,20250203,TSLA,404.6000061035156,383.6799926757813,0,0.12989249848544265,0.23479294157823527,0.053033211189760086,0.1190603293088355,0.08326200246359836,0.03595700313550266,0.08341006137824979,0.10834376148559519,0.07124026226796548,0.08100792870681456,-0.9598,0.872,0.06970000000000001
392.2099914550781,392.2099914550781,57072200,20250204,TSLA,383.6799926757813,392.2099914550781,1,0.0885669777182449,0.20682144670484592,0.04278612243938696,0.17547426191358867,0.05445997856701282,0.03383802961550764,0.0797391727105909,0.10013381499189189,0.0884952842221004,0.12968491111682945,-0.9349,0.8429,-0.030151724137931036
378.1700134277344,378.1700134277344,57223300,20250205,TSLA,392.2099914550781,378.1700134277344,0,0.017556152200114847,0.18217907139755155,0.05440765192447166,0.14196977185507484,0.017555616593263847,0.043627275375187964,0.05687674417790155,0.20417307314890418,0.08724185189345177,0.1944127914340774,-0.6696,0.9273,0.1727153846153846
374.3200073242188,374.3200073242188,77918200,20250206,TSLA,378.1700134277344,374.3200073242188,0,0.05092646450776348,0.31219690241255893,0.050927242618005776,0.050929865830290855,0.09512861349085036,0.05092674132563971,0.059854948976852916,0.14190835954724154,0.08741910737031686,0.09978175392047911,-0.7184,0.8481,-0.19104444444444446
361.6199951171875,361.6199951171875,70298300,20250207,TSLA,374.3200073242188,361.6199951171875,0,0.031376300439339685,0.26072665714969007,0.03137669322482881,0.059156356643046325,0.08935132198107669,0.03137709989050588,0.12301836822198638,0.1355434357491879,0.10082076370552101,0.13725300299481671,-0.9682,0.6705,-0.17620833333333333
350.7300109863281,350.7300109863281,77514900,20250210,TSLA,361.6199951171875,350.7300109863281,0,0.08367488835866019,0.20154880478830806,0.0868151960097393,0.17538735247701784,0.048107067628318116,0.07291761535043467,0.06662521059524873,0.06785896650828457,0.09150912489175894,0.10555577339222919,-0.9559,0.9159,-0.0029487804878048783
328.5,328.5,118543400,20250211,TSLA,350.7300109863281,328.5,0,0.15124430866381783,0.1128851795502132,0.0764623333472093,0.16747308563056393,0.08751247780521118,0.04000340445031407,0.07118995747166793,0.08874243238358547,0.05923396780512284,0.1452528528922939,-0.9219,0.7579,-0.1266076923076923
336.510009765625,336.510009765625,105382700,20250212,TSLA,328.5,336.510009765625,1,0.1774724051274438,0.2297621828775989,0.12157675612566694,0.07849282321985736,0.05396847786694783,0.030945829399374236,0.059693641456435347,0.09883241030833133,0.05673792447377941,0.09251754914456443,-0.9178,0.8313,0.035475
355.94000244140625,355.94000244140625,89441500,20250213,TSLA,336.510009765625,355.94000244140625,1,0.09196468055841424,0.19334286870347098,0.06092895678486375,0.08846789236225473,0.040623809419038606,0.050478102702520504,0.0986314091769887,0.10151627829348574,0.08551504017330604,0.1885309618256563,-0.8922,0.802,-0.05264137931034483
355.8399963378906,355.8399963378906,68277300,20250214,TSLA,355.94000244140625,355.8399963378906,0,0.07759608866169623,0.24203232972093275,0.05870438630333489,0.16425894856285778,0.13277611575751477,0.05435044264783547,0.08305579801123049,0.03092818884338659,0.1253706591622418,0.0309270423289688,-0.8442,0.743,0.20852222222222222
354.1099853515625,354.1099853515625,51631700,20250218,TSLA,355.8399963378906,354.1099853515625,0,0.039209864201891716,0.12447628942492092,0.06377023775057211,0.18085265466658687,0.033178484874122116,0.08766409613203213,0.16619774388456066,0.11573686527159817,0.07272867371682616,0.11618509007688871,-0.8176,0.9259,0.17854210526315786
360.55999755859375,360.55999755859375,67094400,20250219,TSLA,354.1099853515625,360.55999755859375,1,0.0758155774553637,0.13319174640806955,0.09099508429564493,0.09960690817043216,0.06282303155471534,0.13109813467410794,0.24735920410554713,0.0257309624666507,0.04025001117925564,0.09312933969021249,-0.6746,0.7436,-0.0011294117647058788
354.3999938964844,354.3999938964844,45965400,20250220,TSLA,360.55999755859375,354.3999938964844,0,0.059335950608746815,0.15032924612320867,0.039051097004834424,0.10168554269847323,0.08049273266582868,0.13526846235811,0.10590268840539738,0.15063355811044885,0.07048022810439757,0.106820493920554,-0.9313,0.7339,-0.12372666666666668
337.79998779296875,337.79998779296875,74058600,20250221,TSLA,354.3999938964844,337.79998779296875,0,0.043573162116218825,0.16241999076401964,0.1155564912063061,0.020607477744739623,0.09720917201217937,0.056327005835992296,0.14982012492286428,0.18639969865635253,0.06547046946592039,0.10261640727540648,-0.8881,0.8555,-0.12123499999999998
330.5299987792969,330.5299987792969,76052300,20250224,TSLA,337.79998779296875,330.5299987792969,0,0.10080163133705347,0.252843759082897,0.03852088708992108,0.1181626015333571,0.12029751511492189,0.07315263739876782,0.1360539050067356,0.06247195010476136,0.029075777565513206,0.06861933576607102,-0.9304,0.8883,0.10353030303030301
302.79998779296875,302.79998779296875,134228800,20250225,TSLA,330.5299987792969,302.79998779296875,0,0.15439656577204677,0.15636102868446647,0.03549572219257138,0.14238872116282267,0.0570721844768811,0.05236799213129048,0.1211660527145348,0.05177858279370739,0.045036827445851864,0.18393632262582668,-0.8574,0.7088,-0.04140285714285715
290.79998779296875,290.79998779296875,100118300,20250226,TSLA,302.79998779296875,290.79998779296875,0,0.0891177341719404,0.19646455440048288,0.06335326883066761,0.19018979456148816,0.10055025661441233,0.137261117019117,0.07710887810623358,0.045487249068307395,0.043273945688369876,0.05719320153898033,-0.8704,0.7263,-0.192475
281.95001220703125,281.95001220703125,101748200,20250227,TSLA,290.79998779296875,281.95001220703125,0,0.06764488117360558,0.15571098437988226,0.047277919811358766,0.07851508186704749,0.09569829087336418,0.15754008231990885,0.07702162018777653,0.1161968155655465,0.09817609971521751,0.10621822410629188,-0.866,0.8858,-0.007563636363636358
292.9800109863281,292.9800109863281,115697000,20250228,TSLA,281.95001220703125,292.9800109863281,1,0.1594270428316469,0.16755105990096042,0.14016027185214558,0.1294880445374998,0.053218867436107535,0.05646654671015168,0.04902098304974489,0.07516646352115619,0.09520098619057349,0.07429973397001309,-0.8885,0.7424,-0.0627235294117647
284.6499938964844,284.6499938964844,115551400,20250303,TSLA,292.9800109863281,284.6499938964844,0,0.14665612242129683,0.14573507767030897,0.028073899883543054,0.15312035347331618,0.10350680804054202,0.14303043300874493,0.11233958526152253,0.05236702699938436,0.039293729739911035,0.07587696350142972,-0.9247,0.7897,0.03626842105263158
272.0400085449219,272.0400085449219,126706600,20250304,TSLA,284.6499938964844,272.0400085449219,0,0.05743901340219985,0.08234738125891311,0.053675672783850305,0.15482266310074444,0.06111506644094229,0.03177683488432677,0.15321728267199466,0.19078763654609812,0.05393746375692135,0.16088098515400864,-0.9423,0.5399,-0.13518
279.1000061035156,279.1000061035156,94042900,20250305,TSLA,272.0400085449219,279.1000061035156,1,0.041031994810501723,0.13683318479414924,0.08532031416435268,0.21240870945764465,0.09030782154581293,0.08769644656157734,0.07601195711813938,0.07531079642398839,0.06608559331918659,0.12899318180464664,-0.9062,0.5267,-0.12778
263.45001220703125,263.45001220703125,98451600,20250306,TSLA,279.1000061035156,263.45001220703125,0,0.052500894606895054,0.3160577635595224,0.021250777791817287,0.14413905264331886,0.02125287382024955,0.02125085366681849,0.09385551535844526,0.02125286802663871,0.12541705704820644,0.18302234347808746,-0.9025,0.0258,-0.5034125
262.6700134277344,262.6700134277344,102369600,20250307,TSLA,263.45001220703125,262.6700134277344,0,0.12136998226305898,0.15095994708099852,0.03191171184078999,0.09927623803829665,0.05231955255083233,0.11800729881845831,0.1801428464730066,0.16177966141206004,0.05231961154082076,0.031913149981677415,-0.5994,0.6486,0.13138571428571427
222.1499938964844,222.1499938964844,189076900,20250310,TSLA,262.6700134277344,222.1499938964844,0,0.15114528818298367,0.10872649825602368,0.12940245788315916,0.23488851248405448,0.04409355387102739,0.03853778097663344,0.07187325020336949,0.11759236568844887,0.027426017120547708,0.0763142753337517,-0.8313,0.7317,0.07292
230.5800018310547,230.5800018310547,174896400,20250311,TSLA,222.1499938964844,230.5800018310547,1,0.023232704944245255,0.2262231519106391,0.04089069653298641,0.2743914435525338,0.0787880409852646,0.0713961291908572,0.13204735891542455,0.037120943735947314,0.05101026941362762,0.06489926081847378,-0.8442,0.8555,-0.04992222222222223
248.08999633789065,248.08999633789065,142215700,20250312,TSLA,230.5800018310547,248.08999633789065,1,0.10527503440930648,0.16738529346714273,0.1122221693531485,0.2403959645276735,0.028888962581640712,0.028888888908585562,0.028889133204641888,0.12263810835225329,0.028890892329115014,0.13652555286649193,-0.899,0.4574,-0.24085
240.67999267578125,240.67999267578125,114813500,20250313,TSLA,248.08999633789065,240.67999267578125,0,0.0202207754650786,0.20772137024811657,0.020220717777856948,0.06235303717429915,0.020221412360634298,0.0202211577535582,0.0477766099557709,0.2878324510658852,0.07322746113106225,0.24020500706773745,-0.3612,0.6249,0.166575
249.97999572753903,249.97999572753903,100242300,20250314,TSLA,240.67999267578125,249.97999572753903,1,0.1579160624289942,0.01625756841896985,0.016250992479124426,0.3965155541556115,0.01625000496432485,0.03708298513075045,0.06098251422776848,0.21624292827464495,0.0662505637952662,0.016250826124544725,-0.636,0.2732,-0.246925
238.00999450683597,238.00999450683597,111900600,20250317,TSLA,249.97999572753903,238.00999450683597,0,0.11580361816163016,0.15775025901402853,0.015136952515826519,0.28787726663740437,0.06968216548494101,0.11765848765944276,0.0151363974358155,0.15431802660645264,0.01513793347626898,0.05149889300818914,-0.743,0.6486,-0.1678
225.30999755859372,225.30999755859372,111477600,20250318,TSLA,238.00999450683597,225.30999755859372,0,0.10328574745733239,0.0732862866773151,0.10399682182171507,0.204296634709571,0.058285809785250144,0.05347170773348461,0.03328657707300212,0.0664665678550474,0.1317665598895254,0.17185728699775638,-0.9552,0.8715,0.021179999999999994
235.8600006103516,235.8600006103516,111993800,20250319,TSLA,225.30999755859372,235.8600006103516,1,0.17402878652707468,0.15736114777694243,0.07958166075300814,0.17535423732855146,0.0309723046193066,0.0656943724039071,0.030973412868958206,0.1463098989512815,0.09208310908745759,0.04764106968351197,-0.802,0.6476,0.016566666666666657
236.25999450683597,236.25999450683597,99028300,20250320,TSLA,235.8600006103516,236.25999450683597,1,0.09790934006360516,0.12348610099695023,0.12393867556170964,0.1143233070930333,0.09983466474520974,0.14424464658072567,0.039787785856718216,0.07743819848868574,0.0739981235833069,0.10503915703005488,-0.8934,0.6249,-0.21368947368421054
248.7100067138672,248.7100067138672,132728700,20250321,TSLA,236.25999450683597,248.7100067138672,1,0.0941314738444086,0.06481656630425532,0.12528874515756885,0.07591507925131126,0.02314838701276213,0.2728598365713942,0.06481966036738777,0.10772326262433927,0.1481487258165596,0.023148263050012552,-0.9001,0.2732,-0.2861833333333333
278.3900146484375,278.3900146484375,169079900,20250324,TSLA,248.7100067138672,278.3900146484375,1,0.01954130789335757,0.10431390106897134,0.12697821781386603,0.13365271252706387,0.11073886864938187,0.10168199987656157,0.07927730720791107,0.2054293836886553,0.019541843209617472,0.09884445806461353,-0.5267,0.6166,0.017471428571428582
288.1400146484375,288.1400146484375,150361500,20250325,TSLA,278.3900146484375,288.1400146484375,1,0.0646298055108688,0.08576743438164584,0.14503279856524784,0.1615271504376203,0.1265636125186639,0.058809824748341365,0.06960802456962595,0.09014774399117431,0.07684481074178838,0.1210687945350229,-0.8973,0.8783,-0.011903921568627443
272.0599975585937,272.0599975585937,153629800,20250326,TSLA,288.1400146484375,272.0599975585937,0,0.06303055875149842,0.05138088858829431,0.11385614665890732,0.13733163352742297,0.12422459543905083,0.1400553469367292,0.1292360333141372,0.09879228281549145,0.0893100395703153,0.052782474398152604,-0.8225,0.7184,-0.00384482758620689
273.1300048828125,273.1300048828125,162572100,20250327,TSLA,272.0599975585937,273.1300048828125,1,0.05844485263651325,0.12150680613361904,0.18106331161674666,0.21199792272409917,0.09693068979054595,0.10374212787261017,0.067181507008332,0.08776454729205083,0.022463016098104943,0.04890521882737757,-0.8769,0.9245,0.09139090909090908
263.54998779296875,263.54998779296875,123809400,20250328,TSLA,273.1300048828125,263.54998779296875,0,0.06178882478537713,0.1112717830610703,0.1924518006316166,0.12749441069252723,0.09694083858803856,0.05707582428268779,0.05819559869018363,0.08173496110760077,0.054458602245708664,0.1585873559151889,-0.836,0.7345,0.02170204081632653
259.1600036621094,259.1600036621094,134008900,20250331,TSLA,263.54998779296875,259.1600036621094,0,0.0810117087990175,0.07627795689627904,0.21115430572996352,0.1772345269958659,0.15133607313528846,0.046799100308879446,0.06583858072983127,0.07062064959246254,0.04981543443842561,0.06991166337398626,-0.7269,0.8588,0.14555625
268.4599914550781,268.4599914550781,146486900,20250401,TSLA,259.1600036621094,268.4599914550781,1,0.056321831940745505,0.06777840246143609,0.1536112924646766,0.18543967163838332,0.15402308585074304,0.10292065615994384,0.046165912601161395,0.07084223785978185,0.09223412202219551,0.07066278700093237,-0.8159,0.6249,-0.002421428571428569
282.760009765625,282.760009765625,212787800,20250402,TSLA,268.4599914550781,282.760009765625,1,0.10712638766786303,0.1341460854977081,0.12313034621294847,0.20015516051348842,0.048333446565560836,0.07441289541862013,0.046858634793889464,0.08814443805061507,0.07750901101891841,0.10018359426038764,-0.4767,0.7845,0.1501111111111111
267.2799987792969,267.2799987792969,136174300,20250403,TSLA,282.760009765625,267.2799987792969,0,0.0794185393976934,0.06360646512202753,0.1602324571694305,0.09049929532074384,0.13247740964456398,0.11205369398446301,0.09424630386378396,0.07042840712670145,0.10629649522188699,0.09074093314870492,-0.9136,0.8256,0.018377272727272735
239.42999267578125,239.42999267578125,181229400,20250404,TSLA,267.2799987792969,239.42999267578125,0,0.061119467528198475,0.07373051790043582,0.10278689421399952,0.16796279668687544,0.038198697297888655,0.16857540578691357,0.0993312115377804,0.01945490764453025,0.2493829692954598,0.01945713210791759,-0.6841,0.5093,0.086225
233.2899932861328,233.2899932861328,183453800,20250407,TSLA,239.42999267578125,233.2899932861328,0,0.020185769628469734,0.11277491994516842,0.020186142823945343,0.14618725490688472,0.09920429136100507,0.020186075573330176,0.131296952024281,0.09731510886633062,0.2646278063657034,0.08803567850488113,0.0,0.8786,0.32651111111111114
221.8600006103516,221.8600006103516,171603500,20250408,TSLA,233.2899932861328,221.8600006103516,0,0.15854306824520448,0.1864357839278353,0.21027805465077382,0.1132979618702812,0.018107665328177418,0.0667738679028072,0.06325673293426874,0.08666866745381138,0.04398199576240381,0.05265620192443617,-0.7351,0.4824,-0.03429230769230769
272.20001220703125,272.20001220703125,219433400,20250409,TSLA,221.8600006103516,272.20001220703125,1,0.07165600629233095,0.17335214205374508,0.2571952796384575,0.0738292347269714,0.02132423677995368,0.06223257797076749,0.07539265280904904,0.12024840767650065,0.06828896418702894,0.07648049786519485,-0.8225,0.6486,-0.1492909090909091
252.3999938964844,252.3999938964844,181722600,20250410,TSLA,272.20001220703125,252.3999938964844,0,0.15060624509686213,0.08927523571734926,0.206633505120458,0.05385957352773449,0.04653307320354301,0.15898431911793823,0.1333906632376482,0.05678704525911344,0.03175675130676924,0.07217358841258349,-0.9187,0.8689,0.1221
252.30999755859372,252.30999755859372,128948100,20250411,TSLA,252.3999938964844,252.30999755859372,0,0.06111952408197666,0.14392732243867137,0.1315173933149309,0.13741152193506748,0.15344232702530394,0.09310881250912646,0.04481447106249977,0.08797221381365329,0.09422495491811068,0.05246145890065893,-0.7964,0.8271,0.07822916666666667
