close,adjclose,volume,datetime,ticker,T_minus_1_price,T_price,change_vs_T_minus_1,topic_0_score,topic_1_score,topic_2_score,topic_3_score,topic_4_score,topic_5_score,topic_6_score,topic_7_score,min_sentiment,max_sentiment,avg_sentiment
2.173332929611206,2.173332929611206,15453000,20111201,TSLA,2.182667016983032,2.173332929611206,0,0.4465049415022184,0.028648710871105848,0.10780136529095426,0.1774658612455013,0.15360009786864962,0.028682253660525098,0.0286509353276342,0.02864583423341105,0.0,0.8588,0.4294
1.838000059127808,1.838000059127808,25582500,20111221,TSLA,1.8600000143051147,1.838000059127808,0,0.1975736671734316,0.2060336418073543,0.1498226568250691,0.10595920727664998,0.13941180515828042,0.07262560458881685,0.09760485608463286,0.030968561085764634,-0.5574,0.8777,0.20425000000000001
1.8513330221176147,1.8513330221176147,15141000,20111222,TSLA,1.838000059127808,1.8513330221176147,1,0.21167373534423337,0.11011022345409471,0.13209347464084623,0.1934261542985427,0.10567127762213994,0.026805360137530664,0.19343405898910945,0.026785715513502662,0.0,0.4019,0.13396666666666665
1.9046670198440552,1.9046670198440552,11662500,20111227,TSLA,1.8600000143051147,1.9046670198440552,1,0.0250158565135248,0.2249999205557021,0.0250126798760167,0.0250000005129781,0.17387324827989,0.2761271417788113,0.0250000005533134,0.2249711519297634,0.3182,0.3182,0.3182
1.915333032608032,1.915333032608032,7323000,20111229,TSLA,1.9006669521331787,1.915333032608032,1,0.08625628311831576,0.4802002014814965,0.15224910095926558,0.036278274681498815,0.03625000139189894,0.08625434909481991,0.03625573344529464,0.0862560558274096,-0.0772,0.9081,0.47534
1.9040000438690183,1.9040000438690183,5097000,20111230,TSLA,1.915333032608032,1.9040000438690183,0,0.2518505258881163,0.03233193220299656,0.15394401253627374,0.11566228853207271,0.11561893198167214,0.16497909142749598,0.09354109852033012,0.07207211891104215,0.0,0.8176,0.48465714285714284
1.871999979019165,1.871999979019165,13921500,20120103,TSLA,1.9040000438690183,1.871999979019165,0,0.0487050914230977,0.21519661096837647,0.04861725297466037,0.0486414416506738,0.04863698716261273,0.4929426553143621,0.04861162037906389,0.04864834012715243,0.4404,0.6369,0.5613666666666667
1.7940000295639038,1.7940000295639038,14794500,20120106,TSLA,1.807999968528748,1.7940000295639038,0,0.30305264857472086,0.0215936925779502,0.021584024991738865,0.06324250584476084,0.10489059779398396,0.2717973796114026,0.1922485635732165,0.021590587032225935,0.0,0.3182,0.10606666666666666
1.8819999694824217,1.8819999694824217,10084500,20120111,TSLA,1.841333031654358,1.8819999694824217,1,0.0250089246738315,0.4680980995769437,0.381763101005617,0.0250415764922758,0.0250204118301709,0.0250167400636236,0.0250161833357808,0.0250349630217562,0.6616,0.6616,0.6616
1.8833329677581787,1.8833329677581787,10939500,20120112,TSLA,1.8819999694824217,1.8833329677581787,1,0.3385236318860965,0.03299952091137227,0.032987659181983965,0.4218611226907967,0.07464937237115866,0.0329952352273319,0.03299105210751667,0.032992405623743,-0.1386,0.6239,0.16176666666666667
1.519333004951477,1.519333004951477,82506000,20120113,TSLA,1.8833329677581787,1.519333004951477,0,0.5472737322411696,0.0113639705467734,0.257655052831323,0.0113712706638711,0.0113988311566344,0.0113650153904451,0.0113681066196471,0.1382040205501361,0.0,0.0,0.0
1.773332953453064,1.773332953453064,69774000,20120117,TSLA,1.519333004951477,1.773332953453064,1,0.03267101083361403,0.14376055802350554,0.0995992967748071,0.03265834323101053,0.0326520520998756,0.16132475441711572,0.1437856831473733,0.3535483014726979,-0.1154,0.0875,-0.03503333333333334
1.7846670150756836,1.7846670150756836,8919000,20120123,TSLA,1.773332953453064,1.7846670150756836,1,0.0312773355747833,0.5120720436788173,0.0312500054601569,0.3002461151757719,0.0312500061730117,0.0312561870591763,0.0313920174529785,0.0312562894253038,0.6361,0.6361,0.6361
1.8279999494552608,1.8279999494552608,12870000,20120124,TSLA,1.7846670150756836,1.8279999494552608,1,0.1952561927930745,0.0215773824357864,0.0826323800144567,0.06323697109129917,0.021583656681279567,0.49730444064988194,0.0215950972765017,0.09681387905771964,-0.2732,0.6369,0.04580000000000001
1.95533299446106,1.95533299446106,11226000,20120127,TSLA,1.929332971572876,1.95533299446106,1,0.0250000009503081,0.0250000007362444,0.0250452409618996,0.473095797397502,0.0250000010093537,0.3768589572950636,0.025000000860519,0.0250000007891092,0.5994,0.5994,0.5994
1.937999963760376,1.937999963760376,14346000,20120131,TSLA,1.9713330268859863,1.937999963760376,0,0.0625000029921978,0.0625000023007121,0.062500002785432,0.0625000024931106,0.0625000031737679,0.562499981070004,0.062500002716215,0.0625000024685604,0.1531,0.1531,0.1531
1.972000002861023,1.972000002861023,7848000,20120201,TSLA,1.937999963760376,1.972000002861023,1,0.0203125012374301,0.20146164318100152,0.14531274479295206,0.020314681180602152,0.20776766344768485,0.2391703316799092,0.0203423096851365,0.14531812479528314,0.1779,0.3818,0.27985
2.016666889190674,2.016666889190674,12085500,20120202,TSLA,1.972000002861023,2.016666889190674,1,0.2812516696484874,0.0312500005164232,0.0312500006286051,0.2812481706548947,0.2811874299692015,0.0312867563551415,0.0312500006036984,0.0312759716235478,0.4576,0.4576,0.4576
2.119999885559082,2.119999885559082,9781500,20120206,TSLA,2.076667070388794,2.119999885559082,1,0.08594883000984879,0.0234415659538035,0.0234381225184475,0.02343750139559265,0.19372875182242774,0.2281568554784201,0.39835309277908293,0.023495280042376353,0.0,0.25,0.125
2.1066670417785645,2.1066670417785645,15324000,20120207,TSLA,2.119999885559082,2.1066670417785645,0,0.8249988701805252,0.0250000001832668,0.0250000002228052,0.025000000229907,0.0250000002518768,0.0250000002085646,0.0250011285259078,0.0250000001971461,0.6096,0.6096,0.6096
2.128667116165161,2.128667116165161,9355500,20120208,TSLA,2.1066670417785645,2.128667116165161,1,0.10623994346820276,0.2395872627363064,0.20624999519449294,0.12291641156807766,0.20624358934225798,0.03958484572708396,0.0395943127586474,0.039583639204930604,-0.5938,0.6893,0.2517333333333333
2.171999931335449,2.171999931335449,19156500,20120209,TSLA,2.128667116165161,2.171999931335449,1,0.37165739027409944,0.0260436294392325,0.22204025431585955,0.026052677609769398,0.02605909366769655,0.27605788832794476,0.02604368767717425,0.0260453786882232,0.0,0.5106,0.2553
2.0733330249786377,2.0733330249786377,28113000,20120210,TSLA,2.171999931335449,2.0733330249786377,0,0.3012373838873169,0.02050014221607827,0.09320441460455843,0.16727732990849817,0.020492365864119465,0.08940447140225939,0.20626336417816563,0.1016205279390033,-0.4574,0.7189,0.08716666666666667
2.211333036422729,2.211333036422729,27162000,20120214,TSLA,2.0993330478668213,2.211333036422729,1,0.2812512384280649,0.0312500004029689,0.2812512570955141,0.0312500004365163,0.0312500005519445,0.0312634283987848,0.28123209811651,0.0312519765696964,0.4215,0.4215,0.4215
2.3313329219818115,2.3313329219818115,20650500,20120217,TSLA,2.2786669731140137,2.3313329219818115,1,0.020836060451433,0.0208333336026113,0.6874875078373819,0.1874991834270685,0.0208366479575891,0.0208333336405979,0.0208375047111712,0.0208364283721469,0.2023,0.2023,0.2023
2.299999952316284,2.299999952316284,17037000,20120221,TSLA,2.3313329219818115,2.299999952316284,0,0.0312500037208206,0.031286579794846,0.2812436478476719,0.0312500031186512,0.0312500039629043,0.2812573211548632,0.0312500033637215,0.2812124370365211,-0.4926,-0.4926,-0.4926
2.253999948501587,2.253999948501587,9183000,20120228,TSLA,2.2413330078125,2.253999948501587,1,0.0138964670611621,0.013888889341831,0.0138894381938781,0.0138888893810495,0.0139366846004687,0.9026882265692096,0.0138888894197887,0.0139225154326119,0.0,0.0,0.0
2.227333068847656,2.227333068847656,8035500,20120229,TSLA,2.253999948501587,2.227333068847656,0,0.0156338284787032,0.1578261513828444,0.3056492910652095,0.1785822218473868,0.0156562657496845,0.2953487935160926,0.0156279023199342,0.0156755456401445,0.0,0.0,0.0
2.2693328857421875,2.2693328857421875,8250000,20120302,TSLA,2.2939999103546143,2.2693328857421875,0,0.0250000017621963,0.0250000013617816,0.4250005463412616,0.0250000014773923,0.0250153099885332,0.4249841360155444,0.0250000015921071,0.0250000014611833,0.0,0.0,0.0
2.2079999446868896,2.2079999446868896,5473500,20120307,TSLA,2.2073330879211426,2.2079999446868896,1,0.4037918816516438,0.031250000213622,0.0313401761584336,0.4085794081672425,0.0312666034730596,0.031250000243502,0.0312664021660249,0.0312555279264713,0.0,0.0,0.0
2.4006669521331787,2.4006669521331787,29449500,20120312,TSLA,2.315999984741211,2.4006669521331787,1,0.0156311638981686,0.1406166000464138,0.0156258661219431,0.7656078290484466,0.0156250009194112,0.0156397707370268,0.0156284622271788,0.0156253070014108,0.126,0.126,0.126
2.4059998989105225,2.4059998989105225,15024000,20120313,TSLA,2.4006669521331787,2.4059998989105225,1,0.062500002532663,0.5624999836823478,0.0625000023668869,0.062500002122782,0.0625000026804528,0.0625000022302064,0.062500002285556,0.0625000020991049,0.6956,0.6956,0.6956
2.352667093276977,2.352667093276977,12772500,20120314,TSLA,2.4059998989105225,2.352667093276977,0,0.125,0.125,0.125,0.125,0.125,0.125,0.125,0.125,0.0,0.0,0.0
2.3333330154418945,2.3333330154418945,8574000,20120315,TSLA,2.352667093276977,2.3333330154418945,0,0.6254926566286387,0.0208594348455792,0.2494242426372932,0.0208586543095643,0.0208333341821593,0.0208371183950621,0.0208333340553222,0.0208612249463804,0.6597,0.6597,0.6597
2.330667018890381,2.330667018890381,8505000,20120320,TSLA,2.3320000171661377,2.330667018890381,0,0.0312500002596738,0.2812302163325469,0.0312500002429981,0.0312500002181118,0.0312500002756555,0.5312509660010128,0.0312688164546559,0.031250000215345,0.8439,0.8439,0.8439
2.293333053588867,2.293333053588867,7836000,20120322,TSLA,2.343333005905152,2.293333053588867,0,0.3750042628362087,0.041666668477429,0.041666668862348,0.0416666686386006,0.3749957250494416,0.0416666687353541,0.0416666687850743,0.0416666686155435,0.6124,0.6124,0.6124
2.523333072662353,2.523333072662353,14325000,20120328,TSLA,2.529333114624023,2.523333072662353,0,0.3615075776227102,0.0125000002440297,0.4429338716213616,0.0125152233454091,0.0125000003370396,0.0125027398090686,0.1330357876806871,0.0125047993396938,0.0,0.0,0.0
2.5339999198913574,2.5339999198913574,16471500,20120403,TSLA,2.438667058944702,2.5339999198913574,1,0.2492655893099901,0.12810828025130924,0.1281543532786691,0.02813619744067105,0.1531051044512448,0.02813123969047815,0.25696789099223505,0.0281313445854021,0.0,0.1027,0.05135
2.3333330154418945,2.3333330154418945,67227000,20120404,TSLA,2.5339999198913574,2.3333330154418945,0,0.2812491945942708,0.031250000528956,0.031250000645092,0.0312682109441743,0.5310910936067033,0.0313721841791678,0.0312693149329995,0.031250000568636,0.7506,0.7506,0.7506
2.298666954040528,2.298666954040528,22641000,20120405,TSLA,2.3333330154418945,2.298666954040528,0,0.5367891405337706,0.19531121980846486,0.12465429647525594,0.028652993707086953,0.028645834251636,0.028647006933142247,0.02865020952136535,0.0286492987692777,0.6239,0.7579,0.6909000000000001
2.2100000381469727,2.2100000381469727,24835500,20120409,TSLA,2.298666954040528,2.2100000381469727,0,0.24500225925867855,0.08679771270405634,0.0312555110161144,0.03125473666144537,0.0312500005763584,0.41037650866177394,0.13281327066906434,0.0312500004525082,0.1779,0.8646,0.4747666666666666
2.177333116531372,2.177333116531372,12346500,20120418,TSLA,2.149333000183105,2.177333116531372,1,0.0312669975418923,0.0312729220864367,0.0312500032284647,0.2812537859749511,0.0312500036532029,0.2812547306574142,0.2812015540008477,0.0312500028567899,0.2263,0.2263,0.2263
2.21066689491272,2.21066689491272,11623500,20120419,TSLA,2.177333116531372,2.21066689491272,1,0.0468795143674466,0.42184414177380625,0.2968769130706427,0.046878990499535644,0.04687621843164965,0.0468801982857824,0.04688233198061825,0.04688169159051821,0.6705,0.7184,0.69445
2.129333019256592,2.129333019256592,13362000,20120423,TSLA,2.21066689491272,2.129333019256592,0,0.0208371656264149,0.0208589783493767,0.02084040142597775,0.1874695992478136,0.0208490478263306,0.2766334116997061,0.4316765887115763,0.02083480711280375,0.0,0.0,0.0
2.121332883834839,2.121332883834839,10117500,20120424,TSLA,2.129333019256592,2.121332883834839,0,0.0178571433235801,0.0178571432171262,0.0178571432946324,0.160709521139898,0.0178599101695818,0.7321448523326124,0.0178571432785994,0.0178571432439695,0.0,0.0,0.0
2.208667039871216,2.208667039871216,6208500,20120430,TSLA,2.22266697883606,2.208667039871216,0,0.22914439357902702,0.03472222274480274,0.034725058584726035,0.11805619562951204,0.2013915135902565,0.22917416634873847,0.11806422683597573,0.03472222268696117,-0.34,0.658,0.2394333333333333
2.1640000343322754,2.1640000343322754,12619500,20120503,TSLA,2.262666940689087,2.1640000343322754,0,0.0250320868264565,0.0250000004492652,0.02500580359266405,0.02502253170368735,0.0250109941289475,0.6955966042609277,0.02500000052705175,0.15433197851099945,0.0,0.4019,0.20095
2.012666940689087,2.012666940689087,46458000,20120508,TSLA,2.1646668910980225,2.012666940689087,0,0.2812549763512182,0.0312878883795189,0.031250003514142,0.2812588081815911,0.031250003985817,0.2811983130462781,0.0312500034139656,0.0312500031274688,0.3612,0.3612,0.3612
2.003999948501587,2.003999948501587,29218500,20120509,TSLA,2.012666940689087,2.003999948501587,0,0.7607570740942088,0.1557864866026863,0.0139631599702207,0.0139080539056509,0.0138972329449897,0.013890638013064,0.0138894782567336,0.0139078762124458,0.5562,0.5562,0.5562
2.1973330974578857,2.1973330974578857,83344500,20120510,TSLA,2.003999948501587,2.1973330974578857,1,0.8540899722403774,0.0208546431683822,0.0208682067343797,0.0208417100794039,0.0208333344059564,0.0208333342218622,0.0208436043527308,0.020835194796907,0.7184,0.7184,0.7184
2.150000095367432,2.150000095367432,18319500,20120511,TSLA,2.1973330974578857,2.150000095367432,0,0.0203268662395092,0.0203173818412778,0.02031632615229125,0.02032714255331145,0.02031940161727445,0.7067720754582961,0.1712361229027476,0.020384683235291752,-0.0516,0.0,-0.0258
2.003999948501587,2.003999948501587,20713500,20120514,TSLA,2.150000095367432,2.003999948501587,0,0.0312500005974701,0.2812058009320364,0.03125000055837,0.2812503423384839,0.2812502314183235,0.0312500005246244,0.031250000540345,0.0312936230903464,-0.6597,-0.6597,-0.6597
2.053333044052124,2.053333044052124,35493000,20120522,TSLA,1.9179999828338623,2.053333044052124,1,0.17598996839019193,0.026465784946549924,0.11456191257253365,0.0574415513846568,0.10976896346752828,0.3171020616901883,0.17220715569076583,0.026462601857585047,0.0,0.9269,0.36948749999999997
2.068000078201294,2.068000078201294,18306000,20120523,TSLA,2.053333044052124,2.068000078201294,1,0.0208333343286283,0.0208333341013155,0.0208333342660171,0.1874971921724214,0.1874934169063625,0.5208427198321993,0.0208333342347116,0.020833334158344,0.0,0.0,0.0
2.018666982650757,2.018666982650757,16134000,20120524,TSLA,2.068000078201294,2.018666982650757,0,0.058072221178698355,0.026846070883793375,0.0843153496743556,0.19139793525431278,0.12683181306615604,0.37554946335611805,0.11015768697086478,0.026829459615700626,0.0,0.6486,0.16215
1.987333059310913,1.987333059310913,11355000,20120525,TSLA,2.018666982650757,1.987333059310913,0,0.020312500897856953,0.020341401528464448,0.020312500841426898,0.2452608255334138,0.0203125009513338,0.6328190064860337,0.0203241332529167,0.020317130508553348,0.0,0.6588,0.3294
1.9666670560836792,1.9666670560836792,16780500,20120531,TSLA,2.0273330211639404,1.9666670560836792,0,0.13077207341045802,0.01965525871479345,0.20086935310399692,0.0786821230965293,0.0787172323834925,0.3843298686926826,0.08731883182203537,0.0196552587760114,-0.34,0.658,-0.005500000000000005
1.8606669902801516,1.8606669902801516,9463500,20120605,TSLA,1.858667016029358,1.8606669902801516,1,0.0178571441727246,0.0178571438744869,0.3035646641720331,0.0178636582756059,0.4464243701763425,0.1607118120567833,0.0178640633211003,0.017857143950923,0.0,0.0,0.0
1.9593329429626465,1.9593329429626465,13083000,20120614,TSLA,1.9846669435501096,1.9593329429626465,0,0.02500560653730715,0.02500000100603355,0.025041612646879548,0.02500000108918255,0.42495228138791485,0.22499676960969694,0.22499614159266607,0.025007586130319052,0.0,0.4404,0.2202
2.122667074203491,2.122667074203491,18852000,20120618,TSLA,1.99399995803833,2.122667074203491,1,0.022591303213693802,0.022573237477866347,0.07811973044508094,0.23445933298755395,0.02258274483035675,0.3561487857794263,0.022583442103819552,0.24094142316220196,-0.4926,0.8176,0.1625
2.252000093460083,2.252000093460083,51336000,20120620,TSLA,2.1393330097198486,2.252000093460083,1,0.0416666668829717,0.0416666668333267,0.0416666668693206,0.041666666847673,0.0416666668966622,0.3749998893823187,0.0416666668620827,0.375000109425644,0.0,0.0,0.0
2.25266695022583,2.25266695022583,45699000,20120622,TSLA,2.1459999084472656,2.25266695022583,1,0.5312421632594789,0.0312500005210054,0.0312500006300995,0.2812462423505567,0.0312615914837045,0.0312500005899654,0.0312500006066316,0.0312500005585579,0.0,0.0,0.0
2.130666971206665,2.130666971206665,15708000,20120627,TSLA,2.107332944869995,2.130666971206665,1,0.14398286063359078,0.030271752546375732,0.030257939550398932,0.07787700326615483,0.030257939944638167,0.25239689443545194,0.0302664546618629,0.4046891549615265,-0.3802,0.6249,0.08156666666666668
2.0820000171661377,2.0820000171661377,18807000,20120705,TSLA,2.0439999103546143,2.0820000171661377,1,0.0469755717785074,0.0468901242685611,0.04690092045592295,0.2967201080280677,0.0469185679769822,0.2968218615173294,0.17186943345846795,0.04690341251616105,-0.357,0.6361,0.13955
2.180000066757202,2.180000066757202,16885500,20120712,TSLA,2.1006669998168945,2.180000066757202,1,0.3906258990006597,0.0156250004616053,0.3906147818936071,0.1406147020237055,0.0156250006348544,0.0156290675359002,0.015625962563459,0.0156395858862086,0.3074,0.3074,0.3074
2.2233328819274902,2.2233328819274902,38539500,20120717,TSLA,2.3973329067230225,2.2233328819274902,0,0.0625000033825978,0.0625000026224752,0.0625000031707592,0.0625000028411522,0.5624231073575731,0.0625000030023253,0.0625768748128366,0.0625000028102803,0.902,0.902,0.902
2.0439999103546143,2.0439999103546143,20802000,20120723,TSLA,2.119333028793335,2.0439999103546143,0,0.022918508829485748,0.022916667997914003,0.0229393977453232,0.02293246089647715,0.0229198922857459,0.10624365591122205,0.306552785355019,0.4725766309788126,-0.7906,-0.0516,-0.4211
1.9673329591751096,1.9673329591751096,25095000,20120727,TSLA,1.8753329515457156,1.9673329591751096,1,0.11411102598418445,0.15574572987890384,0.17945578151565963,0.05674960446352615,0.11088132791358447,0.13116891897496383,0.030766848491151785,0.22112076277802548,-0.2263,0.8908,0.3743
1.8279999494552608,1.8279999494552608,23626500,20120731,TSLA,1.8233330249786377,1.8279999494552608,1,0.2782560971886503,0.11358858196258993,0.019116114853174732,0.2544604545240709,0.019097223062182003,0.2222959538550117,0.019099510489196767,0.07408606406512334,0.4939,0.7184,0.6375333333333334
1.75,1.75,23884500,20120801,TSLA,1.8279999494552608,1.75,0,0.1578026214698772,0.29298794879003404,0.03299154404735164,0.03298115843408378,0.19755751995563933,0.10542599572762543,0.061562747338909374,0.11869046423647886,0.0,0.7845,0.41702000000000006
1.8179999589920044,1.8179999589920044,18142500,20120803,TSLA,1.7400000095367432,1.8179999589920044,1,0.02604898718785095,0.02605368502687135,0.17192422289016704,0.25516360058340015,0.4426479581357849,0.026054177452224398,0.0260628081891857,0.026044560534515197,0.0,0.743,0.3715
2.078000068664551,2.078000068664551,13051500,20120813,TSLA,1.996000051498413,2.078000068664551,1,0.0178571444600684,0.4360869277932437,0.1928538031919108,0.0178714414887317,0.0178582878803535,0.0178571442588498,0.281753391490337,0.0178618594365048,-0.6908,-0.6908,-0.6908
1.9966670274734497,1.9966670274734497,11632500,20120822,TSLA,1.940667033195496,1.9966670274734497,1,0.2828236805049708,0.2103482921734256,0.23249179282033872,0.02144185840888265,0.02142897722798365,0.10470008434742986,0.105334569138908,0.0214307453780604,0.7964,0.8122,0.8043
1.888000011444092,1.888000011444092,20256000,20120827,TSLA,1.9666670560836792,1.888000011444092,0,0.4059115138746106,0.018105159924158,0.018117313221118498,0.21052449411011973,0.20857587670650005,0.06083328614659556,0.05977985601230016,0.018152500004597134,-0.1531,0.7845,0.21046666666666666
1.8940000534057615,1.8940000534057615,12583500,20120829,TSLA,1.9126670360565183,1.8940000534057615,0,0.026060772076113348,0.026041668063655453,0.0260615799805088,0.1093473107310387,0.026069952077286504,0.6093723055983259,0.0260723722449821,0.15097403922808883,0.2263,0.9211,0.5737
1.9033329486846924,1.9033329486846924,12625500,20120906,TSLA,1.8626669645309448,1.9033329486846924,1,0.7522046965639633,0.0156250007660422,0.0156479204634856,0.0156430623933805,0.0156250010464737,0.0156250008692197,0.1540032481854043,0.0156260697120304,0.0,0.0,0.0
1.9653329849243164,1.9653329849243164,22270500,20120913,TSLA,1.885332942008972,1.9653329849243164,1,0.0312500004881075,0.0312500003769785,0.0312500004551811,0.2812488999712974,0.0312500005172621,0.5312510973464323,0.0312500004413179,0.0312500004034229,0.5859,0.5859,0.5859
2.026000022888184,2.026000022888184,23049000,20120914,TSLA,1.9653329849243164,2.026000022888184,1,0.2457110049108995,0.1249968150110551,0.4448450142116537,0.0138915883661916,0.0138889348414269,0.1288826822483083,0.0138946103028971,0.0138893501075674,0.2263,0.2263,0.2263
2.169332981109619,2.169332981109619,48192000,20120917,TSLA,2.026000022888184,2.169332981109619,1,0.0156493899311583,0.0156250001899591,0.0156814277365152,0.2378850717929081,0.0156359532389588,0.0156250002160849,0.66824392614866,0.0156542307457553,0.5697,0.5697,0.5697
2.069999933242798,2.069999933242798,15727500,20120919,TSLA,2.0893330574035645,2.069999933242798,0,0.2703908888813177,0.0208333337598448,0.6045996463053892,0.0208333337968759,0.0208333339194107,0.0208375051788504,0.0208386243660537,0.0208333337922573,0.0,0.0,0.0
1.843999981880188,1.843999981880188,85206000,20120925,TSLA,2.0439999103546143,1.843999981880188,0,0.0250048428438966,0.0250000010469022,0.6249972525479752,0.0250049424697265,0.2249596495977482,0.025000001190733,0.0250322100843687,0.025001100218649,0.6369,0.6369,0.6369
1.944000005722046,1.944000005722046,13266000,20121001,TSLA,1.9520000219345093,1.944000005722046,0,0.1081563687998023,0.0113636367637098,0.011364331116906,0.011363636798247,0.5186488570246492,0.3163704296845073,0.0113659753064167,0.0113667645057614,-0.128,-0.128,-0.128
1.9866670370101929,1.9866670370101929,10935000,20121002,TSLA,1.944000005722046,1.9866670370101929,1,0.0113642017102728,0.0113636368473644,0.011364085916072,0.1931709137283984,0.0113659521475777,0.7386393447417009,0.0113682280255142,0.0113636368830992,0.0,0.0,0.0
1.953333020210266,1.953333020210266,15792000,20121003,TSLA,1.9866670370101929,1.953333020210266,0,0.0417857363351636,0.0416666680438241,0.0416666683403946,0.0416666681602092,0.041666668556013,0.0416666682425841,0.708214254174537,0.0416666681472739,-0.0772,-0.0772,-0.0772
1.950000047683716,1.950000047683716,13345500,20121008,TSLA,1.9259999990463257,1.950000047683716,1,0.0138911812660604,0.0138888892196878,0.127495573292675,0.0138888892471735,0.2717460533490494,0.5313103377848934,0.0138888892763825,0.0138901865640779,0.0,0.0,0.0
1.888000011444092,1.888000011444092,6759000,20121011,TSLA,1.8933329582214355,1.888000011444092,0,0.013896049015581,0.0138901388548003,0.0138900589505874,0.279302797991281,0.0139414677814198,0.6372832108974572,0.0139073872381587,0.0138888892707142,0.0,0.0,0.0
1.8566670417785645,1.8566670417785645,7053000,20121022,TSLA,1.8493330478668213,1.8566670417785645,1,0.0209020056467927,0.0208356614227745,0.8540388078956397,0.0208356806562297,0.0208461104453395,0.0208333350792658,0.0208568617492098,0.0208515371047481,0.0,0.0,0.0
2.076667070388794,2.076667070388794,34860000,20121106,TSLA,2.0999999046325684,2.076667070388794,0,0.041666668071948,0.374987829671548,0.041666667981407,0.3749995188474718,0.0416666681609365,0.0416666679031757,0.041666667935591,0.0416793114279216,0.4926,0.4926,0.4926
2.102667093276977,2.102667093276977,25717500,20121107,TSLA,2.076667070388794,2.102667093276977,1,0.0113743469026086,0.0113714172836508,0.0113636367992782,0.0113703889108183,0.8285343660897816,0.0113840967770163,0.1032358451411583,0.0113659020956874,0.0,0.0,0.0
2.107332944869995,2.107332944869995,14974500,20121113,TSLA,2.0713329315185547,2.107332944869995,1,0.0312883706629357,0.2812381897872164,0.0312500040646147,0.2812452654482025,0.2811904450953512,0.0312877173893033,0.0312500039443136,0.0312500036080623,0.6696,0.6696,0.6696
2.122667074203491,2.122667074203491,13630500,20121116,TSLA,2.0546669960021973,2.122667074203491,1,0.612127225963132,0.013898260266226,0.304486860156303,0.0139157955869245,0.0138888893935301,0.0139005325697655,0.0138901913365284,0.0138922447275903,0.6597,0.6597,0.6597
2.200000047683716,2.200000047683716,13837500,20121120,TSLA,2.194667100906372,2.200000047683716,1,0.16096809079638924,0.10793573553169993,0.049922724413880605,0.18271122808343193,0.02212267676262744,0.21209923392688182,0.02212609437868598,0.24211421610640277,-0.6369,0.1655,-0.24486
2.1646668910980225,2.1646668910980225,14448000,20121121,TSLA,2.200000047683716,2.1646668910980225,0,0.0312500007577769,0.0312500005855499,0.031322311783745,0.5311763569762942,0.0312500008068841,0.2812513277726429,0.0312500006880435,0.0312500006290633,0.7717,0.7717,0.7717
2.1419999599456787,2.1419999599456787,6454500,20121123,TSLA,2.1646668910980225,2.1419999599456787,0,0.562442037941548,0.0625000001369393,0.0625000001655712,0.0625000001487043,0.0625000001878471,0.062557961113139,0.0625000001596365,0.0625000001466142,0.7783,0.7783,0.7783
2.1433329582214355,2.1433329582214355,13662000,20121127,TSLA,2.1513330936431885,2.1433329582214355,0,0.0229166674021865,0.0229220390307754,0.02291666735477595,0.3013368880357673,0.022925601150489,0.4777961067380318,0.10625070318514565,0.0229353271028281,0.0772,0.2263,0.15175
2.2153329849243164,2.2153329849243164,22878000,20121128,TSLA,2.1433329582214355,2.2153329849243164,1,0.0625496207072131,0.0626725427608508,0.0625935399742837,0.0626617910740772,0.0625000009941784,0.062500000820169,0.0625000008409909,0.5620225028282366,0.6474,0.6474,0.6474
2.259999990463257,2.259999990463257,18949500,20121204,TSLA,2.308000087738037,2.259999990463257,0,0.0156412423642692,0.015628135856316,0.015667279998013,0.0156378511825223,0.0156281511089658,0.0156250002550674,0.4879878450983054,0.4181844941365405,0.8834,0.8834,0.8834
2.24733304977417,2.24733304977417,9922500,20121205,TSLA,2.259999990463257,2.24733304977417,0,0.0416666692941006,0.0416666686978969,0.0416666691243375,0.0416666688719614,0.37499756801356,0.0416666689761981,0.041666669036669,0.3750024179852763,0.3182,0.3182,0.3182
2.351999998092652,2.351999998092652,23589000,20121211,TSLA,2.3046669960021973,2.351999998092652,1,0.0178659966916963,0.0178810363782212,0.0178891937849783,0.5602365761078726,0.1722877387695095,0.0178571437799085,0.0178816178095248,0.1781006966782886,0.75,0.75,0.75
2.3506669998168945,2.3506669998168945,30957000,20121212,TSLA,2.351999998092652,2.3506669998168945,0,0.19201691016087702,0.13934764980613287,0.09153349619350036,0.03244351192834677,0.061016999200636926,0.0681800623436312,0.22524119770411621,0.1902201726627583,-0.7603,0.8519,0.04280000000000001
2.253999948501587,2.253999948501587,15345000,20121214,TSLA,2.2406671047210693,2.253999948501587,1,0.0364611020083599,0.16144166337707827,0.16148158933502554,0.07813444159955706,0.16146751794690495,0.0364677458630226,0.20315021336755143,0.16139572650249998,-0.6705,0.0772,-0.14832499999999998
2.293333053588867,2.293333053588867,12373500,20121217,TSLA,2.253999948501587,2.293333053588867,1,0.0208333337417841,0.0208333336488083,0.0208333337166265,0.1950970155119451,0.0208587634873806,0.6798700267521341,0.0208333337023701,0.0208408594389509,0.5994,0.5994,0.5994
2.307332992553711,2.307332992553711,19482000,20121219,TSLA,2.305999994277954,2.307332992553711,1,0.1243072786157138,0.02976190559386335,0.29236665076479357,0.0297619056632639,0.1964289453654903,0.1011913775537566,0.196418713370304,0.02976322307281415,0.7832,0.8777,0.83045
2.2853329181671143,2.2853329181671143,5637000,20121224,TSLA,2.266666889190674,2.2853329181671143,1,0.033136947177903,0.033110119711756224,0.033111642690235726,0.03311082768991075,0.5126414323196488,0.22617646273550437,0.09560114001118644,0.03311142766385437,-0.296,0.0,-0.074
2.293333053588867,2.293333053588867,10110000,20130104,TSLA,2.318000078201294,2.293333053588867,0,0.2050471765339238,0.12003156506445631,0.1777398134887559,0.0194680968816721,0.01948652528513985,0.21940054893606764,0.01944748968719765,0.21937878412278655,0.3612,0.4753,0.41825
2.23533296585083,2.23533296585083,13837500,20130110,TSLA,2.242666959762573,2.23533296585083,0,0.036537913661398594,0.20304964341725634,0.2864362324739682,0.03645833466695285,0.03645833502086395,0.3281285426641197,0.03646799534781775,0.03646300274762225,0.0,0.6419,0.32095
2.301332950592041,2.301332950592041,53326500,20130118,TSLA,2.2920000553131104,2.301332950592041,1,0.0156285761546479,0.0156291268925311,0.5111284043697697,0.0156304862510959,0.0156552043837736,0.2656239658053544,0.1450674065725305,0.0156368295702965,0.8625,0.8625,0.8625
2.501332998275757,2.501332998275757,14521500,20130130,TSLA,2.5299999713897705,2.501332998275757,0,0.0178581914192614,0.0179102485007342,0.8749201783037438,0.0178645044015575,0.0178603309792691,0.0178571433941498,0.0178680950265762,0.0178613079747075,0.0,0.0,0.0
2.5160000324249268,2.5160000324249268,16920000,20130204,TSLA,2.553333044052124,2.5160000324249268,0,0.046880441249804256,0.29687498368213117,0.046875002829283405,0.4218610426446951,0.0468750032290371,0.04687727582372835,0.046877265288685896,0.04687898525263445,-0.7003,0.8881,0.09389999999999998
2.615999937057495,2.615999937057495,17097000,20130208,TSLA,2.631999969482422,2.615999937057495,0,0.0208333347611657,0.2027170138891423,0.0208467748116955,0.0208333345286782,0.0208333348555737,0.4689090852237983,0.2241937874125371,0.0208333345174089,0.0,0.0,0.0
2.561332941055298,2.561332941055298,48994500,20130211,TSLA,2.615999937057495,2.561332941055298,0,0.20284102964854375,0.050621895693962665,0.406032287814799,0.12089789067167273,0.08802045755975019,0.02135709050504027,0.021361310136837567,0.08886803796939342,-0.0772,0.8932,0.3784166666666666
2.551332950592041,2.551332950592041,14860500,20130214,TSLA,2.563333034515381,2.551332950592041,0,0.2457808732987699,0.0250000004961131,0.025000766896394,0.0250032917911507,0.6042150658368184,0.0250000005653442,0.025000000581432,0.0250000005339774,0.0,0.0,0.0
2.469332933425904,2.469332933425904,30264000,20130215,TSLA,2.551332950592041,2.469332933425904,0,0.09114759328656785,0.02864583437690725,0.504068052717872,0.0286458344577424,0.19904994803206122,0.0286458345097022,0.0286605675598963,0.09113633505925045,0.0,0.3818,0.1909
2.2920000553131104,2.2920000553131104,43341000,20130225,TSLA,2.4073328971862797,2.2920000553131104,0,0.3374069600665967,0.2042150278943555,0.0208520957407776,0.0208398510765827,0.3541548864035811,0.0208429407157498,0.0208426325914112,0.0208456055109449,0.9081,0.9081,0.9081
2.295332908630371,2.295332908630371,41443500,20130226,TSLA,2.2920000553131104,2.295332908630371,1,0.0125000002474516,0.0125000001909645,0.0125000002318526,0.0125000002072982,0.0125134487289628,0.5241759022014484,0.0125000002247923,0.4008106479672294,0.128,0.128,0.128
2.3399999141693115,2.3399999141693115,29388000,20130227,TSLA,2.295332908630371,2.3399999141693115,1,0.11880439558542329,0.020254974340378266,0.020282023035893132,0.33615446615588795,0.020249671080527398,0.020242083266152133,0.020250499498038532,0.4437618870376989,-0.0258,0.3818,0.11866666666666666
2.309999942779541,2.309999942779541,23199000,20130301,TSLA,2.322000026702881,2.309999942779541,0,0.0919868695855979,0.047118545671814505,0.24612674283788516,0.05993799411638783,0.040712241122130566,0.3549034561915313,0.09927572715507438,0.05993842331957802,-0.4588,0.8997,0.2442923076923077
2.512666940689087,2.512666940689087,17250000,20130306,TSLA,2.44333291053772,2.512666940689087,1,0.2220820838871303,0.1529156225125492,0.0208333339902601,0.1874979239020204,0.3541659552169502,0.0208333339479089,0.0208384126285003,0.0208333339146801,0.3612,0.3612,0.3612
2.564666986465454,2.564666986465454,13681500,20130308,TSLA,2.548666954040528,2.564666986465454,1,0.07186784804442889,0.11105354628524303,0.14074544813857573,0.1883423290531084,0.20004613829256665,0.13730020723547903,0.11103640984075731,0.03960807310984066,-0.5255,0.6633,0.15074285714285715
2.396667003631592,2.396667003631592,21345000,20130320,TSLA,2.3386669158935547,2.396667003631592,1,0.29248577616853094,0.0147773691353538,0.2022653033202513,0.19196649233357155,0.1258494604574344,0.08755593354413785,0.0147896065956653,0.07031005844505445,0.0,0.802,0.401
2.502000093460083,2.502000093460083,35682000,20130325,TSLA,2.441333055496216,2.502000093460083,1,0.0257253515395385,0.681154557684834,0.08125082131916114,0.0256950463402934,0.025727697763902133,0.025695089574938965,0.10902597640388177,0.025725459373449666,-0.5859,0.5413,-0.014866666666666658
2.5239999294281006,2.5239999294281006,27123000,20130326,TSLA,2.502000093460083,2.5239999294281006,1,0.02309526869675085,0.02309660532561315,0.18474015783770945,0.08644614676501143,0.17308623707116824,0.16475381304845388,0.3008494474830526,0.04393232377224029,-0.1531,0.5994,0.12226666666666668
2.9286670684814453,2.9286670684814453,211477500,20130401,TSLA,2.526000022888184,2.9286670684814453,1,0.034379927044397504,0.14242117707800028,0.12632855008229266,0.445726884820709,0.034391298333268025,0.08437079486689918,0.09798330847175438,0.03439805930267863,0.303,0.9468,0.74925
2.9560000896453857,2.9560000896453857,99786000,20130402,TSLA,2.9286670684814453,2.9560000896453857,1,0.11029543567034966,0.08943642273599335,0.2190067388082146,0.0477897020439762,0.04780166758822388,0.11548372896729471,0.25989903889751664,0.11028726528843065,0.0,0.873,0.2620625
2.7886669635772705,2.7886669635772705,25185000,20130408,TSLA,2.757999897003174,2.7886669635772705,1,0.37164074934764285,0.11831031725626842,0.11836018150641496,0.03836023103785584,0.038344933957261504,0.13829434147826075,0.03834922780099514,0.13834001761530024,-0.5267,0.5727,0.15367999999999998
2.700000047683716,2.700000047683716,25441500,20130409,TSLA,2.7886669635772705,2.700000047683716,0,0.04089500437637875,0.1390350576122777,0.2217341959610545,0.16774144236957877,0.1971216199322873,0.0408963903363602,0.040905244538146125,0.15167104487391642,-0.25,0.7964,0.5286625
2.790667057037353,2.790667057037353,31816500,20130410,TSLA,2.700000047683716,2.790667057037353,1,0.02605593426808895,0.27597038109739674,0.28572383432378357,0.0260539502643594,0.02606657791817995,0.3079885902615505,0.026046956890808253,0.026093774975832304,0.0,0.6597,0.32985
2.9059998989105225,2.9059998989105225,51711000,20130411,TSLA,2.790667057037353,2.9059998989105225,1,0.2302807128009753,0.14526237145201343,0.09524264686725632,0.2543863949065486,0.03809647114617826,0.08105796407503284,0.1175682972037495,0.03810514154824553,0.0,0.8398,0.2769142857142857
3.0299999713897705,3.0299999713897705,31777500,20130417,TSLA,3.0393331050872803,3.0299999713897705,0,0.02291666751611065,0.12291771101485775,0.10625058200571795,0.5562056753421113,0.022953362466545252,0.0229166674119653,0.02293143271215245,0.12290790153053904,0.3802,0.5411,0.46065
3.131333112716675,3.131333112716675,50518500,20130418,TSLA,3.0299999713897705,3.131333112716675,1,0.02813666855277775,0.30676202406045955,0.15314813618880055,0.39939727606847447,0.0281267045747872,0.02812663230160215,0.02817178039068385,0.028130777862414198,0.0,0.7125,0.35625
3.345999956130981,3.345999956130981,59091000,20130422,TSLA,3.188667058944702,3.345999956130981,1,0.025000001226398103,0.02500981430918025,0.02501167174905025,0.42495049507586824,0.22501216920604045,0.1250150958729578,0.12500075154885934,0.0250000010116452,0.0,0.7269,0.36345
3.4006669521331787,3.4006669521331787,56007000,20130423,TSLA,3.345999956130981,3.4006669521331787,1,0.030506511538223723,0.11383199009640482,0.03050858559611145,0.1359332305023221,0.48880987807876075,0.030534348590401175,0.0305073061393176,0.13936814945845813,-0.383,0.0,-0.09575
3.361999988555908,3.361999988555908,39450000,20130424,TSLA,3.4006669521331787,3.361999988555908,0,0.16145681846153856,0.45309645825673117,0.0364583365502069,0.20314838384823583,0.03645833698107965,0.036458336346443146,0.0364583364452473,0.03646499311051715,-0.0274,0.4404,0.20650000000000002
3.4666669368743896,3.4666669368743896,41938500,20130425,TSLA,3.361999988555908,3.4666669368743896,1,0.11075381607645018,0.03126267431643642,0.2756392755250118,0.17400384611311537,0.031283223986047076,0.2674387783400323,0.0312527038937426,0.07836568174916378,0.0,0.765,0.28155
3.413332939147949,3.413332939147949,54331500,20130426,TSLA,3.4666669368743896,3.413332939147949,0,0.1296335488485985,0.2507503406773975,0.09081992735416937,0.02083911445378313,0.020836409633587,0.2014514441216543,0.26483562131544786,0.0208335935953621,-0.34,0.2382,-0.14726666666666668
3.5993330478668213,3.5993330478668213,82839000,20130430,TSLA,3.662667036056519,3.5993330478668213,0,0.045314605454252276,0.04531705653159175,0.0453230958017098,0.48277692310271186,0.19532197586327532,0.0453125002343528,0.09532011073359492,0.045313732278510994,0.0,0.5707,0.142675
3.552000045776367,3.552000045776367,41142000,20130501,TSLA,3.5993330478668213,3.552000045776367,0,0.0250032705185965,0.23581550556667485,0.02505951339402225,0.0250019218925716,0.0250141714353947,0.12499603273318195,0.32500143241799184,0.2141081520415659,-0.3412,0.0,-0.1706
3.607332944869995,3.607332944869995,45756000,20130502,TSLA,3.552000045776367,3.607332944869995,1,0.07419383831269076,0.10083295035228376,0.10083947209591634,0.10081970366037518,0.074166483098959,0.1675033005538087,0.23413655406045925,0.14750769786550672,-0.296,0.5927,0.059340000000000004
3.636667013168335,3.636667013168335,50680500,20130503,TSLA,3.607332944869995,3.636667013168335,1,0.12385392420731253,0.06601047369775596,0.1237245120181871,0.1703068377791667,0.09850338569892364,0.1527617541931288,0.07433029261768222,0.19050881978784268,-0.6808,0.824,0.49840588235294114
3.9666669368743896,3.9666669368743896,65500500,20130506,TSLA,3.636667013168335,3.9666669368743896,1,0.07876349329735469,0.083912164128882,0.19986230867493343,0.02875268202388988,0.02876379297622182,0.1287869097341125,0.4224080524369647,0.028750596727640576,0.0,0.6476,0.37892000000000003
3.700666904449463,3.700666904449463,149865000,20130507,TSLA,3.9666669368743896,3.700666904449463,0,0.20945696608326916,0.07199572189393506,0.4765774451425006,0.01839479989223914,0.01839331194373612,0.06839448076487394,0.11838683622300525,0.01840043805644034,-0.2846,0.2732,0.003499999999999992
3.7193329334259033,3.7193329334259033,101548500,20130508,TSLA,3.700666904449463,3.7193329334259033,1,0.0416795176396131,0.041684053722267446,0.041685924541261354,0.3713930442245089,0.04169642244715514,0.2916562125363482,0.04167295101747015,0.1285318738713753,0.0,0.6369,0.31845
4.626667022705078,4.626667022705078,429075000,20130509,TSLA,3.7193329334259033,4.626667022705078,1,0.17311774900562749,0.15622339325528312,0.4474539869423329,0.031277340382037847,0.0312500007849926,0.0312515964734506,0.0981588067624821,0.031267126393793025,0.0,0.624,0.198375
5.853332996368408,5.853332996368408,336253500,20130513,TSLA,5.117332935333252,5.853332996368408,1,0.33369137000628424,0.021623960422475975,0.021626836532048225,0.13466128471132288,0.05287297242922252,0.1422903678458812,0.18505849533717753,0.10817471271558701,0.0,0.7717,0.40549999999999997
5.549333095550537,5.549333095550537,557458500,20130514,TSLA,5.853332996368408,5.549333095550537,0,0.025000000359105,0.0250000002777899,0.4249980626038908,0.025000000300598,0.0250000003802648,0.025000000315166,0.4250019354659229,0.0250000002972623,0.0,0.0,0.0
5.656000137329102,5.656000137329102,253180500,20130515,TSLA,5.549333095550537,5.656000137329102,1,0.5624999995211772,0.0625000000593537,0.0625000000722832,0.062500000064481,0.0625000000817652,0.0625000000674719,0.0625000000696249,0.0625000000638424,0.0,0.0,0.0
5.995999813079834,5.995999813079834,125226000,20130520,TSLA,6.099999904632568,5.995999813079834,0,0.2486692918300754,0.0208333344050287,0.4596196544230663,0.0208655491772684,0.0208333348085483,0.0208333345621768,0.1875044678635846,0.0208410329302512,0.5106,0.5106,0.5106
5.815999984741211,5.815999984741211,128520000,20130522,TSLA,5.8393330574035645,5.815999984741211,0,0.0156320679364512,0.0156257417008224,0.255284270240882,0.0156293755357873,0.0156250002081833,0.0156250001724982,0.0156278794088055,0.6509506647965698,0.0,0.0,0.0
6.182000160217285,6.182000160217285,180333000,20130523,TSLA,5.815999984741211,6.182000160217285,1,0.27360345273599523,0.03646401153770305,0.0365200023852193,0.0364753127423498,0.03645833377635775,0.036458333699894346,0.0364694878009786,0.5075510653215016,0.0,0.0,0.0
6.4720001220703125,6.4720001220703125,241863000,20130524,TSLA,6.182000160217285,6.4720001220703125,1,0.020636898971849497,0.1205957475588018,0.0773118784314502,0.04868815618065926,0.07062612735389015,0.13892246126762814,0.0206331049593584,0.5025856252763623,-0.3839,0.6908,-0.15497999999999998
6.99666690826416,6.99666690826416,242005500,20130530,TSLA,6.975333213806152,6.99666690826416,1,0.1874994311563717,0.02083468339561517,0.6041608538884512,0.020835416911036603,0.0208343499209375,0.020833333657638436,0.10416386776487212,0.020838063305076964,0.0,0.3182,0.2121333333333333
6.172667026519775,6.172667026519775,287094000,20130603,TSLA,6.517333030700684,6.172667026519775,0,0.14682890567626405,0.04642790694689735,0.018662316948267574,0.08376797921630308,0.01865903975826645,0.309889822654849,0.05436946150331245,0.3213945672958397,-0.1027,0.6369,0.13355
6.357999801635742,6.357999801635742,183372000,20130605,TSLA,6.322667121887207,6.357999801635742,1,0.0250010325726866,0.0250082745630245,0.0250000006578727,0.0250400491751464,0.0250000007436134,0.0250000006159985,0.0250000006350015,0.8249506410366562,0.0,0.0,0.0
6.489999771118164,6.489999771118164,142663500,20130606,TSLA,6.357999801635742,6.489999771118164,1,0.09005523584023496,0.02339556638512877,0.10671684906385004,0.02339061753699623,0.0233832571464043,0.19302722363488245,0.10462010266906575,0.4354111477234371,-0.754,0.1154,-0.31153333333333333
6.670000076293945,6.670000076293945,138429000,20130610,TSLA,6.802667140960693,6.670000076293945,0,0.0125000011642411,0.0125031062981451,0.1515472694321109,0.0125083008396841,0.0125043173484405,0.4881715226503968,0.0125000010527872,0.2977654812141939,-0.34,-0.34,-0.34
6.51533317565918,6.51533317565918,137890500,20130612,TSLA,6.297999858856201,6.51533317565918,1,0.1076878654247775,0.0235232197130213,0.023455407497081,0.669937455588941,0.0234402537938986,0.023461164478545852,0.10504531807425235,0.0234493154294821,0.2732,0.3919,0.33255
6.892666816711426,6.892666816711426,131929500,20130618,TSLA,6.813333034515381,6.892666816711426,1,0.05888016416631751,0.19112808723828942,0.4794040256459649,0.039267096719290434,0.016092121830605818,0.01608412685398915,0.14140204964720307,0.057742327898339295,0.0,0.1154,0.03846666666666667
6.710000038146973,6.710000038146973,151597500,20130620,TSLA,6.97866678237915,6.710000038146973,0,0.0156523246010266,0.0156295896896511,0.8905130393738878,0.015644729938961,0.0156384153727801,0.015635854529487,0.0156467249067175,0.0156393215874885,0.0,0.0,0.0
6.636666774749756,6.636666774749756,175779000,20130621,TSLA,6.710000038146973,6.636666774749756,0,0.019354942453995952,0.01934523853231235,0.25139729192564503,0.43598554887984836,0.0193478087509493,0.0907732563160092,0.01934897100293985,0.14444694213829953,-0.6369,0.0,-0.31845
6.826666831970215,6.826666831970215,87730500,20130625,TSLA,6.765999794006348,6.826666831970215,1,0.027387324145537375,0.0273811897971237,0.077585359654651,0.0274094586640514,0.18146707685455643,0.43992833124824576,0.0273938614802786,0.19144739815555561,0.0,0.3774,0.09435
7.157332897186279,7.157332897186279,86229000,20130628,TSLA,7.283332824707031,7.157332897186279,0,0.0178692551278432,0.1761127544463779,0.0654765084511283,0.2559595916760854,0.4309816175737707,0.017860624552481535,0.01785714380392237,0.01788250436839017,0.0314,0.7096,0.2574666666666667
7.854667186737059,7.854667186737059,180961500,20130702,TSLA,7.811999797821045,7.854667186737059,1,0.0250106819080914,0.0250089361337385,0.3673769807113066,0.4825913866986705,0.0250060268152818,0.0250000004583191,0.0250044757546254,0.0250015115199662,0.795,0.795,0.795
8.229999542236328,8.229999542236328,129049500,20130709,TSLA,8.107333183288574,8.229999542236328,1,0.1824905622731863,0.3963287908087755,0.0250392520454573,0.0250247519181572,0.0250000016966675,0.0250252412956601,0.0250000014439502,0.2960913985181457,0.7579,0.7579,0.7579
8.15133285522461,8.15133285522461,84001500,20130710,TSLA,8.229999542236328,8.15133285522461,0,0.05212998243937925,0.052115301441692546,0.0521659908319964,0.0521131575538512,0.05210735505486285,0.05210060969921615,0.3018682133129989,0.3853993896660024,0.3657,0.4754,0.42055
8.484000205993652,8.484000205993652,148836000,20130715,TSLA,8.65999984741211,8.484000205993652,0,0.2139505578876376,0.03150249184262024,0.1831789665298766,0.05504622831393781,0.10102132445547281,0.08228543926901885,0.24325636359115732,0.08975862811027843,-0.7425,0.5859,0.15233750000000001
8.182666778564453,8.182666778564453,116046000,20130723,TSLA,8.161999702453613,8.182666778564453,1,0.3086866941850197,0.0250000004902289,0.0250693526878423,0.0250261718486073,0.0250000006733382,0.0250000005580366,0.5412137581372484,0.0250040214196783,0.5562,0.5562,0.5562
8.113332748413086,8.113332748413086,103035000,20130724,TSLA,8.182666778564453,8.113332748413086,0,0.7811464603298686,0.0312500017670232,0.0312657066337535,0.0312500019630854,0.0312598022431863,0.0312500020069088,0.0312500020627975,0.0313280229933764,-0.0516,-0.0516,-0.0516
9.036666870117188,9.036666870117188,79854000,20130801,TSLA,8.95199966430664,9.036666870117188,1,0.5102402281474115,0.0312715436624425,0.0312643718432033,0.0312500011720079,0.0312757721623967,0.3021980805925641,0.0312500012598678,0.0312500011601058,-0.296,-0.296,-0.296
9.825332641601562,9.825332641601562,223683000,20130812,TSLA,10.199999809265137,9.825332641601562,0,0.21806608615015888,0.027796735914318433,0.027781550923526164,0.02779183324388,0.16028558003604873,0.3374793352070584,0.1730042155304935,0.02779466299451557,0.0,0.5873,0.39153333333333334
9.290666580200195,9.290666580200195,175407000,20130814,TSLA,9.695332527160645,9.290666580200195,0,0.0208333335863923,0.0208333335288345,0.0208333335707934,0.0208333335454997,0.8541490970297696,0.020850901632503,0.0208333335620882,0.020833333544119,-0.1027,-0.1027,-0.1027
9.466667175292969,9.466667175292969,106621500,20130816,TSLA,9.31133270263672,9.466667175292969,1,0.0416666667693558,0.0416666667457286,0.0416666667636465,0.0416666667525125,0.708232539197789,0.0417674602592577,0.0416666667594373,0.0416666667522723,0.0,0.0,0.0
9.972000122070312,9.972000122070312,96273000,20130820,TSLA,9.65999984741211,9.972000122070312,1,0.4249986825985509,0.0250000002332824,0.4249930048824609,0.0250000002534275,0.02500000032051,0.0250000002651514,0.0250083111949665,0.0250000002516501,0.7906,0.7906,0.7906
10.78933334350586,10.78933334350586,193978500,20130823,TSLA,10.473333358764648,10.78933334350586,1,0.08714879894516153,0.020533781571675968,0.22248253236921336,0.020509062431134265,0.15378573985322966,0.1593637891425522,0.22882618713160194,0.10735010855543074,0.1779,0.4939,0.38856666666666667
11.374667167663574,11.374667167663574,172135500,20130904,TSLA,11.262666702270508,11.374667167663574,1,0.0178581766397852,0.0178612663388803,0.0178597104229043,0.0178925428089702,0.017869486849323,0.8749445306876997,0.0178571431380155,0.0178571431144215,-0.34,-0.34,-0.34
11.32866668701172,11.32866668701172,100279500,20130905,TSLA,11.374667167663574,11.32866668701172,0,0.026041667658145,0.0260416674322165,0.3593515536077426,0.02604166749762665,0.0260869994731915,0.389127111101358,0.02604166756190325,0.1212676656678161,0.0,0.4939,0.24695
11.131333351135254,11.131333351135254,129295500,20130906,TSLA,11.32866668701172,11.131333351135254,0,0.2812504093820511,0.0312500002002292,0.0312500002422198,0.0312500002168888,0.0312500002744413,0.0312561843837249,0.531242591687251,0.0312508136131934,0.0,0.0,0.0
11.091333389282228,11.091333389282228,134517000,20130910,TSLA,10.713333129882812,11.091333389282228,1,0.28389740017970044,0.017274083096573998,0.1026110871360494,0.0172635433944461,0.017286059191349033,0.5271328705026554,0.0172704528869003,0.0172645036123248,-0.3612,0.0,-0.12040000000000001
11.03600025177002,11.03600025177002,81018000,20130913,TSLA,10.995332717895508,11.03600025177002,1,0.0416666676618157,0.041666667432132,0.0417002920092155,0.0416748355203155,0.0416666677234541,0.0416747321018247,0.2877972977239383,0.4621528398273037,-0.34,-0.34,-0.34
11.08133316040039,11.08133316040039,81595500,20130918,TSLA,11.08199977874756,11.08133316040039,0,0.07565363818772992,0.017101798745543767,0.32172919705289255,0.017100663427863066,0.07736324895277613,0.1999533649720209,0.27399927737283236,0.017098811288340832,0.0,0.4588,0.17866666666666667
11.861332893371582,11.861332893371582,233919000,20130919,TSLA,11.08133316040039,11.861332893371582,1,0.4309640135116881,0.0125005697577492,0.494026902942406,0.0125006396877859,0.0125000004549819,0.0125000003776398,0.0125055050366258,0.012502368231123,0.765,0.765,0.765
12.22599983215332,12.22599983215332,201025500,20130920,TSLA,11.861332893371582,12.22599983215332,1,0.40103376099855503,0.026048218003186952,0.02604309760584695,0.026066107525864503,0.02605037431421975,0.4426751073562514,0.0260416671174281,0.026041667078647003,-0.34,0.8268,0.24339999999999998
12.349332809448242,12.349332809448242,123790500,20130925,TSLA,12.155332565307615,12.349332809448242,1,0.0160987115363303,0.0160984851473834,0.016098663088899002,0.0160984851735729,0.01610008668538775,0.47064903130165536,0.43275722924663756,0.01609930782013335,0.4404,0.6908,0.5656
12.576000213623049,12.576000213623049,99216000,20130926,TSLA,12.349332809448242,12.576000213623049,1,0.0250008224686653,0.0250000002196301,0.025005850083289,0.0250000002383877,0.0250038990695966,0.02500000024945,0.0250118731551247,0.8249775545158565,0.0,0.0,0.0
12.726667404174805,12.726667404174805,88746000,20130927,TSLA,12.576000213623049,12.726667404174805,1,0.0312500002831464,0.0312500002180794,0.0312500002647484,0.0312500002369935,0.5312500576888701,0.2812499408182154,0.0312500002553523,0.031250000234594,0.0,0.0,0.0
10.614666938781738,10.614666938781738,126027000,20131030,TSLA,10.964667320251465,10.614666938781738,0,0.0178722774297974,0.0178571436592904,0.8749166233865309,0.0178587973089153,0.0178571439585983,0.0179222693595911,0.0178582331296408,0.0178575117676354,0.5562,0.5562,0.5562
9.186667442321776,9.186667442321776,224778000,20131112,TSLA,9.646666526794434,9.186667442321776,0,0.1875042973653649,0.1874942346409079,0.0208333359770078,0.0208462699750901,0.0208333363176884,0.1874933829347761,0.1875024140195423,0.1874927287696221,0.0,0.0,0.0
9.173333168029783,9.173333168029783,183055500,20131114,TSLA,9.24666690826416,9.173333168029783,0,0.0138888899538906,0.0138888897098614,0.1249823457164462,0.0138888897783015,0.0138961648848997,0.2399618919926927,0.0138888898479127,0.5656040381159948,-0.4404,-0.4404,-0.4404
8.406000137329102,8.406000137329102,297243000,20131119,TSLA,8.10533332824707,8.406000137329102,1,0.23220419785321125,0.0152423099546006,0.549621686091335,0.015246447144275725,0.015264652873997525,0.015242271578852376,0.01524842550083285,0.14193000900289438,-0.9022,0.5279,-0.5071249999999999
8.140000343322754,8.140000343322754,178557000,20131121,TSLA,8.074000358581543,8.140000343322754,1,0.6815194193317133,0.011363636571246,0.147138787934952,0.1145157574014649,0.0113652647834903,0.0113636365992964,0.0113653579156778,0.011368139462159,0.4404,0.4404,0.4404
8.033332824707031,8.033332824707031,208282500,20131126,TSLA,8.055999755859375,8.033332824707031,0,0.0138888894031527,0.0138888892783918,0.4437932365992993,0.0138891153007159,0.0138995566903359,0.2027713944553049,0.124998617046079,0.1728703012267201,0.743,0.743,0.743
8.277999877929688,8.277999877929688,116268000,20131202,TSLA,8.485333442687988,8.277999877929688,0,0.1276736272060943,0.0198297392056846,0.11956416421012576,0.10608122326129121,0.13354466999260123,0.05556693382922698,0.061494264892632156,0.3762453774023435,-0.8074,0.4588,-0.08715
9.646666526794434,9.646666526794434,385236000,20131203,TSLA,8.277999877929688,9.646666526794434,1,0.12448139962061087,0.08039809843139648,0.2003615191727456,0.12450960962054948,0.0411823801452094,0.2633705410041942,0.08285119738565802,0.08284525461963561,-0.4019,0.7562,0.23898333333333333
9.263333320617676,9.263333320617676,197215500,20131204,TSLA,9.646666526794434,9.263333320617676,0,0.039084255422982654,0.03906250061914125,0.1640460197189159,0.2890780210659173,0.039076903661360504,0.35151234902467654,0.03906762369762385,0.03907232678938175,-0.7983,0.0,-0.39915
9.36533260345459,9.36533260345459,139326000,20131205,TSLA,9.263333320617676,9.36533260345459,1,0.24828752515678434,0.2720082063181502,0.11438791361529783,0.12903704573304134,0.021990741484186033,0.0220026904933769,0.06675451452005864,0.12553136267910445,-0.296,0.8885,0.28856666666666664
9.47933292388916,9.47933292388916,161223000,20131210,TSLA,9.4399995803833,9.47933292388916,1,0.0416666680297548,0.0416666677245773,0.0416666679454638,0.0416666678127905,0.708312120079241,0.0416666678731979,0.0416878727340799,0.0416666678008944,-0.6114,-0.6114,-0.6114
9.381333351135254,9.381333351135254,191100000,20131219,TSLA,9.86533260345459,9.381333351135254,0,0.14663136975647845,0.0437500004023091,0.0437500004883466,0.14375080778217905,0.043794756226013545,0.49082306443505974,0.0437500004765199,0.04375000043309335,0.0,0.0,0.0
9.800000190734863,9.800000190734863,80416500,20140106,TSLA,9.970666885375977,9.800000190734863,0,0.20828333415084674,0.0416666676607044,0.2083322575189414,0.041666667747685154,0.0416946524010322,0.3750000005784409,0.041666667830554144,0.04168975211179485,0.0,0.9117,0.45585
9.957332611083984,9.957332611083984,75511500,20140107,TSLA,9.800000190734863,9.957332611083984,1,0.0312500026013816,0.031250002007885,0.0313072307033205,0.0313819531335197,0.781002012903073,0.031308794140529,0.0312500023543221,0.0312500021559688,-0.2732,-0.2732,-0.2732
12.100000381469728,12.100000381469728,118011000,20140123,TSLA,11.904000282287598,12.100000381469728,1,0.0208529645933833,0.4148807380628547,0.1635765311223663,0.0208505123079076,0.020859290443851,0.020833333525059,0.0208461952252848,0.3173004347192928,0.0,0.0,0.0
12.189332962036133,12.189332962036133,128475000,20140130,TSLA,11.682000160217283,12.189332962036133,1,0.0208556661141396,0.0208333336150576,0.5054482098160236,0.2002601156230719,0.0208333337205689,0.0208333336533491,0.0208358838730434,0.1901001235847453,0.4389,0.4389,0.4389
12.435333251953123,12.435333251953123,133927500,20140207,TSLA,11.892000198364258,12.435333251953123,1,0.0416666670846253,0.0416666669894665,0.7081882656473243,0.0416889005754626,0.0416666671085078,0.0416666670329478,0.0416666670423872,0.0417894985192782,0.5106,0.5106,0.5106
13.107999801635742,13.107999801635742,160648500,20140211,TSLA,13.104000091552734,13.107999801635742,1,0.0156712256376993,0.3374923855308013,0.015625000883128,0.5686847617472449,0.0156259943230434,0.015625000824937,0.0156431479067802,0.0156324831463656,0.0258,0.0258,0.0258
14.510000228881836,14.510000228881836,124176000,20140224,TSLA,13.973333358764648,14.510000228881836,1,0.0229346124565502,0.022920404096665,0.02291666727663955,0.10624792579613125,0.5877804167454892,0.19129254891455774,0.022984029622117,0.022923395091849798,0.0,0.0,0.0
16.53333282470703,16.53333282470703,490225500,20140225,TSLA,14.510000228881836,16.53333282470703,1,0.6279534229245476,0.0156250003578818,0.1406260014829866,0.1532955735323036,0.0156250004914061,0.015625000406158,0.0156250004200018,0.0156250003847143,0.4404,0.4404,0.4404
16.8439998626709,16.8439998626709,89035500,20140305,TSLA,16.98933219909668,16.8439998626709,0,0.0208333347140666,0.1874894201572105,0.0208374619019145,0.5208368071350173,0.0208513281090181,0.1874849789139421,0.020833334586087,0.0208333344827434,0.34,0.34,0.34
15.922666549682615,15.922666549682615,115921500,20140310,TSLA,16.413999557495117,15.922666549682615,0,0.1875005181586462,0.1874906227269223,0.0208333348417772,0.3541655051456732,0.0208333350501679,0.1875031143695054,0.020833334789059,0.0208402349182484,0.7845,0.7845,0.7845
15.62733268737793,15.62733268737793,132151500,20140311,TSLA,15.922666549682615,15.62733268737793,0,0.029764739580146297,0.029761905439790848,0.02977207397948485,0.4582622370972881,0.3630858458693201,0.0297619055289969,0.0298063610679514,0.0297849314370213,-0.4404,0.4019,-0.019250000000000017
15.39799976348877,15.39799976348877,124345500,20140314,TSLA,15.852666854858398,15.39799976348877,0,0.13153768210702393,0.2356583668357869,0.24607644767028303,0.17315491076265216,0.04818604923901264,0.048177882050865053,0.06902645683749292,0.048182204496883076,0.0,0.8622,0.42946249999999997
15.59866714477539,15.59866714477539,88689000,20140317,TSLA,15.39799976348877,15.59866714477539,1,0.0208333343908157,0.5208186345834357,0.0208379749089303,0.187501907928421,0.0208333344539521,0.0208415537647928,0.1874999257627875,0.0208333342068646,-0.7579,-0.7579,-0.7579
13.896666526794434,13.896666526794434,125700000,20140331,TSLA,14.157999992370604,13.896666526794434,0,0.5188479165481462,0.0312500003461037,0.0312752852686438,0.0312500003754628,0.0312876466629716,0.2935891500213732,0.0312500004056661,0.0312500003716323,-0.2244,-0.2244,-0.2244
13.834667205810549,13.834667205810549,147832500,20140407,TSLA,14.148667335510254,13.834667205810549,0,0.046888841110300825,0.21350591349414055,0.2787108531905046,0.04688209103516908,0.08853830164710055,0.23163871590033688,0.0469066557908868,0.04692862783156057,0.0,0.5263,0.131575
14.36400032043457,14.36400032043457,103339500,20140408,TSLA,13.834667205810549,14.36400032043457,1,0.06199959568852583,0.4635003754951348,0.26494209414890024,0.019115616788005763,0.0914556975198369,0.060776098212775166,0.019104286979691035,0.019106235167130035,0.0,0.1027,0.03423333333333333
13.208000183105469,13.208000183105469,88902000,20140417,TSLA,13.27400016784668,13.208000183105469,0,0.0208333337252981,0.0208333336358391,0.0208333337002436,0.0208333336616263,0.0208456951772433,0.8541543027531613,0.0208333336879483,0.0208333336586395,0.5859,0.5859,0.5859
13.857333183288574,13.857333183288574,82428000,20140424,TSLA,13.866000175476074,13.857333183288574,0,0.3273275292769943,0.1874883792900025,0.1980866345768244,0.2037388080555596,0.0208461017566244,0.0208333343591795,0.0208458783780577,0.0208333343067575,0.6597,0.6597,0.6597
13.79466724395752,13.79466724395752,86686500,20140429,TSLA,13.234000205993652,13.79466724395752,1,0.09028675926186933,0.07534501722680495,0.12534879395278437,0.025378309296581872,0.06780532119067002,0.4836505260816799,0.10683040630898225,0.02535486668062705,0.0,0.4939,0.24695
14.060667037963867,14.060667037963867,61302000,20140502,TSLA,13.84866714477539,14.060667037963867,1,0.0208333337228142,0.0208333336345605,0.0208388102076022,0.0208333336601808,0.8541324684379409,0.0208620529939383,0.0208333336857237,0.0208333336572391,0.0,0.0,0.0
11.906000137329102,11.906000137329102,300849000,20140508,TSLA,13.423333168029783,11.906000137329102,0,0.0208394305820489,0.0208333342896753,0.020867384873215,0.8541224760105576,0.020834494361719,0.0208333344190428,0.0208333344449139,0.0208362110188274,-0.1531,-0.1531,-0.1531
12.708000183105469,12.708000183105469,81100500,20140514,TSLA,12.677332878112791,12.708000183105469,1,0.0312663981679356,0.781151948861898,0.0312697656845108,0.0312653146985586,0.0312500002394574,0.0312965719562076,0.0312500002041461,0.0312500001872856,0.0,0.0,0.0
13.658666610717772,13.658666610717772,93217500,20140522,TSLA,13.296667098999023,13.658666610717772,1,0.0178571433927327,0.0178571432708921,0.017862640387151,0.160708753731423,0.4463831185806718,0.0179004444852777,0.3035736128495646,0.0178571433022866,0.7845,0.7845,0.7845
13.81999969482422,13.81999969482422,60102000,20140523,TSLA,13.658666610717772,13.81999969482422,1,0.025299633283756246,0.365317321452389,0.025304970320721598,0.19714965645078739,0.05047246576448323,0.253503718663561,0.04039357556971514,0.04255865849458607,0.0,0.5574,0.2877714285714286
14.015999794006348,14.015999794006348,55387500,20140529,TSLA,14.015999794006348,14.015999794006348,0,0.27602545800359446,0.1926843624490443,0.0260483540029132,0.02606541916726875,0.401019426472931,0.0260688350679312,0.02604166782374625,0.026046477012570554,-0.2263,0.5859,0.1798
13.599332809448242,13.599332809448242,51411000,20140604,TSLA,13.662667274475098,13.599332809448242,0,0.0312536505590877,0.0312524011495809,0.0312500019397984,0.0312500017453355,0.0312500022000565,0.5312487233786857,0.2812452173107834,0.0312500017166714,-0.5499,-0.5499,-0.5499
13.567999839782717,13.567999839782717,89905500,20140612,TSLA,13.631333351135254,13.567999839782717,0,0.732062909777473,0.0178571433375396,0.0179202233306048,0.0178682990711366,0.017858761482855,0.0178586219664795,0.0178588242765686,0.1607152167573426,0.6124,0.6124,0.6124
15.444666862487791,15.444666862487791,199573500,20140617,TSLA,14.973999977111816,15.444666862487791,1,0.20313543852843519,0.055579522760209076,0.019850002046087,0.30395786422506493,0.12760301961854595,0.01984785089558797,0.08193213488984227,0.18809416703622728,0.0,0.25,0.08333333333333333
15.185999870300291,15.185999870300291,131896500,20140619,TSLA,15.141332626342772,15.185999870300291,1,0.0125000001972226,0.0125003679758724,0.0125011741188998,0.0125009412473909,0.9124857031958036,0.0125071275408169,0.0125036783881678,0.012501007335826,0.4404,0.4404,0.4404
15.981332778930664,15.981332778930664,65041500,20140701,TSLA,16.003999710083008,15.981332778930664,0,0.8540989108331176,0.0208333334704846,0.0208655857544402,0.0208417118836032,0.0208333335219357,0.0208394011525696,0.0208388481069541,0.0208488752768948,0.2023,0.2023,0.2023
14.630666732788086,14.630666732788086,72958500,20140710,TSLA,14.870667457580566,14.630666732788086,0,0.26339644031284926,0.022222222470552933,0.46988130126912114,0.022225776028246366,0.022233311851249733,0.022224310949375433,0.15558968068146503,0.0222269564371399,0.0,0.1779,0.1186
15.113332748413086,15.113332748413086,108048000,20140714,TSLA,14.541999816894531,15.113332748413086,1,0.022224667029369826,0.022222222691720327,0.19009666946057213,0.022222222731173726,0.4765448457016297,0.07434812208795682,0.1701176036240438,0.022223646673533375,-0.3818,0.4404,0.20975000000000002
14.832667350769045,14.832667350769045,46249500,20140723,TSLA,14.638667106628418,14.832667350769045,1,0.0138888893076615,0.1249696984579362,0.0139158771221863,0.0138888892397071,0.5744178515388192,0.2311408065454178,0.0138888892695715,0.0138890985187001,0.0,0.0,0.0
15.899333000183104,15.899333000183104,80829000,20140805,TSLA,15.90133285522461,15.899333000183104,0,0.026349862306680075,0.026339286445778022,0.36014603992844185,0.026339286508856523,0.062071000381969374,0.27941036357677146,0.10107583018433972,0.11826833066716268,0.0,0.6369,0.227525
17.46733283996582,17.46733283996582,58018500,20140815,TSLA,17.42533302307129,17.46733283996582,1,0.5312463163147916,0.2811392532004685,0.0312716367798019,0.0312500028059879,0.0312695917087227,0.0312500029317266,0.0312824507471603,0.03129074551134,0.2732,0.2732,0.2732
17.503332138061523,17.503332138061523,64771500,20140825,TSLA,17.118667602539062,17.503332138061523,1,0.3316708351859547,0.02590622984421704,0.23301887924588924,0.22588026511729264,0.1057997892185597,0.025898467049242518,0.02590739990101072,0.025918134437833078,0.0,0.4215,0.1686
18.80733299255371,18.80733299255371,82524000,20140908,TSLA,18.49266624450684,18.80733299255371,1,0.26730927775082325,0.0245640987540234,0.1374401871985158,0.02455575559345575,0.024553572884411352,0.274555893973206,0.024558972631226847,0.22246224121433728,0.0,0.5719,0.28595
18.565332412719727,18.565332412719727,68382000,20140909,TSLA,18.80733299255371,18.565332412719727,0,0.0416666670946893,0.3749687192281002,0.0416666670675442,0.0416962499889112,0.0416666671197898,0.0416677923220522,0.3750005701575009,0.0416666670214116,0.6542,0.6542,0.6542
18.687332153320312,18.687332153320312,56491500,20140911,TSLA,18.739999771118164,18.687332153320312,0,0.0312500020712792,0.0312500016068674,0.0312500019399391,0.5312534571975126,0.031250002200613,0.0312500018179101,0.2812465314485616,0.0312500017173166,0.0,0.0,0.0
17.382667541503906,17.382667541503906,124501500,20140916,TSLA,16.923999786376953,17.382667541503906,1,0.07440576252708957,0.10581145289739786,0.19778685332273951,0.07440991502485321,0.0267857164274326,0.46720784048324315,0.026796632117609267,0.026795827199634536,0.0,0.9053,0.5881333333333333
16.35066795349121,16.35066795349121,72790500,20140929,TSLA,16.440000534057617,16.35066795349121,0,0.0178611505532527,0.0178668502355022,0.0178693038893414,0.4464134021665653,0.0178635498682779,0.4464114562696838,0.0178571435332582,0.0178571434841182,0.1531,0.1531,0.1531
16.761333465576172,16.761333465576172,134973000,20141002,TSLA,16.016000747680664,16.761333465576172,1,0.0208333351801173,0.4675656975296689,0.2407372298812369,0.0208333348838092,0.0208333352901455,0.1875030898777796,0.020852712513367,0.0208412648438751,0.7387,0.7387,0.7387
17.134000778198242,17.134000778198242,110419500,20141009,TSLA,17.28533363342285,17.134000778198242,0,0.0208535340864272,0.0208373909276495,0.6729353487205266,0.0208362789357871,0.0208494671260863,0.0208333345935326,0.2020206559390077,0.0208339896709826,0.0,0.0,0.0
15.09000015258789,15.09000015258789,80989500,20141016,TSLA,15.313332557678224,15.09000015258789,0,0.0625000022704711,0.0625000017542962,0.0625000021346647,0.0625000019082911,0.0625000024142606,0.0625000020135175,0.5624999856182996,0.0625000018861989,0.0,0.0,0.0
15.165332794189451,15.165332794189451,158241000,20141017,TSLA,15.09000015258789,15.165332794189451,1,0.020874833388125,0.0208333339339283,0.0208333340619891,0.8541211254911165,0.0208344940369787,0.0208333340134868,0.0208333340343342,0.020836211040041,0.0,0.0,0.0
16.184667587280273,16.184667587280273,157744500,20141028,TSLA,14.777999877929688,16.184667587280273,1,0.2270258813708494,0.019373294322727,0.0193683497059233,0.22826712340776015,0.019358487654279402,0.019345238667455952,0.0907716688020236,0.37648995606898084,0.0,0.4588,0.2294
16.113332748413086,16.113332748413086,56629500,20141031,TSLA,15.910667419433594,16.113332748413086,1,0.2812285410716585,0.281236538827095,0.0312500039726434,0.0313110488796697,0.0312500032645827,0.0312500026903188,0.2812238587485088,0.0312500025455228,0.0,0.0,0.0
15.928667068481444,15.928667068481444,55239000,20141104,TSLA,16.172666549682617,15.928667068481444,0,0.6967376852216215,0.0178571431981444,0.0178590513308693,0.0178571432270707,0.0178596203932098,0.0178627994395885,0.1961085797751704,0.017857977414325,0.0,0.0,0.0
16.01333236694336,16.01333236694336,77415000,20141107,TSLA,16.08133316040039,16.01333236694336,0,0.0312500012733018,0.0312500009835294,0.2812471503121372,0.0312500010675718,0.2812526028719592,0.2812502412805585,0.0312500011520378,0.0312500010589039,0.34,0.34,0.34
16.738666534423828,16.738666534423828,119232000,20141111,TSLA,16.1286678314209,16.738666534423828,1,0.0208547251026544,0.0208333336073276,0.354165140361106,0.0208333336299427,0.0208462315373846,0.3560691222411729,0.1855599334431256,0.020838180077286,0.25,0.25,0.25
16.516000747680664,16.516000747680664,118777500,20141119,TSLA,17.18000030517578,16.516000747680664,0,0.07709727866681335,0.0270933255606761,0.3937279209785956,0.1514446484510936,0.0270919724385708,0.027106342461387798,0.02708483460160535,0.269353676841257,-0.4563,0.4404,-0.007949999999999985
16.185333251953125,16.185333251953125,112276500,20141121,TSLA,16.58066749572754,16.185333251953125,0,0.0416666679958544,0.0416666676956534,0.0416666679095537,0.7083333248442486,0.0416666680844348,0.0416666678323647,0.0416666678671382,0.0416666677707517,0.2023,0.2023,0.2023
14.290666580200195,14.290666580200195,138384000,20141208,TSLA,14.913999557495115,14.290666580200195,0,0.02813420964743305,0.22807976919096573,0.0281250007672917,0.028130492584241953,0.02813418502896685,0.6031248994865314,0.028126818760169002,0.028144624534400052,0.5859,0.7845,0.6852
14.619333267211914,14.619333267211914,103657500,20141219,TSLA,14.550666809082031,14.619333267211914,1,0.06734980025998714,0.06565495896686531,0.4931228869364537,0.06566343416903504,0.03709906724280492,0.1743033197345682,0.05970034385317472,0.03710618883711062,-0.296,0.0,-0.16366
15.187999725341797,15.187999725341797,49905000,20141226,TSLA,14.817333221435549,15.187999725341797,1,0.08885966862824947,0.03374162591379487,0.2559643486266676,0.14788150980871784,0.033730159973374,0.10252128728782667,0.25595262006483466,0.08134877969653463,0.0,0.6846,0.2282
14.815333366394045,14.815333366394045,43548000,20141230,TSLA,15.047332763671877,14.815333366394045,0,0.8541473928243584,0.020833333612579,0.0208371653072161,0.0208358073678459,0.0208333337172764,0.0208333336510799,0.0208462998856074,0.0208333336340367,0.0,0.0,0.0
14.827333450317385,14.827333450317385,34462500,20141231,TSLA,14.815333366394045,14.827333450317385,1,0.0312781004892848,0.0312576171208583,0.0313198273600395,0.0312928306558384,0.7810809484582626,0.0312500011049112,0.0312500011354048,0.0312706736753999,0.4767,0.4767,0.4767
14.005999565124512,14.005999565124512,80527500,20150105,TSLA,14.620667457580566,14.005999565124512,0,0.0234390811269546,0.10449763817853641,0.023446816154821148,0.02343750034721165,0.3798663590825057,0.39843497974176634,0.0234375003745789,0.023440124993624946,0.0,0.0,0.0
14.085332870483398,14.085332870483398,93928500,20150106,TSLA,14.005999565124512,14.085332870483398,1,0.0528384305414867,0.10042828268303444,0.12040026057306975,0.052842577537552865,0.28990142750281234,0.2026643445073675,0.05282738193285707,0.12809729472181913,-0.296,0.0,-0.09866666666666667
13.480667114257812,13.480667114257812,89254500,20150112,TSLA,13.77733325958252,13.480667114257812,0,0.0125074287097687,0.0125012961616227,0.2217660521300306,0.1314452851953196,0.0125060465041044,0.5842689423850452,0.0125049483370816,0.012500000577027,0.0,0.0,0.0
12.791333198547363,12.791333198547363,78247500,20150115,TSLA,12.845999717712402,12.791333198547363,0,0.3265789069894383,0.02274571249179875,0.1050273887046296,0.14187029863806846,0.06473112794667224,0.10606781150620989,0.21022415350660373,0.022754600216578602,0.0,0.7845,0.286425
12.871333122253418,12.871333122253418,54048000,20150116,TSLA,12.791333198547363,12.871333122253418,1,0.1100952220598577,0.07337109110715798,0.0214880962249431,0.046489405778066525,0.3154410323144472,0.09451981998064697,0.0909253718709021,0.24766996066397812,-0.2732,0.6476,0.02112499999999999
13.419333457946776,13.419333457946776,51579000,20150123,TSLA,13.441332817077637,13.419333457946776,0,0.15062231508005441,0.04031845158473182,0.19664709933114002,0.09583832046199624,0.17360953919384936,0.20685368921498537,0.09583280630123658,0.04027777883200595,0.0,0.6369,0.44141666666666673
13.770000457763672,13.770000457763672,48517500,20150126,TSLA,13.419333457946776,13.770000457763672,1,0.14376230284021121,0.11298828780433545,0.2630097106555754,0.028394681850808248,0.0284077652810646,0.26539276644255116,0.07005363360237275,0.0879908515230809,0.0,0.3716,0.1281375
13.291333198547363,13.291333198547363,47244000,20150128,TSLA,13.732000350952148,13.291333198547363,0,0.0250000012278137,0.0250395709011048,0.0250560644442134,0.0250183908667529,0.0250000012902443,0.0250104762964442,0.8248754939632433,0.0250000010101832,0.34,0.34,0.34
13.68000030517578,13.68000030517578,53221500,20150129,TSLA,13.291333198547363,13.68000030517578,1,0.20738483975080987,0.11896106969560706,0.20379280934701438,0.06699787348174366,0.188605791757826,0.05240102137940073,0.14649308294455735,0.0153635116430407,-0.6597,0.4404,-0.1564333333333333
13.57333278656006,13.57333278656006,45105000,20150130,TSLA,13.68000030517578,13.57333278656006,0,0.0312500003853556,0.0312500002963965,0.0312600508464098,0.0312500003223662,0.7812331836402688,0.0312500003375361,0.0312567638528559,0.0312500003188108,0.3182,0.3182,0.3182
14.419333457946776,14.419333457946776,80857500,20150210,TSLA,14.498666763305664,14.419333457946776,0,0.1338988244706375,0.050610229429008405,0.050604033578221075,0.050614496137733,0.3065839903626344,0.30649794883480364,0.050595238616740076,0.05059523857022158,-0.1027,0.6486,0.11079999999999998
14.186667442321776,14.186667442321776,146536500,20150211,TSLA,14.419333457946776,14.186667442321776,0,0.02184456226562152,0.02185007417463421,0.2384091778657597,0.07184361572789662,0.1384651668622153,0.35134004713695455,0.07184069763395363,0.0844066583329642,-0.0258,0.7717,0.36658999999999997
13.607333183288574,13.607333183288574,99054000,20150224,TSLA,13.822667121887209,13.607333183288574,0,0.4218968581399629,0.0156950573775462,0.3575783602551379,0.0156275225452812,0.0156250010615696,0.0156284374682962,0.0156322202593026,0.142316542892903,0.6369,0.6369,0.6369
13.812666893005373,13.812666893005373,97093500,20150226,TSLA,13.583999633789062,13.812666893005373,1,0.7080876688947974,0.0416666679099108,0.0417037171829316,0.0416666680086284,0.0416666683707807,0.0416666680785773,0.0416666681183082,0.0418752734360652,0.8653,0.8653,0.8653
13.155332565307615,13.155332565307615,118831500,20150302,TSLA,13.555999755859377,13.155332565307615,0,0.11522397077422085,0.018105159307158534,0.20897489135059635,0.018105596985326235,0.24031800939974687,0.1074036748574379,0.14311031788173337,0.14875837944377948,-0.3182,0.2263,-0.03063333333333333
12.916000366210938,12.916000366210938,74623500,20150311,TSLA,12.687999725341797,12.916000366210938,1,0.3432603793197905,0.1874975907710746,0.0208333345495763,0.0208333344215382,0.1984122332959638,0.0208333344728562,0.0208333345070387,0.1874964586621613,-0.2263,-0.2263,-0.2263
12.73799991607666,12.73799991607666,62239500,20150312,TSLA,12.916000366210938,12.73799991607666,0,0.02024948894996492,0.09316501357045005,0.13612385505728014,0.15357825180184884,0.24092807358132012,0.22024566763767597,0.04881713961826968,0.08689250978318998,0.0,0.34,0.06872000000000002
12.57866668701172,12.57866668701172,81514500,20150313,TSLA,12.73799991607666,12.57866668701172,0,0.0347295059888983,0.2013831877284721,0.14582884686972938,0.20139503749787635,0.0347222241789555,0.0347222238422358,0.31249675014541417,0.03472222374841793,0.34,0.4003,0.36010000000000003
13.046667098999023,13.046667098999023,84432000,20150316,TSLA,12.57866668701172,13.046667098999023,1,0.01935605786914625,0.2509185461623205,0.0793848603798624,0.0193535350987733,0.019361897556883848,0.019346935611056798,0.019353365657242598,0.5729248016647139,-0.2023,0.4404,0.11905
12.982000350952148,12.982000350952148,73411500,20150317,TSLA,13.046667098999023,12.982000350952148,0,0.07525035543090887,0.10326144203548965,0.6373179967043257,0.093356684025166,0.022695240335718576,0.022702620556965022,0.0227048476951298,0.022710813216296026,0.5859,0.8442,0.6927749999999999
13.380666732788086,13.380666732788086,72313500,20150318,TSLA,12.982000350952148,13.380666732788086,1,0.062548192979298,0.0625000000431118,0.5623599037026085,0.0625492906891248,0.0625000000593289,0.0625000000490389,0.0625318893440776,0.0625107231334112,0.6696,0.6696,0.6696
13.308667182922363,13.308667182922363,39474000,20150323,TSLA,13.20533275604248,13.308667182922363,1,0.0312500011173077,0.0312500008639503,0.0312574547542193,0.0312500009391777,0.0312667899569557,0.4341330512112158,0.0312568654686249,0.3783358356885483,0.0,0.0,0.0
13.447999954223633,13.447999954223633,54748500,20150324,TSLA,13.308667182922363,13.447999954223633,1,0.19289007771975225,0.08106339229155438,0.4087752152248637,0.05773703958557326,0.02442494504141176,0.18628224559614986,0.02441418385155424,0.024412900689140198,-0.6597,0.2023,-0.37714
12.704667091369627,12.704667091369627,151342500,20150330,TSLA,12.333333015441896,12.704667091369627,1,0.0156619661537968,0.0156275907389115,0.2656239526161473,0.0156298984827689,0.0156303909992491,0.0156263372440658,0.6405699667821655,0.0156298969828948,0.0,0.0,0.0
12.584667205810549,12.584667205810549,75399000,20150331,TSLA,12.704667091369627,12.584667205810549,0,0.42707093206828467,0.027099582229663664,0.0271057133164281,0.27703776212826153,0.0270833340278314,0.027092109202233604,0.1604272331513096,0.027083333875987103,0.3008,0.4404,0.39386666666666664
13.539999961853027,13.539999961853027,186837000,20150406,TSLA,12.733332633972168,13.539999961853027,1,0.1435137387089427,0.0324303395213626,0.4794342780459611,0.17789141628796276,0.032407409367396896,0.03246946464391847,0.0694459444832861,0.0324074089411689,-0.0772,0.6249,0.33549999999999996
14.005999565124512,14.005999565124512,57003000,20150409,TSLA,13.844667434692385,14.005999565124512,1,0.7225074185974159,0.0156250004440534,0.0156435480932869,0.015629876766397,0.0156250006102199,0.0156250005068613,0.1837180706662275,0.0156260843155379,0.0,0.0,0.0
13.985333442687988,13.985333442687988,56373000,20150413,TSLA,14.0600004196167,13.985333442687988,0,0.1484445507270971,0.02345228353329985,0.13455362561164605,0.17807689983292252,0.1484488400122954,0.3201323278634548,0.023453325092559752,0.023438147326724203,-0.34,0.4939,-0.04652500000000001
13.830666542053224,13.830666542053224,45390000,20150414,TSLA,13.985333442687988,13.830666542053224,0,0.0173767909275183,0.07291653288425083,0.10069888170504311,0.18401493466873128,0.2395572131063758,0.35070979799631125,0.0173647370070181,0.017361111704751,0.2023,0.2846,0.22973333333333334
13.85533332824707,13.85533332824707,29286000,20150415,TSLA,13.830666542053224,13.85533332824707,1,0.021354695609652037,0.054644227657050556,0.35740152625404836,0.02130952491283806,0.41467159014925004,0.02132234663219318,0.08798085148856939,0.0213152372963979,-0.4215,0.0,-0.22984
14.57333278656006,14.57333278656006,66168000,20150423,TSLA,14.629332542419434,14.57333278656006,0,0.0156296071495349,0.0156268721457158,0.403750586785277,0.01563107834104,0.015658128525311,0.0156282480738921,0.5024485652737283,0.0156269137055006,0.4215,0.4215,0.4215
15.436667442321776,15.436667442321776,175089000,20150427,TSLA,14.562000274658203,15.436667442321776,1,0.0125000011296704,0.0125014795462096,0.2124919578759873,0.166084467196121,0.0125062812649511,0.5589158110265136,0.0125000010221967,0.0125000009383501,0.1248,0.1248,0.1248
15.49666690826416,15.49666690826416,59041500,20150429,TSLA,15.36533260345459,15.49666690826416,1,0.344475225254527,0.0250464288312616,0.0250176117477897,0.5054191869342336,0.0250000006118197,0.0250415456211529,0.025000000522039,0.0250000004771761,0.4404,0.4404,0.4404
15.0686674118042,15.0686674118042,79225500,20150501,TSLA,15.06999969482422,15.0686674118042,0,0.01737803686926705,0.1986331963070244,0.2098333960564605,0.17739599136526005,0.017361111803962,0.0173639606273403,0.017363639147525797,0.3446706678231596,0.2732,0.4215,0.34735
15.36733341217041,15.36733341217041,66519000,20150504,TSLA,15.0686674118042,15.36733341217041,1,0.1809950161889112,0.124999464669866,0.5134414531624438,0.0138905155264444,0.1250005922372774,0.0138888892831588,0.0138930004380932,0.013891068493805,0.4927,0.4927,0.4927
15.529999732971191,15.529999732971191,86953500,20150505,TSLA,15.36733341217041,15.529999732971191,1,0.0156250017595749,0.0156250013549878,0.3249192348049233,0.1406033591613137,0.0156297788930484,0.4563476209824172,0.0156250015863113,0.0156250014574232,-0.34,-0.34,-0.34
15.362000465393066,15.362000465393066,79063500,20150506,TSLA,15.529999732971191,15.362000465393066,0,0.2568678139737357,0.019907407809992433,0.23748018093349563,0.019908104127399736,0.12713975572723693,0.23221116591370836,0.08657552503896014,0.019910046475470733,0.0,0.2023,0.06743333333333333
16.31599998474121,16.31599998474121,95451000,20150512,TSLA,15.965999603271484,16.31599998474121,1,0.21654876116860752,0.10007939667866526,0.031260591261835134,0.2534540880871461,0.19375028060281205,0.14235171782770842,0.031250001737363135,0.031305162635862166,-0.6124,0.5574,-0.01833333333333335
16.47599983215332,16.47599983215332,55113000,20150519,TSLA,16.583332061767578,16.47599983215332,0,0.028125002745185652,0.1281361553627693,0.14571220473896138,0.2281308410102795,0.02815341444866215,0.15307374771888455,0.1281331020650596,0.1605355319101975,0.0,0.0,0.0
16.51533317565918,16.51533317565918,33346500,20150522,TSLA,16.374666213989258,16.51533317565918,1,0.2968789905935671,0.296855738825839,0.0468750007108451,0.04687500063514855,0.04687682064705895,0.17187329300370166,0.0468901549529335,0.0468750006309059,0.0,0.4404,0.2202
16.495332717895508,16.495332717895508,51123000,20150527,TSLA,16.497333526611328,16.495332717895508,0,0.0208333338314025,0.0208333337184614,0.0208333338006629,0.1874985814906647,0.0208364265041696,0.6874875939764833,0.0208359364682823,0.0208414602098728,0.34,0.34,0.34
16.71266746520996,16.71266746520996,21334500,20150612,TSLA,16.76066780090332,16.71266746520996,0,0.0416666676187422,0.0416666674002642,0.0416666675581526,0.3750013882413952,0.0417079763884717,0.3749572978127669,0.0416666675253358,0.041666667454871,0.4926,0.4926,0.4926
16.691999435424805,16.691999435424805,32793000,20150615,TSLA,16.71266746520996,16.691999435424805,0,0.25732395678656406,0.01736419495555145,0.2635981641110967,0.10069884090686089,0.017361111915505,0.251614548595522,0.0746736010080781,0.01736558172082145,0.5423,0.6705,0.6064
17.500667572021484,17.500667572021484,36945000,20150619,TSLA,17.459333419799805,17.500667572021484,1,0.2130192059538141,0.0208333334278531,0.3048425012511872,0.02085697490416,0.0208333334628614,0.0208354836710343,0.3779341635641333,0.0208450037649565,0.8356,0.8356,0.8356
17.844667434692383,17.844667434692383,58062000,20150623,TSLA,17.319332122802734,17.844667434692383,1,0.1875008666732298,0.0208333336772584,0.6874632426368605,0.0208383641123505,0.0208333338055381,0.0208333337244807,0.0208333337351124,0.0208641916351694,0.4939,0.4939,0.4939
17.468000411987305,17.468000411987305,52183500,20150629,TSLA,17.805999755859375,17.468000411987305,0,0.0178571436493987,0.0178857018028007,0.1606795486724781,0.0178609817535378,0.0178686375242507,0.0178856844318948,0.4443017647411596,0.3056605374244794,0.0,0.0,0.0
18.64800071716309,18.64800071716309,61828500,20150706,TSLA,18.667999267578125,18.64800071716309,0,0.03819592089280165,0.3470120767889043,0.10139267738547869,0.09967835468919431,0.09616573775666055,0.0382040115635594,0.2411567758417979,0.0381944450816029,0.0,0.0258,0.0129
18.310667037963867,18.310667037963867,75061500,20150717,TSLA,17.778667449951172,18.310667037963867,1,0.1875029520403909,0.0208604737777918,0.1874854189268117,0.0208353540132998,0.5207409395004186,0.0208922533562822,0.0208333343703165,0.0208492740146883,0.0,0.0,0.0
17.654666900634766,17.654666900634766,58437000,20150728,TSLA,16.867332458496094,17.654666900634766,1,0.0437500007407876,0.4436952452219453,0.04377687231440395,0.043750000621710895,0.29375680303812496,0.04375000065082105,0.04375000066991295,0.04377107674229305,-0.6377,0.3182,-0.15975000000000006
17.74333381652832,17.74333381652832,33339000,20150731,TSLA,17.785999298095703,17.74333381652832,0,0.03232932774198598,0.11731153938440947,0.3139297569726073,0.0322933071553215,0.03229335883902167,0.03231707343991022,0.2406317450016669,0.19889389146507672,-0.2263,0.2975,0.017799999999999996
16.408666610717773,16.408666610717773,219357000,20150806,TSLA,18.0086669921875,16.408666610717773,0,0.38528592852294713,0.0520833351546987,0.0521696148115185,0.0521070101444871,0.052083335828387506,0.05208333540066125,0.0520988860678885,0.3020885540694112,-0.022,0.0,-0.011
16.512666702270508,16.512666702270508,69438000,20150902,TSLA,15.908666610717772,16.512666702270508,1,0.19141652198675868,0.2129575071983864,0.1257626463870523,0.18264322027991214,0.0227187187276883,0.08608131870140184,0.15568840827650038,0.02273165844229972,-0.296,0.3612,0.00042000000000000923
16.87933349609375,16.87933349609375,43363500,20150914,TSLA,16.682666778564453,16.87933349609375,1,0.017720932714172626,0.0177083339458143,0.0177154926278867,0.017708333999308577,0.1722043406281916,0.6215364750563295,0.0177170404646424,0.11768905056365397,0.0,0.7184,0.486525
17.40399932861328,17.40399932861328,39012000,20150923,TSLA,17.395999908447266,17.40399932861328,1,0.0313187154170929,0.5311446597005436,0.0312500027508427,0.0312825368369441,0.0312500031370448,0.0312500025780881,0.2812540771435601,0.0312500024358834,0.0,0.0,0.0
17.12733268737793,17.12733268737793,56601000,20150925,TSLA,17.541332244873047,17.12733268737793,0,0.7082855500394134,0.0416914262192093,0.0416666681132483,0.0416896832636792,0.041666668320426,0.041666668025493,0.0416666680661793,0.0416666679523509,0.6369,0.6369,0.6369
16.559999465942383,16.559999465942383,73944000,20150930,TSLA,16.44333267211914,16.559999465942383,1,0.624894471553298,0.2249562657627353,0.0250289488751516,0.0250185054388911,0.0250264466321999,0.025002827896687,0.0250273967866582,0.0250451370543782,-0.3535,-0.3535,-0.3535
16.504667282104492,16.504667282104492,66360000,20151002,TSLA,15.991999626159668,16.504667282104492,1,0.13404377755028649,0.030776759885964372,0.04964252987601893,0.39696824995312,0.12099638769718267,0.18100792375784475,0.030782579982886263,0.0557817912966962,-0.4184,0.4939,0.06001250000000001
14.71266746520996,14.71266746520996,92376000,20151009,TSLA,15.114666938781738,14.71266746520996,0,0.026055030122440676,0.12646327189868412,0.10684830883931408,0.026049415636851325,0.026046709112992675,0.06770831727086123,0.1927274606555936,0.42810148646326196,0.0,0.9558,0.298575
14.458666801452637,14.458666801452637,46566000,20151014,TSLA,14.616666793823242,14.458666801452637,0,0.0312528169683614,0.0312500006055958,0.031250000733055,0.0312500006587127,0.0312679742547379,0.0312568904587162,0.7812223156726578,0.0312500006481628,0.6808,0.6808,0.6808
15.206666946411133,15.206666946411133,37618500,20151019,TSLA,15.133999824523926,15.206666946411133,1,0.0250023464481828,0.0250000001608727,0.2249992103302439,0.0250000001744853,0.0250000002210373,0.0250000001826903,0.6249984423097422,0.0250000001727453,0.7906,0.7906,0.7906
14.005999565124512,14.005999565124512,62272500,20151021,TSLA,14.20199966430664,14.005999565124512,0,0.24006883851971,0.10490597254980459,0.1464975802408795,0.2059927340755831,0.04180650395283943,0.05410409619761571,0.1806842734479749,0.02594000101559247,0.0,0.6322,0.2861714285714285
14.114666938781738,14.114666938781738,42378000,20151022,TSLA,14.005999565124512,14.114666938781738,1,0.1874542385033844,0.0208618975438359,0.0208451389998912,0.0208546114756707,0.0208333341692374,0.0208333340209005,0.6874681704144954,0.0208492748725843,0.4404,0.4404,0.4404
13.939332962036133,13.939332962036133,63532500,20151023,TSLA,14.114666938781738,13.939332962036133,0,0.09422005783596901,0.04751932730443632,0.2008351835870255,0.08750870632960164,0.04750271956986816,0.2074209961954474,0.20081391387757982,0.11417909530007189,0.0,0.6293,0.26484
14.350666999816896,14.350666999816896,50871000,20151026,TSLA,13.939332962036133,14.350666999816896,1,0.036458334679438556,0.0366280224756501,0.036527893312662596,0.36962999349401526,0.03646632084468615,0.036461178283429,0.4113491718759005,0.0364790850342175,0.0,0.8275,0.41375
14.023332595825195,14.023332595825195,52791000,20151027,TSLA,14.350666999816896,14.023332595825195,0,0.062559860261758,0.0625000005680039,0.0625000006899441,0.0625000006178696,0.0625000007806666,0.0625000006455124,0.062500000665295,0.5624401357709501,0.765,0.765,0.765
14.108667373657228,14.108667373657228,27075000,20151029,TSLA,14.197333335876465,14.108667373657228,0,0.6065899723381672,0.0125000004024183,0.0125186271749727,0.11249392160792,0.1166162095633518,0.0125298126814139,0.1142514557995876,0.012500000432168,-0.3612,-0.3612,-0.3612
14.667332649230955,14.667332649230955,66010500,20151120,TSLA,14.786666870117188,14.667332649230955,0,0.0684963192441885,0.1135974564628107,0.31644638324153934,0.0151834749241288,0.0151790587785437,0.0151995233584192,0.44070528062632797,0.015192503364041501,0.0258,0.4019,0.21384999999999998
14.550000190734863,14.550000190734863,37204500,20151124,TSLA,14.516667366027832,14.550000190734863,1,0.02889943017180973,0.02889524603931769,0.11220689324526456,0.08387106705358743,0.19456300927349174,0.4104345617064765,0.07890993412061964,0.06221985838943237,-0.25,0.807,0.3948
15.513999938964844,15.513999938964844,44094000,20151203,TSLA,15.465999603271484,15.513999938964844,1,0.187496963430389,0.020833333842223,0.0208333339495844,0.0208333338852102,0.0208350797070893,0.020833333910428,0.0208361055676234,0.6874985157074527,0.4404,0.4404,0.4404
15.137999534606934,15.137999534606934,31075500,20151210,TSLA,14.968000411987305,15.137999534606934,1,0.0138888894499214,0.0138921222771923,0.2414248116090524,0.0139115057284144,0.0139028086203787,0.6752020835640099,0.0138888893962432,0.0138888893547872,-0.34,-0.34,-0.34
15.559332847595217,15.559332847595217,49479000,20151217,TSLA,15.633999824523926,15.559332847595217,0,0.2965856050736696,0.02500000060117,0.5533412470177759,0.0250000006554787,0.0250022493501412,0.0250000006812614,0.0250000007013823,0.0250708959191206,0.0,0.0,0.0
15.36400032043457,15.36400032043457,45213000,20151218,TSLA,15.559332847595217,15.36400032043457,0,0.16437911674907943,0.1014256992869346,0.13228593313693945,0.03476095291514976,0.22966620947008926,0.17357839780826992,0.08855857872554426,0.0753451119079931,-0.34,0.2732,-0.04014
15.503999710083008,15.503999710083008,29298000,20151221,TSLA,15.36400032043457,15.503999710083008,1,0.0208333340921161,0.0208953246987496,0.020833335209065,0.0208768897715465,0.4171234065719905,0.4577710416760955,0.0208333340194339,0.0208333339610026,0.0,0.0,0.0
15.329999923706056,15.329999923706056,29422500,20151222,TSLA,15.503999710083008,15.329999923706056,0,0.03555604095776358,0.03555555605544974,0.21449576518586086,0.12444136557573764,0.03556352489344981,0.28327663553901994,0.23555555570067868,0.0355555560920394,0.0,0.5093,0.20371999999999998
13.998000144958496,13.998000144958496,46378500,20160112,TSLA,13.856666564941406,13.998000144958496,1,0.01934632539637115,0.01934523864273925,0.10971899350363146,0.1026788251032528,0.211173699676075,0.42761071384818844,0.0907809651461607,0.01934523868358095,0.0,0.0,0.0
13.64799976348877,13.64799976348877,60580500,20160119,TSLA,13.666000366210938,13.64799976348877,0,0.5274388779408915,0.3473688666126755,0.0208899494233258,0.0209271892376911,0.0208451471874301,0.0208457147367919,0.0208450716972515,0.0208391831639423,0.9246,0.9246,0.9246
13.24666690826416,13.24666690826416,87579000,20160120,TSLA,13.64799976348877,13.24666690826416,0,0.0208333337569452,0.0208333336594595,0.5208346774040079,0.0208333336874701,0.1875005852480293,0.0208847236793792,0.1874466788804017,0.0208333336843067,0.0,0.0,0.0
11.565333366394045,11.565333366394045,118971000,20160203,TSLA,12.185333251953123,11.565333366394045,0,0.1874937007411055,0.0208348471838262,0.020875401895091,0.6873819990386112,0.0208361661354739,0.0208386449713826,0.0208333340107688,0.0209059060237405,-0.128,-0.128,-0.128
10.84000015258789,10.84000015258789,141564000,20160205,TSLA,11.68866729736328,10.84000015258789,0,0.2340557079968594,0.0250088069868791,0.0250000006040422,0.6159354820426042,0.0250000006841264,0.0250000005673244,0.0250000005823983,0.0250000005357658,-0.296,-0.296,-0.296
9.57800006866455,9.57800006866455,156097500,20160210,TSLA,9.883333206176758,9.57800006866455,0,0.4918875716763251,0.0312500002436177,0.0313947619031371,0.0312892959304899,0.3203938869273523,0.0312500002774312,0.0312758017982372,0.0312586812434092,0.0,0.0,0.0
10.031332969665527,10.031332969665527,213786000,20160211,TSLA,9.57800006866455,10.031332969665527,1,0.3208097959066718,0.032552480105350626,0.10921416852291785,0.03255382561435832,0.09503988378322836,0.09505457754725458,0.2822127426123122,0.032562525907905975,-0.296,0.2732,-0.005699999999999997
10.344667434692385,10.344667434692385,83907000,20160216,TSLA,10.06933307647705,10.344667434692385,1,0.16037783015999066,0.16885832845759047,0.34780239362515886,0.03126643142914985,0.031250001874417746,0.1979308075709932,0.031260631132828,0.03125357574987095,0.4019,0.4019,0.4019
11.118000030517578,11.118000030517578,58314000,20160218,TSLA,11.245332717895508,11.118000030517578,0,0.0468750040275615,0.2968749948270771,0.046929704461741,0.046875003373732696,0.046899543409916554,0.29682801222486316,0.17184273433464908,0.04687500334045865,-0.046,0.4927,0.22335000000000002
11.10533332824707,11.10533332824707,44391000,20160219,TSLA,11.118000030517578,11.10533332824707,0,0.0113669433809438,0.0113640129860637,0.2713218196245398,0.0113875268283415,0.0114284470974953,0.0113638846914078,0.0113636370928019,0.6604037282984062,0.5267,0.5267,0.5267
11.93333339691162,11.93333339691162,80934000,20160224,TSLA,11.814000129699709,11.93333339691162,1,0.0208390964594952,0.0208342015749606,0.0208576248364372,0.2530962901304724,0.0208585046060756,0.4451520470841099,0.0208662786531601,0.1974959566552888,0.8402,0.8402,0.8402
12.795332908630373,12.795332908630373,67485000,20160229,TSLA,12.689332962036133,12.795332908630373,1,0.0178571438416126,0.0178571436157785,0.0178608749501104,0.0178571436807851,0.0179265944394766,0.3098014389104784,0.0178609954153065,0.5829786651464516,-0.7096,-0.7096,-0.7096
12.423333168029783,12.423333168029783,100683000,20160301,TSLA,12.795332908630373,12.423333168029783,0,0.17181934100546215,0.04687500267150315,0.046889624806664004,0.04687500291197991,0.04688031966686005,0.29688024159970877,0.0468750031264853,0.29690546421133635,-0.2755,0.3612,0.04285
12.555999755859377,12.555999755859377,72936000,20160302,TSLA,12.423333168029783,12.555999755859377,1,0.5309655272088336,0.0313264589746799,0.0313248951850619,0.0312500017458868,0.0312635876060144,0.0313834278942024,0.2812341232657702,0.0312519781195504,0.0,0.0,0.0
13.914667129516602,13.914667129516602,48129000,20160309,TSLA,13.506667137145996,13.914667129516602,1,0.0243090228326281,0.024305556202941933,0.19091855087630383,0.43545198807742147,0.02432672512695953,0.1686800458001321,0.10765713470976856,0.0243509763738441,0.2732,0.5707,0.3723666666666667
15.515999794006348,15.515999794006348,70677000,20160318,TSLA,15.092000007629396,15.515999794006348,1,0.02087141858978,0.0208333345110705,0.0209515331685225,0.020869817896612,0.0208422114708931,0.8539035031799238,0.0208347554929594,0.0208934256902385,0.0,0.0,0.0
15.342000007629396,15.342000007629396,60214500,20160329,TSLA,15.350666999816896,15.342000007629396,0,0.8249920411693762,0.0250000001002879,0.0250009503252087,0.0250000001064652,0.0250028870010032,0.0250000000793786,0.0250041211431886,0.0250000000750912,0.5859,0.5859,0.5859
15.12600040435791,15.12600040435791,60495000,20160330,TSLA,15.342000007629396,15.12600040435791,0,0.37579238182630287,0.049866292904466404,0.049864879931286334,0.04986360297579907,0.12127893271758991,0.19271739050433406,0.04986554983979268,0.11075096930042842,0.0,0.7184,0.10262857142857143
15.317999839782717,15.317999839782717,120193500,20160331,TSLA,15.12600040435791,15.317999839782717,1,0.3373433431627712,0.02733167889904526,0.02732301908927684,0.16065981603041468,0.3101574538191561,0.027323228531797437,0.08252884035318217,0.027332620114355936,-0.2732,0.9071,0.08152000000000001
15.839332580566406,15.839332580566406,239962500,20160401,TSLA,15.317999839782717,15.839332580566406,1,0.10843682748821398,0.08967607598066901,0.2855927968396668,0.20921817931279366,0.13358648586832497,0.0528704656150002,0.09805029396791269,0.02256887492741841,0.0,0.9136,0.36005454545454546
16.465999603271484,16.465999603271484,202129500,20160404,TSLA,15.839332580566406,16.465999603271484,1,0.17166718951538945,0.37300770403711186,0.1303120221824147,0.03833333465708362,0.03833333501491935,0.17166850229317426,0.038344577657588,0.03833333464231844,0.0,0.4497,0.35604
17.031333923339844,17.031333923339844,149230500,20160405,TSLA,16.465999603271484,17.031333923339844,1,0.3750079848922369,0.0416666687682377,0.0416666692448087,0.0416666689459043,0.0416666695695302,0.3749576953139538,0.0416666691623935,0.0417009741029348,0.0,0.0,0.0
17.69466781616211,17.69466781616211,175582500,20160406,TSLA,17.031333923339844,17.69466781616211,1,0.29687073040116313,0.2443496229173025,0.046881371080766704,0.04688371892096435,0.04687500200881045,0.22438355329949175,0.046875001705445854,0.0468809996660549,-0.4824,0.0,-0.2412
17.14666748046875,17.14666748046875,132843000,20160407,TSLA,17.69466781616211,17.14666748046875,0,0.0281364363126734,0.028133167170675648,0.5420361438905483,0.02814557056243465,0.0281377676717888,0.1531211220595008,0.164155613350286,0.02813417898209205,-0.296,-0.2732,-0.28459999999999996
16.67133331298828,16.67133331298828,110458500,20160408,TSLA,17.14666748046875,16.67133331298828,0,0.17677679255981624,0.022775974568254698,0.1573814831297902,0.17343243445427106,0.12735635062197323,0.246732721105663,0.07276171598890102,0.02278252757133018,0.0,0.7901,0.34004
16.661333084106445,16.661333084106445,137425500,20160411,TSLA,16.67133331298828,16.661333084106445,0,0.0313238777970791,0.0312506607508318,0.781157478907681,0.0312636933569513,0.0312500003530398,0.0312500002925016,0.0312500003008457,0.0312542882410695,0.5423,0.5423,0.5423
16.92533302307129,16.92533302307129,64071000,20160418,TSLA,16.96733283996582,16.92533302307129,0,0.0312500010894187,0.0312550052049254,0.0312500010209896,0.5312281087788653,0.0312593817588581,0.0312570242272592,0.0312500009852863,0.2812504769343971,0.4019,0.4019,0.4019
16.6646671295166,16.6646671295166,77911500,20160420,TSLA,16.4913330078125,16.6646671295166,1,0.28809462674701514,0.030961010146753155,0.20975226618262982,0.030972103245994975,0.12617029590816603,0.03095251569070647,0.11749277234060794,0.16560440973812618,-0.4576,0.8402,0.21839999999999998
16.764667510986328,16.764667510986328,48087000,20160427,TSLA,16.916000366210938,16.764667510986328,0,0.2151652313701208,0.01955478776161235,0.09774365904123822,0.0195474271805278,0.14453738433148278,0.3205038242306298,0.12875691303264936,0.05419077305173855,-0.7366,0.743,-0.12187500000000001
16.05066680908203,16.05066680908203,81207000,20160429,TSLA,16.513999938964844,16.05066680908203,0,0.0260686751309263,0.02610028335543895,0.15103779341314547,0.28124879391874125,0.27594494533078706,0.026048435950768598,0.0260457949959962,0.18750527790419574,-0.25,-0.128,-0.189
16.1200008392334,16.1200008392334,57658500,20160502,TSLA,16.05066680908203,16.1200008392334,1,0.0312552334276401,0.0312500008404357,0.0312629817244523,0.0312708086213861,0.13749931647310282,0.5180641318928725,0.0312829324587332,0.18811459456137694,0.128,0.8625,0.49525
14.10200023651123,14.10200023651123,168822000,20160505,TSLA,14.837332725524902,14.10200023651123,0,0.3693418482360699,0.0156250005486032,0.0156804151360304,0.5368403136455449,0.0156275170358309,0.0156250006240736,0.0156338868545792,0.0156260179192675,0.5719,0.5719,0.5719
14.32866668701172,14.32866668701172,85278000,20160506,TSLA,14.10200023651123,14.32866668701172,1,0.03916598128308766,0.039169046842320684,0.1626554225667594,0.03918793578565998,0.21056642601694922,0.20238638323489955,0.1534195547116169,0.1534492495587063,-0.296,0.3182,0.07068571428571428
13.8186674118042,13.8186674118042,54757500,20160512,TSLA,13.93066692352295,13.8186674118042,0,0.0312806804547001,0.0312500007247817,0.0312703927050831,0.0312633975051201,0.0312500009954302,0.0312500008257024,0.5312146954604676,0.2812208313287144,0.088,0.088,0.088
13.88599967956543,13.88599967956543,44241000,20160516,TSLA,13.84066677093506,13.88599967956543,1,0.020091833455246802,0.020089286615575675,0.40563112144260965,0.0200971637078221,0.12149878102602865,0.13546743627428204,0.020124747857317726,0.25699962962111694,-0.4215,0.4019,-0.110275
14.07800006866455,14.07800006866455,84262500,20160518,TSLA,13.644000053405762,14.07800006866455,1,0.029179392447674216,0.22531771645558604,0.11252692670915125,0.46069855762536815,0.029170716402958947,0.08472829337426074,0.02917012122260677,0.029208275762393585,-0.4588,0.6808,-0.02538333333333334
14.638667106628418,14.638667106628418,46902000,20160525,TSLA,14.52733325958252,14.638667106628418,1,0.1875023936479382,0.020841149225903,0.3541494560359384,0.0208440845887056,0.0208333343201542,0.0208414273984742,0.1975526877476565,0.1774354670352295,0.8313,0.8313,0.8313
15.008000373840332,15.008000373840332,61086000,20160526,TSLA,14.638667106628418,15.008000373840332,1,0.0178606822945381,0.0178720866753409,0.1719992191448399,0.0178571436123668,0.3677047125461787,0.0178690390153855,0.0178571436763814,0.3709799730349682,0.4131,0.4131,0.4131
14.869333267211914,14.869333267211914,54754500,20160527,TSLA,15.008000373840332,14.869333267211914,0,0.018781310581855268,0.0187553678839764,0.018779828881185668,0.0853995702225927,0.0187727704197234,0.7353532607012031,0.0187500157263782,0.08540787558308487,-0.3291,0.5267,-0.043833333333333356
14.597332954406738,14.597332954406738,30492000,20160602,TSLA,14.637332916259766,14.597332954406738,0,0.0250061691414638,0.0250838602611074,0.2250014281141328,0.0250000012669641,0.6247787177181967,0.0250000013150526,0.0250057039159238,0.0251241182671586,0.6124,0.6124,0.6124
14.599332809448242,14.599332809448242,33435000,20160603,TSLA,14.597332954406738,14.599332809448242,1,0.06725699818596732,0.11721163141247622,0.06726477013961775,0.43632013106202894,0.03156505738682783,0.08338715506256635,0.09401336547109634,0.102980891279419,0.335,0.7906,0.56675
15.489333152770996,15.489333152770996,93204000,20160607,TSLA,14.711999893188477,15.489333152770996,1,0.0312500010735284,0.0312500008285571,0.0312500010046255,0.0312500008996428,0.7811912365564642,0.0313087577749523,0.0312500009714522,0.0312500008907772,0.0,0.0,0.0
15.701333045959473,15.701333045959473,89580000,20160608,TSLA,15.489333152770996,15.701333045959473,1,0.5565778898388356,0.0208333334906039,0.0208857207847087,0.020851646399292,0.0208333335491108,0.0208347263677878,0.0208492417599282,0.3183341078097327,0.3612,0.3612,0.3612
15.290666580200195,15.290666580200195,67381500,20160609,TSLA,15.701333045959473,15.290666580200195,0,0.041666668593637,0.0416666681563916,0.0417937146055231,0.04166666828131,0.7082062753213394,0.0416666683634126,0.0416666684051093,0.0416666682732769,0.0,0.0,0.0
14.586000442504885,14.586000442504885,90399000,20160610,TSLA,15.290666580200195,14.586000442504885,0,0.16397132011021384,0.3678612258948834,0.25160172520703666,0.10592499771005898,0.02765825664881962,0.027658199575232818,0.02766533629644308,0.027658938557311264,-0.5267,0.7003,0.06136666666666668
14.513333320617676,14.513333320617676,43627500,20160615,TSLA,14.330666542053224,14.513333320617676,1,0.09256597637316578,0.024873925936324485,0.21822380174690276,0.024873464952593644,0.13574374861462965,0.19153689989320424,0.1195875685964785,0.19259461388670054,-0.296,0.6808,0.15237142857142857
14.364666938781738,14.364666938781738,46689000,20160617,TSLA,14.528667449951172,14.364666938781738,0,0.26500579081358794,0.02223502869828903,0.18374228449744076,0.02225103755976603,0.17053236975818206,0.022252731705646234,0.02222706239383147,0.2917536945732561,-0.7469,0.5719,0.06206666666666664
13.11066722869873,13.11066722869873,356136000,20160622,TSLA,14.640666961669922,13.11066722869873,0,0.1411399186764128,0.1606688079558167,0.0178833031841672,0.1607179858102655,0.0178571450942872,0.0178616362362107,0.0178571447575929,0.4660140582852466,-0.5994,-0.5994,-0.5994
13.236666679382324,13.236666679382324,108081000,20160627,TSLA,12.876667022705078,13.236666679382324,1,0.20309814068684526,0.03645833361902465,0.2864438092467982,0.2031250792386693,0.036458333724514805,0.0364633936805114,0.16148730101889136,0.036465608784744696,0.0,0.3182,0.1591
13.452667236328123,13.452667236328123,93186000,20160628,TSLA,13.236666679382324,13.452667236328123,1,0.041666668624057,0.041666668173705,0.3749956767160572,0.0416666683135943,0.3750043130789638,0.0416666683824089,0.0416666684282211,0.0416666682829926,0.8016,0.8016,0.8016
14.012666702270508,14.012666702270508,89923500,20160629,TSLA,13.452667236328123,14.012666702270508,1,0.24998578663382187,0.041688484059578174,0.16665320896108854,0.29165971582342654,0.0416798104467559,0.12497942641834654,0.04168689964619517,0.04166666801078695,-0.3506,0.6249,0.32025
14.152000427246094,14.152000427246094,72646500,20160630,TSLA,14.012666702270508,14.152000427246094,1,0.3132124801131946,0.0250101999771819,0.3059777609708616,0.0250000008118288,0.0250110513042029,0.0250128267162413,0.2557755361183941,0.0250001439880946,0.0772,0.0772,0.0772
14.26533317565918,14.26533317565918,77629500,20160705,TSLA,14.43333339691162,14.26533317565918,0,0.02791175971799105,0.027877909625517124,0.41231040818936926,0.027873003142649226,0.02786944393314585,0.027864583720080723,0.027864583730770973,0.4204283079404755,-0.8555,0.5859,-0.147875
14.29599952697754,14.29599952697754,73798500,20160706,TSLA,14.26533317565918,14.29599952697754,1,0.022505446259577983,0.1314672112502254,0.7334869920555755,0.02250292351254716,0.02250341062406578,0.02250192530817304,0.02251287091676924,0.022519220073065598,-0.4019,0.5267,0.07972
14.45199966430664,14.45199966430664,61122000,20160708,TSLA,14.395999908447266,14.45199966430664,1,0.12812906010380865,0.15312869121413114,0.3281106770613334,0.0281473598936161,0.15308526574196385,0.15312973698218815,0.028126925880704298,0.02814228312225405,-0.6908,-0.6597,-0.6752499999999999
14.976667404174805,14.976667404174805,68569500,20160712,TSLA,14.985333442687988,14.976667404174805,0,0.062548192979298,0.0625000000431118,0.5623599037026085,0.0625492906891248,0.0625000000593289,0.0625000000490389,0.0625318893440776,0.0625107231334112,0.4926,0.4926,0.4926
14.835332870483398,14.835332870483398,53506500,20160713,TSLA,14.976667404174805,14.835332870483398,0,0.1820546036762417,0.0250000005698096,0.2679106020865132,0.224998504122511,0.2250014777326819,0.0250000006497856,0.0250348105495147,0.0250000006129421,0.4215,0.4215,0.4215
14.768667221069336,14.768667221069336,40137000,20160714,TSLA,14.835332870483398,14.768667221069336,0,0.0214285723247318,0.0214585600562171,0.6118319810784162,0.10082069703940774,0.0214285723788605,0.02142857221364345,0.18017447273718323,0.0214285721715397,-0.6597,0.1531,-0.25329999999999997
14.69333267211914,14.69333267211914,33513000,20160715,TSLA,14.768667221069336,14.69333267211914,0,0.035797691728938964,0.03582158397785981,0.196432851157999,0.23273482103238158,0.035797811752932125,0.14184516212460846,0.2857673747838142,0.03580270344146553,-0.4767,0.5574,0.06025454545454545
15.083333015441896,15.083333015441896,51181500,20160718,TSLA,14.69333267211914,15.083333015441896,1,0.19328544961997696,0.062374958316967655,0.14475245350655605,0.04707450686752206,0.06241573529009387,0.4367678336122332,0.02665933378480766,0.0266697290018422,-0.3818,0.8807,0.25260000000000005
15.017333030700684,15.017333030700684,46726500,20160719,TSLA,15.083333015441896,15.017333030700684,0,0.4140175082100971,0.0156250001636848,0.4922265323977643,0.0156269220596397,0.0156250002249705,0.0156250001861792,0.0156262660353402,0.0156277707223238,0.0,0.0,0.0
15.223999977111816,15.223999977111816,38527500,20160720,TSLA,15.017333030700684,15.223999977111816,1,0.31249999874285306,0.3124999990939674,0.06250000037119591,0.06250000033306624,0.06250000042167694,0.06250000034897485,0.062500000358526,0.06250000032973915,0.0,0.0,0.0
14.699999809265137,14.699999809265137,66430500,20160721,TSLA,15.223999977111816,14.699999809265137,0,0.32007188346127113,0.02425767571557321,0.3010474569401029,0.13258324225475876,0.024256207478693562,0.08675807490460566,0.08676618513119459,0.024259274113800064,-0.7717,0.8479,0.18379999999999996
14.817999839782717,14.817999839782717,38695500,20160722,TSLA,14.699999809265137,14.817999839782717,1,0.025022448339422,0.0250106267026255,0.0250000003524168,0.5864560051590915,0.0250000003994439,0.0250043045590831,0.2635066141755401,0.0250000003123767,0.4019,0.4019,0.4019
15.300666809082031,15.300666809082031,51450000,20160726,TSLA,15.333999633789062,15.300666809082031,0,0.1236486536053963,0.0723821616015685,0.10803731760912366,0.07232194523606317,0.024702382502926962,0.024732829284333267,0.19234656216786303,0.3818281479927248,0.0,0.4215,0.14049999999999999
15.232666969299316,15.232666969299316,43335000,20160727,TSLA,15.300666809082031,15.232666969299316,0,0.0312693074621037,0.0312500002695939,0.0313108922261205,0.7811697957923026,0.0312500003705672,0.0312500003068344,0.0312500032822644,0.0312500002902132,0.6204,0.6204,0.6204
15.37399959564209,15.37399959564209,36286500,20160728,TSLA,15.232666969299316,15.37399959564209,1,0.0416666697654282,0.041666669062589,0.0416666695717098,0.3750029467860854,0.0416854816043527,0.0416666693813206,0.0416666694726915,0.3749782243558224,0.4404,0.4404,0.4404
15.652667045593262,15.652667045593262,46062000,20160729,TSLA,15.37399959564209,15.652667045593262,1,0.19733964011746044,0.13071567368133852,0.030777978959412075,0.15573892192813948,0.030742325312492776,0.093222537276407,0.03073890773072845,0.3307240149940209,-0.1531,0.6249,0.18014999999999998
15.272000312805176,15.272000312805176,33117000,20160809,TSLA,15.077333450317385,15.272000312805176,1,0.027087311056888295,0.44753033805034653,0.12711409369412607,0.02711418282418786,0.07708448405065002,0.17322392507551426,0.09375781712318518,0.02708784812510152,0.0,0.8381,0.4763
14.994000434875488,14.994000434875488,28213500,20160811,TSLA,15.043333053588867,14.994000434875488,0,0.0312594724471039,0.0312500023042993,0.2812542775614179,0.0312500024942106,0.0312500031300511,0.2811685180288144,0.28125539471164,0.0313123293224624,0.7177,0.7177,0.7177
14.862000465393066,14.862000465393066,30982500,20160822,TSLA,15.0,14.862000465393066,0,0.5312263140649158,0.2812345623544614,0.031262988023054,0.0312500002152833,0.0312500002723945,0.0312500002251543,0.0312612573723077,0.0312648774724287,-0.4588,-0.4588,-0.4588
14.989333152770996,14.989333152770996,71766000,20160823,TSLA,14.862000465393066,14.989333152770996,1,0.031284894987026995,0.03127315821960855,0.28129490477589175,0.15627157950821835,0.2810581892162164,0.031250000699256944,0.03131350319384485,0.1562537693999358,0.0,0.0,0.0
14.089332580566406,14.089332580566406,47533500,20160830,TSLA,14.346667289733888,14.089332580566406,0,0.3131934874669267,0.0208333346283718,0.0208351494401125,0.1871593207715281,0.2065494870113514,0.2097568196004655,0.0208390664173705,0.0208333346638731,0.6908,0.6908,0.6908
14.133999824523926,14.133999824523926,49147500,20160831,TSLA,14.089332580566406,14.133999824523926,1,0.024487496781306475,0.13699643272813833,0.0661765793094775,0.02448964750582595,0.024479168479466976,0.02450500023505835,0.5911103928348506,0.10775528212587547,0.0,0.5106,0.2553
13.38466739654541,13.38466739654541,119146500,20160901,TSLA,14.133999824523926,13.38466739654541,0,0.09666900178278397,0.028936362223746234,0.24721995204851313,0.028936480292445832,0.14005145575732672,0.14006751520837005,0.19060540435007337,0.12751382833674044,-0.3182,-0.1198,-0.21343333333333336
12.964667320251465,12.964667320251465,56355000,20160909,TSLA,13.157333374023438,12.964667320251465,0,0.1662702271507786,0.03294150492818828,0.03292127810842394,0.03292141897063604,0.03294597320677372,0.25351120683536454,0.2728787664686574,0.17560962433117724,-0.7264,0.8074,-0.0043400000000000105
13.06999969482422,13.06999969482422,53841000,20160913,TSLA,13.220000267028809,13.06999969482422,0,0.15908541656477512,0.0234634256524123,0.16623523945614732,0.023391287264291,0.043792776327997704,0.2277616648627462,0.09480926654345889,0.2614609233281711,-0.8555,0.743,0.07532857142857143
13.69333267211914,13.69333267211914,46617000,20160916,TSLA,13.361332893371582,13.69333267211914,1,0.024603463529120163,0.17455303241379627,0.31174954063243865,0.0245985987929747,0.14458329924203436,0.02460378467313622,0.1107053611553154,0.18460291956118383,-0.2263,0.5562,0.20784000000000002
13.6813325881958,13.6813325881958,39502500,20160921,TSLA,13.642666816711426,13.6813325881958,1,0.17894721410859038,0.05776364885754542,0.16381170254385638,0.19599454654095483,0.07293640748542035,0.027473719705711507,0.2301536287436033,0.07291913201431742,-0.5574,0.7096,0.11965454545454546
13.76200008392334,13.76200008392334,35743500,20160922,TSLA,13.6813325881958,13.76200008392334,1,0.07381424573305187,0.0839046336545049,0.1293156981847306,0.4874834326951553,0.023728123954218864,0.023732725664729403,0.023730503333684733,0.1542906367799239,-0.296,0.0258,-0.09006666666666667
13.829999923706056,13.829999923706056,43578000,20160923,TSLA,13.76200008392334,13.829999923706056,1,0.7080876906854054,0.0416666674066264,0.0417037165353364,0.0416666674716295,0.041666667684366,0.0416666675086411,0.0416666675303679,0.0418752551776267,0.4404,0.4404,0.4404
13.932666778564451,13.932666778564451,35916000,20160926,TSLA,13.829999923706056,13.932666778564451,1,0.16400540028843852,0.014723066754351139,0.014730723728754919,0.0147320846012719,0.01473013128853462,0.19379900887654355,0.0147371546201436,0.5685424298419612,-0.34,0.0,-0.1272
13.720666885375977,13.720666885375977,50598000,20160927,TSLA,13.932666778564451,13.720666885375977,0,0.2542624335450074,0.029514045992490353,0.02953199979261033,0.08504932638564607,0.19396863655561872,0.15840564501671275,0.08530615186919226,0.16396176084272182,0.0,0.4404,0.0734
13.751333236694336,13.751333236694336,31326000,20160928,TSLA,13.720666885375977,13.751333236694336,1,0.22222698312336794,0.27772020847623785,0.11109266659332023,0.027812386340278102,0.11112440903406018,0.11110972725261653,0.027793111589351115,0.11112050759076773,-0.7579,0.8779,0.3627500000000001
14.093999862670898,14.093999862670898,53122500,20161004,TSLA,14.24666690826416,14.093999862670898,0,0.0178593555205624,0.1797874029310425,0.0178571445643423,0.4273102418032061,0.0178571447892581,0.1556940877432144,0.1657189179028838,0.0179157047454901,0.0,0.0,0.0
13.897333145141602,13.897333145141602,28162500,20161005,TSLA,14.093999862670898,13.897333145141602,0,0.0312698204956806,0.0312601646472739,0.0312658426470078,0.0312500004842586,0.5311620486728253,0.0313285992204392,0.0312500005196318,0.2812135233128824,0.8573,0.8573,0.8573
13.399999618530272,13.399999618530272,70551000,20161006,TSLA,13.897333145141602,13.399999618530272,0,0.022223186694595633,0.16109484321237078,0.24234956384377782,0.09295673985506549,0.022238739592967235,0.022238779476135433,0.022258405365821632,0.4146397419592656,0.2023,0.296,0.23353333333333334
13.107333183288574,13.107333183288574,52395000,20161007,TSLA,13.399999618530272,13.107333183288574,0,0.03169700758265518,0.031668461596327004,0.6024163142584041,0.03168325318314932,0.16498153450218406,0.031666667440574205,0.07420767570536112,0.031679085731344606,0.0,0.0,0.0
13.396666526794434,13.396666526794434,49744500,20161010,TSLA,13.107333183288574,13.396666526794434,1,0.02442671575044958,0.15773355376109344,0.15658748002850478,0.02443250969627664,0.09106337856102745,0.08752542605898025,0.02443559616201092,0.43379533998165665,-0.5859,0.4215,-0.26724
13.570667266845703,13.570667266845703,104868000,20161019,TSLA,13.273332595825195,13.570667266845703,1,0.1954398314334301,0.023640277899240766,0.1261363781286608,0.21970364735101255,0.15695664599903636,0.07913657036944853,0.11841376069948138,0.08057288811968917,-0.4019,0.0,-0.13396666666666665
13.273332595825195,13.273332595825195,76093500,20161020,TSLA,13.570667266845703,13.273332595825195,0,0.05829445645326214,0.0605487866706868,0.4065342455580066,0.10629610966869489,0.027224153084041584,0.043881478582807505,0.27001213120929457,0.02720863877320558,-0.024,0.5859,0.13640833333333333
13.600666999816896,13.600666999816896,196405500,20161027,TSLA,13.482666969299316,13.600666999816896,1,0.16499415548008375,0.07166989409859367,0.03167102144944744,0.48498016940103283,0.07165911961512497,0.03167237229689096,0.11167933314552954,0.03167393451329652,0.0,0.3182,0.06364
12.494667053222656,12.494667053222656,39795000,20161103,TSLA,12.534667015075684,12.494667053222656,0,0.030593265548511866,0.0306361339479533,0.22433019462360826,0.1700875432509349,0.1433109006344684,0.33986086165193186,0.03056991977689583,0.030611180565695298,-0.3612,0.8398,0.2506
12.70400047302246,12.70400047302246,77190000,20161104,TSLA,12.494667053222656,12.70400047302246,1,0.16156248135251844,0.12001820475122166,0.16861102389778682,0.10872103724059487,0.033494724441101346,0.12571693382442908,0.20163122469466413,0.08024436979768332,-0.3612,0.775,0.26281666666666664
12.880666732788086,12.880666732788086,58051500,20161107,TSLA,12.70400047302246,12.880666732788086,1,0.0312500008691543,0.2812461155722284,0.0312500008107706,0.0312500007258318,0.0312500009171645,0.5312538796040319,0.0312500007816784,0.0312500007191399,0.8266,0.8266,0.8266
12.26200008392334,12.26200008392334,51516000,20161116,TSLA,12.251333236694336,12.26200008392334,1,0.26954607142252357,0.03833953846424758,0.11047207780416216,0.0783133277890222,0.038340364648938405,0.23833398973514558,0.18831839419341218,0.03833623594254812,0.4404,0.6096,0.5219400000000001
12.577333450317385,12.577333450317385,73306500,20161117,TSLA,12.26200008392334,12.577333450317385,1,0.2660886225795085,0.0250320823710715,0.0250000010815483,0.3814566943362267,0.0250000012264876,0.0250000010148871,0.0250000010431989,0.2274225963470711,0.7088,0.7088,0.7088
12.334667205810549,12.334667205810549,78154500,20161118,TSLA,12.577333450317385,12.334667205810549,0,0.0416829342462317,0.0416666668122101,0.0416666668434131,0.0416666668241835,0.0416770998790123,0.041666879099671,0.7083024714290824,0.0416706148661954,0.0,0.0,0.0
12.744667053222656,12.744667053222656,84051000,20161122,TSLA,12.3013334274292,12.744667053222656,1,0.03336503238197585,0.033333334101893,0.033350499405920345,0.23333858895013296,0.13334140369987785,0.0333333342066798,0.4665580271203038,0.03337978013321605,-0.1189,0.4588,0.16995
12.125332832336426,12.125332832336426,76896000,20161201,TSLA,12.626667022705078,12.125332832336426,0,0.6329637865670319,0.020833334188351,0.241962295654804,0.0208371277228357,0.0208723462653272,0.0208558122115512,0.0208382698534199,0.0208370275366788,0.0,0.0,0.0
13.896666526794434,13.896666526794434,46666500,20161222,TSLA,13.846667289733888,13.896666526794434,1,0.30925504169484436,0.012966418276576666,0.6129260822293713,0.012965293742597465,0.0129630222224633,0.012962963264623366,0.012997852164320466,0.012963326405202799,0.4404,0.6808,0.6006666666666667
14.22266674041748,14.22266674041748,70057500,20161223,TSLA,13.896666526794434,14.22266674041748,1,0.3013342569438903,0.022574554097920033,0.2511245804282355,0.022569996431928533,0.022572843520672865,0.1090435429436179,0.2482107343206641,0.022569491313070535,-0.1531,0.6369,0.3654
15.116666793823242,15.116666793823242,88675500,20170105,TSLA,15.13266658782959,15.116666793823242,0,0.0138888892356769,0.0138888891563476,0.0138946946297266,0.0138888891792012,0.0138926313530307,0.7887834042129298,0.1278708605662352,0.0138917416668519,-0.34,-0.34,-0.34
15.324666976928713,15.324666976928713,54900000,20170110,TSLA,15.41866683959961,15.324666976928713,0,0.0312500007142168,0.0312500005537624,0.7811790937450255,0.0312643200860723,0.0312500007554141,0.0312691318129298,0.0312874517381416,0.0312500005944371,0.0,0.0,0.0
15.315333366394045,15.315333366394045,54762000,20170111,TSLA,15.324666976928713,15.315333366394045,0,0.0125057776934371,0.2530939236029049,0.0125225860883708,0.0125079673602365,0.0125000003558882,0.0125122956982055,0.6718516623617289,0.0125057868392277,0.7269,0.7269,0.7269
15.305999755859377,15.305999755859377,56853000,20170112,TSLA,15.315333366394045,15.305999755859377,0,0.22585402111647762,0.02514470170627936,0.19517885982193284,0.07179344245103848,0.09182414375597334,0.025140343574556724,0.3399179184827464,0.02514656909099494,0.0,0.9246,0.44084
16.250667572021484,16.250667572021484,115984500,20170119,TSLA,15.890666961669922,16.250667572021484,1,0.26529698498943655,0.030256041707662724,0.31807179943736724,0.060747372826634116,0.03025495409566062,0.07024794665259468,0.11488501864835254,0.1102398816422913,-0.0772,0.6124,0.3358
16.594667434692383,16.594667434692383,93943500,20170123,TSLA,16.315332412719727,16.594667434692383,1,0.0250243091639023,0.0250003839982101,0.824905744627488,0.0250079474771366,0.0250000004148422,0.025000000344324,0.0250591233268175,0.025002490647279,0.7351,0.7351,0.7351
16.974000930786133,16.974000930786133,74482500,20170124,TSLA,16.594667434692383,16.974000930786133,1,0.14027819423724422,0.16479413508576068,0.029170472877113718,0.37914187503569147,0.02916990618742935,0.11249899465303682,0.07964008073593991,0.06530634118778349,0.4019,0.8705,0.6427166666666667
16.96466636657715,16.96466636657715,77139000,20170125,TSLA,16.974000930786133,16.96466636657715,0,0.13851155667701714,0.08441605833418829,0.026676010558760743,0.06666817188290905,0.20543911615686034,0.0822992660064055,0.09272786625906583,0.30326195412479284,-0.4215,0.7184,0.26248
16.863332748413086,16.863332748413086,47494500,20170127,TSLA,16.833999633789062,16.863332748413086,1,0.26437316925209864,0.08593549779085319,0.4684097730870346,0.023438850058855598,0.0234375023106193,0.02343960810383045,0.0875280975872631,0.02343750180944485,0.3612,0.891,0.6261
16.708667755126953,16.708667755126953,57016500,20170130,TSLA,16.863332748413086,16.708667755126953,0,0.08309659250050697,0.021696718952906417,0.09554421479945284,0.11444724602492551,0.061667228270455565,0.1102203014025808,0.021669076885100218,0.4916586211640713,0.2023,0.9661,0.55176
16.795333862304688,16.795333862304688,61741500,20170131,TSLA,16.708667755126953,16.795333862304688,1,0.0312582678400346,0.0312869273549561,0.0312720531710578,0.0312500007991948,0.0312500010037458,0.0312748284084254,0.0312500008559147,0.7811579205666703,-0.4019,-0.4019,-0.4019
17.165332794189453,17.165332794189453,63672000,20170207,TSLA,17.184667587280273,17.165332794189453,0,0.4679972347950267,0.023678442689552624,0.2736627658876855,0.04828558010246879,0.02367613457817219,0.0236764521894516,0.023676980164630285,0.11534640959301193,-0.296,0.6705,0.1199125
17.472000122070312,17.472000122070312,58995000,20170208,TSLA,17.165332794189453,17.472000122070312,1,0.27603883902609655,0.1093691788676525,0.02604631246332345,0.15103992545672934,0.0260512143413102,0.0260416675870112,0.02604166761244735,0.35937119464542927,0.0,0.0,0.0
17.948667526245117,17.948667526245117,54295500,20170210,TSLA,17.946666717529297,17.948667526245117,1,0.017403655077603303,0.01739566751341365,0.21444158111708725,0.017369168690836302,0.0173697643913172,0.681290856540278,0.01736640938708465,0.0173628972823796,0.0,0.3182,0.1591
18.65066719055176,18.65066719055176,74218500,20170215,TSLA,18.73200035095215,18.65066719055176,0,0.0871689387845094,0.028908782392791377,0.1735518723634403,0.1934581116817598,0.0727005699721118,0.36200714827600733,0.053295516745243604,0.02890905978413595,0.3595,0.765,0.599575
17.93000030517578,17.93000030517578,106159500,20170216,TSLA,18.65066719055176,17.93000030517578,0,0.0265151522372042,0.026515152075271498,0.026515152190442752,0.19318271033504164,0.08899328814633856,0.3731297840638258,0.23863360883775658,0.026515152114118597,0.0,0.8734,0.4367
18.148666381835938,18.148666381835938,93856500,20170217,TSLA,17.93000030517578,18.148666381835938,1,0.5310770766641364,0.031250550239987,0.0312679819040933,0.0312613737518907,0.0313603140590075,0.0312500015703838,0.2812481663984291,0.031284535412072,0.0644,0.0644,0.0644
17.06599998474121,17.06599998474121,223728000,20170223,TSLA,18.233999252319336,17.06599998474121,0,0.5867298323326751,0.0250000003116637,0.025055583489524,0.0250154064097173,0.0250000004271989,0.0250084492196225,0.2631860612468255,0.0250046665627727,0.5719,0.5719,0.5719
17.133333206176758,17.133333206176758,122574000,20170224,TSLA,17.06599998474121,17.133333206176758,1,0.2134258230513414,0.10411898159050306,0.023958333721618326,0.12047217350494452,0.0239583337733151,0.023971113792385673,0.31781228922565796,0.17228295134023355,0.3182,0.6808,0.4394
16.666000366210938,16.666000366210938,91171500,20170228,TSLA,16.415332794189453,16.666000366210938,1,0.0313063944983685,0.0312500016777615,0.0312500020329455,0.5311825740606463,0.0312500022995798,0.2812552281770268,0.0312557954602626,0.0312500017934086,-0.4023,-0.4023,-0.4023
16.246000289916992,16.246000289916992,45994500,20170310,TSLA,16.32666778564453,16.246000289916992,0,0.01772922802856676,0.01771329601788702,0.2635488335389561,0.3673502021718581,0.1123104270818747,0.01771043783071908,0.01772493804556422,0.18591263728457372,0.0,0.4588,0.22640000000000002
17.200000762939453,17.200000762939453,113976000,20170314,TSLA,16.411333084106445,17.200000762939453,1,0.031255616061817,0.0312500007740811,0.0312772806892858,0.0312951008463595,0.0313157441505694,0.031250000877873,0.0312500009049652,0.7811062556950488,0.0,0.0,0.0
17.000667572021484,17.000667572021484,60889500,20170322,TSLA,16.711999893188477,17.000667572021484,1,0.0312533237840816,0.03128090723830135,0.03125000071615405,0.3271384945629692,0.0312673382959313,0.4852164885808086,0.03133078181491465,0.031262665006839,-0.296,0.0,-0.148
16.985332489013672,16.985332489013672,49803000,20170323,TSLA,17.000667572021484,16.985332489013672,0,0.041908098101326,0.0416666676881211,0.0416813060150407,0.0416666672649063,0.0417113753462767,0.0416666672937052,0.7080325510298098,0.0416666672608142,0.3612,0.3612,0.3612
17.54400062561035,17.54400062561035,84709500,20170324,TSLA,16.985332489013672,17.54400062561035,1,0.31269747836651346,0.03956888940249667,0.2033980216588828,0.10758591914241204,0.1096947834559854,0.09979089643367589,0.08557920858571835,0.041684802954315016,-0.8316,0.7184,0.12382727272727272
18.49666786193848,18.49666786193848,119814000,20170328,TSLA,18.014667510986328,18.49666786193848,1,0.26874812631338457,0.028783029532612203,0.09541146289383173,0.028750000836312,0.06210210986289266,0.24208337416466943,0.0946188140241351,0.179503082372162,-0.5267,0.4588,-0.013579999999999991
18.492000579833984,18.492000579833984,55143000,20170329,TSLA,18.49666786193848,18.492000579833984,0,0.09597382500392425,0.02458824193075725,0.6316751140247215,0.02455357213092825,0.024575835499124753,0.024585852502422748,0.14948298725347844,0.0245645716546424,0.0,0.0,0.0
18.527999877929688,18.527999877929688,62226000,20170330,TSLA,18.492000579833984,18.527999877929688,1,0.023168548648537433,0.023148148713918165,0.13423291862595546,0.02317426600580633,0.023182254826900034,0.635241543471979,0.11469911732960614,0.023153202377297167,0.0,0.5697,0.37979999999999997
18.553333282470703,18.553333282470703,49419000,20170331,TSLA,18.527999877929688,18.553333282470703,1,0.041179943694503826,0.020760684525296086,0.21538392600455647,0.020755386019739485,0.20812756541721517,0.19417421512227323,0.20743464610558607,0.09218363311082937,0.0,0.8172,0.4139428571428571
19.90133285522461,19.90133285522461,208329000,20170403,TSLA,18.553333282470703,19.90133285522461,1,0.04761904848007137,0.047629739468295795,0.04761995393370919,0.047619048341895266,0.047670903607573506,0.3809067309715952,0.04761904840215777,0.3333155267947015,0.0,0.0,0.0
20.16933250427246,20.16933250427246,68694000,20170407,TSLA,19.913333892822266,20.16933250427246,1,0.029554273458551134,0.029518372356826198,0.4480610091390269,0.029521352881910736,0.1715466690351216,0.16820485965178908,0.09405279741172412,0.029540666065049834,0.0,0.6486,0.21619999999999998
19.78933334350586,19.78933334350586,90760500,20170412,TSLA,20.58066749572754,19.78933334350586,0,0.030556728967279703,0.14171759583725724,0.29722183249930034,0.14166978525027377,0.030555556683040067,0.0305555564860067,0.030556344628962433,0.2971665996478793,0.0,0.5859,0.32926666666666665
20.26666641235352,20.26666641235352,139269000,20170413,TSLA,19.78933334350586,20.26666641235352,1,0.4615973307133911,0.0178779327958917,0.0178905342014101,0.4311159338189635,0.0178667530978773,0.0178672572010195,0.0179096174943475,0.0178746406770991,0.4767,0.4767,0.4767
20.01666641235352,20.01666641235352,45535500,20170418,TSLA,20.09600067138672,20.01666641235352,0,0.0250040540868909,0.0250026759944573,0.4930430089395776,0.0250000006498824,0.0250000008215477,0.0250000006805161,0.3569502581835467,0.0250000006435811,0.1779,0.1779,0.1779
20.53533363342285,20.53533363342285,76252500,20170424,TSLA,20.37333297729492,20.53533363342285,1,0.2812532864295099,0.0312763899091739,0.0312500014630523,0.0312683769269364,0.5312019412009593,0.0312500013679037,0.0312500014096714,0.0312500012927928,0.9638,0.9638,0.9638
21.52199935913086,21.52199935913086,132444000,20170501,TSLA,20.9379997253418,21.52199935913086,1,0.022325522847669765,0.02233267924113297,0.4627443414920051,0.02233347835433543,0.17088210235105308,0.2071140340862018,0.06993728458943467,0.02233055703816683,-0.34,0.34,0.0172
20.55666732788086,20.55666732788086,122659500,20170505,TSLA,19.69733238220215,20.55666732788086,1,0.06250000120643398,0.1874781889618061,0.0625000011302944,0.0625000010132374,0.06250000128156033,0.06250000106433437,0.1874999969808092,0.3125218083615239,0.0,0.3818,0.265275
21.417333602905277,21.417333602905277,145147500,20170509,TSLA,20.47933387756348,21.417333602905277,1,0.0250384494237682,0.0250205034471055,0.5714109400282741,0.025000001055466,0.0250033849160164,0.2785267189503139,0.0250000011362244,0.0250000010428313,-0.5994,-0.5994,-0.5994
21.68133354187012,21.68133354187012,86124000,20170510,TSLA,21.417333602905277,21.68133354187012,1,0.02801315179751115,0.090490162104581,0.02800969955723504,0.4413101508908529,0.18491947199597553,0.0914112380254693,0.028036940540295676,0.1078091850880791,-0.5574,0.6249,0.086975
21.540000915527344,21.540000915527344,71307000,20170511,TSLA,21.68133354187012,21.540000915527344,0,0.1875000709019098,0.6874950836622811,0.0208333338817099,0.0208333338258219,0.0208339026877754,0.0208333338494109,0.0208333338681805,0.0208376073229103,0.1779,0.1779,0.1779
21.65399932861328,21.65399932861328,61824000,20170512,TSLA,21.540000915527344,21.65399932861328,1,0.2594390073919145,0.16865535913971746,0.0877187568869477,0.05199783597346391,0.1620916851615682,0.02701381933024007,0.126091244166377,0.11699229194977094,-0.4215,0.0,-0.10579000000000001
20.40733337402344,20.40733337402344,100678500,20170517,TSLA,21.13400077819824,20.40733337402344,0,0.3603270803967167,0.0250053993432226,0.0250000009486053,0.0250076783808542,0.0250036129097528,0.0250457237364582,0.0250256985578317,0.4895848057265579,0.0,0.0,0.0
20.722000122070312,20.722000122070312,70314000,20170519,TSLA,20.87066650390625,20.722000122070312,0,0.0996642570304118,0.12811580751458818,0.12815873183101079,0.1440733665253188,0.247820077259382,0.028141612828690425,0.1958827149017653,0.0281434321088324,0.0116,0.6652,0.285025
20.690000534057617,20.690000534057617,64938000,20170522,TSLA,20.722000122070312,20.690000534057617,0,0.1074702086700077,0.12832919694104236,0.2717196790711604,0.09742526850666078,0.04636738528138563,0.11738661444231727,0.15266427186842857,0.07863737521899704,-0.3291,0.8151,0.3275611111111111
20.257333755493164,20.257333755493164,64776000,20170523,TSLA,20.690000534057617,20.257333755493164,0,0.12576559642665314,0.3610209428125732,0.138888714110794,0.1433590478819763,0.0277853153220021,0.02780589139440585,0.0277975944844162,0.1475768975671789,-0.296,0.8439,0.27395
20.68133354187012,20.68133354187012,75499500,20170524,TSLA,20.257333755493164,20.68133354187012,1,0.6030317511076556,0.028125000166812,0.12817450085661763,0.028125000181135347,0.1281379642358915,0.0281250001898155,0.028155783082251203,0.0281250001798208,0.3182,0.5994,0.4588
21.121999740600582,21.121999740600582,75210000,20170525,TSLA,20.68133354187012,21.121999740600582,1,0.35313160762461004,0.019897347063398567,0.0198485006881322,0.0198647948278631,0.16054444163175693,0.38701261249805724,0.019847648706644433,0.0198530469595372,0.3612,0.4939,0.4054333333333333
21.676000595092773,21.676000595092773,117033000,20170526,TSLA,21.121999740600582,21.676000595092773,1,0.031250001051977,0.0312500008110235,0.0312500009848807,0.0313257007648962,0.0312500011156769,0.0312671315933597,0.7811571628046797,0.0312500008735059,0.34,0.34,0.34
22.733999252319336,22.733999252319336,149451000,20170531,TSLA,22.34000015258789,22.733999252319336,1,0.04948176593587503,0.1328094166445996,0.04948267887446115,0.2994602286988546,0.049509977989020126,0.049484366493953325,0.32028561258397725,0.04948595277925868,-0.1531,0.0,-0.038275
22.691333770751957,22.691333770751957,114120000,20170601,TSLA,22.733999252319336,22.691333770751957,0,0.2968395433269931,0.20708836681635862,0.08833874140541279,0.2377030061969188,0.02166753896446934,0.0216732451253909,0.10498219204966297,0.02170736611479328,-0.3412,0.5859,0.17644
23.15466690063477,23.15466690063477,101766000,20170605,TSLA,22.656667709350582,23.15466690063477,1,0.08248392919707619,0.03491074685923693,0.034868480327048874,0.35431734525433367,0.08248432408174433,0.15074280896321593,0.03487795867406009,0.2253144066432836,-0.5267,0.0772,-0.06561428571428571
23.523332595825195,23.523332595825195,166302000,20170606,TSLA,23.15466690063477,23.523332595825195,1,0.2556986262986703,0.03266256211080453,0.0326566160949737,0.14370577365868606,0.03266112640418983,0.03265238215374063,0.17069148774554402,0.2992714255333904,0.0,0.5719,0.19063333333333332
23.976667404174805,23.976667404174805,140970000,20170607,TSLA,23.523332595825195,23.976667404174805,1,0.44275259665425076,0.08777250549960544,0.07648253100600463,0.03568812030824563,0.06692739774037143,0.11065467586716737,0.1440168870374271,0.03570528588692735,-0.8074,0.7269,0.058687500000000004
24.666667938232425,24.666667938232425,135922500,20170608,TSLA,23.976667404174805,24.666667938232425,1,0.07303635466690106,0.0451264397566152,0.2902338447366935,0.08477468334875872,0.07500393872949179,0.2640863960425721,0.11465511544971159,0.05308322726925576,-0.1027,0.7717,0.25904375
23.821332931518555,23.821332931518555,258921000,20170609,TSLA,24.666667938232425,23.821332931518555,0,0.14419275161100734,0.13402243166280542,0.1873960486009071,0.15178566944020358,0.05582516142290046,0.13563323080152978,0.05368323064028313,0.1374614758203629,-0.8126,0.8622,-0.006579999999999986
25.06333351135254,25.06333351135254,177118500,20170613,TSLA,23.93400001525879,25.06333351135254,1,0.17345011731101836,0.25846711636234787,0.12419818112340042,0.0242002672928772,0.24993098179489137,0.024206547740420997,0.12133556438058654,0.02421122399445686,0.25,0.705,0.56924
25.37733268737793,25.37733268737793,192276000,20170614,TSLA,25.06333351135254,25.37733268737793,1,0.0193452390177674,0.0193778049518032,0.019345238958111702,0.4599099782872743,0.4239712704378189,0.0193504683504503,0.0193452389284169,0.019354761068357,0.4767,0.4767,0.4767
24.76000022888184,24.76000022888184,100965000,20170616,TSLA,25.022666931152344,24.76000022888184,0,0.06207214054356302,0.020402356300310925,0.020423998696482974,0.02040557913594185,0.02040178326927515,0.513594617533002,0.20790911312265878,0.1347904113987652,-0.1027,0.6908,0.404725
24.65333366394043,24.65333366394043,98239500,20170619,TSLA,24.76000022888184,24.65333366394043,0,0.6248956014869103,0.2249902418452883,0.0250306265309519,0.0250000007118402,0.0250000009029777,0.0250018079215402,0.0250747784409002,0.0250069421595909,-0.296,-0.296,-0.296
24.81599998474121,24.81599998474121,111580500,20170620,TSLA,24.65333366394043,24.81599998474121,1,0.11642527015725858,0.02292275040710065,0.27205094152887754,0.2509334314644148,0.022916755568875374,0.022916718252901,0.08542033413498008,0.20641379848559155,-0.3535,0.6258,0.0981
25.09333229064941,25.09333229064941,73848000,20170621,TSLA,24.81599998474121,25.09333229064941,1,0.596566289129157,0.01352498268237685,0.14078248791346554,0.013505453844393799,0.013516541286175101,0.013508004060919399,0.01353159672802685,0.19506464435548515,-0.5267,0.0531,-0.23679999999999998
25.507333755493164,25.507333755493164,112947000,20170622,TSLA,25.09333229064941,25.507333755493164,1,0.0312834562211688,0.031250572247379496,0.03125000110093265,0.03125000098321075,0.4478644271080302,0.1979264107559559,0.0312555697024176,0.1979195618809042,-0.4125,0.6474,0.11745
25.56333351135254,25.56333351135254,96687000,20170623,TSLA,25.507333755493164,25.56333351135254,1,0.05312243568533327,0.15034552115320368,0.0253604721308338,0.025349574444514848,0.15716025170411568,0.30047622995633405,0.21284057126951883,0.0753449436561455,0.0,0.7644,0.43385
25.166000366210938,25.166000366210938,99061500,20170626,TSLA,25.56333351135254,25.166000366210938,0,0.06861648018921375,0.01562879299750135,0.1152659041461322,0.0156268187416482,0.5712743851286121,0.015645375930653252,0.015625852648940848,0.18231639021729795,-0.4215,0.5187,0.04860000000000003
24.74933242797852,24.74933242797852,94537500,20170628,TSLA,24.15800094604492,24.74933242797852,1,0.46872714238905894,0.21871872346695334,0.05208333363202795,0.05209301353520546,0.052083333670881596,0.05211723479711875,0.05208333362099185,0.05209388488776155,-0.5423,0.0,-0.27115
24.049999237060547,24.049999237060547,123315000,20170629,TSLA,24.74933242797852,24.049999237060547,0,0.0416960986736214,0.0416666675130624,0.0416666676978861,0.708087250542182,0.0416666678305209,0.0416666676293985,0.0416666676583529,0.0418833124549754,0.0,0.0,0.0
24.107332229614254,24.107332229614254,87727500,20170630,TSLA,24.049999237060547,24.107332229614254,1,0.0208333339293839,0.0208333337902495,0.6874112124698716,0.0208333338294976,0.0208467293114624,0.0209032806311413,0.1875010382036428,0.0208377378347508,0.0,0.0,0.0
23.507999420166016,23.507999420166016,94581000,20170703,TSLA,24.107332229614254,23.507999420166016,0,0.4390402992410266,0.01677472530920308,0.16433352024601927,0.15370087469127938,0.01677350638108412,0.01676874729673296,0.056714932294984186,0.13589339453967011,0.0,0.4574,0.3343
21.80599975585937,21.80599975585937,255700500,20170705,TSLA,23.507999420166016,21.80599975585937,0,0.0250345318926949,0.0250059922099734,0.0250056089199325,0.0250427766004766,0.0250175001698793,0.5725783584859055,0.2773152313602414,0.0250000003608961,0.8658,0.8658,0.8658
20.588666915893555,20.588666915893555,289867500,20170706,TSLA,21.80599975585937,20.588666915893555,0,0.020317086225838547,0.42031103002399334,0.020312500359927703,0.2505278801272516,0.02031477830056045,0.22757576020632114,0.0203257970416793,0.02031516771442755,0.4939,0.7639,0.6289
20.881332397460938,20.881332397460938,212653500,20170707,TSLA,20.588666915893555,20.881332397460938,1,0.3509098653922839,0.0179351542148009,0.0179009019705027,0.2453191819126762,0.0178571436117221,0.0178571434804109,0.3143634659701811,0.0178571434474221,0.0,0.0,0.0
21.814666748046875,21.814666748046875,173391000,20170711,TSLA,21.06999969482422,21.814666748046875,1,0.19266970011007267,0.05278116823559762,0.22399422829955512,0.18610451000781456,0.11944357100252061,0.05277777832106194,0.0527820433668024,0.11944700065657483,0.0,0.9194,0.41459999999999997
21.968000411987305,21.968000411987305,155191500,20170712,TSLA,21.814666748046875,21.968000411987305,1,0.7812480484896216,0.0312500002028805,0.0312500002462491,0.0312500002733328,0.0312500002786146,0.0312500002306046,0.0312519500606176,0.0312500002180789,0.2716,0.2716,0.2716
21.560667037963867,21.560667037963867,128917500,20170713,TSLA,21.968000411987305,21.560667037963867,0,0.021232686234630597,0.021232766500937864,0.021251069030011435,0.021230813277880862,0.021251753567633664,0.5362936645532401,0.13629540989079653,0.22121183694486868,0.0,0.3182,0.1815
21.85199928283692,21.85199928283692,84378000,20170714,TSLA,21.560667037963867,21.85199928283692,1,0.06630863694110556,0.30437439289650936,0.03773884022342018,0.03774750547193264,0.11114251690281263,0.3671943625884321,0.03773809543381092,0.037755649541976286,0.0,0.6486,0.38899999999999996
21.30466651916504,21.30466651916504,148153500,20170717,TSLA,21.85199928283692,21.30466651916504,0,0.0203527406106655,0.10351256333937606,0.08643818765240405,0.020367380208962803,0.0203271214289839,0.0203204233782461,0.0203409926627016,0.7083405907186597,-0.539,-0.3919,-0.46545000000000003
21.68400001525879,21.68400001525879,95355000,20170719,TSLA,21.882667541503903,21.68400001525879,0,0.2249985981118738,0.0250000002647153,0.0250009990065383,0.0250000002879633,0.4103705646588478,0.2396298370750224,0.0250000003099243,0.0250000002851145,0.1655,0.1655,0.1655
21.994667053222656,21.994667053222656,77493000,20170720,TSLA,21.68400001525879,21.994667053222656,1,0.509430394797692,0.06978152623170293,0.07864899503464481,0.025342445957825102,0.0563568280135766,0.025358246778256988,0.15322786026972102,0.0818537029165801,-0.5719,0.7925,0.34147777777777777
21.893333435058597,21.893333435058597,73524000,20170721,TSLA,21.994667053222656,21.893333435058597,0,0.1562621659034492,0.19011153838428835,0.15731726879712415,0.2635093948377276,0.022952126268150474,0.022943681346005974,0.16394663558990827,0.022957188873345573,0.3612,0.6249,0.508675
22.63999938964844,22.63999938964844,104838000,20170725,TSLA,22.834667205810547,22.63999938964844,0,0.02869978040769125,0.06302952610209808,0.05349109823999989,0.1203866782223222,0.1619933956924394,0.028679389081443202,0.4039316410409253,0.13978849121308035,0.0,0.7469,0.32156666666666667
22.92333221435547,22.92333221435547,72312000,20170726,TSLA,22.63999938964844,22.92333221435547,1,0.0312715437955577,0.0312603521241785,0.5312492251820976,0.0312500004603839,0.0312500005821208,0.0312500004829204,0.0312500004967224,0.2812188768760185,-0.3182,-0.3182,-0.3182
22.33799934387207,22.33799934387207,73206000,20170728,TSLA,22.297332763671875,22.33799934387207,1,0.2536346918713772,0.03145110161181415,0.19334484190565182,0.0314591095190215,0.09812492597442951,0.2814639468107335,0.031454207428859765,0.07906717487811217,-0.296,0.0,-0.04933333333333333
21.564666748046875,21.564666748046875,128026500,20170731,TSLA,22.33799934387207,21.564666748046875,0,0.25311355928664514,0.028138093824665547,0.028149012563485502,0.02812500156864255,0.1281275139789791,0.1281332254598178,0.250010603442391,0.156202989875373,0.3818,0.8885,0.63515
21.72599983215332,21.72599983215332,196372500,20170802,TSLA,21.30466651916504,21.72599983215332,1,0.32811582778223153,0.028130892109407703,0.4031153148810027,0.12812291353428765,0.0281250007411728,0.0281331441537995,0.02812950429864345,0.02812740249945445,0.2714,0.7964,0.5339
23.139333724975582,23.139333724975582,203025000,20170803,TSLA,21.72599983215332,23.139333724975582,1,0.0250000005140204,0.0250000003964437,0.025000000482327,0.2249961369058234,0.025000000546112,0.6250038602647583,0.0250000004644163,0.0250000004260986,0.0,0.0,0.0
23.69333267211914,23.69333267211914,106393500,20170810,TSLA,24.235332489013672,23.69333267211914,0,0.0250179894324322,0.0250000003515827,0.5042268339132538,0.0250098009818217,0.0250155787394101,0.0250010644581657,0.3457098327391587,0.0250188993841748,0.0,0.0,0.0
23.857999801635746,23.857999801635746,65487000,20170811,TSLA,23.69333267211914,23.857999801635746,1,0.2411126619979743,0.1746442724626223,0.04600780224846297,0.04600097695425917,0.08446136251521189,0.046004177412005784,0.21324794213271667,0.14852080427674663,-0.6908,0.8625,0.22703076923076923
24.253332138061523,24.253332138061523,67788000,20170814,TSLA,23.857999801635746,24.253332138061523,1,0.07624598843933145,0.19136726255971215,0.11591525592655873,0.19579251004890846,0.024481715567250477,0.23698536695585673,0.13473177438019235,0.0244801261221894,0.4019,0.8793,0.675375
23.16399955749512,23.16399955749512,81123000,20170818,TSLA,23.461332321166992,23.16399955749512,0,0.0178694403657982,0.0178744148098257,0.0178676942747973,0.0178711001556782,0.7281236078039331,0.0178774121923991,0.1646455080459438,0.0178708223516243,-0.7364,-0.7364,-0.7364
22.52400016784668,22.52400016784668,97431000,20170821,TSLA,23.16399955749512,22.52400016784668,0,0.151042953896639,0.026041667156830497,0.026041667262963503,0.3593146793224612,0.026076594182061,0.35938917449099056,0.026041667241322154,0.026051596446731648,0.0,0.6239,0.31195
22.75666618347168,22.75666618347168,64830000,20170822,TSLA,22.52400016784668,22.75666618347168,1,0.12152780480970926,0.14930570639218527,0.03820373103379997,0.0382479976125387,0.038275744959599005,0.03819444543520523,0.31591848956442403,0.26032608019253817,-0.0258,0.4019,0.12536666666666665
23.51799964904785,23.51799964904785,74317500,20170823,TSLA,22.75666618347168,23.51799964904785,1,0.26041387427726487,0.26042396524741235,0.03820785724350343,0.2881445712315724,0.03819993508498717,0.038220905476469065,0.038194445775881034,0.03819444566290937,0.0,0.2263,0.1181
23.203332901000977,23.203332901000977,52260000,20170825,TSLA,23.52866744995117,23.203332901000977,0,0.08011168404777953,0.13521161805275064,0.5820815315417794,0.022975661951087828,0.022978685590410042,0.05154899528141011,0.051527480127176416,0.05356434340760554,-0.7083,0.4019,-0.039142857142857146
23.04400062561035,23.04400062561035,56460000,20170828,TSLA,23.203332901000977,23.04400062561035,0,0.3222959909131451,0.09857096132674983,0.08627507842594022,0.11813977811764173,0.039506765706982735,0.18125832122715607,0.12982902781439185,0.024124076467992188,-0.4341,0.8472,0.1495923076923077
23.15733337402344,23.15733337402344,61105500,20170829,TSLA,23.04400062561035,23.15733337402344,1,0.0313251432860799,0.0312571858164102,0.0312500006509203,0.031258299316184,0.0312500007397729,0.7811593689844818,0.031250000628604,0.0312500005775465,0.25,0.25,0.25
23.545333862304688,23.545333862304688,51193500,20170830,TSLA,23.15733337402344,23.545333862304688,1,0.052083336696835195,0.05208333594080255,0.0521359078602384,0.4687524377339536,0.05208333690214245,0.21868827884055209,0.052090029891648,0.0520833361338274,0.3023,0.5356,0.41895
23.726667404174805,23.726667404174805,61092000,20170831,TSLA,23.545333862304688,23.726667404174805,1,0.08199901599777475,0.1292402321367315,0.13400337726722156,0.022112275304875938,0.39188324067539504,0.07566349440685105,0.02212719214089391,0.14297117207025584,-0.296,0.7876,0.10066249999999999
24.415332794189453,24.415332794189453,62778000,20170913,TSLA,24.183332443237305,24.415332794189453,1,0.5331877893594127,0.257128134512142,0.0139105916627776,0.0139086166821357,0.1401693302138509,0.0139088536975388,0.0138964604299902,0.0138902234421518,0.2263,0.2263,0.2263
25.176000595092773,25.176000595092773,108037500,20170914,TSLA,24.415332794189453,25.176000595092773,1,0.01818848228621195,0.01818181886884195,0.7425853945233557,0.14822491759367104,0.01821416750069335,0.0181884728526593,0.0181850778640253,0.01823166851054125,0.1531,0.6249,0.389
24.92733383178711,24.92733383178711,73786500,20170920,TSLA,25.00666618347168,24.92733383178711,0,0.2812565444307664,0.0312785042493669,0.0312500023992899,0.0312500021480923,0.2812419641052334,0.0312500022560876,0.0312500023139477,0.2812229780972154,0.6697,0.6697,0.6697
22.99933242797852,22.99933242797852,114088500,20170925,TSLA,23.4060001373291,22.99933242797852,0,0.6728425969729444,0.022928022887293002,0.022919421770961748,0.022916668108783497,0.022925018100571348,0.18957981538088164,0.02296303615596145,0.02292542062260265,0.0,0.3182,0.1591
23.01666641235352,23.01666641235352,107344500,20170926,TSLA,22.99933242797852,23.01666641235352,1,0.07916234868358933,0.023611111761557932,0.02362313002933693,0.023614543186998235,0.023612762259765333,0.5124953141534143,0.02361956355090053,0.2902612263744371,0.0,0.6486,0.43239999999999995
22.731332778930664,22.731332778930664,90904500,20170927,TSLA,23.01666641235352,22.731332778930664,0,0.3204794526794705,0.1531186895863571,0.15302415473674275,0.02816867364738375,0.0281347644600221,0.1357851814576746,0.15312785216596483,0.028161231266384,0.0,0.2263,0.11315
22.739999771118164,22.739999771118164,76606500,20170929,TSLA,22.63999938964844,22.739999771118164,1,0.04630622736307918,0.02098363212309611,0.06462969709368376,0.15808382086654837,0.16014275942133283,0.4189917347808599,0.10987296398061612,0.020989164370783513,0.0,0.9455,0.10505555555555555
22.768667221069336,22.768667221069336,79302000,20171002,TSLA,22.739999771118164,22.768667221069336,1,0.0208333346770848,0.1874622696904739,0.0208333345803899,0.6874598694616068,0.0208710993697761,0.020856802856982,0.0208333345542625,0.0208499548094236,0.6588,0.6588,0.6588
23.667333602905277,23.667333602905277,122452500,20171004,TSLA,23.209333419799805,23.667333602905277,1,0.020833333722839,0.0208333336336995,0.0208333345319357,0.0208369002062792,0.6390384028212706,0.02086488432951,0.235926477098075,0.0208333336563907,0.0,0.0,0.0
23.68866729736328,23.68866729736328,62575500,20171005,TSLA,23.667333602905277,23.68866729736328,1,0.1310767680598613,0.05742211958601166,0.16405025873880918,0.1798744969040009,0.031076345774851737,0.23085746563452317,0.13109161251849516,0.07455093278344657,0.1505,0.9313,0.6925600000000001
23.79199981689453,23.79199981689453,64462500,20171006,TSLA,23.68866729736328,23.79199981689453,1,0.1065564957572528,0.07029770832804166,0.06661490339208614,0.48133993517026885,0.0801618612679662,0.055868747677910134,0.08140863503704567,0.057751713369428234,-0.7152,0.6369,-0.01345384615384615
22.86266708374023,22.86266708374023,112405500,20171009,TSLA,23.79199981689453,22.86266708374023,0,0.2811733017631012,0.031250000452839,0.0313132927812363,0.0312500004911696,0.0312500006206596,0.5312509129463847,0.0312624904583827,0.0312500004862267,0.0,0.0,0.0
23.63999938964844,23.63999938964844,67512000,20171011,TSLA,23.70599937438965,23.63999938964844,0,0.0250000005187998,0.0250000003875642,0.3012290278084542,0.0250000004209965,0.0250200020943789,0.2249797341465098,0.0250000004547212,0.3487712341685751,-0.3566,-0.3566,-0.3566
23.71199989318848,23.71199989318848,61305000,20171012,TSLA,23.63999938964844,23.71199989318848,1,0.22512746094502345,0.033367702342259664,0.29082241265317865,0.09681312414315851,0.047254697165438016,0.07789533621666282,0.1145378396246195,0.11418142690965907,0.0,0.8126,0.3728625
23.37333297729492,23.37333297729492,80632500,20171016,TSLA,23.704666137695312,23.37333297729492,0,0.7081037778325664,0.0416666680494267,0.041728449496466,0.0416666681676347,0.0416666685636244,0.0418259289607599,0.0416751707794315,0.0416666681500901,0.5106,0.5106,0.5106
23.976667404174805,23.976667404174805,74086500,20171018,TSLA,23.71666717529297,23.976667404174805,1,0.2812561235555396,0.2812468751728225,0.2812469900184382,0.0312500020980427,0.031250002642283,0.0312500021877611,0.0312500022604676,0.0312500020646451,0.0,0.0,0.0
23.45400047302246,23.45400047302246,75927000,20171019,TSLA,23.976667404174805,23.45400047302246,0,0.19454739020902193,0.35549188583280816,0.0279042566411259,0.09932963946491932,0.02790812914403681,0.07380332217199513,0.027922827006261888,0.1930925495298305,0.0772,0.8718,0.61665
23.00666618347168,23.00666618347168,73956000,20171020,TSLA,23.45400047302246,23.00666618347168,0,0.0417092445016831,0.0416666675492268,0.3749975613744167,0.0416666676206089,0.041692303062255,0.0416671849135961,0.374924070639182,0.0416763003390312,-0.1419,0.8734,0.36574999999999996
21.744667053222656,21.744667053222656,75352500,20171026,TSLA,21.7226676940918,21.744667053222656,1,0.06827310601442291,0.034897116860746744,0.05361422633422408,0.43697567643621194,0.30147945538257737,0.03489677215856814,0.034965804850516216,0.03489784196273222,-0.6249,0.0,-0.31796
20.19933319091797,20.19933319091797,81706500,20171109,TSLA,20.292667388916016,20.19933319091797,0,0.03750000065986373,0.20419211993583367,0.17081554059645246,0.037559254861428235,0.0375205179013117,0.4374125649002478,0.03750000059596497,0.037500000548897065,-0.2263,0.0,-0.07543333333333334
21.02666664123535,21.02666664123535,113773500,20171113,TSLA,20.19933319091797,21.02666664123535,1,0.0178609839746332,0.0178571441671158,0.2380876075349911,0.0178571442787187,0.2222200183131302,0.1607171306077459,0.3075393484452031,0.0178606226784618,0.6249,0.6249,0.6249
20.753332138061523,20.753332138061523,89680500,20171115,TSLA,20.57999992370605,20.753332138061523,1,0.33440862944588934,0.11564328762086083,0.03229420791213253,0.17195372246546645,0.032295293022567645,0.03230827701743505,0.15511044713836492,0.12598613537728298,-0.802,0.0772,-0.441575
21.187332153320312,21.187332153320312,108919500,20171121,TSLA,20.582666397094727,21.187332153320312,1,0.0208333346604538,0.3541658124574231,0.0208333345725231,0.3541617920493066,0.0208452410943308,0.0208333345862718,0.0208333345694492,0.1874938160102413,0.8221,0.8221,0.8221
21.170000076293945,21.170000076293945,74242500,20171128,TSLA,21.12066650390625,21.170000076293945,1,0.3645768656964406,0.03125292385872,0.03125000092012565,0.03127169896683095,0.0312619428235876,0.44786900213951397,0.03125207231324085,0.031265493281540054,-0.357,0.0,-0.1785
20.59000015258789,20.59000015258789,65274000,20171130,TSLA,20.502666473388672,20.59000015258789,1,0.48084044586251623,0.018852933652848302,0.2569397002646042,0.018853448285799435,0.018853384346245564,0.07141307722129034,0.11537947390287011,0.018867536463825368,-0.3182,0.1901,-0.042699999999999995
21.0086669921875,21.0086669921875,52027500,20171208,TSLA,20.74933242797852,21.0086669921875,1,0.04375000078580975,0.0437702210811685,0.2937077738753628,0.04375000065832895,0.04377497294789745,0.4437470292887888,0.043750000712728644,0.0437500006499148,0.0,0.0,0.0
21.92733383178711,21.92733383178711,119070000,20171211,TSLA,21.0086669921875,21.92733383178711,1,0.2982923863811519,0.23289125115864545,0.07812500070739026,0.0781250006353733,0.0781276655590309,0.07812500066233585,0.0781250006821245,0.07818869421394765,-0.5849,-0.3182,-0.45155
22.60199928283692,22.60199928283692,93322500,20171213,TSLA,22.735332489013672,22.60199928283692,0,0.028660352634247502,0.3618630990398445,0.0286636515105251,0.028679074336641,0.028645834136121102,0.4036605912616644,0.0911424813410061,0.028684915739949902,-0.5423,0.5719,0.01479999999999998
22.525999069213867,22.525999069213867,86998500,20171214,TSLA,22.60199928283692,22.525999069213867,0,0.2448816250866988,0.2656178843009182,0.0156401250369716,0.0156350777778041,0.0156652383698967,0.0156250013860633,0.4113029767734711,0.0156320712681759,0.25,0.25,0.25
22.89666748046875,22.89666748046875,103998000,20171215,TSLA,22.525999069213867,22.89666748046875,1,0.4161787584404611,0.1214088581102791,0.1822547278726947,0.02143438036153765,0.0214600558058905,0.021445990545909698,0.0214346111509827,0.1943826177122443,-0.6124,-0.5563,-0.58435
21.93199920654297,21.93199920654297,89307000,20171220,TSLA,22.07333374023437,21.93199920654297,0,0.0167959492178694,0.016790675187599725,0.14522547173985637,0.016790675237931426,0.3793544202575079,0.14216356313832246,0.10012236888125514,0.18275687633965723,0.0,0.6369,0.31845
22.11066627502441,22.11066627502441,65778000,20171221,TSLA,21.93199920654297,22.11066627502441,1,0.28341116453782766,0.2118229909046054,0.11288439481635323,0.05045074211364025,0.11864534421955415,0.09509172771392785,0.09509689227670214,0.032596743417388954,-0.9335,0.8779,-0.04003749999999999
21.152666091918945,21.152666091918945,65676000,20171226,TSLA,21.68000030517578,21.152666091918945,0,0.22096173897834395,0.018458908335611115,0.19443931319323993,0.11792452234202244,0.05705697004280053,0.07919356740494808,0.2523832203885676,0.059581759314466104,-0.204,0.9325,0.32571666666666665
21.149999618530277,21.149999618530277,67822500,20180103,TSLA,21.368667602539062,21.149999618530277,0,0.01934839810318405,0.0193553823484073,0.1741022585409278,0.3526046671454692,0.0193454868903138,0.019367573655451498,0.37653099447282967,0.01934523884341645,0.4588,0.8685,0.6636500000000001
22.42733383178711,22.42733383178711,147891000,20180108,TSLA,21.10533332824707,22.42733383178711,1,0.0208520815616278,0.0208333338452083,0.2501552879078763,0.0208333338891655,0.0208412717626624,0.4581722575989763,0.020833333933529,0.1874790995009541,0.0,0.0,0.0
22.4146671295166,22.4146671295166,72376500,20180112,TSLA,22.530000686645508,22.4146671295166,0,0.5544911827395202,0.0138888891466919,0.362121399143343,0.013891825122315,0.0138888892435592,0.0138888891821386,0.0139400362553718,0.0138888891670599,0.8705,0.8705,0.8705
23.05933380126953,23.05933380126953,79312500,20180124,TSLA,23.519332885742188,23.05933380126953,0,0.0178571440946379,0.0178571438151214,0.1688948514778244,0.0178571438947999,0.3537825179136316,0.2451736628991762,0.1607170905563239,0.0178604453484845,0.128,0.128,0.128
23.302000045776367,23.302000045776367,71206500,20180129,TSLA,22.856666564941406,23.302000045776367,1,0.3749812727940347,0.0417159282984297,0.3749546234221935,0.0416666682774835,0.0416815022128422,0.0416666683444938,0.0416666683910533,0.0416666682594689,0.8519,0.8519,0.8519
23.62066650390625,23.62066650390625,93211500,20180131,TSLA,23.05466651916504,23.62066650390625,1,0.03333660887059217,0.08333091509534504,0.08334325189204164,0.15834322103547063,0.4916067823215291,0.08333961530600667,0.0333375730059374,0.033362032473076994,0.0,0.6124,0.32120000000000004
23.28333282470703,23.28333282470703,62965500,20180201,TSLA,23.62066650390625,23.28333282470703,0,0.208338813166422,0.20833858001666936,0.0416666684994447,0.3749335704089738,0.0416884399910376,0.041672659049719105,0.041682088233092954,0.0416791806346401,-0.2023,0.1154,-0.04345
22.916667938232425,22.916667938232425,55572000,20180202,TSLA,23.28333282470703,22.916667938232425,0,0.2249991699442051,0.025001057620168767,0.09166971082818041,0.025035410940849902,0.025001522567643236,0.02500156754206227,0.5582915597905086,0.02500000076638137,0.0,0.4019,0.13396666666666665
22.208667755126957,22.208667755126957,66961500,20180205,TSLA,22.916667938232425,22.208667755126957,0,0.03819444462181717,0.038194444581397466,0.1276149626285452,0.03819444459344377,0.31597637271138973,0.3654364416669548,0.038194444604752034,0.0381944445916995,0.0,0.0,0.0
22.264667510986328,22.264667510986328,76326000,20180206,TSLA,22.208667755126957,22.264667510986328,1,0.07559979493239062,0.08026846841154439,0.15648805825838696,0.07701068205206114,0.16404969307059797,0.3672712071463621,0.024037908324017712,0.055274187804638816,0.0,0.6486,0.1093625
23.0,23.0,104538000,20180207,TSLA,22.264667510986328,23.0,1,0.025523396839525522,0.025529498244848577,0.15299774369057606,0.06719742182155948,0.025530549502127797,0.5021899459355159,0.17551060979593022,0.025520834169916125,0.0,0.5859,0.3595
21.048667907714844,21.048667907714844,93417000,20180212,TSLA,20.69466781616211,21.048667907714844,1,0.10762987245359702,0.032404078212573205,0.1706933443851516,0.09070435724844934,0.24560652870972152,0.1488967531715809,0.08597235969031702,0.11809270612860907,-0.8176,0.4939,0.017255555555555555
22.36599922180176,22.36599922180176,84639000,20180216,TSLA,22.271333694458008,22.36599922180176,1,0.16070529320346,0.0178584453095993,0.3634776587982078,0.017860053783806,0.0178572919298985,0.0178571434605924,0.3865269700859018,0.017857143428534,-0.5994,-0.5994,-0.5994
22.31800079345703,22.31800079345703,60141000,20180220,TSLA,22.36599922180176,22.31800079345703,0,0.0416666672631394,0.0416666671262039,0.0416666672256228,0.0416666671668683,0.0416666673003607,0.708186114410182,0.0418106912472689,0.0416698582603539,-0.5214,-0.5214,-0.5214
22.21999931335449,22.21999931335449,48294000,20180221,TSLA,22.31800079345703,22.21999931335449,0,0.024009918412993027,0.024003612538311975,0.1906193853604413,0.023997014688846102,0.300544696316134,0.3888297399701644,0.023999111302814125,0.023996521410294777,-0.2023,0.6652,0.367575
23.07799911499023,23.07799911499023,104547000,20180222,TSLA,22.21999931335449,23.07799911499023,1,0.10484985769745568,0.05304183593934568,0.04826672336659624,0.032209285105434415,0.38376561460052133,0.25095321381928076,0.09470686171313411,0.032206607758231476,-0.4341,0.8555,0.10837500000000003
23.39933204650879,23.39933204650879,71961000,20180227,TSLA,23.82799911499023,23.39933204650879,0,0.04908792253547492,0.014989003240052276,0.09791826559937084,0.21386855051470305,0.12188640840585813,0.14493124352955084,0.12601653964822637,0.23130206652676338,0.1655,0.802,0.45665
22.87066650390625,22.87066650390625,91045500,20180228,TSLA,23.39933204650879,22.87066650390625,0,0.0626022370926158,0.0625000004910137,0.5620946541748125,0.0626092676267421,0.062528812496968,0.0625165759516325,0.0625000005743839,0.0626484515918311,0.0,0.0,0.0
22.22333335876465,22.22333335876465,57357000,20180305,TSLA,22.341333389282227,22.22333335876465,0,0.1573639772598478,0.0156273027194636,0.0156251066029649,0.0156250005345622,0.1483812565700561,0.4893666075617998,0.0156609602513982,0.1423497884999071,0.0,0.0,0.0
21.8799991607666,21.8799991607666,64285500,20180306,TSLA,22.22333335876465,21.8799991607666,0,0.01737925992707225,0.01736111207117325,0.01739131784376445,0.0173696805207589,0.0173670006519769,0.8228529546429759,0.07290786159023965,0.0173708127520383,0.0,0.5838,0.2919
22.15333366394043,22.15333366394043,75109500,20180307,TSLA,21.8799991607666,22.15333366394043,1,0.3401639820690219,0.02847222343127967,0.2945494859503424,0.02847325816610467,0.1395943751081739,0.0284724429380414,0.11180191932352768,0.02847231301350803,0.0,0.5719,0.19063333333333332
21.940000534057617,21.940000534057617,53493000,20180308,TSLA,22.15333366394043,21.940000534057617,0,0.07927905980011352,0.08388449055808664,0.08593524250611051,0.28217924517955617,0.30215132341860407,0.01722343891390578,0.07460870027712249,0.07473849934650055,-0.1531,0.3182,0.09241999999999999
21.81133270263672,21.81133270263672,82602000,20180309,TSLA,21.940000534057617,21.81133270263672,0,0.37567416357473365,0.046033227805719355,0.17101496334229477,0.02818130983076106,0.028183576118344687,0.17550834065589646,0.07579678779402477,0.09960763087822495,-0.3182,0.7184,0.2972428571428572
21.775333404541016,21.775333404541016,119511000,20180314,TSLA,22.78933334350586,21.775333404541016,0,0.0416965026734224,0.0416666668580496,0.3748806911297871,0.0416666668740077,0.0417037325615566,0.0416666668838779,0.0417187592631356,0.3750003137561627,0.0,0.0,0.0
20.90399932861328,20.90399932861328,112264500,20180319,TSLA,21.42333221435547,20.90399932861328,0,0.041666667502232,0.0416666673118692,0.0416666674510829,0.0416923283836969,0.7082657430746039,0.0416941586019792,0.0416666674233007,0.0416811002512349,0.0,0.0,0.0
20.703332901000977,20.703332901000977,71464500,20180320,TSLA,20.90399932861328,20.703332901000977,0,0.436521989862964,0.0178571443536679,0.0178571446709469,0.3035740451931628,0.0178571449165882,0.0179143970228092,0.0178579355650317,0.1705601984148289,0.0,0.0,0.0
21.10199928283692,21.10199928283692,89376000,20180321,TSLA,20.703332901000977,21.10199928283692,1,0.0156283268015909,0.0156607727489064,0.0156250000787539,0.0156291870698164,0.0156319065888056,0.3040649982458833,0.0156250000758421,0.6021348083904009,-0.5574,-0.5574,-0.5574
20.606666564941406,20.606666564941406,74097000,20180322,TSLA,21.10199928283692,20.606666564941406,0,0.2842600857630599,0.12049293149338533,0.10636819417767973,0.12777194996843508,0.06597876683215734,0.15674225501184913,0.07233707291205906,0.06604874384137413,-0.4559,0.7096,0.12092857142857141
20.1026668548584,20.1026668548584,99823500,20180323,TSLA,20.606666564941406,20.1026668548584,0,0.022185950196130476,0.14346092687610743,0.11386120447052885,0.02219337664236945,0.1621430789626399,0.14717980276443365,0.022189492243469975,0.36678616784431994,-0.128,0.7635,0.275875
20.27866744995117,20.27866744995117,125628000,20180326,TSLA,20.1026668548584,20.27866744995117,1,0.025853963778927902,0.20150155419117313,0.07308597650156955,0.15624456381534596,0.2814353085723958,0.0258495686895055,0.14498439446138878,0.09104466998969302,-0.0258,0.8842,0.389325
18.61199951171875,18.61199951171875,208080000,20180327,TSLA,20.27866744995117,18.61199951171875,0,0.15625328803533556,0.031252025479617446,0.03125594535949095,0.156243867163026,0.0312529481664319,0.281244423590777,0.2812475003584871,0.03125000184683365,0.0772,0.4019,0.23954999999999999
17.185333251953125,17.185333251953125,315021000,20180328,TSLA,18.61199951171875,17.185333251953125,0,0.16034631727208595,0.03958333428072496,0.03959019440577003,0.20624541182349998,0.039586821752170896,0.1229385333601807,0.3521260527574288,0.0395833343481383,0.0,0.658,0.3224666666666667
16.832000732421875,16.832000732421875,241710000,20180402,TSLA,17.742000579833984,16.832000732421875,0,0.06778576906887197,0.08094705704880945,0.3187118923311327,0.03555052060114081,0.13494943492488956,0.04421966916994258,0.16995476579907381,0.14788089105613883,-0.1901,0.8318,0.1947142857142857
19.12933349609375,19.12933349609375,298450500,20180404,TSLA,17.8353328704834,19.12933349609375,1,0.0125217553740614,0.0125093785775934,0.6090066841255668,0.1159746389584614,0.0125075395151052,0.2124350785934505,0.0125420215725063,0.0125029032832547,0.4404,0.4404,0.4404
20.381332397460938,20.381332397460938,286816500,20180405,TSLA,19.12933349609375,20.381332397460938,1,0.033337321557973754,0.03334732802415565,0.03336816510824165,0.033333334062077946,0.3665455451095019,0.03342322517792555,0.43331174690415286,0.0333333340559704,0.0,0.2263,0.11315
19.953332901000977,19.953332901000977,202804500,20180406,TSLA,20.381332397460938,19.953332901000977,0,0.19643706252737828,0.0297690624227817,0.029763717497493403,0.02976857349770995,0.11503886160189766,0.3730290464454081,0.1964317705586497,0.029761905448680848,0.0,0.5106,0.2553
19.310667037963867,19.310667037963867,153747000,20180409,TSLA,19.953332901000977,19.310667037963867,0,0.0208333346561488,0.1874858921001267,0.0208333345680336,0.0208333344408283,0.0208405458755774,0.520368351556883,0.1879718723687476,0.0208333344336543,0.0,0.0,0.0
20.31333351135254,20.31333351135254,164847000,20180410,TSLA,19.310667037963867,20.31333351135254,1,0.2249709821308191,0.6249581521441442,0.0250000003012895,0.0250432857514237,0.0250000003417346,0.0250000002833043,0.0250275787802974,0.0250000002669868,-0.2975,-0.2975,-0.2975
19.60533332824707,19.60533332824707,114132000,20180412,TSLA,20.062000274658203,19.60533332824707,0,0.5624999979602059,0.0625000002538489,0.0625000003074809,0.0625000002746099,0.0625000003478389,0.0625000002878783,0.0625000002960923,0.0625000002720444,0.3804,0.3804,0.3804
20.022666931152344,20.022666931152344,109908000,20180413,TSLA,19.60533332824707,20.022666931152344,1,0.028221182119911998,0.028174853036756167,0.0948584130698853,0.1392838584127344,0.028188958382671003,0.22817465846682475,0.13926948900125957,0.3138285875099565,-0.6146,-0.1027,-0.33016666666666666
19.41399955749512,19.41399955749512,95077500,20180416,TSLA,20.022666931152344,19.41399955749512,0,0.0125009495495329,0.0125067115875906,0.6284990916626765,0.012514050516787,0.1964726772973639,0.1124991086416913,0.0125014511424516,0.0125059596019057,-0.6124,-0.6124,-0.6124
19.179332733154297,19.179332733154297,105000000,20180417,TSLA,19.41399955749512,19.179332733154297,0,0.2812150180325894,0.5312058350037774,0.0312974157787528,0.0312625692615887,0.0312500014394372,0.0312500012043995,0.0312691581505325,0.0312500011289221,0.7644,0.7644,0.7644
19.55666732788086,19.55666732788086,98365500,20180418,TSLA,19.179332733154297,19.55666732788086,1,0.06813085946765104,0.01667344835951845,0.22294848497098496,0.2270387537802338,0.016668084573441648,0.41517725523481397,0.01669140916359755,0.01667170444975815,0.0,0.915,0.4575
18.71266746520996,18.71266746520996,60204000,20180425,TSLA,18.8973331451416,18.71266746520996,0,0.0833612465106388,0.0833434157400572,0.0833506131237752,0.2498952771399536,0.0833623780967791,0.250001460865927,0.08333333395567745,0.08335227456719149,0.0,0.0,0.0
19.60533332824707,19.60533332824707,65469000,20180427,TSLA,19.03199958801269,19.60533332824707,1,0.4248634851034037,0.0250135046708707,0.0250000003507987,0.0250000003133244,0.0250000003964764,0.2250004414800621,0.225000242573583,0.0251223251114807,0.4779,0.4779,0.4779
20.07666778564453,20.07666778564453,134556000,20180502,TSLA,19.994667053222656,20.07666778564453,1,0.024321092889103866,0.0740141947801065,0.12959191502437903,0.0243184786145747,0.29538046615164154,0.17566305366893462,0.25237668139862646,0.024334117472632966,0.0,0.0,0.0
19.606000900268555,19.606000900268555,128541000,20180504,TSLA,18.96333312988281,19.606000900268555,1,0.18571608589176142,0.08119336234145627,0.08243435646325357,0.09991284622859656,0.04637196753656529,0.05136935578142188,0.05199454166289323,0.4010074840940514,-0.3182,0.9118,0.27402000000000004
20.184667587280277,20.184667587280277,130173000,20180507,TSLA,19.606000900268555,20.184667587280277,1,0.4917870245435052,0.0208507442289506,0.0208546459690945,0.0208469635233966,0.3830767609976465,0.0208354180601291,0.0208333342906291,0.020915108386648,-0.5719,-0.5719,-0.5719
20.131332397460938,20.131332397460938,88950000,20180508,TSLA,20.184667587280277,20.131332397460938,0,0.3750041366061613,0.04169510818728,0.0416666688876421,0.0416666686550562,0.0416666691927211,0.0416666687521846,0.0416666688321913,0.3749674108867631,0.5773,0.5773,0.5773
20.456666946411133,20.456666946411133,85911000,20180509,TSLA,20.131332397460938,20.456666946411133,1,0.1361762253811313,0.10293062554606199,0.09179782883207246,0.03630057457667904,0.13071396773687735,0.20070717014775868,0.14864868785315086,0.15272491992626794,-0.5423,0.296,-0.14804
20.334667205810547,20.334667205810547,84774000,20180510,TSLA,20.456666946411133,20.334667205810547,0,0.1633212463870836,0.0383184536777078,0.14367958831498692,0.0383193085503825,0.10974513727005164,0.1216656514576127,0.26329315875323656,0.12165745558893795,0.25,0.7901,0.6105
20.070667266845703,20.070667266845703,70194000,20180511,TSLA,20.334667205810547,20.070667266845703,0,0.26317843021822285,0.03714694636120351,0.06954837160897545,0.20414774734647115,0.09930310308773252,0.12408706407727824,0.11813586549655233,0.08445247180356372,-0.4019,0.6808,0.27976999999999996
19.46466636657715,19.46466636657715,109302000,20180514,TSLA,20.070667266845703,19.46466636657715,0,0.24187248157878674,0.018929351621623767,0.38576091516138006,0.09437710057724535,0.10222614914298811,0.01895124189323175,0.05937314023889855,0.07850961978584546,-0.9153,0.8294,-0.48356666666666664
19.09866714477539,19.09866714477539,85110000,20180516,TSLA,18.94533348083496,19.09866714477539,1,0.5035779006673389,0.020323426442334702,0.08306513075791974,0.020313753157261798,0.1373647469685572,0.02032577766995125,0.0203228320822895,0.19470643225434658,-0.3182,-0.3182,-0.3182
18.96933364868164,18.96933364868164,66309000,20180517,TSLA,19.09866714477539,18.96933364868164,0,0.0156654004686805,0.0156423173512323,0.6088519705470974,0.2972828067051146,0.0156590778541279,0.0156423636141942,0.0156285714410425,0.0156274920185104,0.296,0.296,0.296
18.454666137695312,18.454666137695312,108778500,20180518,TSLA,18.96933364868164,18.454666137695312,0,0.531174967304958,0.03125526115382485,0.15624634374225793,0.03125000092457675,0.0312552977629031,0.03128249305669465,0.15623574326122325,0.0312998927935611,-0.501,0.0,-0.2505
18.965999603271484,18.965999603271484,137739000,20180521,TSLA,18.454666137695312,18.965999603271484,1,0.1785903413255643,0.02067058081318204,0.18049010110101713,0.2802033888452588,0.05191836952046731,0.08126298944710884,0.0859927525081957,0.12087147643920554,-0.743,0.6908,0.08141818181818182
18.333999633789062,18.333999633789062,134187000,20180522,TSLA,18.965999603271484,18.333999633789062,0,0.2191972840125474,0.12961470091598032,0.25273189818143305,0.17317619698085468,0.04540506120184952,0.018418852534447756,0.10785956238621228,0.05359644378667474,-0.9215,0.9423,0.30017
18.60466766357422,18.60466766357422,89776500,20180523,TSLA,18.333999633789062,18.60466766357422,1,0.05341586434126238,0.14220702398199525,0.07445203520002402,0.1235978509032332,0.04834785666958036,0.09492289963373646,0.05043190215204321,0.41262456711812484,-0.8176,0.9091,0.08166842105263158
18.523332595825195,18.523332595825195,62650500,20180524,TSLA,18.60466766357422,18.523332595825195,0,0.09832832344881927,0.1096291562771095,0.16359990879989783,0.09057409266575231,0.08554860698028212,0.06207941576205882,0.08318609672999111,0.3070543993360888,-0.4588,0.6808,0.1884636363636364
18.59000015258789,18.59000015258789,58126500,20180525,TSLA,18.523332595825195,18.59000015258789,1,0.15669913285361403,0.16435848662928576,0.08701742002675651,0.070366318064047,0.06656583067751945,0.05799339146116039,0.15008265971532792,0.24691676057228862,-0.3732,0.7078,0.10264285714285713
18.917333602905277,18.917333602905277,84999000,20180529,TSLA,18.59000015258789,18.917333602905277,1,0.14034108635076012,0.21363197830152592,0.08240495530092945,0.024433704362855906,0.10989487050166176,0.21937733058169065,0.08999982244911206,0.11991625215146384,-0.8979,0.8955,0.01595333333333332
19.447999954223636,19.447999954223636,112345500,20180530,TSLA,18.917333602905277,19.447999954223636,1,0.5256022256167058,0.025044698351625476,0.0636175553232945,0.12610605193148922,0.0163297835233446,0.10970377668709314,0.0982531541380313,0.035342754428415675,-0.217,0.933,0.333375
18.98200035095215,18.98200035095215,88795500,20180531,TSLA,19.447999954223636,18.98200035095215,0,0.2031262473738811,0.07812500037069475,0.07812953863924404,0.0781261063342105,0.0781250005101148,0.0781564385513259,0.32808375709711757,0.07812791112341119,0.0,0.6369,0.31845
19.454666137695312,19.454666137695312,81366000,20180601,TSLA,18.98200035095215,19.454666137695312,1,0.19291839466247243,0.03125942710106994,0.21651216297690623,0.031243558572809527,0.20093139299391044,0.13046946484520008,0.13684948540214967,0.059816113445481316,0.0,0.7184,0.40927142857142856
19.408666610717773,19.408666610717773,89928000,20180605,TSLA,19.78266716003418,19.408666610717773,0,0.27595972700832944,0.10937571543612085,0.0261113708783213,0.1927224498308127,0.0260509549261094,0.15101129475614544,0.02609969968088515,0.19266878748327546,0.0,0.9001,0.45005
21.299999237060547,21.299999237060547,281509500,20180606,TSLA,19.408666610717773,21.299999237060547,1,0.5297606240096532,0.0312500007575302,0.031250000921331,0.0312500009111403,0.0313186062402374,0.2825389748257418,0.031357276227374,0.0312745161069917,0.0,0.0,0.0
21.07266616821289,21.07266616821289,215179500,20180607,TSLA,21.299999237060547,21.07266616821289,0,0.22917388482055065,0.17392428363070214,0.18749319890734262,0.020843486492166503,0.27083138488944747,0.0208442239138408,0.0208393996207011,0.0760501377252484,-0.296,0.024,-0.13599999999999998
21.17733383178711,21.17733383178711,123078000,20180608,TSLA,21.07266616821289,21.17733383178711,1,0.22193332442009983,0.0880138572847664,0.1698090416919433,0.1888880650796968,0.11836311602326495,0.10557500820959481,0.0851708001963981,0.0222467870942355,0.2732,0.8807,0.46341666666666664
22.13999938964844,22.13999938964844,197752500,20180611,TSLA,21.17733383178711,22.13999938964844,1,0.2812264254757097,0.2812424516428125,0.0312500019388875,0.0312500017376943,0.2812434550128798,0.0312789820590278,0.0312500018662665,0.0312586802667217,0.0,0.0,0.0
22.851333618164062,22.851333618164062,335211000,20180612,TSLA,22.13999938964844,22.851333618164062,1,0.0250271551916436,0.0250030472264941,0.1869797530243934,0.025021240513497,0.2249954222486361,0.025000000524253,0.0250139630827708,0.4629594181883116,-0.5719,-0.5719,-0.5719
22.985332489013672,22.985332489013672,142047000,20180613,TSLA,22.851333618164062,22.985332489013672,1,0.034739383803765504,0.03472347707925103,0.520247218692927,0.0347286503654103,0.03472925173554813,0.11806800621475662,0.18801731555186993,0.03474669655647123,0.0,0.4019,0.23263333333333333
23.87800025939941,23.87800025939941,162724500,20180615,TSLA,23.847999572753903,23.87800025939941,1,0.04185485086983812,0.19037569688691452,0.13980972169286301,0.06997577277440452,0.1236314311436669,0.2342936239345426,0.053971602946457954,0.1460872997513121,0.0,0.8555,0.2698181818181818
24.722000122070312,24.722000122070312,181098000,20180618,TSLA,23.87800025939941,24.722000122070312,1,0.021435889358385897,0.22142491787579535,0.02144435528122205,0.4742921626787137,0.021454323092682,0.02144495658543485,0.02143151533620365,0.19707187979156215,-0.296,0.296,0.0
23.503332138061523,23.503332138061523,191428500,20180619,TSLA,24.722000122070312,23.503332138061523,0,0.0948557499115875,0.16081071079708445,0.06267043501177903,0.2702856507498509,0.05314499500400593,0.03886957747995291,0.26620735950106045,0.05315552154467853,-0.8316,0.9286,0.16635
24.14800071716309,24.14800071716309,125755500,20180620,TSLA,23.503332138061523,24.14800071716309,1,0.05531813022796594,0.06348653421083869,0.06343798879204648,0.21286347053816945,0.020855765335018525,0.020866104216370363,0.06253082775562559,0.5006411789239646,-0.8346,0.9274,0.0956
23.167333602905277,23.167333602905277,119506500,20180621,TSLA,24.14800071716309,23.167333602905277,0,0.03820416043296413,0.038212570022912666,0.03819764957073233,0.14937201473538164,0.288177787613845,0.038214408150058166,0.038198532193925196,0.3714228772801806,-0.128,0.0,-0.042666666666666665
22.242000579833984,22.242000579833984,153991500,20180622,TSLA,23.167333602905277,22.242000579833984,0,0.21628155938134322,0.09073620761589252,0.2524280502821338,0.100074714709468,0.022444536984185512,0.14394979284210616,0.1516340033070167,0.022451134877853864,0.0,0.936,0.459975
22.200666427612305,22.200666427612305,103969500,20180625,TSLA,22.242000579833984,22.200666427612305,0,0.11244961841037428,0.06602341858308622,0.1573150974820388,0.20145033399820358,0.06637272951598225,0.17534948787454246,0.11908941441879703,0.101949899716975,-0.8707,0.7906,0.17326
22.799999237060547,22.799999237060547,111787500,20180626,TSLA,22.200666427612305,22.799999237060547,1,0.23270185646270491,0.03184961272626905,0.17830152138893324,0.13345088442689562,0.1731954430273644,0.09636482806641497,0.021343334742763613,0.13279251915865387,-0.6115,0.8478,0.16747499999999998
22.96666717529297,22.96666717529297,125005500,20180627,TSLA,22.799999237060547,22.96666717529297,1,0.2509201348019162,0.1644336233900771,0.1361701245875931,0.1914903683231959,0.02633973015266684,0.02635165809650496,0.13599454174579523,0.06829981890225027,-0.5325,0.5956,0.21145714285714284
23.32866668701172,23.32866668701172,125970000,20180628,TSLA,22.96666717529297,23.32866668701172,1,0.11341199624109888,0.14766241288507453,0.060416668029393626,0.293761176680437,0.0604212994535253,0.20345886935476756,0.06044792990988568,0.060419647445817216,-0.4767,0.8875,0.23064
20.61066627502441,20.61066627502441,262146000,20180705,TSLA,20.724000930786133,20.61066627502441,0,0.2227391625575579,0.061052699019069255,0.1881426715552037,0.10731182621374538,0.06058713034146813,0.058696039652901204,0.09261191206161352,0.20885855859844055,-0.7003,0.862,0.25770952380952383
20.59333229064941,20.59333229064941,132982500,20180706,TSLA,20.61066627502441,20.59333229064941,0,0.16591607260643096,0.11386387237190278,0.09167169694866796,0.10024524950379175,0.08888445932360674,0.21042941984570296,0.10134780058170777,0.12764142881818874,-0.6412,0.4779,-0.07540666666666666
21.233999252319336,21.233999252319336,113952000,20180709,TSLA,20.59333229064941,21.233999252319336,1,0.11357488109034586,0.030300196456809134,0.030284887014611,0.19189638399441378,0.0302800670855293,0.4597677250170335,0.11361928797373212,0.030276571367525134,0.4019,0.8858,0.6107333333333334
21.49799919128418,21.49799919128418,142072500,20180710,TSLA,21.233999252319336,21.49799919128418,1,0.0896710155814902,0.04682448841468905,0.06186314364418481,0.18358483438005613,0.2991858493967634,0.11691647752818127,0.08451858080282507,0.11743561025180978,-0.7506,0.9628,0.23618999999999998
21.263999938964844,21.263999938964844,73261500,20180711,TSLA,21.49799919128418,21.263999938964844,0,0.08238566664959246,0.11856599824517312,0.0778478611440898,0.06941456362199815,0.271756256598363,0.07644125673190758,0.1996458993273818,0.10394249768149386,-0.4588,0.8779,0.25257142857142856
21.11400032043457,21.11400032043457,85818000,20180712,TSLA,21.263999938964844,21.11400032043457,0,0.0822832488905267,0.20824451373770358,0.0722794076074274,0.17712040255180111,0.07308048138185229,0.03231196101055115,0.27679874439701824,0.07788124042311918,0.0,0.8166,0.59727
21.257999420166016,21.257999420166016,88047000,20180713,TSLA,21.11400032043457,21.257999420166016,1,0.5528471736393356,0.01519057716748325,0.0893565111110554,0.01517857203015945,0.2818627716464174,0.0151814407595013,0.015203156949534901,0.0151797966965126,0.1027,0.7906,0.44665
21.59000015258789,21.59000015258789,84363000,20180718,TSLA,21.512666702270508,21.59000015258789,1,0.01824369494581715,0.4764764773729955,0.1015844570406546,0.01824575053029875,0.0182291676425892,0.1672718793604972,0.08072201365821066,0.11922655944893659,-0.5106,0.1779,-0.16635000000000003
21.34866714477539,21.34866714477539,88729500,20180719,TSLA,21.59000015258789,21.34866714477539,0,0.062523276079457,0.0625000000731857,0.5624767234200437,0.0625000000794038,0.062500000100293,0.0625000000831488,0.062500000085732,0.0625000000787357,0.7783,0.7783,0.7783
20.905332565307617,20.905332565307617,77433000,20180720,TSLA,21.34866714477539,20.905332565307617,0,0.4060199079402204,0.014028356679746133,0.0140172014135367,0.062224432678629295,0.1719352313143038,0.09854911419500295,0.055674879189668035,0.17755087658889213,0.0,0.936,0.312
20.21333312988281,20.21333312988281,164893500,20180723,TSLA,20.905332565307617,20.21333312988281,0,0.15579001009114696,0.021770690665388358,0.47174928692281404,0.1106798418894644,0.02177994284825672,0.0217705563643882,0.17467215385738571,0.021787517361155202,0.0,0.7938,0.37961999999999996
20.582666397094727,20.582666397094727,106131000,20180725,TSLA,19.82866668701172,20.582666397094727,1,0.0416666675527918,0.0416666673513133,0.0416666674962928,0.0416875548568877,0.0416666676078971,0.7083124402638307,0.0416666674676429,0.0416666674033433,0.636,0.636,0.636
20.44333267211914,20.44333267211914,69457500,20180726,TSLA,20.582666397094727,20.44333267211914,0,0.027780574566661102,0.1203354904766252,0.08333532767928631,0.2647116677642446,0.0277836181650851,0.16336755433789704,0.19444622680264484,0.11823954020755566,0.0,0.2023,0.10115
19.344667434692383,19.344667434692383,102211500,20180730,TSLA,19.812000274658203,19.344667434692383,0,0.0179184846720178,0.0178571432469442,0.4463626625844197,0.4463878234995648,0.0178709629401695,0.0178571433005627,0.0178822871490808,0.0178634926072401,0.8462,0.8462,0.8462
19.875999450683597,19.875999450683597,76153500,20180731,TSLA,19.344667434692383,19.875999450683597,1,0.051567964829679847,0.09785240495545114,0.17828012286438466,0.1985301118181495,0.11917246095617706,0.07755799506487832,0.17375764615801953,0.1032812933532597,-0.1027,0.7906,0.3063222222222222
20.05599975585937,20.05599975585937,151941000,20180801,TSLA,19.875999450683597,20.05599975585937,1,0.029599020804964557,0.05181506240305696,0.3298898503970574,0.09439652479488228,0.029596893116259824,0.18388102868254422,0.21420603438768213,0.06661558541355227,-0.5228,0.8746,0.35473333333333334
23.30266761779785,23.30266761779785,348225000,20180802,TSLA,20.05599975585937,23.30266761779785,1,0.0416666675652183,0.374921288579632,0.0417446838029805,0.0416666674190744,0.0416666676210096,0.0416666674565809,0.375000690143896,0.0416666674116082,0.0,0.0,0.0
22.79933357238769,22.79933357238769,128464500,20180806,TSLA,23.211332321166992,22.79933357238769,0,0.02976617039716945,0.029761905640126148,0.19642633784580105,0.029769772762971148,0.24404858422358505,0.24404665449820745,0.19641866892881368,0.0297619057033257,0.5574,0.6249,0.5911500000000001
25.30466651916504,25.30466651916504,463137000,20180807,TSLA,22.79933357238769,25.30466651916504,1,0.10934542940636119,0.3648880537692497,0.09347856063016037,0.14476570178512754,0.02440764661312631,0.0715989782801161,0.024416013224195673,0.16709961629166278,-0.8405,0.892,0.17345714285714284
24.689332962036133,24.689332962036133,368568000,20180808,TSLA,25.30466651916504,24.689332962036133,0,0.0247420596209752,0.024702381560205797,0.16314978185762977,0.024715025580959237,0.08220371000581216,0.024702806280545168,0.6310629344282542,0.024721300665618267,-0.296,0.0,-0.1244
23.69933319091797,23.69933319091797,173280000,20180810,TSLA,23.49666786193848,23.69933319091797,1,0.2406184054210288,0.2968749888142519,0.0468778658420726,0.046875002119692755,0.04687500268407505,0.046875002220544554,0.2281287308013848,0.046875002096949295,0.0,0.8779,0.43895
23.76066780090332,23.76066780090332,156958500,20180813,TSLA,23.69933319091797,23.76066780090332,1,0.26737623188729925,0.045138889765157036,0.045175146871120696,0.045140292540342665,0.0451480961424306,0.2118055509239757,0.2117561563950715,0.12845963547460212,-0.296,0.5106,0.07153333333333335
23.176000595092773,23.176000595092773,104796000,20180814,TSLA,23.76066780090332,23.176000595092773,0,0.125,0.125,0.125,0.125,0.125,0.125,0.125,0.125,0.4404,0.4404,0.4404
22.36333274841309,22.36333274841309,90960000,20180816,TSLA,22.57933235168457,22.36333274841309,0,0.08528613923236446,0.27327089476955835,0.18724432476618627,0.023340026341848067,0.023325862617258733,0.023326931069766733,0.25621019640715653,0.12799562479586052,-0.6369,0.802,0.22523333333333337
21.459999084472656,21.459999084472656,197583000,20180821,TSLA,20.562667846679688,21.459999084472656,1,0.0312500009469078,0.22625620245995487,0.03128965020771095,0.031250000794946706,0.46120300464266045,0.031264773737024396,0.03125235760680975,0.1562340096039848,-0.5994,-0.4215,-0.5104500000000001
21.44266700744629,21.44266700744629,89190000,20180822,TSLA,21.459999084472656,21.44266700744629,0,0.423915236903569,0.0178571439390424,0.3260747170584783,0.0178571440328955,0.1607035304848464,0.0178571440887145,0.0178779394696038,0.0178571440228497,0.9166,0.9166,0.9166
21.34000015258789,21.34000015258789,77209500,20180823,TSLA,21.44266700744629,21.34000015258789,0,0.041693927004114145,0.2083264975495541,0.0416682089130919,0.041666668099174645,0.0416702327215213,0.0416703185872089,0.5416355769196648,0.04166857020566995,0.6486,0.8976,0.7730999999999999
21.521333694458008,21.521333694458008,54039000,20180824,TSLA,21.34000015258789,21.521333694458008,1,0.01655263770249073,0.016542408543902966,0.6270841942421757,0.15337159398994052,0.08552037843488909,0.016549118623448867,0.0678375841032156,0.016542084359936166,-0.4389,0.8881,0.05106666666666667
20.790666580200195,20.790666580200195,114736500,20180828,TSLA,21.284666061401367,20.790666580200195,0,0.09584937798946555,0.41250135149586914,0.11485429382562728,0.03154761943203702,0.031562596406908026,0.12387399289874967,0.03157282024039998,0.15823794771094307,-0.5267,0.7506,-0.06319999999999998
20.11066627502441,20.11066627502441,80626500,20180831,TSLA,20.209999084472656,20.11066627502441,0,0.2718830379835176,0.14687639397183438,0.12187666321822395,0.13497144019325524,0.02187500098303085,0.0218789388619054,0.15001957372839148,0.13061895105984075,0.3818,0.4404,0.4111
18.715999603271484,18.715999603271484,115812000,20180905,TSLA,19.26333236694336,18.715999603271484,0,0.017864686617441,0.1787569363089849,0.1824441830542895,0.0178597905054603,0.0178614756738517,0.0178648680185791,0.5494900860386891,0.017857973782704,-0.0994,-0.0994,-0.0994
17.549333572387695,17.549333572387695,337378500,20180907,TSLA,18.729999542236328,17.549333572387695,0,0.0250712871246697,0.0250000016997669,0.4249330828414255,0.2249905974136127,0.0250000023275278,0.2250050247915707,0.0250000019855353,0.025000001815891,-0.5994,-0.5994,-0.5994
18.62933349609375,18.62933349609375,137550000,20180911,TSLA,19.03333282470703,18.62933349609375,0,0.09482136935046447,0.4679773498323609,0.06921637083337527,0.02159109341682483,0.021579299525436968,0.0215810982453252,0.11501186627998987,0.18822155251622222,-0.296,0.2144,-0.059666666666666666
19.36933326721192,19.36933326721192,150231000,20180912,TSLA,18.62933349609375,19.36933326721192,1,0.1295004381627779,0.0125014142534907,0.0125375736801195,0.1528045706400624,0.0125058633878985,0.0125021618023256,0.6551430272453461,0.012504950827979,0.6908,0.6908,0.6908
19.297332763671875,19.297332763671875,95104500,20180913,TSLA,19.36933326721192,19.297332763671875,0,0.1286993431138118,0.07275809499606432,0.0898475001234879,0.20066897930898592,0.3634710222223748,0.08984683583455212,0.0273577627300177,0.02735046167070515,-0.3802,0.5106,-0.04694999999999998
19.68000030517578,19.68000030517578,101484000,20180914,TSLA,19.297332763671875,19.68000030517578,1,0.0369403896291731,0.37781545765590924,0.03694712795067605,0.400537521887839,0.03693404981788215,0.03693266262333135,0.03694476346452365,0.036948026970665154,0.5848,0.7876,0.6861999999999999
19.6560001373291,19.6560001373291,103314000,20180917,TSLA,19.68000030517578,19.6560001373291,0,0.264854947986135,0.02328956032241969,0.058381557057573356,0.07155659960134507,0.1428147820769673,0.0603279999317187,0.2807297246274192,0.09804482839642137,-0.4497,0.9136,0.3524555555555555
18.997333526611328,18.997333526611328,248212500,20180918,TSLA,19.6560001373291,18.997333526611328,0,0.09908659643609409,0.022612871095000917,0.08510632621006135,0.02260418081014193,0.022620632511187382,0.4568119032257521,0.04640500906042331,0.24475248065133856,0.0,0.6588,0.24585
19.934667587280277,19.934667587280277,124423500,20180919,TSLA,18.997333526611328,19.934667587280277,1,0.09581682851884323,0.0291680618696654,0.029196322103635403,0.2556786395414486,0.029172062973769165,0.302657431461036,0.10542658487436117,0.15288406865724072,0.0,0.128,0.042666666666666665
19.8886661529541,19.8886661529541,110241000,20180920,TSLA,19.934667587280277,19.8886661529541,0,0.12391595035006277,0.06410720394424746,0.44899337922931903,0.04086782226078292,0.05347393147093775,0.0693768228067405,0.046322634349229876,0.1529422555886794,-0.6705,0.8805,0.2924272727272727
19.940000534057617,19.940000534057617,75757500,20180921,TSLA,19.8886661529541,19.940000534057617,1,0.0312500014591508,0.03125000112273,0.0312500013628923,0.031250001219342,0.03125000154606,0.5312577313481877,0.2812422607333563,0.0312500012082806,0.0,0.0,0.0
19.978666305541992,19.978666305541992,72645000,20180924,TSLA,19.940000534057617,19.978666305541992,1,0.0125000012656682,0.0125000009748833,0.6872255673950058,0.0125295681649714,0.0125145535530096,0.0125017128526173,0.2377179004110886,0.0125106953827555,-0.3612,-0.3612,-0.3612
20.06599998474121,20.06599998474121,67225500,20180925,TSLA,19.978666305541992,20.06599998474121,1,0.37861197565139376,0.02143092874003765,0.02143778375329025,0.02143077187532,0.0214313981402256,0.021428572377112702,0.4213723580238898,0.09285621143872995,0.1128,0.4019,0.25734999999999997
20.6386661529541,20.6386661529541,117648000,20180926,TSLA,20.06599998474121,20.6386661529541,1,0.0250056651423081,0.5904444981952144,0.0250088996659887,0.0250000013015612,0.0250071637324193,0.0250038628440848,0.0250013247950793,0.259528584323344,0.4019,0.4019,0.4019
17.65133285522461,17.65133285522461,504745500,20180928,TSLA,20.501333236694336,17.65133285522461,0,0.1628654837962596,0.18177758018909215,0.1250366974242334,0.025027473090332097,0.02501097409831095,0.025000000840948,0.4302797696102439,0.0250020209505795,-0.6239,0.8585,0.11730000000000002
20.06800079345703,20.06800079345703,176152500,20181002,TSLA,20.71333312988281,20.06800079345703,0,0.0181823379494589,0.01818398555106385,0.2753742994876855,0.018190672861193052,0.01818358926338375,0.18947999675368865,0.0969312488076473,0.3654738693258787,-0.2041,0.784,0.28995000000000004
18.788667678833008,18.788667678833008,147213000,20181004,TSLA,19.65333366394043,18.788667678833008,0,0.029473859530242785,0.1009039440857996,0.02948954520648019,0.05895828106531472,0.029470724961565904,0.19609553451992504,0.19757178459270697,0.3580363260379645,-0.4404,0.8658,0.11321428571428571
17.463333129882812,17.463333129882812,269167500,20181005,TSLA,18.788667678833008,17.463333129882812,0,0.04586360541461376,0.05792262489080026,0.0617931292052144,0.04989488295253211,0.017389923351374383,0.13235511817469933,0.08667975171755758,0.5481009642932079,-0.7345,0.5574,-0.09859000000000001
16.70400047302246,16.70400047302246,202090500,20181008,TSLA,17.463333129882812,16.70400047302246,0,0.0138888892653301,0.143089437893583,0.5513141968208266,0.0138888892036677,0.2361107264176676,0.0138972587625571,0.0139051422148277,0.0139054594215397,0.6593,0.6593,0.6593
17.520000457763672,17.520000457763672,180909000,20181009,TSLA,16.70400047302246,17.520000457763672,1,0.32657715109622504,0.019457812356051,0.2051306301171558,0.3126339728523197,0.01946381508871005,0.01944447621666235,0.01945427474933525,0.07783786752354055,-0.2263,0.2023,-0.011999999999999997
17.125333786010742,17.125333786010742,192229500,20181010,TSLA,17.520000457763672,17.125333786010742,0,0.0729286457292821,0.1631420915463878,0.07291949855906825,0.0729247565546484,0.07292474866932436,0.3993168191386604,0.07292677291236391,0.07291666689026464,0.0,0.7184,0.3592
16.815332412719727,16.815332412719727,122515500,20181011,TSLA,17.125333786010742,16.815332412719727,0,0.0208370661938928,0.0208491180529285,0.5013185145720184,0.0208371429841873,0.0208333343829654,0.0208610282340246,0.3736296141667137,0.020834181413269,0.1007,0.1007,0.1007
17.25200080871582,17.25200080871582,108021000,20181012,TSLA,16.815332412719727,17.25200080871582,1,0.017369386127908903,0.017388260079614533,0.017373517199439335,0.1818831214961424,0.017364622798596234,0.25683004889158834,0.2167053768867561,0.2750856665199539,0.4215,0.8591,0.5970666666666666
17.305999755859375,17.305999755859375,93000000,20181015,TSLA,17.25200080871582,17.305999755859375,1,0.21848805954404532,0.047499370546369525,0.31040043420227714,0.02250798405494962,0.09751329947392162,0.02250063083660146,0.25857789904597744,0.02251232229585756,0.0,0.765,0.49602
18.439332962036133,18.439332962036133,142896000,20181016,TSLA,17.305999755859375,18.439332962036133,1,0.08992918524866408,0.021681182435769074,0.12225121290106089,0.07405673978451957,0.0216862658906433,0.20913627122575845,0.33218941474656705,0.12906972776701722,0.0,0.9409,0.53565
18.118667602539062,18.118667602539062,129832500,20181017,TSLA,18.439332962036133,18.118667602539062,0,0.0183777165055163,0.018372978554356968,0.4597637159732139,0.0183739981853368,0.018376139831116436,0.21776984758207518,0.2305868047828221,0.018378798585561965,-0.4003,0.9687,0.18946666666666667
17.5939998626709,17.5939998626709,81318000,20181018,TSLA,18.118667602539062,17.5939998626709,0,0.19976114938685807,0.052175443121107466,0.240457528606724,0.11809278793930543,0.21291824861119382,0.022052319580109416,0.132486595289418,0.022055927465283332,-0.296,0.8988,0.25503333333333333
17.333332061767578,17.333332061767578,140632500,20181019,TSLA,17.5939998626709,17.333332061767578,0,0.0250234014705045,0.0250613581776146,0.6247908273129142,0.0250656772823949,0.22499035125953,0.0250000011753397,0.0250032568287734,0.0250651264929282,0.0772,0.0772,0.0772
17.39666748046875,17.39666748046875,84004500,20181022,TSLA,17.333332061767578,17.39666748046875,1,0.43947857095605586,0.0224664014574181,0.045764144060580145,0.0945686163987319,0.17693758725772826,0.0224694232336577,0.17583172395568877,0.022483532680139078,0.0,0.5106,0.18250000000000002
19.60933303833008,19.60933303833008,285417000,20181023,TSLA,17.39666748046875,19.60933303833008,1,0.2589191571686698,0.022295162001656918,0.19143745969731327,0.02229252542840844,0.0722919548874978,0.02229220422941174,0.23272787902298836,0.17774365756405341,-0.1531,0.7817,0.33692
20.99066734313965,20.99066734313965,312610500,20181025,TSLA,19.233333587646484,20.99066734313965,1,0.16510620760634853,0.07768254235919093,0.1961028446557715,0.17760417712762847,0.19844850593922878,0.03177083424212995,0.0317825460026332,0.12150234206706818,-0.6808,0.6124,0.16115000000000002
22.059999465942383,22.059999465942383,411382500,20181026,TSLA,20.99066734313965,22.059999465942383,1,0.1882728656346074,0.23454852423247427,0.025072047596770935,0.2740153807903329,0.06532652811678195,0.025000624674324703,0.16275995359011466,0.025004075364592832,0.0,0.6804,0.4136666666666667
22.32333374023437,22.32333374023437,217290000,20181029,TSLA,22.059999465942383,22.32333374023437,1,0.1062574371333811,0.28956809697947977,0.20241811833031634,0.1895934852209549,0.02291666802770475,0.022916667787592097,0.1434088431414631,0.0229206833791077,0.0,0.2023,0.10115
22.488000869750977,22.488000869750977,114364500,20181031,TSLA,21.99333381652832,22.488000869750977,1,0.0125267496085003,0.0125008002909214,0.7078809609186933,0.0125009708198935,0.1151698214360314,0.0125010686702656,0.1144194117742271,0.0125002164814669,0.7044,0.7044,0.7044
22.95199966430664,22.95199966430664,120001500,20181101,TSLA,22.488000869750977,22.95199966430664,1,0.023030418346826082,0.02301973195346576,0.2940352611564891,0.02302235392262756,0.02302697502554124,0.08072602839329292,0.4767898151786417,0.056349416023115384,-0.2617,0.5848,0.30047999999999997
23.0939998626709,23.0939998626709,117120000,20181102,TSLA,22.95199966430664,23.0939998626709,1,0.24157574050654576,0.05512464910841982,0.11291835413130992,0.17964472682500873,0.08512772755220539,0.06765913818389847,0.15691707510795097,0.10103258858466059,-0.3182,0.7883,0.11569999999999998
23.21066665649414,23.21066665649414,110617500,20181107,TSLA,22.73733329772949,23.21066665649414,1,0.14700742473345366,0.10116617546203654,0.07480740705202941,0.020259032241079077,0.3164739382098871,0.08991364962270934,0.04523923593455194,0.20513313674425254,-0.7783,0.3612,-0.05735999999999999
23.426666259765625,23.426666259765625,106360500,20181108,TSLA,23.21066665649414,23.426666259765625,1,0.0418722658036809,0.0416666676536068,0.0416812858840447,0.0416845410576878,0.0417113088451503,0.0416666672554645,0.7080505962759006,0.0416666672244639,0.9042,0.9042,0.9042
23.367332458496097,23.367332458496097,76482000,20181109,TSLA,23.426666259765625,23.367332458496097,0,0.32291305963214756,0.022916667106460002,0.4248407800198278,0.022924730221810852,0.02293173122843925,0.022916667167812453,0.1376396974837183,0.0229166671397835,0.0,0.6486,0.3243
22.0853328704834,22.0853328704834,104122500,20181112,TSLA,23.367332458496097,22.0853328704834,0,0.0250026585254009,0.6249960699508542,0.0250000003084687,0.0250000002766449,0.0250000003501638,0.2249995289633146,0.0250017413513,0.0250000002738526,0.8555,0.8555,0.8555
23.22933387756348,23.22933387756348,69385500,20181115,TSLA,22.933332443237305,23.22933387756348,1,0.20867983524735587,0.028771477605059007,0.21322830415225477,0.06212815533819768,0.1979867104980636,0.07321645904153755,0.13520549754928657,0.08078356056824458,-0.7579,0.6369,0.013349999999999996
23.62066650390625,23.62066650390625,108093000,20181116,TSLA,23.22933387756348,23.62066650390625,1,0.1427406167294596,0.04167151640205445,0.29161459682237584,0.35724640665841984,0.041666667608801,0.04167323791181575,0.04172029046198785,0.0416666674050854,0.6378,0.7096,0.6737
23.564666748046875,23.564666748046875,145633500,20181119,TSLA,23.62066650390625,23.564666748046875,0,0.14216657884181658,0.053756012688869696,0.33459563588526653,0.1626200495407808,0.04995712251529481,0.03412034810838596,0.1435236154859864,0.07926063693359892,-0.5704,0.7783,0.21595384615384614
23.166000366210938,23.166000366210938,120070500,20181120,TSLA,23.564666748046875,23.166000366210938,0,0.0125000002878921,0.012500000222235,0.2124969214946266,0.0125000002411618,0.4961053808287345,0.2288973110638354,0.0125001884272027,0.0125001974343114,0.7717,0.7717,0.7717
22.54599952697754,22.54599952697754,70302000,20181121,TSLA,23.166000366210938,22.54599952697754,0,0.0250087018689107,0.0250270532783293,0.0250568966426457,0.8248603984115745,0.0250089302938755,0.0250063729056913,0.0250000005524404,0.0250316460465321,0.0,0.0,0.0
21.722000122070312,21.722000122070312,63039000,20181123,TSLA,22.54599952697754,21.722000122070312,0,0.0250072142654852,0.0250569179757904,0.3941953223584521,0.2507387442351908,0.0250000006340535,0.0250000005231899,0.0250483826380165,0.2299534173698212,0.0772,0.0772,0.0772
23.06666755676269,23.06666755676269,119881500,20181126,TSLA,21.722000122070312,23.06666755676269,1,0.16979574409693177,0.1642116089757953,0.029200772857810864,0.04507178626043065,0.2409923338637794,0.12633882365522384,0.19519197101855706,0.029196959271470757,-0.6652,0.9183,0.21946666666666667
22.92799949645996,22.92799949645996,95374500,20181127,TSLA,23.06666755676269,22.92799949645996,0,0.0250000013192911,0.0250000010216791,0.0250000012316263,0.0250000011047883,0.2250018757645454,0.4249979938106578,0.2250001246511499,0.0250000010962619,0.0,0.0,0.0
23.191333770751957,23.191333770751957,61914000,20181128,TSLA,22.92799949645996,23.191333770751957,1,0.0096218019365886,0.009616273469787,0.094080113123396,0.0096290407724432,0.8481945897674426,0.0096177187661372,0.0096236251212805,0.0096168370429248,0.1007,0.1007,0.1007
22.744667053222656,22.744667053222656,46210500,20181129,TSLA,23.191333770751957,22.744667053222656,0,0.17408649306549756,0.03289112715909816,0.35994111065277123,0.01941438698392696,0.08988102343117388,0.1052370004377475,0.19914088450506834,0.01940797376471606,0.0,0.9412,0.33826
23.365333557128903,23.365333557128903,84436500,20181130,TSLA,22.744667053222656,23.365333557128903,1,0.2760226850293944,0.026041667294686502,0.15104295386080088,0.02605876540955985,0.4426499107793651,0.0260900555787959,0.026049615850951852,0.0260443461964451,0.0,0.1901,0.09505
23.89933204650879,23.89933204650879,124597500,20181203,TSLA,23.365333557128903,23.89933204650879,1,0.400440275153116,0.0180555563552602,0.234932515673796,0.018115897809857034,0.2402435449683803,0.0520642537388031,0.018090244344452232,0.018057711956334967,-0.5267,0.408,-0.1529
23.86466789245605,23.86466789245605,172668000,20181207,TSLA,24.20400047302246,23.86466789245605,0,0.3215932426213568,0.0096163041113058,0.3497906040380328,0.0096227270807866,0.0096191902205017,0.1452760627062291,0.0096164763976429,0.144865392824144,0.1324,0.1324,0.1324
24.450666427612305,24.450666427612305,94632000,20181211,TSLA,24.34333229064941,24.450666427612305,1,0.057947027871403455,0.1554728507556861,0.24913089647912717,0.057248106405490704,0.2255520449191873,0.02086737300873413,0.11537121784569952,0.11841048271467129,-0.0334,0.8955,0.46007999999999993
25.11933326721192,25.11933326721192,110488500,20181213,TSLA,24.440000534057617,25.11933326721192,1,0.0416666672467938,0.0416666671126861,0.7082047089864187,0.0417493112266664,0.0416666672808401,0.0417126438144407,0.0416666671869318,0.0416666671452222,0.4767,0.4767,0.4767
23.22800064086914,23.22800064086914,115110000,20181217,TSLA,24.38066673278809,23.22800064086914,0,0.5312084207199231,0.0312784192721527,0.0312500015891571,0.0312730599757657,0.2812233700195822,0.0312554669260057,0.0312500015316593,0.0312612599657539,0.0,0.0,0.0
22.46866607666016,22.46866607666016,106500000,20181218,TSLA,23.22800064086914,22.46866607666016,0,0.13121243730339496,0.12231399080367825,0.08050022633350794,0.10404226962094211,0.1230496199530798,0.13727731239846044,0.09435265157096175,0.20725149201597445,-0.6808,0.8356,-0.10722857142857142
22.197999954223636,22.197999954223636,124113000,20181219,TSLA,22.46866607666016,22.197999954223636,0,0.2434383409658131,0.08643951734897508,0.2708856651974779,0.05216722963111868,0.18016437381667477,0.07133068151265204,0.06192322623638612,0.033650965290901974,-0.4341,0.872,0.23474375
21.025333404541016,21.025333404541016,136078500,20181220,TSLA,22.197999954223636,21.025333404541016,0,0.21402634223807226,0.025017427173416863,0.12575447558335223,0.025015443279922334,0.05834785026828627,0.24719947752020244,0.27962801084690997,0.0250109730898375,-0.3595,0.8953,0.10459999999999998
21.31800079345703,21.31800079345703,120252000,20181221,TSLA,21.025333404541016,21.31800079345703,1,0.3750038563684166,0.0416666691301938,0.0416666696534043,0.0416666693393401,0.0416666700632592,0.0417428804092839,0.0416666695833794,0.3749199154527224,-0.5994,-0.5994,-0.5994
19.69266700744629,19.69266700744629,83398500,20181224,TSLA,21.31800079345703,19.69266700744629,0,0.024774545735293037,0.12477361779943327,0.07837169464222757,0.02477306541154006,0.0747743740579937,0.18480492869430482,0.11476916186156069,0.37295861179764644,0.0,0.3612,0.1085
21.73933219909668,21.73933219909668,122446500,20181226,TSLA,19.69266700744629,21.73933219909668,1,0.15603076889088932,0.05181649312855808,0.2984123025672075,0.10597591783240375,0.14879966302913925,0.02699421517946962,0.057005805052122306,0.1549648343202098,-0.5267,0.6751,0.26363333333333333
21.07533264160156,21.07533264160156,128626500,20181227,TSLA,21.73933219909668,21.07533264160156,0,0.028133365233650502,0.0281281164075373,0.0281474702700157,0.42807276735181754,0.028139832165529753,0.028125001077290247,0.27812883143957245,0.15312461605458616,0.0,0.6588,0.3294
22.257999420166016,22.257999420166016,149085000,20181228,TSLA,21.07533264160156,22.257999420166016,1,0.0417160705967383,0.3749808835212835,0.3749091410133168,0.0416989013840737,0.0416666673285658,0.0416666672143343,0.0416878592318991,0.041673809709788,0.5983,0.5983,0.5983
22.18666648864746,22.18666648864746,94534500,20181231,TSLA,22.257999420166016,22.18666648864746,0,0.0312500017035813,0.0312500013188181,0.0312500020055304,0.0312635116308309,0.0312641107925839,0.0312500014918991,0.5312467737756926,0.2812255972810634,0.6908,0.6908,0.6908
20.02400016784668,20.02400016784668,104478000,20190103,TSLA,20.67466735839844,20.02400016784668,0,0.23882682668708713,0.024555122251500226,0.21201327537400608,0.36382481544768014,0.02458495484606135,0.08706251433342635,0.024575692671396074,0.024556798388842324,0.0,0.6588,0.255
21.179332733154297,21.179332733154297,110911500,20190104,TSLA,20.02400016784668,21.179332733154297,1,0.0625000013422514,0.0625000010361721,0.0625461741988462,0.0625000011270851,0.5624538188059808,0.0625000011727415,0.0625000012047258,0.0625000011121968,0.0,0.0,0.0
22.33066749572754,22.33066749572754,113268000,20190107,TSLA,21.179332733154297,22.33066749572754,1,0.39283537304476157,0.01845806099934435,0.11639917668998741,0.18764861785624012,0.018457029371265917,0.06079698099968101,0.1869456226914353,0.018459138347283934,0.0,0.3788,0.24803333333333333
22.568666458129883,22.568666458129883,81493500,20190109,TSLA,22.356666564941406,22.568666458129883,1,0.21886107493501603,0.017732458914873298,0.0556974571950658,0.10319323278613012,0.3082172875996126,0.05663230489823567,0.017719371690289566,0.2219468119807766,-0.5267,0.3818,-0.04829999999999999
22.99799919128418,22.99799919128418,90846000,20190110,TSLA,22.568666458129883,22.99799919128418,1,0.021449034482888,0.02142930262988795,0.3164344534629061,0.0214347362430562,0.021428571787255102,0.0214350632891971,0.5549522034064123,0.0214366346983971,0.5255,0.7845,0.655
23.15066719055176,23.15066719055176,75586500,20190111,TSLA,22.99799919128418,23.15066719055176,1,0.02432588764557865,0.024305555912741875,0.05207670266283712,0.02431139497130815,0.4355384979139629,0.07834991300548673,0.2742871415303308,0.08680490635775354,0.0,0.0,0.0
23.06999969482422,23.06999969482422,70375500,20190116,TSLA,22.96199989318848,23.06999969482422,1,0.09068109582768023,0.193366704570499,0.05122452498884987,0.02819530992297125,0.08775085106609683,0.4033241643902919,0.07083393187463335,0.07462341735897723,-0.4201,0.2374,-0.105225
23.15399932861328,23.15399932861328,55150500,20190117,TSLA,23.06999969482422,23.15399932861328,1,0.13232924713509753,0.025818452641846876,0.4338654423859437,0.13357393806339224,0.0258279508800391,0.19691417830269242,0.02583408737507015,0.025836703215917647,0.0,0.8442,0.401825
19.92799949645996,19.92799949645996,181000500,20190122,TSLA,20.15066719055176,19.92799949645996,0,0.2168641694893391,0.024593859533170743,0.36899749869976173,0.10457819111448616,0.09125113531198366,0.02459111473233,0.1057876141822798,0.06333641693664846,0.0,0.6369,0.24176000000000003
19.172666549682617,19.172666549682617,187950000,20190123,TSLA,19.92799949645996,19.172666549682617,0,0.18843348719372818,0.04589214301582443,0.013340246284701268,0.013338115304906967,0.233723407495662,0.013337627286486166,0.12084367917310697,0.37109129424558357,-0.5719,0.75,0.08800000000000001
19.80266761779785,19.80266761779785,108744000,20190125,TSLA,19.43400001525879,19.80266761779785,1,0.0875816447301032,0.03194822647924083,0.1985838974041124,0.14028385657197942,0.142974433893107,0.03195468505475825,0.33471507412283924,0.031958181743859386,0.0,0.8832,0.43598333333333333
19.7586669921875,19.7586669921875,96349500,20190128,TSLA,19.80266761779785,19.7586669921875,0,0.05208333401084575,0.052091474771224944,0.2187500760807601,0.21871483631641345,0.052098820030866654,0.3020938704441634,0.05208425446376595,0.0520833338819594,0.0,0.6249,0.31245
20.584667205810547,20.584667205810547,168754500,20190130,TSLA,19.83066749572754,20.584667205810547,1,0.24397399518033558,0.28026113166854794,0.2170030608907079,0.11208482740802848,0.029534971919681727,0.0580783725748663,0.02953385627968217,0.029529784078149553,-0.5994,0.2827,-0.174625
20.468000411987305,20.468000411987305,188538000,20190131,TSLA,20.584667205810547,20.468000411987305,0,0.08595148915082877,0.04046915436080264,0.19499522097059926,0.14007544458242155,0.10647760681338093,0.2727275050759132,0.06345805923102243,0.09584551981503096,0.0,0.9698,0.41773333333333335
20.81399917602539,20.81399917602539,109251000,20190201,TSLA,20.468000411987305,20.81399917602539,1,0.05077776913895753,0.01490232515006057,0.1410582449613675,0.028211352776129354,0.21237914206249967,0.07959651069127212,0.15523148334050121,0.31784317187921174,-0.34,0.875,0.20772857142857143
20.85933303833008,20.85933303833008,110281500,20190204,TSLA,20.81399917602539,20.85933303833008,1,0.03044889793563172,0.08045472212505503,0.05543922005124796,0.09656643089937944,0.09544422353538934,0.1958353907226387,0.15932319863692573,0.2864879160937318,-0.2023,0.8038,0.28428
21.14800071716309,21.14800071716309,75577500,20190206,TSLA,21.42333221435547,21.14800071716309,0,0.189259795791085,0.21522852694696928,0.24330145650801913,0.05348076180130887,0.20353500955551887,0.019445907570683534,0.019446358711774598,0.05630218311464039,0.0,0.1779,0.0593
20.500667572021484,20.500667572021484,97809000,20190207,TSLA,21.14800071716309,20.500667572021484,0,0.06400275100840706,0.13217385458615655,0.08589283763651383,0.0467425498018982,0.21338982566090167,0.11853244964125027,0.1506996766474061,0.188566055017466,0.0,0.8885,0.3317333333333334
20.38666725158692,20.38666725158692,87663000,20190208,TSLA,20.500667572021484,20.38666725158692,0,0.20658900070102712,0.016747820523602568,0.09657481727077875,0.016762321638370034,0.39138567719654543,0.16990955294352506,0.042941496437523596,0.0590893132886271,-0.296,0.5267,0.07689999999999998
20.856000900268555,20.856000900268555,106945500,20190211,TSLA,20.38666725158692,20.856000900268555,1,0.15868842962239046,0.19024305616168394,0.02362635725151689,0.04107696663772542,0.08076633637838518,0.14241880241082822,0.13339724523376392,0.22978280630370557,-0.3291,0.8947,0.43322727272727274
20.544666290283203,20.544666290283203,77124000,20190213,TSLA,20.78733253479004,20.544666290283203,0,0.2071345265823046,0.023046398509016002,0.1956760018716215,0.02304914319339957,0.16721093714514304,0.023050857313420967,0.13471691659985097,0.22611521878524296,-0.5023,0.7178,0.15516666666666667
20.251333236694336,20.251333236694336,78012000,20190214,TSLA,20.544666290283203,20.251333236694336,0,0.1104017949649287,0.028558893775097068,0.09954138863255313,0.14165818708019984,0.0285642654657754,0.11543796575993404,0.3355265663253098,0.14031093799620167,0.2023,0.765,0.4804833333333333
20.17066764831543,20.17066764831543,107131500,20190220,TSLA,20.375999450683597,20.17066764831543,0,0.26344404475249145,0.023969664485079634,0.517224550248741,0.023964326002743033,0.023963802897406333,0.023958333538883866,0.09951250553246076,0.023962772542193565,0.0,0.0,0.0
19.415332794189453,19.415332794189453,133638000,20190221,TSLA,20.17066764831543,19.415332794189453,0,0.12068161701257493,0.029189895062324014,0.06476988156688435,0.044112402612830455,0.09074173956465795,0.2710340480876194,0.0948134380934623,0.2846569779996463,-0.5719,0.7964,0.12354210526315788
19.6473331451416,19.6473331451416,86109000,20190222,TSLA,19.415332794189453,19.6473331451416,1,0.08615018258345983,0.013489544985685558,0.16257864112479686,0.0134832044189493,0.09581693308457703,0.46384010068382564,0.15114430938986395,0.01349708372884148,-0.6082,0.3182,-0.14975999999999998
19.857332229614254,19.857332229614254,128737500,20190226,TSLA,19.917999267578125,19.857332229614254,0,0.4869895705693281,0.041157178728302934,0.028170011815788258,0.04560449121421891,0.05503299341059301,0.0921817283635423,0.07575982021097434,0.17510420568725188,-0.4767,0.9538,0.3360142857142857
20.982667922973636,20.982667922973636,167758500,20190227,TSLA,19.857332229614254,20.982667922973636,1,0.14583064969980655,0.034722224111665166,0.11806968629996646,0.20139328964115014,0.03473846892759239,0.2291278544662226,0.03474119506585766,0.20137663178773865,-0.3595,0.0,-0.2185
21.32533264160156,21.32533264160156,157810500,20190228,TSLA,20.982667922973636,21.32533264160156,1,0.028647766216094953,0.07165962154164027,0.21614846064323714,0.1927899639633242,0.09889308618058937,0.028647633207388425,0.33456522613194295,0.028648242115782298,0.0,0.3182,0.2216
19.652666091918945,19.652666091918945,343671000,20190301,TSLA,21.32533264160156,19.652666091918945,0,0.2224236273529004,0.022516264000969673,0.0992737737023536,0.23966079947834695,0.22831214126508736,0.04194001349511607,0.0225213928265392,0.12335198787868637,0.144,0.6369,0.389475
19.02400016784668,19.02400016784668,256452000,20190304,TSLA,19.652666091918945,19.02400016784668,0,0.9270658510372792,0.0104166668448636,0.0104175880020764,0.0104172060054848,0.0104186939556224,0.0104166903022733,0.0104277981282754,0.0104195057241246,-0.586,-0.586,-0.586
18.43600082397461,18.43600082397461,281470500,20190305,TSLA,19.02400016784668,18.43600082397461,0,0.05209939795991375,0.0520833336265515,0.21870405533263082,0.0521199910078042,0.05208333373397575,0.4687290169698179,0.052093963380770006,0.052086907988535755,-0.34,0.3612,0.010599999999999998
18.439332962036133,18.439332962036133,141637500,20190307,TSLA,18.416000366210938,18.439332962036133,1,0.1611889032789242,0.017017260285700088,0.26927275161168357,0.1785484674509859,0.017014586197361462,0.09487509481470183,0.2264732279660248,0.03560970839461796,-0.5709,0.9186,0.3450875
18.94266700744629,18.94266700744629,132294000,20190308,TSLA,18.439332962036133,18.94266700744629,1,0.08386959170164666,0.053315764810056135,0.06599187090254782,0.026744792919790216,0.1808530012241933,0.26907505079562727,0.17335271406095204,0.14679721358518621,0.0,0.7263,0.30558
19.39466667175293,19.39466667175293,110884500,20190311,TSLA,18.94266700744629,19.39466667175293,1,0.0260416680829472,0.11124839216644186,0.026052052246297,0.026049035812036853,0.1677214847496458,0.026041667905842197,0.5907978246683332,0.0260478743684555,0.3818,0.4404,0.4111
18.89066696166992,18.89066696166992,112561500,20190312,TSLA,19.39466667175293,18.89066696166992,0,0.15062596638903067,0.3630703982950786,0.057879002111198855,0.023588641841276004,0.1345326439854185,0.023585324709762174,0.17549568315016675,0.07122233951806815,-0.3802,0.0,-0.14517142857142856
19.263999938964844,19.263999938964844,102670500,20190313,TSLA,18.89066696166992,19.263999938964844,1,0.04166666760671375,0.04166666739130055,0.04170123300210429,0.041666667453203854,0.04176258972753005,0.0416666674903262,0.708202839885046,0.0416666674437752,0.0,0.0,0.0
19.33066749572754,19.33066749572754,106551000,20190314,TSLA,19.263999938964844,19.33066749572754,1,0.0657397547678219,0.18470982632251343,0.20860267510112415,0.06572229835476463,0.0181100917507192,0.223060881691811,0.018182350864154265,0.21587212114709123,-0.3612,0.0516,-0.09460000000000002
18.36199951171875,18.36199951171875,221782500,20190315,TSLA,19.33066749572754,18.36199951171875,0,0.3749302603057542,0.374947878554203,0.0416666706186664,0.0416860203766284,0.0416666711438352,0.0417140040209164,0.0417007329042832,0.041687762075713,0.0,0.0,0.0
18.26799964904785,18.26799964904785,89206500,20190321,TSLA,18.239999771118164,18.26799964904785,1,0.026821907110902734,0.0267857150916929,0.026801375785035136,0.2627167016077672,0.24317528839627336,0.0267857152002548,0.1101250454120593,0.2767882513960143,-0.296,0.6369,0.11363333333333335
17.635332107543945,17.635332107543945,131184000,20190322,TSLA,18.26799964904785,17.635332107543945,0,0.11306136111847857,0.21301099844346089,0.2576472451042199,0.07454036538201123,0.029714991201104823,0.029707732133703174,0.09018985251942335,0.19212745409759774,-0.2263,0.9787,0.4665
17.3613338470459,17.3613338470459,153225000,20190325,TSLA,17.635332107543945,17.3613338470459,0,0.0208402139036779,0.0208366697813106,0.1879527080195054,0.0208333338355213,0.0208396367674685,0.6870122644980486,0.0208518393642407,0.0208333338302266,0.0,0.0,0.0
17.851333618164062,17.851333618164062,110263500,20190326,TSLA,17.3613338470459,17.851333618164062,1,0.09383098785874448,0.04585514516367485,0.2218404516341014,0.12565923032165446,0.06669623502338054,0.19851735292091222,0.12337917425282427,0.12422142282470748,-0.4497,0.9603,0.3385875
18.32200050354004,18.32200050354004,131688000,20190327,TSLA,17.851333618164062,18.32200050354004,1,0.0178590689460846,0.0178571432824741,0.7281332230709455,0.0178773705025277,0.0178571434399924,0.0178700168243278,0.1646884532558579,0.0178575806777896,0.807,0.807,0.807
18.57466697692871,18.57466697692871,101611500,20190328,TSLA,18.32200050354004,18.57466697692871,1,0.1874955736362656,0.0208942687421465,0.6873989541075436,0.0208410028865924,0.0208466237058716,0.0208363869983425,0.0208495016512015,0.0208376882720358,0.5326,0.5326,0.5326
18.65733337402344,18.65733337402344,89869500,20190329,TSLA,18.57466697692871,18.65733337402344,1,0.11186477701847457,0.06875303366097425,0.13725012965758696,0.06877092415853023,0.05167114116826162,0.14417997083454323,0.2956774837843115,0.12183253971731726,0.1027,0.8689,0.49432
19.27866744995117,19.27866744995117,121656000,20190401,TSLA,18.65733337402344,19.27866744995117,1,0.02812675769459515,0.0281267791506047,0.5879002440456607,0.24330424163532655,0.02813056280815745,0.0281250004488425,0.02813444763331225,0.02815196658350045,0.0,0.442,0.221
19.058666229248047,19.058666229248047,82183500,20190402,TSLA,19.27866744995117,19.058666229248047,0,0.0312676446661239,0.031250001310454,0.5310941617265282,0.0312628946575264,0.2812521396283631,0.0312500015038182,0.0312715156663453,0.0313516408408404,0.4588,0.4588,0.4588
19.45400047302246,19.45400047302246,118791000,20190403,TSLA,19.058666229248047,19.45400047302246,1,0.030256011647819443,0.11023674042702566,0.1573605603157208,0.13280958824779293,0.13025253398269526,0.2364220838266699,0.09242068569786979,0.11024179585440583,0.0,0.7422,0.28432
17.851999282836914,17.851999282836914,355810500,20190404,TSLA,19.45400047302246,17.851999282836914,0,0.03002625216856426,0.030007268464480142,0.31217698813819805,0.109980252808265,0.12997719327982188,0.03000687632822452,0.3278009896559823,0.03002417915646342,0.0,0.8591,0.42112
18.33066749572754,18.33066749572754,195574500,20190405,TSLA,17.851999282836914,18.33066749572754,1,0.02355176808674189,0.03747717633439055,0.3654712835853345,0.02354366873294408,0.023548506837246193,0.24681925327176465,0.21266625643195275,0.0669220867196251,-0.4215,0.5106,0.12683
18.21333312988281,18.21333312988281,156156000,20190408,TSLA,18.33066749572754,18.21333312988281,0,0.041147319789012766,0.0181479560166099,0.15630879187428007,0.018112693683704734,0.1133613687221124,0.018116454626417897,0.6166708070515156,0.018134608236346498,-0.0258,0.0516,0.0086
18.15399932861328,18.15399932861328,88560000,20190409,TSLA,18.21333312988281,18.15399932861328,0,0.2150466283934872,0.0208477112143165,0.0208333342061193,0.3541654879939959,0.0208394652202563,0.0208334325489879,0.3265987763188139,0.0208351641040228,0.0,0.0,0.0
18.40399932861328,18.40399932861328,105919500,20190410,TSLA,18.15399932861328,18.40399932861328,1,0.14652759897875067,0.028454682342655226,0.0909506228689878,0.02845664877862535,0.31280853974395145,0.15098742728092365,0.1439590300961061,0.09785544990999942,-0.296,0.4019,0.017625000000000002
17.84666633605957,17.84666633605957,101190000,20190412,TSLA,17.89466667175293,17.84666633605957,0,0.025840386302795698,0.1424002266398314,0.1554131582211577,0.02584302558343496,0.18582523721616961,0.1258399321117168,0.17592437014843024,0.1629136637764632,-0.2732,0.4939,0.20882
17.7586669921875,17.7586669921875,150579000,20190415,TSLA,17.84666633605957,17.7586669921875,0,0.0146151293897687,0.01461369743556075,0.4431969449713264,0.014612479706491849,0.18852077564481454,0.17775210683798315,0.01461245915022785,0.1320764068638264,0.296,0.3612,0.3286
18.224000930786133,18.224000930786133,109093500,20190416,TSLA,17.7586669921875,18.224000930786133,1,0.0271001077954512,0.027115783434048503,0.10136457531464066,0.402744165706256,0.36039875802542687,0.0270833346513289,0.02709738408334445,0.027095890989503046,0.296,0.6284,0.46219999999999994
17.516666412353516,17.516666412353516,182206500,20190422,TSLA,18.21733283996582,17.516666412353516,0,0.23793342650893415,0.026057653782689996,0.23077701296466566,0.2647725729691252,0.02605969383506225,0.16229484987100398,0.02604587969178565,0.02605891037673265,0.0,0.6114,0.3057
17.593332290649414,17.593332290649414,164158500,20190423,TSLA,17.516666412353516,17.593332290649414,1,0.1327767017557532,0.060557081062467634,0.3116880308840183,0.04214804335369259,0.07014876759067415,0.06755804359367251,0.15110680723603484,0.16401652452368642,-0.9638,0.7003,-0.17427
17.243999481201172,17.243999481201172,160912500,20190424,TSLA,17.593332290649414,17.243999481201172,0,0.20314806951922462,0.11563600506141641,0.14301025674513398,0.10954647406441645,0.24593148296552214,0.02814810137329894,0.07560588433657627,0.07897372593441082,0.0,0.3182,0.1021125
16.5086669921875,16.5086669921875,327741000,20190425,TSLA,17.243999481201172,16.5086669921875,0,0.326370461898575,0.026885684991182168,0.16126063556259507,0.026789308745006735,0.31289420949688546,0.026786043664346237,0.09220640124440133,0.026807254397007766,0.0,0.0,0.0
15.675999641418455,15.675999641418455,335410500,20190426,TSLA,16.5086669921875,15.675999641418455,0,0.0208556878676332,0.0208333337762222,0.0208333339647194,0.0208424562507128,0.0208333339395826,0.0208343785062311,0.8541341418867244,0.020833333808174,0.807,0.807,0.807
16.097999572753906,16.097999572753906,250717500,20190429,TSLA,15.675999641418455,16.097999572753906,1,0.14154451657641037,0.05417091781394634,0.09126021549708667,0.1668001737936857,0.05416666766902848,0.2837177549763775,0.05417786841184147,0.1541618852616232,0.0,0.8481,0.16962
15.912667274475098,15.912667274475098,141969000,20190430,TSLA,16.097999572753906,15.912667274475098,0,0.0416804000301117,0.7081563041461086,0.0417708652851228,0.0416806949124389,0.0416827159786473,0.0416956855355565,0.0416666670710885,0.0416666670409254,-0.7351,-0.7351,-0.7351
17.022666931152344,17.022666931152344,162508500,20190506,TSLA,17.00200080871582,17.022666931152344,1,0.032662521662772136,0.032642742878565334,0.39369196209631657,0.09930422338688537,0.03266832095301216,0.23267048829303097,0.14370822303975073,0.0326515176896665,0.0,0.4404,0.1468
16.470666885375977,16.470666885375977,151971000,20190507,TSLA,17.022666931152344,16.470666885375977,0,0.03521502982069964,0.10188754093400813,0.15188259673917687,0.23664735540659865,0.03522023737489184,0.09195998356155961,0.21198646887535738,0.13520078728770754,-0.5423,0.34,0.0335
16.32266616821289,16.32266616821289,92646000,20190508,TSLA,16.470666885375977,16.32266616821289,0,0.2669676191630496,0.021391369469309075,0.4541267077256615,0.021396704709870776,0.021398704392219952,0.0213917555290498,0.021430004169759976,0.17189713484107905,0.0,0.4404,0.299725
16.131999969482422,16.131999969482422,100671000,20190509,TSLA,16.32266616821289,16.131999969482422,0,0.18304271869917305,0.0521050443167898,0.3853511860266763,0.05210880021146406,0.05209190020110726,0.09970387518985728,0.052093682772615627,0.12350279258231633,-0.3818,0.7906,0.1006857142857143
15.968000411987305,15.968000411987305,105124500,20190510,TSLA,16.131999969482422,15.968000411987305,0,0.09867639272654855,0.2227126869990026,0.15881201068861805,0.1429766216498409,0.027926285636402058,0.027934373337034364,0.1430920748740761,0.17786955408847704,-0.5994,0.7003,-0.16946
15.487333297729492,15.487333297729492,108786000,20190514,TSLA,15.133999824523926,15.487333297729492,1,0.0913005073552258,0.0265687592140616,0.08075442380232614,0.0265774878354861,0.2612345125489279,0.22012959054405495,0.21989559087961752,0.07353912782029964,0.0,0.5256,0.22169999999999998
15.463333129882812,15.463333129882812,109440000,20190515,TSLA,15.487333297729492,15.463333129882812,0,0.7810812994414507,0.0313390457149653,0.031253898945689,0.0312500009916362,0.0312822239704442,0.0312500010420898,0.0312632511208727,0.0312802787728519,0.0,0.0,0.0
15.222000122070312,15.222000122070312,112249500,20190516,TSLA,15.463333129882812,15.222000122070312,0,0.03877184617203057,0.03879543842310388,0.07210792230745568,0.1605238627069424,0.03877643046427436,0.4356955254525287,0.16373638595401466,0.051592588519649485,0.0,0.8883,0.36003333333333337
14.0686674118042,14.0686674118042,266800500,20190517,TSLA,15.222000122070312,14.0686674118042,0,0.018935072723576935,0.1545322765999261,0.19475638098551562,0.018921429384060735,0.23369371919261359,0.20705445757921917,0.05793041168643507,0.11417625184865239,-0.7269,0.0,-0.3622
13.67199993133545,13.67199993133545,270058500,20190521,TSLA,13.690667152404783,13.67199993133545,0,0.03265806708382497,0.032681876981532236,0.29928514710127785,0.0326952814220295,0.032654442493082934,0.11595141338908453,0.0326541545037113,0.42141961702545644,-0.2263,0.25,0.0672
12.84866714477539,12.84866714477539,280278000,20190522,TSLA,13.67199993133545,12.84866714477539,0,0.0125217948783982,0.0125000005079934,0.0125014755326876,0.0125168139575353,0.0125010483554132,0.012527331373469,0.012518669877436,0.912412865517067,-0.4754,-0.4754,-0.4754
13.03266716003418,13.03266716003418,398206500,20190523,TSLA,12.84866714477539,13.03266716003418,1,0.23549742334117685,0.021747686272630025,0.08853344080209025,0.0911626427189377,0.12327359287004444,0.04427786192764208,0.0434661008015535,0.3520412512659249,-0.5221,0.7184,0.1090764705882353
12.708666801452637,12.708666801452637,212049000,20190524,TSLA,13.03266716003418,12.708666801452637,0,0.2700717666206755,0.0443227730955483,0.1585465040788597,0.1078020696194442,0.026138822450039526,0.248215384859812,0.03541647755188242,0.10948620172373805,-0.2714,0.6705,0.2251090909090909
12.579999923706056,12.579999923706056,154693500,20190528,TSLA,12.708666801452637,12.579999923706056,0,0.0416759251508661,0.0416790101043446,0.0416666678799668,0.0416666677598022,0.0416666680367344,0.0416666678016485,0.7083117255279058,0.0416666677387312,0.8225,0.8225,0.8225
12.657333374023438,12.657333374023438,179529000,20190529,TSLA,12.579999923706056,12.657333374023438,1,0.034738814136339564,0.16922609279838796,0.18282621575559674,0.12245097191394656,0.03473371430815226,0.14584527544950363,0.034734728534994465,0.2754441871030786,-0.7579,0.1531,-0.39223333333333327
12.54800033569336,12.54800033569336,118897500,20190530,TSLA,12.657333374023438,12.54800033569336,0,0.08318700716721587,0.019175602727925168,0.1524888193756496,0.0713797205486143,0.13335338893466941,0.2735799054651293,0.15344157627620003,0.11339397950459591,-0.7906,0.8934,0.24021666666666666
12.343999862670898,12.343999862670898,156100500,20190531,TSLA,12.54800033569336,12.343999862670898,0,0.11318499571904413,0.02719736479684378,0.08811334644731068,0.027193709706240982,0.36444762878838405,0.0271931499861164,0.3254636069341969,0.027206197621862736,-0.25,0.4588,0.11664
11.9313325881958,11.9313325881958,195966000,20190603,TSLA,12.343999862670898,11.9313325881958,0,0.0208912183643757,0.0208633888553081,0.3185702618649679,0.0208454688894271,0.0208333344688203,0.0208411008605391,0.3856273773288819,0.1915278493676796,0.0,0.0,0.0
12.90666675567627,12.90666675567627,207112500,20190604,TSLA,11.9313325881958,12.90666675567627,1,0.31004317596294584,0.14191817368376095,0.2893120100142304,0.021135735080353376,0.07114060671681566,0.04542795580755696,0.09985915912110153,0.021163183613235,-0.1531,0.0516,-0.025375
13.105999946594238,13.105999946594238,202662000,20190605,TSLA,12.90666675567627,13.105999946594238,1,0.0250596678620699,0.0250287533003325,0.0250000010233772,0.0250071727495093,0.0250077810666615,0.0250001592379873,0.6155973279443072,0.2342991368157548,0.0,0.0,0.0
14.19200038909912,14.19200038909912,158775000,20190610,TSLA,13.633333206176758,14.19200038909912,1,0.20001524725442216,0.07765599229102205,0.41662888098332895,0.033343079535540124,0.0889970880856831,0.03333659040318712,0.033346362058915724,0.11667675938790037,0.4201,0.7959,0.537575
14.473333358764648,14.473333358764648,174802500,20190611,TSLA,14.19200038909912,14.473333358764648,1,0.30580266683453616,0.18952256250910104,0.02010873840335695,0.2528904115287969,0.020093362948773452,0.1272354515245192,0.06425420990132355,0.0200925963495925,-0.6486,-0.4939,-0.57125
13.95066738128662,13.95066738128662,227962500,20190612,TSLA,14.473333358764648,13.95066738128662,0,0.03333898420807415,0.0333339965048811,0.4333130302756024,0.033401339923404,0.0333344041222199,0.03333395025940265,0.03333451528316065,0.3666097794232549,0.1531,0.5719,0.3625
14.260666847229004,14.260666847229004,122524500,20190613,TSLA,13.95066738128662,14.260666847229004,1,0.029179035594924366,0.25801533418595646,0.39355938439566646,0.029252012282584002,0.029198546564504966,0.1168672857590502,0.029183986531266068,0.11474441468604711,0.0,0.7269,0.3627
14.32800006866455,14.32800006866455,111501000,20190614,TSLA,14.260666847229004,14.32800006866455,1,0.015286187579766132,0.0152782161597277,0.015301578687683032,0.17010080188105836,0.23754391873093064,0.0152818712307342,0.21527173452856763,0.3159356912015319,0.0,0.6249,0.3355666666666666
15.001999855041504,15.001999855041504,184752000,20190617,TSLA,14.32800006866455,15.001999855041504,1,0.211612051498241,0.05166718496636458,0.0516691225666972,0.051683778850800347,0.16753013997126132,0.21830744902286042,0.0517057877984365,0.1958244853253384,-0.1511,0.25,0.01978
14.982666969299316,14.982666969299316,190737000,20190618,TSLA,15.001999855041504,14.982666969299316,0,0.3750024946048275,0.0416666679908685,0.0416666682672512,0.3749974961849597,0.0416666684826367,0.0416666681691696,0.0416666682128446,0.0416666680874419,0.0,0.0,0.0
15.095333099365234,15.095333099365234,98626500,20190619,TSLA,14.982666969299316,15.095333099365234,1,0.17419690438148547,0.16567726301865024,0.16626375588460574,0.02283450018311845,0.21726736184759837,0.022829184065504847,0.13360692332048862,0.09732410729854794,-0.8402,0.2023,-0.15947499999999998
14.641332626342772,14.641332626342772,177952500,20190620,TSLA,15.095333099365234,14.641332626342772,0,0.022918821821322002,0.02293669913599755,0.2220072914766364,0.2218185685171678,0.022923177563686052,0.3146509769529339,0.1498273080924554,0.0229171564398006,-0.0865,0.2023,0.05790000000000001
14.790666580200195,14.790666580200195,123031500,20190621,TSLA,14.641332626342772,14.790666580200195,1,0.0281860001945491,0.5169968853489809,0.028204512835710367,0.22524790132174943,0.028181723721722767,0.11680443849880053,0.028197081768800935,0.0281814563096856,0.0,0.7263,0.45439999999999997
14.90933322906494,14.90933322906494,86262000,20190624,TSLA,14.790666580200195,14.90933322906494,1,0.056912125535117986,0.035066480397222814,0.20916442244296324,0.0363193170042442,0.07269821390354343,0.1619324274829158,0.13248764965877147,0.29541936357522075,-0.5994,0.802,0.15387647058823528
14.650667190551758,14.650667190551758,92731500,20190625,TSLA,14.90933322906494,14.650667190551758,0,0.07989369702760847,0.09306633095778923,0.15048919112061893,0.026434849384887122,0.14785031079094607,0.4494174987827308,0.02642100885575028,0.02642711307966868,-0.0772,0.8777,0.24767
14.618000030517578,14.618000030517578,127608000,20190626,TSLA,14.650667190551758,14.618000030517578,0,0.16262873892847413,0.03534001581287785,0.15795339102352096,0.06219330729323399,0.2409455790700802,0.13746668968366044,0.0822759553515355,0.1211963228366166,-0.5267,0.4404,-0.05010000000000001
14.855999946594238,14.855999946594238,95095500,20190627,TSLA,14.618000030517578,14.855999946594238,1,0.3617023118697815,0.025299003950451322,0.3050561421776024,0.06696415139978618,0.025319309073908,0.06101374428385607,0.02530320664700015,0.12934213059761412,-0.7227,0.1779,-0.10435
14.897333145141602,14.897333145141602,102771000,20190628,TSLA,14.855999946594238,14.897333145141602,1,0.029198609703116968,0.11249841219298179,0.09585064656968693,0.09581920851875365,0.11250664589054014,0.029193291341298135,0.4957665181234174,0.029166667660204565,0.0,0.6705,0.3937
15.14466667175293,15.14466667175293,123201000,20190701,TSLA,14.897333145141602,15.14466667175293,1,0.0178576732689184,0.0178571431542659,0.1607150684853758,0.1607132201801993,0.589285465334356,0.0178571431951849,0.0178571432049289,0.0178571431767705,0.296,0.296,0.296
14.970000267028809,14.970000267028809,138885000,20190702,TSLA,15.14466667175293,14.970000267028809,0,0.11553839180756977,0.029568768982868865,0.1406342386756425,0.3965812743579125,0.02951584073796117,0.029523108561675327,0.229116219971137,0.029522156905232504,0.2023,0.8118,0.4848333333333333
15.65999984741211,15.65999984741211,213016500,20190703,TSLA,14.970000267028809,15.65999984741211,1,0.15521390808012075,0.015555122788670925,0.40413155762690844,0.015539374180778625,0.0155287671340089,0.14872341908507225,0.2297787565414384,0.0155290945630014,0.6249,0.8591,0.744775
15.355999946594238,15.355999946594238,88207500,20190708,TSLA,15.539999961853027,15.355999946594238,0,0.17834784043114332,0.08073770523367767,0.2408588467389989,0.03924348913765898,0.08228521299244064,0.11639358233136068,0.1987096836543939,0.06342363948032556,-0.2263,0.7498,0.16612222222222223
15.337332725524902,15.337332725524902,92862000,20190709,TSLA,15.355999946594238,15.337332725524902,0,0.2772054834886322,0.13149690382855547,0.10700438959657523,0.017172925660380974,0.133096816859818,0.09621542131840752,0.1839794789352641,0.05382858031236615,-0.6705,0.6808,0.149675
15.928000450134276,15.928000450134276,137185500,20190710,TSLA,15.337332725524902,15.928000450134276,1,0.0208530017081037,0.3541527114780884,0.104148120007148,0.02086526213890595,0.02083968826622975,0.43745428239124795,0.020848279179832452,0.020838654830443448,0.0,0.6997,0.34985
15.90666675567627,15.90666675567627,112716000,20190711,TSLA,15.928000450134276,15.90666675567627,0,0.2656273594810895,0.1406150587887947,0.1406287108792869,0.140622748683399,0.0157105111418492,0.0156250012366194,0.0156250012698636,0.2655456085190973,0.8309,0.8309,0.8309
16.338666915893555,16.338666915893555,138007500,20190712,TSLA,15.90666675567627,16.338666915893555,1,0.07501322986187828,0.025005719011290277,0.14961723085875825,0.025000000562517038,0.3287198160939522,0.17035255134670738,0.02503418628554526,0.201257265979351,-0.191,0.8834,0.21885999999999997
16.825332641601562,16.825332641601562,122235000,20190716,TSLA,16.899999618530273,16.825332641601562,0,0.10962034627328832,0.05906426571085922,0.37848606533798373,0.04934180304214467,0.0764153728098096,0.07086401922516337,0.2353252122776417,0.02088291532310908,-0.1531,0.6808,0.23754444444444445
16.99066734313965,16.99066734313965,146470500,20190717,TSLA,16.825332641601562,16.99066734313965,1,0.0250104649255309,0.025002443719592,0.0250071436542983,0.0250000005672055,0.0250000007173901,0.3159938561433626,0.5339849095345099,0.0250011807381102,0.3818,0.3818,0.3818
16.902666091918945,16.902666091918945,71379000,20190718,TSLA,16.99066734313965,16.902666091918945,0,0.14225884029447405,0.040820970251849574,0.23332266819900024,0.0666690343145793,0.06165079258845393,0.17719000558816,0.11923089755825814,0.1588567912052245,-0.8316,0.9493,0.0759875
17.211999893188477,17.211999893188477,105726000,20190719,TSLA,16.902666091918945,17.211999893188477,1,0.1041720637128815,0.020833333611015248,0.35416399915985775,0.02083680245900215,0.43746687504126536,0.0208357109913465,0.02085439355152895,0.020836821473102,0.0,0.0,0.0
17.045333862304688,17.045333862304688,102636000,20190722,TSLA,17.211999893188477,17.045333862304688,0,0.18264948797577368,0.10299973025769094,0.09232642571185676,0.030792487882412543,0.11228197476113709,0.22707105895207608,0.05300729590737305,0.19887153855167958,0.0,0.6249,0.12093333333333334
17.658666610717773,17.658666610717773,166092000,20190724,TSLA,17.344667434692383,17.658666610717773,1,0.03133674516147285,0.36443510022508013,0.031285776942376047,0.19788182037449695,0.03127331149595445,0.19793691754283219,0.11460032641310165,0.03125000184468555,0.0,0.1531,0.07655
15.254667282104492,15.254667282104492,336274500,20190725,TSLA,17.658666610717773,15.254667282104492,0,0.1276217293383493,0.019793550893300524,0.20046254139539132,0.06474858650601907,0.14009412859170403,0.0763675439518258,0.01980334823438095,0.3511085710890285,-0.4215,0.7906,0.182575
15.202667236328123,15.202667236328123,150415500,20190726,TSLA,15.254667282104492,15.202667236328123,0,0.03125185350318263,0.03125533011149143,0.12639092435168298,0.03125423893829473,0.28130920085433087,0.031263146813331595,0.43602144088247813,0.03125386454520723,0.0,0.8118,0.2706
15.718000411987305,15.718000411987305,139099500,20190729,TSLA,15.202667236328123,15.718000411987305,1,0.0208484291235197,0.0208386344662073,0.0208570632443503,0.8541079538348869,0.0208333340715489,0.0208354826911918,0.0208457686578659,0.0208333339104288,0.2732,0.2732,0.2732
16.150667190551758,16.150667190551758,121635000,20190730,TSLA,15.718000411987305,16.150667190551758,1,0.5629580210267069,0.0156295304854573,0.0156338958193937,0.1562251192362513,0.015630075686328,0.0156293845917479,0.202666669838049,0.0156273033160657,0.4215,0.4215,0.4215
16.107332229614258,16.107332229614258,137673000,20190731,TSLA,16.150667190551758,16.107332229614258,0,0.0178615961293187,0.0178737014004146,0.0178617279184705,0.1827184836430825,0.1607126074633462,0.5672416925625633,0.0178628791298452,0.0178673117529588,0.3089,0.3089,0.3089
15.59000015258789,15.59000015258789,123892500,20190801,TSLA,16.107332229614258,15.59000015258789,0,0.017020253839441866,0.017021505769692764,0.2002698500006573,0.18659962431397348,0.17110861018061466,0.28366117724399076,0.017018108195706597,0.10730087045592228,0.0,0.6369,0.3905
15.221332550048828,15.221332550048828,105424500,20190805,TSLA,15.62266731262207,15.221332550048828,0,0.011364511047118,0.0113636371498692,0.0113657034426295,0.1475423825778713,0.011391007956248,0.5501332004701897,0.2454544758589113,0.0113850814971626,0.7749,0.7749,0.7749
15.383333206176758,15.383333206176758,83463000,20190806,TSLA,15.221332550048828,15.383333206176758,1,0.025619358784013658,0.23042397930339975,0.02562261571670086,0.15768247325554532,0.09228197021079555,0.1953536134128288,0.09955793059972064,0.17345805871699502,0.0,0.9387,0.5619799999999999
15.56133270263672,15.56133270263672,71647500,20190807,TSLA,15.383333206176758,15.56133270263672,1,0.031253273540144455,0.03125644821800115,0.03125000048539755,0.03125000043408455,0.3154162994926124,0.4970689153193113,0.0312500004675315,0.031255062042916754,-0.1531,0.0,-0.07655
15.886667251586914,15.886667251586914,79114500,20190808,TSLA,15.56133270263672,15.886667251586914,1,0.09156261169084466,0.24300748009750042,0.226940157496355,0.19344248347045603,0.012966998287779334,0.012972659835750166,0.14514708836935397,0.07396052075196007,0.7503,0.9052,0.8323666666666667
15.667332649230955,15.667332649230955,58473000,20190809,TSLA,15.886667251586914,15.667332649230955,0,0.043817481368727054,0.08025163776313306,0.1264722263476192,0.09203947010662508,0.1698455593641689,0.13459932849669323,0.30923055140851924,0.04374374514451387,-0.3182,0.9022,0.19552666666666668
14.37600040435791,14.37600040435791,122394000,20190815,TSLA,14.641332626342772,14.37600040435791,0,0.11198431696600616,0.11199813424004734,0.1108459149453987,0.0286491950786976,0.0286548235049781,0.32029502434739515,0.1455440711983024,0.14202851971917418,-0.3595,0.6705,0.195325
14.662667274475098,14.662667274475098,76477500,20190816,TSLA,14.37600040435791,14.662667274475098,1,0.0416666705165856,0.3749810264534547,0.0416965799332217,0.0416738452356974,0.0416787554176375,0.0416666700498871,0.374950844207254,0.0416856081862617,0.0,0.0,0.0
15.121999740600586,15.121999740600586,79644000,20190819,TSLA,14.662667274475098,15.121999740600586,1,0.0312500020906933,0.0312580231682452,0.031250001971042,0.2812539106865864,0.0312613493561976,0.0312500018548825,0.5312267091332569,0.0312500017390959,0.0,0.0,0.0
15.057332992553713,15.057332992553713,61878000,20190820,TSLA,15.121999740600586,15.057332992553713,0,0.061382076989411075,0.03799533281765376,0.15072813079790345,0.02013080611566071,0.15334317317659235,0.12598178423190093,0.395410479042127,0.055028216828750406,0.0,0.8777,0.34018
14.333333015441896,14.333333015441896,75778500,20190826,TSLA,14.09333324432373,14.333333015441896,1,0.0291670933126869,0.0291666669281264,0.029176530115989235,0.029168867210472165,0.5458283713054938,0.029168893066705965,0.02917391031426593,0.2791496677462593,0.0,0.2382,0.0794
14.272000312805176,14.272000312805176,81243000,20190827,TSLA,14.333333015441896,14.272000312805176,0,0.03645833403818405,0.036466572209279624,0.03645833399399397,0.0365082249038851,0.22397774421471722,0.3905797327563017,0.03645884566832078,0.20309221221531729,0.0,0.0,0.0
14.37266731262207,14.37266731262207,48382500,20190828,TSLA,14.272000312805176,14.37266731262207,1,0.032563255163826674,0.06379368548174011,0.07424680398420493,0.032552084159077545,0.2810477961395663,0.32569387738109634,0.15754916189750268,0.0325533357929852,0.0,0.2023,0.050575
15.000666618347168,15.000666618347168,80311500,20190903,TSLA,15.040666580200195,15.000666618347168,0,0.0250811860607665,0.0250173729488809,0.0250590905372489,0.6128862724267602,0.0250000011806804,0.0250000009722412,0.0250109744095671,0.2369451014638544,0.3612,0.3612,0.3612
14.711999893188477,14.711999893188477,86415000,20190904,TSLA,15.000666618347168,14.711999893188477,0,0.02355026505119815,0.148375338364863,0.39843537876835644,0.3358452299605308,0.0234375021202662,0.02344437278533725,0.023463874569245896,0.02344803838020195,-0.6808,-0.6486,-0.6647
15.305333137512209,15.305333137512209,110929500,20190905,TSLA,14.711999893188477,15.305333137512209,1,0.0208400716735842,0.8541235900832659,0.0208333336404503,0.020854108177568,0.0208333336818666,0.0208333336218344,0.0208457025931701,0.0208365265282601,0.0,0.0,0.0
15.16333293914795,15.16333293914795,62841000,20190906,TSLA,15.305333137512209,15.16333293914795,0,0.0333581023016162,0.033340286031041,0.03333333511296045,0.033333334934029596,0.5000058480662752,0.13333085334179634,0.03335757266720965,0.19994066754507137,0.0,0.3182,0.1591
15.452667236328123,15.452667236328123,72040500,20190909,TSLA,15.16333293914795,15.452667236328123,1,0.12627927925508767,0.09360187455222765,0.03322819715552029,0.03322408783288367,0.1513313542259635,0.28774591409356953,0.0921980309751467,0.18239126190960067,-0.8689,0.2975,-0.09024
15.702667236328123,15.702667236328123,73255500,20190910,TSLA,15.452667236328123,15.702667236328123,1,0.09114494973928325,0.17233282634807123,0.04949386656689402,0.04948508778403458,0.16912377420957891,0.09650196631834498,0.1349376042163024,0.23697992481749042,-0.2023,0.5423,0.2656
16.47333335876465,16.47333335876465,150642000,20190911,TSLA,15.702667236328123,16.47333335876465,1,0.30625254896685994,0.02291666725031655,0.02295853710460265,0.122915234940639,0.0229166674685434,0.1062476533115181,0.28954411008753256,0.10624858086998745,0.0,0.8983,0.44915
16.391332626342773,16.391332626342773,128718000,20190912,TSLA,16.47333335876465,16.391332626342773,0,0.13125242895491313,0.09791291009492527,0.21458438479502379,0.26455056548252676,0.03127156126067744,0.03125000081271958,0.19791394851600047,0.03126420008321322,-0.296,0.8553,0.19024
16.187332153320312,16.187332153320312,70921500,20190916,TSLA,16.34666633605957,16.187332153320312,0,0.1449925963092162,0.021564428075929367,0.44033855530934024,0.021529939297501532,0.10486818487771964,0.05700417249419276,0.1881582467184951,0.02154387691760493,0.541,0.9387,0.7639666666666667
16.319332122802734,16.319332122802734,57981000,20190917,TSLA,16.187332153320312,16.319332122802734,1,0.4282991136590905,0.0289144548212669,0.028927333384981477,0.3447455835108146,0.0289126698505422,0.028913103777468873,0.0289278113054983,0.08235992969033684,-0.4215,0.7871,0.09785
16.232667922973633,16.232667922973633,62553000,20190918,TSLA,16.319332122802734,16.232667922973633,0,0.0521227415538619,0.05212060339129157,0.13541461292434379,0.21862924678645435,0.052083335447963564,0.052104875745369233,0.38542037475601326,0.05210420939470197,0.0,0.4404,0.1468
16.440000534057617,16.440000534057617,71937000,20190919,TSLA,16.232667922973633,16.440000534057617,1,0.0351197842210006,0.09466183422389494,0.16845213731768025,0.2389201241502771,0.03512393022319103,0.03512270216041067,0.16845262429967653,0.22414686340386866,0.0,0.6981,0.4627333333333334
16.041332244873047,16.041332244873047,95295000,20190920,TSLA,16.440000534057617,16.041332244873047,0,0.0312626068869937,0.0313456555633635,0.2812014718351572,0.5311618735173825,0.0312661197956473,0.0312622696786249,0.0312500014175507,0.0312500013052798,0.4404,0.4404,0.4404
16.082000732421875,16.082000732421875,65103000,20190923,TSLA,16.041332244873047,16.082000732421875,1,0.1336605787457817,0.028115588957550387,0.20905665187869088,0.056681507747468704,0.12183543846175118,0.2233932014649828,0.15207371177686088,0.07518332096691324,0.0,0.7345,0.21182857142857145
14.880666732788086,14.880666732788086,193372500,20190924,TSLA,16.082000732421875,14.880666732788086,0,0.1085261934192765,0.13325466578197834,0.12284047770389078,0.0497820898860383,0.17990846381001468,0.11812180518645957,0.13613022444365774,0.1514360797686837,0.0,0.9042,0.42010000000000003
16.17066764831543,16.17066764831543,178267500,20190926,TSLA,15.24666690826416,16.17066764831543,1,0.08738006440355899,0.08523999444954312,0.12794592011236147,0.02811686260935676,0.25515910369227807,0.04110887372496008,0.21793672332537892,0.15711245768256227,0.0,0.802,0.1694
16.142000198364258,16.142000198364258,166746000,20190927,TSLA,16.17066764831543,16.142000198364258,0,0.044675463247734686,0.016908690661716616,0.01690121146290935,0.05796951879593787,0.10302198684158805,0.07294952242096105,0.11212450771879745,0.5754490988503546,-0.5267,0.8398,0.18756666666666666
16.058000564575195,16.058000564575195,88197000,20190930,TSLA,16.142000198364258,16.058000564575195,0,0.0250000004683791,0.0250000003620297,0.4722462490765817,0.0250124976235959,0.0250000004967308,0.0250000004114858,0.3777412511724366,0.02500000038876,0.0,0.0,0.0
16.312667846679688,16.312667846679688,92439000,20191001,TSLA,16.058000564575195,16.312667846679688,1,0.17846552164665155,0.13571743680737683,0.10377300563548246,0.019606662158698798,0.049066135871725695,0.12973602656378722,0.1349761816474213,0.2486590296688558,-0.296,0.7717,0.28501666666666664
16.208667755126953,16.208667755126953,84471000,20191002,TSLA,16.312667846679688,16.208667755126953,0,0.02605983411739225,0.02606847303996085,0.14866516167419383,0.4009615672325915,0.0260471111735793,0.02604613806750035,0.32010365536770174,0.0260480593270798,0.0,0.4574,0.2287
15.428667068481444,15.428667068481444,119925000,20191004,TSLA,15.535332679748535,15.428667068481444,0,0.03645943529619515,0.2864047781549298,0.036483879590650845,0.16144314709621305,0.03645833500409275,0.36977001311688573,0.036484575385249754,0.0364958363557826,0.4926,0.6588,0.5757
15.847999572753906,15.847999572753906,120963000,20191007,TSLA,15.428667068481444,15.847999572753906,1,0.3749573880630489,0.0417702888849857,0.0416666687185021,0.0416666685083654,0.3749389800809963,0.0416666685982717,0.0416666686510564,0.0416666684947731,0.0,0.0,0.0
16.003332138061523,16.003332138061523,130173000,20191008,TSLA,15.847999572753906,16.003332138061523,1,0.022327410790666725,0.18892828834331354,0.04981760845621275,0.09589178911276869,0.16517357337745087,0.2187745791142381,0.23674078881372423,0.022345961991624773,-0.34,0.891,0.2444
16.302000045776367,16.302000045776367,103416000,20191009,TSLA,16.003332138061523,16.302000045776367,1,0.03958681593337002,0.19759684914481418,0.2648722540973397,0.07291807583779812,0.03958333467679025,0.17291745105089842,0.17289575385772255,0.03962946540126644,-0.6249,0.0,-0.17665999999999998
16.31599998474121,16.31599998474121,94249500,20191010,TSLA,16.302000045776367,16.31599998474121,1,0.0215963235375171,0.021602326330085533,0.14111262244339826,0.5502456664728382,0.02157860549935847,0.15610291310532595,0.06618116093979308,0.0215803816716832,-0.1531,0.6124,0.19576666666666667
17.130666732788086,17.130666732788086,153075000,20191014,TSLA,16.525999069213867,17.130666732788086,1,0.12084229737730168,0.05831049696634495,0.18243869735927887,0.08172070652158168,0.06456330793470035,0.15978560445226847,0.09269084723783035,0.23964804215069332,-0.6971,0.7783,0.21485625
17.19266700744629,17.19266700744629,96492000,20191015,TSLA,17.130666732788086,17.19266700744629,1,0.3051481475028207,0.07263434124027784,0.1037500224384064,0.1596946757411368,0.0208263248026818,0.0909525407433424,0.020839142644214714,0.22615480488711906,-0.4927,0.6236,0.28126666666666666
17.316667556762695,17.316667556762695,100261500,20191016,TSLA,17.19266700744629,17.316667556762695,1,0.36460102750882123,0.1979143584492291,0.1978722726578878,0.11459655985616375,0.0312511039814884,0.0312500010504472,0.03126110120638275,0.03125357528957945,0.0,0.9081,0.45405
17.46466636657715,17.46466636657715,71539500,20191017,TSLA,17.316667556762695,17.46466636657715,1,0.02142857212342665,0.021438590198419552,0.021434767571426448,0.0214440579131935,0.021445183521702348,0.02145572424250705,0.5283872021767351,0.3429659022525889,-0.5106,0.1531,-0.17875000000000002
16.899999618530273,16.899999618530273,75304500,20191021,TSLA,17.1299991607666,16.899999618530273,0,0.01406732303309305,0.0140626566845235,0.01408680809598965,0.8390100842636103,0.07657350496976885,0.01406270277988535,0.0140647970096122,0.01407212316351685,0.2003,0.7579,0.4791
17.038667678833008,17.038667678833008,69012000,20191022,TSLA,16.899999618530273,17.038667678833008,1,0.020833333534153,0.1874986335237972,0.0208333335212615,0.0208333335015836,0.0208333335466286,0.6875013653575711,0.0208333335148983,0.0208333335001063,0.0,0.0,0.0
16.978666305541992,16.978666305541992,78916500,20191023,TSLA,17.038667678833008,16.978666305541992,0,0.24096561234428965,0.13108190309638887,0.11079234873391203,0.20444759163505888,0.020836331057267548,0.10502911243353555,0.049270882347297526,0.13757621835224965,0.0,0.9582,0.60495
19.978666305541992,19.978666305541992,445813500,20191024,TSLA,16.978666305541992,19.978666305541992,1,0.019516990566888433,0.019502398612990267,0.0195169171454731,0.6057072915518735,0.20994279759001014,0.08678846915169064,0.019497859844767,0.019527275536306597,-0.2023,0.5267,0.1081333333333333
21.875333786010746,21.875333786010746,450091500,20191025,TSLA,19.978666305541992,21.875333786010746,1,0.03820852364689017,0.03819444547388687,0.13330690513403115,0.24862526227811607,0.17706463967391659,0.03819467427312017,0.28819554137716924,0.0382100081428695,0.2598,0.636,0.5086
21.84733390808105,21.84733390808105,283054500,20191028,TSLA,21.875333786010746,21.84733390808105,0,0.03967799705069144,0.05886119222087963,0.12681111353862293,0.3909788903495584,0.11467340262704344,0.15241146082251153,0.02300938608585674,0.09357655730483556,-0.6249,0.8,0.032041666666666656
21.000667572021484,21.000667572021484,144627000,20191030,TSLA,21.08133316040039,21.000667572021484,0,0.024749982977799026,0.16204136266462144,0.17269070675634843,0.2555493958547453,0.11115904783641975,0.024761466973986426,0.22428843586103553,0.024759601075043824,-0.3595,0.765,0.385
20.994667053222656,20.994667053222656,76005000,20191031,TSLA,21.000667572021484,20.994667053222656,0,0.09288284552293964,0.1035661878575809,0.0204358340911542,0.06818299927849306,0.24670033620607995,0.020445026062512202,0.4273475032586238,0.020439267722616002,-0.5423,-0.2263,-0.3843
20.88733291625977,20.88733291625977,95758500,20191101,TSLA,20.994667053222656,20.88733291625977,0,0.6124815522225301,0.0125000005670343,0.0125146344959188,0.0125176704081328,0.0125000007776367,0.3124265454751195,0.0125209402320329,0.0125386558215946,0.4574,0.4574,0.4574
21.1646671295166,21.1646671295166,131805000,20191104,TSLA,20.88733291625977,21.1646671295166,1,0.10470674071736509,0.011888628082982966,0.011903991504872867,0.04257255443997046,0.5273590980391996,0.16958586682289167,0.12009365659229372,0.011889463800423399,0.1635,0.9033,0.46166666666666667
21.14800071716309,21.14800071716309,104151000,20191105,TSLA,21.1646671295166,21.14800071716309,0,0.02031930760198845,0.020315212492055652,0.5703826609828128,0.097119457123372,0.02032771315244295,0.1000794076669954,0.15113651530813796,0.02031972567219435,0.3182,0.8214,0.5698
21.77199935913086,21.77199935913086,119113500,20191106,TSLA,21.14800071716309,21.77199935913086,1,0.2105275300459637,0.014137792790224198,0.01415738198656895,0.15699852505189785,0.01416939878530175,0.5617172851137057,0.014137526064158051,0.014154560162179499,0.0,0.0,0.0
22.36933326721192,22.36933326721192,217009500,20191107,TSLA,21.77199935913086,22.36933326721192,1,0.024790812910165674,0.02478218280182106,0.21208967310750448,0.024793610689155476,0.056042284300029985,0.4399616480811508,0.07737702304071428,0.1401627650694579,-0.6486,0.4019,0.0484625
22.47599983215332,22.47599983215332,91038000,20191108,TSLA,22.36933326721192,22.47599983215332,1,0.12024605891381701,0.0152109148465898,0.06520023906632644,0.12714858717466337,0.08676947041924106,0.1504775872958145,0.01520504371747912,0.41974209856606837,-0.7056,0.7813,0.13502
23.32866668701172,23.32866668701172,110391000,20191112,TSLA,23.006000518798828,23.32866668701172,1,0.301316920725787,0.0312500001294141,0.5111614783710403,0.0312639379346889,0.0312500001782133,0.031250000147257,0.0312576623742807,0.0312500001393184,0.0,0.0,0.0
23.073999404907227,23.073999404907227,126301500,20191113,TSLA,23.32866668701172,23.073999404907227,0,0.1879828827120345,0.0178623172795538,0.1607153240529448,0.0178608028871266,0.0178571432265451,0.0178571431630082,0.5620072435323937,0.0178571431463928,0.906,0.906,0.906
23.290000915527344,23.290000915527344,96973500,20191114,TSLA,23.073999404907227,23.290000915527344,1,0.0250112459783109,0.0250073633589576,0.0250379203904142,0.0250450027176337,0.0250000015198399,0.6084651061224858,0.2414080958045016,0.025025264107856,0.0,0.0,0.0
23.332666397094727,23.332666397094727,66006000,20191118,TSLA,23.47800064086914,23.332666397094727,0,0.028400422607517448,0.33213158290200345,0.22500735066157834,0.25088116771003766,0.02839444140299485,0.07839379432758682,0.028398268009613023,0.028392972378668075,-0.2411,0.8879,0.199975
23.968000411987305,23.968000411987305,115872000,20191119,TSLA,23.332666397094727,23.968000411987305,1,0.020861505530448,0.5017659449575843,0.0208333345246805,0.0208356278783762,0.0208380189819495,0.3731963999996389,0.0208333344792531,0.0208358336480692,0.5046,0.5046,0.5046
23.481332778930664,23.481332778930664,100876500,20191120,TSLA,23.968000411987305,23.481332778930664,0,0.22660556211764538,0.0312596641861266,0.03125560443042405,0.03127035272466995,0.1145839075730548,0.031250000767001254,0.03126127082094585,0.5025136373801318,-0.8689,0.4767,-0.1961
23.655332565307617,23.655332565307617,91650000,20191121,TSLA,23.481332778930664,23.655332565307617,1,0.5381740078729716,0.038194445159899504,0.14931481403787047,0.038194445224685736,0.03819444543687694,0.12153306918873723,0.0382003278652821,0.03819444521367613,0.0,0.5994,0.1998
22.202667236328125,22.202667236328125,253059000,20191122,TSLA,23.655332565307617,22.202667236328125,0,0.14640525688296577,0.08383395730449009,0.24631585145051593,0.14636896045558698,0.10470593994600093,0.1334595485344992,0.1175502002412482,0.021360285184692625,0.0,0.6682,0.27715
22.422666549682617,22.422666549682617,185092500,20191125,TSLA,22.202667236328125,22.422666549682617,1,0.25526463556167983,0.14440251709288757,0.019443979305108203,0.09047074005833079,0.06486976618352566,0.15945611987971797,0.2466784514597373,0.019413790459012398,0.0,0.7418,0.3306
22.086000442504883,22.086000442504883,83334000,20191127,TSLA,21.92799949645996,22.086000442504883,1,0.3402735658976743,0.0347465289646496,0.0347511777274033,0.11804070189993153,0.11806316879006483,0.20133250056728746,0.11806818563404936,0.034724170518939335,0.0,0.4588,0.2869
22.32466697692871,22.32466697692871,91117500,20191202,TSLA,21.996000289916992,22.32466697692871,1,0.0312675209923747,0.031298527348829305,0.2715359078211671,0.031250001624497,0.0312500020601459,0.03125000170260005,0.15624798834635384,0.41590005010403175,0.0,0.0,0.0
22.20199966430664,22.20199966430664,82995000,20191204,TSLA,22.413333892822266,22.20199966430664,0,0.0250000019644701,0.0250000015105378,0.0250000018383572,0.2249834721421297,0.2250056366233983,0.4250108825323597,0.0250000017661346,0.0250000016226122,0.0,0.0,0.0
23.256000518798828,23.256000518798828,132424500,20191210,TSLA,22.635332107543945,23.256000518798828,1,0.17674230118997034,0.09898712458085356,0.15491775537714253,0.026742694477265218,0.10665011798390214,0.35172403479026715,0.026728182129625445,0.05750778947097333,-0.2732,0.8622,0.22397999999999998
23.978666305541992,23.978666305541992,116458500,20191212,TSLA,23.51333236694336,23.978666305541992,1,0.17310325513563152,0.14095623551707304,0.10313774882105892,0.08463477605709038,0.06612742846719924,0.1739855826758127,0.19194133425524926,0.06611363907088455,-0.1779,0.2942,0.07678888888888889
23.892667770385746,23.892667770385746,98563500,20191213,TSLA,23.978666305541992,23.892667770385746,0,0.7811070944202141,0.031250002340221,0.0312569584024092,0.031385933746112,0.0312500031944184,0.0312500026384121,0.0312500027365098,0.0312500025217031,0.0,0.0,0.0
25.266000747680664,25.266000747680664,127452000,20191217,TSLA,25.433332443237305,25.266000747680664,0,0.0625000003386633,0.0625000002612229,0.0625000003166501,0.0625000002837381,0.5624999979155823,0.0625000002975678,0.0625000003055855,0.0625000002809899,0.0,0.0,0.0
26.209999084472656,26.209999084472656,211815000,20191218,TSLA,25.266000747680664,26.209999084472656,1,0.04019735030954895,0.0402370748562975,0.504377781653953,0.04018327543385365,0.040181482839333954,0.040183631659296795,0.2544555999531178,0.040183803294598155,-0.6888,0.3834,-0.15269999999999997
26.93600082397461,26.93600082397461,271606500,20191219,TSLA,26.209999084472656,26.93600082397461,1,0.08189463690173068,0.07091349731599014,0.20200829913709234,0.13159822960903744,0.0760385968110384,0.048297334136198404,0.34098008401467744,0.0482693220742349,0.0,0.7867,0.31589999999999996
27.03933334350586,27.03933334350586,221290500,20191220,TSLA,26.93600082397461,27.03933334350586,1,0.022622847506573996,0.17481225794560676,0.19378990985577202,0.08927591811456813,0.022650057065657436,0.15596413154398567,0.3182649694289818,0.0226199085388538,0.0,0.7351,0.27926666666666666
28.350000381469727,28.350000381469727,120820500,20191224,TSLA,27.947999954223636,28.350000381469727,1,0.20832122145984033,0.04166818993675925,0.041673894283221644,0.40475512878568953,0.0416824018991857,0.0416730489697281,0.041675878962054054,0.17855023570352113,-0.5719,0.7783,0.10320000000000001
28.72933387756348,28.72933387756348,159508500,20191226,TSLA,28.350000381469727,28.72933387756348,1,0.07119409652838665,0.12313676160109965,0.1854032815789037,0.13713813825675444,0.020360969275233416,0.24429679638984667,0.18004558810051258,0.038424368269262495,-0.3818,0.8777,0.1705076923076923
28.691999435424805,28.691999435424805,149185500,20191227,TSLA,28.72933387756348,28.691999435424805,0,0.0125755306644275,0.0125042623322764,0.0125011449709242,0.0125068583455322,0.0125147308057783,0.45496463720539,0.4699328353501154,0.0125000003255556,-0.3612,-0.3612,-0.3612
27.64666748046875,27.64666748046875,188796000,20191230,TSLA,28.691999435424805,27.64666748046875,0,0.0840949025050409,0.06946399588144005,0.12343768918547657,0.10895561905316531,0.061935428865020944,0.15717848836933743,0.24640726927215933,0.14852660686835922,-0.7632,0.8537,0.23117307692307693
31.270666122436523,31.270666122436523,268231500,20200107,TSLA,30.1026668548584,31.270666122436523,1,0.02796904948516334,0.027969429333360978,0.052967483437072915,0.02797145216814364,0.17427181298719419,0.07659080427945172,0.30608273494050275,0.30617723336911007,0.0,0.4215,0.0843
32.80933380126953,32.80933380126953,467164500,20200108,TSLA,31.270666122436523,32.80933380126953,1,0.2890725280083754,0.03906250065894885,0.03907463573427235,0.03906660425833595,0.039062500906542,0.03906250075013365,0.4765355036436575,0.03906322603973385,0.0,0.8011,0.40055
31.87666702270508,31.87666702270508,194392500,20200110,TSLA,32.089332580566406,31.87666702270508,0,0.03244674295390906,0.03532304872469428,0.09246962404765416,0.04632994958528244,0.08387472214305894,0.1312319392517614,0.28007100129261675,0.29825297200102285,-0.7789,0.8979,0.09788
34.990665435791016,34.990665435791016,397764000,20200113,TSLA,31.87666702270508,34.990665435791016,1,0.0104301794522063,0.0104248222364732,0.2191008508795756,0.0104442212367196,0.010428523919307,0.2002604222782265,0.5284943126789563,0.0104166673185351,0.8687,0.8687,0.8687
35.861331939697266,35.861331939697266,434943000,20200114,TSLA,34.990665435791016,35.861331939697266,1,0.0645556727892276,0.2055208830841211,0.05085945730157745,0.15439150433523882,0.1004689655556602,0.31429246917217424,0.09187366098494859,0.018037386777051648,-0.1759,0.9061,0.278
34.56666564941406,34.56666564941406,260532000,20200115,TSLA,35.861331939697266,34.56666564941406,0,0.0312500016979663,0.0312500013065011,0.0313989576713055,0.5310451587641216,0.2812439677328996,0.0312605397324991,0.0312500015287757,0.0313013715659307,0.6486,0.6486,0.6486
34.232666015625,34.232666015625,326050500,20200116,TSLA,34.56666564941406,34.232666015625,0,0.018673204500824502,0.018672660132213283,0.1731267492259557,0.01867046950720925,0.20020468739416997,0.30226702401808664,0.19025015605083562,0.0781350491707047,-0.69,0.34,-0.12981666666666666
34.03333282470703,34.03333282470703,204436500,20200117,TSLA,34.232666015625,34.03333282470703,0,0.1373433979608183,0.023765916170886848,0.060650225255100006,0.05650930474877942,0.13151004825768123,0.26097795795156337,0.15313161686782717,0.17611153278734337,-0.2748,0.8268,0.14870833333333333
36.47999954223633,36.47999954223633,267052500,20200121,TSLA,34.03333282470703,36.47999954223633,1,0.03647419057196695,0.20315019095222694,0.255303468975827,0.03646732192046595,0.20310980178615065,0.036458334417202795,0.19257511341551609,0.0364615779606432,0.0,0.8319,0.41595
37.97066879272461,37.97066879272461,470535000,20200122,TSLA,36.47999954223633,37.97066879272461,1,0.025737578864760597,0.09235831870100504,0.17527609937665525,0.15903163698710224,0.025694445321659598,0.025700221939012835,0.4705057511963659,0.02569594761343813,-0.4389,0.836,0.2663333333333333
38.14666748046875,38.14666748046875,294765000,20200123,TSLA,37.97066879272461,38.14666748046875,1,0.26643381592502335,0.028952798125434324,0.19561049093120006,0.028963073615226025,0.02894345333779135,0.39319515246900305,0.028957762465068,0.028943453131253502,0.0,0.6369,0.2777
37.20133209228516,37.20133209228516,204121500,20200127,TSLA,37.654666900634766,37.20133209228516,0,0.0125000004408089,0.0125005466137134,0.0125025854620005,0.0125023811734089,0.2271928723816068,0.0125091669639321,0.1238934523421591,0.58639899462237,-0.4003,-0.4003,-0.4003
37.79333114624024,37.79333114624024,176827500,20200128,TSLA,37.20133209228516,37.79333114624024,1,0.029770296065140152,0.029762950097336947,0.029792955499886753,0.10118788694976305,0.1012460727848485,0.363019108441119,0.0297732690817052,0.31544746108020005,0.0,0.7506,0.3753
38.732666015625,38.732666015625,267022500,20200129,TSLA,37.79333114624024,38.732666015625,1,0.3697882599152614,0.0364583344592412,0.036503080680182654,0.03645833455380885,0.16146066412160387,0.03647331001917635,0.03647306824851475,0.2863849480022107,0.4939,0.4939,0.4939
42.72066879272461,42.72066879272461,435085500,20200130,TSLA,38.732666015625,42.72066879272461,1,0.06744210069089725,0.019097223031269348,0.18654663048610876,0.0190983570910817,0.24635127748329091,0.3155505259984003,0.0190978982534132,0.12681598696553825,-0.3612,0.0,-0.1806
43.37133407592773,43.37133407592773,235789500,20200131,TSLA,42.72066879272461,43.37133407592773,1,0.0312533286932083,0.7812426037342618,0.0312500001619795,0.0312500001448818,0.0312500001836897,0.031250000152043,0.0312517920118673,0.0312522749180683,-0.7269,-0.7269,-0.7269
52.0,52.0,705975000,20200203,TSLA,43.37133407592773,52.0,1,0.10015348864960275,0.10316295074581502,0.14319111215790442,0.09708728220712937,0.04044310489651073,0.21438282631231362,0.212995862601346,0.08858337242937779,-0.2899,0.9393,0.359175
59.137332916259766,59.137332916259766,914082000,20200204,TSLA,52.0,59.137332916259766,1,0.17014592497752332,0.06527886132393987,0.013630776343916467,0.143789021775214,0.3088050938296963,0.18014887735475985,0.10457815267282355,0.013623291722126432,0.0,0.9657,0.5832333333333334
48.97999954223633,48.97999954223633,726357000,20200205,TSLA,59.137332916259766,48.97999954223633,0,0.02455357217817775,0.02455511674080835,0.02457136037543025,0.02456760746919515,0.4530827463028122,0.3995459246517851,0.02457010022875305,0.0245535720530378,0.3182,0.5378,0.42799999999999994
49.93066787719727,49.93066787719727,598212000,20200206,TSLA,48.97999954223633,49.93066787719727,1,0.0375054427201031,0.17076240864950915,0.08754243815446722,0.06655886658004502,0.19115123929100233,0.3084050736633258,0.10055484912732393,0.03751968181422314,-0.7003,0.5562,0.08193999999999999
49.87133407592773,49.87133407592773,255952500,20200207,TSLA,49.93066787719727,49.87133407592773,0,0.187674145801022,0.04158646063643882,0.040620136121819465,0.060762032866260474,0.4272882259806268,0.07974040947304324,0.08997430149564671,0.07235428762514215,0.2023,0.9441,0.63615
51.41866683959961,51.41866683959961,370338000,20200210,TSLA,49.87133407592773,51.41866683959961,1,0.11753775298629729,0.056361183743264376,0.1468462859241115,0.25181892310322407,0.12406437144146679,0.1187534823701984,0.1030134970403396,0.08160450339109766,-0.3057,0.8777,0.30912
53.59999847412109,53.59999847412109,394339500,20200213,TSLA,51.15266799926758,53.59999847412109,1,0.0416666670278886,0.0416666669443099,0.0416666670046827,0.0416666669715674,0.7082986207682129,0.0416885275099529,0.0416795168063018,0.0416666669670834,-0.0772,-0.0772,-0.0772
53.33533477783203,53.33533477783203,235405500,20200214,TSLA,53.59999847412109,53.33533477783203,0,0.0703221561064391,0.07031250046953695,0.07032882032559046,0.1952527185357322,0.0703188123707618,0.0703433055691306,0.07031481290979705,0.3828068737130117,0.0,0.5927,0.29635
57.22666549682617,57.22666549682617,245725500,20200218,TSLA,53.33533477783203,57.22666549682617,1,0.046927666909418096,0.04690929333612345,0.1718722249862411,0.29675116241440613,0.046875004426679245,0.29691464068415596,0.0468750037758512,0.04687500346712441,0.0,0.4588,0.2294
61.16133117675781,61.16133117675781,381345000,20200219,TSLA,57.22666549682617,61.16133117675781,1,0.11269692880151534,0.05695656188266324,0.05694444526780243,0.056979793773395765,0.16852862854926562,0.20033800209219674,0.15629208769276223,0.19126355194039849,0.0,0.6597,0.21989999999999998
59.96066665649414,59.96066665649414,264523500,20200220,TSLA,61.16133117675781,59.96066665649414,0,0.15155545812482188,0.0746089434575765,0.04551958916864123,0.01905333491275119,0.1978029941100381,0.16051345676721637,0.2882995810892325,0.06264664236972195,-0.4019,0.7416,0.15684166666666668
60.06666564941406,60.06666564941406,214722000,20200221,TSLA,59.96066665649414,60.06666564941406,1,0.432168063373791,0.07340458107159464,0.12573822864415335,0.0147652749520443,0.13380737963309278,0.07031101407621425,0.1350417406694073,0.01476371757970215,0.0,0.6597,0.32985
53.32733154296875,53.32733154296875,259357500,20200225,TSLA,55.58599853515625,53.32733154296875,0,0.18747579791168362,0.03751114153006842,0.17083272013184397,0.03750992966038854,0.21841106047725428,0.03751566514133906,0.22324093391593572,0.08750275123148607,-0.3818,0.4457,0.07882
51.91999816894531,51.91999816894531,211282500,20200226,TSLA,53.32733154296875,51.91999816894531,0,0.14544827170103855,0.038331436158051055,0.17225024929666388,0.10080086883604485,0.03833830985594897,0.18418200079193922,0.24660902651771638,0.07403983684259675,0.0,0.7809,0.49105
45.26666641235352,45.26666641235352,364158000,20200227,TSLA,51.91999816894531,45.26666641235352,0,0.2249750156951857,0.0250000005604387,0.0250000006782667,0.0250000006091922,0.0250000007704368,0.0250000006368108,0.0250351106795587,0.6249898703701102,0.2263,0.2263,0.2263
44.53266525268555,44.53266525268555,363343500,20200228,TSLA,45.26666641235352,44.53266525268555,0,0.02031250108965715,0.1203141972908095,0.120313005179714,0.0203276519126092,0.2628257091654736,0.3497259864798212,0.08586844797909395,0.02031250090282105,0.0,0.2023,0.10115
49.574668884277344,49.574668884277344,302925000,20200302,TSLA,44.53266525268555,49.574668884277344,1,0.018849967218539567,0.018853030221951467,0.06810938414764574,0.0188753118977779,0.11407339890771863,0.16903638201247398,0.16170927379081432,0.43049325180307796,0.0,0.4588,0.15293333333333334
49.70066833496094,49.70066833496094,386760000,20200303,TSLA,49.574668884277344,49.70066833496094,1,0.243222402256844,0.2645979958113525,0.027095436862958802,0.027083333971573774,0.0271015631334907,0.0744235473335432,0.1219086876575793,0.2145670329726574,-0.1779,0.8176,0.337325
49.96666717529297,49.96666717529297,225735000,20200304,TSLA,49.70066833496094,49.96666717529297,1,0.08854580663889544,0.08854257647719607,0.0697488212047873,0.15103122035294866,0.07394319166517163,0.02606098978261895,0.4760833587728458,0.026044035105535875,-0.296,0.8885,0.35934999999999995
40.53333282470703,40.53333282470703,256105500,20200309,TSLA,46.89866638183594,40.53333282470703,0,0.19510122938016225,0.01476422387727305,0.014761437473285349,0.0147661565579077,0.38515041095428393,0.014765595438852499,0.01476584034368455,0.3459251059745503,-0.296,-0.0342,-0.1651
43.02199935913086,43.02199935913086,233916000,20200310,TSLA,40.53333282470703,43.02199935913086,1,0.03212879489420354,0.03209089353720834,0.2286530250489398,0.2242522666358393,0.0320919383238306,0.03210298651705758,0.25330017414112105,0.1653799209017994,0.0,0.6688,0.23228
42.28200149536133,42.28200149536133,199837500,20200311,TSLA,43.02199935913086,42.28200149536133,0,0.13245683354971766,0.11492360699059576,0.09514463066370747,0.10153270625399717,0.10227301364679316,0.07847987974158326,0.11814206397806759,0.2570472651755377,-0.8779,0.836,0.11495714285714285
29.67133331298828,29.67133331298828,307342500,20200316,TSLA,36.44133377075195,29.67133331298828,0,0.11648656604461645,0.0212502978564275,0.021239747014459732,0.021246932286482233,0.4646680084884592,0.021243008750547767,0.10520300136054268,0.22866243819846396,0.0,0.4215,0.24656666666666668
28.68000030517578,28.68000030517578,359919000,20200317,TSLA,29.67133331298828,28.68000030517578,0,0.29255542755755654,0.20975599764338834,0.03344093599965265,0.0334207546099238,0.06120632506048147,0.0665060389938119,0.14615936788028758,0.15695515225489742,-0.9231,0.8074,0.14615
24.08133316040039,24.08133316040039,356793000,20200318,TSLA,28.68000030517578,24.08133316040039,0,0.2443411783612274,0.022360376185664266,0.12091785369594883,0.09016277943344973,0.0223036875931306,0.2917104678067164,0.022306118569646604,0.18589753835421585,-0.4939,0.6114,0.03916666666666668
28.50933265686035,28.50933265686035,452932500,20200319,TSLA,24.08133316040039,28.50933265686035,1,0.1251237820146695,0.05889463172349384,0.0759700733710186,0.22074049942012483,0.1604081248205485,0.04484516142774608,0.28921462941557335,0.02480309780682498,-0.796,0.4404,-0.08682
28.50200080871582,28.50200080871582,424282500,20200320,TSLA,28.50933265686035,28.50200080871582,0,0.10584242622527597,0.0225587017243682,0.18918548661806225,0.16410431444388673,0.022547678914706337,0.060897674721234966,0.24924050523547345,0.18562321211699176,-0.4341,0.5187,0.1486
28.952667236328125,28.952667236328125,246817500,20200323,TSLA,28.50200080871582,28.952667236328125,1,0.0645119073835029,0.1533709900069698,0.030285983235568796,0.18610568438277494,0.11326164917922396,0.03028285916217146,0.2483491685849734,0.17383175806481438,-0.1027,0.6369,0.35116
33.66666793823242,33.66666793823242,343428000,20200324,TSLA,28.952667236328125,33.66666793823242,1,0.23643120263007122,0.021815674869692384,0.05315636763926954,0.12857048612429575,0.2703254024496634,0.057515723098436854,0.21036662401791448,0.021818519170655932,-0.3818,0.9423,0.5101857142857142
35.95000076293945,35.95000076293945,318340500,20200325,TSLA,33.66666793823242,35.95000076293945,1,0.05366180569716223,0.0202449464928615,0.2868727709878726,0.11548408491196498,0.24935180725415673,0.020238096092753566,0.23390459983148437,0.020241888731743665,-0.6378,0.5574,0.10716666666666665
35.21066665649414,35.21066665649414,260710500,20200326,TSLA,35.95000076293945,35.21066665649414,0,0.03125000076530865,0.40621657173333175,0.031274941725508154,0.03125436085746125,0.40619444506205643,0.031309678527512,0.03125000069320315,0.0312500006356181,0.0,0.0,0.0
34.29066848754883,34.29066848754883,215661000,20200327,TSLA,35.21066665649414,34.29066848754883,0,0.02403442228567184,0.046125395681152336,0.02404174297873592,0.2719344600977817,0.4404699552378729,0.02402963669406374,0.024042957627996842,0.14532142939672432,-0.2023,0.9197,0.32242
33.47533416748047,33.47533416748047,179971500,20200330,TSLA,34.29066848754883,33.47533416748047,0,0.0178571430260173,0.0178571429875256,0.0178571430153683,0.0178571429986865,0.5608231621875072,0.332031236481481,0.0178574755215241,0.0178595537818898,0.4019,0.4019,0.4019
34.93333435058594,34.93333435058594,266572500,20200331,TSLA,33.47533416748047,34.93333435058594,1,0.06945156357045865,0.06944593966655285,0.06945226128561766,0.16738364022566235,0.4159016797759416,0.069458273582151,0.0694565735587292,0.06945006833488655,0.09,0.6808,0.38539999999999996
32.104000091552734,32.104000091552734,200298000,20200401,TSLA,34.93333435058594,32.104000091552734,0,0.0161263659819868,0.0671083909311258,0.01611306900378265,0.14307372627446735,0.10280314452170475,0.0161098971377834,0.6225531926108104,0.01611221353833855,0.0,0.7959,0.39795
30.29800033569336,30.29800033569336,297876000,20200402,TSLA,32.104000091552734,30.29800033569336,0,0.11047806529552122,0.07287800675448038,0.1406282713279372,0.02716973135285204,0.4381969680831635,0.02715786940660566,0.08966770668803352,0.09382338109140621,-0.7845,0.8,-0.102225
32.000667572021484,32.000667572021484,338431500,20200403,TSLA,30.29800033569336,32.000667572021484,1,0.06980257722503129,0.026265106626218785,0.050099968094174,0.0867777558983472,0.11866302361715461,0.227233257076336,0.24568445993541851,0.17547385152731929,-0.4767,0.7082,0.2239857142857143
34.41600036621094,34.41600036621094,223527000,20200406,TSLA,32.000667572021484,34.41600036621094,1,0.06250274990566966,0.06250881958705316,0.06250000045857557,0.06250455607746737,0.10153602859939737,0.06251018495604897,0.4122888537384039,0.17364880667738372,0.0,0.4497,0.1499
36.36333465576172,36.36333465576172,268797000,20200407,TSLA,34.41600036621094,36.36333465576172,1,0.04166872465385195,0.0416867601456338,0.140266405300485,0.04167110825182965,0.35977293002919697,0.0416666676179501,0.2915679509516808,0.0416994530493714,0.0,0.7543,0.37715
36.589332580566406,36.589332580566406,189840000,20200408,TSLA,36.36333465576172,36.589332580566406,1,0.022004047291829764,0.27191355429922875,0.07754880047474663,0.022007319208124865,0.021998091745218367,0.24421917398784054,0.31831342254128775,0.021995590451722963,-0.3612,0.5106,0.17020000000000002
38.20000076293945,38.20000076293945,204750000,20200409,TSLA,36.589332580566406,38.20000076293945,1,0.5311725760727718,0.0312500014921279,0.1562428685165187,0.031250001619681694,0.15625953895919042,0.03125785162945745,0.0313147307301297,0.0312524309801219,-0.5423,-0.4019,-0.47209999999999996
43.39666748046875,43.39666748046875,337131000,20200413,TSLA,38.20000076293945,43.39666748046875,1,0.122919267376284,0.1728865427024436,0.3395144566209614,0.2062494605891114,0.03959811087495136,0.03958333369191083,0.03961904053885013,0.0396297876054869,-0.4939,0.4341,0.11403333333333332
47.32600021362305,47.32600021362305,458647500,20200414,TSLA,43.39666748046875,47.32600021362305,1,0.0813442831080636,0.368693534007222,0.022585111821460897,0.022569445994904652,0.1475628116913134,0.02261277193069745,0.31203994490382786,0.0225920965425099,0.6318,0.7809,0.70635
48.65533447265625,48.65533447265625,353655000,20200415,TSLA,47.32600021362305,48.65533447265625,1,0.0208352146554226,0.020834464469541,0.0208333339022595,0.0208366579379591,0.0208333339784015,0.0208333338631502,0.8541572468569952,0.0208364143362704,0.4854,0.4854,0.4854
49.68066787719727,49.68066787719727,309868500,20200416,TSLA,48.65533447265625,49.68066787719727,1,0.08997636481417406,0.13141071039997795,0.09491488902546417,0.04322156835658702,0.18474508732258127,0.1318408018513964,0.1552150918559417,0.16867548637387708,-0.836,0.9393,0.19531428571428572
50.25933456420898,50.25933456420898,196923000,20200417,TSLA,49.68066787719727,50.25933456420898,1,0.30241920640502057,0.1167569427707141,0.08116306211689628,0.02396673631003036,0.17394413418829763,0.14716491424735817,0.13060612716108733,0.02397887680059526,-0.2617,0.4939,0.018400000000000007
45.78133392333984,45.78133392333984,303136500,20200421,TSLA,49.75733184814453,45.78133392333984,0,0.034722222901585637,0.03472222274665407,0.03472222318949767,0.034733139494655,0.2013635862480727,0.28474375052140294,0.34027063211177855,0.0347222227863532,0.0,0.9454,0.5806
48.80733489990234,48.80733489990234,212482500,20200422,TSLA,45.78133392333984,48.80733489990234,1,0.038864686629313465,0.02559548192040821,0.1226798146786089,0.15767789180879488,0.2587588006355924,0.21952233778072267,0.07856180532279593,0.09833918122376328,-0.8271,0.6996,0.11919090909090911
47.04199981689453,47.04199981689453,198550500,20200423,TSLA,48.80733489990234,47.04199981689453,0,0.06601231287180485,0.164818268114754,0.11077547869679139,0.0432880046851958,0.11568267042722626,0.17205179129579865,0.22775088773255228,0.09962058617587646,-0.0525,0.6597,0.2611818181818182
48.34333419799805,48.34333419799805,198180000,20200424,TSLA,47.04199981689453,48.34333419799805,1,0.03361970937169963,0.2085783335243315,0.0960956564709736,0.03360032103923347,0.03359993043690207,0.18359990458535738,0.09408134532419571,0.31682479924730633,-0.3182,0.7959,0.27122500000000005
53.25,53.25,310221000,20200427,TSLA,48.34333419799805,53.25,1,0.035193723245557265,0.06986460619922022,0.08382314089523893,0.03520054885327671,0.2648800231566888,0.14983274118963272,0.2241557499975563,0.13704946646282873,-0.3736,0.7725,0.08714444444444444
53.367332458496094,53.367332458496094,243240000,20200429,TSLA,51.27466583251953,53.367332458496094,1,0.2776830132414275,0.0208413134494419,0.0208422331110991,0.5972812597178934,0.0208370336134322,0.0208333343513129,0.0208392008991072,0.0208426116162855,-0.0387,-0.0387,-0.0387
52.12533187866211,52.12533187866211,427078500,20200430,TSLA,53.367332458496094,52.12533187866211,0,0.031251586252259905,0.03126603970261337,0.32289424718047943,0.14123699604395482,0.12742629165088293,0.03126373493095683,0.22091065997417175,0.0937504442646807,-0.5994,0.8869,0.071875
46.75466537475586,46.75466537475586,487977000,20200501,TSLA,52.12533187866211,46.75466537475586,0,0.16602743056442268,0.08580115015388315,0.10811037496258387,0.09885018494807905,0.19460806072902448,0.18217932262831577,0.03403813604449031,0.13038533996920038,-0.802,0.7717,0.022866666666666664
50.74599838256836,50.74599838256836,288556500,20200504,TSLA,46.75466537475586,50.74599838256836,1,0.19894672122551615,0.025868907879393697,0.15086849923562562,0.0258767454754615,0.025868056786639934,0.2411400542986719,0.10143665602936129,0.2299943590693296,-0.5487,0.5994,-0.12956666666666664
51.2140007019043,51.2140007019043,254875500,20200505,TSLA,50.74599838256836,51.2140007019043,1,0.10025008140761435,0.1829121875494524,0.024780066275922552,0.02478377415646,0.2747717267204921,0.19293518474034152,0.17477636976928945,0.024790609380427275,-0.4215,0.8126,0.037425
52.172000885009766,52.172000885009766,166848000,20200506,TSLA,51.2140007019043,52.172000885009766,1,0.039069681757422974,0.03906595109088552,0.10156204381296079,0.2023669932376838,0.2057135865102782,0.08074900549991387,0.08408718358776768,0.24738555450308675,-0.34,0.636,0.32094999999999996
52.00266647338867,52.00266647338867,172915500,20200507,TSLA,52.172000885009766,52.00266647338867,0,0.06530072273494314,0.1071537945103737,0.1332525094101134,0.06873615268868487,0.048547382610772016,0.2174934596575732,0.25369942135812357,0.10581655702941577,-0.4341,0.8271,0.127575
54.62799835205078,54.62799835205078,241297500,20200508,TSLA,52.00266647338867,54.62799835205078,1,0.05219883280453663,0.11484493645350723,0.17587360093118798,0.04201055272059226,0.19933289873806828,0.15272094914840412,0.14741888934313632,0.11559933986056686,-0.7964,0.8787,0.26816666666666666
54.08599853515625,54.08599853515625,247794000,20200511,TSLA,54.62799835205078,54.08599853515625,0,0.20620328967663934,0.036838976922179384,0.036842866419235315,0.46342136007228696,0.03684018053767032,0.03683738145154957,0.12018452929161443,0.0628314156288244,-0.4767,0.8748,0.20513333333333336
53.96066665649414,53.96066665649414,238603500,20200512,TSLA,54.08599853515625,53.96066665649414,0,0.08537579180494637,0.1352770139073384,0.10271238215801362,0.3795738623015911,0.09529008412971998,0.05758487160597188,0.07599262411797733,0.06819336997444088,-0.6124,0.7334,0.08826
52.73066711425781,52.73066711425781,285982500,20200513,TSLA,53.96066665649414,52.73066711425781,0,0.09898147564187973,0.03230538575498776,0.18222160936419846,0.07890670558421707,0.2321005856658584,0.032308345078995736,0.13249516265152578,0.21068073025833672,-0.6597,0.6588,0.18242000000000003
53.55533218383789,53.55533218383789,205233000,20200514,TSLA,52.73066711425781,53.55533218383789,1,0.2000780901104178,0.0208686191995177,0.5082252707594069,0.0208372506277993,0.0208452729656985,0.1874753772036077,0.0208359136723934,0.0208342054611583,0.0,0.0,0.0
53.27799987792969,53.27799987792969,157776000,20200515,TSLA,53.55533218383789,53.27799987792969,0,0.173949539043542,0.09812008009789804,0.11801228034529414,0.18956739128224037,0.1537487740886889,0.04734940671652546,0.08592622753871815,0.13332630088709269,-0.8126,0.8996,0.0845913043478261
54.242000579833984,54.242000579833984,174987000,20200518,TSLA,53.27799987792969,54.242000579833984,1,0.24337483821660888,0.021156194000165968,0.16848310450756307,0.0211540105600922,0.21641250200773057,0.021152553798203466,0.1534625351741725,0.154804261735463,0.0,0.8316,0.5007
53.867332458496094,53.867332458496094,144547500,20200519,TSLA,54.242000579833984,53.867332458496094,0,0.5624402399694804,0.06255974659388,0.0625000023020823,0.0625000020694318,0.0625000026129905,0.062500002170217,0.0625000022261163,0.0625000020558015,-0.5093,-0.5093,-0.5093
54.45866775512695,54.45866775512695,149812500,20200522,TSLA,55.17333221435547,54.45866775512695,0,0.0649356740031018,0.12405824323303043,0.17599068683955496,0.06494965151990466,0.11739194719357994,0.137466117070028,0.25024101883722505,0.06496666130357498,0.0,0.6808,0.11346666666666666
54.68199920654297,54.68199920654297,173242500,20200527,TSLA,54.5913314819336,54.68199920654297,1,0.0312500010403596,0.0312500007992615,0.0312500009674869,0.031250000866683,0.031258049068569,0.781095096904843,0.0313936644786768,0.0312531858741197,0.296,0.296,0.296
55.66666793823242,55.66666793823242,176467500,20200529,TSLA,53.72066879272461,55.66666793823242,1,0.2539486653069524,0.02344543733678655,0.14846023791038443,0.0234434234571062,0.02344242747443035,0.14843697992702373,0.0234453681050807,0.35537746048223534,0.1882,0.6079,0.39805
59.87333297729492,59.87333297729492,224092500,20200601,TSLA,55.66666793823242,59.87333297729492,1,0.3593722114583503,0.15103998392880094,0.02604166755210245,0.2760433455468656,0.10936082197035249,0.0260565212959882,0.0260437807942338,0.026041667453305852,-0.296,0.0,-0.148
57.62533187866211,57.62533187866211,133315500,20200604,TSLA,58.86399841308594,57.62533187866211,0,0.28875564955781546,0.061007281236774805,0.0101680355497877,0.01016188169120565,0.2243394515722679,0.3852432645106893,0.010164329623469099,0.01016010625798975,0.7459,0.8316,0.7887500000000001
59.04399871826172,59.04399871826172,117178500,20200605,TSLA,57.62533187866211,59.04399871826172,1,0.0416666674734461,0.041666667286104,0.0416835588742074,0.0416666673393093,0.0416666675272079,0.0416666673765617,0.0416770889641809,0.7083060151589823,0.0,0.0,0.0
63.32799911499024,63.32799911499024,212620500,20200608,TSLA,59.04399871826172,63.32799911499024,1,0.012937247392919175,0.13313186044974865,0.11318777163376471,0.0129557347446894,0.2805030450391641,0.08568964691279102,0.24665715773577818,0.11493753609114438,-0.5267,0.743,-0.0007249999999999757
68.336669921875,68.336669921875,278451000,20200610,TSLA,62.711334228515625,68.336669921875,1,0.1630089008561728,0.05397687253836254,0.1953615502677742,0.09722147550308123,0.05209074678780385,0.1026068989245609,0.1475606776276624,0.18817287749458175,-0.9475,0.8957,0.2515928571428571
64.85600280761719,64.85600280761719,238747500,20200611,TSLA,68.336669921875,64.85600280761719,0,0.019763456272958526,0.11068382107156405,0.15957334980813737,0.20718952149093192,0.13199929237413324,0.019755554962650676,0.14837086020786777,0.20266414381175607,0.0,0.8462,0.39454999999999996
66.05999755859375,66.05999755859375,235458000,20200615,TSLA,62.35200119018555,66.05999755859375,1,0.22249146700668265,0.014602303078648614,0.05868059915571706,0.04740443524554162,0.0593682871669912,0.05541707277068557,0.1808508788127067,0.36118495676302625,-0.6901,0.8515,-0.02217142857142858
65.47533416748047,65.47533416748047,210766500,20200616,TSLA,66.05999755859375,65.47533416748047,0,0.13038061240565732,0.07116795267450354,0.10223896111149838,0.12393693498943281,0.17951858780142183,0.2425046436067879,0.08924518974120746,0.06100711766949038,-0.296,0.8047,0.10098888888888889
66.9306640625,66.9306640625,146278500,20200618,TSLA,66.11933135986328,66.9306640625,1,0.0312560555857001,0.0312500006935579,0.7810596919137284,0.031256180310702,0.0313524788349513,0.0313201468861612,0.0312540705318961,0.0312513752433028,0.0,0.0,0.0
66.72666931152344,66.72666931152344,130195500,20200619,TSLA,66.9306640625,66.72666931152344,0,0.025701384671759964,0.12648415182296419,0.17566090099192758,0.09158965505948903,0.025702936007409267,0.22568030938927522,0.025698683520169435,0.3034819785370049,-0.1027,0.6597,0.3196333333333333
66.28800201416016,66.28800201416016,95436000,20200622,TSLA,66.72666931152344,66.28800201416016,0,0.10054661640795491,0.018470842229116064,0.2078159315929505,0.14268275169219755,0.3326686636329523,0.018453218020919735,0.018474346528821666,0.1608876298950871,0.0,0.0,0.0
66.78533172607422,66.78533172607422,95479500,20200623,TSLA,66.28800201416016,66.78533172607422,1,0.0178591742466532,0.2854978889949389,0.0178719394251685,0.4644520450424305,0.0178800623382832,0.0178577605333729,0.1607123114376812,0.0178688179814711,-0.2357,-0.2357,-0.2357
64.0566635131836,64.0566635131836,164394000,20200624,TSLA,66.78533172607422,64.0566635131836,0,0.3152581140400074,0.15845322398081654,0.20417515201054617,0.02694274887641035,0.026912123542139826,0.13107807109823894,0.11026554240027434,0.0269150240515661,0.0,0.7003,0.2875
65.73200225830078,65.73200225830078,138817500,20200625,TSLA,64.0566635131836,65.73200225830078,1,0.18186791397914107,0.146338871911068,0.0763290832044347,0.17837619320088524,0.020571940328895033,0.0462044401509095,0.18037285691543783,0.16993870030922834,-0.4003,0.6808,0.04313333333333332
63.982666015625,63.982666015625,132823500,20200626,TSLA,65.73200225830078,63.982666015625,0,0.11029568688160579,0.04637513637974933,0.28758462547795977,0.14551053924843768,0.021883927306410974,0.04271147342916225,0.26354984814517857,0.08208876313149542,-0.34,0.5255,0.046374999999999986
67.29000091552734,67.29000091552734,135396000,20200629,TSLA,63.982666015625,67.29000091552734,1,0.19443182088304234,0.0277822648249708,0.027824651880450052,0.027782236427694,0.47220789095901977,0.027777947583807798,0.1944148847562383,0.0277783026847766,0.3612,0.9186,0.6399
71.98733520507812,71.98733520507812,253777500,20200630,TSLA,67.29000091552734,71.98733520507812,1,0.030953674859545668,0.030967697015092468,0.10372088511958327,0.19762915193290445,0.5438551402589313,0.030956525365609635,0.0309627549373145,0.0309541705110183,-0.9228,0.5994,-0.10779999999999997
74.64199829101562,74.64199829101562,199903500,20200701,TSLA,71.98733520507812,74.64199829101562,1,0.23919969580588685,0.11555982335666974,0.10542325121578694,0.10158997635245866,0.10563520560088448,0.1355976481221619,0.026613908396457837,0.17038049114969328,-0.2263,0.908,0.39427500000000004
80.57733154296875,80.57733154296875,258751500,20200702,TSLA,74.64199829101562,80.57733154296875,1,0.10984669472264855,0.1919605387251382,0.2133884710867631,0.09762737463734,0.08721943877274457,0.0747083155199101,0.144850588139463,0.08039857839599214,-0.1027,0.955,0.3545277777777778
92.65733337402344,92.65733337402344,322345500,20200707,TSLA,91.43866729736328,92.65733337402344,1,0.2789051352262939,0.01522435976030145,0.015240023154086551,0.015241883133173699,0.0152274280729066,0.3485569498775938,0.09857150565561876,0.2130327151200249,0.1007,0.9042,0.50245
91.05867004394533,91.05867004394533,244669500,20200708,TSLA,92.65733337402344,91.05867004394533,0,0.0260590588755374,0.026077651595132048,0.40102799097988673,0.0260495076862912,0.026041667610474897,0.0260416674487791,0.44265940442868246,0.026043051375215898,-0.3597,0.6588,0.14955000000000002
92.9520034790039,92.9520034790039,175764000,20200709,TSLA,91.05867004394533,92.9520034790039,1,0.1091794209589181,0.18072367411434367,0.05575274533025128,0.05572916729066622,0.05574078342046058,0.11822983172637169,0.0557300425369697,0.3689143346220185,-0.7003,0.636,-0.060899999999999996
102.97666931152344,102.97666931152344,350064000,20200710,TSLA,92.9520034790039,102.97666931152344,1,0.15390290956341218,0.16693087586956834,0.0768630153067435,0.056908893687291615,0.029041400195384863,0.061192117899335985,0.17468282439951033,0.2804779630787529,-0.7351,0.8316,0.2489625
99.8040008544922,99.8040008544922,584781000,20200713,TSLA,102.97666931152344,99.8040008544922,0,0.42644350870660064,0.11046597236607529,0.08877396440594104,0.07122569137204379,0.04391174193853239,0.18156055033024798,0.02716748071356181,0.050451090166996684,-0.5106,0.8519,0.3208625
101.12000274658205,101.12000274658205,351271500,20200714,TSLA,99.8040008544922,101.12000274658205,1,0.14696587847568454,0.0767309717461817,0.14251551282082014,0.023178719616566902,0.05402332977661332,0.30296579604449525,0.15645590392555503,0.09716388759408282,0.0,0.7269,0.36928
103.06732940673828,103.06732940673828,245517000,20200715,TSLA,101.12000274658205,103.06732940673828,1,0.03948239328981502,0.2861643818424997,0.09572906478556366,0.1733360242992645,0.02432737765900523,0.12960740647014832,0.16950881445454138,0.08184453719916189,-0.765,0.6249,-0.20507142857142857
109.53333282470705,109.53333282470705,256821000,20200720,TSLA,100.05599975585938,109.53333282470705,1,0.024348294940439535,0.02430555594333393,0.024305953230553196,0.024317358941060897,0.19091770858882798,0.27430510033276057,0.41319423773868863,0.024305790284334838,0.0,0.4753,0.15843333333333334
104.55733489990234,104.55733489990234,241608000,20200721,TSLA,109.53333282470705,104.55733489990234,0,0.10697821314468266,0.20399287512890077,0.037376384337149314,0.21784253363517325,0.037332121264011316,0.061502932935968556,0.037340315917084664,0.29763462363702914,0.0,0.4926,0.21814999999999998
106.15533447265624,106.15533447265624,212416500,20200722,TSLA,104.55733489990234,106.15533447265624,1,0.13641125542321186,0.19693242263025953,0.12832363877670291,0.04166995775681054,0.20833333329902345,0.20498739081202189,0.0416753338834094,0.0416666674185601,0.0,0.7003,0.23343333333333335
100.87133026123048,100.87133026123048,364927500,20200723,TSLA,106.15533447265624,100.87133026123048,0,0.1219182772522586,0.0367076442508396,0.19998816986757384,0.03670554977121003,0.03669507690870255,0.32061892740602427,0.08700470863697297,0.16036164590641774,0.0,0.8764,0.5274749999999999
94.46666717529295,94.46666717529295,290949000,20200724,TSLA,100.87133026123048,94.46666717529295,0,0.09134874266038534,0.21861819744105343,0.06797626576152137,0.2637967311611552,0.05962441473685535,0.03462264393186281,0.08133281193270969,0.1826801923744564,-0.3595,0.8957,0.15567
102.63999938964844,102.63999938964844,240730500,20200727,TSLA,94.46666717529295,102.63999938964844,1,0.2181438188391623,0.023327120078402333,0.16288858834350822,0.0233431303082321,0.023357303133365065,0.2732503624834762,0.20476471277474073,0.07092496403911273,0.2585,0.8015,0.5387666666666667
98.43267059326172,98.43267059326172,237130500,20200728,TSLA,102.63999938964844,98.43267059326172,0,0.02031639935344735,0.0203313945616405,0.1530328953664603,0.12031494151175785,0.0203240176579584,0.5250337773411717,0.020330480052659097,0.12031609415490445,-0.6187,-0.3182,-0.46845000000000003
99.94066619873048,99.94066619873048,141403500,20200729,TSLA,98.43267059326172,99.94066619873048,1,0.22633567792589138,0.47806313720098176,0.16381829547629853,0.02635497469947685,0.02634285510665413,0.026340408846179473,0.02635102039375525,0.02639363035076235,0.0,0.4284,0.207575
99.16600036621094,99.16600036621094,114315000,20200730,TSLA,99.94066619873048,99.16600036621094,0,0.15061453217557694,0.07439523733589173,0.16401184416364623,0.1053131533335801,0.07055959119632708,0.20442154266364,0.13691106134290332,0.09377303778843428,-0.4145,0.802,0.21062499999999998
95.38400268554688,95.38400268554688,183123000,20200731,TSLA,99.16600036621094,95.38400268554688,0,0.03125000219672495,0.28122392879559777,0.15624442089365254,0.031317479194272746,0.2811658238287682,0.15626474102386084,0.031283602241834296,0.03125000182528835,0.0,0.6249,0.31245
99.0,99.0,132139500,20200803,TSLA,95.38400268554688,99.0,1,0.0178571433357367,0.0178634295465204,0.0178667862312763,0.0178636824703937,0.8749328638176779,0.0178707339404133,0.0178766796109986,0.0178686810469827,0.0,0.0,0.0
99.13333129882812,99.13333129882812,126225000,20200804,TSLA,99.0,99.13333129882812,1,0.0156521798998563,0.0156305923076017,0.0156250008567553,0.0156715246185758,0.0156486512059563,0.5155649911028436,0.0156250008272746,0.390582059181136,0.0,0.0,0.0
99.00133514404295,99.00133514404295,74217000,20200805,TSLA,99.13333129882812,99.00133514404295,0,0.01934678944086985,0.0193452388073634,0.01935223274275075,0.01937662464163275,0.43596831855035173,0.09078199093945045,0.3764725854843382,0.01935621939324255,0.0,0.631,0.3155
96.84733581542967,96.84733581542967,133446000,20200807,TSLA,99.30533599853516,96.84733581542967,0,0.14267164239943989,0.038333334099752994,0.03833838369377126,0.03833942865831734,0.25833919197290445,0.0783320986948843,0.13607452515273222,0.2695713953281972,-0.34,0.7096,0.2212
91.6259994506836,91.6259994506836,129387000,20200811,TSLA,94.5713348388672,91.6259994506836,0,0.11215380931201972,0.04548611194697458,0.07001934751343418,0.09550107862270568,0.13712798165422288,0.1454803288177345,0.19272303133111074,0.2015083108017975,-0.296,0.5267,-0.013060000000000006
108.06666564941406,108.06666564941406,306379500,20200813,TSLA,103.65066528320312,108.06666564941406,1,0.061724435675513,0.06107545966473743,0.019415185554678135,0.049715755682580166,0.10275086828618245,0.1488550030302184,0.39371867609166483,0.16274461601442533,-0.4019,0.3382,-0.021233333333333326
110.04733276367188,110.04733276367188,188664000,20200814,TSLA,108.06666564941406,110.04733276367188,1,0.1263241332581842,0.06070339933657232,0.10006779103660604,0.12353582577490083,0.0940598757215514,0.10366462367627521,0.31896712517234044,0.07267722602356924,-0.4588,0.9279,0.43793846153846155
122.3759994506836,122.3759994506836,303634500,20200817,TSLA,110.04733276367188,122.3759994506836,1,0.04710542517180874,0.08666071611537272,0.1616594952442354,0.03667472803452112,0.21101057387292013,0.07640043899599987,0.11225339365416068,0.26823522891098106,-0.5255,0.6369,0.05986000000000001
125.80599975585938,125.80599975585938,247117500,20200818,TSLA,122.3759994506836,125.80599975585938,1,0.18124738154550576,0.13639501502966359,0.18647391684590842,0.09196348404396822,0.0665629116742607,0.08779030875894837,0.11603620175802187,0.1335307803437227,-0.5267,0.838,0.2457666666666667
125.23533630371094,125.23533630371094,183079500,20200819,TSLA,125.80599975585938,125.23533630371094,0,0.09730549296586552,0.06065807851623406,0.12708692130281404,0.06496567554305845,0.16362323976296106,0.05007632122896866,0.16496359479418168,0.2713206758859162,-0.4767,0.9022,0.1504090909090909
133.45533752441406,133.45533752441406,309177000,20200820,TSLA,125.23533630371094,133.45533752441406,1,0.09790893939313217,0.09793171502987891,0.2657932512868495,0.09791295204865404,0.04236111337631567,0.04237245077654891,0.23003181591508648,0.12568776217353397,-0.0891,0.4767,0.18146666666666667
136.6653289794922,136.6653289794922,322344000,20200821,TSLA,133.45533752441406,136.6653289794922,1,0.2895717448851429,0.0229166673015069,0.0229219572426514,0.02291666735511865,0.2729132797853049,0.022925479129753602,0.32291753695126735,0.0229166673492539,0.0,0.3291,0.16455
134.27999877929688,134.27999877929688,300954000,20200824,TSLA,136.6653289794922,134.27999877929688,0,0.32697826025234156,0.019843056188092466,0.019862378715870533,0.07539884770236126,0.4428166060792254,0.019860249448792767,0.0198436236525542,0.0753969779607614,0.0,0.6808,0.22693333333333332
134.8893280029297,134.8893280029297,159883500,20200825,TSLA,134.27999877929688,134.8893280029297,1,0.020415971641508726,0.02041126744968215,0.23186109445920172,0.020435039542458927,0.12159144516060408,0.3312387652219467,0.17665119667833362,0.07739521984626374,0.0,0.9136,0.2477
143.54466247558594,143.54466247558594,213591000,20200826,TSLA,134.8893280029297,143.54466247558594,1,0.2534221583857996,0.057041195012584,0.1257166716703304,0.08935508043313067,0.06443847640205316,0.2978224309177894,0.028505920481684984,0.08369806669662742,-0.2732,0.7777,0.17145
149.25,149.25,355395000,20200827,TSLA,143.54466247558594,149.25,1,0.21539070893295162,0.07016565541664803,0.0312676357140763,0.1423388039284609,0.32012831043790085,0.05990510210676326,0.1008861276071991,0.059917655855999535,-0.7183,0.0,-0.2651666666666667
147.55999755859375,147.55999755859375,301218000,20200828,TSLA,149.25,147.55999755859375,0,0.1879730586162044,0.04067391393971481,0.13598157969976127,0.06982235678787822,0.13503250701745928,0.1032418561192969,0.2229619510714654,0.1043127767482194,-0.6124,0.7845,0.19516999999999998
158.35000610351562,158.35000610351562,269523300,20200901,TSLA,166.10667419433594,158.35000610351562,0,0.008484879345809,0.0084851024921956,0.08070346004890774,0.0084844473651961,0.0814863592346757,0.008485019629107901,0.008488408453111,0.7953823234309966,-0.296,0.0,-0.148
149.1233367919922,149.1233367919922,288528300,20200902,TSLA,158.35000610351562,149.1233367919922,0,0.041666667536142,0.0416666673411593,0.7080648239937358,0.0418078599903019,0.0416666675931526,0.0417381987499183,0.0416666674555508,0.0417224473400391,0.0,0.0,0.0
135.6666717529297,135.6666717529297,262788300,20200903,TSLA,149.1233367919922,135.6666717529297,0,0.11011474741231676,0.19344196806438752,0.02679049168185067,0.0267912308537511,0.17887595462313446,0.026800793892683264,0.410395687849008,0.026789125622867904,0.0,0.9359,0.31196666666666667
139.44000244140625,139.44000244140625,330965700,20200904,TSLA,135.6666717529297,139.44000244140625,1,0.0312755071358837,0.0312647583744594,0.3052805407538952,0.0312500025395725,0.5071006460554932,0.0312500026704879,0.0312681589911097,0.031310383479098,0.0,0.0,0.0
110.06999969482422,110.06999969482422,346397100,20200908,TSLA,139.44000244140625,110.06999969482422,0,0.125,0.125,0.125,0.125,0.125,0.125,0.125,0.125,0.0,0.0,0.0
122.09333038330078,122.09333038330078,238397400,20200909,TSLA,110.06999969482422,122.09333038330078,1,0.2598594526960101,0.07189729271169255,0.028687378044174976,0.10814173959671655,0.16502127870558903,0.015032588256523375,0.0815886300706761,0.26977163991861713,-0.2111,0.8271,0.2308
123.77999877929688,123.77999877929688,254791800,20200910,TSLA,122.09333038330078,123.77999877929688,1,0.06237393733060964,0.04227699071941522,0.19356160941558587,0.04228124892220022,0.04227462510333826,0.2339023048462026,0.3410503306265239,0.04227895303612404,0.0,0.7964,0.5061
124.23999786376952,124.23999786376952,182152500,20200911,TSLA,123.77999877929688,124.23999786376952,1,0.0208333339581632,0.0208359717305709,0.020833333918231,0.2884758258329913,0.586516739253276,0.0208370347600328,0.0208333338970152,0.0208344266497192,0.7717,0.7717,0.7717
139.8733367919922,139.8733367919922,249061800,20200914,TSLA,124.23999786376952,139.8733367919922,1,0.1578512673379199,0.204912875334571,0.03820288409050696,0.038203070343077634,0.19626715769351025,0.2881641716207352,0.03819923466392173,0.03819933891575696,-0.4767,0.4019,-0.024933333333333346
149.9199981689453,149.9199981689453,291894600,20200915,TSLA,139.8733367919922,149.9199981689453,1,0.36603643062475855,0.01945793190965284,0.07685774012146009,0.0194449019450948,0.10515899221404175,0.05277900348670557,0.2943107367071343,0.06595426299115184,0.3612,0.6969,0.5053
147.25332641601562,147.25332641601562,216837900,20200916,TSLA,149.9199981689453,147.25332641601562,0,0.19578382213595755,0.029182955948863352,0.17350609379098622,0.029168437084208524,0.0291680774287256,0.2848173997270396,0.02917065649532465,0.22920255738889417,-0.5267,0.4215,-0.12677499999999997
141.14332580566406,141.14332580566406,230337600,20200917,TSLA,147.25332641601562,141.14332580566406,0,0.0125158592965009,0.0125149632706391,0.9124285564099716,0.0125098236277373,0.0125020599658364,0.0125085860270552,0.0125064269454794,0.0125137244567798,0.8154,0.8154,0.8154
147.38333129882812,147.38333129882812,259220400,20200918,TSLA,141.14332580566406,147.38333129882812,1,0.025000000348814,0.0250000002689987,0.424999145595663,0.0250000002925356,0.0250000003722206,0.4250008525163486,0.0250000003155812,0.0250000002898378,0.5106,0.5106,0.5106
149.79666137695312,149.79666137695312,328430400,20200921,TSLA,147.38333129882812,149.79666137695312,1,0.21845260969443955,0.04103938325589267,0.12569640689441067,0.0714905427787147,0.06627937939890774,0.010744040568624066,0.3436360113157007,0.12266162609330966,0.1586,0.5667,0.3621666666666667
141.41000366210938,141.41000366210938,238742400,20200922,TSLA,149.79666137695312,141.41000366210938,0,0.3630159116190074,0.4276880873913046,0.0138966445132944,0.0139051890897494,0.0138918204971935,0.0139030885145311,0.1397918939843108,0.0139073643906083,-0.4963,-0.4963,-0.4963
126.7866668701172,126.7866668701172,285222600,20200923,TSLA,141.41000366210938,126.7866668701172,0,0.0313284509723031,0.031250001195948,0.7810842533092796,0.0313372888192052,0.0312500016465593,0.0312500013608765,0.0312500014059016,0.0312500012899265,0.0,0.0,0.0
129.26333618164062,129.26333618164062,289683300,20200924,TSLA,126.7866668701172,129.26333618164062,1,0.0416666690961097,0.3749998690982531,0.0416666689420543,0.0416666687084747,0.0416666692380257,0.041697266564665,0.0416666688551058,0.3749695194973111,0.3612,0.3612,0.3612
135.77999877929688,135.77999877929688,201625500,20200925,TSLA,129.26333618164062,135.77999877929688,1,0.18348671988208531,0.13110298267106377,0.2455719714809029,0.03111428915986144,0.031111211492059237,0.05970232533636723,0.08797457594798005,0.22993592402967974,-0.3818,0.6652,0.15714
140.39999389648438,140.39999389648438,149158800,20200928,TSLA,135.77999877929688,140.39999389648438,1,0.21735790175477765,0.10293383924818367,0.0965055174213289,0.057404884259084195,0.08742002686033214,0.18354748427686515,0.13433738978667467,0.12049295639275336,-0.34,0.967,0.28550000000000003
139.69000244140625,139.69000244140625,150657900,20200929,TSLA,140.39999389648438,139.69000244140625,0,0.0208389356915733,0.2365690033904914,0.5124910410464001,0.0208509751046592,0.0208468191205722,0.0208513632737166,0.1467163806335916,0.0208354817389954,0.1779,0.1779,0.1779
149.3866729736328,149.3866729736328,152224500,20201001,TSLA,143.00332641601562,149.3866729736328,1,0.08387799568067872,0.02524561489105832,0.07524098518610664,0.1552390889005011,0.11523715718794025,0.06283501256307707,0.3170932462113255,0.16523089937931212,0.0,0.6588,0.44421999999999995
138.3633270263672,138.3633270263672,214290000,20201002,TSLA,149.3866729736328,138.3633270263672,0,0.02208191192947389,0.04708857995853788,0.04436081100804836,0.022089707940043373,0.19168629353909578,0.45978992979171873,0.19081249893992913,0.022090266893152525,-0.6705,0.8858,0.21889999999999998
141.89332580566406,141.89332580566406,134168400,20201005,TSLA,138.3633270263672,141.89332580566406,1,0.14895658402599957,0.06865246194961612,0.13857558697411676,0.03829216365309175,0.08292681658557688,0.16539660505415582,0.19725122080668903,0.1599485609507537,0.0,0.8047,0.4301375
137.9933319091797,137.9933319091797,147438900,20201006,TSLA,141.89332580566406,137.9933319091797,0,0.016418401258224833,0.016414251147188367,0.10297845455326982,0.0466272496744068,0.31103225010364205,0.16803418765736536,0.14236387771245607,0.1961313278934463,-0.7643,0.8922,0.33731666666666665
141.76666259765625,141.76666259765625,129383100,20201007,TSLA,137.9933319091797,141.76666259765625,1,0.18528896190756683,0.03450232107458091,0.27595832516980406,0.06312272644927278,0.1490218854748413,0.0395144166008781,0.10805852384208652,0.1445328394809692,-0.872,0.8588,0.012650000000000008
141.97332763671875,141.97332763671875,121263300,20201008,TSLA,141.76666259765625,141.97332763671875,1,0.05936908824142869,0.08870714486828846,0.1766189924340291,0.054959034773580266,0.12843066077849172,0.06997604318842186,0.30252617221554634,0.11941286350021334,-0.2263,0.9127,0.4134
144.6666717529297,144.6666717529297,86777100,20201009,TSLA,141.97332763671875,144.6666717529297,1,0.05932793161983881,0.21022562312272372,0.021881663423897534,0.02189339894621113,0.021876909897496164,0.021901908920084232,0.4439369827927724,0.19895558127697563,-0.5819,0.7375,0.06906666666666668
147.43333435058594,147.43333435058594,116373300,20201012,TSLA,144.6666717529297,147.43333435058594,1,0.05451763458195135,0.05296890081504226,0.1777799650136169,0.0906860233520583,0.1333223419234452,0.17858900885177528,0.2218112674974989,0.09032485796461144,-0.2942,0.8074,0.35000000000000003
148.88333129882812,148.88333129882812,103391100,20201013,TSLA,147.43333435058594,148.88333129882812,1,0.20414065769714465,0.2836993664890353,0.12084246833010823,0.10794972557900664,0.05417321042454441,0.12084187067376835,0.05416666770202768,0.05418603310436452,-0.2411,0.7935,0.40758
153.76666259765625,153.76666259765625,143639100,20201014,TSLA,148.88333129882812,153.76666259765625,1,0.2521382489032843,0.11833309450063487,0.16747999945517145,0.08521265498089048,0.03521964257301363,0.14546623516102036,0.0685620150111577,0.12758810941482684,0.0,0.8422,0.19705999999999999
146.55667114257812,146.55667114257812,98327700,20201016,TSLA,149.6266632080078,146.55667114257812,0,0.0714502709226632,0.01875629045931355,0.0187585819662895,0.10953878951272665,0.26873400956805704,0.21871499091768987,0.22529703120428163,0.0687500354489782,0.2263,0.6597,0.44299999999999995
143.61000061035156,143.61000061035156,108863400,20201019,TSLA,146.55667114257812,143.61000061035156,0,0.874941367267364,0.0178577623054344,0.017860140334221,0.0178590411367222,0.0178684229537355,0.017861052909327,0.0178906774059247,0.017861535687271,-0.2263,-0.2263,-0.2263
140.64666748046875,140.64666748046875,94968900,20201020,TSLA,143.61000061035156,140.64666748046875,0,0.02291666832137665,0.12292778077082386,0.02297261995018015,0.022916668052300748,0.0229435187738153,0.3707512597794873,0.3083202891703707,0.10625119518164496,-0.1689,0.128,-0.020449999999999996
140.8800048828125,140.8800048828125,97111500,20201021,TSLA,140.64666748046875,140.8800048828125,1,0.08713892830950253,0.03393424954936005,0.16429688104240084,0.053420273001389525,0.14697370384580968,0.0329267158693325,0.015048472333647001,0.46626077604855753,-0.2732,0.6486,0.09384999999999999
141.92999267578125,141.92999267578125,119979600,20201022,TSLA,140.8800048828125,141.92999267578125,1,0.04181923116268999,0.22362024585001536,0.23060086136982547,0.01671526559269505,0.016712945044427416,0.15825013229232218,0.26832384244464613,0.04395747624337818,-0.3595,0.5994,0.013016666666666676
140.2100067138672,140.2100067138672,101151000,20201023,TSLA,141.92999267578125,140.2100067138672,0,0.11404931557347209,0.08516502641244289,0.1811328639137157,0.10146048838846125,0.14263052387886102,0.053003362913817166,0.298149298509622,0.02440912040960766,0.0,0.7897,0.3685
140.0933380126953,140.0933380126953,84717600,20201026,TSLA,140.2100067138672,140.0933380126953,0,0.03646895054059305,0.03646057401259105,0.0364923514823233,0.2152646546780763,0.16145470572828685,0.19092502359835176,0.036484540671262694,0.28644919928851453,0.0,0.5574,0.2787
141.55999755859375,141.55999755859375,68059500,20201027,TSLA,140.0933380126953,141.55999755859375,1,0.05009070594955725,0.11882478157294088,0.053120190102470245,0.41292666245805554,0.049651038176508774,0.018844562271660526,0.19030547174742724,0.10623658772137924,-0.3612,0.6588,0.30305
135.33999633789062,135.33999633789062,76354200,20201028,TSLA,141.55999755859375,135.33999633789062,0,0.2580725602656699,0.08210088800680808,0.16535933943337425,0.08207623673478134,0.15513146873089206,0.0930594924015041,0.13210327854946316,0.03209673587750684,-0.6166,0.7906,-0.1438
136.94332885742188,136.94332885742188,67965900,20201029,TSLA,135.33999633789062,136.94332885742188,1,0.26388517180636195,0.26378846613390244,0.1527472182148495,0.0417022268153509,0.041686178363135096,0.1527881318721084,0.0417217792576976,0.04168082753659367,0.0,0.3182,0.10606666666666666
129.34666442871094,129.34666442871094,127533900,20201030,TSLA,136.94332885742188,129.34666442871094,0,0.2268705809669081,0.02812500203435185,0.2780364803677031,0.0281872636273644,0.02820126874809345,0.028151609234351047,0.25430276293471343,0.12812503208651418,0.1027,0.2732,0.18795
133.50332641601562,133.50332641601562,87063300,20201102,TSLA,129.34666442871094,133.50332641601562,1,0.22142707762117206,0.10740819840078956,0.033506399812467114,0.15251731985189382,0.033486060160608115,0.10493713960081695,0.31322598576448824,0.033491818787763826,-0.3705,0.6124,0.009500000000000008
141.3000030517578,141.3000030517578,103055100,20201103,TSLA,133.50332641601562,141.3000030517578,1,0.0829221207931654,0.06434740145418104,0.15530486199286941,0.10834843979548085,0.11114435219359796,0.11616533074614822,0.165159656535286,0.19660783648927072,-0.8934,0.8622,0.02185000000000002
146.02999877929688,146.02999877929688,85243500,20201105,TSLA,140.32666015625,146.02999877929688,1,0.1367456223415465,0.1249587845378645,0.0138888895166655,0.0139162177946049,0.0139018823627457,0.2243646839224397,0.4583350300791087,0.0138888894450242,0.0,0.0,0.0
143.31666564941406,143.31666564941406,65118000,20201106,TSLA,146.02999877929688,143.31666564941406,0,0.442317109804736,0.025708770306109064,0.1368192651307606,0.2923189202593075,0.025709776570651367,0.02570094609559337,0.025716652656896797,0.02570855917594497,0.4404,0.5859,0.5067333333333334
140.4199981689453,140.4199981689453,104499000,20201109,TSLA,143.31666564941406,140.4199981689453,0,0.06323694441875924,0.07211772971247878,0.4345865156610724,0.022118624526159543,0.06174460090274836,0.050685280672788144,0.18721134448534102,0.10829895962065224,-0.6486,0.807,0.05222000000000002
137.25332641601562,137.25332641601562,59565300,20201112,TSLA,139.0433349609375,137.25332641601562,0,0.0138970729026762,0.0138903167483843,0.013890225410814,0.0138944333490918,0.1539266955410719,0.7627204070929648,0.0138919598326668,0.0138888891223297,0.0,0.0,0.0
136.1666717529297,136.1666717529297,59313300,20201113,TSLA,137.25332641601562,136.1666717529297,0,0.04652757333776087,0.07655717056593836,0.08974620565285296,0.10278547956083849,0.4608258564758126,0.026917858789905897,0.04416191805828354,0.15247793755860697,-0.6625,0.8949,0.24876470588235294
136.02999877929688,136.02999877929688,80515800,20201116,TSLA,136.1666717529297,136.02999877929688,0,0.06347467456537197,0.15856389002237858,0.02897674732467726,0.10396742650325033,0.12397710761615297,0.14671784063373774,0.08985835618258867,0.2844639571518422,-0.128,0.5267,0.13893999999999998
147.20333862304688,147.20333862304688,183564900,20201117,TSLA,136.02999877929688,147.20333862304688,1,0.0644983451920332,0.04993290180565389,0.09235769348099908,0.06275272079449164,0.1328738417486915,0.19165099859154644,0.11402982358083703,0.2919036748057469,-0.8442,0.7178,0.062423076923076914
162.2133331298828,162.2133331298828,234132000,20201118,TSLA,147.20333862304688,162.2133331298828,1,0.050095418553326825,0.06921523008971758,0.13529909605411763,0.12939392817180592,0.19186181989698892,0.22072405210393364,0.12162468390943501,0.08178577122067412,-0.296,0.7269,0.11353333333333332
166.42333984375,166.42333984375,187425900,20201119,TSLA,162.2133331298828,166.42333984375,1,0.08940250231529664,0.026916048046892828,0.20739624207676102,0.1062246484201492,0.1351131298076158,0.0269374874963051,0.3810874052122577,0.02692253662472125,-0.34,0.7003,0.30555
163.20333862304688,163.20333862304688,98735700,20201120,TSLA,166.42333984375,163.20333862304688,0,0.08446557611757126,0.08148116401509216,0.20005948718223168,0.021022384990957082,0.0210261167626804,0.1471126293205677,0.24067139399948656,0.20416124761141277,-0.1882,0.8966,0.24956666666666663
185.1266632080078,185.1266632080078,160945500,20201124,TSLA,173.9499969482422,185.1266632080078,1,0.1346766836909406,0.05716979322237048,0.12612815915875356,0.07245963863668312,0.04690974926879946,0.08549032112959883,0.3660297072155414,0.11113594767731223,-0.2732,0.7945,0.2615
191.3333282470703,191.3333282470703,146790600,20201125,TSLA,185.1266632080078,191.3333282470703,1,0.0281624657111214,0.1786155977915352,0.028127268396493148,0.02813674839648625,0.02813294849611465,0.2775741136458525,0.2781204696902489,0.15313038787214767,-0.3962,0.9213,0.26255
194.9199981689453,194.9199981689453,120310500,20201201,TSLA,189.1999969482422,194.9199981689453,1,0.28048010518127,0.0312581834594046,0.0312500010984193,0.0312609007577048,0.031258334006965,0.0312611410537672,0.5319800032634555,0.031251331179013,-0.6808,-0.6808,-0.6808
189.60667419433597,189.60667419433597,143327100,20201202,TSLA,194.9199981689453,189.60667419433597,0,0.026041667346325667,0.10937484128517294,0.0260416673039969,0.02605136749236243,0.0260453693385822,0.6864017397443486,0.07399961203266398,0.0260437354565471,-0.296,0.8126,0.37633333333333335
197.7933349609375,197.7933349609375,127656000,20201203,TSLA,189.60667419433597,197.7933349609375,1,0.0416666675579181,0.3749997150256777,0.0416666675029679,0.0416666674141917,0.0416666676131364,0.3750002800066371,0.041666667471785,0.0416666674076857,0.0,0.0,0.0
213.9199981689453,213.9199981689453,168929100,20201207,TSLA,199.67999267578125,213.9199981689453,1,0.125,0.125,0.125,0.125,0.125,0.125,0.125,0.125,0.0,0.0,0.0
216.6266632080078,216.6266632080078,192795000,20201208,TSLA,213.9199981689453,216.6266632080078,1,0.022953950053331767,0.02294561612296513,0.10624575590033651,0.0628628003249183,0.0229184726958781,0.7162309885502564,0.022920499066653166,0.02292191728566027,0.0,0.25,0.08333333333333333
201.4933319091797,201.4933319091797,213873600,20201209,TSLA,216.6266632080078,201.4933319091797,0,0.0502096735300584,0.01488278473023635,0.1220477897902037,0.014881496905818001,0.0148911789762038,0.0148852766636516,0.6514040747655656,0.11679772463826216,-0.4635,0.6239,0.0802
209.02333068847656,209.02333068847656,201249600,20201210,TSLA,201.4933319091797,209.02333068847656,1,0.036458333969219145,0.328090008191083,0.28645758408641353,0.0364656031190215,0.036458334009292,0.20313299509718016,0.0364708780406178,0.0364662634871725,0.6696,0.8974,0.7835
213.27667236328125,213.27667236328125,156121800,20201214,TSLA,203.3300018310547,213.27667236328125,1,0.0250041869250566,0.0250000007357028,0.6030080415398801,0.0250000007988191,0.0250050884752298,0.0250000008369683,0.2469813440747535,0.0250013366135894,0.8553,0.8553,0.8553
211.0833282470703,211.0833282470703,135214500,20201215,TSLA,213.27667236328125,211.0833282470703,0,0.05261199545864483,0.05262298390037267,0.15806463118530548,0.05260651633840437,0.05260568203384843,0.09049523922788023,0.48838640770350006,0.052606544152043765,0.0,0.3626,0.21846666666666667
207.58999633789065,207.58999633789065,126287400,20201216,TSLA,211.0833282470703,207.58999633789065,0,0.3162830973963977,0.02550625006105612,0.07242914403897754,0.02550041225115544,0.17558946470975095,0.025503155694158165,0.23906678726157135,0.12012168858693242,0.2492,0.9524,0.4861
218.63333129882807,218.63333129882807,168810300,20201217,TSLA,207.58999633789065,218.63333129882807,1,0.026797617139485835,0.026785714658304368,0.3244825183455812,0.026786382858051797,0.026790376162900403,0.24899825636063244,0.19108978271247246,0.1282693517625712,-0.296,0.8197,0.32136666666666663
216.6199951171875,216.6199951171875,174135900,20201221,TSLA,231.6666717529297,216.6199951171875,0,0.0178596546450454,0.0178571442363483,0.5893031183375771,0.0178597061066793,0.3035069068720447,0.0178571444232402,0.0178588318405736,0.0178974935384912,0.5267,0.5267,0.5267
213.44667053222656,213.44667053222656,155148000,20201222,TSLA,216.6199951171875,213.44667053222656,0,0.08471783991436425,0.07650046845813174,0.3533390612614995,0.39625571290961736,0.0126210393791646,0.0126256601568775,0.012646012624108801,0.0512942052962359,-0.6124,0.34,-0.13620000000000002
220.58999633789065,220.58999633789065,68596800,20201224,TSLA,215.32666015625,220.58999633789065,1,0.18508092626484765,0.24733819195964868,0.0229233589789562,0.1499762141733127,0.02294834663327515,0.1062417614945641,0.0229398170051335,0.24255138349026165,0.0,0.8881,0.44405
221.22999572753903,221.22999572753903,96835800,20201228,TSLA,220.58999633789065,221.22999572753903,1,0.028136022159364546,0.1531214953794517,0.1531356704633504,0.17486896423671133,0.028142563133720953,0.1531084759341031,0.281353982404427,0.0281328262888706,0.0,0.0,0.0
221.9966735839844,221.9966735839844,68732400,20201229,TSLA,221.22999572753903,221.9966735839844,1,0.027796381828925777,0.14170360131668658,0.13648419007374044,0.027786514021823826,0.22333152546229018,0.11111306555709259,0.22068181249564645,0.11110290924379371,0.0,0.5106,0.22740000000000002
231.5933380126953,231.5933380126953,128538000,20201230,TSLA,221.9966735839844,231.5933380126953,1,0.17473312658750256,0.04829472898670584,0.03785888860283899,0.11715266261673214,0.2758849219892426,0.09252452667799346,0.1575775202158157,0.09597362432316847,0.0,0.8658,0.38878571428571435
235.22332763671875,235.22332763671875,148949700,20201231,TSLA,231.5933380126953,235.22332763671875,1,0.3020833316722793,0.052083333904564905,0.052083334030853704,0.052083333954348096,0.38535256048654093,0.05214743799853245,0.052083334003383545,0.05208333394949685,0.3353,0.6249,0.48009999999999997
245.0366668701172,245.0366668701172,96735600,20210105,TSLA,243.2566680908203,245.0366668701172,1,0.3451479510269361,0.0156302494052029,0.0156330806806029,0.0156319878461327,0.0156485739558075,0.5610063225541508,0.0156729067601141,0.0156289277710526,0.4728,0.4728,0.4728
272.0133361816406,272.0133361816406,154496700,20210107,TSLA,251.9933319091797,272.0133361816406,1,0.0335740190810441,0.16688545093616092,0.09070229246404157,0.033589806279039305,0.1335961780861325,0.3272925513507186,0.10214614169247978,0.11221356011038297,-0.1779,0.4003,0.11680000000000001
293.3399963378906,293.3399963378906,225166500,20210108,TSLA,272.0133361816406,293.3399963378906,1,0.024323051796633768,0.30205882102820714,0.24665874373278285,0.024312976506713335,0.024308703883054398,0.0243102978667135,0.02433853307253433,0.3296888721133603,0.0,0.7906,0.26353333333333334
270.39666748046875,270.39666748046875,177904800,20210111,TSLA,293.3399963378906,270.39666748046875,0,0.0281635780734066,0.12814216263016157,0.3280962584080295,0.4030418537397576,0.0281449519532656,0.028138773163114146,0.0281311697966934,0.02814125223557145,0.6249,0.6597,0.6423
283.14666748046875,283.14666748046875,138812100,20210112,TSLA,270.39666748046875,283.14666748046875,1,0.125,0.125,0.125,0.125,0.125,0.125,0.125,0.125,0.0,0.0,0.0
284.8033447265625,284.8033447265625,99937500,20210113,TSLA,283.14666748046875,284.8033447265625,1,0.0227018514006794,0.0227015119151855,0.12180147387526682,0.02271476147593105,0.1887113257252056,0.32990783021915404,0.07443478462686309,0.21702646076171428,-0.5574,0.7177,0.040075
281.6666564941406,281.6666564941406,93798900,20210114,TSLA,284.8033447265625,281.6666564941406,0,0.5156266877898821,0.0156250003016793,0.0156250003667309,0.015625000347085,0.0156258624752799,0.0156250003435216,0.0156258081689608,0.3906216402068603,0.2023,0.2023,0.2023
275.3866577148437,275.3866577148437,116332800,20210115,TSLA,281.6666564941406,275.3866577148437,0,0.034377199192754726,0.2619586566122908,0.10690960014938,0.2010377664669637,0.03438391834784367,0.034388763733639,0.13438954696441607,0.1925545485327116,0.0,0.7317,0.45465
281.663330078125,281.663330078125,61563300,20210121,TSLA,283.4833374023437,281.663330078125,0,0.0281373631777206,0.3109461189603683,0.2922422725285522,0.028125001950409498,0.2561012861962557,0.02814713420615935,0.02814965129570845,0.0281511716848254,0.7964,0.8176,0.8069999999999999
282.2133178710937,282.2133178710937,60199500,20210122,TSLA,281.663330078125,282.2133178710937,1,0.1407649986987402,0.015228505569868668,0.144849782831044,0.18738398598792672,0.0763893693294688,0.18529018066351255,0.12456510086278894,0.12552807605664976,0.4003,0.8151,0.5885666666666667
293.6000061035156,293.6000061035156,123520200,20210125,TSLA,282.2133178710937,293.6000061035156,1,0.06997951060974167,0.09270036892266913,0.16957484380914392,0.022371304411161915,0.02236607251680023,0.2808626602397776,0.2885723122652565,0.053572927225448784,-0.8442,0.6124,-0.18722857142857144
294.36334228515625,294.36334228515625,69394800,20210126,TSLA,293.6000061035156,294.36334228515625,1,0.19999559230833808,0.08333577064078905,0.11666719607436862,0.033339547301876146,0.18334816044855617,0.1833303342690477,0.16663582432904006,0.033347574627983774,0.0772,0.7096,0.497575
278.4766540527344,278.4766540527344,79134000,20210128,TSLA,288.0533447265625,278.4766540527344,0,0.2636819407345489,0.08047879203554874,0.22179803301354414,0.1271128689256986,0.056268386523688506,0.07532320349562986,0.08876694062240002,0.08656983464894093,-0.68,0.7964,0.004639999999999992
264.510009765625,264.510009765625,104972400,20210129,TSLA,278.4766540527344,264.510009765625,0,0.04166848242961957,0.0416675508218839,0.041686732872186834,0.04167156965094743,0.20830459738056298,0.041694437008884165,0.29166912176621473,0.29163750806970007,-0.5994,0.6369,0.012499999999999992
279.9366760253906,279.9366760253906,76174200,20210201,TSLA,264.510009765625,279.9366760253906,1,0.0229166670636022,0.022916666973903252,0.1895789789611398,0.0229166669990118,0.02291666708749765,0.27291755685781227,0.42292012906100024,0.022916666996032502,0.4215,0.875,0.64825
283.3299865722656,283.3299865722656,47438100,20210204,TSLA,284.89666748046875,283.3299865722656,0,0.0218843532412491,0.02188381609027305,0.15188592837201775,0.02187728879185385,0.09295365360448424,0.14687344812610045,0.021878529109817052,0.5207629826642042,-0.4588,0.6249,0.08305000000000001
284.07666015625,284.07666015625,55699800,20210205,TSLA,283.3299865722656,284.07666015625,1,0.14989051683217397,0.11966955799590646,0.243929132403512,0.017526455870290236,0.06298626990980323,0.1352471436691929,0.017541452962307465,0.2532094703568134,0.0,0.9001,0.45849999999999996
287.8066711425781,287.8066711425781,60485100,20210208,TSLA,284.07666015625,287.8066711425781,1,0.1717052416847604,0.01136363686095785,0.19465003165042874,0.1063073638502637,0.36746111904566214,0.0797409724470916,0.0113639107700199,0.057407723690815295,-0.3291,0.4404,0.055650000000000005
283.1533203125,283.1533203125,45473100,20210209,TSLA,287.8066711425781,283.1533203125,0,0.023028608581257215,0.198065715332053,0.22061149852150722,0.023045997554916143,0.02303085331599167,0.18999622101125896,0.051595513082732504,0.27062559260028307,-0.6597,0.5106,-0.09597142857142857
268.2733459472656,268.2733459472656,108648300,20210210,TSLA,283.1533203125,268.2733459472656,0,0.048622069401772695,0.15963954886524734,0.2152843100118663,0.048636771505680694,0.04865955190124913,0.15972417529225058,0.048642596030859464,0.27079097699107346,-0.34,0.0,-0.11763333333333335
270.5533447265625,270.5533447265625,64868400,20210211,TSLA,268.2733459472656,270.5533447265625,1,0.28124601690970846,0.2812489740049874,0.0312500011344485,0.15624960816399144,0.03125000128612155,0.0312500010640046,0.03125856954497755,0.15624682789176028,0.4574,0.8513,0.65435
272.0400085449219,272.0400085449219,71304900,20210212,TSLA,270.5533447265625,272.0400085449219,1,0.0416955873792364,0.0417259163859348,0.7080274454914542,0.0416883274021422,0.0417063442596054,0.0416980323519536,0.0417249524668406,0.0417333942628324,0.0,0.0,0.0
265.4066772460937,265.4066772460937,59406900,20210216,TSLA,272.0400085449219,265.4066772460937,0,0.028146972914656,0.02812500053783185,0.2119356983497326,0.1281448207713699,0.2692904954717097,0.15312564346413743,0.15310636791282145,0.0281250005777409,-0.296,0.6597,0.18184999999999998
262.4599914550781,262.4599914550781,53871300,20210218,TSLA,266.04998779296875,262.4599914550781,0,0.0138948406722649,0.0139220417653534,0.0139102937337005,0.518475899926756,0.1250004236048278,0.2870090745142415,0.0138928870937682,0.0138945386890873,0.875,0.875,0.875
260.4333190917969,260.4333190917969,56874900,20210219,TSLA,262.4599914550781,260.4333190917969,0,0.051407228958249236,0.26759243450827347,0.0153793508293716,0.015341146445394999,0.015332686119158367,0.048660912773798436,0.0153371688213294,0.5709490715444242,-0.25,0.6239,0.07303333333333334
238.1666717529297,238.1666717529297,111809100,20210222,TSLA,260.4333190917969,238.1666717529297,0,0.018473050583542667,0.05777099305717643,0.37848959667251497,0.117558505454245,0.20504542398911643,0.1857418516323693,0.018462725760931532,0.018457852850103432,0.34,0.7684,0.606
247.33999633789065,247.33999633789065,110301000,20210224,TSLA,232.94667053222656,247.33999633789065,1,0.020061952112964153,0.141205113069913,0.09958335475719848,0.059691889022494796,0.020065552853811303,0.17628675490309953,0.36786613983383026,0.11523924344668819,0.0,0.5994,0.250325
227.4066619873047,227.4066619873047,117071700,20210225,TSLA,247.33999633789065,227.4066619873047,0,0.1570804229679021,0.02509989689733349,0.12251556940307805,0.19777268830350947,0.06123959091208572,0.26710247880513216,0.1029677344110698,0.0662216182998889,-0.4168,0.7684,0.027655555555555558
225.1666717529297,225.1666717529297,123267600,20210226,TSLA,227.4066619873047,225.1666717529297,0,0.0625000000461753,0.0625000000355007,0.562499999710566,0.062500000038635,0.0625000000488273,0.0625000000403621,0.0625000000416723,0.0625000000382611,0.25,0.25,0.25
239.47666931152344,239.47666931152344,81408600,20210301,TSLA,225.1666717529297,239.47666931152344,1,0.03314500477964005,0.033129252257914577,0.033120493780145824,0.033114194027177746,0.25086514528789833,0.03311011973070538,0.4670923836594421,0.11642340647707577,-0.3612,0.7506,0.20745000000000002
228.81333923339844,228.81333923339844,71196600,20210302,TSLA,239.47666931152344,228.81333923339844,0,0.03230255962476687,0.03229578107250582,0.032304873885178276,0.0323052399714256,0.3401185797912679,0.1989776898057862,0.11192176530765756,0.21977351054141137,0.0,0.296,0.074
217.73333740234372,217.73333740234372,90624000,20210303,TSLA,228.81333923339844,217.73333740234372,0,0.09083402651045788,0.049804527831356686,0.05173978875826075,0.1350621963568346,0.17981859171292686,0.19372789043416877,0.20552808421432697,0.09348489418166721,0.0,0.6597,0.22954444444444444
207.14666748046875,207.14666748046875,197758500,20210304,TSLA,217.73333740234372,207.14666748046875,0,0.12010125638756325,0.031775992740866746,0.10172500284183272,0.03177745546019635,0.22857200773209913,0.15153565315792017,0.23179500556141105,0.10271762611811025,-0.4215,0.8977,0.254625
199.3166656494141,199.3166656494141,268189500,20210305,TSLA,207.14666748046875,199.3166656494141,0,0.0312822888215794,0.0312525285427409,0.0313809353356559,0.031282959413694,0.0312500001446022,0.0312500001197844,0.7810439964752754,0.0312572911466676,-0.3384,-0.3384,-0.3384
187.6666717529297,187.6666717529297,155361000,20210308,TSLA,199.3166656494141,187.6666717529297,0,0.12499957803721679,0.0416666670312305,0.43990800721042495,0.0416666670629248,0.1187426753581117,0.1496570924708719,0.0416681552747087,0.041691157554510395,0.0,0.743,0.3715
224.52667236328125,224.52667236328125,202569900,20210309,TSLA,187.6666717529297,224.52667236328125,1,0.03862709344900734,0.10361797294860416,0.1454836459747706,0.03862008969514638,0.06640235412734602,0.06719180314533627,0.39836639181530165,0.14169064884448745,-0.5994,0.3818,-0.07414000000000001
222.6866607666016,222.6866607666016,181817100,20210310,TSLA,224.52667236328125,222.6866607666016,0,0.02153787140212272,0.02152838617585176,0.401845784890927,0.02154292964673,0.25504018721213473,0.02155606943822642,0.021532957001284162,0.23541581423272281,-0.1531,0.7543,0.17487999999999998
233.1999969482422,233.1999969482422,108761700,20210311,TSLA,222.6866607666016,233.1999969482422,1,0.05917039258554235,0.0639426936605277,0.142656372215131,0.02305238695954372,0.02305495136356434,0.37191610669286634,0.2733936116221776,0.04281348490064662,-0.517,0.8439,0.15462
231.2433319091797,231.2433319091797,100751400,20210312,TSLA,233.1999969482422,231.2433319091797,0,0.1714242650420267,0.05511844387741725,0.11109146030026615,0.022722991965545482,0.0227257031355931,0.022726510931463877,0.1497293463850419,0.4444612783626452,-0.3802,0.1082,-0.1204
235.97999572753903,235.97999572753903,88006800,20210315,TSLA,231.2433319091797,235.97999572753903,1,0.020835548846759,0.5208288197260933,0.0208333336366462,0.0208333336045667,0.0208333336770863,0.3541675123928352,0.0208347845135199,0.020833333602493,0.0,0.0,0.0
217.72000122070312,217.72000122070312,99674400,20210318,TSLA,233.9366607666016,217.72000122070312,0,0.15551667559181057,0.030257937103860568,0.25703540235666705,0.030272384422583298,0.24119339952062488,0.0585519166186673,0.19690796280999534,0.030264321575790665,-0.5859,0.4019,-0.06133333333333333
218.2899932861328,218.2899932861328,128682000,20210319,TSLA,217.72000122070312,218.2899932861328,1,0.0312500032851139,0.0312500025339926,0.2812489685896525,0.0313112399778801,0.0313881098667354,0.0313043686256719,0.0312500029734883,0.5309973041474649,0.0,0.0,0.0
223.3333282470703,223.3333282470703,118536600,20210322,TSLA,218.2899932861328,223.3333282470703,1,0.8539543942913373,0.0208333335797217,0.0209032989240476,0.0208469393921697,0.0208333336721563,0.0208333336133188,0.0209620329284693,0.0208333335987789,0.3382,0.3382,0.3382
220.72000122070312,220.72000122070312,91475700,20210323,TSLA,223.3333282470703,220.72000122070312,0,0.17033240754996956,0.02034214561663008,0.24804243770729223,0.16203302241214407,0.02033473121054916,0.3382616754787683,0.02032741948975314,0.02032616053489316,-0.228,0.6369,0.15732
210.08999633789065,210.08999633789065,101385600,20210324,TSLA,220.72000122070312,210.08999633789065,0,0.03385783373391445,0.28386318137909733,0.1962596204423274,0.09635766572027382,0.033854169041465,0.03386370568118537,0.09636631331017573,0.2255775106915605,-0.1027,0.2481,0.0428
213.4633331298828,213.4633331298828,117674700,20210325,TSLA,210.08999633789065,213.4633331298828,1,0.01566816817186725,0.09896253523683106,0.01562871682011555,0.42364166850405,0.01563630065575065,0.01562605931648515,0.05729768174664135,0.35753886954825875,-0.7096,0.4019,-0.15385000000000001
206.23666381835935,206.23666381835935,101558400,20210326,TSLA,213.4633331298828,206.23666381835935,0,0.0932164274335992,0.0292054278997889,0.16330859632297315,0.16270692846032928,0.2513875493399401,0.0958358212434224,0.029171323939364963,0.17516792536058154,0.0,0.25,0.1585
203.76333618164065,203.76333618164065,85911000,20210329,TSLA,206.23666381835935,203.76333618164065,0,0.0416666670699542,0.0416666669777364,0.0416666670440926,0.0416666670048551,0.7081763679249342,0.0418236299454348,0.0416666670316431,0.0416666670013493,-0.4404,-0.4404,-0.4404
211.8733367919922,211.8733367919922,118297200,20210330,TSLA,203.76333618164065,211.8733367919922,1,0.16995505000258412,0.03443984119893229,0.12772256130157802,0.1498758096625852,0.11179930173911483,0.10679885900962088,0.17921601770476234,0.12019255938082195,-0.7269,0.9312,0.29256363636363636
222.6433258056641,222.6433258056641,100011900,20210331,TSLA,211.8733367919922,222.6433258056641,1,0.0139028723014545,0.0138888896092442,0.0138888897643369,0.0139150414868166,0.2822129481167,0.0139071187661831,0.6343333815348383,0.0139508584204262,0.0,0.0,0.0
220.5833282470703,220.5833282470703,105895200,20210401,TSLA,222.6433258056641,220.5833282470703,0,0.031250001433667754,0.031250001111356146,0.2812072270971545,0.03125000119838685,0.03128462074662135,0.5312581459308365,0.03125000129664115,0.031250001185335496,0.0,0.0,0.0
230.3500061035156,230.3500061035156,125528400,20210405,TSLA,220.5833282470703,230.3500061035156,1,0.023582706729723252,0.09245759420370035,0.045596053679669526,0.259122075794591,0.15458926145740154,0.190162813172511,0.09104948806482231,0.14344000689758077,0.0,0.9069,0.453925
230.5399932861328,230.5399932861328,84815400,20210406,TSLA,230.3500061035156,230.5399932861328,1,0.2430624506166943,0.04308067815940594,0.0430759448066149,0.04306399042477171,0.3318046604262992,0.0430677736225514,0.2097449592188297,0.0430995427248326,0.0,0.6674,0.22246666666666667
223.6566619873047,223.6566619873047,78928200,20210407,TSLA,230.5399932861328,223.6566619873047,0,0.16986969574083002,0.08604863302448104,0.0854151253383934,0.05207756163168218,0.36439587675363183,0.1187882125651197,0.07965056479718542,0.04375433014867604,0.0,0.6893,0.3826
227.93333435058597,227.93333435058597,71772900,20210408,TSLA,223.6566619873047,227.93333435058597,1,0.018255326396986002,0.01823545944860645,0.143222053958234,0.018230974862528053,0.6844159010532029,0.0182298387251175,0.018235963347800352,0.08117448220752445,-0.6444,0.0,-0.3222
225.67333984375,225.67333984375,64311300,20210409,TSLA,227.93333435058597,225.67333984375,0,0.10683487258690412,0.05996228112179276,0.05995953489007305,0.07385408677352395,0.18495764080605004,0.06703196673820097,0.41868481875046615,0.028714798332988574,-0.2732,0.3365,0.033712500000000006
254.10667419433597,254.10667419433597,133958400,20210413,TSLA,233.9933319091797,254.10667419433597,1,0.0139024278514552,0.013889948600963,0.0139303777485003,0.0139004582061265,0.2361104782014193,0.0138937343786712,0.3141084171084672,0.3802641579043971,-0.6428,-0.6428,-0.6428
244.07666015625,244.07666015625,147052200,20210414,TSLA,254.10667419433597,244.07666015625,0,0.08458976038543069,0.03470598627005477,0.15758650950856987,0.1841975548711769,0.060560058134925425,0.12929752455633012,0.32698519502356865,0.022077411249943175,0.0,0.923,0.3916
246.2833404541016,246.2833404541016,83546700,20210415,TSLA,244.07666015625,246.2833404541016,1,0.18833380326919333,0.11520613581199139,0.1013675077675145,0.12383314158409145,0.02858884397864933,0.23718427088571437,0.12965991805270177,0.07582637865014354,0.0,0.7959,0.2552285714285714
246.5933380126953,246.5933380126953,83938500,20210416,TSLA,246.2833404541016,246.5933380126953,1,0.78124776131399,0.0312500000653694,0.0312500000797362,0.0312500001239213,0.0312500000899774,0.0312500000745401,0.0312522381819223,0.031250000070543,-0.2263,-0.2263,-0.2263
238.2100067138672,238.2100067138672,119058600,20210419,TSLA,246.5933380126953,238.2100067138672,0,0.0146222092533187,0.25383122973352756,0.288084443634554,0.1956403385612926,0.014626520648398249,0.2039520100493782,0.014627669677331999,0.0146155784421983,0.4926,0.8883,0.69045
239.663330078125,239.663330078125,106827000,20210420,TSLA,238.2100067138672,239.663330078125,1,0.0208333349152401,0.0208830082146879,0.0208541239808913,0.020849034143996,0.0208333350116991,0.4901754218529844,0.3847094941099843,0.0208622477705165,0.4404,0.4404,0.4404
248.0399932861328,248.0399932861328,93646500,20210421,TSLA,239.663330078125,248.0399932861328,1,0.021886231402583653,0.02190746775568915,0.02187889235639905,0.5968401243097277,0.02187872168806485,0.1468750566535669,0.0218751393372454,0.146858366496723,0.0,0.4767,0.23835
239.89666748046875,239.89666748046875,106770900,20210422,TSLA,248.0399932861328,239.89666748046875,0,0.048471807820920025,0.017190523564260027,0.2465775595410459,0.42371560805730385,0.09326832354102907,0.017193509863620275,0.10109993541072047,0.052482732201100064,-0.8481,0.8176,0.16083750000000002
246.0666656494141,246.0666656494141,93115500,20210426,TSLA,243.13333129882807,246.0666656494141,1,0.058345210741504165,0.10832506879814159,0.11022212946274568,0.2090614181778804,0.0250240039194833,0.15852531112046067,0.06668672712216951,0.2638101306576143,-0.296,0.8264,0.4214
234.913330078125,234.913330078125,88311000,20210427,TSLA,246.0666656494141,234.913330078125,0,0.07889974666769652,0.13761179408534463,0.15391254663867918,0.07210244846433798,0.18611267988141983,0.0221135844500985,0.06254998368738328,0.28669721612503973,-0.34,0.5296,0.14512
231.46665954589844,231.46665954589844,66813000,20210428,TSLA,234.913330078125,231.46665954589844,0,0.0382414037525958,0.2880379605274443,0.03822157446812253,0.03822286668896397,0.37154003179552303,0.038218833212402804,0.14932288401277424,0.038194445542173,0.0,0.902,0.4536
225.6666717529297,225.6666717529297,86536200,20210429,TSLA,231.46665954589844,225.6666717529297,0,0.06255800910766252,0.044882061582618336,0.2780621222074532,0.10315291038819054,0.06446562880594793,0.07704910236316803,0.32223325685472753,0.047596908690231594,0.0,0.7906,0.46285
228.3000030517578,228.3000030517578,81129300,20210503,TSLA,236.47999572753903,228.3000030517578,0,0.4886936045456366,0.012501004174063,0.012533547880612,0.0125119716727023,0.0125000002838536,0.1345161649216714,0.314243706299422,0.0125000002220388,0.2023,0.2023,0.2023
224.5333404541016,224.5333404541016,89217900,20210504,TSLA,228.3000030517578,224.5333404541016,0,0.0156415371790941,0.2656211076113252,0.640577516567456,0.0156336934121594,0.0156285123061837,0.015645355880038,0.0156250002535806,0.0156272767901628,-0.1585,-0.1585,-0.1585
223.64666748046875,223.64666748046875,65705700,20210505,TSLA,224.5333404541016,223.64666748046875,0,0.0312795017260335,0.031307873575185,0.031250001269597,0.0313487242975609,0.0312500014370896,0.0312500011925706,0.7810638953783943,0.0312500011235689,0.4019,0.4019,0.4019
221.17999267578125,221.17999267578125,83353800,20210506,TSLA,223.64666748046875,221.17999267578125,0,0.12393210953410146,0.14214362070654799,0.0273228649954165,0.0773207877575678,0.07732417983903563,0.29731652398480246,0.17732151221351583,0.077318400969012,0.0,0.2732,0.07518
209.67999267578125,209.67999267578125,94177200,20210510,TSLA,224.1233367919922,209.67999267578125,0,0.0625000001547951,0.0625000001193001,0.0625000001449251,0.062500000129594,0.0625000001644993,0.5624999990188002,0.0625000001396708,0.0625000001284153,0.0,0.0,0.0
196.6300048828125,196.6300048828125,101470800,20210512,TSLA,205.73333740234372,196.6300048828125,0,0.018905903757964772,0.03841929939585247,0.10048070730722952,0.018898586506354752,0.0189014273825606,0.018897134739167674,0.7665994785958669,0.018897462315003152,0.0,0.7532,0.50985
190.56333923339844,190.56333923339844,132554700,20210513,TSLA,196.6300048828125,190.56333923339844,0,0.16361583020302356,0.02519227267012878,0.1527155729517866,0.12518772518396504,0.025194099911341278,0.21107300820370573,0.10517389734502228,0.19184759353102648,-0.1531,0.7964,0.48262
196.5800018310547,196.5800018310547,100112700,20210514,TSLA,190.56333923339844,196.5800018310547,1,0.2812434043408927,0.0312500020910771,0.2903247726140368,0.0312500022710121,0.2721160059610112,0.0313158080270594,0.031250002449725,0.0312500022451855,0.3182,0.3182,0.3182
192.27667236328125,192.27667236328125,97171200,20210517,TSLA,196.5800018310547,192.27667236328125,0,0.041699387192885,0.0416666681609863,0.3505583369032274,0.0417000655434151,0.0416666687170747,0.0416666683681461,0.0416886226848655,0.3993535824293996,0.0,0.0,0.0
192.6233367919922,192.6233367919922,110491800,20210518,TSLA,192.27667236328125,192.6233367919922,1,0.22869862268533597,0.05234272349145955,0.02110967472088655,0.0683474881580849,0.021135548833345952,0.21884800559093764,0.30592918049346873,0.08358875602648025,0.0,0.5562,0.275475
187.82000732421875,187.82000732421875,118735200,20210519,TSLA,192.6233367919922,187.82000732421875,0,0.5552136425556644,0.033764780032688735,0.0337315608158423,0.14484286205009103,0.033730159642061164,0.033730159484506764,0.13120774634771368,0.0337790890714316,0.3818,0.9725,0.7491666666666666
195.5933380126953,195.5933380126953,92463300,20210520,TSLA,187.82000732421875,195.5933380126953,1,0.25148284561774825,0.03816635992256581,0.189368751070986,0.12080743395892787,0.05594061541477887,0.09593331773549559,0.11581649713655323,0.13248417914294405,-0.296,0.9413,0.2646615384615385
193.6266632080078,193.6266632080078,78091800,20210521,TSLA,195.5933380126953,193.6266632080078,0,0.29642397668681,0.01883644785443137,0.16248584621169052,0.07308896168770547,0.0491366165418492,0.32559839327510726,0.055575420733544934,0.018854337008860966,0.6338,0.7717,0.7098
202.14666748046875,202.14666748046875,103674300,20210524,TSLA,193.6266632080078,202.14666748046875,1,0.1541604030429574,0.20972893144504037,0.24302819308623783,0.04307034861610723,0.04305841324452747,0.10972385542040164,0.043064331280836865,0.15416552386389082,0.6222,0.8834,0.7545000000000001
201.56333923339844,201.56333923339844,84017700,20210525,TSLA,202.14666748046875,201.56333923339844,0,0.2636920115478613,0.2760406190712177,0.02606834215620745,0.16339081817206758,0.19267782831081892,0.02604166762818485,0.0260432363121128,0.0260454768015291,-0.1082,0.0,-0.0541
206.3766632080078,206.3766632080078,85917900,20210526,TSLA,201.56333923339844,206.3766632080078,1,0.019651494024112235,0.06180496639736943,0.18475244058346355,0.019666547376064897,0.1530064297821244,0.019647064656338736,0.37581468237533683,0.16565637480518972,-0.296,0.25,-0.015333333333333329
210.2833404541016,210.2833404541016,79111800,20210527,TSLA,206.3766632080078,210.2833404541016,1,0.01588995978454465,0.22211663220445502,0.0158745715928322,0.01588684429063745,0.08993199792505055,0.18740675491783657,0.22537685129263785,0.22751638799200555,-0.2766,0.25,-0.013300000000000006
208.4066619873047,208.4066619873047,68211000,20210528,TSLA,210.2833404541016,208.4066619873047,0,0.0250000016814213,0.0250000012847023,0.2267667042468896,0.0250000013944619,0.62323261661409,0.0250000014622571,0.0250000015047601,0.0250006718114173,0.0,0.0,0.0
207.96665954589844,207.96665954589844,54254700,20210601,TSLA,208.4066619873047,207.96665954589844,0,0.2767974071530762,0.0312500008434485,0.0312628420180945,0.2856815413991375,0.0312937422171199,0.2812021347125268,0.0312500009848638,0.03126233067173245,-0.4926,0.6124,0.05990000000000004
201.7066650390625,201.7066650390625,69908400,20210602,TSLA,207.96665954589844,201.7066650390625,0,0.03097713552213832,0.09763340657623057,0.3198530285891069,0.11766173131897398,0.03097397176414694,0.1809872402171944,0.05864175784595114,0.16327172816625754,-0.5514,0.802,0.01816000000000002
199.68333435058597,199.68333435058597,72110700,20210604,TSLA,190.94667053222656,199.68333435058597,1,0.125,0.125,0.125,0.125,0.125,0.125,0.125,0.125,-0.5574,-0.5574,-0.5574
201.7100067138672,201.7100067138672,67631100,20210607,TSLA,199.68333435058597,201.7100067138672,1,0.0250160570810867,0.0250236514689989,0.5791118655815686,0.0250052867989226,0.0250000005875648,0.0250428129448173,0.0250123662991152,0.2707879592379256,0.4939,0.4939,0.4939
199.5933380126953,199.5933380126953,49753800,20210609,TSLA,201.19667053222656,199.5933380126953,0,0.18889191175620978,0.08418769657391992,0.0388158898535801,0.20098881406188052,0.09639555844834377,0.13537309305470416,0.0148434415141054,0.24050359473725605,-0.2023,0.5868,0.18755
203.3733367919922,203.3733367919922,71758800,20210610,TSLA,199.5933380126953,203.3733367919922,1,0.2249739409612182,0.2249714385700579,0.0250279358275101,0.0250159732478599,0.02500000190459,0.4249885877875848,0.0250221202062809,0.0250000014948977,0.6908,0.6908,0.6908
203.29666137695312,203.29666137695312,48615900,20210611,TSLA,203.3733367919922,203.29666137695312,0,0.17607368143958768,0.02569444553288727,0.22568732306588404,0.18092392995461334,0.08125219841269106,0.09236288721173797,0.1923100309531551,0.025695503429443295,0.0,0.8383,0.27943333333333337
205.89666748046875,205.89666748046875,61272000,20210614,TSLA,203.29666137695312,205.89666748046875,1,0.03836261281212683,0.038336210979845305,0.0777821218033848,0.2258001988666371,0.3439787279314114,0.03833686248571295,0.16336864470499432,0.07403462041588697,-0.2732,0.765,0.22342499999999998
199.7866668701172,199.7866668701172,53292300,20210615,TSLA,205.89666748046875,199.7866668701172,0,0.0625000006489392,0.0625000005009201,0.0625721387231549,0.0625000005454999,0.0625000006852474,0.5623140331981564,0.0626138251599789,0.0625000005381029,-0.0772,-0.0772,-0.0772
201.6233367919922,201.6233367919922,66432300,20210616,TSLA,199.7866668701172,201.6233367919922,1,0.04278066094630424,0.10458593661773992,0.33194375367543927,0.10470912192957474,0.12721575604765184,0.0831956637136928,0.16278536205545224,0.04278374501414462,0.0,0.7543,0.41658
205.5333404541016,205.5333404541016,68104200,20210617,TSLA,201.6233367919922,205.5333404541016,1,0.031260285757880535,0.03127192484125043,0.03126822375759323,0.11458327526988306,0.3646240826543948,0.11454800973509872,0.19785481880091516,0.11458937918298373,0.0,0.6249,0.2083
206.94332885742188,206.94332885742188,74438100,20210621,TSLA,207.7700042724609,206.94332885742188,0,0.01146943572748455,0.01147816655567605,0.01147909024912325,0.2131127799035577,0.30691530535892636,0.011466711558190849,0.3358404051175971,0.09823810552944395,0.0,0.4215,0.21075
218.85667419433597,218.85667419433597,93297600,20210623,TSLA,207.90333557128903,218.85667419433597,1,0.0208503279954689,0.0208557584774766,0.0208460412820063,0.0208552749574865,0.0208480438572595,0.520839519462562,0.0208405484553923,0.3540644855123476,0.25,0.25,0.25
226.60667419433597,226.60667419433597,137947200,20210624,TSLA,218.85667419433597,226.60667419433597,1,0.0193644133429824,0.019361821059770502,0.0668204413872655,0.22366895229541806,0.01934523907510035,0.1621852689943701,0.23165043571760044,0.25760342812749243,0.2516,0.8814,0.5665
223.9566650390625,223.9566650390625,97490100,20210625,TSLA,226.60667419433597,223.9566650390625,0,0.0844138301238995,0.14099433474178663,0.16489221036916285,0.10002822451356667,0.08918717016140995,0.15708900456993447,0.23182327217629467,0.03157195334394494,-0.4199,0.5848,0.32257
229.5733337402344,229.5733337402344,64884600,20210628,TSLA,223.9566650390625,229.5733337402344,1,0.8124791606200445,0.0125000002037815,0.0125021085370815,0.012500000221075,0.0125000002808493,0.0125002507042234,0.0125209308778149,0.1124975485551295,0.6239,0.6239,0.6239
226.9199981689453,226.9199981689453,52143900,20210629,TSLA,229.5733337402344,226.9199981689453,0,0.15397933646266646,0.01962732414078014,0.15188448023982587,0.04781171789035722,0.21616668422516966,0.22117954237336784,0.1697280823178176,0.01962283235001488,-0.7717,0.914,0.07746
226.5666656494141,226.5666656494141,56774700,20210630,TSLA,226.9199981689453,226.5666656494141,0,0.13710668570995627,0.01574616945725518,0.11379704997386864,0.01574722163753866,0.4555488724366364,0.13017466793332494,0.1161332242109118,0.01574610864050794,-0.1761,0.7959,0.31184
225.97332763671875,225.97332763671875,55903500,20210701,TSLA,226.5666656494141,225.97332763671875,0,0.1685419226568173,0.044214540878725596,0.05257189590301729,0.2035721359246727,0.06973080816566346,0.19384744826550795,0.10379295830889973,0.1637282898966956,-0.7738,0.8899,0.12003076923076923
226.3000030517578,226.3000030517578,81163500,20210702,TSLA,225.97332763671875,226.3000030517578,1,0.13653798553226393,0.020637132781824472,0.19720622822177197,0.1515502579519293,0.036415930142667426,0.056338790880737795,0.34433049757257894,0.05698317691622577,-0.8194,0.7783,0.24572857142857144
219.8600006103516,219.8600006103516,69853500,20210706,TSLA,226.3000030517578,219.8600006103516,0,0.05003720283090155,0.08573780020371087,0.2792040301860005,0.05004127241216163,0.11253459829107787,0.12146598213052884,0.25093128214485205,0.050047831800766426,0.0,0.5994,0.250325
214.88333129882807,214.88333129882807,56376000,20210707,TSLA,219.8600006103516,214.88333129882807,0,0.18337568681319438,0.027410698494491053,0.0653537568156837,0.21076303353278897,0.13801981785148396,0.055892127870435605,0.2789926513527595,0.04019222726916254,0.0,0.7896,0.28824285714285713
217.60333251953125,217.60333251953125,68319900,20210708,TSLA,214.88333129882807,217.60333251953125,1,0.06674997119350094,0.07912475007409207,0.1468448743053857,0.07270292466982102,0.09056559544609603,0.07017017194201462,0.3654348514004974,0.10840686096859181,-0.296,0.4767,0.03871666666666667
218.98333740234372,218.98333740234372,54421500,20210709,TSLA,217.60333251953125,218.98333740234372,1,0.14571115602588763,0.022324746545900442,0.21845252550490435,0.24502700329094673,0.11300148343211489,0.1453761058374996,0.08777818411847084,0.022328795244275158,-0.7255,0.5719,-0.1057857142857143
228.5666656494141,228.5666656494141,77781000,20210712,TSLA,218.98333740234372,228.5666656494141,1,0.12051831366521218,0.19271254942504346,0.11088287622166437,0.09822976504577088,0.19270101531574982,0.0677130391204602,0.06771006431215862,0.14953237689394025,-0.2732,0.4939,0.2887
222.8466644287109,222.8466644287109,62898300,20210713,TSLA,228.5666656494141,222.8466644287109,0,0.03461822648861383,0.11782484100116479,0.18609445308249103,0.03462062637030787,0.12783485149248883,0.15906458173143503,0.10295973280639323,0.23698268702710507,-0.2732,0.8658,0.1721857142857143
217.7933349609375,217.7933349609375,64923600,20210714,TSLA,222.8466644287109,217.7933349609375,0,0.11019277608973736,0.17717801593785462,0.024546721014568958,0.34845718103418866,0.10269103124683503,0.12117598298334124,0.09120861968631457,0.02454967200715926,-0.4574,0.5629,0.19935999999999998
216.86666870117188,216.86666870117188,60628800,20210715,TSLA,217.7933349609375,216.86666870117188,0,0.1711329092796176,0.026312336910745363,0.15358952368365356,0.06926579137566127,0.022157578351376325,0.3866748424439977,0.1333062991516446,0.037560718803303306,-0.1137,0.92,0.4141538461538462
214.7400054931641,214.7400054931641,49113000,20210716,TSLA,216.86666870117188,214.7400054931641,0,0.23195442477335484,0.01875845282138665,0.34823131386714384,0.08576332561497375,0.01876420316082385,0.0722823748733919,0.2054754399091825,0.018770464979742447,0.5719,0.5994,0.58565
215.4066619873047,215.4066619873047,63891300,20210719,TSLA,214.7400054931641,215.4066619873047,1,0.40104166572001715,0.026041667099093446,0.2759985439511746,0.1926982619713442,0.02604329763947385,0.026041667158436498,0.02608544554453535,0.026049450915924602,0.0,0.0,0.0
220.1666717529297,220.1666717529297,46461300,20210720,TSLA,215.4066619873047,220.1666717529297,1,0.0158745717105949,0.015873016690355735,0.45888473446741,0.041083734646099566,0.21743045799556318,0.015893355313148335,0.06349305698753237,0.17146707218929555,-0.3182,0.4199,0.06813333333333334
218.42999267578125,218.42999267578125,41859900,20210721,TSLA,220.1666717529297,218.42999267578125,0,0.22051738497950477,0.1856290849035685,0.2694973221999796,0.01896830446527255,0.0672902850708816,0.17084276120066041,0.04828097297895325,0.018973884201178973,-0.4003,0.9441,0.08312500000000002
216.4199981689453,216.4199981689453,45317100,20210722,TSLA,218.42999267578125,216.4199981689453,0,0.1964001499990593,0.02976190530562925,0.0297894490681037,0.02976190535182465,0.24404949854106936,0.02976190538358165,0.24404573886046999,0.19642944749026175,0.0,0.0772,0.0386
214.4600067138672,214.4600067138672,43814700,20210723,TSLA,216.4199981689453,214.4600067138672,0,0.12265711867772242,0.03234703956574473,0.2595390624645398,0.13250276363124164,0.09746017622991658,0.10153957497354717,0.12231346951156832,0.13164079494571906,0.0,0.9331,0.4373
219.2066650390625,219.2066650390625,76009800,20210726,TSLA,214.4600067138672,219.2066650390625,1,0.010193225687177433,0.010188608457504232,0.5380883019795372,0.09521444889194251,0.0101924935087186,0.03796736643659979,0.2879651793348095,0.0101903757037105,-0.2732,0.8856,0.4696
214.9266662597656,214.9266662597656,98439900,20210727,TSLA,219.2066650390625,214.9266662597656,0,0.0799286969040919,0.2623574187813912,0.14100458992364834,0.014246840152855543,0.014249156906200943,0.09693344747824417,0.2969119461620771,0.09436790369149048,-0.0258,0.836,0.3705142857142857
215.66000366210935,215.66000366210935,48019800,20210728,TSLA,214.9266662597656,215.66000366210935,1,0.036123817097165,0.036111111428798436,0.036161734829008335,0.03611608722069843,0.2582807398643799,0.25829789066110115,0.3027932156893895,0.0361154032094589,0.0,0.7644,0.38876666666666665
225.7833404541016,225.7833404541016,91183800,20210729,TSLA,215.66000366210935,225.7833404541016,1,0.11763201060817521,0.07696632639144914,0.12095525383789592,0.05201431172437136,0.12934810357450777,0.08406695406359212,0.10034207286660121,0.31867496693340697,-0.296,0.8979,0.36505
229.0666656494141,229.0666656494141,88969200,20210730,TSLA,225.7833404541016,229.0666656494141,1,0.019813605071624836,0.2577024799862278,0.267095826967364,0.06619062539986063,0.061474024402520616,0.035429768080152746,0.18842508689119072,0.1038685832010583,-0.5859,0.7964,0.2175125
236.55667114257807,236.55667114257807,100847400,20210802,TSLA,229.0666656494141,236.55667114257807,1,0.026793038549335096,0.12259528520940703,0.0267882478829387,0.13308762519167341,0.2851777322822908,0.10174628792637556,0.026785846383336632,0.2770259365746424,-0.0516,0.0,-0.0172
236.5800018310547,236.5800018310547,64860900,20210803,TSLA,236.55667114257807,236.5800018310547,1,0.020121925050199774,0.05617069702061633,0.02011490197293615,0.18673212882152337,0.5610259870760586,0.0201295006437008,0.11557823179087702,0.0201266276240877,-0.4199,0.8245,0.251
236.97332763671875,236.97332763671875,51007800,20210804,TSLA,236.5800018310547,236.97332763671875,1,0.020153003075925602,0.14663519933584285,0.02015860599883122,0.11417755940586054,0.06483394109043053,0.3987511924088997,0.06560627916427418,0.16968421951993515,0.0,0.7809,0.31838333333333335
238.2100067138672,238.2100067138672,38758800,20210805,TSLA,236.97332763671875,238.2100067138672,1,0.05362728245607046,0.05366608854519236,0.12474078265019398,0.13799870149649893,0.2668126712394957,0.2335999495464743,0.05364362824404034,0.07591089582203359,-0.717,0.771,0.09498000000000001
233.0333404541016,233.0333404541016,46869000,20210806,TSLA,238.2100067138672,233.0333404541016,0,0.08297843974836645,0.11928232179446692,0.047340591184431714,0.05002580701226621,0.10129294400610708,0.27090257197896256,0.16758752140804303,0.16058980286735572,-0.7783,0.8622,0.02087
236.663330078125,236.663330078125,40296900,20210810,TSLA,237.9199981689453,236.663330078125,0,0.4248948252973862,0.0250000003220313,0.2250009273227258,0.0250578445639512,0.2250003197849588,0.0250116265695292,0.0250140576173318,0.0250203985220853,0.2023,0.2023,0.2023
235.94000244140625,235.94000244140625,29401800,20210811,TSLA,236.663330078125,235.94000244140625,0,0.24064582865544992,0.013329435280125868,0.038973262993641164,0.07172462183274857,0.28158617145323467,0.19698847319171664,0.09213948005600449,0.06461272653707838,0.0,0.3089,0.11156666666666666
240.75,240.75,52377300,20210812,TSLA,235.94000244140625,240.75,1,0.055729997146280824,0.02795602918936815,0.23808573601429286,0.02795800474681335,0.24365655581574128,0.027959917909331673,0.11585734259141592,0.26279641658675557,-0.2716,0.4215,0.018174999999999993
239.05667114257807,239.05667114257807,50194500,20210813,TSLA,240.75,239.05667114257807,0,0.07837770929784016,0.06676453517878152,0.049124709709652936,0.08064294099226822,0.2463705791803057,0.15752676228998522,0.19174470427460713,0.12944805907655874,-0.296,0.7783,0.17673333333333333
229.663330078125,229.663330078125,61048200,20210818,TSLA,221.90333557128903,229.663330078125,1,0.16539254015250188,0.016467248788845524,0.16326348966345489,0.016465450671336375,0.11733249115772426,0.059830828274719104,0.14270073863256755,0.3185472126588501,-0.7269,0.6369,0.021550000000000014
226.7533264160156,226.7533264160156,44525700,20210820,TSLA,224.4900054931641,226.7533264160156,1,0.028141143999695,0.0281250005055533,0.22808179941924367,0.0281250005468457,0.0281488271432498,0.2281203547588769,0.40309439199436004,0.0281634816321751,0.0,0.0,0.0
235.43333435058597,235.43333435058597,60794700,20210823,TSLA,226.7533264160156,235.43333435058597,1,0.07903386809666657,0.0290366295837926,0.21169896742269315,0.2089985842938847,0.029049090276134622,0.14878372385862226,0.18438311348861944,0.10901602297958628,0.0,0.522,0.1849
236.163330078125,236.163330078125,39249300,20210824,TSLA,235.43333435058597,236.163330078125,1,0.0313444285714604,0.0312500005527156,0.7810751443846778,0.0312645949206666,0.0312717227703048,0.031269228819469,0.0312500006469704,0.0312748793337352,0.7269,0.7269,0.7269
237.0666656494141,237.0666656494141,37936800,20210825,TSLA,236.163330078125,237.0666656494141,1,0.0078131834705308,0.0078146674610969,0.0078151819086602,0.007812500169134,0.0078133305579314,0.0703072270206457,0.8828114092443848,0.0078125001676158,0.6369,0.6369,0.6369
233.72000122070312,233.72000122070312,39642900,20210826,TSLA,237.0666656494141,233.72000122070312,0,0.0278013688948637,0.19436160937150676,0.4722186596852415,0.027784641548630248,0.02780774471745575,0.027808125193938847,0.1944028818888309,0.027814968699532,-0.2023,-0.1406,-0.17145
237.30667114257807,237.30667114257807,41501400,20210827,TSLA,233.72000122070312,237.30667114257807,1,0.03615376796578453,0.16942469238955857,0.036160361456490535,0.03613503910203733,0.10279044450308716,0.10277816128759733,0.36933526762518626,0.1472222656702579,-0.1531,0.8882,0.4608999999999999
243.6366729736328,243.6366729736328,55812600,20210830,TSLA,237.30667114257807,243.6366729736328,1,0.07333836495336102,0.20874263351586003,0.1387935128410494,0.05249348942130173,0.11254289477720882,0.19243180753462866,0.14832739991915767,0.07332989703743242,-0.8122,0.5859,-0.015662500000000024
245.2400054931641,245.2400054931641,62566200,20210831,TSLA,243.6366729736328,245.2400054931641,1,0.3733945347902684,0.031326849109167,0.0312843579607718,0.4388660098620033,0.0312500005581381,0.0312865462444502,0.0312947085228385,0.0312969929523625,-0.6249,-0.6249,-0.6249
244.69667053222656,244.69667053222656,39612900,20210901,TSLA,245.2400054931641,244.69667053222656,0,0.07005267060490354,0.09508472303729668,0.1069328924698534,0.03699032217658599,0.039909661310504184,0.3356981060773076,0.16623736162490246,0.14909426269864592,-0.0429,0.9615,0.19382857142857143
244.1300048828125,244.1300048828125,38331900,20210902,TSLA,244.69667053222656,244.1300048828125,0,0.021386045987772245,0.2296744486665466,0.1710949461039431,0.04382617358484906,0.021371847335683355,0.17371737026423167,0.29304810773172185,0.045881060325251855,0.0,0.899,0.5396
244.52333068847656,244.52333068847656,45738300,20210903,TSLA,244.1300048828125,244.52333068847656,1,0.320897833443683,0.02102615007905719,0.389857324708295,0.021028162886319684,0.021026138905583885,0.0568222841797223,0.1353151110745768,0.03402699472276187,-0.0094,0.5719,0.2908
250.97332763671875,250.97332763671875,60119400,20210907,TSLA,244.52333068847656,250.97332763671875,1,0.0312561869918993,0.0312679883159776,0.5312246910894007,0.0312602508933192,0.0312560873283082,0.0312500006094486,0.2812347941954637,0.0312500005761824,-0.636,-0.636,-0.636
251.6199951171875,251.6199951171875,42233100,20210909,TSLA,251.2899932861328,251.6199951171875,1,0.297959367000296,0.11714434542894803,0.18825361217350264,0.12027397230469113,0.04819758069837356,0.057951031333624316,0.1522599571873668,0.01796013387319728,-0.0772,0.8126,0.14708
245.42333984375,245.42333984375,45552600,20210910,TSLA,251.6199951171875,245.42333984375,0,0.10774924807219276,0.17529472917481212,0.07324948556604247,0.09357062587792954,0.17528672320594957,0.1741512030090855,0.16315373082684761,0.037544254267140156,-0.296,0.8268,0.08685714285714285
247.6666717529297,247.6666717529297,68857500,20210913,TSLA,245.42333984375,247.6666717529297,1,0.0786516765780321,0.16149931207284965,0.050353729743274005,0.23782204082119637,0.050358762946639726,0.23782827548787244,0.13312957553849714,0.050356626811638376,-0.5859,0.2732,-0.152175
248.163330078125,248.163330078125,55574700,20210914,TSLA,247.6666717529297,248.163330078125,1,0.0208333342891003,0.0208333340687266,0.2583459190749093,0.020833334131729,0.0208416123337889,0.4425171606853859,0.1949619712919421,0.0208333341244176,-0.2716,-0.2716,-0.2716
251.94332885742188,251.94332885742188,46073100,20210915,TSLA,248.163330078125,251.94332885742188,1,0.02500043179405,0.025000642388020473,0.05036590871911848,0.1620811611096296,0.02502047727174165,0.6625261943354214,0.025004517059411598,0.025000667322606474,0.0,0.4404,0.1101
252.3300018310547,252.3300018310547,41770200,20210916,TSLA,251.94332885742188,252.3300018310547,1,0.038195853674330434,0.03819444529068167,0.20483801951798777,0.03819444536397113,0.03823135110505554,0.3437033345126199,0.2604371453053616,0.03820540522999166,0.0,0.6369,0.41209999999999997
253.163330078125,253.163330078125,84612600,20210917,TSLA,252.3300018310547,253.163330078125,1,0.028172260797840194,0.13878082117237617,0.03736492811783717,0.07473206980243298,0.048163610487821876,0.44845477617388585,0.181889144163075,0.04244238928473042,0.0,0.8953,0.42377000000000004
243.38999938964844,243.38999938964844,74273100,20210920,TSLA,253.163330078125,243.38999938964844,0,0.12290030026091621,0.0658468707546828,0.19815085089698375,0.17813724219291727,0.025844054640742502,0.13304336734677533,0.20916723181979618,0.06691008208718564,0.0,0.7777,0.25088
246.4600067138672,246.4600067138672,48992100,20210921,TSLA,243.38999938964844,246.4600067138672,1,0.03334900785907693,0.08095373529576408,0.15074916475413622,0.12858868672212714,0.18806521990073427,0.18809667554816228,0.10162367907125193,0.12857383084874682,-0.6072,0.8221,0.3565714285714286
250.64666748046875,250.64666748046875,45378900,20210922,TSLA,246.4600067138672,250.64666748046875,1,0.05529026708716949,0.16242702363320302,0.19162887284475,0.06875510101773127,0.11779485532448053,0.024040806366178263,0.24914372844814886,0.13091934527833832,-0.765,0.8402,0.134425
258.1300048828125,258.1300048828125,64119000,20210924,TSLA,251.2133331298828,258.1300048828125,1,0.2863866589028668,0.36973816861832887,0.0365450268517588,0.036458334376434046,0.03647326049602505,0.16146001374849145,0.036458334458291705,0.03648020254780305,0.0,0.1027,0.05135
263.78668212890625,263.78668212890625,84212100,20210927,TSLA,258.1300048828125,263.78668212890625,1,0.1369792956811477,0.0717182784022415,0.2457636348318014,0.08056530780320226,0.028752431322951476,0.028768632345557144,0.19214962486392925,0.21530279474916902,-0.53,0.0,-0.10600000000000001
259.1866760253906,259.1866760253906,76144200,20210928,TSLA,263.78668212890625,259.1866760253906,0,0.16370531455655774,0.1105490197482097,0.06169247029437589,0.23647699919566023,0.020582320344261967,0.020571129893285734,0.22717076092382785,0.15925198504382054,0.0,0.8718,0.2906
260.4366760253906,260.4366760253906,62828700,20210929,TSLA,259.1866760253906,260.4366760253906,1,0.0250147866585848,0.0250217285449459,0.6215921893357256,0.0250108601389473,0.025002098102649,0.0250376851949787,0.0250032218998508,0.2283174301243175,0.4497,0.4497,0.4497
258.49334716796875,258.49334716796875,53868000,20210930,TSLA,260.4366760253906,258.49334716796875,0,0.3004968872819272,0.017857144232181,0.0178571445240374,0.1606934282070183,0.0178697987061287,0.4494480953676406,0.0179155779798777,0.0178619237011889,0.4404,0.4404,0.4404
258.4066772460937,258.4066772460937,51094200,20211001,TSLA,258.49334716796875,258.4066772460937,0,0.0250054588930399,0.0250000002664571,0.0250337015920603,0.8249608379796627,0.0250000003660594,0.025000000303186,0.0250000003122526,0.0250000002872816,0.4019,0.4019,0.4019
260.510009765625,260.510009765625,91449900,20211004,TSLA,258.4066772460937,260.510009765625,1,0.118029996334266,0.0178571433395306,0.0178571434438155,0.017858714806229,0.0178571435199635,0.0178713846370477,0.3462418840524026,0.4464265898667445,-0.0516,-0.0516,-0.0516
260.1966552734375,260.1966552734375,55297800,20211005,TSLA,260.510009765625,260.1966552734375,0,0.2812525741693698,0.0312500007564551,0.0312500009201713,0.531130521849265,0.03131490403529,0.0312821380632911,0.0312500008869348,0.0312698593192226,0.0,0.0,0.0
264.53668212890625,264.53668212890625,57587400,20211007,TSLA,260.9166564941406,264.53668212890625,1,0.17834676723282358,0.10353664415516757,0.12869466793226267,0.052220770144018255,0.09289833308040912,0.17241437005094215,0.21394307558047376,0.0579453718239025,0.0,0.8555,0.5812666666666666
261.8299865722656,261.8299865722656,50215800,20211008,TSLA,264.53668212890625,261.8299865722656,0,0.05338058749110204,0.079572872815969,0.29437130803744926,0.06101642782688725,0.15008825322135114,0.0686538322414355,0.19687710576646955,0.09603961259933577,-0.0191,0.9558,0.4527
263.9800109863281,263.9800109863281,42600900,20211011,TSLA,261.8299865722656,263.9800109863281,1,0.14668782860003954,0.06096857587859581,0.11772051650609136,0.1595768565712042,0.04851940263199804,0.1580675293191765,0.2765879984775663,0.031871292015328026,-0.6966,0.7574,0.2284
268.5733337402344,268.5733337402344,66060000,20211012,TSLA,263.9800109863281,268.5733337402344,1,0.25830847127307754,0.03611111151620797,0.03611111160394093,0.03611280307359343,0.03613828962627343,0.30274922264245213,0.036143578548894904,0.2583254117155594,-0.2865,0.6249,0.11280000000000001
272.7733459472656,272.7733459472656,36741600,20211014,TSLA,270.3599853515625,272.7733459472656,1,0.04689354404972618,0.03687539659734658,0.060856480385059156,0.0208361087318824,0.2237799121681884,0.215455990753982,0.1165586104749177,0.2787439568388973,-0.5994,0.5411,-0.08802
281.010009765625,281.010009765625,56773800,20211015,TSLA,272.7733459472656,281.010009765625,1,0.0231693840109667,0.023148415936541766,0.1717921090824449,0.1129011898098083,0.1135996232248681,0.023151234765069067,0.5090833022822493,0.02315474088805153,0.0,0.8225,0.4146666666666667
288.6000061035156,288.6000061035156,42096300,20211020,TSLA,288.0899963378906,288.6000061035156,1,0.35410852503251594,0.028178936533621437,0.028188413231402868,0.10496639908590183,0.055960778876437946,0.17432890276020277,0.07580924931639234,0.17845879516352456,-0.3384,0.807,0.1324666666666667
303.2266540527344,303.2266540527344,68642400,20211022,TSLA,298.0,303.2266540527344,1,0.0737163876032266,0.03995523073556963,0.09939603916683179,0.0399569270263723,0.11209818953937227,0.15393215145723563,0.21464459672814612,0.26630047774324533,-0.3535,0.7717,0.03554285714285716
341.6199951171875,341.6199951171875,188556300,20211025,TSLA,303.2266540527344,341.6199951171875,1,0.14374202795125243,0.1318533620211655,0.09816342920581018,0.18591642618500315,0.0581959414619358,0.031218997792648476,0.16125469009406498,0.18965512528811923,-0.7032,0.6908,-0.05180000000000001
339.4766540527344,339.4766540527344,187245000,20211026,TSLA,341.6199951171875,339.4766540527344,0,0.05922670639131219,0.025921136683286414,0.19831938363700582,0.14338884595294424,0.09253969722550782,0.16094940221941292,0.02589801854134083,0.2937568093491894,0.0,0.8405,0.43595
345.9533386230469,345.9533386230469,115579500,20211027,TSLA,339.4766540527344,345.9533386230469,1,0.05210582714150135,0.11906038520275285,0.23089603370144665,0.06676821975774956,0.08482626763668463,0.14658572824220384,0.14913379886867584,0.150623739448985,-0.5994,0.8442,0.22924999999999998
359.0133361816406,359.0133361816406,81639600,20211028,TSLA,345.9533386230469,359.0133361816406,1,0.20643550306260802,0.0532530364370892,0.21077715206158054,0.02128628341373935,0.021279404881393918,0.0976727096609669,0.021283885494318335,0.36801202498830343,-0.5574,0.8397,0.03241666666666665
371.3333435058594,371.3333435058594,89755200,20211029,TSLA,359.0133361816406,371.3333435058594,1,0.036133279654334285,0.25399457823209354,0.19793679145715753,0.03612132165831006,0.03611388552307502,0.27375878638885875,0.058334289828260735,0.10760706725790967,0.0,0.7184,0.14368
402.86334228515625,402.86334228515625,168146100,20211101,TSLA,371.3333435058594,402.86334228515625,1,0.22377583107276383,0.030984594374051554,0.11308529865240802,0.030966776337238572,0.05954306941034288,0.28091990555835483,0.0309567798107647,0.22976774478407522,0.0,0.8779,0.3227285714285714
390.6666564941406,390.6666564941406,128213400,20211102,TSLA,402.86334228515625,390.6666564941406,0,0.1201583611574085,0.14632398275123268,0.1077548456479033,0.4155178982291648,0.14629979255924758,0.02132282886478825,0.021307861456557553,0.021314429333697,0.4213,0.6588,0.54005
409.9700012207031,409.9700012207031,76192200,20211104,TSLA,404.6199951171875,409.9700012207031,1,0.16295028571077103,0.22634858194479435,0.08983929044742325,0.03751348411355448,0.037502992030794255,0.10418097598409512,0.23749700365510243,0.10416738611346484,0.0,0.4767,0.25222
387.6466674804688,387.6466674804688,100337100,20211108,TSLA,407.36334228515625,387.6466674804688,0,0.11187441720777078,0.023951637048487427,0.17665727610385237,0.0239518167334875,0.023959640066471742,0.5349977108705555,0.023963845186826628,0.08064365678254767,-0.228,0.5563,0.0985
341.1666564941406,341.1666564941406,177317400,20211109,TSLA,387.6466674804688,341.1666564941406,0,0.0312584013860071,0.03125000057989155,0.136628991202141,0.0312513368505017,0.031250000805062,0.6758366757265185,0.03125153922624615,0.03127305422363155,0.0,0.3612,0.1806
355.9833374023437,355.9833374023437,128408100,20211110,TSLA,341.1666564941406,355.9833374023437,1,0.12356716931771278,0.02384866794639398,0.06848066095246018,0.12701805980775135,0.04977813167391346,0.28954399099690376,0.10504622753120975,0.2127170917736544,-0.5411,0.7506,0.10038333333333334
354.5033264160156,354.5033264160156,67189800,20211111,TSLA,355.9833374023437,354.5033264160156,0,0.12475599846458746,0.1234828717115942,0.17407557121621905,0.019324362597349876,0.03459461702349525,0.3705052452625821,0.01933529352551555,0.1339260401986562,0.0,0.836,0.209
344.47332763671875,344.47332763671875,76719300,20211112,TSLA,354.5033264160156,344.47332763671875,0,0.10328815386568317,0.03026578276444547,0.14907973067115907,0.25247715933879317,0.030275200185772105,0.2802069454154083,0.12414863458411562,0.030258393174622828,-0.1531,0.4215,0.08946666666666665
337.7966613769531,337.7966613769531,104326800,20211115,TSLA,344.47332763671875,337.7966613769531,0,0.09848350593496905,0.020247648811669076,0.1596607022992302,0.03402083648661161,0.0775410885114405,0.06170338224042646,0.1019970458347912,0.44634578988086154,0.0,0.8832,0.3332
351.57666015625,351.57666015625,79627200,20211116,TSLA,337.7966613769531,351.57666015625,1,0.0357307517118168,0.0357222895230668,0.03572692442109695,0.076366070031548,0.0936951902259226,0.035714286570620105,0.28571633728470314,0.4013281502312253,0.4404,0.4767,0.45855
363.0033264160156,363.0033264160156,94336200,20211117,TSLA,351.57666015625,363.0033264160156,1,0.2730052387780099,0.0182459922945346,0.12106196125499298,0.051147721304633624,0.0585822320693592,0.046019180819627095,0.08910090794555627,0.34283676553328607,0.0,0.8908,0.566825
365.4599914550781,365.4599914550781,62696700,20211118,TSLA,363.0033264160156,365.4599914550781,1,0.03417037101465274,0.19664880967938236,0.09660759897854894,0.17827531255159781,0.03421901123104722,0.12424952553930883,0.13416794184707395,0.20166142915838786,-0.7868,0.3612,-0.23946
379.0199890136719,379.0199890136719,64926900,20211119,TSLA,365.4599914550781,379.0199890136719,1,0.01872499691423215,0.05743816139794222,0.12132295820261231,0.05134065505336088,0.15459791078043678,0.3680935025172913,0.0187348180883153,0.20974699704580874,-0.4003,0.7722,-0.06602499999999999
385.6233215332031,385.6233215332031,99217500,20211122,TSLA,379.0199890136719,385.6233215332031,1,0.11329612042972029,0.09200561885205241,0.096598085825907,0.15449832839228267,0.14102157157454595,0.08844896161249599,0.1295156341057483,0.18461567920724703,-0.0772,0.6808,0.3121125
369.6766662597656,369.6766662597656,108515100,20211123,TSLA,385.6233215332031,369.6766662597656,0,0.22713005516053628,0.13859177982415138,0.16481953716632747,0.08251807968445969,0.07733491030903386,0.11069429560311228,0.12158219479666273,0.07732914745571598,-0.816,0.4497,0.1396888888888889
372.0,372.0,67680600,20211124,TSLA,369.6766662597656,372.0,1,0.04487287096039082,0.04029368660305791,0.022875690445804387,0.022887692886344475,0.20393985225806846,0.5366081810954132,0.0580296872966384,0.07049233845428211,-0.7053,0.5423,-0.028271428571428576
360.6400146484375,360.6400146484375,35042700,20211126,TSLA,372.0,360.6400146484375,0,0.1549741229161841,0.018921772408374334,0.018927377454798968,0.018945256120640866,0.1766563491666521,0.1754240606312114,0.018918504819678366,0.41723255648245955,0.1154,0.5423,0.3325666666666667
378.9966735839844,378.9966735839844,58393500,20211129,TSLA,360.6400146484375,378.9966735839844,1,0.1279818632857263,0.19028461467481675,0.11359956526808887,0.070458456800971,0.0989121567640693,0.02804344936046676,0.12751006130630912,0.2432098325395515,-0.4019,0.7783,0.17357142857142854
381.586669921875,381.586669921875,81276000,20211130,TSLA,378.9966735839844,381.586669921875,1,0.1527382686058871,0.2235425419071041,0.01819618821667982,0.05150529241586201,0.12011847601252558,0.2972284995877479,0.09246935302978271,0.04420138022441047,-0.8957,0.4215,-0.019166666666666665
365.0,365.0,68450400,20211201,TSLA,381.586669921875,365.0,0,0.03125316856224414,0.09390425746679211,0.0312535879232098,0.13120076341906955,0.08125707631935271,0.3277380095262866,0.18475209249205388,0.11864104429099087,-0.4574,0.7876,0.09666
361.5333251953125,361.5333251953125,73114800,20211202,TSLA,365.0,361.5333251953125,0,0.025540693772766722,0.12552948955602877,0.025538730389288646,0.35217748510686775,0.0255428792489709,0.3945829142908873,0.02554121757716802,0.025546590058021557,0.0,0.5709,0.12962
338.3233337402344,338.3233337402344,92322000,20211203,TSLA,361.5333251953125,338.3233337402344,0,0.08165104076431925,0.10306691798171293,0.14010268500917375,0.12631510736630158,0.22881272743897624,0.15951023574973916,0.11553760276608241,0.04500368292369438,-0.5786,0.5916,0.10845555555555556
336.336669921875,336.336669921875,81663000,20211206,TSLA,338.3233337402344,336.336669921875,0,0.029700773172811026,0.09985059045210518,0.2172020386729909,0.19626211442407637,0.11302393031667203,0.1019307982957567,0.21232424602216945,0.029705508643417977,-0.4019,0.4404,-0.076525
350.5833435058594,350.5833435058594,56084700,20211207,TSLA,336.336669921875,350.5833435058594,1,0.01941553669144737,0.0194264977638306,0.019414316050685502,0.31106678509194385,0.10275619788244711,0.4073871965942553,0.10111476567608513,0.019418704249304766,-0.4767,0.296,-0.06023333333333334
356.32000732421875,356.32000732421875,41906400,20211208,TSLA,350.5833435058594,356.32000732421875,1,0.10864063699351208,0.07085528228544477,0.14535940072451997,0.17147189273236277,0.055330555174140976,0.13588557285780412,0.0872012293092519,0.22525542992296307,-0.6369,0.4574,-0.009244444444444451
334.6000061035156,334.6000061035156,59438400,20211209,TSLA,356.32000732421875,334.6000061035156,0,0.1158436892013401,0.36187588514157165,0.0286473029672064,0.0286528197847901,0.02873585592863025,0.37894042037872744,0.02865385743312465,0.028650169164608996,0.0,0.4404,0.2202
339.010009765625,339.010009765625,59664300,20211210,TSLA,334.6000061035156,339.010009765625,1,0.08808800698033183,0.1436466009666418,0.16017302817288112,0.1826528097933288,0.032523149701000266,0.10859715831394383,0.21474540286456953,0.06957384320730252,-0.5106,0.8044,0.2788333333333333
322.1366577148437,322.1366577148437,78595500,20211213,TSLA,339.010009765625,322.1366577148437,0,0.1658594168665151,0.08564006649785184,0.06622644013414206,0.09300280022769833,0.1659575531334122,0.18584880500896228,0.030531478634996646,0.2069334394964213,-0.886,0.7351,-0.06420000000000001
319.5033264160156,319.5033264160156,70806300,20211214,TSLA,322.1366577148437,319.5033264160156,0,0.16605551415709244,0.02709152342340873,0.027098554100588337,0.2214173443804143,0.1604027148827807,0.09375240217647345,0.2770301358990039,0.027151810980237768,-0.6705,0.3182,-0.15166666666666667
308.97332763671875,308.97332763671875,82771500,20211216,TSLA,325.3299865722656,308.97332763671875,0,0.09484573576927144,0.038441457351490085,0.18004039236341657,0.15917069360437697,0.03844119011125904,0.06542024966720476,0.29484032186957837,0.1287999592634025,-0.5719,0.7351,0.168425
310.8566589355469,310.8566589355469,100437300,20211217,TSLA,308.97332763671875,310.8566589355469,1,0.11640728456830955,0.036111111546861564,0.09169762151989452,0.20277888153512125,0.03612785580653477,0.03611111160504943,0.2224468480461672,0.25831928537206145,-0.5314,0.7906,0.29436666666666667
299.9800109863281,299.9800109863281,56480100,20211220,TSLA,310.8566589355469,299.9800109863281,0,0.041680398162492,0.7081033037142134,0.0418378213154848,0.0416806929812983,0.0416666672385545,0.0416957848513866,0.0416666671536721,0.041668664582898,0.1007,0.1007,0.1007
312.84332275390625,312.84332275390625,71517900,20211221,TSLA,299.9800109863281,312.84332275390625,1,0.020171478537622134,0.08319487702547776,0.12521906228800186,0.12512186071182008,0.18325182436119603,0.2741325214198203,0.11102602435091952,0.07788235130514198,0.0,0.9224,0.36896666666666667
336.2900085449219,336.2900085449219,93634200,20211222,TSLA,312.84332275390625,336.2900085449219,1,0.07583021170296601,0.060131581416820845,0.08864981994249205,0.17870637979289725,0.03789291859453681,0.03856666117411002,0.40032663523559187,0.11989579214058485,-0.1779,0.5859,0.18731
355.6666564941406,355.6666564941406,92713200,20211223,TSLA,336.2900085449219,355.6666564941406,1,0.0125144706505435,0.2288698936611093,0.3465289094848463,0.3620404084251871,0.0125059333265315,0.0125025810457604,0.0125374287864396,0.012500374619582,0.893,0.893,0.893
364.6466674804688,364.6466674804688,71145900,20211227,TSLA,355.6666564941406,364.6466674804688,1,0.17659604450653982,0.15367370307235353,0.0965410111105312,0.16069685374742793,0.04365151883298954,0.2061330899851435,0.1190509318959743,0.04365684684903992,0.0,0.6369,0.19245555555555555
362.0633239746094,362.0633239746094,56154000,20211229,TSLA,362.8233337402344,362.0633239746094,0,0.018116333805167733,0.161023896421533,0.24577451170556328,0.018121021344182902,0.08137631347148676,0.018111917465267267,0.27946422740302435,0.17801177838377444,-0.3219,0.4767,0.0516
356.7799987792969,356.7799987792969,47040900,20211230,TSLA,362.0633239746094,356.7799987792969,0,0.4249795129731232,0.0250144482846458,0.0250000028288259,0.0250064528054875,0.0250053267324485,0.0250323443138976,0.0250916035008909,0.4248703085606804,0.0772,0.0772,0.0772
399.9266662597656,399.9266662597656,103931400,20220103,TSLA,352.260009765625,399.9266662597656,1,0.02031299114508165,0.02035681893225865,0.02031607119942535,0.42024748901931175,0.02031250030941705,0.02032378672754505,0.020312500264756297,0.4578178424022039,-0.296,-0.296,-0.296
354.8999938964844,354.8999938964844,90336600,20220106,TSLA,362.7066650390625,354.8999938964844,0,0.15166147677571018,0.02043269299350865,0.02043281774695205,0.020441932691495298,0.26417549759638953,0.4819813895413403,0.0204326931085211,0.0204414995460826,0.0,0.34,0.17
342.32000732421875,342.32000732421875,84164700,20220107,TSLA,354.8999938964844,342.32000732421875,0,0.05041120369500622,0.2110407533946978,0.23362482913113855,0.022100016039014937,0.02210702545455326,0.05066509855446262,0.3879441226327178,0.022106951098408358,-0.34,0.3612,0.004239999999999999
352.7066650390625,352.7066650390625,91815000,20220110,TSLA,342.32000732421875,352.7066650390625,1,0.0233148915541088,0.2613987029707237,0.24552976581230757,0.12648634000164993,0.106663754404277,0.18996811572859637,0.02332411336248093,0.023314316165855335,-0.8225,0.4019,-0.14020000000000002
368.739990234375,368.739990234375,83739000,20220112,TSLA,354.79998779296875,368.739990234375,1,0.11667874990171327,0.10670889533419593,0.5073138012579355,0.09007369306278012,0.0233798231608907,0.060413939810697835,0.0233814028035086,0.07204969466827767,-0.3182,0.7184,0.15913333333333335
343.85333251953125,343.85333251953125,97209900,20220113,TSLA,368.739990234375,343.85333251953125,0,0.0250000001350236,0.0250000001042738,0.0250020734468949,0.025000000113266,0.0250087318260794,0.8249891941403656,0.025000000122,0.0250000001120963,0.0,0.0,0.0
349.8699951171875,349.8699951171875,72924300,20220114,TSLA,343.85333251953125,349.8699951171875,1,0.0312560558548662,0.0312500007455729,0.7812214993114602,0.0312561807993822,0.0312608182273911,0.0312500008466529,0.0312540694158417,0.0312513747988325,0.0,0.0,0.0
343.5033264160156,343.5033264160156,66743400,20220118,TSLA,349.8699951171875,343.5033264160156,0,0.08507004114499309,0.6875767745258623,0.027801322167211498,0.08838615055135854,0.02779931450036325,0.027783624945235803,0.0278030080013219,0.0277797641636532,-0.4588,0.3612,-0.04879999999999998
331.8833312988281,331.8833312988281,75442500,20220119,TSLA,343.5033264160156,331.8833312988281,0,0.28633398818135664,0.2692914073101636,0.05942441845116833,0.017718287373960032,0.0177169757984066,0.05937053736132883,0.06410085861279052,0.2260435269108251,-0.3802,0.34,0.03763333333333335
314.6333312988281,314.6333312988281,103416000,20220121,TSLA,332.0899963378906,314.6333312988281,0,0.10056928954239248,0.11723836728024707,0.06724662072474279,0.08113361320809545,0.02558538177492915,0.35891494524000195,0.18112671901995134,0.06818506320963948,-0.126,0.296,0.11138333333333333
306.1333312988281,306.1333312988281,86595900,20220125,TSLA,310.0,306.1333312988281,0,0.0125004613837611,0.2124663802168761,0.3124672018465759,0.012539095437719,0.0125049372841843,0.012522661815149,0.4124968167427368,0.0125024452729975,0.8777,0.8777,0.8777
312.4700012207031,312.4700012207031,104867400,20220126,TSLA,306.1333312988281,312.4700012207031,1,0.5312420913735195,0.0312500006241292,0.0312599533128794,0.0312953725069734,0.2811536950147017,0.0312500007112642,0.0312988857857716,0.0312500006707606,0.6588,0.6588,0.6588
276.3666687011719,276.3666687011719,147109500,20220127,TSLA,312.4700012207031,276.3666687011719,0,0.14514504879471535,0.2488422229216198,0.1543831149886853,0.11180952986774215,0.03404517493329506,0.09881996901464643,0.034053703273511614,0.172901236205784,-0.7351,0.5106,-0.024755555555555545
282.1166687011719,282.1166687011719,134789100,20220128,TSLA,276.3666687011719,282.1166687011719,1,0.03491808117904102,0.20156815949021967,0.03494984951161705,0.2936231952200864,0.034901866118335075,0.034907071076867996,0.24691092899292466,0.11822084841090796,0.1779,0.6486,0.40717499999999995
312.239990234375,312.239990234375,104436000,20220131,TSLA,282.1166687011719,312.239990234375,1,0.029566241578972585,0.056422507048683346,0.15373719587974014,0.07472183289062521,0.14619923591376308,0.24466808383637487,0.07691360714635855,0.21777129570548184,-0.4767,0.3071,-0.028266666666666673
310.4166564941406,310.4166564941406,73138200,20220201,TSLA,312.239990234375,310.4166564941406,0,0.09391449612366215,0.07988302413807306,0.24162383565233347,0.038667553176848564,0.13424619138253693,0.16757612848929215,0.1471581676538318,0.09693060338342156,0.0,0.802,0.2549
301.8866577148437,301.8866577148437,66792900,20220202,TSLA,310.4166564941406,301.8866577148437,0,0.05887649587303878,0.029607189554048886,0.14672009455953727,0.02960835944945548,0.19786438561472358,0.2714303115035942,0.09345840808410442,0.17243475536149705,0.0,0.816,0.37532
297.0466613769531,297.0466613769531,78855600,20220203,TSLA,301.8866577148437,297.0466613769531,0,0.14736598179537505,0.04981553356604534,0.1053343806603262,0.05441845700132611,0.14037462534387343,0.3425093104609024,0.13535981724921223,0.024821893922938924,-0.3182,0.5707,0.08987499999999998
302.4466552734375,302.4466552734375,60994500,20220207,TSLA,307.7733459472656,302.4466552734375,0,0.16649181382168984,0.06736332526441796,0.11049159896150634,0.08870990539275679,0.06927732967258811,0.06928560328035924,0.027606008827843965,0.40077441477883746,-0.7786,0.4404,-0.17736666666666667
310.6666564941406,310.6666564941406,52259400,20220209,TSLA,307.3333435058594,310.6666564941406,1,0.3160263005695616,0.015178572338716952,0.21431325322447642,0.27074561015965654,0.0151789257314484,0.0151785724647768,0.0667757818547753,0.0866029836565877,-0.8737,-0.4201,-0.6469
301.51666259765625,301.51666259765625,66126900,20220210,TSLA,310.6666564941406,301.51666259765625,0,0.0208333339081162,0.0208506334293316,0.0208333338705877,0.0208333338172726,0.6862915258507664,0.0208391057720819,0.0208337922991506,0.1886849410526925,0.5994,0.5994,0.5994
286.6666564941406,286.6666564941406,79645800,20220211,TSLA,301.51666259765625,286.6666564941406,0,0.0244468020473727,0.11966732356916233,0.14196607381336285,0.02444748647097253,0.1514310831659071,0.2402387581470439,0.06116656879821475,0.2366359039879635,0.0,0.765,0.17191428571428571
291.9200134277344,291.9200134277344,67756500,20220214,TSLA,286.6666564941406,291.9200134277344,1,0.213582153600363,0.04271050855067937,0.1677112691017167,0.04271767832089353,0.04271034903475472,0.4051278985061426,0.042725424721926905,0.04271471816352285,0.2732,0.7424,0.556975
307.4766540527344,307.4766540527344,57286200,20220215,TSLA,291.9200134277344,307.4766540527344,1,0.0250000004715949,0.0250000003638856,0.0250000004409118,0.0250000003948376,0.0250282029273811,0.8249706059129054,0.0250011890977268,0.0250000003907566,0.0,0.0,0.0
307.7966613769531,307.7966613769531,51294300,20220216,TSLA,307.4766540527344,307.7966613769531,1,0.025003831539809,0.8249228936752039,0.025039828275871,0.0250144894694345,0.0250000012516408,0.0250034877540213,0.0250000010671994,0.0250154669668199,-0.7,-0.7,-0.7
292.1166687011719,292.1166687011719,55178400,20220217,TSLA,307.7966613769531,292.1166687011719,0,0.1312878071827239,0.029189209167651036,0.2903620390621601,0.30691565206263244,0.029174890598206566,0.029166667997832168,0.09918423394054521,0.08471949998824829,0.0,0.2732,0.1665
285.6600036621094,285.6600036621094,68501700,20220218,TSLA,292.1166687011719,285.6600036621094,0,0.5623068857774185,0.0625000008640948,0.0625692824223859,0.0625000009403737,0.062500001185658,0.0625176383582486,0.0626061895199949,0.0625000009318251,0.5719,0.5719,0.5719
273.84332275390625,273.84332275390625,83288100,20220222,TSLA,285.6600036621094,273.84332275390625,0,0.22518540514005303,0.08852506342298216,0.2978955032261889,0.07086163328297697,0.12156511986106301,0.04596087420651239,0.05560430999823957,0.09440209086198367,-0.5719,0.5994,0.021471428571428586
254.67999267578125,254.67999267578125,95256900,20220223,TSLA,273.84332275390625,254.67999267578125,0,0.1861745946999698,0.24656437058431352,0.14773826322170772,0.02128690673831794,0.021281545565177203,0.06188664482854391,0.2937797042103193,0.0212879701516503,-0.1513,0.8016,0.457
269.9566650390625,269.9566650390625,76067700,20220225,TSLA,266.92333984375,269.9566650390625,1,0.027513359297308363,0.11548955227599007,0.19921374930610436,0.02752525310717675,0.06916786932704472,0.34216820591620867,0.05875654984484974,0.16016546092531703,-0.6597,0.5927,0.2184375
288.1233215332031,288.1233215332031,74766900,20220301,TSLA,290.1433410644531,288.1233215332031,0,0.024720485281124704,0.29133185832425895,0.10235038937551884,0.3082429195944838,0.1158701201624847,0.10804882642913427,0.0247237077204141,0.024711693112580233,-0.5859,0.5423,-0.014533333333333323
293.2966613769531,293.2966613769531,74643300,20220302,TSLA,288.1233215332031,293.2966613769531,1,0.17108135991613083,0.2132055077462385,0.24023929627354798,0.12929746924838303,0.07398246450957068,0.05280563865198282,0.046446683076216494,0.07294158057792949,-0.7227,0.8625,0.16708333333333333
279.7633361816406,279.7633361816406,61623600,20220303,TSLA,293.2966613769531,279.7633361816406,0,0.03636118418016142,0.13120939173759946,0.0933135812526931,0.2664501650431577,0.03129106954762906,0.35987413616353664,0.03385421025293406,0.04764626182228817,-0.4284,0.7096,0.0393
279.42999267578125,279.42999267578125,66999600,20220304,TSLA,279.7633361816406,279.42999267578125,0,0.07500000080795265,0.1826419808008066,0.17499486797139313,0.07505499704315105,0.0750145234732349,0.2672936285009196,0.07500000073137475,0.07500000067116715,-0.636,0.541,-0.04749999999999999
274.79998779296875,274.79998779296875,80399100,20220308,TSLA,268.1933288574219,274.79998779296875,1,0.062500000677253,0.0625893246816765,0.0625000006342438,0.5624106715186344,0.0625000007181415,0.0625000005954867,0.0625000006137633,0.0625000005608005,-0.5719,-0.5719,-0.5719
286.3233337402344,286.3233337402344,59184000,20220309,TSLA,274.79998779296875,286.3233337402344,1,0.08696594377936565,0.04950946120997062,0.12901117097517656,0.21457112915967183,0.11466744193732739,0.22471084622933604,0.07711074265416358,0.10345326405498811,-0.5233,0.6689,0.16776
265.1166687011719,265.1166687011719,67037100,20220311,TSLA,279.4333190917969,265.1166687011719,0,0.0416666671613103,0.0416666670487534,0.0416666671294264,0.041666667081637,0.0416666671925163,0.375000250718088,0.3749997465905894,0.0416666670776789,0.3182,0.3182,0.3182
255.4566650390625,255.4566650390625,71152200,20220314,TSLA,265.1166687011719,255.4566650390625,0,0.08536261478609887,0.09787650840049882,0.06227520504437249,0.19469851519503115,0.058646437847003734,0.07414997985767617,0.10986856643793143,0.31712217243138696,-0.7385,0.8074,0.10711428571428572
267.2966613769531,267.2966613769531,66841200,20220315,TSLA,255.4566650390625,267.2966613769531,1,0.04011319657959193,0.2567519575040425,0.1401018267473039,0.10263231031463546,0.16505853480090812,0.04015357040388155,0.09010495751865268,0.16508364613098367,0.0,0.9253,0.250575
280.07666015625,280.07666015625,84028800,20220316,TSLA,267.2966613769531,280.07666015625,1,0.0083522321486954,0.243533365290804,0.3048576364693685,0.0083363734451189,0.0754647481387451,0.0083498659992204,0.3427624483254465,0.0083433301826008,0.875,0.875,0.875
290.5333251953125,290.5333251953125,66582900,20220317,TSLA,280.07666015625,290.5333251953125,1,0.30232480954005037,0.0225380934455804,0.28971107974955373,0.16437232783744446,0.022538280278749063,0.1534211741769651,0.022551056627311498,0.022543178344344966,0.0,0.7703,0.48633333333333334
301.7966613769531,301.7966613769531,100414200,20220318,TSLA,290.5333251953125,301.7966613769531,1,0.12013259123357645,0.01490408041159442,0.16812273883334738,0.1275218736825767,0.1094358820025824,0.014892246843085738,0.19401973925299473,0.2509708477402417,-0.623,0.8883,0.06281999999999999
307.0533447265625,307.0533447265625,81981600,20220321,TSLA,301.7966613769531,307.0533447265625,1,0.10681953351666805,0.047773421344580756,0.09875491270514332,0.04902908636018027,0.07004783673543584,0.2065256563635215,0.1353486710709678,0.28570088190350224,-0.6948,0.7495,0.12861666666666668
337.97332763671875,337.97332763671875,68920800,20220324,TSLA,333.03668212890625,337.97332763671875,1,0.03489913895488355,0.6223263132163379,0.034901038655610776,0.034913108591748176,0.1682320232891863,0.034895834401936124,0.034904856585603126,0.03492768630469375,-0.4019,0.0,-0.195925
336.8800048828125,336.8800048828125,62031600,20220325,TSLA,337.97332763671875,336.8800048828125,0,0.09543211743162305,0.278071489078781,0.06621887814626468,0.331080033087147,0.030505953758157928,0.13767590471248292,0.030505953554805725,0.030509670230737376,-0.3802,0.5574,0.216425
363.9466552734375,363.9466552734375,102506100,20220328,TSLA,336.8800048828125,363.9466552734375,1,0.022292511815985162,0.07229234977238827,0.02229273831773476,0.04995171893280662,0.15562849006147456,0.4257098801450464,0.14621343289005498,0.10561887806450887,-0.3314,0.7777,0.31976
366.5233459472656,366.5233459472656,73614900,20220329,TSLA,363.9466552734375,366.5233459472656,1,0.10638260053627656,0.1001054706452376,0.07817270789784715,0.22551318278186552,0.04953773699999432,0.14062863267034623,0.20061509522126375,0.09904457324716856,0.0,0.9127,0.4883
364.663330078125,364.663330078125,59865000,20220330,TSLA,366.5233459472656,364.663330078125,0,0.0279076361941082,0.09936127704013903,0.22431342435378937,0.15289483492245234,0.19454224631073588,0.16181031317991873,0.11124993103674033,0.02792033696211585,-0.1779,0.8516,0.168425
359.20001220703125,359.20001220703125,48992700,20220331,TSLA,364.663330078125,359.20001220703125,0,0.022337381345782868,0.022329369962495803,0.4023091088620294,0.0223413576568335,0.022332442978812036,0.21282109702375132,0.27320690305195966,0.022322339118335102,-0.34,0.7551,0.29129999999999995
381.8166809082031,381.8166809082031,82035900,20220404,TSLA,361.5299987792969,381.8166809082031,1,0.2812544596615072,0.0312500017522655,0.281182767256524,0.2812551024957676,0.0312500024091358,0.0313076624663919,0.0312500020726495,0.0312500018857583,0.0,0.0,0.0
363.7533264160156,363.7533264160156,80075100,20220405,TSLA,381.8166809082031,363.7533264160156,0,0.0347468120306783,0.3680189120277669,0.25691949417782584,0.0347248819440205,0.03473064296435257,0.034731956496824166,0.20139964849302203,0.0347276518655095,-0.5819,0.5255,-0.08556666666666668
348.586669921875,348.586669921875,89348400,20220406,TSLA,363.7533264160156,348.586669921875,0,0.022722976555248325,0.08689194984987449,0.1116233954593353,0.26699560868441174,0.11710182835126873,0.1935148300610476,0.1784222821324005,0.022727128906413027,0.0,0.6996,0.1942
352.4200134277344,352.4200134277344,79447200,20220407,TSLA,348.586669921875,352.4200134277344,1,0.021306818756505853,0.02130681862661455,0.15767384355832162,0.3963096373165758,0.07443284661637625,0.28633491855403304,0.0213272937739937,0.0213078227975788,0.0,0.8439,0.42195
341.8299865722656,341.8299865722656,55013700,20220408,TSLA,352.4200134277344,341.8299865722656,0,0.025860152791454184,0.1118995495400988,0.1779317879430209,0.19093501467843824,0.025857244083601957,0.32782109807612975,0.11383973477525673,0.025855418111999155,-0.3164,0.4738,0.18245714285714287
328.3333435058594,328.3333435058594,58422300,20220414,TSLA,340.7900085449219,328.3333435058594,0,0.08787332981665362,0.48400449064810264,0.024022535128746286,0.044936222741036994,0.06483686888915148,0.15866332010512416,0.11161343481130419,0.024049797859880342,-0.4404,0.8053,0.12241428571428571
334.7633361816406,334.7633361816406,51715200,20220418,TSLA,328.3333435058594,334.7633361816406,1,0.07028854450017454,0.45207250353492295,0.03542007986933663,0.10098294190208838,0.03541925335260023,0.10831948539067386,0.16207784321079818,0.03541934823940484,0.2023,0.8588,0.6004333333333333
342.7166748046875,342.7166748046875,49847700,20220419,TSLA,334.7633361816406,342.7166748046875,1,0.0250000003820079,0.2725232631336843,0.0250000003575059,0.0250000003232932,0.0250025214223829,0.025000000335325,0.025045773794666,0.5774284402511344,0.0258,0.0258,0.0258
325.7333374023437,325.7333374023437,70711200,20220420,TSLA,342.7166748046875,325.7333374023437,0,0.0178571429505213,0.0178571429293077,0.017857142944572,0.0178571429354238,0.8749999994248354,0.0178571429391384,0.0178571429415417,0.0178571429346593,0.0,0.0,0.0
336.260009765625,336.260009765625,105416400,20220421,TSLA,325.7333374023437,336.260009765625,1,0.08085327339237355,0.0793790853090012,0.22877527711643758,0.046773605143265805,0.07564275462598104,0.2379621768359496,0.09071058820074743,0.15990323937624354,-0.7574,0.7495,-0.04312608695652173
335.01666259765625,335.01666259765625,69696600,20220422,TSLA,336.260009765625,335.01666259765625,0,0.0364730291909861,0.0364806829914133,0.203069413843807,0.20304262981168356,0.0365047461471939,0.036461040679100346,0.2743170960533985,0.173651361282417,-0.1027,0.4199,0.1586
332.67333984375,332.67333984375,68341200,20220425,TSLA,335.01666259765625,332.67333984375,0,0.17883421914164205,0.35733499049676365,0.08989110946050041,0.07479962202304413,0.024791478260033674,0.22477556250083244,0.0247805407055693,0.024792477411614,-0.4184,0.5859,0.035425
292.1400146484375,292.1400146484375,136133700,20220426,TSLA,332.67333984375,292.1400146484375,0,0.1314484899733822,0.33354847646185287,0.02431482501995963,0.024316173134784073,0.03860618436465591,0.21990269169644966,0.024313443014920257,0.20354971633399505,0.0,0.5118,0.3070428571428572
293.836669921875,293.836669921875,76956300,20220427,TSLA,292.1400146484375,293.836669921875,1,0.0227774301872658,0.2965555338013847,0.048478349229975425,0.1584657359276827,0.06360169339147669,0.2895650530397977,0.040634837319650965,0.07992136710276561,-0.1779,0.6124,0.1569857142857143
292.5033264160156,292.5033264160156,124948500,20220428,TSLA,293.836669921875,292.5033264160156,0,0.1524841202118643,0.39502570815552446,0.08375150783728975,0.058747152108192584,0.05874333218773952,0.10874776281039208,0.08375034492402986,0.05875007176496722,-0.5848,0.8555,0.15863750000000001
290.2533264160156,290.2533264160156,88133100,20220429,TSLA,292.5033264160156,290.2533264160156,0,0.03640872716680216,0.14193190603753494,0.19189262360463913,0.19591330547170815,0.036389152702895916,0.19450719227910665,0.1665473168652778,0.03640977587203492,-0.7096,0.6956,0.0773888888888889
300.9800109863281,300.9800109863281,75781500,20220502,TSLA,290.2533264160156,300.9800109863281,1,0.11279629950752312,0.2851245360119774,0.23165381228146248,0.09895690162770726,0.09895382955260408,0.1079222051297983,0.03229898955049756,0.032293426338429534,-0.6996,0.3612,-0.015339999999999998
303.0833435058594,303.0833435058594,63709500,20220503,TSLA,300.9800109863281,303.0833435058594,1,0.027990860966899067,0.36360936395708654,0.10414296963369972,0.0830057171928635,0.0588279054592156,0.10714601881246832,0.07451104101145946,0.18076612296630748,-0.296,0.8283,0.28418333333333334
317.5400085449219,317.5400085449219,81643800,20220504,TSLA,303.0833435058594,317.5400085449219,1,0.0113661893816218,0.0113669755502519,0.0113638193071438,0.0113636365896453,0.0113636366488247,0.0113664121512618,0.0113641804137074,0.9204451499575428,0.8122,0.8122,0.8122
291.09332275390625,291.09332275390625,92519100,20220505,TSLA,317.5400085449219,291.09332275390625,0,0.0208371861007065,0.0208333337560764,0.3541591613171381,0.0208333337921503,0.0208333339181278,0.5208369834968954,0.0208333338282469,0.0208333337906582,0.0,0.0,0.0
288.54998779296875,288.54998779296875,72903000,20220506,TSLA,291.09332275390625,288.54998779296875,0,0.11112229259160197,0.18738231274306855,0.1555878889578399,0.08813601666838057,0.02225731445012901,0.1014620014814945,0.18944164892270146,0.1446105241847837,-0.4588,0.9134,0.21088888888888888
262.3699951171875,262.3699951171875,90810300,20220509,TSLA,288.54998779296875,262.3699951171875,0,0.14082304101341322,0.23078331435538074,0.11375140329145707,0.10087567275145687,0.05294295878414614,0.1332437140525364,0.11355086165672618,0.11402903409488299,-0.6289,0.7717,-0.0525181818181818
266.67999267578125,266.67999267578125,84401700,20220510,TSLA,262.3699951171875,266.67999267578125,1,0.0208681164800917,0.0208333337260178,0.020877958436312,0.0208490143069781,0.0208333338724391,0.0208333337795811,0.8540688077083738,0.0208361016902061,0.5859,0.5859,0.5859
244.6666717529297,244.6666717529297,97224600,20220511,TSLA,266.67999267578125,244.6666717529297,0,0.02578795879530975,0.12168719786512187,0.27873137632989897,0.025789110245582426,0.08832631744976277,0.08828249070652477,0.3456078117220851,0.0257877368857139,0.0,0.34,0.085
242.6666717529297,242.6666717529297,140313000,20220512,TSLA,244.6666717529297,242.6666717529297,0,0.034971926785215095,0.20162804678768928,0.07552152260819149,0.21088065326075686,0.05383580873552437,0.22061085040126158,0.08259212551884419,0.11995906590251677,-0.1779,0.6486,0.19818571428571427
256.5299987792969,256.5299987792969,92150700,20220513,TSLA,242.6666717529297,256.5299987792969,1,0.030904508308466448,0.40866475947968595,0.030902778412391797,0.030906145534078732,0.030907355799266383,0.14201482633499352,0.18368346297167512,0.1420161631594417,-0.4939,0.4404,-0.058249999999999996
241.4566650390625,241.4566650390625,86098500,20220516,TSLA,256.5299987792969,241.4566650390625,0,0.1369119499475087,0.19284167913871345,0.037502380320413004,0.13808570357571354,0.16856058738227866,0.0375138241369561,0.2040825930554867,0.08450128244292954,0.0,0.7712,0.3081
253.8699951171875,253.8699951171875,80236200,20220517,TSLA,241.4566650390625,253.8699951171875,1,0.05622253225377381,0.3864745876620561,0.044234461381880204,0.17411011715470215,0.044231345582718753,0.09617549915589003,0.15433259545084357,0.044218861358135096,-0.296,0.9153,0.32335714285714284
236.60333251953125,236.60333251953125,87811800,20220518,TSLA,253.8699951171875,236.60333251953125,0,0.13117065478989443,0.17594459568829837,0.05392914712849986,0.09469126169198723,0.19351831937448427,0.03060119719572348,0.10019251856971813,0.21995230556139397,-0.8777,0.7177,-0.14568888888888887
236.47332763671875,236.47332763671875,90296700,20220519,TSLA,236.60333251953125,236.47332763671875,0,0.0251331743381137,0.1379156777823604,0.10037363760542983,0.19094252977623125,0.20081041757160792,0.1812244653758828,0.11923863939423408,0.044361458156139746,-0.6904,0.7783,0.2872230769230769
221.3000030517578,221.3000030517578,144973200,20220520,TSLA,236.47332763671875,221.3000030517578,0,0.09520039761590447,0.17695591572600783,0.15299978124777547,0.11036601470469971,0.04277950751305248,0.051287000674370704,0.14318931411993133,0.22722206839825765,-0.8696,0.807,0.1406894736842105
224.96665954589844,224.96665954589844,88903500,20220523,TSLA,221.3000030517578,224.96665954589844,1,0.07098816719176833,0.06894604958982546,0.174554711074025,0.1491514118932578,0.06503957771973481,0.2897680744345469,0.15222802489621468,0.029323983200626676,-0.1655,0.6361,0.2099875
209.3866729736328,209.3866729736328,89092500,20220524,TSLA,224.96665954589844,209.3866729736328,0,0.023202667796237475,0.3938226186916485,0.12319917998234547,0.10132552137385037,0.05445235212765232,0.2387783741488906,0.023209044665663123,0.04201024121371184,-0.765,0.5267,-0.0734125
219.6000061035156,219.6000061035156,92139300,20220525,TSLA,209.3866729736328,219.6000061035156,1,0.09588775502882747,0.11055149660127007,0.2647305903538658,0.045079652078470735,0.07682716772600424,0.2624356557014422,0.06292617149710451,0.08156151101301459,-0.296,0.8122,0.22053333333333333
235.91000366210935,235.91000366210935,106003200,20220526,TSLA,219.6000061035156,235.91000366210935,1,0.1436371013927418,0.13541870161067102,0.12102567021045484,0.09733521326124817,0.07260779766812561,0.12841169727112106,0.1164026887894489,0.18516112979618826,-0.7506,0.5994,0.0207875
253.2100067138672,253.2100067138672,89295000,20220527,TSLA,235.91000366210935,253.2100067138672,1,0.06911697945962628,0.15915725633924213,0.07474692282901371,0.13825585203214472,0.12033414783800032,0.15763881288729173,0.056087013556585644,0.22466301505809508,-0.8255,0.7901,0.13185714285714287
252.7533264160156,252.7533264160156,101914500,20220531,TSLA,253.2100067138672,252.7533264160156,0,0.09171684335091887,0.22547550041900152,0.1335031054047102,0.14110275665074415,0.08853727363260253,0.042003065498271173,0.11234667729673355,0.1653147777470177,-0.1779,0.9192,0.3599
246.7899932861328,246.7899932861328,77247900,20220601,TSLA,252.7533264160156,246.7899932861328,0,0.06261704893749244,0.16141291651733702,0.15543476946493456,0.15312218677361256,0.06980186265843721,0.1781604538303003,0.07156398189688734,0.1478867799209983,0.0,0.7642,0.3469375
258.3333435058594,258.3333435058594,93473100,20220602,TSLA,246.7899932861328,258.3333435058594,1,0.1424524104828778,0.19490408295036218,0.11631020023060346,0.06827944228395391,0.10076742990719852,0.10633103550430661,0.21087943933228068,0.06007595930841645,-0.296,0.7671,0.23399999999999999
234.51666259765625,234.51666259765625,112393800,20220603,TSLA,258.3333435058594,234.51666259765625,0,0.09751497346346474,0.17797966458895556,0.13225126302311951,0.4406730972716484,0.03085359639652102,0.030849750056684843,0.030848510087030302,0.0590291451125753,0.0,0.9168,0.6338199999999999
238.27999877929688,238.27999877929688,84204600,20220606,TSLA,234.51666259765625,238.27999877929688,1,0.14850936260941447,0.20069599063439428,0.039649571295845454,0.16980498151643292,0.11372329438648049,0.08534322837516958,0.1655833924989186,0.07669017868334385,-0.8436,0.8306,-0.07473333333333335
238.8866729736328,238.8866729736328,72808500,20220607,TSLA,238.27999877929688,238.8866729736328,1,0.4227503689296515,0.0208423549267071,0.0208648963275047,0.4521255888573781,0.0208333877627286,0.0208333340200599,0.0208392300111764,0.0209108391647934,0.0,0.0,0.0
241.86666870117188,241.86666870117188,76210500,20220608,TSLA,238.8866729736328,241.86666870117188,1,0.11547266300999236,0.09461298815661352,0.2562673058550525,0.1432388887632245,0.06181770322852183,0.13939560392262038,0.032118057121819046,0.15707678994215551,-0.6114,0.5423,-0.017275000000000013
239.7066650390625,239.7066650390625,96491400,20220609,TSLA,241.86666870117188,239.7066650390625,0,0.12315318609244241,0.12253038790227602,0.04427245793057285,0.16924298520702344,0.29429130045761237,0.04427291632970815,0.15795548055898007,0.0442812855213843,-0.5719,0.8402,0.30385
232.22999572753903,232.22999572753903,97536600,20220610,TSLA,239.7066650390625,232.22999572753903,0,0.08280134084570345,0.14832121054353728,0.11628946651794078,0.028240135768977024,0.14589413539858415,0.2373413575840556,0.1528348705423282,0.08827748279887321,-0.704,0.6588,-0.11589999999999999
215.73666381835935,215.73666381835935,102767400,20220613,TSLA,232.22999572753903,215.73666381835935,0,0.8249594094799776,0.0250000002890055,0.0250000003505562,0.0250346642824442,0.0250048066316156,0.0250000003284761,0.0250011183269045,0.0250000003110199,-0.2003,-0.2003,-0.2003
220.88999938964844,220.88999938964844,97988700,20220614,TSLA,215.73666381835935,220.88999938964844,1,0.21466011419074543,0.026201638031675443,0.026208140019355865,0.12471553096413736,0.2013266291203305,0.22091254186188708,0.15977560477022612,0.026199801041641897,-0.5267,0.6486,0.11283333333333331
233.0,233.0,119131800,20220615,TSLA,220.88999938964844,233.0,1,0.1217185748142288,0.0627621655540034,0.10757117572418116,0.09443239319192903,0.22015645358847513,0.034983283951551924,0.18312715038151792,0.1752488027941124,-0.5652,0.8834,0.11289999999999997
213.1000061035156,213.1000061035156,107390700,20220616,TSLA,233.0,213.1000061035156,0,0.05339287634187888,0.1367383059869339,0.1366936315441764,0.11588581354314802,0.08929339320618765,0.267455103095761,0.14714749970407312,0.05339337657784085,-0.2732,0.8016,0.278575
216.75999450683597,216.75999450683597,92641800,20220617,TSLA,213.1000061035156,216.75999450683597,1,0.024840608719388497,0.024826389380289398,0.024826443447815167,0.024826466449443797,0.2914908388930502,0.4489659508815382,0.13539369394849293,0.024829608279981468,0.0,0.5499,0.18330000000000002
237.0366668701172,237.0366668701172,122793000,20220621,TSLA,216.75999450683597,237.0366668701172,1,0.0208415594256355,0.1874893990020868,0.0208333344976629,0.3422673132846434,0.1993950099359428,0.1875020992788122,0.0208379502063076,0.0208333343689086,-0.1761,-0.1761,-0.1761
233.0666656494141,233.0666656494141,84581100,20220705,TSLA,227.26333618164065,233.0666656494141,1,0.21918241373253725,0.16664407558079253,0.09699620074088894,0.12262148348864642,0.06367309129318746,0.09700657322076155,0.05995747639249957,0.17391868555068601,-0.6378,0.9458,0.20417777777777776
231.73333740234372,231.73333740234372,71853600,20220706,TSLA,233.0666656494141,231.73333740234372,0,0.07794983678087287,0.16411256131388333,0.2421746387186475,0.030909150752884765,0.030902778709990152,0.3447923589081838,0.030909429572832797,0.07824924524270448,-0.3182,0.636,0.1990333333333333
244.5433349609375,244.5433349609375,81930600,20220707,TSLA,231.73333740234372,244.5433349609375,1,0.1027035737390408,0.24349256406539466,0.10161655961765623,0.1715832109536273,0.08626813019363243,0.17145879538214007,0.07470559988239299,0.04817156616611521,-0.685,0.8356,0.07283846153846155
250.76333618164065,250.76333618164065,101854200,20220708,TSLA,244.5433349609375,250.76333618164065,1,0.264727384086284,0.15404541040178776,0.0621491759117113,0.07312778531953153,0.05120300170629076,0.06813859838566284,0.08656724659797693,0.24004139759075463,-0.7717,0.8807,0.015959999999999995
234.3433380126953,234.3433380126953,99241200,20220711,TSLA,250.76333618164065,234.3433380126953,0,0.1507195116158578,0.06301031297883386,0.06374611735153383,0.1938613030287621,0.04648993041703534,0.3667614666602754,0.03736199774745978,0.0780493602002416,-0.5859,0.5994,0.26664000000000004
233.07000732421875,233.07000732421875,87930900,20220712,TSLA,234.3433380126953,233.07000732421875,0,0.10860121050332369,0.1187581908868669,0.0992341698003606,0.15497399921860405,0.11214642243445079,0.11594563521646091,0.09897461280481172,0.19136575913512105,-0.7579,0.7906,0.15167999999999998
237.0399932861328,237.0399932861328,97954500,20220713,TSLA,233.07000732421875,237.0399932861328,1,0.10529092695205808,0.02790178642777925,0.08319885952867606,0.1944985768306403,0.14627028645439213,0.2776784382697025,0.027920143283379075,0.1372409822533722,0.0,0.75,0.543975
238.31333923339844,238.31333923339844,78557400,20220714,TSLA,237.0399932861328,238.31333923339844,1,0.0173618955070898,0.0173629305877182,0.1562452715782745,0.10069114749614745,0.0173669245809643,0.2673662245872751,0.3501153222458499,0.0734902834166805,0.0,0.6369,0.31845
240.0666656494141,240.0666656494141,69683100,20220715,TSLA,238.31333923339844,240.0666656494141,1,0.09126249869243523,0.08799583059057947,0.06816980089995993,0.12472810188383335,0.13414387907202008,0.2702542530163165,0.10795767906197021,0.1154879567828849,-0.78,0.8107,0.18079230769230767
240.54666137695312,240.54666137695312,82537500,20220718,TSLA,240.0666656494141,240.54666137695312,1,0.05429253261684961,0.054286448321061095,0.23595295145763723,0.06779677364099708,0.02652173700625849,0.3667104756360231,0.026504032731718023,0.16793504858945513,-0.25,0.6665,0.30504444444444445
245.52999877929688,245.52999877929688,80890200,20220719,TSLA,240.54666137695312,245.52999877929688,1,0.17830640917567653,0.017174107973624026,0.10618882828632292,0.2543627099961153,0.017172035525958723,0.12817414914812464,0.20642115417257087,0.09220060572160668,0.0,0.5707,0.216675
271.7066650390625,271.7066650390625,142032300,20220721,TSLA,247.5,271.7066650390625,1,0.11458260894490513,0.03125486706068,0.19791244928643267,0.0312652767212613,0.03127282843487227,0.28126805243490616,0.11458317952362379,0.1978607375933185,-0.2168,0.8074,0.3871
272.24334716796875,272.24334716796875,103472700,20220722,TSLA,271.7066650390625,272.24334716796875,1,0.1725749381500672,0.02234101071844727,0.17530175216169278,0.022335169422237,0.06545038253783597,0.3079909616325794,0.21168323377709408,0.022322551600046,0.4939,0.6369,0.5807333333333333
268.4333190917969,268.4333190917969,64073400,20220725,TSLA,272.24334716796875,268.4333190917969,0,0.15255967778122087,0.23038922996575434,0.1379667675588866,0.1332494265690129,0.0367340254058453,0.023901641139483877,0.10723109360905157,0.17796813797074423,-0.8389,0.7717,-0.0028846153846153744
258.8599853515625,258.8599853515625,66820800,20220726,TSLA,268.4333190917969,258.8599853515625,0,0.2031778389968556,0.0208879105595058,0.3841420085728633,0.020864005640952,0.0208382414013264,0.0208904214726929,0.0209012137825778,0.3082983595732258,-0.7579,-0.7579,-0.7579
274.82000732421875,274.82000732421875,88110000,20220727,TSLA,258.8599853515625,274.82000732421875,1,0.02362021086945983,0.2549550250248674,0.14860733080509397,0.13277459953157703,0.02361512234568675,0.14860643238058738,0.07916490010623503,0.18865637893649226,-0.3595,0.7768,0.12258333333333334
280.8999938964844,280.8999938964844,84723000,20220728,TSLA,274.82000732421875,280.8999938964844,1,0.5312522651509219,0.0312539003350497,0.0312541571335097,0.0312500019685025,0.281174021604667,0.0312796326215232,0.0312500021221455,0.0312860190636801,0.4019,0.4019,0.4019
297.1499938964844,297.1499938964844,95313000,20220729,TSLA,280.8999938964844,297.1499938964844,1,0.04514153668137997,0.21176994809273295,0.04515196789085807,0.12847197122731766,0.2673588496711861,0.045146001610817575,0.21180383213134057,0.045155892694366796,0.0,0.7843,0.47176666666666667
297.27667236328125,297.27667236328125,117042900,20220801,TSLA,297.1499938964844,297.27667236328125,1,0.1833209553259432,0.2629088280139427,0.06666545517154865,0.14134916090740796,0.016688258496582502,0.0166733017415098,0.01669508274975775,0.2956989575933071,-0.4939,0.8268,0.16645
300.586669921875,300.586669921875,95577600,20220802,TSLA,297.27667236328125,300.586669921875,1,0.0416666667804741,0.0416666667542372,0.0416666667730697,0.0416666667617784,0.0417702231331587,0.7082254063392506,0.0416710366967947,0.0416666667612362,0.7684,0.7684,0.7684
308.6333312988281,308.6333312988281,72256200,20220804,TSLA,307.39666748046875,308.6333312988281,1,0.0214357861155741,0.02143189361250125,0.12475925637662941,0.0214520720261245,0.1083034838643836,0.02143021504107135,0.2597848860950957,0.42140240686861974,-0.2081,0.0,-0.10405
288.1700134277344,288.1700134277344,113172900,20220805,TSLA,308.6333312988281,288.1700134277344,0,0.0333333358066772,0.19999823097211444,0.03333333566124005,0.0333333354175412,0.11824786483824054,0.0333333355058973,0.2000350294688524,0.3483855323294364,0.0,0.6705,0.33525
290.42333984375,290.42333984375,98994000,20220808,TSLA,288.1700134277344,290.42333984375,1,0.4036236891123684,0.0416666682485459,0.0416666685864748,0.0416808766713213,0.0416666688361182,0.0416666684643584,0.3463620917141105,0.0416666683667023,0.8381,0.8381,0.8381
283.3333435058594,283.3333435058594,86244600,20220809,TSLA,290.42333984375,283.3333435058594,0,0.02814114399169155,0.02812500055476165,0.0281879941987482,0.22810600516957838,0.02813014907925215,0.2281201154212936,0.40306094569551565,0.0281286458891583,0.0,0.0,0.0
294.3566589355469,294.3566589355469,94918800,20220810,TSLA,283.3333435058594,294.3566589355469,1,0.2041328608129402,0.04751046752604724,0.04894941353039149,0.11258132570499149,0.2015994351546048,0.10796354582037127,0.06712911114758072,0.21013384030307236,-0.34,0.6124,0.11128
286.6300048828125,286.6300048828125,70155000,20220811,TSLA,294.3566589355469,286.6300048828125,0,0.03387592218163962,0.0338631519835998,0.2838429103178707,0.09634777346020772,0.033863392880691096,0.033869266383820526,0.20048687246982336,0.28385071032234704,-0.6114,0.4215,-0.132475
300.0299987792969,300.0299987792969,79657200,20220812,TSLA,286.6300048828125,300.0299987792969,1,0.0250000007175593,0.025079297360858,0.0250000006696034,0.0250174759938804,0.0250000007620419,0.5663190577787054,0.0250000006456056,0.2835841660717458,0.4926,0.4926,0.4926
309.32000732421875,309.32000732421875,89359200,20220815,TSLA,300.0299987792969,309.32000732421875,1,0.0208343916670171,0.0208333337442359,0.3541656898691603,0.0208407596679936,0.0208333338975366,0.0208333338006211,0.5208258235786244,0.0208333337748107,0.8268,0.8268,0.8268
306.5633239746094,306.5633239746094,88136400,20220816,TSLA,309.32000732421875,306.5633239746094,0,0.3645302594259368,0.03126872064729485,0.03125000078471905,0.0313110006867747,0.031263631638837504,0.0312500007326117,0.4478763853913926,0.03125000069243245,0.0,0.8748,0.4374
303.9966735839844,303.9966735839844,68766000,20220817,TSLA,306.5633239746094,303.9966735839844,0,0.04762728155431177,0.276158117922641,0.04763370401055657,0.1610017112819395,0.21784450559211627,0.047631536409498194,0.15446753315673453,0.047635610072201816,-0.4215,0.5417,-0.05494285714285715
302.8699951171875,302.8699951171875,47500500,20220818,TSLA,303.9966735839844,302.8699951171875,0,0.2632650647096782,0.19452813509282688,0.27759968665052953,0.15288304008675338,0.0279072471782528,0.027908558024832324,0.027939054961126076,0.027969213296000474,-0.296,0.6113,0.132425
296.6666564941406,296.6666564941406,61395300,20220819,TSLA,302.8699951171875,296.6666564941406,0,0.05802585422159625,0.1518518818584281,0.13501659140440028,0.03658855200416613,0.022305041211690534,0.3745527546566912,0.19936077187566278,0.022298552767364404,-0.1027,0.6114,0.22821666666666665
289.913330078125,289.913330078125,55843200,20220822,TSLA,296.6666564941406,289.913330078125,0,0.36334469408190695,0.1267163955893289,0.02676153886267566,0.09576996916869254,0.048281925290141234,0.16009022622648791,0.15229412047238583,0.0267411303083806,0.0,0.9595,0.4202199999999999
296.4533386230469,296.4533386230469,63984900,20220823,TSLA,289.913330078125,296.4533386230469,1,0.03267815602218387,0.504787646878235,0.0326613471313984,0.03267468798403323,0.03265181602977543,0.0326472575563504,0.23265548140819858,0.09924360698982472,-0.2732,0.5106,0.06223333333333334
297.0966796875,297.0966796875,57259800,20220824,TSLA,296.4533386230469,297.0966796875,1,0.07671414087039444,0.1414097010424473,0.21470699612969046,0.030104621465122532,0.1967460621517997,0.0301224104613553,0.2800923051035014,0.030103762775688533,-0.6682,0.711,0.01426666666666665
296.07000732421875,296.07000732421875,53230000,20220825,TSLA,297.0966796875,296.07000732421875,0,0.0260579057783951,0.026043574193662253,0.026043452144656802,0.026066487423583702,0.02606013079067255,0.026054117614316953,0.6926432729553933,0.15103105909931896,0.0,0.0,0.0
288.0899963378906,288.0899963378906,57163900,20220826,TSLA,296.07000732421875,288.0899963378906,0,0.28577196847995706,0.15295364193970076,0.11425514065399184,0.1096455003846164,0.040444059054282964,0.24132268623649247,0.022603948912876412,0.0330030543380818,-0.7003,0.7845,-0.08499999999999999
284.82000732421875,284.82000732421875,41864700,20220829,TSLA,288.0899963378906,284.82000732421875,0,0.014622064816944901,0.0146339064183666,0.01462779819303125,0.09092858548903625,0.14673896219181126,0.0146306284446882,0.36684444664428484,0.3369736078018364,0.1901,0.7506,0.47035000000000005
277.70001220703125,277.70001220703125,50541800,20220830,TSLA,284.82000732421875,277.70001220703125,0,0.07253971361036865,0.026331707597646303,0.026288902826231274,0.0511651833944201,0.08877979909321304,0.27306982741595254,0.43554645466306163,0.0262784113991061,0.0,0.7003,0.327925
275.6099853515625,275.6099853515625,52107300,20220831,TSLA,277.70001220703125,275.6099853515625,0,0.0208533599670246,0.020833333425621,0.0208350489776424,0.0208333334335134,0.0208568218500069,0.6916894026319025,0.1832605067845977,0.0208381929296911,0.0,0.0,0.0
274.4200134277344,274.4200134277344,55860000,20220906,TSLA,270.2099914550781,274.4200134277344,1,0.031477594283506716,0.18615660807889062,0.141642577668162,0.3136546026933746,0.059988093486363026,0.03143910063684837,0.20417437238590622,0.03146705076694807,-0.886,0.5719,-0.06095714285714286
283.70001220703125,283.70001220703125,50028900,20220907,TSLA,274.4200134277344,283.70001220703125,1,0.5117158085708694,0.020312500751527948,0.1888697074503487,0.09463765665875715,0.0203125280609329,0.12351472390928994,0.0203223174185386,0.02031475717973515,-0.1531,0.4215,0.13419999999999999
289.260009765625,289.260009765625,53713100,20220908,TSLA,283.70001220703125,289.260009765625,1,0.25136492334971244,0.05039591959463801,0.10682185379628148,0.1955725829601888,0.09073314592249389,0.07550302019100359,0.17749681251135002,0.05211174167433142,-0.8074,0.9413,0.25991875
299.67999267578125,299.67999267578125,54338100,20220909,TSLA,289.260009765625,299.67999267578125,1,0.07302271916702614,0.16215721855990026,0.13463937819182378,0.21768791851778221,0.03716433321932162,0.03716139050722846,0.17599928205837256,0.16216775977854458,-0.4215,0.1779,-0.08186666666666666
304.4200134277344,304.4200134277344,48674600,20220912,TSLA,299.67999267578125,304.4200134277344,1,0.08208346245867718,0.10939430945661612,0.34998832694423726,0.027556376022077084,0.027569052152589587,0.02756609531371677,0.20458448756320385,0.17125789008888184,-0.7351,0.4926,0.00844285714285714
292.1300048828125,292.1300048828125,68229600,20220913,TSLA,304.4200134277344,292.1300048828125,0,0.037532799480751854,0.4207232963902229,0.037528419306785424,0.17602692963354272,0.12084405618312008,0.03751802803379745,0.03751535548096065,0.1323111154908187,0.0,0.4939,0.352875
302.6099853515625,302.6099853515625,72628700,20220914,TSLA,292.1300048828125,302.6099853515625,1,0.28645930266119596,0.0364643110871547,0.16148588901441585,0.0364845743649011,0.369662553665903,0.03647734706849345,0.036469849576954344,0.036496172560981144,0.0,0.34,0.17
303.75,303.75,64795500,20220915,TSLA,302.6099853515625,303.75,1,0.0250673864803127,0.0250000011069429,0.0251004905838161,0.4249256811812517,0.0250000015205331,0.0250000012579686,0.424906436679975,0.0250000011891997,0.4215,0.4215,0.4215
303.3500061035156,303.3500061035156,87087800,20220916,TSLA,303.75,303.3500061035156,0,0.8748050265191879,0.0178785155526494,0.0178747071270336,0.017886581387391,0.0178634163072176,0.0179535147654452,0.0178583925969425,0.0178798457441325,0.7351,0.7351,0.7351
309.07000732421875,309.07000732421875,60231200,20220919,TSLA,303.3500061035156,309.07000732421875,1,0.08693498006269719,0.12494565372765995,0.09558895883404984,0.09972821150046157,0.05918700263787188,0.21849318934373213,0.1399554832294697,0.17516652066405736,-0.4404,0.4404,0.05541818181818181
308.7300109863281,308.7300109863281,61642800,20220920,TSLA,309.07000732421875,308.7300109863281,0,0.0820554387189533,0.01736191130478395,0.3618800823466778,0.18399320432712205,0.017394265757340648,0.01736112930033925,0.3025925332390682,0.01736143500571445,0.0,0.6705,0.33525
300.79998779296875,300.79998779296875,62555700,20220921,TSLA,308.7300109863281,300.79998779296875,0,0.13515266994930483,0.04589875612621279,0.06064584222562331,0.1732419007412714,0.19281685320795167,0.08207574372543654,0.15242615901353035,0.15774207501066878,-0.7333,0.9074,0.17378666666666664
288.5899963378906,288.5899963378906,70545400,20220922,TSLA,300.79998779296875,288.5899963378906,0,0.06446361472932392,0.10571363016165987,0.19504032815533398,0.07203690079916186,0.017071566724273065,0.28529587116758576,0.24330945679615734,0.017068631466503833,0.0,0.5106,0.32313333333333333
275.3299865722656,275.3299865722656,63748400,20220923,TSLA,288.5899963378906,275.3299865722656,0,0.03333730551016375,0.0333375719004363,0.0333333341329021,0.0334352577147109,0.0333333342412479,0.7665030278086796,0.033386182956771496,0.0333339857350876,-0.5106,0.1779,-0.16635000000000003
282.94000244140625,282.94000244140625,61925200,20220927,TSLA,276.010009765625,282.94000244140625,1,0.13216514265080745,0.059187776650437014,0.12308665525617193,0.14482559600756859,0.09814267162733273,0.1609259657703265,0.08471306860677753,0.19695312343057797,0.0,0.7798,0.2164142857142857
287.8099975585937,287.8099975585937,54664800,20220928,TSLA,282.94000244140625,287.8099975585937,1,0.18356743168281156,0.12038321841592275,0.10795752485900328,0.17170210644470313,0.13747210761937642,0.13870986239315797,0.07302481841232697,0.06718293017269766,-0.2003,0.4588,0.12232222222222222
268.2099914550781,268.2099914550781,77620600,20220929,TSLA,287.8099975585937,268.2099914550781,0,0.1045717888104308,0.031430695280358543,0.14624107857764196,0.13007185283247785,0.2385350305733668,0.16133649309910406,0.15638185271683344,0.031431208109786286,0.0,0.6249,0.2028285714285714
265.25,265.25,67726600,20220930,TSLA,268.2099914550781,265.25,0,0.02917077151874617,0.029168336140087098,0.2791631571287661,0.46245917198327663,0.029188046016830633,0.029178185812009667,0.0291846451560951,0.11248768624418837,0.0,0.8221,0.48633333333333334
242.3999938964844,242.3999938964844,98363500,20221003,TSLA,265.25,242.3999938964844,0,0.07291450600972402,0.29320882053996544,0.09179168061080072,0.1278951703935312,0.047161681849706996,0.10646774788693814,0.14017294854617995,0.12038744416315321,-0.9081,0.7906,-0.010070000000000004
249.44000244140625,249.44000244140625,109578500,20221004,TSLA,242.3999938964844,249.44000244140625,1,0.0277777783391398,0.24999533749079922,0.02778322643257765,0.02777910190263895,0.027778054097497798,0.1944453441844661,0.19447254213291715,0.24996861541996304,0.296,0.8651,0.58055
240.80999755859372,240.80999755859372,86982700,20221005,TSLA,249.44000244140625,240.80999755859372,0,0.01407255031698395,0.2659083258915781,0.014062719129652351,0.1996603078749602,0.01407776988786345,0.4640794581524444,0.01407253068451745,0.01406633806199985,0.0,0.1531,0.07655
238.1300048828125,238.1300048828125,69298400,20221006,TSLA,240.80999755859372,238.1300048828125,0,0.14720621406906323,0.1823992068206409,0.08317940704547393,0.19880209555324727,0.06770892273675992,0.1710630483762679,0.02485867443885822,0.12478243095968822,-0.7311,0.802,0.23360714285714287
223.07000732421875,223.07000732421875,83916800,20221007,TSLA,238.1300048828125,223.07000732421875,0,0.08323657273527132,0.1576215663293372,0.08284491386725151,0.10321887471330417,0.025487541007596756,0.3180491419821321,0.12328769536882228,0.1062536939962844,-0.7269,0.6369,-0.042888888888888886
222.9600067138672,222.9600067138672,67925000,20221010,TSLA,223.07000732421875,222.9600067138672,0,0.020843541965859,0.0208489496725704,0.0208333365322278,0.0208375093529009,0.0209736302087663,0.0208333362408459,0.8539963599116538,0.0208333361151757,0.6249,0.6249,0.6249
216.5,216.5,77013200,20221011,TSLA,222.9600067138672,216.5,0,0.04534462278769698,0.23280233825177568,0.04536052297608395,0.17028798076782062,0.18727629769159992,0.10330384788345386,0.045333999826503775,0.17029038981506484,-0.296,0.0,-0.16747499999999998
217.2400054931641,217.2400054931641,66860700,20221012,TSLA,216.5,217.2400054931641,1,0.034532597046577566,0.11230411628503852,0.07856422533663146,0.03453830255856925,0.12977974034100934,0.24311861781987595,0.03453925027723773,0.3326231503350599,0.0,0.7003,0.11316666666666667
221.72000122070312,221.72000122070312,91483000,20221013,TSLA,217.2400054931641,221.72000122070312,1,0.2592857053110401,0.12560259245834482,0.02605608722997338,0.2311109318877227,0.02605109991018082,0.17978190656443854,0.02606729470375066,0.1260443819345487,0.0,0.3818,0.16436
204.9900054931641,204.9900054931641,94124500,20221014,TSLA,221.72000122070312,204.9900054931641,0,0.02474904150978044,0.25220986213941904,0.0361220361986098,0.06766267175174458,0.024752335002013237,0.4272781896341046,0.05461145080863743,0.11261441295569054,-0.9349,0.5023,-0.05966249999999998
219.3500061035156,219.3500061035156,79428800,20221017,TSLA,204.9900054931641,219.3500061035156,1,0.09495594434606981,0.37481615640440347,0.050039697217764814,0.1133629898480816,0.09238121643592329,0.1548048422706193,0.05332402512564859,0.06631512835148887,-0.9456,0.8335,-0.14186923076923078
220.19000244140625,220.19000244140625,75891900,20221018,TSLA,219.3500061035156,220.19000244140625,1,0.187485526080447,0.1874932544702754,0.0208384887236679,0.0208434595222015,0.0208382285702249,0.5208063775856644,0.0208410952513941,0.0208535697961246,0.4391,0.4391,0.4391
222.0399932861328,222.0399932861328,66571500,20221019,TSLA,220.19000244140625,222.0399932861328,1,0.05830702969215843,0.0994077593057986,0.027988505248116215,0.2068019862683522,0.0279799363791532,0.19794564791780458,0.16301277715643295,0.21855635803218346,-0.2942,0.6124,0.06131428571428571
207.27999877929688,207.27999877929688,117798100,20221020,TSLA,222.0399932861328,207.27999877929688,0,0.16377395451006235,0.10533787349876207,0.024376097001162302,0.08901299227963747,0.1700449729098604,0.24885568131005348,0.09008144008807528,0.1085169884023863,-0.9509,0.5707,-0.08535714285714284
214.44000244140625,214.44000244140625,75713800,20221021,TSLA,207.27999877929688,214.44000244140625,1,0.09341917150870087,0.23787817628887245,0.11289779894885918,0.04553101417431268,0.12015782855703312,0.13238167365063208,0.1843447771986715,0.07338955967291778,-0.8555,0.7418,0.0716
211.25,211.25,100446800,20221024,TSLA,214.44000244140625,211.25,0,0.16089048193126285,0.09031413433828701,0.04768649479063217,0.15863693408590196,0.22695990778282593,0.091061156891574,0.17505933613450006,0.049391554045015613,-0.872,0.9001,-0.06985
222.4199981689453,222.4199981689453,96507900,20221025,TSLA,211.25,222.4199981689453,1,0.24082870402853124,0.4041643286657875,0.03416949091501324,0.03416853177690064,0.0341769590327781,0.13063794446826885,0.0876798518958336,0.034174189216886544,0.0,0.6369,0.25236000000000003
224.63999938964844,224.63999938964844,85012500,20221026,TSLA,222.4199981689453,224.63999938964844,1,0.1288985325026824,0.18947648421678012,0.02895309536939712,0.02894934155266356,0.10895321211170388,0.10895239152450986,0.18108126966539637,0.22473567305686623,-0.4659,0.6365,0.11449999999999998
225.08999633789065,225.08999633789065,61638800,20221027,TSLA,224.63999938964844,225.08999633789065,1,0.0312500023132333,0.2812549352395704,0.2812089371399334,0.0312500019521978,0.0312500024610609,0.0313178474425714,0.031250002095016,0.2812182713564164,0.0,0.0,0.0
228.5200042724609,228.5200042724609,69152400,20221028,TSLA,225.08999633789065,228.5200042724609,1,0.02400757612876023,0.3329762964263266,0.15730997463861615,0.14899273582867192,0.02401502635939662,0.17785770526305256,0.0889844351600323,0.0458562501951432,-0.4404,0.6369,0.09156666666666669
227.5399932861328,227.5399932861328,61554300,20221031,TSLA,228.5200042724609,227.5399932861328,0,0.10064018509904618,0.24296227267703624,0.058230555226578995,0.06221333801312375,0.2373810533436176,0.127616381585548,0.10396563946893865,0.06699057458611034,-0.5255,0.9227,0.27375714285714287
227.82000732421875,227.82000732421875,62688800,20221101,TSLA,227.5399932861328,227.82000732421875,1,0.02137863871370529,0.23481186511088123,0.09673835170758077,0.13683435699561577,0.12279021730317546,0.16507610813071313,0.10129842560343168,0.12107203643489632,-0.7506,0.8225,-0.056072727272727274
214.97999572753903,214.97999572753903,63070300,20221102,TSLA,227.82000732421875,214.97999572753903,0,0.02463931178157598,0.34125726857581246,0.024646027487294234,0.03747308112333685,0.10200829465962001,0.16302105060970928,0.15059960188092,0.15635536388173085,-0.7906,0.784,0.03262727272727273
215.30999755859372,215.30999755859372,56538800,20221103,TSLA,214.97999572753903,215.30999755859372,1,0.0271731204042781,0.27499630032189987,0.13994234405376185,0.13495378652449544,0.027173208147857324,0.06555186074491402,0.3030382488851203,0.0271711309176727,0.0,0.6763,0.41142500000000004
207.47000122070312,207.47000122070312,98622200,20221104,TSLA,215.30999755859372,207.47000122070312,0,0.027237754296781828,0.36530035732666627,0.0695366509432766,0.18493015289988168,0.02724193546424465,0.05848283729344333,0.1158375466670013,0.15143276510870401,-0.6793,0.8689,0.0522375
197.0800018310547,197.0800018310547,93916500,20221107,TSLA,207.47000122070312,197.0800018310547,0,0.02347563288328615,0.2593225037574806,0.045784874817784905,0.25951816362995195,0.07569125556872902,0.07554986925896713,0.03240247880565831,0.2282552212781417,-0.7263,0.7964,0.091475
191.3000030517578,191.3000030517578,128803400,20221108,TSLA,197.0800018310547,191.3000030517578,0,0.031270162171457,0.5030700974376038,0.0312500005516628,0.21873985240256105,0.03126543627891387,0.12188040240904052,0.03125871901036732,0.03126532973839327,-0.7184,0.4576,-0.060300000000000006
177.58999633789062,177.58999633789062,127062700,20221109,TSLA,191.3000030517578,177.58999633789062,0,0.15141909337983075,0.29323073393417576,0.050447371503438726,0.24472687154914818,0.029618841166053077,0.029610830517594115,0.1304311103092134,0.0705151476405456,-0.4389,0.8233,0.121875
190.72000122070312,190.72000122070312,132703000,20221110,TSLA,177.58999633789062,190.72000122070312,1,0.0244183806406355,0.35028682001340933,0.0244053099973962,0.07440096813064352,0.15441376843082927,0.0244082300680363,0.09831136789967032,0.24935515481937923,-0.2342,0.4753,0.06876
195.97000122070312,195.97000122070312,114403600,20221111,TSLA,190.72000122070312,195.97000122070312,1,0.125625841326173,0.177024172389531,0.1506297323545847,0.05063129901236376,0.030631782817756407,0.12561699677876997,0.05563148130559796,0.28420869401522286,-0.8217,0.4404,0.06272000000000001
190.9499969482422,190.9499969482422,92226600,20221114,TSLA,195.97000122070312,190.9499969482422,0,0.09954720396567525,0.3327339634220051,0.07295671834835521,0.03091364715527287,0.08646353817490622,0.16595753932459434,0.13461378603478685,0.07681360357440381,-0.6808,0.9001,-0.06704444444444443
194.4199981689453,194.4199981689453,91293800,20221115,TSLA,190.9499969482422,194.4199981689453,1,0.10485814134281644,0.25138065139186716,0.07043424753108005,0.07938607312421313,0.0675065100324795,0.14110983662187793,0.20591823313646393,0.07940630681920156,-0.6222,0.6705,-0.060399999999999995
186.9199981689453,186.9199981689453,66567600,20221116,TSLA,194.4199981689453,186.9199981689453,0,0.13333868723869097,0.03333333378488918,0.08332977698821013,0.10000266696859025,0.20001788340208834,0.03333695565756734,0.15979008893567398,0.25685060702428947,0.0,0.2263,0.11602000000000001
183.1699981689453,183.1699981689453,64336000,20221117,TSLA,186.9199981689453,183.1699981689453,0,0.028007357575506986,0.5129899212912236,0.06965781714206343,0.055767530265575384,0.0444919062240976,0.02800068362142595,0.02799440106167862,0.23309038281842823,-0.6486,0.6187,0.018966666666666677
180.19000244140625,180.19000244140625,76048900,20221118,TSLA,183.1699981689453,180.19000244140625,0,0.06407203209220297,0.5027777201814692,0.030729258549711314,0.0307454755195182,0.0724066779412881,0.1544774582015261,0.030734051182241234,0.11405732633204257,-0.4017,0.7096,0.19216666666666668
167.8699951171875,167.8699951171875,92882700,20221121,TSLA,180.19000244140625,167.8699951171875,0,0.07584524990978922,0.1911122170156084,0.059192075857779275,0.24838542586083806,0.059177448262612405,0.12305708119673017,0.15580479601231464,0.08742570588432756,-0.7783,0.9476,0.11123999999999999
169.91000366210938,169.91000366210938,78452300,20221122,TSLA,167.8699951171875,169.91000366210938,1,0.08533051682737643,0.37953650934328614,0.04175464714333316,0.02283189054093049,0.07282363605914136,0.0228378035735974,0.14574566100954991,0.22913933550278476,-0.7964,0.4404,0.022287499999999995
183.1999969482422,183.1999969482422,109536700,20221123,TSLA,169.91000366210938,183.1999969482422,1,0.08661893283314825,0.3782658266189782,0.06940473124170657,0.06878835301819967,0.09208655944045711,0.04606483592253194,0.1147436515739014,0.1440271093510766,-0.6597,0.7096,0.144212
182.8600006103516,182.8600006103516,50672700,20221125,TSLA,183.1999969482422,182.8600006103516,0,0.044829160699592786,0.3302595898534634,0.08235597319404449,0.09953351339649395,0.12294042515476784,0.05059768314515769,0.06722019696268215,0.2022634575937974,-0.7845,0.6239,-0.22465
182.9199981689453,182.9199981689453,92905200,20221128,TSLA,182.8600006103516,182.9199981689453,1,0.09455175583406936,0.40916909318849704,0.09043369074514976,0.11905692472297075,0.07487425521923857,0.03320917728474413,0.12027746187423492,0.05842764113109519,-0.9381,0.5267,-0.06234444444444444
180.8300018310547,180.8300018310547,83357100,20221129,TSLA,182.9199981689453,180.8300018310547,0,0.02293669317271665,0.4426128501558683,0.0993288562240873,0.0637367686772228,0.12293246826434764,0.0673043515607352,0.12154736320918968,0.059600648735832124,-0.5267,0.9325,0.2636625
194.6999969482422,194.6999969482422,109186400,20221130,TSLA,180.8300018310547,194.6999969482422,1,0.02357701586632605,0.27224288202446056,0.12417551187922535,0.1366850768546669,0.02357912878745925,0.20691006332011852,0.09300641297925473,0.11982390828848827,-0.9412,0.7346,0.07729999999999998
194.6999969482422,194.6999969482422,80046200,20221201,TSLA,194.6999969482422,194.6999969482422,0,0.060261128204712744,0.20283124563054694,0.09592676106659136,0.05056211960132585,0.14235272838700533,0.22048208058155,0.10012227653796839,0.12746165999029907,-0.6187,0.8316,0.2516428571428571
194.8600006103516,194.8600006103516,73645900,20221202,TSLA,194.6999969482422,194.8600006103516,1,0.15329818521095928,0.35980837525045317,0.09200387721673475,0.05124154641819842,0.1149376862429785,0.05879944362785934,0.09773730959872112,0.07217357643409514,-0.7506,0.8268,0.09693333333333332
182.4499969482422,182.4499969482422,93122700,20221205,TSLA,194.8600006103516,182.4499969482422,0,0.048154619510957494,0.21664476650625444,0.16507978068707313,0.10531419140360165,0.08205960268497947,0.2614597571708077,0.07314182205111404,0.04814545998521169,-0.465,0.5057,0.04791
179.82000732421875,179.82000732421875,92150800,20221206,TSLA,182.4499969482422,179.82000732421875,0,0.06762917317710529,0.29559628182552355,0.023819487416046052,0.06942899387152307,0.107126613902427,0.05952496867389283,0.17498748009109288,0.20188700104238896,-0.2244,0.2023,-0.031199999999999995
174.0399932861328,174.0399932861328,84213300,20221207,TSLA,179.82000732421875,174.0399932861328,0,0.0178571434968835,0.0178571433504156,0.2901411697802395,0.0178737070720449,0.0178667954309054,0.4464244001142622,0.1741224973658982,0.0178571433893506,0.4404,0.4404,0.4404
173.44000244140625,173.44000244140625,97624500,20221208,TSLA,174.0399932861328,173.44000244140625,0,0.08424768590078108,0.1571429028776259,0.06203346698117946,0.22076365646836424,0.03486245384643194,0.26522499683598855,0.133897656339049,0.04182718075057953,-0.4482,0.8519,0.03251111111111111
179.0500030517578,179.0500030517578,104872300,20221209,TSLA,173.44000244140625,179.0500030517578,1,0.06459518412096411,0.4111122482509539,0.09215174123749532,0.13343877330448842,0.08791564901853002,0.059115742134049236,0.07250602994405385,0.07916463198946486,-0.7177,0.9735,0.12358461538461539
167.82000732421875,167.82000732421875,109794500,20221212,TSLA,179.0500030517578,167.82000732421875,0,0.18462119172186714,0.14963778483660958,0.021573227404585022,0.14501729359915952,0.2787585767977615,0.06470143723863027,0.04154724108567445,0.11414324731571227,-0.8998,0.0516,-0.4269
160.9499969482422,160.9499969482422,175862700,20221213,TSLA,167.82000732421875,160.9499969482422,0,0.08907917148897626,0.3328996093018263,0.1019014311403334,0.029808813765717732,0.10436932706645423,0.06763479885351172,0.043422271899804375,0.23088457648337568,-0.6467,0.6486,0.010324999999999999
156.8000030517578,156.8000030517578,140682300,20221214,TSLA,160.9499969482422,156.8000030517578,0,0.05479152847714223,0.1268312895626053,0.2244200861629615,0.1241707699964103,0.0997938692841889,0.055414116273553506,0.08812203076078787,0.22645630948235004,-0.296,0.8674,0.14140999999999998
157.6699981689453,157.6699981689453,122334500,20221215,TSLA,156.8000030517578,157.6699981689453,1,0.06321522287081613,0.17698685570382638,0.16955253829477804,0.14701798353194903,0.21263552061866564,0.09245218499420509,0.0996249529711239,0.038514741014635465,-0.6369,0.5859,-0.07334
150.22999572753906,150.22999572753906,139032200,20221216,TSLA,157.6699981689453,150.22999572753906,0,0.05015279762708416,0.30529430717794864,0.10711168057889232,0.10453766248382909,0.08983763653987287,0.10845153806898013,0.12916096187729562,0.10545341564609685,-0.7964,0.9117,0.08154347826086956
149.8699951171875,149.8699951171875,139390600,20221219,TSLA,150.22999572753906,149.8699951171875,0,0.07674142850737416,0.3322711801426312,0.07671941079854652,0.234377899927174,0.07674067949537784,0.09966337525108496,0.02675123990303912,0.07673478597477187,0.0,0.6666,0.23687999999999998
137.8000030517578,137.8000030517578,159563300,20221220,TSLA,149.8699951171875,137.8000030517578,0,0.025892585713130706,0.25348350163749495,0.04410651316889076,0.12932935957396594,0.1415706086288015,0.07245629758583026,0.09942135195254387,0.2337397817393417,-0.765,0.8122,0.19287058823529413
137.57000732421875,137.57000732421875,145417400,20221221,TSLA,137.8000030517578,137.57000732421875,0,0.04986888392336598,0.27894856751702946,0.049868982237444404,0.1936007827794242,0.09432134424815068,0.10840277778434314,0.11090168807196299,0.11408697343827888,-0.5994,0.904,0.16414166666666666
125.3499984741211,125.3499984741211,210090300,20221222,TSLA,137.57000732421875,125.3499984741211,0,0.08850523158758565,0.22172587550311418,0.0438685697632378,0.22389524807717665,0.2488203392500395,0.026017250071758313,0.12114202207290364,0.026025463674183964,-0.7713,0.7351,0.1526875
123.1500015258789,123.1500015258789,166989700,20221223,TSLA,125.3499984741211,123.1500015258789,0,0.08609903351414072,0.24929177774187916,0.074493309961659,0.03337196316042618,0.25229550150793784,0.03337004804695091,0.17119287954478724,0.09988548652221865,0.0,0.9201,0.3118444444444444
109.0999984741211,109.0999984741211,208643400,20221227,TSLA,123.1500015258789,109.0999984741211,0,0.1455249075079014,0.28559029417178033,0.042950685461346595,0.12459406072393103,0.0219588587085854,0.057672005523410445,0.057670404995940526,0.264038782907104,0.3595,0.8126,0.63495
112.70999908447266,112.70999908447266,221070500,20221228,TSLA,109.0999984741211,112.70999908447266,1,0.1012751830644804,0.1334972916421441,0.141745956951413,0.12387259895400143,0.07350568234278242,0.19725549133635834,0.051279535094320115,0.17756826061449987,-0.636,0.8513,0.1485
121.81999969482422,121.81999969482422,221923300,20221229,TSLA,112.70999908447266,121.81999969482422,1,0.04375000177072865,0.14375073012436895,0.0437544491907611,0.0437500014804313,0.2937499923059703,0.043758504288582,0.3437028640021544,0.0437834568370031,0.0,0.2023,0.10115
123.18000030517578,123.18000030517578,157777300,20221230,TSLA,121.81999969482422,123.18000030517578,1,0.06660463458363769,0.2596732325031632,0.06823337865937318,0.06741769305442469,0.15883515553096364,0.14508330310330647,0.13045043096883713,0.10370217159629361,-0.7783,0.8934,0.1590952380952381
108.0999984741211,108.0999984741211,231402800,20230103,TSLA,123.18000030517578,108.0999984741211,0,0.12718376024851236,0.31584121836387835,0.05583223779246204,0.05580541894057247,0.032007696092339916,0.32365746635093107,0.032006951002183655,0.0576652512091198,-0.7717,0.3612,-0.0036142857142857205
113.63999938964844,113.63999938964844,180389000,20230104,TSLA,108.0999984741211,113.63999938964844,1,0.04167009204467,0.0416666668263947,0.041666666860089,0.0416725596923426,0.0416666668857278,0.0416666668485957,0.7083240140042446,0.0416666668379353,0.4199,0.4199,0.4199
110.33999633789062,110.33999633789062,157986300,20230105,TSLA,113.63999938964844,110.33999633789062,0,0.10510395942605082,0.29122361913704,0.05195512877179929,0.1059023457899141,0.08017765756709458,0.09512557455090356,0.05194085373689382,0.21857086102030351,-0.8625,0.7964,0.009000000000000008
113.05999755859376,113.05999755859376,220911100,20230106,TSLA,110.33999633789062,113.05999755859376,1,0.0312538689237204,0.5312326565084129,0.0312500007823381,0.0312528227472727,0.2812481939553783,0.0312500007348873,0.0312500007550476,0.0312624555929424,-0.3182,-0.3182,-0.3182
119.7699966430664,119.7699966430664,190284000,20230109,TSLA,113.05999755859376,119.7699966430664,1,0.030072182537477565,0.18561569180961338,0.22210097469822623,0.047402779246482084,0.12531870394352979,0.20781938398412125,0.15160723233509985,0.030063051445449417,0.2144,0.8176,0.4892
118.8499984741211,118.8499984741211,167642500,20230110,TSLA,119.7699966430664,118.8499984741211,0,0.17096723812439943,0.02097222263669728,0.05451832918054186,0.020974575929278517,0.1540985730049052,0.5365213435362605,0.020975414029908303,0.02097230355800876,0.0,0.8625,0.29238
123.22000122070312,123.22000122070312,183810800,20230111,TSLA,118.8499984741211,123.22000122070312,1,0.1017325834993866,0.02962586972789134,0.07962175219918335,0.36223868084417904,0.11918083879238914,0.09004258375872559,0.02963449711885558,0.18792319405938906,0.0,0.802,0.42172
123.55999755859376,123.55999755859376,169400900,20230112,TSLA,123.22000122070312,123.55999755859376,1,0.09893884164282633,0.17792878324848885,0.024653244312707587,0.040276477640873845,0.3482428096715579,0.1814908247781622,0.06215060294834284,0.06631841575704006,-0.4574,0.2815,-0.041125
122.4000015258789,122.4000015258789,180714100,20230113,TSLA,123.55999755859376,122.4000015258789,0,0.19524396284163373,0.18570562564107052,0.15357661461943778,0.02002154749023938,0.06763229621563378,0.13792866640780463,0.18451184454408567,0.05537944224009423,-0.3818,0.4389,0.1253
131.49000549316406,131.49000549316406,186477000,20230117,TSLA,122.4000015258789,131.49000549316406,1,0.11335044184584528,0.4728220956359756,0.09477548691082842,0.04291600272426281,0.048790501328110615,0.06060473975882523,0.060298980407841686,0.10644175138830997,-0.784,0.8658,0.23040588235294118
128.77999877929688,128.77999877929688,195680300,20230118,TSLA,131.49000549316406,128.77999877929688,0,0.09592528381408526,0.2857356264441401,0.16001340762144695,0.1786747358906612,0.03907836823162821,0.02796686448387937,0.027976227488097073,0.1846294860260616,-0.34,0.7615,0.21004
127.16999816894533,127.16999816894533,170291900,20230119,TSLA,128.77999877929688,127.16999816894533,0,0.048451919194350705,0.2793354127133215,0.21674457353650967,0.10228408983755832,0.10228186552383532,0.04082420677100177,0.07883023861557029,0.13124769380785212,-0.7026,0.7489,0.13170833333333332
133.4199981689453,133.4199981689453,138858100,20230120,TSLA,127.16999816894533,133.4199981689453,1,0.10191717544222081,0.2741523891115861,0.06849474639906682,0.0892298810746366,0.055892009043221856,0.03435900848444628,0.21060602623732164,0.16534876420749964,-0.8481,0.8516,0.3396166666666667
143.75,143.75,203119200,20230123,TSLA,133.4199981689453,143.75,1,0.0250000012861087,0.0250000009892314,0.0250038618782131,0.0250084492580169,0.8249554406360927,0.0250060828232198,0.0250222464675564,0.0250039166615607,0.867,0.867,0.867
143.88999938964844,143.88999938964844,158699100,20230124,TSLA,143.75,143.88999938964844,1,0.0194415570929099,0.14444594074748493,0.05103713155824037,0.12313367056214496,0.25630038937483385,0.0194464028296931,0.17429288519128955,0.21190202264340302,-0.6486,0.6597,0.07624285714285714
144.42999267578125,144.42999267578125,192734300,20230125,TSLA,143.88999938964844,144.42999267578125,1,0.05147609970082795,0.2332559915996546,0.0731689610000055,0.04729651365696784,0.06543598634314633,0.05853566792015605,0.20867046773462014,0.2621603120446213,-0.4588,0.1655,-0.09257499999999999
160.27000427246094,160.27000427246094,234815100,20230126,TSLA,144.42999267578125,160.27000427246094,1,0.12378574174746101,0.31013270819877947,0.09843923898469618,0.13814053035276458,0.1205389631868379,0.09348672923422995,0.0573737325133752,0.05810235578185536,-0.34,0.8622,0.3354625
177.89999389648438,177.89999389648438,306590600,20230127,TSLA,160.27000427246094,177.89999389648438,1,0.1765592798144738,0.28149069482625433,0.03902815347574667,0.03903707922472913,0.09458007934467107,0.03902789894790939,0.06682053341256954,0.2634562809536458,-0.3612,0.4019,-0.03052222222222223
166.66000366210938,166.66000366210938,230878800,20230130,TSLA,177.89999389648438,166.66000366210938,0,0.12395970787428563,0.2572899065522654,0.09619331515590963,0.11806146654555343,0.09618481192278845,0.08816522111661206,0.0961772519758889,0.1239683188566962,-0.9398,0.0,-0.15663333333333332
173.22000122070312,173.22000122070312,196813500,20230131,TSLA,166.66000366210938,173.22000122070312,1,0.11470917500618442,0.07745252910603305,0.0545152044940652,0.21545992049169577,0.09507914395873204,0.16685949244557827,0.14848143168390876,0.12744310281380214,-0.7717,0.4767,0.12351999999999999
181.41000366210935,181.41000366210935,213806300,20230201,TSLA,173.22000122070312,181.41000366210935,1,0.1077864973745853,0.3051225153476468,0.15103034866074924,0.026041882260257,0.02605032788741565,0.19267933100905876,0.1652127460961045,0.026076351364182335,0.0,0.7424,0.2738
188.2700042724609,188.2700042724609,217448300,20230202,TSLA,181.41000366210935,188.2700042724609,1,0.12142554032660574,0.13424432994695443,0.12037013138790385,0.025138908058672242,0.03663969109537243,0.10512592046996937,0.25113207466989784,0.20592340404462373,-0.041,0.9184,0.20103333333333331
189.97999572753903,189.97999572753903,232662000,20230203,TSLA,188.2700042724609,189.97999572753903,1,0.14479889061024664,0.40363379781585895,0.09672342817352722,0.05431667291626123,0.025748007967782087,0.054318265162051536,0.10421646310291159,0.11624447425136032,-0.3612,0.9401,0.29009999999999997
194.75999450683597,194.75999450683597,186188100,20230206,TSLA,189.97999572753903,194.75999450683597,1,0.0208333342567934,0.3044690279531105,0.1874979255572646,0.0208426579942967,0.0208333343146411,0.0208333341441398,0.0208333341689105,0.4038570516108432,-0.8316,-0.8316,-0.8316
196.80999755859372,196.80999755859372,186010300,20230207,TSLA,194.75999450683597,196.80999755859372,1,0.10025769775651353,0.13992116739168906,0.11794153130892168,0.19704023965511633,0.07517748777280521,0.08248549540725808,0.11073055079580481,0.176445829911891,-0.6369,0.802,0.0986
201.2899932861328,201.2899932861328,180673600,20230208,TSLA,196.80999755859372,201.2899932861328,1,0.29265039033975454,0.1721229551989105,0.07064292236372585,0.057975167769747184,0.0960045413925186,0.2110060115764174,0.022171794614058084,0.07742621674486744,-0.1779,0.6778,0.22736
207.32000732421875,207.32000732421875,215431400,20230209,TSLA,201.2899932861328,207.32000732421875,1,0.07134835740806915,0.0921937368142347,0.029692079688807226,0.02969972369240681,0.3316351118929133,0.050527691797060285,0.07135887579914549,0.32354442290736274,-0.4631,0.6597,-0.07487500000000002
196.88999938964844,196.88999938964844,204754100,20230210,TSLA,207.32000732421875,196.88999938964844,0,0.07725218919067511,0.1189325214826975,0.05642112899260417,0.07724813961031866,0.15809053640350754,0.03560081611013873,0.24466722936428434,0.2317874388457736,0.0,0.4588,0.32001666666666667
194.63999938964844,194.63999938964844,172475500,20230213,TSLA,196.88999938964844,194.63999938964844,0,0.06956886681779643,0.2019075807104202,0.0812167727974377,0.2123049872322829,0.03879541671428559,0.07515409827390915,0.2438029230756165,0.07724935437825128,-0.7574,0.8442,0.2740769230769231
209.25,209.25,216455700,20230214,TSLA,194.63999938964844,209.25,1,0.22865382042226712,0.20301931127109576,0.07338039288811694,0.03636495509124307,0.14742698826030562,0.1196673536829787,0.13291654340068496,0.05857063498330747,-0.6908,0.4588,-0.04398888888888889
214.2400054931641,214.2400054931641,181006400,20230215,TSLA,209.25,214.2400054931641,1,0.13263905021638608,0.16042403538139208,0.2520981889671917,0.035421162257804416,0.0354166675205916,0.09096789317049524,0.09098385995281376,0.20204914253332476,0.0,0.836,0.3042333333333333
202.0399932861328,202.0399932861328,229586500,20230216,TSLA,214.2400054931641,202.0399932861328,0,0.03235612872596047,0.10642902740842865,0.050008635041296656,0.1682761337768514,0.26411455138265527,0.13888412684733684,0.10951290140575076,0.13041849541171974,-0.5574,0.7351,0.15752222222222223
208.30999755859372,208.30999755859372,213738500,20230217,TSLA,202.0399932861328,208.30999755859372,1,0.07488841111193208,0.3435237975404389,0.1260198021767872,0.05275761977013416,0.0699319876659552,0.04326819902168548,0.13164835980659362,0.15796182290647312,-0.4355,0.8907,0.25076
197.3699951171875,197.3699951171875,180018600,20230221,TSLA,208.30999755859372,197.3699951171875,0,0.06745005678171445,0.1926285105738599,0.13375880549093705,0.07819972675509272,0.17876040538270607,0.06155685028034676,0.126150961340885,0.16149468339445772,-0.69,0.836,0.21550666666666668
200.8600006103516,200.8600006103516,191828500,20230222,TSLA,197.3699951171875,200.8600006103516,1,0.09779464186841914,0.21682202700144712,0.12162087415751163,0.0739984366537587,0.11139027865127729,0.05019181778863422,0.07397198435185762,0.254209939527094,-0.6833,0.5562,-0.04174285714285714
202.07000732421875,202.07000732421875,146360000,20230223,TSLA,200.8600006103516,202.07000732421875,1,0.09535229994450495,0.263231013740296,0.11714175314059388,0.08673507123365407,0.07090106741061725,0.11714192741756027,0.0987937503023883,0.150703116810385,-0.7717,0.8625,0.04540000000000001
196.8800048828125,196.8800048828125,142228100,20230224,TSLA,202.07000732421875,196.8800048828125,0,0.10068292644332663,0.2773698911526208,0.053266312419683916,0.03406201968971016,0.13401910007116705,0.22843894097304304,0.03402928156012082,0.13813152769032738,-0.8858,0.0,-0.35204
207.6300048828125,207.6300048828125,161028300,20230227,TSLA,196.8800048828125,207.6300048828125,1,0.06818181824274235,0.06818181822886026,0.06818199608759865,0.0681818182328875,0.0681825499193891,0.5227263628192168,0.0681818182368905,0.06818181823241465,0.0,0.7463,0.37315
205.7100067138672,205.7100067138672,153144900,20230228,TSLA,207.6300048828125,205.7100067138672,0,0.10012359685280287,0.22184125332123755,0.05900958692497335,0.09353080994164867,0.054253685579520594,0.3138931052871923,0.061236972449052185,0.09611098964357215,-0.5434,0.7574,0.065775
202.7700042724609,202.7700042724609,156852800,20230301,TSLA,205.7100067138672,202.7700042724609,0,0.3409510597316515,0.11724375467894221,0.09535737576175528,0.028755819815965512,0.15282882981535595,0.028742141245951057,0.2073524825860535,0.028768536364324658,-0.296,0.7908,0.10971428571428572
190.8999938964844,190.8999938964844,181500700,20230302,TSLA,202.7700042724609,190.8999938964844,0,0.12274309838224777,0.2889332851795422,0.04402504075756623,0.0275847103555076,0.02759441943336311,0.3704395665927948,0.07521262145857711,0.04346725784040084,-0.5574,0.3968,-0.022942857142857147
197.7899932861328,197.7899932861328,154193300,20230303,TSLA,190.8999938964844,197.7899932861328,1,0.0234491411755008,0.02343785641273515,0.23460330228866141,0.1484370086789912,0.24974561789415164,0.2734487014559247,0.023439047999575448,0.02343932409445935,0.0,0.0,0.0
193.80999755859372,193.80999755859372,128100100,20230306,TSLA,197.7899932861328,193.80999755859372,0,0.08958533046176909,0.2799953038803409,0.05075121131840887,0.0774794371715719,0.08928104178868113,0.03283713204970103,0.1473397376064017,0.23273080572312504,-0.1779,0.7964,0.23599285714285714
187.7100067138672,187.7100067138672,148125800,20230307,TSLA,193.80999755859372,187.7100067138672,0,0.1740280352963794,0.2807855388544509,0.1698449620192718,0.05339027242156596,0.10996155959029268,0.04001984567145883,0.1176733990299941,0.054296387116586034,-0.8024,0.5849,-0.039238888888888886
182.0,182.0,151897800,20230308,TSLA,187.7100067138672,182.0,0,0.03373955985544285,0.25393807546940983,0.033741635208311416,0.03375820832846675,0.1447812273525602,0.03374600049038756,0.1765955285479078,0.2896997647475133,-0.1027,0.4753,0.17628333333333335
172.9199981689453,172.9199981689453,170023800,20230309,TSLA,182.0,172.9199981689453,0,0.1273052688022545,0.13508640818438475,0.04513961020931545,0.04480399570244668,0.14428133351398928,0.1867658464588533,0.09074734878313313,0.22587018834562256,-0.765,0.7345,0.02913750000000001
173.44000244140625,173.44000244140625,191488900,20230310,TSLA,172.9199981689453,173.44000244140625,1,0.2805431695478762,0.20936392545947471,0.0583354159977863,0.021312317947327335,0.021301294257438166,0.02129629733177307,0.021297649629436633,0.3665499298288873,-0.9381,0.0,-0.5867333333333334
174.47999572753906,174.47999572753906,167790300,20230313,TSLA,173.44000244140625,174.47999572753906,1,0.2473654791892294,0.0208333340294826,0.0208713278903199,0.6275337374490155,0.0208457500985901,0.0208333341267452,0.0208391858967719,0.020877851319845,0.2732,0.2732,0.2732
183.25999450683597,183.25999450683597,143717900,20230314,TSLA,174.47999572753906,183.25999450683597,1,0.15038371465339506,0.2586368978490857,0.08845699466909465,0.2440999384198762,0.03287604507161529,0.12916680643307465,0.032887773464509364,0.06349182943934872,0.0,0.8575,0.4606222222222222
180.4499969482422,180.4499969482422,145995600,20230315,TSLA,183.25999450683597,180.4499969482422,0,0.1889145576985319,0.0607131154971827,0.1579443585618514,0.1354910329811991,0.09658046545013413,0.18858005847072074,0.06612350853006004,0.10565290281031968,-0.296,0.743,0.11019999999999998
184.1300048828125,184.1300048828125,121136800,20230316,TSLA,180.4499969482422,184.1300048828125,1,0.0809679558946467,0.23817662147354138,0.09406904081251558,0.08856219537259952,0.05473519925071987,0.12840257822236711,0.15670036627175038,0.1583860427018591,-0.886,0.6808,-0.059555555555555556
180.1300048828125,180.1300048828125,133197100,20230317,TSLA,184.1300048828125,180.1300048828125,0,0.1886403112837363,0.26960921210978,0.08130919579980407,0.024855726830272696,0.0248536363829896,0.024854086071968883,0.18364396271862193,0.2022338688028262,-0.7579,0.7803,0.021416666666666657
183.25,183.25,129684400,20230320,TSLA,180.1300048828125,183.25,1,0.07309288496981409,0.1903561723880917,0.1059963347668308,0.10078194565134937,0.1424429952841451,0.17890044748689202,0.14930992038320448,0.059119299069672025,-0.3612,0.4215,0.03985
197.5800018310547,197.5800018310547,153391400,20230321,TSLA,183.25,197.5800018310547,1,0.026795418025424733,0.6045027301138958,0.026796306549824265,0.13787617228134588,0.02680507063186417,0.02678602784167727,0.07441112163410267,0.0760271529218649,-0.34,-0.2263,-0.2798333333333333
191.1499938964844,191.1499938964844,150376400,20230322,TSLA,197.5800018310547,191.1499938964844,0,0.042276030977364,0.042283477468116656,0.097566524975323,0.37015644363112593,0.08309582640090059,0.15978464280533702,0.042278585460632116,0.16255846828120044,-0.2732,0.0,-0.13488
192.22000122070312,192.22000122070312,144193900,20230323,TSLA,191.1499938964844,192.22000122070312,1,0.26526761951914785,0.04305775033864434,0.17638477396651944,0.20972221867105487,0.04306367088145213,0.04306062332868493,0.1763869973688813,0.04305634592561489,0.0,0.4926,0.2846
190.41000366210935,190.41000366210935,116312400,20230324,TSLA,192.22000122070312,190.41000366210935,0,0.06826833904823827,0.2864185795935936,0.15440867603629177,0.03714992212922142,0.08290805746474494,0.0282862373159296,0.05907084695951999,0.2834893414524601,-0.7096,0.4767,-0.0696
191.80999755859372,191.80999755859372,120851600,20230327,TSLA,190.41000366210935,191.80999755859372,1,0.145837605236875,0.1726955042061899,0.1546131943292881,0.06887988156563285,0.09562930068936579,0.09937571031867612,0.160981189544442,0.10198761410952992,-0.7351,0.5423,0.023575000000000006
189.19000244140625,189.19000244140625,98654600,20230328,TSLA,191.80999755859372,189.19000244140625,0,0.21789542198264153,0.10839879437884603,0.07794650004177821,0.0816932069580058,0.02791750602401296,0.12792115438272236,0.027918566447023663,0.3303088497849691,-0.2411,0.6588,0.3558
193.8800048828125,193.8800048828125,123660000,20230329,TSLA,189.19000244140625,193.8800048828125,1,0.0775320957801461,0.23268064683914408,0.30643594270227537,0.05547948027196755,0.09387995156455248,0.12591721643235954,0.06770861868180232,0.04036604772775236,-0.2204,0.8689,0.3318625
195.27999877929688,195.27999877929688,110252200,20230330,TSLA,193.8800048828125,195.27999877929688,1,0.0250000017345338,0.0250993766992117,0.0250000016252495,0.0250000014554761,0.0251073313247329,0.4248918979978204,0.0250000015689933,0.424901387593982,0.8975,0.8975,0.8975
207.4600067138672,207.4600067138672,170222100,20230331,TSLA,195.27999877929688,207.4600067138672,1,0.09092947846159576,0.4815430980051462,0.03259483073516192,0.04241856363448683,0.06403774310629591,0.09511640050692464,0.06076834387837463,0.13259154167201367,-0.5574,0.0,-0.14762
194.7700042724609,194.7700042724609,169545900,20230403,TSLA,207.4600067138672,194.7700042724609,0,0.06234023258959843,0.10536518905977843,0.18329991344390775,0.08899804382878083,0.027904938726638084,0.027896776790460487,0.24780491514726216,0.25638999041357347,-0.4767,0.836,0.3041714285714286
192.5800018310547,192.5800018310547,126463800,20230404,TSLA,194.7700042724609,192.5800018310547,0,0.17887726448399788,0.2869333929284115,0.11744168038508157,0.07621591430703141,0.027710519979995744,0.08324987078504759,0.15145052964990485,0.07812082748052912,-0.6369,0.9349,0.04795555555555556
185.5200042724609,185.5200042724609,133882500,20230405,TSLA,192.5800018310547,185.5200042724609,0,0.02202432227825135,0.507044667655875,0.022021223449349276,0.06234113671753602,0.17213170504477715,0.02202028653713435,0.02203168075523815,0.1703849775618384,-0.9804,0.4767,-0.125925
185.05999755859372,185.05999755859372,123857900,20230406,TSLA,185.5200042724609,185.05999755859372,0,0.2331475442090091,0.12206257777247288,0.03273740035393062,0.032736946230194776,0.06019601588471273,0.03273708088132824,0.3115050716982034,0.17487736297014794,0.0,0.7902,0.2461125
184.50999450683597,184.50999450683597,142154600,20230410,TSLA,185.05999755859372,184.50999450683597,0,0.10171747569038579,0.22829678331164213,0.07871968575549552,0.10061477388657787,0.11203898734897921,0.062157381324920415,0.07563838750815186,0.24081652517384686,-0.9153,0.6416,0.013223999999999993
186.7899932861328,186.7899932861328,115770900,20230411,TSLA,184.50999450683597,186.7899932861328,1,0.09003366723762553,0.14414954656893,0.0275293915275341,0.06917263353013169,0.3981643149979556,0.027534521041708088,0.12215982233830262,0.12125610275781204,-0.8442,0.75,0.1722125
180.5399932861328,180.5399932861328,150256300,20230412,TSLA,186.7899932861328,180.5399932861328,0,0.177615798110433,0.21346944270799723,0.07110125180214957,0.032635164598209476,0.15212763618323294,0.10570364210016767,0.12918090498032286,0.11816615951748698,-0.3818,0.7958,0.1556076923076923
185.8999938964844,185.8999938964844,112933000,20230413,TSLA,180.5399932861328,185.8999938964844,1,0.09018512496964079,0.20196574857846988,0.18271425622904994,0.043103026643528955,0.05941814536773944,0.04855580162765757,0.23202126716607574,0.14203662941783735,-0.7269,0.6808,0.04660999999999999
185.0,185.0,96438700,20230414,TSLA,185.8999938964844,185.0,0,0.13548185957356998,0.21073436463002798,0.052442631480538446,0.0924381820210694,0.06732489170644398,0.16900380982726293,0.16596046887852628,0.10661379188256066,-0.6969,0.9231,0.09302
187.0399932861328,187.0399932861328,116662200,20230417,TSLA,185.0,187.0399932861328,1,0.06932907925955861,0.2817828531270434,0.06932907070818263,0.050112614158490124,0.2978448695217916,0.10408596731447758,0.0966264549679244,0.03088909094253129,-0.8074,0.802,0.0063307692307692336
184.30999755859372,184.30999755859372,92067000,20230418,TSLA,187.0399932861328,184.30999755859372,0,0.03216721599555748,0.2436201052959388,0.20093702964715723,0.07298222888936433,0.07978171091215856,0.03215340626960294,0.19278219288724277,0.1455761101029776,-0.765,0.7574,-0.027271428571428582
180.58999633789065,180.58999633789065,125732700,20230419,TSLA,184.30999755859372,180.58999633789065,0,0.027609516269673902,0.22006043770057665,0.187660601957074,0.12020090515573117,0.08576643293616965,0.17828094365625358,0.10166939656192861,0.0787517657625921,-0.2263,0.8201,0.09463333333333335
162.99000549316406,162.99000549316406,210970800,20230420,TSLA,180.58999633789065,162.99000549316406,0,0.05092352830341942,0.04350924612626713,0.1316292490938863,0.02531217956115085,0.17059200053038143,0.22017060460491256,0.29562050256321487,0.06224268921676705,0.0,0.784,0.28196000000000004
165.0800018310547,165.0800018310547,123539000,20230421,TSLA,162.99000549316406,165.0800018310547,1,0.09718216515708368,0.07782776968316822,0.11727607051379432,0.04720632348877374,0.3132767759166969,0.12095191329023088,0.1124359969962446,0.11384298495400735,-0.3111,0.69,0.26221
162.5500030517578,162.5500030517578,140006600,20230424,TSLA,165.0800018310547,162.5500030517578,0,0.08797299153188391,0.3858547594392537,0.18165360012515522,0.029693755223017586,0.029687924291337087,0.061389877315386546,0.1107224351503425,0.11302465692362318,-0.5994,0.7712,0.0747125
160.6699981689453,160.6699981689453,121999300,20230425,TSLA,162.5500030517578,160.6699981689453,0,0.11815105900857506,0.24393088712127253,0.03754612332253624,0.25355597519105005,0.09678297243967622,0.07776148861294337,0.07439891532427126,0.0978725789796749,-0.9622,0.8625,0.09704210526315789
153.75,153.75,153364100,20230426,TSLA,160.6699981689453,153.75,0,0.014889928231997751,0.4791489038392878,0.0148822841315073,0.01488162301595005,0.18153950998733015,0.01488476888169445,0.26487811330439875,0.01489486860783335,-0.765,0.2732,-0.2459
160.19000244140625,160.19000244140625,127015200,20230427,TSLA,153.75,160.19000244140625,1,0.09193660542368132,0.23346095379433782,0.1494982181823657,0.1294284957415782,0.08233438861860705,0.08434918976662806,0.06831088986129093,0.1606812586115106,-0.2023,0.9358,0.3955375
164.30999755859375,164.30999755859375,122515800,20230428,TSLA,160.19000244140625,164.30999755859375,1,0.049886785067273384,0.13414944790939382,0.10246496817947089,0.04772346384349175,0.18187561073068212,0.25385479828814594,0.18891865109548,0.04112627488606181,-0.5023,0.6705,0.07306
161.8300018310547,161.8300018310547,109015000,20230501,TSLA,164.30999755859375,161.8300018310547,0,0.04572489238821383,0.1813523718736455,0.045717911157072716,0.045727106060190086,0.04573194056180818,0.38828899224943486,0.15681300795234512,0.09064377775728945,-0.4019,0.5707,0.028133333333333333
160.30999755859375,160.30999755859375,128259700,20230502,TSLA,161.8300018310547,160.30999755859375,0,0.08318978499651648,0.4285162519659436,0.06561756153068247,0.04976394702167458,0.03748439495985505,0.034581474885471655,0.13063819098399584,0.17020839365585996,-0.7003,0.6734,-0.05263000000000001
160.61000061035156,160.61000061035156,119728000,20230503,TSLA,160.30999755859375,160.61000061035156,1,0.18785507092526227,0.13110868741821818,0.10153667428347718,0.12598793400433464,0.10932496845055166,0.18202561981984156,0.13402345475564265,0.02813759034267146,-0.431,0.4753,0.008862500000000002
161.1999969482422,161.1999969482422,95108500,20230504,TSLA,160.61000061035156,161.1999969482422,1,0.10619345117691707,0.14763479566060533,0.1383300387562715,0.11236424394531043,0.054154471999638874,0.34344459517723225,0.06668573981022453,0.031192663473799714,-0.2212,0.9053,0.2315375
170.05999755859375,170.05999755859375,107607300,20230505,TSLA,161.1999969482422,170.05999755859375,1,0.024014542852956882,0.10732523447106988,0.16090934776968668,0.12281292845183465,0.07958038620992201,0.3061746510526992,0.05136170652234353,0.1478212026694868,0.0,0.6249,0.3381
171.7899932861328,171.7899932861328,112249400,20230508,TSLA,170.05999755859375,171.7899932861328,1,0.06607859950283265,0.1520681062102933,0.252823012641685,0.09278138116856663,0.03604583581810752,0.08948639956391417,0.13503193408940573,0.1756847310051947,-0.5106,0.9168,0.3136
169.14999389648438,169.14999389648438,88965000,20230509,TSLA,171.7899932861328,169.14999389648438,0,0.12152550176227445,0.2627798922228185,0.0659631647310779,0.14601368095427877,0.05934625199492796,0.10069790965103965,0.11214535265957086,0.13152824602401156,-0.8715,0.8172,0.13795
168.5399932861328,168.5399932861328,119840700,20230510,TSLA,169.14999389648438,168.5399932861328,0,0.062241830334181625,0.08330712303090874,0.09821322506423942,0.12837732526782525,0.11816319392697064,0.19886602143317994,0.1505015078663968,0.16032977307629723,-0.7964,0.8555,0.23532857142857141
172.0800018310547,172.0800018310547,103889900,20230511,TSLA,168.5399932861328,172.0800018310547,1,0.03536289294270438,0.16943037604087213,0.10998499125228409,0.1436395900332868,0.10202118663760526,0.2245698626250717,0.14632863917088254,0.0686624612972927,0.0,0.8016,0.4125
167.97999572753906,167.97999572753906,157849600,20230512,TSLA,172.0800018310547,167.97999572753906,0,0.0830751526539726,0.16514544811329276,0.05008792133872778,0.09293483930779356,0.14829768273174246,0.17900555886022906,0.18348607028319122,0.09796732671105012,-0.128,0.7845,0.252125
166.35000610351562,166.35000610351562,105592500,20230515,TSLA,167.97999572753906,166.35000610351562,0,0.0250000005357459,0.02501515908631,0.3458878855001953,0.0250080924146466,0.0250000005661123,0.5040161506658232,0.0250608022830863,0.0250119089480801,0.6597,0.6597,0.6597
166.52000427246094,166.52000427246094,98288800,20230516,TSLA,166.35000610351562,166.52000427246094,1,0.08925940603529135,0.17159174738705552,0.026348818858350224,0.16507415196957306,0.17632644202475867,0.1523698903936042,0.026346773816852975,0.19268276951451374,-0.7845,0.5106,0.0769909090909091
173.86000061035156,173.86000061035156,125473600,20230517,TSLA,166.52000427246094,173.86000061035156,1,0.06790084071038142,0.16509282836502007,0.295544909969669,0.13999643309293666,0.047074841868501506,0.09311032585845241,0.14420174686322146,0.04707807327181715,-0.636,0.9246,0.235475
176.88999938964844,176.88999938964844,109520300,20230518,TSLA,173.86000061035156,176.88999938964844,1,0.12919180368133276,0.16107014609596068,0.06737196284627536,0.11777211262393536,0.12542395326571631,0.19244768815030674,0.11562832825786308,0.09109400507860933,-0.6486,0.8074,0.16357272727272726
180.13999938964844,180.13999938964844,136196700,20230519,TSLA,176.88999938964844,180.13999938964844,1,0.07903299674719627,0.18800148330845176,0.059807534140548665,0.05809206787780148,0.09185819800679156,0.39985654358109735,0.07380461392924093,0.049546562408871675,-0.7088,0.5574,-0.03703846153846154
188.8699951171875,188.8699951171875,132001400,20230522,TSLA,180.13999938964844,188.8699951171875,1,0.03500390640487126,0.3115135027725096,0.07500986169543712,0.1016761114565502,0.03500000077641206,0.32830449507850057,0.07848704802834476,0.03500507378737416,-0.1779,0.7003,0.20958000000000002
185.7700042724609,185.7700042724609,156952100,20230523,TSLA,188.8699951171875,185.7700042724609,0,0.055602507088586606,0.30672303793804967,0.05933331483362227,0.09933693418772584,0.1468089108014908,0.14470270848768765,0.07565667816418449,0.11183590849865233,-0.2732,0.784,0.4167625
182.8999938964844,182.8999938964844,137605100,20230524,TSLA,185.7700042724609,182.8999938964844,0,0.2255126858559736,0.17663632375232072,0.030080765110265514,0.130099616491223,0.03008085353509765,0.07530979090889915,0.07174229701066469,0.26053766733555533,0.0,0.4767,0.2768833333333333
184.47000122070312,184.47000122070312,96870700,20230525,TSLA,182.8999938964844,184.47000122070312,1,0.10850737847537179,0.17538042769776205,0.06080659196571968,0.1092097824743966,0.16540085307139074,0.1616237035745054,0.03202909177137634,0.18704217096947715,-0.7345,0.6369,0.10835555555555557
193.1699981689453,193.1699981689453,162061500,20230526,TSLA,184.47000122070312,193.1699981689453,1,0.17305918239359,0.06887413821813924,0.5963310500720743,0.07677906834313614,0.021256394813268933,0.02123119484842473,0.021234071495868232,0.021234899815497966,0.0,0.6597,0.3499999999999999
207.5200042724609,207.5200042724609,148029900,20230601,TSLA,203.92999267578125,207.5200042724609,1,0.022507226521582768,0.1724825258702651,0.051333034801982924,0.17393951771358962,0.10752479755926977,0.30683833676395805,0.14287121937072556,0.022503341398625868,-0.5631,0.7639,0.11563333333333332
213.97000122070312,213.97000122070312,164398400,20230602,TSLA,207.5200042724609,213.97000122070312,1,0.15486274439921327,0.15944296076389228,0.060311663830884724,0.12784362813821168,0.15569163814843756,0.08249431268071084,0.09093679042629646,0.16841626161235287,-0.8585,0.7184,0.11624705882352941
217.6100006103516,217.6100006103516,151143100,20230605,TSLA,213.97000122070312,217.6100006103516,1,0.06122843654398117,0.2876725408570356,0.14844338039655858,0.07292792442852845,0.0895615489626736,0.17122574008901953,0.07455099831753424,0.0943894304046685,0.0,0.8555,0.44942000000000004
221.30999755859372,221.30999755859372,146911600,20230606,TSLA,217.6100006103516,221.30999755859372,1,0.03572061206435975,0.1607279342315245,0.1333202342588561,0.2959178734753984,0.03572126953539807,0.20874680638224857,0.03571657777562213,0.09412869227659218,0.0,0.6588,0.29235
224.57000732421875,224.57000732421875,185710800,20230607,TSLA,221.30999755859372,224.57000732421875,1,0.03393561697093077,0.20242468816280443,0.08823677451203858,0.1608459211014039,0.18888355130433265,0.12093633064272703,0.13842429938643114,0.06631281791933122,-0.3412,0.6249,0.12824615384615384
234.8600006103516,234.8600006103516,164489700,20230608,TSLA,224.57000732421875,234.8600006103516,1,0.15121298144596468,0.1884176133418995,0.11954810743776176,0.06938141800135704,0.20213720633872398,0.05216376123920258,0.11220732880222486,0.10493158339286528,0.0,0.8439,0.50704
244.3999938964844,244.3999938964844,200242400,20230609,TSLA,234.8600006103516,244.3999938964844,1,0.09010498428588976,0.2140489881708124,0.21869741733465375,0.16811827667705448,0.08118362323225742,0.024958235754752388,0.11384350868144015,0.08904496586313934,-0.6597,0.7366,0.16123333333333334
249.8300018310547,249.8300018310547,150337900,20230612,TSLA,244.3999938964844,249.8300018310547,1,0.0208367036444776,0.18748767764930263,0.10416438516645485,0.0208768155751723,0.02084149754727635,0.27083472556245536,0.2621049859967557,0.112853208858105,0.128,0.8402,0.4841
258.7099914550781,258.7099914550781,162384300,20230613,TSLA,249.8300018310547,258.7099914550781,1,0.0312512007803695,0.4479116823962738,0.0312500004044641,0.03125000036208795,0.03125000045823725,0.03125000037884905,0.0312537835731009,0.364583331646617,-0.4168,0.4215,0.002349999999999991
256.7900085449219,256.7900085449219,170575500,20230614,TSLA,258.7099914550781,256.7900085449219,0,0.1340337103832144,0.2437445787157643,0.12708613520745082,0.18763646435319856,0.05763821065345845,0.053475870258065716,0.09708027031248079,0.09930476011636676,-0.6369,0.8176,0.1527666666666667
255.8999938964844,255.8999938964844,160171200,20230615,TSLA,256.7900085449219,255.8999938964844,0,0.04635829440099034,0.18762823497474032,0.08800317812802183,0.3338094770476216,0.04636897754947981,0.06718664596232916,0.129719292789592,0.10092589914722479,-0.128,0.2584,0.0004000000000000022
260.5400085449219,260.5400085449219,167915600,20230616,TSLA,255.8999938964844,260.5400085449219,1,0.02143318799050675,0.3856064981542546,0.1317444953558435,0.021445591133552253,0.37541257130655714,0.021436789327120898,0.0214508995697967,0.0214699671623678,-0.6597,-0.5267,-0.5932
274.45001220703125,274.45001220703125,165611200,20230620,TSLA,260.5400085449219,274.45001220703125,1,0.029185931882883764,0.12440118267870699,0.195821382201109,0.11258602437477293,0.2678792662368525,0.0625062335223815,0.17844374432034957,0.029176234782943466,0.0,0.8122,0.5157666666666666
259.4599914550781,259.4599914550781,211797100,20230621,TSLA,274.45001220703125,259.4599914550781,0,0.0364638470855749,0.1884671248194293,0.08113069520848909,0.06915360943556356,0.04694458773529845,0.15012127142993176,0.22374103900078188,0.20397782528493072,-0.7964,0.6239,-0.0035600000000000076
264.6099853515625,264.6099853515625,166875900,20230622,TSLA,259.4599914550781,264.6099853515625,1,0.04105067753052589,0.1348100341021144,0.17437171710902777,0.06603552292154855,0.04103632605934643,0.04103561803474811,0.401742890104456,0.09991721413823249,-0.646,0.7701,0.27247499999999997
256.6000061035156,256.6000061035156,177460800,20230623,TSLA,264.6099853515625,256.6000061035156,0,0.12814760637194414,0.4030348179267375,0.0281336964166597,0.0281520319562761,0.02812500244735235,0.22815726847296292,0.12811838527473696,0.02813119113333,0.0,0.7964,0.3982
241.0500030517578,241.0500030517578,179990600,20230626,TSLA,256.6000061035156,241.0500030517578,0,0.03650557468734842,0.09202769192822487,0.17535441473493543,0.14751983296122465,0.09201219348083162,0.2586773974011476,0.036483476973597634,0.16141941783268945,-0.7351,0.9472,-0.03178333333333332
250.2100067138672,250.2100067138672,164968200,20230627,TSLA,241.0500030517578,250.2100067138672,1,0.1949491145244084,0.2108828819458035,0.10652833513706396,0.08188822260417124,0.18143799280195036,0.04872349672800386,0.05859843596991276,0.11699152028868554,-0.34,0.8474,0.35227142857142857
257.5,257.5,131283400,20230629,TSLA,256.239990234375,257.5,1,0.0416666680102866,0.0417430502670008,0.0416666679265079,0.041666667796001,0.7081580175313277,0.0416666678461753,0.041732907691818,0.0416993529308823,-0.4649,-0.4649,-0.4649
261.7699890136719,261.7699890136719,112620800,20230630,TSLA,257.5,261.7699890136719,1,0.06394610172014276,0.34331024609090743,0.17682226289437508,0.029278787212698876,0.045934930138936014,0.05150035593862541,0.1577330970334473,0.1314742189708668,-0.7712,0.5859,0.01754
279.82000732421875,279.82000732421875,119685900,20230703,TSLA,261.7699890136719,279.82000732421875,1,0.0690507685007154,0.3114336569100641,0.2057280103447977,0.03074440572608793,0.030740518536278075,0.1807162922071068,0.0932291962541197,0.07835715152082998,-0.2698,0.5974,0.18985000000000002
282.4800109863281,282.4800109863281,131530900,20230705,TSLA,279.82000732421875,282.4800109863281,1,0.12312086848768905,0.040221746221733,0.04017857200509595,0.2901602659201617,0.22630210263461115,0.04018486958989115,0.04018722042302985,0.19964435471778785,0.0,0.5994,0.2997
276.5400085449219,276.5400085449219,120332100,20230706,TSLA,282.4800109863281,276.5400085449219,0,0.027085321780691465,0.46427205673208033,0.027083334827709932,0.19373782695917507,0.027108108365524065,0.0270833347309242,0.11041417430610723,0.12321584229778733,-0.296,0.1531,-0.14629999999999999
274.42999267578125,274.42999267578125,113879200,20230707,TSLA,276.5400085449219,274.42999267578125,0,0.1166611425192194,0.1828062631581538,0.11092985075411974,0.17082091595739055,0.025673963476324824,0.19491215964896952,0.03957380844346959,0.1586218960423522,0.0,0.5859,0.1413875
269.6099853515625,269.6099853515625,119425400,20230710,TSLA,274.42999267578125,269.6099853515625,0,0.115264581090383,0.2498408182305724,0.03524080114159438,0.0940056443772034,0.031042497133448827,0.11854788770737826,0.17771634098907976,0.1783414293303396,-0.8102,0.7089,0.0892235294117647
269.7900085449219,269.7900085449219,91972400,20230711,TSLA,269.6099853515625,269.7900085449219,1,0.13623805597840194,0.10693670967051416,0.11363125294702145,0.12693514197121808,0.06568898413595851,0.13762036537106875,0.13874710601320123,0.1742023839126155,-0.2382,0.4588,0.1025
271.989990234375,271.989990234375,95672100,20230712,TSLA,269.7900085449219,271.989990234375,1,0.3255327975484543,0.0173649941222108,0.0173639489114942,0.1536226511140282,0.01736370274715085,0.01736162345240965,0.1840260025679095,0.2673642795363422,-0.2244,0.7579,0.26675000000000004
277.8999938964844,277.8999938964844,112681500,20230713,TSLA,271.989990234375,277.8999938964844,1,0.0286520901443304,0.3355687275289455,0.15362701460087583,0.14917859867453848,0.08036372446306637,0.028648320963130875,0.11198343646430042,0.11197808716081187,0.0,0.5499,0.24707500000000002
281.3800048828125,281.3800048828125,120062400,20230714,TSLA,277.8999938964844,281.3800048828125,1,0.06946729475431299,0.25352767969535617,0.09142605003048562,0.07877484667365682,0.10930859063118421,0.06583508704243743,0.23651151356602984,0.09514893760653662,-0.6808,0.936,0.11493913043478261
290.3800048828125,290.3800048828125,131569600,20230717,TSLA,281.3800048828125,290.3800048828125,1,0.09400977163734393,0.2151615202054902,0.16032154378632138,0.17693547725728911,0.06836894924144585,0.05350125742173972,0.14326170297169782,0.0884397774786717,-0.631,0.93,0.28946666666666665
293.3399963378906,293.3399963378906,112120300,20230718,TSLA,290.3800048828125,293.3399963378906,1,0.09712858579923131,0.3343133815100872,0.08313812913899156,0.030498769347540085,0.1622195912149432,0.12450764039750761,0.03659567992381077,0.13159822266788795,-0.5267,0.6597,0.17464000000000002
291.260009765625,291.260009765625,142355400,20230719,TSLA,293.3399963378906,291.260009765625,0,0.03247909189848548,0.1824350577319918,0.2347942724115082,0.03244558470299731,0.08005087531316812,0.06100653358921215,0.23720431741244966,0.13958426694018697,-0.8176,0.7351,0.04858571428571428
262.8999938964844,262.8999938964844,175158300,20230720,TSLA,291.260009765625,262.8999938964844,0,0.5088355251768225,0.041668004770329045,0.04166672885284756,0.04166666719321985,0.041668186336028305,0.041670888015183094,0.24115675708729895,0.04166724256827025,-0.7506,0.296,-0.22730000000000003
260.0199890136719,260.0199890136719,161796100,20230721,TSLA,262.8999938964844,260.0199890136719,0,0.021939315546243697,0.14686664139827368,0.0218792041655389,0.27182206778108364,0.3087307816242944,0.021875000944797652,0.02187586772947655,0.18501112081029125,0.0,0.3612,0.1806
269.0599975585937,269.0599975585937,136508500,20230724,TSLA,260.0199890136719,269.0599975585937,1,0.14374973522215362,0.09862894238973563,0.20073723496690624,0.0326500738353131,0.1993033270493415,0.09998561687605484,0.081204927385436,0.1437401422750588,-0.4767,0.34,-0.045566666666666665
265.2799987792969,265.2799987792969,112757300,20230725,TSLA,269.0599975585937,265.2799987792969,0,0.23065342901298314,0.18276986536568904,0.09813328792666942,0.028282304479888602,0.0758856083439319,0.28008595034017997,0.0401784785576902,0.06401107597296739,-0.6442,0.7684,0.020614285714285713
264.3500061035156,264.3500061035156,95856200,20230726,TSLA,265.2799987792969,264.3500061035156,0,0.14887580720126442,0.29923789816251944,0.17625544372675384,0.037124282632803804,0.016034291861825124,0.17227173252934883,0.06604136748000923,0.08415917640547486,0.0,0.7783,0.3124
255.7100067138672,255.7100067138672,103697300,20230727,TSLA,264.3500061035156,255.7100067138672,0,0.03488954975180813,0.27505856099571147,0.06518499351967745,0.05760819854212807,0.08034065955705191,0.05761677676254273,0.21085861753886723,0.21844264333221275,-0.5994,0.875,0.3274727272727273
266.44000244140625,266.44000244140625,111446000,20230728,TSLA,255.7100067138672,266.44000244140625,1,0.10044083232209007,0.18039958400162126,0.09316491252748335,0.12278707593594662,0.09806771954544843,0.14207678030752552,0.1028359970282043,0.16022709833168014,-0.3612,0.6201,0.04476999999999999
267.42999267578125,267.42999267578125,84582200,20230731,TSLA,266.44000244140625,267.42999267578125,1,0.05641205376133676,0.15584152050251396,0.051382364861612885,0.06959447080824453,0.21079356626591148,0.1619664294456751,0.10974094027367487,0.18426865408103002,-0.936,0.4926,-0.14063333333333336
261.07000732421875,261.07000732421875,83166000,20230801,TSLA,267.42999267578125,261.07000732421875,0,0.06227406884603501,0.14159199240519293,0.08934008620274661,0.15802416930431423,0.08865584402769593,0.12708297059301582,0.2651990250596145,0.06783184356138462,-0.8655,0.7569,-0.019277777777777776
254.1100006103516,254.1100006103516,101752900,20230802,TSLA,261.07000732421875,254.1100006103516,0,0.18654568806770175,0.25114871737593064,0.09552367301963118,0.09038704015016583,0.030854187103123137,0.10260707537342802,0.15610165684208901,0.08683196206793019,-0.3382,0.8314,0.41519000000000006
259.32000732421875,259.32000732421875,97569100,20230803,TSLA,254.1100006103516,259.32000732421875,1,0.028904556895459118,0.17310367298247747,0.1160381854378027,0.028903736757284602,0.08950062921791467,0.1751834876709213,0.20077966712481252,0.18758606391332738,-0.7096,0.9285,0.11229090909090908
253.8600006103516,253.8600006103516,99539900,20230804,TSLA,259.32000732421875,253.8600006103516,0,0.031492114829024,0.3618730855682982,0.0457786284797357,0.13898613033065388,0.07648957181287755,0.08150508816624458,0.12596466483754498,0.1379107159756208,-0.9287,0.7269,0.10979000000000001
251.4499969482422,251.4499969482422,111097900,20230807,TSLA,253.8600006103516,251.4499969482422,0,0.03626271241862734,0.16601478845844256,0.09406734034770943,0.08105614764532684,0.1468098845256572,0.166003573087756,0.21083426040789358,0.09895129310858673,-0.5137,0.8953,0.22335714285714284
249.6999969482422,249.6999969482422,96642200,20230808,TSLA,251.4499969482422,249.6999969482422,0,0.10692825700658205,0.4532485756889288,0.03117478401760788,0.06149054138277146,0.046328450737080404,0.131566205575556,0.12734712793021086,0.04191605766126217,-0.9081,0.9137,0.07009090909090908
242.19000244140625,242.19000244140625,101596300,20230809,TSLA,249.6999969482422,242.19000244140625,0,0.13929436465543907,0.23059954115837222,0.089484167917877,0.17579317360212784,0.10930413415387262,0.04113802769715794,0.04811211484917532,0.16627447596597777,-0.6908,0.5709,-0.11334545454545455
245.33999633789065,245.33999633789065,109498600,20230810,TSLA,242.19000244140625,245.33999633789065,1,0.022248437787060968,0.5111206078189122,0.08757638527011143,0.022236186705143633,0.07777754354260433,0.07859154671799373,0.17821851363726493,0.022230778520908368,-0.4003,0.807,0.3517666666666666
242.6499938964844,242.6499938964844,99038600,20230811,TSLA,245.33999633789065,242.6499938964844,0,0.11320150484656581,0.19846362732004047,0.1095885817237329,0.07060557784523358,0.08983912587593364,0.06428304686997684,0.20542876507220026,0.14858977044631613,-0.8122,0.836,0.14434347826086957
239.75999450683597,239.75999450683597,98595300,20230814,TSLA,242.6499938964844,239.75999450683597,0,0.15154055846080117,0.10444750531985267,0.11562357352372728,0.1521727229691529,0.1365570106379353,0.10293851894127867,0.12087243896011755,0.11584767118713424,-0.5848,0.4738,-0.09773749999999998
232.9600067138672,232.9600067138672,88197600,20230815,TSLA,239.75999450683597,232.9600067138672,0,0.18520860463622213,0.03524164473224882,0.13521406841216255,0.16020348740818122,0.0352182691570122,0.08519540045909155,0.15434130339215618,0.209377221802925,-0.7003,0.7964,-0.09834000000000002
225.6000061035156,225.6000061035156,112484500,20230816,TSLA,232.9600067138672,225.6000061035156,0,0.08290558362160473,0.23583782823303023,0.0881632852341302,0.0269263713861758,0.18713065877915014,0.2189172810940556,0.04141048458945743,0.11870850706239555,-0.4005,0.7906,0.22687500000000002
219.22000122070312,219.22000122070312,120718400,20230817,TSLA,225.6000061035156,219.22000122070312,0,0.1153336643755143,0.16860327778722914,0.1353332373499136,0.1226249499800618,0.07335378905411911,0.12035249938217084,0.15085114619525647,0.11354743587573446,-0.8271,0.6369,-0.10413846153846153
215.4900054931641,215.4900054931641,136276600,20230818,TSLA,219.22000122070312,215.4900054931641,0,0.07144678293415309,0.25104283109369885,0.17467919569892643,0.05581521379488047,0.1044192094870671,0.10342509877164029,0.1398892116345944,0.09928245658503901,-0.7814,0.5859,-0.03974285714285714
231.27999877929688,231.27999877929688,135702700,20230821,TSLA,215.4900054931641,231.27999877929688,1,0.0700626543839009,0.38577281407596115,0.10283809970024597,0.059755985939233,0.061677461566990985,0.0756894482408113,0.12361328894022958,0.12059024715262681,-0.2023,0.6989,0.14762999999999998
233.19000244140625,233.19000244140625,130442800,20230822,TSLA,231.27999877929688,233.19000244140625,1,0.15715343448074753,0.14879532707012122,0.14847203102895057,0.13202232963408467,0.06839141223832504,0.03137052806621655,0.0516816413993322,0.2621132960822219,-0.4588,0.6588,0.09101111111111111
236.8600006103516,236.8600006103516,101077600,20230823,TSLA,233.19000244140625,236.8600006103516,1,0.15039400122897892,0.1723293723280413,0.10291434323386563,0.11126632830994115,0.08654420851110597,0.10202792426677033,0.16641383703952212,0.1081099850817743,-0.3612,0.8519,0.3028888888888889
230.0399932861328,230.0399932861328,99777400,20230824,TSLA,236.8600006103516,230.0399932861328,0,0.112844964641053,0.02954355223414395,0.02952785524554075,0.0295150173507839,0.2100221839273096,0.0295212417056693,0.3628145749070903,0.19621060998840895,0.0,0.184,0.084025
238.58999633789065,238.58999633789065,106612200,20230825,TSLA,230.0399932861328,238.58999633789065,1,0.059936807476535556,0.2144422863847993,0.09543984408975373,0.18036971399225732,0.1486958997052394,0.06906187639281616,0.12983095254917842,0.10222261940941982,-0.7263,0.8617,0.03569
238.82000732421875,238.82000732421875,107673700,20230828,TSLA,238.58999633789065,238.82000732421875,1,0.018058420304600475,0.0180598847477898,0.16837236174455966,0.018056269876271652,0.2180236844054567,0.1344386834316456,0.35138789759120326,0.07360279789847252,-0.68,0.7605,0.16584999999999997
257.17999267578125,257.17999267578125,134047600,20230829,TSLA,238.82000732421875,257.17999267578125,1,0.07295796382715643,0.21599703306586038,0.25702920781473665,0.07803811346173511,0.12122360143826878,0.07295670616922688,0.15048403406479482,0.03131334015822066,-0.25,0.7845,0.12298333333333333
256.8999938964844,256.8999938964844,121988400,20230830,TSLA,257.17999267578125,256.8999938964844,0,0.08048041862879922,0.188955846941282,0.353586961869156,0.023614503065756465,0.023612270225494933,0.07916224170543604,0.2269747778729562,0.023612979691118866,-0.3818,0.6249,0.23993333333333333
258.0799865722656,258.0799865722656,108861700,20230831,TSLA,256.8999938964844,258.0799865722656,1,0.045848136479348364,0.14141687126920924,0.09447012272899562,0.11713479217745075,0.17070021134743443,0.03832792567965963,0.10605757322332524,0.2860443670945764,-0.8627,0.8462,0.16291923076923076
245.00999450683597,245.00999450683597,132541600,20230901,TSLA,258.0799865722656,245.00999450683597,0,0.030509774515656223,0.3077141845997693,0.1027202612506747,0.10455450273488387,0.19870737294130267,0.07811519738568723,0.1471641616417823,0.03051454493024342,0.0,0.9324,0.6117
256.489990234375,256.489990234375,129469600,20230905,TSLA,245.00999450683597,256.489990234375,1,0.08425641396095672,0.3972926701087422,0.03065713973913118,0.030662887890965163,0.03067196582884222,0.03066095714400362,0.0306821389483223,0.3651158263790363,-0.3818,0.7684,0.23118
251.9199981689453,251.9199981689453,116959800,20230906,TSLA,256.489990234375,251.9199981689453,0,0.10232276172601802,0.24782970237591792,0.11233224480817834,0.075091975475485,0.06708589441507974,0.12816160585407202,0.11729227861796822,0.1498835367272804,-0.7052,0.8203,0.20296250000000002
251.4900054931641,251.4900054931641,115312900,20230907,TSLA,251.9199981689453,251.4900054931641,0,0.05935827856653666,0.2275188991611123,0.08687982456195034,0.13133428887759477,0.14414602953433892,0.1115384248844341,0.11552269656812596,0.12370155784590663,-0.8225,0.8925,-0.013643478260869568
248.5,248.5,118367700,20230908,TSLA,251.4900054931641,248.5,0,0.05748098639961963,0.19912139302981638,0.09870469922951942,0.3179987661966856,0.12913198799122963,0.07062767410213686,0.06706483320554059,0.05986965984545164,-0.8172,0.765,-0.15705333333333332
273.5799865722656,273.5799865722656,174667900,20230911,TSLA,248.5,273.5799865722656,1,0.08224588015300338,0.1114083959083017,0.25423068137791194,0.11540590603003897,0.05719412280855014,0.19150149823729007,0.02594338535520936,0.16207013012969412,-0.8176,0.872,-0.07161249999999998
267.4800109863281,267.4800109863281,135999900,20230912,TSLA,273.5799865722656,267.4800109863281,0,0.2812147234854307,0.2812542123345949,0.0312500031213782,0.0312500027916188,0.28119406126232,0.0312867866605503,0.0312500029932109,0.0313002073508958,0.4767,0.4767,0.4767
271.29998779296875,271.29998779296875,111673700,20230913,TSLA,267.4800109863281,271.29998779296875,1,0.07171962617101904,0.02875666243689176,0.07382762223946752,0.05414623779662682,0.15205730157355318,0.2453974571349063,0.2453694406823878,0.12872565196514732,0.0,0.807,0.45308000000000004
276.0400085449219,276.0400085449219,107709800,20230914,TSLA,271.29998779296875,276.0400085449219,1,0.06478214939667791,0.37987148961770134,0.06264004569209114,0.06588631744869075,0.1102182267746128,0.08953030129383194,0.09324872101585178,0.13382274876054212,0.0,0.9642,0.34343636363636365
274.3900146484375,274.3900146484375,133692300,20230915,TSLA,276.0400085449219,274.3900146484375,0,0.0625000019627975,0.0625000015204194,0.0625000018565406,0.0625000016572222,0.0625000020830817,0.0625000017230935,0.0625148788501937,0.562485110346651,0.1531,0.1531,0.1531
265.2799987792969,265.2799987792969,101543300,20230918,TSLA,274.3900146484375,265.2799987792969,0,0.028756116410927457,0.2387457088059266,0.14870471786834255,0.02875955232854528,0.11229534077020875,0.28519980698134967,0.028767436592077516,0.12877132024262186,-0.2732,0.5106,0.14282
262.5899963378906,262.5899963378906,122514600,20230920,TSLA,266.5,262.5899963378906,0,0.11319279212912789,0.26737835066233184,0.04652395572323646,0.08388152819583411,0.12360826129629897,0.1489871630391789,0.12991047718315016,0.08651747177084133,-0.6249,0.7878,0.1406
255.6999969482422,255.6999969482422,119951500,20230921,TSLA,262.5899963378906,255.6999969482422,0,0.06544266515410285,0.17341717326433748,0.06519945716701722,0.13632488296697068,0.06685654703913863,0.19538417105799127,0.11393946799330332,0.1834356353571382,-0.6915,0.7906,0.03609473684210527
244.8800048828125,244.8800048828125,127524100,20230922,TSLA,255.6999969482422,244.8800048828125,0,0.1449767512833973,0.20566392545169382,0.13017797853762922,0.11300300451296846,0.06746143861115911,0.11401501669647213,0.14881778308172716,0.07588410182495252,-0.7722,0.8201,0.11093333333333333
246.9900054931641,246.9900054931641,104636600,20230925,TSLA,244.8800048828125,246.9900054931641,1,0.09096836356646863,0.036174595752722596,0.21466542875304903,0.16117277046462306,0.17305219295186455,0.23377470968820274,0.03616135768768939,0.054030581135379604,0.0,0.6369,0.32535714285714284
244.1199951171875,244.1199951171875,101993600,20230926,TSLA,246.9900054931641,244.1199951171875,0,0.12253517383862274,0.1739852468458299,0.10828781420331948,0.23486819844861,0.05236048720115555,0.03540697709073135,0.11904241182803336,0.1535136905436973,-0.8043,0.8302,-0.08234000000000001
240.5,240.5,136597200,20230927,TSLA,244.1199951171875,240.5,0,0.07212876038172862,0.17924497385444166,0.04159208351747983,0.3654461058455031,0.16137094530186716,0.07212579239660812,0.04484159692215824,0.06324974178021288,-0.3182,0.4207,0.09701428571428572
246.3800048828125,246.3800048828125,117058900,20230928,TSLA,240.5,246.3800048828125,1,0.11581989864258108,0.21576532132370155,0.1287141784682973,0.21612374436019804,0.05707978967244906,0.042613614369278664,0.13743411101134645,0.0864493421521475,-0.7717,0.7906,-0.05297058823529414
250.22000122070312,250.22000122070312,128522700,20230929,TSLA,246.3800048828125,250.22000122070312,1,0.08322278336796264,0.18139649653840068,0.09758020444341312,0.2022010685324104,0.10442435415979318,0.08357675909708104,0.10229066366660503,0.14530767019433363,-0.8172,0.8858,0.18076666666666666
251.6000061035156,251.6000061035156,123810400,20231002,TSLA,250.22000122070312,251.6000061035156,1,0.051727238217262515,0.14577134238110975,0.03180550000525776,0.19071085884541564,0.1523440218121732,0.031816787022409046,0.21494450639646726,0.1808797453199045,-0.4404,0.8555,0.1531357142857143
246.52999877929688,246.52999877929688,101985300,20231003,TSLA,251.6000061035156,246.52999877929688,0,0.12947386849644282,0.18320358239958984,0.17847417466782883,0.052959457011350464,0.11892491827566179,0.10530777801227441,0.10661737558798975,0.1250388455488618,-0.9246,0.8779,0.13050434782608694
261.1600036621094,261.1600036621094,129721600,20231004,TSLA,246.52999877929688,261.1600036621094,1,0.07458672624430528,0.1983967462415246,0.09839737026389017,0.029393604766636085,0.10321784013151179,0.12936233580110448,0.13240139958693686,0.2342439769640904,0.0,0.8221,0.5312
260.04998779296875,260.04998779296875,119159200,20231005,TSLA,261.1600036621094,260.04998779296875,0,0.08768863043691709,0.16123996737820606,0.1925680774616482,0.11138756374121568,0.12936402831279223,0.0868632244023305,0.08767826122490584,0.143210247041984,-0.5983,0.5719,-0.042800000000000026
260.5299987792969,260.5299987792969,118121800,20231006,TSLA,260.04998779296875,260.5299987792969,1,0.07446638837309914,0.20514978625424274,0.07189986883751241,0.13981795700720828,0.1066894143779001,0.16779565519999193,0.08349680407909223,0.15068412587095284,-0.7177,0.6114,0.05164615384615385
259.6700134277344,259.6700134277344,101377900,20231009,TSLA,260.5299987792969,259.6700134277344,0,0.032212199425361555,0.3747359016558393,0.0322024320809555,0.10905443648141405,0.07981957205656669,0.23857664453300467,0.032202188278969,0.10119662548788888,-0.9246,0.4588,-0.26394999999999996
263.6199951171875,263.6199951171875,122656000,20231010,TSLA,259.6700134277344,263.6199951171875,1,0.17264390525893483,0.22672967800734303,0.09692230480155908,0.08860211335305275,0.08027107695925366,0.13339152336644317,0.17117256410029047,0.030266834153122656,-0.5994,0.5859,-0.052550000000000006
262.989990234375,262.989990234375,103706300,20231011,TSLA,263.6199951171875,262.989990234375,0,0.06453839014824911,0.20107312801677807,0.08386968484805254,0.3455779314162614,0.090173306640357,0.08208152604895241,0.05133667884237825,0.08134935403897085,-0.7783,0.9161,0.14440000000000003
258.8699951171875,258.8699951171875,111508100,20231012,TSLA,262.989990234375,258.8699951171875,0,0.05176256641257979,0.1010670036124732,0.1943865988572994,0.12265417231332003,0.06880846816018717,0.22257369866486193,0.17100671277682614,0.06774077920245211,-0.8622,0.6369,-0.022749999999999992
251.1199951171875,251.1199951171875,102073800,20231013,TSLA,258.8699951171875,251.1199951171875,0,0.13133824490010448,0.2289924493863862,0.08849647515941385,0.10575002325102723,0.2088188733510537,0.05996188641828802,0.11706398833763103,0.05957805919609518,-0.807,0.784,-0.03880000000000001
253.9199981689453,253.9199981689453,88917200,20231016,TSLA,251.1199951171875,253.9199981689453,1,0.2110173373517854,0.4135277686850725,0.0208983968460697,0.2712209316762904,0.0208333354362175,0.0208333774632453,0.0208333351299054,0.0208355174114133,-0.3595,-0.3595,-0.3595
254.8500061035156,254.8500061035156,93562900,20231017,TSLA,253.9199981689453,254.8500061035156,1,0.03386137522874557,0.2283104006092234,0.1815760411115124,0.1171880150580848,0.20317444141921023,0.033872408879226636,0.16815333619800446,0.033863981495992165,-0.9042,0.4588,-0.18389999999999998
242.67999267578125,242.67999267578125,125147800,20231018,TSLA,254.8500061035156,242.67999267578125,0,0.1398581911334124,0.15192227425197682,0.09463020679463108,0.023229846097640314,0.10893965095780625,0.023206153529554872,0.2302537150289335,0.2279599622060445,-0.8957,0.631,-0.13847142857142858
220.1100006103516,220.1100006103516,170772700,20231019,TSLA,242.67999267578125,220.1100006103516,0,0.027350106754479575,0.10026259732305336,0.36064872017179894,0.12108323261502216,0.02735005781554215,0.0273469547850461,0.14192621115903786,0.19403211937601947,-0.9098,0.0,-0.346625
211.9900054931641,211.9900054931641,138010100,20231020,TSLA,220.1100006103516,211.9900054931641,0,0.06326228612230371,0.20368360874592817,0.10142342892688719,0.140348468920784,0.06571202795527159,0.10017088345317289,0.06106501216549678,0.2643342837101554,-0.7351,0.8473,-0.02272666666666667
212.0800018310547,212.0800018310547,150683400,20231023,TSLA,211.9900054931641,212.0800018310547,1,0.12507200693233697,0.1773399662166463,0.02510713233816112,0.06490847565196725,0.1864149805471702,0.02513909221656318,0.02510365772513164,0.3709146883720231,-0.4939,0.6369,0.02802
216.5200042724609,216.5200042724609,118231100,20231024,TSLA,212.0800018310547,216.5200042724609,1,0.0416666676734257,0.0416666674438657,0.0416666676091804,0.041666667514752,0.7083333271234007,0.0416666675541072,0.0416666675798995,0.0416666675013683,0.6124,0.6124,0.6124
205.75999450683597,205.75999450683597,115112600,20231026,TSLA,212.4199981689453,205.75999450683597,0,0.3749966730888546,0.0417262197657921,0.0416666688418682,0.374943763109144,0.0416666691269349,0.0416666687104219,0.0416666687642985,0.0416666685926855,-0.2023,-0.2023,-0.2023
207.3000030517578,207.3000030517578,94881200,20231027,TSLA,205.75999450683597,207.3000030517578,1,0.10367501558749469,0.2386898879234499,0.04812416265757099,0.1789236198844364,0.1314315567852624,0.04811507998853912,0.07194180584665584,0.1790988713265903,-0.5994,0.7184,0.19684999999999997
197.3600006103516,197.3600006103516,136448200,20231030,TSLA,207.3000030517578,197.3600006103516,0,0.14003757078032888,0.17188936004955685,0.08856064718546333,0.1620376329267883,0.32182206812144937,0.03854446244033854,0.038541688779758956,0.03856656971631546,-0.7897,0.7906,-0.29052
200.83999633789065,200.83999633789065,118068300,20231031,TSLA,197.3600006103516,200.83999633789065,1,0.09102470577959326,0.14937152068605422,0.10301699597003072,0.12662660165428336,0.06742885047650292,0.19284601027803075,0.09977038818738607,0.16991492696811838,-0.7845,0.7485,0.07739411764705884
205.66000366210935,205.66000366210935,121661700,20231101,TSLA,200.83999633789065,205.66000366210935,1,0.18266210622881582,0.12492593240944404,0.14830205877778133,0.19856990181358683,0.22074160578660287,0.055493787337292426,0.03464911639039883,0.034655491256077565,-0.3384,0.7579,0.09331666666666666
218.50999450683597,218.50999450683597,125987600,20231102,TSLA,205.66000366210935,218.50999450683597,1,0.06702873436659221,0.18969518466581797,0.025919882194683847,0.05325778756459008,0.21184282790248446,0.10483526986853382,0.15567503532915888,0.1917452781081385,-0.5983,0.9286,-0.026742857142857155
219.9600067138672,219.9600067138672,119534800,20231103,TSLA,218.50999450683597,219.9600067138672,1,0.07663757414935525,0.16590971680729716,0.11152230287337017,0.1353545395738069,0.04092262127454717,0.04092262089648972,0.26279280079557493,0.16593782362955856,0.8005,0.9299,0.857175
219.2700042724609,219.2700042724609,117335800,20231106,TSLA,219.9600067138672,219.2700042724609,0,0.15223272087986145,0.2494913086670175,0.09850405997281149,0.030750899881925378,0.08424752408317622,0.0932459382235513,0.07128530544861097,0.22024224284304536,-0.9403,0.8126,0.0464125
222.17999267578125,222.17999267578125,116900100,20231107,TSLA,219.2700042724609,222.17999267578125,1,0.027614761458391587,0.11511392497977836,0.058849702651019534,0.08439633718392557,0.07307574527503563,0.1913014819966579,0.1434336128895148,0.30621443356567624,-0.2263,0.7876,0.2841125
222.1100006103516,222.1100006103516,106584800,20231108,TSLA,222.17999267578125,222.1100006103516,0,0.07805957438836143,0.11937122646567669,0.0706816876874527,0.24455858812694392,0.08009139566448448,0.18675980940066636,0.19201386934584164,0.02846384892057247,-0.872,0.9606,0.22416363636363634
209.97999572753903,209.97999572753903,142110500,20231109,TSLA,222.1100006103516,209.97999572753903,0,0.125,0.125,0.125,0.125,0.125,0.125,0.125,0.125,0.2023,0.2023,0.2023
214.6499938964844,214.6499938964844,130994000,20231110,TSLA,209.97999572753903,214.6499938964844,1,0.07240164588818747,0.4255138559896962,0.08250788162505622,0.0716837977120953,0.12063292273120034,0.06862210881191601,0.026961214724825017,0.13167657251702314,-0.83,0.8065,0.10759999999999999
237.41000366210935,237.41000366210935,149771600,20231114,TSLA,223.7100067138672,237.41000366210935,1,0.02674149446585325,0.20368519251919714,0.11467148218294243,0.16560081625628748,0.1824583795538619,0.02674607031569795,0.21183472072493503,0.06826184398122444,-0.2942,0.9032,0.29188333333333333
242.83999633789065,242.83999633789065,150354000,20231115,TSLA,237.41000366210935,242.83999633789065,1,0.06200436181433553,0.5681974055792828,0.03422788963842733,0.08979006973275527,0.05974528585401601,0.0342329937565629,0.1175568327026496,0.0342451609219702,-0.9628,0.9538,-0.2828333333333333
233.58999633789065,233.58999633789065,136816800,20231116,TSLA,242.83999633789065,233.58999633789065,0,0.1597218172866485,0.048641376636451635,0.0486133859496411,0.0486173041138081,0.2152777716359359,0.15972262733334014,0.048611113560964,0.2707946034832105,-0.8402,0.0,-0.5075666666666666
235.6000061035156,235.6000061035156,116320100,20231120,TSLA,234.3000030517578,235.6000061035156,1,0.07170733626207125,0.27049126372208365,0.11359588070062374,0.03426016564988684,0.14252243748754365,0.1172341163165237,0.10955655400044609,0.14063224586082082,-0.6486,0.5859,0.05809285714285715
241.1999969482422,241.1999969482422,122288000,20231121,TSLA,235.6000061035156,241.1999969482422,1,0.22600836800357818,0.24452683443292747,0.04860814151043819,0.12866605683749346,0.0631953906228896,0.08087747572639993,0.09879078553150646,0.10932694733476633,-0.8601,0.9153,0.010843749999999985
234.2100067138672,234.2100067138672,117950600,20231122,TSLA,241.1999969482422,234.2100067138672,0,0.0726026252810399,0.33417012940011487,0.14166384231194826,0.11526201230224502,0.024982487913849133,0.024980131044933518,0.12658381643640854,0.15975495530946052,-0.9186,0.8621,0.005324999999999992
235.4499969482422,235.4499969482422,65125200,20231124,TSLA,234.2100067138672,235.4499969482422,1,0.0817148286468684,0.11574357157056173,0.12868117756449282,0.09445805338468885,0.15413609975372472,0.1746011711892716,0.1155382214011481,0.13512687648924346,-0.891,0.8711,0.02691111111111111
236.0800018310547,236.0800018310547,112031800,20231127,TSLA,235.4499969482422,236.0800018310547,1,0.5469279601026317,0.13146418033246624,0.1987430615787119,0.024559271573374397,0.024587700823759148,0.0245845954500744,0.024565888919926,0.024567341219055946,0.0,0.0,0.0
246.72000122070312,246.72000122070312,148549900,20231128,TSLA,236.0800018310547,246.72000122070312,1,0.11676806949818065,0.19626582564496256,0.06792764010303155,0.03344365276400964,0.15563979158633112,0.03344409180024743,0.17047769804612348,0.22603323055711322,-0.7964,0.7876,0.3212
240.0800018310547,240.0800018310547,132353200,20231130,TSLA,244.13999938964844,240.0800018310547,0,0.23263548089999914,0.04757284292763544,0.16360846069668533,0.1296716587194751,0.10581672475539931,0.04758074450701909,0.22553962641346562,0.04757446108032072,0.0,0.8356,0.2552
238.8300018310547,238.8300018310547,121331700,20231201,TSLA,240.0800018310547,238.8300018310547,0,0.028964972316859117,0.19999959251594912,0.09561764908163144,0.12894337394681035,0.13561935178528048,0.1289757438988997,0.25290916821876264,0.028970148235806757,-0.4019,0.0108,-0.15011999999999998
235.5800018310547,235.5800018310547,104099800,20231204,TSLA,238.8300018310547,235.5800018310547,0,0.07947037961718018,0.26051728197361634,0.17035569656979135,0.08339478482184949,0.07132870056813288,0.13883341828645912,0.07430258259394634,0.12179715556902396,-0.8689,0.9359,0.06062727272727273
238.72000122070312,238.72000122070312,137971100,20231205,TSLA,235.5800018310547,238.72000122070312,1,0.14588117743295484,0.11306871158917453,0.056825893419234955,0.16458277453636294,0.24115531419560782,0.02557296132548087,0.1349437814561759,0.11796938604500781,-0.6005,0.9431,0.1821375
239.3699951171875,239.3699951171875,126436200,20231206,TSLA,238.72000122070312,239.3699951171875,1,0.17362609796600198,0.1622810512494391,0.11306827801054421,0.11004971610152156,0.08277610410224766,0.12823974594522888,0.06278642620299607,0.16717258042202032,-0.6858,0.4019,-0.0957909090909091
242.63999938964844,242.63999938964844,107142300,20231207,TSLA,239.3699951171875,242.63999938964844,1,0.1250370063106774,0.23594196899942801,0.062473755588141486,0.17826894186630657,0.1258832008154741,0.07113143606397494,0.0983690913620302,0.10289459899396693,-0.8034,0.837,0.13697142857142858
243.83999633789065,243.83999633789065,103126800,20231208,TSLA,242.63999938964844,243.83999633789065,1,0.11431290797417126,0.1940381455740784,0.12897101383213955,0.123908137185276,0.10980113706054742,0.049469970605830374,0.18209764039965204,0.09740104736830467,-0.9493,0.9081,-0.0776952380952381
239.7400054931641,239.7400054931641,97913900,20231211,TSLA,243.83999633789065,239.7400054931641,0,0.10466121514421187,0.28743157208570014,0.04698655838047337,0.11363668096427297,0.0982315499102915,0.08543054426395918,0.09825790095311364,0.1653639782979771,-0.8074,0.7964,0.006907692307692303
237.00999450683597,237.00999450683597,95328300,20231212,TSLA,239.7400054931641,237.00999450683597,0,0.052563139639530486,0.21786781432649033,0.09256300025969776,0.1989090400557062,0.11088728708830724,0.07946694397854512,0.07369157900846283,0.17405119564325972,-0.4574,0.9041,0.38938
239.2899932861328,239.2899932861328,146286300,20231213,TSLA,237.00999450683597,239.2899932861328,1,0.043059216152920264,0.10974036324629803,0.3208104464007375,0.043081256943986436,0.043060776095627536,0.04312505349857357,0.35405890712273996,0.04306398053911634,-0.7839,0.5106,-0.0911
251.0500030517578,251.0500030517578,160829200,20231214,TSLA,239.2899932861328,251.0500030517578,1,0.025697904824203168,0.10901977381987477,0.08124904774917663,0.025700178609386334,0.541498809963328,0.025702959667814065,0.16540245442293142,0.025728870943285336,0.1531,0.7717,0.40693333333333337
253.5,253.5,135932800,20231215,TSLA,251.0500030517578,253.5,1,0.09223287777538122,0.1959527764018744,0.09905956742621358,0.1470353784382938,0.1549432420512788,0.10284841961697584,0.0611876217607785,0.14674011652920352,-0.6841,0.4402,0.0335090909090909
252.0800018310547,252.0800018310547,116416500,20231218,TSLA,253.5,252.0800018310547,0,0.10266822087669489,0.2051846341454734,0.1023869935403935,0.0285969170414823,0.2657362243363313,0.050810301066383234,0.05161226642485508,0.193004442568386,-0.8074,0.8658,-0.04497777777777777
257.2200012207031,257.2200012207031,106737400,20231219,TSLA,252.0800018310547,257.2200012207031,1,0.11184020917882742,0.2808747753276316,0.13680428009654258,0.17324119295420778,0.13680799950416245,0.025702574272399335,0.10903181368994959,0.025697154976278964,0.0,0.7184,0.3598666666666667
247.13999938964844,247.13999938964844,125097000,20231220,TSLA,257.2200012207031,247.13999938964844,0,0.20208822131864404,0.07111323609129358,0.18063961676172355,0.0306560642191884,0.23062573773324235,0.07643635741669558,0.030660855846609703,0.17777991061260243,-0.6808,0.5106,-0.11811999999999998
254.5,254.5,109594200,20231221,TSLA,247.13999938964844,254.5,1,0.06412257229090947,0.2914446735189488,0.027608054109677715,0.22396227555584813,0.08872273815959374,0.12439259490192672,0.10755352016344798,0.07219357129964703,-0.5574,0.3182,-0.14436666666666667
252.5399932861328,252.5399932861328,93370100,20231222,TSLA,254.5,252.5399932861328,0,0.14926545628594481,0.1975084911030195,0.1189659949713841,0.0487507427655792,0.13937697580833094,0.1124716944313186,0.20559935911540564,0.028061285519016866,-0.9169,0.7845,-0.06001818181818183
256.6099853515625,256.6099853515625,86892400,20231226,TSLA,252.5399932861328,256.6099853515625,1,0.10581018244166022,0.1477328332737322,0.12110670869937787,0.0726298990398276,0.10428321074798383,0.09152081927644994,0.1846375977082376,0.17227874881273042,-0.3647,0.9065,0.11285714285714285
261.44000244140625,261.44000244140625,106494400,20231227,TSLA,256.6099853515625,261.44000244140625,1,0.10924929804169495,0.13646941457387085,0.069792043114571,0.0697940740703436,0.24477212880690374,0.2277861947177798,0.03645833431165154,0.10567851236318423,-0.4767,0.6114,0.02694000000000001
253.17999267578125,253.17999267578125,113619900,20231228,TSLA,261.44000244140625,253.17999267578125,0,0.03051383397566415,0.19716814444711672,0.39128314905474093,0.11958815565171599,0.030507204720495677,0.0305141574611026,0.12565564348884076,0.07476971120032269,-0.4767,0.8225,0.37785
248.47999572753903,248.47999572753903,100891600,20231229,TSLA,253.17999267578125,248.47999572753903,0,0.08276918642741014,0.06909735803214025,0.12329581038060915,0.17158585518741673,0.1379683294984867,0.22002651986587696,0.1138182211230611,0.0814387194849987,-0.5676,0.8908,0.26139444444444443
248.4199981689453,248.4199981689453,104654200,20240102,TSLA,248.47999572753903,248.4199981689453,0,0.0838981476886492,0.16439391184648627,0.11277189852408832,0.10376574788176908,0.14571245460105042,0.2400242147987442,0.0908314522255337,0.0586021724336784,-0.0772,0.9403,0.48625
238.4499969482422,238.4499969482422,121082600,20240103,TSLA,248.4199981689453,238.4499969482422,0,0.03777614327208839,0.30944773901350797,0.05937302186514059,0.12331713554617464,0.19058098706461019,0.13968681611056724,0.07721524033789602,0.06260291679001467,-0.8622,0.7954,-0.06889411764705881
237.92999267578125,237.92999267578125,102629300,20240104,TSLA,238.4499969482422,237.92999267578125,0,0.10259782485972979,0.1740987176464284,0.10162034465601452,0.24373843256355734,0.13261551371649213,0.0891059144313266,0.06242061685323095,0.09380263527321993,-0.8919,0.8313,0.04371500000000001
237.4900054931641,237.4900054931641,92488900,20240105,TSLA,237.92999267578125,237.4900054931641,0,0.03716518097637026,0.31492808448084214,0.03715354114652302,0.03716360823925464,0.13008985460636624,0.17754561013081796,0.07881934354859034,0.18713477687123511,-0.6486,0.5994,0.05273333333333335
240.4499969482422,240.4499969482422,85166600,20240108,TSLA,237.4900054931641,240.4499969482422,1,0.0832761680463269,0.16376582966953812,0.14547610119839963,0.2942588635094026,0.05284508249050649,0.08379213425358285,0.02903839239463493,0.14754742843760812,-0.891,0.7951,-0.08027142857142855
234.9600067138672,234.9600067138672,96705700,20240109,TSLA,240.4499969482422,234.9600067138672,0,0.12351562913201403,0.21490271351483065,0.0609321231988116,0.2788350701619726,0.11205508887601068,0.05010633264856297,0.09084795307597378,0.06880508939182339,-0.915,0.7959,0.003792105263157892
233.94000244140625,233.94000244140625,91628500,20240110,TSLA,234.9600067138672,233.94000244140625,0,0.03262867483150022,0.14261270873711057,0.10261544227376666,0.3220844817668007,0.04885913709989133,0.08261538824331399,0.06596391220650903,0.20262025484110718,-0.5106,0.4767,-0.01633
227.22000122070312,227.22000122070312,105873600,20240111,TSLA,233.94000244140625,227.22000122070312,0,0.09066917887526114,0.2564624899335123,0.09604913831559182,0.17366643613431726,0.11823559150679656,0.1449187632708078,0.06752750710243888,0.0524708948612739,-0.6597,0.7901,0.07297272727272727
218.88999938964844,218.88999938964844,123043800,20240112,TSLA,227.22000122070312,218.88999938964844,0,0.12533150833047238,0.08532125964796013,0.1954068990960115,0.21967813683289575,0.09828893492722807,0.08279526742926835,0.11402150273636519,0.07915649099979831,-0.4767,0.7579,0.18437222222222222
219.91000366210935,219.91000366210935,115355000,20240116,TSLA,218.88999938964844,219.91000366210935,1,0.027394785290662086,0.22736336313115915,0.1987837352115174,0.055966997329745014,0.05985460760842246,0.17584994185965827,0.14167530724956132,0.11311126231927396,-0.5812,0.5719,0.05787142857142856
211.8800048828125,211.8800048828125,108595400,20240118,TSLA,215.5500030517578,211.8800048828125,0,0.18618926863154023,0.25670947150292994,0.14036840571930984,0.1757910193233795,0.04662644003177752,0.07606138423626398,0.04662444706280961,0.0716295634919891,-0.6588,0.7777,0.11274999999999999
212.19000244140625,212.19000244140625,102260300,20240119,TSLA,211.8800048828125,212.19000244140625,1,0.08818970861597845,0.2322125302865806,0.02130842780184635,0.021349147508161248,0.09073748562952845,0.4105201083078049,0.11434905365137164,0.021333538198728,-0.6486,0.3182,-0.16519999999999999
208.8000030517578,208.8000030517578,117952500,20240122,TSLA,212.19000244140625,208.8000030517578,0,0.0281420820156333,0.2531087590477614,0.02812500107251185,0.0281250009621503,0.02812891230347425,0.02812508061299495,0.2781104971712953,0.3281346668141784,0.0,0.7003,0.35015
209.13999938964844,209.13999938964844,106605900,20240123,TSLA,208.8000030517578,209.13999938964844,1,0.0416666674879068,0.0416666673023981,0.041666667435175,0.0416797200334281,0.7083080490908251,0.0416666673856465,0.0416666674069564,0.0416788938576638,-0.8074,-0.8074,-0.8074
207.8300018310547,207.8300018310547,123369900,20240124,TSLA,209.13999938964844,207.8300018310547,0,0.07252906628087316,0.201810289578244,0.16638031048705815,0.04160437349305612,0.026176584172861228,0.09550998083870957,0.1945471030471639,0.20144229210203352,-0.9485,0.6605,0.007789999999999993
182.6300048828125,182.6300048828125,198076800,20240125,TSLA,207.8300018310547,182.6300048828125,0,0.02700031621203765,0.19905140059904963,0.07325124498071175,0.2560617601331093,0.09269932211931774,0.026982973397766535,0.1890232928550612,0.1359296897029459,-0.7678,0.7906,0.026299999999999983
183.25,183.25,107343200,20240126,TSLA,182.6300048828125,183.25,1,0.024437172153460283,0.22931515157538743,0.0676789292993065,0.07584551302220637,0.024429189721554983,0.32097224880427844,0.1293496240271777,0.127972171396628,-0.296,0.4588,0.1678333333333333
190.92999267578125,190.92999267578125,125013100,20240129,TSLA,183.25,190.92999267578125,1,0.08504957382720621,0.1080728463718052,0.11625443233620335,0.03010234470272821,0.28079409876628697,0.1108671203772918,0.030119319886443917,0.23874026373203408,-0.7717,0.7603,-0.005276923076923077
191.58999633789065,191.58999633789065,109982300,20240130,TSLA,190.92999267578125,191.58999633789065,1,0.050539740158902224,0.15695160534055475,0.06445841841577085,0.29927939009097876,0.07675080518453224,0.11690666215286839,0.1404710486032984,0.09464233005309407,-0.8439,0.9194,-0.035856250000000006
187.2899932861328,187.2899932861328,103221400,20240131,TSLA,191.58999633789065,187.2899932861328,0,0.08721221820222509,0.15247386828627982,0.08303108642689597,0.2637593405493743,0.02745675533819218,0.1890231924876481,0.0951224720551675,0.1019210666542168,-0.3612,0.7184,0.22702222222222224
188.8600006103516,188.8600006103516,91843300,20240201,TSLA,187.2899932861328,188.8600006103516,1,0.126123206894365,0.21816672159222028,0.12774552058871186,0.17086774814985992,0.08040196647489421,0.026630777245685442,0.059592012493859155,0.19047204656040387,-0.7351,0.7506,0.034935714285714285
187.91000366210935,187.91000366210935,110612700,20240202,TSLA,188.8600006103516,187.91000366210935,0,0.0898501784028934,0.2265856899297255,0.08341281280559967,0.11905757404567378,0.17315782832927995,0.16489265411250198,0.09287453479192972,0.050168727582395684,-0.8834,0.7184,-0.04926666666666667
181.05999755859372,181.05999755859372,134294400,20240205,TSLA,187.91000366210935,181.05999755859372,0,0.09792757680181786,0.048858857790235626,0.12103934847205358,0.4343754436768784,0.02504896539971029,0.09796155058706099,0.025045986707661387,0.14974227056458148,-0.8718,0.9213,0.086225
185.1000061035156,185.1000061035156,122676000,20240206,TSLA,181.05999755859372,185.1000061035156,1,0.07139740056520028,0.27638797158495265,0.0959084363557467,0.12360760352045097,0.13189355450315737,0.09886630312100253,0.061526620366029204,0.14041210998346,-0.8439,0.8519,-0.142375
187.5800018310547,187.5800018310547,111535200,20240207,TSLA,185.1000061035156,187.5800018310547,1,0.10104087354835858,0.22627096913621694,0.034378109105293396,0.21864187320116724,0.067707935780415,0.05937919621246206,0.11165613565032188,0.18092490736576464,-0.7757,0.9169,-0.05416
189.55999755859372,189.55999755859372,83034000,20240208,TSLA,187.5800018310547,189.55999755859372,1,0.1011885166617282,0.38685035958724195,0.045858923997698184,0.12117303262718057,0.06655526587875032,0.03451618433696273,0.12834115459265813,0.11551656231777963,-0.7269,0.8187,-0.0023800000000000045
193.57000732421875,193.57000732421875,84476300,20240209,TSLA,189.55999755859372,193.57000732421875,1,0.12753357131298107,0.0594887911879618,0.1277425420916797,0.10491649756550264,0.1891246270674216,0.10947345524171914,0.17678116687174475,0.10493934866098896,-0.6705,0.8268,0.052536363636363645
188.1300048828125,188.1300048828125,95498600,20240212,TSLA,193.57000732421875,188.1300048828125,0,0.08329328713407583,0.22923034539357917,0.03625974681689694,0.13623901704197922,0.11551856099081581,0.03626735092079118,0.14364696879671243,0.21954472290514904,-0.6249,0.5023,-0.05478000000000001
184.0200042724609,184.0200042724609,86759500,20240213,TSLA,188.1300048828125,184.0200042724609,0,0.028683449638539686,0.14059755042062086,0.11794619790267005,0.13661653791290082,0.3189520151594899,0.12449900963978958,0.028677510319075727,0.10402772900691301,-0.7579,0.7958,-0.012780000000000003
188.7100067138672,188.7100067138672,81203000,20240214,TSLA,184.0200042724609,188.7100067138672,1,0.02459331931746335,0.02455556487537735,0.1885178664694291,0.14955039399621,0.024553572887124002,0.02456444367637315,0.362069956306062,0.20159488247196058,-0.4215,0.9501,0.2643
200.4499969482422,200.4499969482422,120831800,20240215,TSLA,188.7100067138672,200.4499969482422,1,0.08934315761806894,0.2398586675308911,0.025264551411405586,0.08876207520593847,0.025267860755691932,0.2523164516837098,0.09850063654494617,0.18068659924934763,-0.6705,0.636,-0.06836666666666666
199.9499969482422,199.9499969482422,111346700,20240216,TSLA,200.4499969482422,199.9499969482422,0,0.24303120787562474,0.23332673935545895,0.023770631769264812,0.18747854460580113,0.07152730328894757,0.04251447606495859,0.11094772207626107,0.08740337496368288,-0.7351,0.8519,0.07200769230769231
193.75999450683597,193.75999450683597,104545800,20240220,TSLA,199.9499969482422,193.75999450683597,0,0.14747759624982268,0.18706160115916326,0.10645629654461886,0.10373775675432495,0.19749271818128106,0.12048276435971865,0.0585456267916578,0.07874563995941246,-0.6557,0.7263,0.17163
194.7700042724609,194.7700042724609,103500300,20240221,TSLA,193.75999450683597,194.7700042724609,1,0.06384024597265586,0.3137344192069956,0.031047234661072474,0.022138390531121974,0.05567042523101955,0.09938192978745092,0.152317281604326,0.2618700730053574,-0.9423,0.7574,-0.007275000000000011
197.41000366210935,197.41000366210935,92739500,20240222,TSLA,194.7700042724609,197.41000366210935,1,0.11105353072936629,0.2291526669506589,0.06371228729029135,0.11408522576898832,0.08231332491165604,0.08963522729183773,0.14154834612084682,0.16849939093635424,-0.7964,0.902,0.03694999999999999
191.97000122070312,191.97000122070312,78841900,20240223,TSLA,197.41000366210935,191.97000122070312,0,0.09880776357566294,0.2631734146121538,0.0804887469854691,0.04329634650697895,0.030466018638534258,0.12990083755974793,0.15933829255121873,0.19452857957023395,-0.9263,0.8591,0.05706153846153846
199.3999938964844,199.3999938964844,111747100,20240226,TSLA,191.97000122070312,199.3999938964844,1,0.13359244533774992,0.10949177544341356,0.05951757071908618,0.16931126251495932,0.14923920037220925,0.12596278503652897,0.15424885158387736,0.09863610899217512,-0.7003,0.7964,0.13493529411764704
199.72999572753903,199.72999572753903,108645400,20240227,TSLA,199.3999938964844,199.72999572753903,1,0.05669400634704948,0.22478126881473445,0.09389334911448793,0.1724413806150825,0.10535005895071231,0.055659312405142734,0.1503122396288593,0.140868384123931,-0.8313,0.7958,-0.12948888888888888
202.0399932861328,202.0399932861328,99806200,20240228,TSLA,199.72999572753903,202.0399932861328,1,0.1794119426548202,0.23770707276387354,0.2072638787629205,0.11725655076241603,0.09334926629293874,0.0536736310053917,0.021954767424384545,0.08938289033325442,-0.7996,0.5574,-0.15007142857142858
201.8800048828125,201.8800048828125,85907000,20240229,TSLA,202.0399932861328,201.8800048828125,0,0.04015716987843512,0.1745218968618194,0.15126981407841927,0.11665055177690402,0.11664791708784393,0.0964749788031844,0.029374709808088904,0.2749029617053047,-0.4728,0.8478,0.2306888888888889
202.63999938964844,202.63999938964844,82243100,20240301,TSLA,201.8800048828125,202.63999938964844,1,0.026860725687590303,0.08234001848763786,0.15127016918044014,0.1879854163944911,0.026797480931809503,0.026789726569798,0.41558214957330303,0.08237431317492963,-0.8316,0.0,-0.2772
188.13999938964844,188.13999938964844,134334900,20240304,TSLA,202.63999938964844,188.13999938964844,0,0.12558831397065742,0.06607615048735951,0.11700620514379832,0.12558603480892727,0.14463788380020368,0.20099909421419396,0.14211614718752769,0.07799017038733179,-0.0258,0.9652,0.3299142857142857
180.7400054931641,180.7400054931641,119660800,20240305,TSLA,188.13999938964844,180.7400054931641,0,0.09580187794001306,0.16390801234183305,0.09558620844791263,0.19822758951792022,0.11381508691767504,0.10940652273306936,0.07409428152799248,0.14916042057358386,-0.892,0.8931,-0.030175675675675678
176.5399932861328,176.5399932861328,107920900,20240306,TSLA,180.7400054931641,176.5399932861328,0,0.11541002475826657,0.13304845380913122,0.07777043525679996,0.3136519470834914,0.051758164695802,0.06579361208625412,0.14934863299348922,0.09321872931676514,-0.6597,0.8016,0.21709473684210528
178.64999389648438,178.64999389648438,102129000,20240307,TSLA,176.5399932861328,178.64999389648438,1,0.09730896752763633,0.2261588793989316,0.1263520450373053,0.14918694594758541,0.12959761040668857,0.07535429955815096,0.08612607988662502,0.10991517223707649,-0.7906,0.8591,0.18885
175.33999633789062,175.33999633789062,85544600,20240308,TSLA,178.64999389648438,175.33999633789062,0,0.07616492503675017,0.15799833215892303,0.14491492247821838,0.16935815266266235,0.08362485100926796,0.12232569965902432,0.13976103433095347,0.10585208266420008,-0.7269,0.8074,0.20239285714285712
177.77000427246094,177.77000427246094,85391500,20240311,TSLA,175.33999633789062,177.77000427246094,1,0.07622913285934181,0.1786220781098894,0.13624642533038894,0.20874530712788947,0.06342134396403079,0.1337291534414797,0.12035236310172383,0.08265419606525573,-0.5719,0.864,0.26443076923076925
177.5399932861328,177.5399932861328,87391700,20240312,TSLA,177.77000427246094,177.5399932861328,0,0.10483312213619296,0.17826091060648383,0.05716636052087954,0.22575202113328457,0.16686967922025472,0.05399430293183471,0.06100772127713345,0.1521158821739359,-0.9142,0.7351,-0.2237714285714286
169.47999572753906,169.47999572753906,106524500,20240313,TSLA,177.5399932861328,169.47999572753906,0,0.19467366168394062,0.16187776351163688,0.08336994445722261,0.10888928944971529,0.11824732608761342,0.12716363104079206,0.11755711439729764,0.08822126937178117,-0.8867,0.7184,-0.12569999999999998
162.5,162.5,126325700,20240314,TSLA,169.47999572753906,162.5,0,0.13734602811848937,0.15247050534573303,0.08090587840534628,0.05934012324632725,0.16295953397220153,0.12597350103188792,0.13566966862867055,0.14533476125134373,-0.6486,0.7424,0.13881176470588236
163.57000732421875,163.57000732421875,97146800,20240315,TSLA,162.5,163.57000732421875,1,0.10647734424946337,0.10142347887430976,0.08176909575084206,0.17592614163492384,0.12273959424391331,0.23163757266578566,0.05866304979166853,0.12136372278909315,-0.8357,0.7814,-0.12460689655172413
173.8000030517578,173.8000030517578,108214400,20240318,TSLA,163.57000732421875,173.8000030517578,1,0.1170904804824174,0.1242104308210015,0.07139259350408647,0.12087689805192459,0.12685798542699928,0.13328256105567146,0.07926517290404261,0.22702387775385638,-0.7269,0.8399,0.04266666666666668
171.32000732421875,171.32000732421875,77271400,20240319,TSLA,173.8000030517578,171.32000732421875,0,0.027267203959923207,0.16545868606353836,0.1105855520552431,0.2762771823148001,0.08201284951469591,0.07723860603625135,0.14724522238527593,0.11391469767027175,-0.5487,0.7626,0.04332666666666666
175.66000366210938,175.66000366210938,83846700,20240320,TSLA,171.32000732421875,175.66000366210938,1,0.05243601085196881,0.23946927605986076,0.09140706301048142,0.15138483015864798,0.09183465463856726,0.039490625071770466,0.23474587416572576,0.09923166604297727,-0.8142,0.5707,-0.1541923076923077
172.82000732421875,172.82000732421875,73178000,20240321,TSLA,175.66000366210938,172.82000732421875,0,0.07055101406434583,0.21444576025768117,0.1035310038192715,0.18440267985574166,0.10825154703838583,0.06542122555926873,0.18590681192272288,0.06748995748258213,-0.8977,0.8979,-0.18417894736842105
170.8300018310547,170.8300018310547,75580600,20240322,TSLA,172.82000732421875,170.8300018310547,0,0.10075544440907036,0.13980863522642836,0.029107902629142497,0.1633489846603338,0.18624711533474728,0.029130187753444947,0.17964126520396761,0.17196046478286478,-0.4588,0.9524,0.17561666666666667
172.6300048828125,172.6300048828125,74228600,20240325,TSLA,170.8300018310547,172.6300048828125,1,0.027877377910476064,0.2606907268608888,0.06953230882754238,0.15931632157605763,0.027889452058818424,0.027876557805084676,0.17946102081359705,0.24735623414753458,-0.5994,0.6888,-0.024300000000000016
177.6699981689453,177.6699981689453,113186200,20240326,TSLA,172.6300048828125,177.6699981689453,1,0.08802812232976802,0.21227073602737012,0.1150246935938582,0.10922566076002237,0.047583319894583864,0.12883639272556177,0.10085968271020805,0.19817139195862732,-0.8481,0.743,0.023612499999999995
179.8300018310547,179.8300018310547,81804000,20240327,TSLA,177.6699981689453,179.8300018310547,1,0.025553226436431015,0.21269623026957876,0.07084043232559495,0.10703747503232691,0.1284686364667053,0.1741380311301717,0.12735400893953538,0.1539119593996556,-0.856,0.7993,0.15280000000000002
175.7899932861328,175.7899932861328,77654800,20240328,TSLA,179.8300018310547,175.7899932861328,0,0.204250968903343,0.2024078283627579,0.0881311127975788,0.15321488126755783,0.08059523697796135,0.06678263775743261,0.08656778969645497,0.11804954423691319,-0.969,0.765,-0.017449999999999993
175.22000122070312,175.22000122070312,81562100,20240401,TSLA,175.7899932861328,175.22000122070312,0,0.03497304693916471,0.273652345315459,0.05282707871972246,0.10805889720969312,0.0826364596621501,0.16591605930116468,0.10640077850037248,0.17553533435227311,-0.2481,0.7003,0.2462857142857143
166.6300048828125,166.6300048828125,116650600,20240402,TSLA,175.22000122070312,166.6300048828125,0,0.1551016561969029,0.2563145010286358,0.08526720406840327,0.2746169166427449,0.12049812275189231,0.02407354441017384,0.02406683050246337,0.06006122439878325,-0.93,0.5667,-0.3130571428571428
168.3800048828125,168.3800048828125,82950100,20240403,TSLA,166.6300048828125,168.3800048828125,1,0.12822042953411847,0.22542744533210193,0.07324444887680871,0.15127376754918123,0.06683050651603789,0.05673399491132189,0.19813047384992094,0.10013893343050859,-0.7964,0.9577,0.1750307692307692
171.11000061035156,171.11000061035156,123162000,20240404,TSLA,168.3800048828125,171.11000061035156,1,0.08264314230739732,0.2647209636468932,0.05921561149642402,0.1671388102429222,0.19479123587058406,0.026096598289824746,0.048816500409639856,0.15657713773631432,-0.5448,0.9415,0.4517545454545454
164.89999389648438,164.89999389648438,143157600,20240405,TSLA,171.11000061035156,164.89999389648438,0,0.03458073678358909,0.1065594005255071,0.1798764903447677,0.17782760028569564,0.1226580601765923,0.0421113984108683,0.1587574473347778,0.17762886613820178,-0.8419,0.9194,0.15696000000000002
172.97999572753906,172.97999572753906,104423300,20240408,TSLA,164.89999389648438,172.97999572753906,1,0.2281288510057694,0.02812848006682495,0.02814155864177095,0.028140240280968898,0.2257889948852975,0.20539726090966934,0.02813170048501435,0.22814291372468432,0.0,0.3612,0.1806
176.8800048828125,176.8800048828125,102951700,20240409,TSLA,172.97999572753906,176.8800048828125,1,0.2612153040619917,0.2976036159375399,0.05772516445390913,0.10607724931293262,0.045247764524854725,0.09600389738530113,0.07461171775698947,0.06151528656648092,-0.8858,0.7579,-0.163075
171.75999450683594,171.75999450683594,84532400,20240410,TSLA,176.8800048828125,171.75999450683594,0,0.14222300590556342,0.1664692433581924,0.033162754330859065,0.1053073345124899,0.11926186961685561,0.13593148619195802,0.1361306767124818,0.16151362937159947,-0.5267,0.7684,0.16716000000000003
174.60000610351562,174.60000610351562,94516000,20240411,TSLA,171.75999450683594,174.60000610351562,1,0.04909515969181643,0.1927723866795879,0.08980340508321903,0.13174163993096766,0.14998271667152863,0.11952199513400523,0.21041234543519224,0.05667035137368253,-0.802,0.7345,-0.15614545454545456
171.0500030517578,171.0500030517578,64722700,20240412,TSLA,174.60000610351562,171.0500030517578,0,0.17702726668030155,0.1780854578888615,0.08643063767508691,0.11350652774843058,0.16258089685517257,0.1238377907962414,0.129257237309997,0.029274185045908157,-0.0299,0.8357,0.28853999999999996
161.47999572753906,161.47999572753906,100245300,20240415,TSLA,171.0500030517578,161.47999572753906,0,0.10300976086035016,0.3121847929655954,0.038677858483532127,0.12152782096650437,0.02915382551118299,0.1202591706824213,0.07053939619258881,0.20464737433782448,-0.6588,0.7968,0.00027142857142857323
157.11000061035156,157.11000061035156,97000000,20240416,TSLA,161.47999572753906,157.11000061035156,0,0.08724933001709184,0.08567445099894733,0.05713320852919413,0.25935135488633343,0.06505357446041626,0.14340650177376393,0.10728441229087776,0.194847167043375,-0.8208,0.6705,0.07662666666666666
155.4499969482422,155.4499969482422,82439700,20240417,TSLA,157.11000061035156,155.4499969482422,0,0.04542056881580378,0.32925334575411447,0.0454488240910393,0.13540665603967855,0.2450750814461013,0.04542172639882582,0.10855028802399413,0.04542350943044232,-0.5093,0.6705,-0.01851999999999999
149.92999267578125,149.92999267578125,96098800,20240418,TSLA,155.4499969482422,149.92999267578125,0,0.034569902065918486,0.2443614757113405,0.05431272196839951,0.1166708000556897,0.14308179990328018,0.13179318875873694,0.14976350963798238,0.12544660189865198,-0.8442,0.6908,-0.06962499999999999
147.0500030517578,147.0500030517578,87074500,20240419,TSLA,149.92999267578125,147.0500030517578,0,0.05963644381286675,0.3343362510608094,0.02554863703361431,0.06994410659485474,0.10346895135576271,0.03690836029753449,0.11548530027145207,0.2546719495731052,-0.6461,0.7253,0.05695454545454544
142.0500030517578,142.0500030517578,107097600,20240422,TSLA,147.0500030517578,142.0500030517578,0,0.03967159872185749,0.18038907013374472,0.11197386328762148,0.20993565000212433,0.07629535175091687,0.1512457083605936,0.16337449280519975,0.06711426493794148,-0.7717,0.7906,0.021724999999999998
144.67999267578125,144.67999267578125,124545100,20240423,TSLA,142.0500030517578,144.67999267578125,1,0.19493724988457176,0.15425087914550323,0.05929889903868643,0.14750804128446376,0.15281425147095812,0.10298302173305719,0.09200988777000027,0.09619776967275892,-0.7003,0.5707,-0.008447058823529415
162.1300048828125,162.1300048828125,181178000,20240424,TSLA,144.67999267578125,162.1300048828125,1,0.025350271824801717,0.23574437186457323,0.025349364569401883,0.17842527576098255,0.11609439547206198,0.1614566265852159,0.14828443812365075,0.10929525579931167,-0.7469,0.8172,0.12241666666666669
170.17999267578125,170.17999267578125,126427500,20240425,TSLA,162.1300048828125,170.17999267578125,1,0.20058430922870643,0.06038291808265025,0.11993433036473013,0.24340747713537367,0.18114059294723134,0.05246828769305681,0.024687828130452213,0.1173942564177989,-0.9441,0.7501,-0.06896666666666668
168.2899932861328,168.2899932861328,109815700,20240426,TSLA,170.17999267578125,168.2899932861328,0,0.10804180450658768,0.0869569545877611,0.1378474098017145,0.0837389477527175,0.16365407802519033,0.11942463369140303,0.1112282169690084,0.1891079546656171,-0.7461,0.8776,0.045856521739130435
194.0500030517578,194.0500030517578,243869700,20240429,TSLA,168.2899932861328,194.0500030517578,1,0.09546713036613214,0.1892828711371634,0.08993947277066096,0.198067455536302,0.06526815572139519,0.09260567707452955,0.1934594411729544,0.07590979622086204,-0.8519,0.8824,0.24397692307692306
183.27999877929688,183.27999877929688,127031800,20240430,TSLA,194.0500030517578,183.27999877929688,0,0.06260175373089363,0.22426933859337175,0.12093417527352165,0.09593295288604514,0.06477150336952,0.12219309208356748,0.15601911030551324,0.1532780737575668,-0.4939,0.6705,0.14706999999999998
179.99000549316406,179.99000549316406,92829700,20240501,TSLA,183.27999877929688,179.99000549316406,0,0.3671027441547951,0.029733057103546276,0.15277062770980143,0.2690567413459247,0.0296882316544328,0.029763740203393473,0.029695544762452224,0.09218931306565353,0.0,0.8932,0.323775
180.00999450683594,180.00999450683594,89148000,20240502,TSLA,179.99000549316406,180.00999450683594,1,0.1271599973824335,0.31232604267992464,0.032509263252243674,0.15252697196419562,0.17678326549576806,0.1307294589743895,0.04460410197029114,0.023360898280753547,-0.9674,0.9115,-0.012746153846153851
181.19000244140625,181.19000244140625,75491500,20240503,TSLA,180.00999450683594,181.19000244140625,1,0.04656455630865615,0.14633047976812832,0.1468893601634501,0.16842799003531644,0.03154907728358603,0.159092435692064,0.09214503301030946,0.20900106773848914,-0.6124,0.6908,0.04734615384615383
184.75999450683597,184.75999450683597,84390300,20240506,TSLA,181.19000244140625,184.75999450683597,1,0.13384103299846167,0.08473788397795384,0.1361200994438323,0.1403002928964315,0.0883057713958074,0.17501496574899947,0.08751457737815706,0.1541653761603565,-0.7424,0.6696,0.09666666666666668
177.80999755859375,177.80999755859375,75045900,20240507,TSLA,184.75999450683597,177.80999755859375,0,0.04962545153734115,0.09633215772269518,0.21474260923363553,0.18565195657250289,0.03386476815418795,0.13566561443455144,0.1317046304546756,0.15241281189041,-0.2732,0.7924,0.16036250000000002
174.72000122070312,174.72000122070312,79969500,20240508,TSLA,177.80999755859375,174.72000122070312,0,0.2680432604769658,0.2976955969904333,0.0982495282354915,0.07553474200682825,0.07556966442992284,0.03386470658383575,0.11717554386752811,0.033866957408994085,-0.5562,0.6133,0.17259999999999998
171.97000122070312,171.97000122070312,65950300,20240509,TSLA,174.72000122070312,171.97000122070312,0,0.05178500224975139,0.055164423105485014,0.11154635340612662,0.3503592859117308,0.043273843881153774,0.09823065475100279,0.18327275321939132,0.10636768347535797,-0.5859,0.8271,0.07399285714285712
168.47000122070312,168.47000122070312,72627200,20240510,TSLA,171.97000122070312,168.47000122070312,0,0.10110760123035034,0.0822089148360364,0.22839848830808998,0.1321856379138416,0.1432714904299604,0.1657748617865228,0.07221426300156643,0.07483874249363176,-0.7269,0.4939,0.020680000000000004
171.88999938964844,171.88999938964844,67018900,20240513,TSLA,168.47000122070312,171.88999938964844,1,0.12258944096086817,0.20596677585292172,0.11756113356579019,0.16947221128669498,0.16164463590580516,0.08875482321123365,0.0412715556445293,0.0927394235721565,-0.9382,0.4588,-0.14579
177.5500030517578,177.5500030517578,86407400,20240514,TSLA,171.88999938964844,177.5500030517578,1,0.08438841902767125,0.08439403160206758,0.06563377630946002,0.19056532504455878,0.11447796156219064,0.2980349997550477,0.0968816176510884,0.06562386904791527,-0.624,0.7964,0.1261
173.99000549316406,173.99000549316406,79663000,20240515,TSLA,177.5500030517578,173.99000549316406,0,0.11682991812832763,0.3334380120170192,0.031130564358289942,0.1382203050415369,0.07484745110353794,0.058799688249091826,0.21562232763372485,0.031111733468471344,-0.2617,0.8172,0.5573714285714286
174.83999633789062,174.83999633789062,59812200,20240516,TSLA,173.99000549316406,174.83999633789062,1,0.2850232738972394,0.02373974774791255,0.06540065465857382,0.09516031366829283,0.08623831610128255,0.086239407843029,0.27851020644087765,0.07968807964279181,-0.6696,0.5106,-0.03974999999999998
177.4600067138672,177.4600067138672,77445800,20240517,TSLA,174.83999633789062,177.4600067138672,1,0.12325134614006779,0.0815979024487275,0.16492100211880906,0.03993368277617112,0.03993626191243654,0.2011902855922324,0.30923678949121775,0.039932729520337586,-0.5719,0.5562,0.005633333333333342
174.9499969482422,174.9499969482422,61727400,20240520,TSLA,177.4600067138672,174.9499969482422,0,0.05803726882694,0.13504517698487908,0.12142086975529423,0.14646866129632652,0.12838886851373432,0.0984673407759107,0.15039728753284523,0.16177452631406963,-0.7678,0.8126,0.339596
186.6000061035156,186.6000061035156,115266500,20240521,TSLA,174.9499969482422,186.6000061035156,1,0.11058566742653725,0.35833553139734897,0.03534034413863619,0.051201435030588854,0.15436950661631732,0.09087541665265936,0.12030799641048268,0.07898410232742901,-0.9117,0.7906,-0.06007777777777777
173.74000549316406,173.74000549316406,71975500,20240523,TSLA,180.11000061035156,173.74000549316406,0,0.05918744462394473,0.18634055845057368,0.10307329768897716,0.08464035140631233,0.23036421193994708,0.06938632486509094,0.13857035185189664,0.1284374591732572,-0.8176,0.6588,-0.03389333333333333
179.24000549316406,179.24000549316406,65584500,20240524,TSLA,173.74000549316406,179.24000549316406,1,0.1384455171553918,0.17212874274501155,0.12383302777575336,0.22911252873156343,0.0566414287410229,0.13794735074012246,0.06242032603088481,0.07947107808024935,-0.8584,0.7579,0.07980714285714285
176.75,176.75,59736600,20240528,TSLA,179.24000549316406,176.75,0,0.03475750408781313,0.12253888997896023,0.21349916454425813,0.14581897240570885,0.03473239236421633,0.034741131077751806,0.19690980313948558,0.21700214240180563,0.0,0.5848,0.3478666666666667
176.19000244140625,176.19000244140625,54782600,20240529,TSLA,176.75,176.19000244140625,0,0.0689984948297005,0.1372561540164143,0.14581993597744772,0.08770806475240124,0.1305925019862151,0.15548925921005707,0.059320941515532515,0.2148146477122312,-0.7806,0.4926,-0.05567272727272729
178.7899932861328,178.7899932861328,77618400,20240530,TSLA,176.19000244140625,178.7899932861328,1,0.06908062988378802,0.11734383339167112,0.10815644464601573,0.16610406330127866,0.1727338508776151,0.1486463928305268,0.07907171848048068,0.13886306658862355,-0.7351,0.872,0.16777142857142857
178.0800018310547,178.0800018310547,67314600,20240531,TSLA,178.7899932861328,178.0800018310547,0,0.15781874335135015,0.18734416161015877,0.0646930817545043,0.10911799433640756,0.09379178155951187,0.09231383576851185,0.19801601933623852,0.0969043822833168,-0.3612,0.8591,0.18409999999999999
176.2899932861328,176.2899932861328,68568900,20240603,TSLA,178.0800018310547,176.2899932861328,0,0.043755421012581064,0.07134326769116803,0.11615808576655968,0.1187513000704438,0.10623756366805433,0.27291772853910357,0.04375022694358886,0.22708640630850035,-0.4576,0.7893,0.10925
174.77000427246094,174.77000427246094,60056300,20240604,TSLA,176.2899932861328,174.77000427246094,0,0.0650021406648003,0.017406567549952515,0.11078293255504255,0.2403200603145537,0.04122548139534952,0.04120492296495598,0.31953218059813776,0.16452571395720741,-0.5574,0.6597,-0.015316666666666682
175.0,175.0,57953800,20240605,TSLA,174.77000427246094,175.0,1,0.11142988170828719,0.1551442106739236,0.04106818718173511,0.21108873177991055,0.03016736293803693,0.1559463407771178,0.2324991799022099,0.06265610503877862,-0.296,0.8553,0.1608285714285714
177.94000244140625,177.94000244140625,69887000,20240606,TSLA,175.0,177.94000244140625,1,0.08484637245681827,0.09655505416998503,0.08601920886428109,0.071457679707532,0.24438641528754823,0.2333362596305637,0.10666453197063797,0.07673447791263337,-0.34,0.8398,0.21591875
177.47999572753906,177.47999572753906,56244900,20240607,TSLA,177.94000244140625,177.47999572753906,0,0.16291113568558208,0.04929638229359277,0.07607824890545997,0.14498940591438048,0.17009767282247001,0.29029169116839976,0.02010677708304536,0.08622868612706933,-0.4939,0.8122,0.04142
173.7899932861328,173.7899932861328,50774600,20240610,TSLA,177.47999572753906,173.7899932861328,0,0.04673629162988345,0.2500158102871317,0.09112677267819042,0.1261572766896424,0.1090602372670055,0.05717392711583196,0.1445073709402379,0.17522231339207633,-0.7783,0.9134,0.07622666666666666
170.66000366210938,170.66000366210938,64761900,20240611,TSLA,173.7899932861328,170.66000366210938,0,0.040995045038960065,0.1899688623835696,0.03190887764298135,0.16843782820649866,0.20156249802892226,0.07928592800634439,0.15542811976624446,0.1324128409264789,-0.5574,0.7845,0.24397142857142856
177.2899932861328,177.2899932861328,90389400,20240612,TSLA,170.66000366210938,177.2899932861328,1,0.12788799368340364,0.1327288442405993,0.13564510855638295,0.11365756088296312,0.03977140485164254,0.0567788443780094,0.2372948033064881,0.15623544010051055,-0.7184,0.5499,0.02976000000000001
182.47000122070312,182.47000122070312,118984100,20240613,TSLA,177.2899932861328,182.47000122070312,1,0.03491908717439282,0.1652917674031175,0.03491132109570045,0.20155813146725812,0.03491176827404025,0.034895834327255626,0.3053655123452114,0.18814657791302347,0.0,0.7562,0.4867
178.00999450683594,178.00999450683594,82038200,20240614,TSLA,182.47000122070312,178.00999450683594,0,0.13920115227778757,0.16643408337761578,0.19917207314539803,0.039166668192726614,0.13914631183517662,0.2385264210847541,0.0391815281069948,0.03917176197954616,0.0,0.4404,0.15172
187.44000244140625,187.44000244140625,109786100,20240617,TSLA,178.00999450683594,187.44000244140625,1,0.1306658737829209,0.11443781997276699,0.14536645582929733,0.11223199581988641,0.16225075922193,0.23395575409614044,0.0749234010889598,0.02616794018809775,-0.5423,0.7906,0.15159999999999998
184.8600006103516,184.8600006103516,68982300,20240618,TSLA,187.44000244140625,184.8600006103516,0,0.03750923554989938,0.03751828188035857,0.07918782388946627,0.2261675993191672,0.32913364098320275,0.07917219742266793,0.037507856899327174,0.17380336405591046,-0.6908,0.0,-0.33485
181.57000732421875,181.57000732421875,55893100,20240620,TSLA,184.8600006103516,181.57000732421875,0,0.02649583983311053,0.25151711437019697,0.0957555979273074,0.13186752558873865,0.10980762074813089,0.07348250210655188,0.2291468267712884,0.0819269726546749,-0.6369,0.9366,0.09015384615384615
183.00999450683597,183.00999450683597,61937300,20240621,TSLA,181.57000732421875,183.00999450683597,1,0.0273334798144401,0.16065495131998112,0.06065961836040386,0.1439920271323641,0.17506825843527968,0.26539538007591346,0.13956133569579432,0.02733494916582308,-0.7263,0.9552,-0.10981999999999999
182.5800018310547,182.5800018310547,61992100,20240624,TSLA,183.00999450683597,182.5800018310547,0,0.05209986326065534,0.18540764358933398,0.09267640211552888,0.24324916752148468,0.052099588528183714,0.052094640731806606,0.09426087822232335,0.22811181603068328,-0.8074,0.5563,0.051900000000000016
187.3500061035156,187.3500061035156,62905700,20240625,TSLA,182.5800018310547,187.3500061035156,1,0.1523147276133714,0.1706024125704437,0.19971994052048667,0.03195982876097916,0.17915330729806456,0.08584362162254991,0.07639287119817213,0.1040132904159322,-0.7351,0.4215,0.024422222222222227
196.3699951171875,196.3699951171875,95737100,20240626,TSLA,187.3500061035156,196.3699951171875,1,0.12825713011007167,0.1702945592096073,0.07838675441288427,0.14947358071568193,0.22447002451861808,0.14949581243752127,0.07513545904442964,0.024486679551185477,-0.1779,0.6808,0.12572499999999998
197.4199981689453,197.4199981689453,72746500,20240627,TSLA,196.3699951171875,197.4199981689453,1,0.06330229658976994,0.1373987078961791,0.026278360546713068,0.02627896558783425,0.02629433229747617,0.15126435073791392,0.02628262986795885,0.5429003564761544,-0.1404,0.7684,0.126
197.8800048828125,197.8800048828125,95438100,20240628,TSLA,197.4199981689453,197.8800048828125,1,0.1751754828415224,0.24660660270156082,0.1037444359682067,0.18117839723031798,0.03231702715652045,0.06801898163263279,0.03231437301890486,0.16064469945033372,-0.7184,0.8304,0.20645714285714287
209.8600006103516,209.8600006103516,135691400,20240701,TSLA,197.8800048828125,209.8600006103516,1,0.10598844516804691,0.1765979173174786,0.11482120157329458,0.030899231776434593,0.0865735400297296,0.10101802444029065,0.2882146010939774,0.09588703860074735,-0.875,0.7684,-0.0070066666666666645
231.25999450683597,231.25999450683597,205047900,20240702,TSLA,209.8600006103516,231.25999450683597,1,0.2115264709824915,0.17835298423496065,0.1569919227322179,0.045829014101788065,0.08004156180212171,0.18909727936364884,0.10621687052722573,0.031943896255545265,-0.4019,0.8313,0.2774076923076923
246.38999938964844,246.38999938964844,166561500,20240703,TSLA,231.25999450683597,246.38999938964844,1,0.18350872681087088,0.13352535478358585,0.08810271322706344,0.033524899284849204,0.0335289525008042,0.23806308317946204,0.13350293507929126,0.15624333513407282,-0.4389,0.8519,0.1115
251.5200042724609,251.5200042724609,154501200,20240705,TSLA,246.38999938964844,251.5200042724609,1,0.1979189257743571,0.1979160082549741,0.0312500018908823,0.03127651616497685,0.19787839957874434,0.031259485563819245,0.0312500018275202,0.2812506609447255,-0.4588,0.0772,-0.1908
252.94000244140625,252.94000244140625,157219600,20240708,TSLA,251.5200042724609,252.94000244140625,1,0.1165164607316516,0.3278179036877383,0.022172619536765015,0.3225627025599609,0.02217778780884558,0.04652228256924166,0.022172724809393335,0.12005751829640328,-0.8625,0.4767,-0.07035000000000001
262.3299865722656,262.3299865722656,160210900,20240709,TSLA,252.94000244140625,262.3299865722656,1,0.07391549965307302,0.20473327264665453,0.08555823984356109,0.18777208105610768,0.1028840675551291,0.08971052010793037,0.1205503814232371,0.1348759377143068,-0.7269,0.784,0.1308409090909091
263.260009765625,263.260009765625,128519400,20240710,TSLA,262.3299865722656,263.260009765625,1,0.11749608890521367,0.1450870746478084,0.06691699698159818,0.05319741975626743,0.12923680804401458,0.06806581134859223,0.3056023785849673,0.11439742173153793,-0.5719,0.8126,0.01815
241.02999877929688,241.02999877929688,221707300,20240711,TSLA,263.260009765625,241.02999877929688,0,0.22481909028789684,0.08919644676628938,0.1313411287887803,0.15101233717827672,0.039208729334988875,0.09978039891779802,0.12816669011383824,0.13647517861213126,-0.9081,0.902,0.044607692307692313
248.22999572753903,248.22999572753903,155955800,20240712,TSLA,241.02999877929688,248.22999572753903,1,0.15620193477228847,0.10088921302887069,0.08940043786628601,0.08664045205440274,0.15859563468916318,0.12765264723841202,0.10592373969377275,0.17469594065680386,-0.7345,0.8316,0.005193750000000004
252.63999938964844,252.63999938964844,146912900,20240715,TSLA,248.22999572753903,252.63999938964844,1,0.158637065264101,0.25000851501738863,0.04893746500941692,0.1648853648909914,0.07219294574187073,0.06280955708416745,0.07357738192820021,0.16895170506386334,-0.9253,0.8718,0.028468421052631577
256.5599975585937,256.5599975585937,126332500,20240716,TSLA,252.63999938964844,256.5599975585937,1,0.07246965376463764,0.12213555881905719,0.09676172031891345,0.332792181856189,0.09549639576319993,0.046252402633581144,0.1180398457805944,0.11605224106382696,-0.9151,0.6124,-0.2490363636363636
248.5,248.5,115584800,20240717,TSLA,256.5599975585937,248.5,0,0.055960263867462744,0.14708993177876856,0.1075023453558253,0.18983808461084667,0.20716482663138933,0.15874211404663663,0.06998833499797866,0.06371409871109181,-0.7184,0.802,0.12220624999999999
249.22999572753903,249.22999572753903,110869000,20240718,TSLA,248.5,249.22999572753903,1,0.05086996927375839,0.14453258298492452,0.06857656278103008,0.25236080617493967,0.0892314203365766,0.0821396807499316,0.23646480700239056,0.07582417069644827,-0.8402,0.8096,0.07936666666666665
239.1999969482422,239.1999969482422,87403900,20240719,TSLA,249.22999572753903,239.1999969482422,0,0.05967373351265505,0.23358283683728218,0.11586862597756763,0.1504842889231097,0.17540450029560906,0.05257001788905015,0.10324267394997957,0.10917332261474633,-0.8402,0.7184,-0.0706952380952381
251.50999450683597,251.50999450683597,101225400,20240722,TSLA,239.1999969482422,251.50999450683597,1,0.09143628309764244,0.22871920008820343,0.11739431343862734,0.08027505488212386,0.11916448222894764,0.11637731734635638,0.092810440260983,0.15382290865711556,-0.8779,0.9201,0.26828823529411766
246.3800048828125,246.3800048828125,111928200,20240723,TSLA,251.50999450683597,246.3800048828125,0,0.12254216414131514,0.061039341560599425,0.07031182846529252,0.14435909382841436,0.16710910546423194,0.16226852041997125,0.23909295653784668,0.033276989582328366,0.0,0.7992,0.5140888888888889
215.9900054931641,215.9900054931641,167942900,20240724,TSLA,246.3800048828125,215.9900054931641,0,0.06109606850130334,0.24720881790782226,0.045697794141369534,0.22624487380918515,0.0452112711139736,0.10380147770936075,0.10805887453805128,0.16268082227893382,-0.8372,0.974,0.08832727272727271
220.25,220.25,100636500,20240725,TSLA,215.9900054931641,220.25,1,0.07287764832477388,0.10176325922846408,0.1710841465793237,0.1219524649711628,0.1931433041059886,0.07192901057486642,0.11423235149155495,0.1530178147238653,-0.5994,0.8569,0.24506470588235296
219.8000030517578,219.8000030517578,94604100,20240726,TSLA,220.25,219.8000030517578,0,0.03423002002805521,0.034270443478811044,0.14143534840522134,0.27014352202925423,0.14851638191901848,0.3029416880051884,0.03423117093757936,0.03423142519687157,-0.7351,0.4767,-0.14529999999999998
232.1000061035156,232.1000061035156,129201800,20240729,TSLA,219.8000030517578,232.1000061035156,1,0.13830913454624885,0.17057023308411476,0.09328346393681647,0.19415247042695458,0.07313084320774092,0.060618901172895506,0.11092315882593355,0.15901179479929511,-0.7579,0.6249,0.05902692307692308
222.6199951171875,222.6199951171875,100560300,20240730,TSLA,232.1000061035156,222.6199951171875,0,0.10978911762048643,0.23988502341825269,0.11012069502749164,0.14496543012767044,0.08054424446732875,0.07413060451390462,0.07413836276794138,0.1664265220569237,-0.9429,0.7351,-0.01406153846153845
232.07000732421875,232.07000732421875,67497000,20240731,TSLA,222.6199951171875,232.07000732421875,1,0.2756771253123214,0.1904535525796583,0.0819575058024983,0.09638014184282451,0.050668538520557575,0.12358647802820012,0.12356646478714342,0.05771019312679601,-0.6124,0.8591,0.10373749999999998
216.8600006103516,216.8600006103516,83861900,20240801,TSLA,232.07000732421875,216.8600006103516,0,0.11810902069450721,0.14583753273225525,0.07251515685728663,0.23854895317166921,0.09749933946434418,0.030839174582153978,0.13081890974352153,0.16583191275426168,-0.5983,0.5859,-0.018500000000000016
207.6699981689453,207.6699981689453,82880100,20240802,TSLA,216.8600006103516,207.6699981689453,0,0.15752112965677478,0.11216586105019194,0.11724569525595384,0.18573409505144048,0.10682941068952971,0.07559050736064535,0.1693227817463246,0.075590519189139,-0.2263,0.8676,0.3528
198.8800048828125,198.8800048828125,100308800,20240805,TSLA,207.6699981689453,198.8800048828125,0,0.025003957237185348,0.025009232123401552,0.0250000018689208,0.28926379363080496,0.0250255690458437,0.0250397444726886,0.453150050210799,0.13250765141035564,-0.6249,-0.2732,-0.44905
200.63999938964844,200.63999938964844,73783900,20240806,TSLA,198.8800048828125,200.63999938964844,1,0.13127510815491472,0.3845035086672764,0.03149036580344294,0.054955054158841075,0.031475579021800065,0.11347665247740561,0.03147475081482131,0.22134898090149752,-0.743,0.7964,-0.18454545454545454
191.75999450683597,191.75999450683597,71159800,20240807,TSLA,200.63999938964844,191.75999450683597,0,0.15023380397397904,0.2187702850292577,0.34370939713381954,0.03125803699811585,0.0312588427822381,0.03125433500349785,0.09374610795664343,0.09976919112244825,-0.8158,0.0,-0.3517
198.83999633789065,198.83999633789065,65033900,20240808,TSLA,191.75999450683597,198.83999633789065,1,0.03125568338001225,0.19792739203369408,0.03128346564581425,0.2812658384841487,0.03125000231676325,0.03126833191576675,0.3644992843990847,0.03125000182471565,0.0,0.6486,0.3243
200.0,200.0,58648300,20240809,TSLA,198.83999633789065,200.0,1,0.10124439582159553,0.2921413586814728,0.1350152478823532,0.05776484359005802,0.12043248805734058,0.049044682500972527,0.07280128310929553,0.17155570035691148,-0.7906,0.8016,0.057612500000000004
197.4900054931641,197.4900054931641,64044900,20240812,TSLA,200.0,197.4900054931641,0,0.12159754985817683,0.286957787607703,0.11975448000245048,0.05038454637131343,0.1317544423502208,0.1689245603440483,0.03861523764433224,0.08201139582175462,-0.8653,0.8478,0.004076470588235302
207.8300018310547,207.8300018310547,76247400,20240813,TSLA,197.4900054931641,207.8300018310547,1,0.10747181574368635,0.18551301955272223,0.07031871591631876,0.1626423527307148,0.07701629610313143,0.16201121197848206,0.05606021472425505,0.17896637325068898,-0.7845,0.9066,0.05931515151515152
201.3800048828125,201.3800048828125,70250000,20240814,TSLA,207.8300018310547,201.3800048828125,0,0.10256040148512184,0.2227189655453552,0.03332764555201805,0.07482321936945137,0.11116342676521185,0.09866135714231097,0.16552175317706624,0.19122323096346422,-0.7574,0.9325,0.187225
214.13999938964844,214.13999938964844,89848500,20240815,TSLA,201.3800048828125,214.13999938964844,1,0.1497319210442359,0.019509916551460168,0.1225939061841207,0.06710520014543477,0.14446677647694242,0.0195092999424667,0.4575660515291944,0.019516928126144698,-0.126,0.9177,0.47619999999999996
216.1199951171875,216.1199951171875,88765100,20240816,TSLA,214.13999938964844,216.1199951171875,1,0.07337260799334087,0.10657384608905547,0.12501073355896355,0.0297794266280667,0.06624898024208377,0.09916258374508402,0.19025283138864874,0.3095989903547566,0.0,0.8555,0.3717142857142858
222.72000122070312,222.72000122070312,76435200,20240819,TSLA,216.1199951171875,222.72000122070312,1,0.11075202458765081,0.09358872551645173,0.09219980131763131,0.11491778164945972,0.1720948968761476,0.17844968496700037,0.06885625767961076,0.16914082740604736,-0.6808,0.7574,0.14993333333333334
221.1000061035156,221.1000061035156,74001200,20240820,TSLA,222.72000122070312,221.1000061035156,0,0.09629892922694895,0.2179716802028943,0.1475618001919219,0.02964793323934558,0.23083106935335848,0.14297824769576678,0.10505635136415659,0.02965398872560704,-0.91,0.4753,-0.1488
223.2700042724609,223.2700042724609,70146000,20240821,TSLA,221.1000061035156,223.2700042724609,1,0.08833523523620056,0.13502364865757677,0.027924268983534253,0.048752917459130685,0.17152228257268104,0.15501847559388687,0.14245314798398975,0.23097002351299983,-0.6249,0.5457,-0.11373750000000002
210.66000366210935,210.66000366210935,79514500,20240822,TSLA,223.2700042724609,210.66000366210935,0,0.19413920036293372,0.1809099895559754,0.029073282526254168,0.14389021573534724,0.02908455503929799,0.15974888697282347,0.06609563749346657,0.19705823231390113,0.0,0.8481,0.2479555555555556
220.32000732421875,220.32000732421875,81525200,20240823,TSLA,210.66000366210935,220.32000732421875,1,0.017078989198865132,0.017064290065999698,0.017072518582699335,0.017069883278826,0.31704331126470525,0.017067944171380998,0.3027644714614803,0.29483859197604295,0.3612,0.8217,0.5645
213.2100067138672,213.2100067138672,59301200,20240826,TSLA,220.32000732421875,213.2100067138672,0,0.0268292570609635,0.10550272137691341,0.13622802425531214,0.21187639713183512,0.05550012204428709,0.2287107218457644,0.10967296437532041,0.12567979190960366,-0.5719,0.8834,0.21344375000000002
209.2100067138672,209.2100067138672,62821400,20240827,TSLA,213.2100067138672,209.2100067138672,0,0.0936231621883487,0.072368343324908,0.09858543626097374,0.12045498011605191,0.058366646586972645,0.18027708604673562,0.35128394419648556,0.025040401279523467,-0.8074,0.8957,0.22792000000000004
205.75,205.75,64116400,20240828,TSLA,209.2100067138672,205.75,0,0.03086894416275842,0.3919831404563154,0.09523877923882444,0.08361862852659369,0.03085275284233322,0.030841587512076163,0.12857138640325155,0.20802478085784687,-0.7506,0.3182,-0.19494000000000003
206.27999877929688,206.27999877929688,62308800,20240829,TSLA,205.75,206.27999877929688,1,0.13703142556868028,0.12782351781244627,0.0901876419385936,0.21384484567364337,0.09529052030782906,0.13006222674362353,0.11275518004406535,0.09300464191111824,-0.8051,0.8519,-0.010280952380952401
214.1100006103516,214.1100006103516,63370600,20240830,TSLA,206.27999877929688,214.1100006103516,1,0.3104842472214822,0.2582286160308807,0.03071939572799203,0.15495691344809737,0.04685562695854146,0.08867202683978828,0.05025362061690485,0.059829553156312804,-0.7717,0.9374,-0.003237037037037044
210.6000061035156,210.6000061035156,76714200,20240903,TSLA,214.1100006103516,210.6000061035156,0,0.2331263542344453,0.17615501479420437,0.09757356060543794,0.20103830597319675,0.029923673143278005,0.04746924992687857,0.105526560982615,0.10918728033994374,-0.9153,0.9245,0.025336842105263147
219.41000366210935,219.41000366210935,80651800,20240904,TSLA,210.6000061035156,219.41000366210935,1,0.15792256728737628,0.24708755432843058,0.08458082230136492,0.172668207844972,0.04561778387895199,0.12904041910639485,0.04629680257782395,0.11678584267468507,-0.8398,0.9347,0.06344999999999999
230.1699981689453,230.1699981689453,119355000,20240905,TSLA,219.41000366210935,230.1699981689453,1,0.05739161259996704,0.4090297083619463,0.05496157135626451,0.1527359438402556,0.07554218686636993,0.18800702921309143,0.036060669521642136,0.02627127824046276,-0.6705,0.929,0.07415882352941178
210.72999572753903,210.72999572753903,112177000,20240906,TSLA,230.1699981689453,210.72999572753903,0,0.09917259250683032,0.1901068712956209,0.08457027037730067,0.23128727542168592,0.10065685433973792,0.0633165627718527,0.15799065859181488,0.07289891469515641,-0.7783,0.8735,0.1356607142857143
216.2700042724609,216.2700042724609,67443500,20240909,TSLA,210.72999572753903,216.2700042724609,1,0.0959330190807458,0.14185948455526542,0.07558552029368193,0.24278187763509582,0.05015284101290874,0.15374753878730762,0.1205467502847324,0.11939296835026197,-0.926,0.8555,-0.05767619047619048
226.1699981689453,226.1699981689453,78891100,20240910,TSLA,216.2700042724609,226.1699981689453,1,0.06070567463761056,0.08936511965621288,0.06487601090570186,0.22189774939456058,0.08586948514890305,0.20945590540162545,0.09952198265312716,0.1683080722022581,-0.7106,0.7777,0.03591999999999999
228.1300048828125,228.1300048828125,83548600,20240911,TSLA,226.1699981689453,228.1300048828125,1,0.17043176661197074,0.12099492620805764,0.106291056199781,0.21843149097266215,0.024310540614252155,0.23536793849750887,0.060046321987023574,0.06412595890874356,-0.8625,0.8221,0.09365454545454545
229.80999755859372,229.80999755859372,71894900,20240912,TSLA,228.1300048828125,229.80999755859372,1,0.07984268711210198,0.167480894550571,0.04483463302355977,0.23987282004978214,0.04830102009538105,0.2616278857355156,0.0819661805147997,0.0760738789182885,-0.903,0.9285,0.1169
230.2899932861328,230.2899932861328,59515100,20240913,TSLA,229.80999755859372,230.2899932861328,1,0.15347660723472759,0.1461658766598975,0.021155062582110667,0.3323038868718456,0.02115416675484663,0.22664567876325706,0.02114995491849093,0.07794876621482373,-0.421,0.4767,0.17149999999999999
226.77999877929688,226.77999877929688,54323000,20240916,TSLA,230.2899932861328,226.77999877929688,0,0.13437807711149347,0.15948649470466578,0.03439515392906441,0.1321906365096908,0.15360427327318754,0.13789227379413063,0.08519444195534623,0.16285864872242087,-0.8885,0.8807,0.15495384615384616
227.8699951171875,227.8699951171875,66761600,20240917,TSLA,226.77999877929688,227.8699951171875,1,0.09718570705520689,0.09332107273551211,0.10849530676263382,0.2009474182579606,0.09910934702796755,0.20599449560872332,0.12059407145808647,0.0743525810939089,-0.7783,0.9153,0.11702916666666667
227.1999969482422,227.1999969482422,78010200,20240918,TSLA,227.8699951171875,227.1999969482422,0,0.09688522455956604,0.16531588226592603,0.10007576604874456,0.21559090207169207,0.13032151226109695,0.08377668662628124,0.15374431222770021,0.05428971393899255,-0.8625,0.9046,0.18910384615384618
243.9199981689453,243.9199981689453,102694600,20240919,TSLA,227.1999969482422,243.9199981689453,1,0.049518694023726884,0.017452247190943165,0.0904626495612656,0.2686643579300652,0.1810749526257389,0.21797169394464697,0.1271064583668168,0.04774894635679611,0.6478,0.9323,0.8078333333333334
238.25,238.25,99879100,20240920,TSLA,243.9199981689453,238.25,0,0.05198742663337277,0.2624283870990104,0.22968443446220535,0.052287361886728285,0.07928570652391743,0.09378307851474152,0.03899411274451362,0.19154949213551037,-0.7425,0.6249,-0.13028571428571428
250.0,250.0,86927200,20240923,TSLA,238.25,250.0,1,0.21362513025044405,0.1049769128665768,0.19161734976816447,0.051945503431930384,0.08655757167651233,0.05558462332755527,0.09403935833483063,0.2016535503439857,-0.7227,0.5994,-0.10067692307692308
254.2700042724609,254.2700042724609,88491000,20240924,TSLA,250.0,254.2700042724609,1,0.11228317958554496,0.16762313934633613,0.07799337883394811,0.2484703473495926,0.08389054760117926,0.16897802266815767,0.050804830744703,0.08995655387053791,-0.8481,0.6597,0.234275
257.0199890136719,257.0199890136719,65034300,20240925,TSLA,254.2700042724609,257.0199890136719,1,0.3621675511966259,0.15389159240734174,0.02888284850185955,0.02892966617745795,0.11220278467585945,0.16976242399648625,0.11527026392163293,0.028892869122736,0.1779,0.5994,0.399325
254.22000122070312,254.22000122070312,67142200,20240926,TSLA,257.0199890136719,254.22000122070312,0,0.0601508103357663,0.09787287184658315,0.10027253277386723,0.19234798331176745,0.1307148364026462,0.18808464454659773,0.10924252199826659,0.12131379878450499,-0.8832,0.6486,0.06919
260.4599914550781,260.4599914550781,70988100,20240927,TSLA,254.22000122070312,260.4599914550781,1,0.05005426447482023,0.0570487013911224,0.047380428010731855,0.26928522183217196,0.05477180880522013,0.11328068061727277,0.16958568281218425,0.2385932120564761,-0.8126,0.8481,0.03835882352941176
261.6300048828125,261.6300048828125,80705700,20240930,TSLA,260.4599914550781,261.6300048828125,1,0.054403514946267495,0.27405712202868654,0.054401510466602986,0.16818408233346052,0.15728278811217977,0.05440119463502417,0.08940025788482489,0.1478695295929534,-0.8375,0.6875,-0.11367000000000001
258.0199890136719,258.0199890136719,87397600,20241001,TSLA,261.6300048828125,258.0199890136719,0,0.07207455015167938,0.1770937125585352,0.07652167598669939,0.22052357201951914,0.1441605960917445,0.14583837819112377,0.0762303193965034,0.08755719560419492,-0.8779,0.9412,0.151109375
249.0200042724609,249.0200042724609,93983900,20241002,TSLA,258.0199890136719,249.0200042724609,0,0.11492157893014951,0.1911964243228769,0.0446921797035712,0.269089705876133,0.05746903026491047,0.11008517435333082,0.11332868919882289,0.09921721735020494,-0.7835,0.9161,0.07015714285714285
240.66000366210935,240.66000366210935,80729200,20241003,TSLA,249.0200042724609,240.66000366210935,0,0.0764876870705928,0.22403061547820913,0.043750267380076986,0.3388223100233541,0.06511562285696627,0.05729992196390238,0.04856249267236739,0.1459310825545306,-0.4003,0.8395,0.21751666666666666
250.0800018310547,250.0800018310547,86573200,20241004,TSLA,240.66000366210935,250.0800018310547,1,0.13311356447176986,0.1407459030980839,0.04516167249093168,0.23894854369847068,0.12695296367097655,0.1019491383167866,0.13222063658318323,0.08090757766979718,-0.6476,0.9809,0.13507115384615384
240.8300018310547,240.8300018310547,68113300,20241007,TSLA,250.0800018310547,240.8300018310547,0,0.06938162808765748,0.11215805365705803,0.07126470494460165,0.22409180200874732,0.08500748732155525,0.11560341606267459,0.12526085834304684,0.19723204957465854,-0.5983,0.7424,-0.007446666666666675
244.5,244.5,56303200,20241008,TSLA,240.8300018310547,244.5,1,0.16359332530160484,0.1385511817677553,0.06152256914503862,0.30921905590535087,0.0680273874793535,0.08983727488771068,0.02039463147164986,0.1488545740415361,-0.4019,0.9134,0.26305
241.0500030517578,241.0500030517578,66289500,20241009,TSLA,244.5,241.0500030517578,0,0.025011982985781972,0.025004496821492025,0.2125139900894185,0.10330850107894265,0.07499003354601007,0.17169770343435298,0.312475514280404,0.07499777776359748,-0.3818,0.9272,0.42010000000000003
238.7700042724609,238.7700042724609,83087100,20241010,TSLA,241.0500030517578,238.7700042724609,0,0.15519549188248125,0.2172740287111876,0.12844379367670536,0.07733335536155961,0.06558662745726809,0.08792005826942634,0.1221023905960488,0.14614425404532264,-0.6669,0.7906,0.022446153846153838
217.8000030517578,217.8000030517578,142628900,20241011,TSLA,238.7700042724609,217.8000030517578,0,0.14448748888401428,0.15197406784091866,0.11269998861545236,0.19623124946167,0.09882680522744558,0.12765956678166884,0.11947070645547658,0.04865012673335337,-0.5267,0.8261,0.1817695652173913
219.16000366210935,219.16000366210935,86291900,20241014,TSLA,217.8000030517578,219.16000366210935,1,0.07617648255601082,0.09712382539166779,0.05903526471519769,0.13354668090877672,0.14975199678625012,0.27157860464690103,0.06870491482449664,0.14408223017069882,-0.25,0.8313,0.429825
219.57000732421875,219.57000732421875,62988800,20241015,TSLA,219.16000366210935,219.57000732421875,1,0.07758460634043154,0.10668594279019654,0.10780439907523703,0.16880792042331053,0.09164301798724485,0.15754753078943926,0.129434968219615,0.1604916143745249,-0.9468,0.8481,0.11954999999999999
221.3300018310547,221.3300018310547,49632800,20241016,TSLA,219.57000732421875,221.3300018310547,1,0.15273217947985981,0.1658143778965336,0.025657763416227962,0.2800959939992903,0.16732074526837054,0.05073972573051362,0.025649644666210558,0.13198956954299318,-0.7351,0.836,0.12794
220.88999938964844,220.88999938964844,50791800,20241017,TSLA,221.3300018310547,220.88999938964844,0,0.09222792005140243,0.14768597684209664,0.06526735381670219,0.2261909123467342,0.11558992333023903,0.09868494442386898,0.09376282092417064,0.16059014826478554,-0.8555,0.8176,0.03111142857142857
220.6999969482422,220.6999969482422,49611900,20241018,TSLA,220.88999938964844,220.6999969482422,0,0.11181055219373698,0.08536914350891806,0.047693655435097196,0.24527406711018968,0.12653571500880997,0.11446344756069106,0.16022985256739541,0.10862356661516132,-0.5859,0.8478,0.28715384615384615
218.8500061035156,218.8500061035156,47329000,20241021,TSLA,220.6999969482422,218.8500061035156,0,0.10467932347063585,0.16227566026133883,0.11053734046453824,0.2577322610445339,0.09614724122975689,0.06934822963524964,0.09386422628245007,0.10541571761149625,-0.7767,0.9518,0.08433870967741935
217.97000122070312,217.97000122070312,43268700,20241022,TSLA,218.8500061035156,217.97000122070312,0,0.13946698346462005,0.164318620561615,0.0686481178661741,0.2739874813931074,0.058896832934380694,0.1512357456732909,0.07104389995153235,0.0724023181552792,-0.7717,0.8471,0.19084117647058824
213.6499938964844,213.6499938964844,80938900,20241023,TSLA,217.97000122070312,213.6499938964844,0,0.06776113017343867,0.0641967352994145,0.12114076133050734,0.21342032152410265,0.13999524795973486,0.024979929035579048,0.14109096802693089,0.22741490665029174,-0.886,0.7579,0.10009090909090909
260.4800109863281,260.4800109863281,204491900,20241024,TSLA,213.6499938964844,260.4800109863281,1,0.17130371842948203,0.07635194279840425,0.09562496220232888,0.192084266485616,0.19032054991573263,0.07635407161388985,0.1171029578180054,0.08085753073654069,-0.5719,0.7901,0.20482857142857142
269.19000244140625,269.19000244140625,161611900,20241025,TSLA,260.4800109863281,269.19000244140625,1,0.12068132204387948,0.08121504531395628,0.04636047462714327,0.29459416488930373,0.12274738129139136,0.16424904350669026,0.04881361442268929,0.12133895390494606,-0.784,0.946,0.13695000000000002
262.510009765625,262.510009765625,107653600,20241028,TSLA,269.19000244140625,262.510009765625,0,0.05587577954145858,0.15898841441963674,0.09230321975768704,0.2813152295680034,0.07327140535880212,0.09290961995326744,0.09257718897578372,0.1527591424253606,-0.5562,0.8204,0.21102692307692308
259.5199890136719,259.5199890136719,80521800,20241029,TSLA,262.510009765625,259.5199890136719,0,0.12690138638264342,0.14456801089722232,0.05974836881123795,0.21206060541685542,0.08680026400480904,0.0681479132118683,0.16174137926351326,0.14003207201185,-0.9552,0.8442,-0.040187878787878786
257.54998779296875,257.54998779296875,53993600,20241030,TSLA,259.5199890136719,257.54998779296875,0,0.11837535723458843,0.1196602915246575,0.04868528007061375,0.3575831191622702,0.13830446999059537,0.08977653436352825,0.03990789260586246,0.08770705504788379,-0.5859,0.8555,0.3223318181818182
249.8500061035156,249.8500061035156,66575300,20241031,TSLA,257.54998779296875,249.8500061035156,0,0.10264830310009926,0.0994534319132333,0.03648510391141624,0.1830499745189451,0.15397356328678516,0.10979569471308102,0.19423631430176216,0.12035761425467745,-0.8779,0.8271,-0.01833888888888888
248.97999572753903,248.97999572753903,57544800,20241101,TSLA,249.8500061035156,248.97999572753903,0,0.07718447291768668,0.17532997127432703,0.06398460644546346,0.19508565780001927,0.028274799557786844,0.240816360462528,0.07839776028693031,0.14092637125525806,-0.6597,0.8718,0.10780357142857143
242.83999633789065,242.83999633789065,68802400,20241104,TSLA,248.97999572753903,242.83999633789065,0,0.10084329907556389,0.16540068809081843,0.06483914144711683,0.26909489967719313,0.07118377916376761,0.10176870778941177,0.05009486870517287,0.17677461605095515,-0.8687,0.8582,-0.1261727272727273
251.44000244140625,251.44000244140625,69282500,20241105,TSLA,242.83999633789065,251.44000244140625,1,0.09475218313547287,0.1255118360603061,0.07880834405500878,0.2708229612611676,0.10979771335544633,0.10205444891110607,0.16482405276959874,0.053428460451893096,-0.8126,0.9118,0.203896875
288.5299987792969,288.5299987792969,165228700,20241106,TSLA,251.44000244140625,288.5299987792969,1,0.07813057047048007,0.20651185390503052,0.06023889216918597,0.249624920513854,0.09571369463332377,0.05137255255304265,0.07908310131468495,0.17932441444039776,-0.9246,0.9756,0.3017095238095238
296.9100036621094,296.9100036621094,117309200,20241107,TSLA,288.5299987792969,296.9100036621094,1,0.16474838356293683,0.12805454954497386,0.02703422260285748,0.2676477903742505,0.10256636261594601,0.05306204817749307,0.1014829790859759,0.15540366403556596,-0.7537,0.9258,-0.00450967741935484
321.2200012207031,321.2200012207031,204782800,20241108,TSLA,296.9100036621094,321.2200012207031,1,0.13030550315648967,0.20838168241682847,0.09016640872354163,0.18471885685818065,0.049350911295130105,0.10962316587964228,0.1088752460306147,0.11857822563957221,-0.8316,0.8882,0.11551428571428572
350.0,350.0,210521600,20241111,TSLA,321.2200012207031,350.0,1,0.02616238298250123,0.186399381651981,0.06392759179241075,0.2846561788153586,0.02615939040144501,0.13261798369663647,0.15948845369806064,0.12058863696160604,0.0,0.7793,0.24833333333333332
328.489990234375,328.489990234375,155726000,20241112,TSLA,350.0,328.489990234375,0,0.1481778905932937,0.09016821202972956,0.0611847000607324,0.1993415249767062,0.11450562968500469,0.06522059172386103,0.10633432298232547,0.21506712794834665,-0.6249,0.765,0.05736666666666668
330.239990234375,330.239990234375,125405600,20241113,TSLA,328.489990234375,330.239990234375,1,0.11771874189066286,0.1593014613206727,0.10314008453137447,0.14873695017300523,0.08393269180726468,0.18403096175379985,0.09651626611484954,0.10662284240837036,-0.7531,0.9168,-0.054066666666666666
311.17999267578125,311.17999267578125,120726100,20241114,TSLA,330.239990234375,311.17999267578125,0,0.0858048957002614,0.18849934256652712,0.09889554920689406,0.1390027569672527,0.053806838740689714,0.18605117465107662,0.07769328032950681,0.1702461618377913,-0.8856,0.7639,-0.03633928571428572
320.7200012207031,320.7200012207031,114440300,20241115,TSLA,311.17999267578125,320.7200012207031,1,0.16016597875459798,0.1857953495432208,0.0398190169983813,0.19258407338131553,0.12806517568828232,0.05852554177529726,0.12019246392265262,0.11485239993625185,-0.5983,0.9485,0.32869444444444446
338.739990234375,338.739990234375,126085600,20241118,TSLA,320.7200012207031,338.739990234375,1,0.08534382027854708,0.22064819437841168,0.10285040518759465,0.15099410247538655,0.03361331714811478,0.15260887380261642,0.14049568420072564,0.11344560252860289,-0.7269,0.8775,0.19363125
346.0,346.0,88852500,20241119,TSLA,338.739990234375,346.0,1,0.09660809469876833,0.22434048020098626,0.06178703992123831,0.06691933817483087,0.1592124284803131,0.11323904763364416,0.09292277646991906,0.1849707944202996,-0.7717,0.8074,-0.086424
342.0299987792969,342.0299987792969,66340700,20241120,TSLA,346.0,342.0299987792969,0,0.08598345324122317,0.13621595054326627,0.09111081050355158,0.09262650302117288,0.2350409651803983,0.11607474848229334,0.1266174682311207,0.11633010079697338,-0.6486,0.9099,0.021027777777777788
339.6400146484375,339.6400146484375,58011700,20241121,TSLA,342.0299987792969,339.6400146484375,0,0.14312390261464827,0.08351581341914473,0.08054496939593486,0.207669012911983,0.16951710436382855,0.09843198116358547,0.08995294047867453,0.12724427565220028,-0.9274,0.8478,0.1693909090909091
352.5599975585937,352.5599975585937,89140700,20241122,TSLA,339.6400146484375,352.5599975585937,1,0.10390382759967752,0.18700763202484386,0.06196841693486732,0.15563590622487092,0.15354215762524245,0.13076742228441443,0.12909163501613746,0.07808300228994573,-0.89,0.9134,0.04464166666666667
338.5899963378906,338.5899963378906,95890900,20241125,TSLA,352.5599975585937,338.5899963378906,0,0.12162720242628097,0.09768238357032251,0.04461833673882167,0.1355863785923084,0.10560560330915159,0.14656884912516752,0.10721085005813398,0.24110039617981308,-0.8052,0.9392,0.06791111111111112
338.2300109863281,338.2300109863281,62295900,20241126,TSLA,338.5899963378906,338.2300109863281,0,0.13799621777497212,0.18375818983701359,0.0671014776217639,0.1090178880938191,0.10363217135783583,0.12196022979840496,0.07488254268885752,0.20165128282733263,-0.7906,0.8122,0.0481
332.8900146484375,332.8900146484375,57896400,20241127,TSLA,338.2300109863281,332.8900146484375,0,0.0815858853274512,0.20475843618837455,0.06077264157844835,0.14368723166840233,0.10764196482379128,0.04511318300580801,0.10216500797929956,0.25427564942842446,-0.6249,0.8513,0.026655172413793102
345.1600036621094,345.1600036621094,37167600,20241129,TSLA,332.8900146484375,345.1600036621094,1,0.15844253972330874,0.2647716772939916,0.03472878092569361,0.11262808342180788,0.12062908570386767,0.12138391654790509,0.15811482381095882,0.02930109257246625,-0.4767,0.0,-0.1623
357.0899963378906,357.0899963378906,77986500,20241202,TSLA,345.1600036621094,357.0899963378906,1,0.023555343564056783,0.1865230173755472,0.049524309056834186,0.20182074268476244,0.24972271166559695,0.1868107254316314,0.07847575273106143,0.023567397490509314,-0.3818,0.7825,0.07212857142857143
351.4200134277344,351.4200134277344,58267200,20241203,TSLA,357.0899963378906,351.4200134277344,0,0.12292901469002154,0.26407976939505073,0.0497767859816286,0.19975021530906226,0.09978173147909827,0.04977863996617157,0.04977843231434685,0.16412541086461985,-0.765,0.0,-0.34082500000000004
357.92999267578125,357.92999267578125,50810900,20241204,TSLA,351.4200134277344,357.92999267578125,1,0.039064041612137126,0.35522762521312595,0.03906720976581745,0.22285351073356985,0.10156033821408388,0.03906250183022442,0.03906250189263785,0.16410227073840317,-0.6794,0.5994,-0.210675
369.489990234375,369.489990234375,81403600,20241205,TSLA,357.92999267578125,369.489990234375,1,0.10237021733813208,0.06550132532540187,0.07243026724110771,0.25375657593223677,0.1419000526490408,0.19190052817964312,0.09580480362050305,0.07633622971393428,-0.7096,0.9245,0.09181052631578947
389.2200012207031,389.2200012207031,81455800,20241206,TSLA,369.489990234375,389.2200012207031,1,0.048611113677756064,0.3819041378673367,0.0486185415911316,0.04861220416050874,0.048634925294585934,0.15973018749595325,0.21527777666780587,0.04861111324492146,-0.3818,0.0,-0.12726666666666667
389.7900085449219,389.7900085449219,96359200,20241209,TSLA,389.2200012207031,389.7900085449219,1,0.18210746710949646,0.11570101978341471,0.06245410203829086,0.14878787073344021,0.11811698161773088,0.03837260086664751,0.24653235572189772,0.08792760212908131,-0.7421,0.7964,0.15228214285714284
400.989990234375,400.989990234375,97563600,20241210,TSLA,389.7900085449219,400.989990234375,1,0.090961372313815,0.19681614571440317,0.08775697775826913,0.12487472308910733,0.10119000254633852,0.08485065560812012,0.15911609430532006,0.15443402866462635,-0.8807,0.8516,-0.08806
424.7699890136719,424.7699890136719,104287600,20241211,TSLA,400.989990234375,424.7699890136719,1,0.13532665216869894,0.22453631677842886,0.14808235042101117,0.15162969490755382,0.08323559756742444,0.05029921841927833,0.08888463783610723,0.11800553190149685,-0.7096,0.6096,0.028711764705882353
418.1000061035156,418.1000061035156,87752200,20241212,TSLA,424.7699890136719,418.1000061035156,0,0.10006680861846716,0.25878626391257,0.04128878953797325,0.12344531686783235,0.12081690638652036,0.05140500439569434,0.11769953166776283,0.1864913786131794,-0.9118,0.7964,0.11898235294117647
436.2300109863281,436.2300109863281,89000200,20241213,TSLA,418.1000061035156,436.2300109863281,1,0.09817046644599221,0.1105742260266907,0.07028189935143636,0.15472708697186077,0.10012880303399536,0.1533660387469885,0.19646684442590345,0.11628463499713237,-0.8074,0.9022,0.10837037037037035
463.0199890136719,463.0199890136719,114083800,20241216,TSLA,436.2300109863281,463.0199890136719,1,0.0856584900949509,0.18396742596535612,0.06696028064652175,0.1019998943007177,0.1088204280052876,0.19035745111948008,0.14390534603808888,0.11833068382959663,0.0,0.7579,0.44731428571428566
479.8599853515625,479.8599853515625,131223000,20241217,TSLA,463.0199890136719,479.8599853515625,1,0.11486465723631607,0.14667458181097273,0.0813740596047749,0.10842223009795683,0.07687381574644335,0.2086005903560116,0.116871516276731,0.14631854887079315,-0.9066,0.8331,0.15070740740740743
440.1300048828125,440.1300048828125,149340800,20241218,TSLA,479.8599853515625,440.1300048828125,0,0.06374815506842191,0.18730606963755092,0.09935526871726044,0.1597051835996541,0.20146105651126442,0.09593176859209197,0.07719004326892173,0.11530245460483424,-0.915,0.5093,-0.21695714285714285
436.1700134277344,436.1700134277344,118566100,20241219,TSLA,440.1300048828125,436.1700134277344,0,0.08636458273731949,0.16129718982591912,0.08369834785622263,0.18456308621810397,0.10054204769142647,0.08343719508639166,0.10241653077149707,0.1976810198131193,-0.743,0.5187,-0.23474615384615383
421.05999755859375,421.05999755859375,132216200,20241220,TSLA,436.1700134277344,421.05999755859375,0,0.13955398442748088,0.14129338861679588,0.06391792095938911,0.22672833209551027,0.07099123332879947,0.06838944741585243,0.09843936264355514,0.19068633051261652,-0.9184,0.836,-0.07055
430.6000061035156,430.6000061035156,72698100,20241223,TSLA,421.05999755859375,430.6000061035156,1,0.08084143145601601,0.11617581537762806,0.051641340685665,0.14033456280368042,0.11819822559852429,0.20951897927967442,0.1454367009549855,0.137852943843826,-0.4939,0.8687,0.184625
462.2799987792969,462.2799987792969,59551800,20241224,TSLA,430.6000061035156,462.2799987792969,1,0.09192412655326027,0.16626457601379144,0.1342229736169236,0.07492301697198407,0.0610289281749485,0.10825290304495443,0.21519611270916383,0.14818736291497353,-0.802,0.7469,0.102925
454.1300048828125,454.1300048828125,76366400,20241226,TSLA,462.2799987792969,454.1300048828125,0,0.16610819737803567,0.2247983693050082,0.06954033464309327,0.15278468810870663,0.07416657738357484,0.12660631753580312,0.0593955618234726,0.12659995382230535,-0.8316,0.9382,-0.0072374999999999965
431.6600036621094,431.6600036621094,82666800,20241227,TSLA,454.1300048828125,431.6600036621094,0,0.15567779841642224,0.2984071270682584,0.11513276558586939,0.1092077288608562,0.024597239309438027,0.07924359571546011,0.04048357501851383,0.17725017002518154,-0.9393,0.8122,0.11257142857142856
417.4100036621094,417.4100036621094,64941000,20241230,TSLA,431.6600036621094,417.4100036621094,0,0.05277163610268724,0.24166955252961525,0.06650595844539699,0.10154630152120361,0.14956978850057565,0.05972659258333936,0.10266128129343156,0.22554888902374998,-0.8553,0.9334,-0.06626956521739129
403.8399963378906,403.8399963378906,76825100,20241231,TSLA,417.4100036621094,403.8399963378906,0,0.14939534849128797,0.13538471253156176,0.07157565978066818,0.19345065104184114,0.07687832143005224,0.15164502179061962,0.07974939109700581,0.14192089383696296,-0.7895,0.9062,0.06197931034482759
379.2799987792969,379.2799987792969,109710700,20250102,TSLA,403.8399963378906,379.2799987792969,0,0.10663240006266843,0.2636585725298264,0.1181513699191533,0.13457420908537507,0.08140073102858482,0.037056349577990394,0.09045636377881408,0.16807000401758723,-0.9601,0.8176,-0.20084827586206896
410.4400024414063,410.4400024414063,95423300,20250103,TSLA,379.2799987792969,410.4400024414063,1,0.12851631972798724,0.22650918315190566,0.09625801856101732,0.19889314350893678,0.07958007513697583,0.049696646943741284,0.11005283608198065,0.11049377688745492,-0.9795,0.5859,-0.25854
411.0499877929688,411.0499877929688,85516500,20250106,TSLA,410.4400024414063,411.0499877929688,1,0.0639072371855045,0.3241987545318049,0.05741144953746386,0.26266035425562484,0.09480653905430822,0.06737328855568055,0.08949357529130487,0.04014880158830794,-0.7003,0.7717,0.09718125
394.3599853515625,394.3599853515625,75699500,20250107,TSLA,411.0499877929688,394.3599853515625,0,0.09842418546246932,0.2821779642644322,0.07122719734122016,0.17190565087366036,0.10721552370827932,0.06505377793025731,0.11181023393763942,0.0921854664820416,-0.9287,0.8074,-0.129175
394.9400024414063,394.9400024414063,73038800,20250108,TSLA,394.3599853515625,394.9400024414063,1,0.16746932584297003,0.22956185561908513,0.042804866885275704,0.258818568171358,0.10839769152521914,0.055765424001370585,0.04669130874624075,0.09049095920848031,-0.8779,0.8074,-0.15644166666666667
394.739990234375,394.739990234375,62287300,20250110,TSLA,394.9400024414063,394.739990234375,0,0.1418532220801939,0.13381049047503416,0.11877506675188937,0.2610803713155339,0.0696927139078137,0.03674399445709075,0.03672666737900195,0.20131747363344205,-0.891,0.25,-0.23831538461538462
403.30999755859375,403.30999755859375,67580500,20250113,TSLA,394.739990234375,403.30999755859375,1,0.026453719465998237,0.19939204776775546,0.08740261301475849,0.2539395871565525,0.026455773521186544,0.13237431508127886,0.026445481080785257,0.24753646291168432,-0.636,0.9201,0.003499999999999998
396.3599853515625,396.3599853515625,84565000,20250114,TSLA,403.30999755859375,396.3599853515625,0,0.039062501167298355,0.16405970640741496,0.0390625013419268,0.03907214029217295,0.24738522210140648,0.24740418314414553,0.10156248634734542,0.12239125919828919,0.296,0.4574,0.40854999999999997
428.2200012207031,428.2200012207031,81375500,20250115,TSLA,396.3599853515625,428.2200012207031,1,0.1055624057932021,0.16999092629596496,0.07269329742701744,0.14792669209034395,0.06604881819610266,0.14108942809122935,0.16558197062733856,0.13110646147880065,-0.9349,0.9186,-0.008718181818181814
413.8200073242188,413.8200073242188,68335200,20250116,TSLA,428.2200012207031,413.8200073242188,0,0.04989545970123121,0.13382974581854165,0.14399140547096181,0.15061773172351278,0.12440105119807097,0.12536858958527253,0.1543274547643544,0.11756856173805431,-0.9397,0.923,0.14652777777777778
426.5,426.5,94991400,20250117,TSLA,413.8200073242188,426.5,1,0.14037612175195538,0.11899345980403728,0.10443377479676924,0.0752392580056046,0.18623756384948692,0.12548891852759292,0.09994883745466081,0.14928206580989253,-0.7184,0.891,-0.030447826086956533
424.0700073242188,424.0700073242188,87320900,20250121,TSLA,426.5,424.0700073242188,0,0.10346143795305411,0.20310120386713182,0.09865388705544081,0.15534916412968117,0.07703981762669179,0.07637604523488487,0.1319361820541091,0.15408226207900602,-0.7579,0.7783,0.05414166666666667
415.1099853515625,415.1099853515625,60963300,20250122,TSLA,424.0700073242188,415.1099853515625,0,0.20312627930191648,0.11978917632727054,0.0572916680592172,0.0572916679181908,0.11977720031746844,0.11980117883734427,0.26562466873255264,0.05729816050603935,-0.8225,0.7906,-0.04515
412.3800048828125,412.3800048828125,50690600,20250123,TSLA,415.1099853515625,412.3800048828125,0,0.09773064437707085,0.12765153622821146,0.07500200192733343,0.2059452819031321,0.14602365428962638,0.09015678911985242,0.04470039612438403,0.21278969603038914,-0.8346,0.7096,-0.14071818181818183
406.5799865722656,406.5799865722656,56427100,20250124,TSLA,412.3800048828125,406.5799865722656,0,0.042808393894449896,0.2413914461811937,0.08179655107059546,0.11103478351879326,0.1657296814139685,0.08845386730149435,0.05550736721810684,0.21327790940139768,-0.8832,0.0,-0.506275
397.1499938964844,397.1499938964844,58125500,20250127,TSLA,406.5799865722656,397.1499938964844,0,0.036122201132616404,0.03614014254409447,0.0361268785920613,0.22700953860674233,0.0361260482877974,0.3340933881587968,0.036113293784182,0.25826850889370906,-0.2732,0.0,-0.09106666666666667
398.0899963378906,398.0899963378906,48910700,20250128,TSLA,397.1499938964844,398.0899963378906,1,0.0658676130982518,0.09151286261276499,0.0662235096105156,0.2241049113431628,0.10194136630217897,0.06622259959985723,0.1674140456472985,0.2167130917859698,-0.6113,0.6858,0.21798571428571425
389.1000061035156,389.1000061035156,68033600,20250129,TSLA,398.0899963378906,389.1000061035156,0,0.14394923713860486,0.18556412679756956,0.08417795978069409,0.15494626001210632,0.11325811080422417,0.05593166534673167,0.12017558820494902,0.14199705191512,-0.8811,0.9371,0.2587
400.2799987792969,400.2799987792969,98092900,20250130,TSLA,389.1000061035156,400.2799987792969,1,0.022228770263699734,0.1888419950232422,0.1611211816052589,0.2389005883663865,0.15556082780723487,0.02225293946540073,0.10553161707604197,0.10556208039273467,-0.4019,0.5118,0.03663333333333335
404.6000061035156,404.6000061035156,83283600,20250131,TSLA,400.2799987792969,404.6000061035156,1,0.0677038684715164,0.2228916838054541,0.11442838203393348,0.34750353559970837,0.025561199590011588,0.025557661281550043,0.05333565078601759,0.1430180184318081,-0.9798,0.9186,-0.018588888888888894
383.6799926757813,383.6799926757813,93732100,20250203,TSLA,404.6000061035156,383.6799926757813,0,0.1150338421329585,0.1355784813414706,0.05892671579508898,0.14451271783331482,0.10410702524311462,0.06985989194497351,0.09269887666683671,0.27928244904224186,-0.9598,0.872,0.06970000000000001
392.2099914550781,392.2099914550781,57072200,20250204,TSLA,383.6799926757813,392.2099914550781,1,0.09261159480934403,0.17700410320714913,0.040721067554568995,0.25178033856209764,0.10912948389445506,0.05253592755902286,0.044764868717637456,0.23145261569572453,-0.9349,0.8429,-0.030151724137931036
378.1700134277344,378.1700134277344,57223300,20250205,TSLA,392.2099914550781,378.1700134277344,0,0.03900020423478946,0.06863480125813234,0.05817892720527175,0.14227014910418773,0.043260201506833365,0.08398606295509405,0.12161848052796882,0.44305117320772214,-0.6696,0.9273,0.1727153846153846
374.3200073242188,374.3200073242188,77918200,20250206,TSLA,378.1700134277344,374.3200073242188,0,0.058101837988777966,0.14266983814329431,0.035882579303676235,0.035886460608384886,0.0581250235983035,0.0358944415141078,0.2598548175976628,0.3735850012457922,-0.7184,0.8481,-0.19104444444444446
361.6199951171875,361.6199951171875,70298300,20250207,TSLA,374.3200073242188,361.6199951171875,0,0.060059928008022324,0.2527704625975608,0.03922099594944122,0.17760179500509854,0.049914906871166786,0.08087001571438794,0.10172669309104315,0.23783520276327896,-0.9682,0.6705,-0.17620833333333333
350.7300109863281,350.7300109863281,77514900,20250210,TSLA,361.6199951171875,350.7300109863281,0,0.10524913209515735,0.21680399164868278,0.07132662797485846,0.2192113929352262,0.04660750186118373,0.0763265812665569,0.09616398296738189,0.16831078925095236,-0.9559,0.9159,-0.0029487804878048783
328.5,328.5,118543400,20250211,TSLA,350.7300109863281,328.5,0,0.172291998605115,0.1780467140330611,0.05883211655477974,0.2130441285032809,0.10689214464365299,0.046801331459186295,0.0810194059640281,0.1430721602368956,-0.9219,0.7579,-0.1266076923076923
336.510009765625,336.510009765625,105382700,20250212,TSLA,328.5,336.510009765625,1,0.2115681613024369,0.2078784496350604,0.06993718294438582,0.11461043148160564,0.056040619485520686,0.04701480826264082,0.08034980717693592,0.2126005397114135,-0.9178,0.8313,0.035475
355.94000244140625,355.94000244140625,89441500,20250213,TSLA,336.510009765625,355.94000244140625,1,0.0954239071155419,0.17883207105653576,0.09119521564488312,0.17480488675882808,0.08875845825648493,0.03788473407444449,0.09492703569873472,0.2381736913945467,-0.8922,0.802,-0.05264137931034483
355.8399963378906,355.8399963378906,68277300,20250214,TSLA,355.94000244140625,355.8399963378906,0,0.16731783034453906,0.17918453760655098,0.09778593158807215,0.17219890004603045,0.13743097382892627,0.06644144799469774,0.05210496751796302,0.12753541107321997,-0.8442,0.743,0.20852222222222222
354.1099853515625,354.1099853515625,51631700,20250218,TSLA,355.8399963378906,354.1099853515625,0,0.07021224272543818,0.23405134544206005,0.05707413975709872,0.19593347767780717,0.03293296976039697,0.11847142247659499,0.16045552688063558,0.13086887527996804,-0.8176,0.9259,0.17854210526315786
360.55999755859375,360.55999755859375,67094400,20250219,TSLA,354.1099853515625,360.55999755859375,1,0.11518414396164545,0.1186215553280924,0.07386244767263761,0.1364842271013805,0.08196581363285811,0.16468487491267728,0.20977341679106398,0.0994235205996443,-0.6746,0.7436,-0.0011294117647058788
354.3999938964844,354.3999938964844,45965400,20250220,TSLA,360.55999755859375,354.3999938964844,0,0.08192808339412269,0.18541313324079814,0.046594707999004815,0.21450967938459797,0.06735617790168756,0.11142196030256143,0.1237356427251781,0.16904061505204898,-0.9313,0.7339,-0.12372666666666668
337.79998779296875,337.79998779296875,74058600,20250221,TSLA,354.3999938964844,337.79998779296875,0,0.12585508715629326,0.2355243970596766,0.07766246340546291,0.12370342643407654,0.09033901024856615,0.04251375544767176,0.16286577920482695,0.14153608104342555,-0.8881,0.8555,-0.12123499999999998
330.5299987792969,330.5299987792969,76052300,20250224,TSLA,337.79998779296875,330.5299987792969,0,0.08432108951206238,0.22672731817009448,0.053344838569277804,0.14738314019547075,0.12202616651223344,0.08680630635033106,0.15282971842524004,0.12656142226528974,-0.9304,0.8883,0.10353030303030301
302.79998779296875,302.79998779296875,134228800,20250225,TSLA,330.5299987792969,302.79998779296875,0,0.15054672266264352,0.13511822383392466,0.05540352880942556,0.21471106493259967,0.09588125652488018,0.10414958259031286,0.13803958410176875,0.10615003654444446,-0.8574,0.7088,-0.04140285714285715
290.79998779296875,290.79998779296875,100118300,20250226,TSLA,302.79998779296875,290.79998779296875,0,0.09446948370474532,0.11426158130614875,0.049499883716064265,0.2831013627105511,0.13462081200624917,0.08943084730673614,0.11792356085770686,0.11669246839179799,-0.8704,0.7263,-0.192475
281.95001220703125,281.95001220703125,101748200,20250227,TSLA,290.79998779296875,281.95001220703125,0,0.11727428784364088,0.19239689814367142,0.0493833929883371,0.10294621066038136,0.11832330164414234,0.1288947944976312,0.15964403131003224,0.13113708291216317,-0.866,0.8858,-0.007563636363636358
292.9800109863281,292.9800109863281,115697000,20250228,TSLA,281.95001220703125,292.9800109863281,1,0.12057156378696614,0.19960287827004394,0.11726810570847146,0.1750366394681692,0.10829449271746172,0.11592076727178413,0.06608221574372744,0.09722333703337564,-0.8885,0.7424,-0.0627235294117647
284.6499938964844,284.6499938964844,115551400,20250303,TSLA,292.9800109863281,284.6499938964844,0,0.13565570068616165,0.15055661310364368,0.08566759500419152,0.170246352641266,0.11327786423069713,0.09912054202377259,0.14699172465765964,0.09848360765260744,-0.9247,0.7897,0.03626842105263158
272.0400085449219,272.0400085449219,126706600,20250304,TSLA,284.6499938964844,272.0400085449219,0,0.05940307710886868,0.22967474134760238,0.07409905004513423,0.11421674999084167,0.14161767874281145,0.0343078686867102,0.15020817395530603,0.19647266012272507,-0.9423,0.5399,-0.13518
279.1000061035156,279.1000061035156,94042900,20250305,TSLA,272.0400085449219,279.1000061035156,1,0.0463027351638164,0.2506352153732454,0.04057536993681085,0.2708091642494983,0.07781878300205396,0.11675483031591846,0.07489541726913826,0.12220848468951802,-0.9062,0.5267,-0.12778
263.45001220703125,263.45001220703125,98451600,20250306,TSLA,279.1000061035156,263.45001220703125,0,0.14112065813187183,0.04744485603476033,0.05781563534469924,0.2828756764320908,0.0674098217075551,0.0265684704890259,0.06343328958354434,0.31333159227645213,-0.9025,0.0258,-0.5034125
262.6700134277344,262.6700134277344,102369600,20250307,TSLA,263.45001220703125,262.6700134277344,0,0.060294802963455844,0.08187898892369147,0.14938226167999832,0.08091096763624714,0.19579790704761815,0.10822841328291423,0.2065581019241763,0.1169485565418983,-0.5994,0.6486,0.13138571428571427
222.1499938964844,222.1499938964844,189076900,20250310,TSLA,262.6700134277344,222.1499938964844,0,0.12058182463484372,0.16520394530750948,0.07873130536336188,0.3751801096535394,0.05095550349338662,0.0342923790066253,0.052798915740365396,0.12225601680036792,-0.8313,0.7317,0.07292
230.5800018310547,230.5800018310547,174896400,20250311,TSLA,222.1499938964844,230.5800018310547,1,0.04389274104730633,0.3105365129710794,0.04325955227042521,0.25112201257814554,0.08459473178751577,0.03914434982726293,0.11784703535076492,0.10960306416749953,-0.8442,0.8555,-0.04992222222222223
248.08999633789065,248.08999633789065,142215700,20250312,TSLA,230.5800018310547,248.08999633789065,1,0.09861295687138459,0.067256933582422,0.11609182744553373,0.37985412812125713,0.03611173340191675,0.03611219113623487,0.03611192326655464,0.22984830617469593,-0.899,0.4574,-0.24085
240.67999267578125,240.67999267578125,114813500,20250313,TSLA,248.08999633789065,240.67999267578125,0,0.025287953177891075,0.41679224591472747,0.02527807173894945,0.07570048416627284,0.02528088012508225,0.025275950714132876,0.10861283570837181,0.2977715784545719,-0.3612,0.6249,0.166575
249.97999572753903,249.97999572753903,100242300,20250314,TSLA,240.67999267578125,249.97999572753903,1,0.1880753209461671,0.07031272104144198,0.020315285227263925,0.468156287238009,0.02031614872222395,0.020325397279018602,0.042178434405022426,0.1703204051408527,-0.636,0.2732,-0.246925
238.00999450683597,238.00999450683597,111900600,20250317,TSLA,249.97999572753903,238.00999450683597,0,0.07669091191019459,0.19051935262299619,0.0189372593164877,0.2888814751871883,0.09404880787256628,0.1565497469283916,0.07839960680775523,0.09597283935441978,-0.743,0.6486,-0.1678
225.30999755859372,225.30999755859372,111477600,20250318,TSLA,238.00999450683597,225.30999755859372,0,0.15161068665551983,0.16669028991365903,0.09223891072426203,0.22999662289115314,0.06660881334044919,0.1344640698405418,0.08159981755717549,0.07679078907723916,-0.9552,0.8715,0.021179999999999994
235.8600006103516,235.8600006103516,111993800,20250319,TSLA,225.30999755859372,235.8600006103516,1,0.2095597620366263,0.11372947470968704,0.12616876882111838,0.128991799380933,0.03871527912635262,0.11509210658181042,0.09287200933718985,0.17487080000628205,-0.802,0.6476,0.016566666666666657
236.25999450683597,236.25999450683597,99028300,20250320,TSLA,235.8600006103516,236.25999450683597,1,0.10237943322543226,0.14914745877167182,0.08875212055932227,0.19225161495917387,0.07994405278933567,0.07867336926621765,0.11991432530435298,0.18893762512449316,-0.8934,0.6249,-0.21368947368421054
248.7100067138672,248.7100067138672,132728700,20250321,TSLA,236.25999450683597,248.7100067138672,1,0.1956029727562467,0.13406155260614772,0.08042585439353546,0.09594003119866418,0.02894537974126732,0.08568360982990865,0.29077669237861886,0.08856390709561075,-0.9001,0.2732,-0.2861833333333333
278.3900146484375,278.3900146484375,169079900,20250324,TSLA,248.7100067138672,278.3900146484375,1,0.04229617078440135,0.11528109877561128,0.11468213163862047,0.18690038554597246,0.04231034450232029,0.17985265309204235,0.11248388474841668,0.2061933309126148,-0.5267,0.6166,0.017471428571428582
288.1400146484375,288.1400146484375,150361500,20250325,TSLA,278.3900146484375,288.1400146484375,1,0.10778313870678989,0.09809351335738219,0.1319088976341199,0.2575543569459904,0.13836147848758948,0.0767037635894495,0.04926416873171654,0.1403306825469618,-0.8973,0.8783,-0.011903921568627443
272.0599975585937,272.0599975585937,153629800,20250326,TSLA,288.1400146484375,272.0599975585937,0,0.05813049771050326,0.10799592026039376,0.08986292174183522,0.22961441618037923,0.11893085308876893,0.12775869223839356,0.14108807020448055,0.1266186285752452,-0.8225,0.7184,-0.00384482758620689
273.1300048828125,273.1300048828125,162572100,20250327,TSLA,272.0599975585937,273.1300048828125,1,0.08319948921799676,0.11692785040516304,0.15490555935021363,0.22035037141548203,0.12360275667906097,0.07690626971938176,0.10424342977326818,0.11986427343943329,-0.8769,0.9245,0.09139090909090908
263.54998779296875,263.54998779296875,123809400,20250328,TSLA,273.1300048828125,263.54998779296875,0,0.08799091088501583,0.12883350669528107,0.17289606489756232,0.19985851299639443,0.11429825736306493,0.07739323953531095,0.08280976941024727,0.1359197382171229,-0.836,0.7345,0.02170204081632653
259.1600036621094,259.1600036621094,134008900,20250331,TSLA,263.54998779296875,259.1600036621094,0,0.11170918028099446,0.09749581530780062,0.21015974660211192,0.23789196282540953,0.14846719308770917,0.050629913468123684,0.08019300639856745,0.06345318202928284,-0.7269,0.8588,0.14555625
268.4599914550781,268.4599914550781,146486900,20250401,TSLA,259.1600036621094,268.4599914550781,1,0.07601676453530233,0.056053351584245785,0.146192451623968,0.2707052583630082,0.1679965717540134,0.1372320621397906,0.06270492076140852,0.08309861923826281,-0.8159,0.6249,-0.002421428571428569
282.760009765625,282.760009765625,212787800,20250402,TSLA,268.4599914550781,282.760009765625,1,0.13489782506332285,0.15014694997454614,0.09771755549775997,0.24037875192215571,0.05827751422930648,0.13390188892912402,0.09766724247595765,0.08701227190782683,-0.4767,0.7845,0.1501111111111111
267.2799987792969,267.2799987792969,136174300,20250403,TSLA,282.760009765625,267.2799987792969,0,0.09657731407830784,0.04575042932563451,0.0895527817337604,0.3169271114454249,0.12811348484008167,0.144833347911177,0.07795005965809017,0.10029547100752319,-0.9136,0.8256,0.018377272727272735
239.42999267578125,239.42999267578125,181229400,20250404,TSLA,267.2799987792969,239.42999267578125,0,0.045145891195466054,0.045160859962920796,0.06598589490090381,0.24999734849662644,0.07600481700738076,0.44821859728902486,0.0451610859944389,0.024325505153238076,-0.6841,0.5093,0.086225
233.2899932861328,233.2899932861328,183453800,20250407,TSLA,239.42999267578125,233.2899932861328,0,0.1348116406679962,0.11782281137984792,0.06714045304329515,0.235997176430449,0.12222655625376838,0.09191764296381236,0.1863226703348161,0.043761048926014644,0.0,0.8786,0.32651111111111114
221.8600006103516,221.8600006103516,171603500,20250408,TSLA,233.2899932861328,221.8600006103516,0,0.2212864851544114,0.18685980309363476,0.16112483067595743,0.1296769595365891,0.022637391606804662,0.08032533393068922,0.022641702566491544,0.17544749343542151,-0.7351,0.4824,-0.03429230769230769
272.20001220703125,272.20001220703125,219433400,20250409,TSLA,221.8600006103516,272.20001220703125,1,0.1099597959265781,0.08230685008292621,0.268791969597508,0.145037699027222,0.04181122378201088,0.04937522392878164,0.14183537343969366,0.16088186421527917,-0.8225,0.6486,-0.1492909090909091
252.3999938964844,252.3999938964844,181722600,20250410,TSLA,272.20001220703125,252.3999938964844,0,0.1846357128786358,0.1052493535716407,0.15946334635166753,0.1258263204674595,0.06656257592534466,0.13101594778631565,0.11642586047043978,0.11082088254849598,-0.9187,0.8689,0.1221
252.30999755859372,252.30999755859372,128948100,20250411,TSLA,252.3999938964844,252.30999755859372,0,0.1046245724319409,0.08644965295464792,0.1280042219632257,0.21209172102041898,0.17180862795875806,0.09456862580345027,0.05895903446390216,0.1434935434036557,-0.7964,0.8271,0.07822916666666667
