,close,adjclose,volume,datetime,ticker,T_minus_1_price,T_price,change_vs_T_minus_1,topic_0,topic_1,topic_2,topic_3,topic_4,topic_5,topic_6,topic_7,min_sentiment,max_sentiment,avg_sentiment
0,1.5926669836044312,1.5926669836044312,281494500,20100629,TSLA,,1.5926669836044312,0,0.3780679655,0.00052778145,0.02634924399,0.0005279106097,0.0005282654554,0.000528044615,0.0005279215083,0.5929428668,0.9842,0.9842,0.9842
1,1.5886670351028442,1.5886670351028442,257806500,20100630,TSLA,1.5926669836044312,1.5886670351028442,0,0.07253408029,0.01840115581,5.99e-05,0.7074911555,5.99e-05,5.99e-05,0.2013340563,5.99e-05,,,
2,1.4639999866485596,1.4639999866485596,123282000,20100701,TSLA,1.5886670351028442,1.4639999866485596,0,0.0008126711198,0.06830466916,0.8763958982,0.0008130966946,0.05123536723,0.000812620886,0.0008132599337,0.0008124167816,0.9729,0.9729,0.9729
3,1.2799999713897705,1.2799999713897705,77097000,20100702,TSLA,1.4639999866485596,1.2799999713897705,0,0.0008176021672,0.0008176040463,0.9942749327,0.0008178771962,0.0008181108654,0.000818057322,0.0008177831469,0.0008180325217,0.9786,0.9786,0.9786
4,1.0740000009536743,1.0740000009536743,103003500,20100706,TSLA,1.2799999713897705,1.0740000009536743,0,0.08054795144,5.35e-05,5.35e-05,0.5783459978,5.36e-05,5.35e-05,0.3408383855,5.35e-05,,,
5,1.1640000343322754,1.1640000343322754,115671000,20100708,TSLA,1.053333044052124,1.1640000343322754,1,0.23283312635,0.0005548682136,0.21151096605,0.00055495635065,0.2413089039024,0.039155654172900005,0.01458612350595,0.25949540144505,0.9938,0.9949,0.9943500000000001
6,1.159999966621399,1.159999966621399,60759000,20100709,TSLA,1.1640000343322754,1.159999966621399,0,0.0044500998257999995,0.0044452344985,0.13121987203000002,0.1645330654664,0.0044477706518,0.00444458340275,0.004443986163,0.6820153879499999,-0.6734,0.9896,0.15810000000000002
7,1.3259999752044678,1.3259999752044678,56097000,20100715,TSLA,1.3226670026779177,1.3259999752044678,1,0.14005976831435,0.1386462405036,0.2349226384743,0.0005013566117,0.0838499176324,0.00050152860195,0.18971732936000002,0.211801220438,0.9901,0.9984,0.99425
8,1.3760000467300415,1.3760000467300415,39319500,20100716,TSLA,1.3259999752044678,1.3760000467300415,1,0.016168842628,0.0006163699779333333,0.0006161091092666667,0.03742152824733334,0.11903101950286667,0.007484708567300001,0.005972421101299999,0.8126890008333333,-0.9984,0.9997,0.26866666666666666
9,1.4606670141220093,1.4606670141220093,37297500,20100719,TSLA,1.3760000467300415,1.4606670141220093,1,0.0005818770544,0.000582000849,0.8586438844,0.0005818776801,0.1378632427,0.0005833587427,0.0005818484105,0.0005819101844,0.9787,0.9787,0.9787
10,1.3533329963684082,1.3533329963684082,27379500,20100720,TSLA,1.4606670141220093,1.3533329963684082,0,0.0004273692415,0.1663371189,0.3520194945,0.000427279577,0.4795070864,0.0004270736857,0.0004274870679,0.0004270906153,0.9984,0.9984,0.9984
11,1.3966670036315918,1.3966670036315918,13833000,20100726,TSLA,1.4193329811096191,1.3966670036315918,0,0.09533242076,0.0004603319848,0.0004603506706,0.0004605221302,0.03073350126,0.0004603231487,0.0004603100268,0.87163224,-0.9798,-0.9798,-0.9798
12,1.3700000047683716,1.3700000047683716,9295500,20100727,TSLA,1.3966670036315918,1.3700000047683716,0,0.042766565150000005,0.00047155019645,0.06618235462385,0.00047130150275,0.4011343144265,0.0004711676362,0.010789979331,0.4777127671467,0.078,0.9944,0.5362
13,1.3566670417785645,1.3566670417785645,9240000,20100729,TSLA,1.3813329935073853,1.3566670417785645,0,0.0894444505126,0.2966764697,0.17227273069079999,0.015768804307899998,0.11476745903305001,0.0005721810725,0.0005724318454,0.30992547284785,0.7845,0.9921,0.8883
14,1.3946670293807983,1.3946670293807983,10771500,20100802,TSLA,1.329332947731018,1.3946670293807983,1,0.0002331411109,0.0002330299701,0.826622599,0.0218299126,0.1503819366,0.0002331487887,0.0002330991396,0.0002331326949,-0.9982,-0.9982,-0.9982
15,1.463333010673523,1.463333010673523,18457500,20100803,TSLA,1.3946670293807983,1.463333010673523,1,0.0003508577543,0.0003504987025,0.9975457078,0.0003505955379,0.0003508806771,0.000350439943,0.0003504495328,0.0003505700982,0.9145,0.9145,0.9145
16,1.2686669826507568,1.2686669826507568,19219500,20100810,TSLA,1.3066669702529907,1.2686669826507568,0,0.04917990354,0.0006082427366,0.0006078235769,0.0006080280106,0.8957220304,0.05205836291,0.0006077354076,0.0006078733885,0.9533,0.9533,0.9533
17,1.273332953453064,1.273332953453064,4440000,20100820,TSLA,1.25266695022583,1.273332953453064,1,0.002978078982,0.002976755484,0.9791570337,0.002977230801,0.002978038827,0.002977086477,0.002976597522,0.0029791782,0.9493,0.9493,0.9493
18,1.3166669607162476,1.3166669607162476,6507000,20100826,TSLA,1.3266669511795044,1.3166669607162476,0,0.06636512826,0.1070391493,0.007432843445,0.000392339423,0.0003925152933,0.0003922692301,0.0003922146621,0.8175935404,0.9944,0.9944,0.9944
19,1.3133330345153809,1.3133330345153809,5694000,20100827,TSLA,1.3166669607162476,1.3133330345153809,0,0.0004879978456,0.07545947766415,0.88468639635,0.00048771441535000004,0.02578813055645,0.0004877508701,0.00048784400950000004,0.01211468825585,0.9809,0.9896,0.98525
20,1.363332986831665,1.363332986831665,7423500,20100901,TSLA,1.2986669540405271,1.363332986831665,1,0.1508314641,0.07835028944,0.02728215173,0.0003547994786,0.0003545941432,0.000355585433,0.0003543666036,0.7421167491,0.9953,0.9953,0.9953
21,1.4040000438690186,1.4040000438690186,7306500,20100902,TSLA,1.363332986831665,1.4040000438690186,1,0.0008815335876,0.0008809881424,0.1083086393,0.1859889667,0.701295369,0.0008812443548,0.000880755852,0.0008825030534,0.9792,0.9792,0.9792
22,1.4033329486846924,1.4033329486846924,6519000,20100903,TSLA,1.4040000438690186,1.4033329486846924,0,0.04062850585,0.0005589397445,0.1323671607,0.04621143578,0.6911903981,0.08792575504,0.0005587339022,0.0005590708322,0.9991,0.9991,0.9991
23,1.3813329935073853,1.3813329935073853,5412000,20100913,TSLA,1.3446669578552246,1.3813329935073853,1,0.8690814481,0.0003647344148,0.0003646973686,0.0003648361865,0.09579303541,0.0003650621012,0.0003648037377,0.03330138271,0.9983,0.9983,0.9983
24,1.4653329849243164,1.4653329849243164,10269000,20100915,TSLA,1.4079999923706057,1.4653329849243164,1,0.1006724043,0.03279475797,0.62261183,0.0002203972369,0.2430394098,0.0002203550086,0.0002204255471,0.0002204202452,0.9997,0.9997,0.9997
25,1.348667025566101,1.348667025566101,17977500,20100917,TSLA,1.3960000276565552,1.348667025566101,0,0.0005908011021,0.0005907914013,0.5530596432,0.09447422521,0.314555226,0.0005904975063,0.03554837739,0.0005904382237,0.9926,0.9926,0.9926
26,1.4040000438690186,1.4040000438690186,14212500,20100920,TSLA,1.348667025566101,1.4040000438690186,1,0.459929155975,0.00040790407095,0.00040782208685,0.01156696823985,0.46366108824,0.0151230513631,0.00040813925545,0.0484958707782,0.9963,0.9979,0.9971
27,1.324666976928711,1.324666976928711,14443500,20100922,TSLA,1.3846670389175415,1.324666976928711,0,0.0004725842177,0.146479475,0.0004728341881,0.0004724057012,0.0004727802338,0.03646042185,0.0004723538434,0.814697145,0.9713,0.9713,0.9713
28,1.3040000200271606,1.3040000200271606,10021500,20100923,TSLA,1.324666976928711,1.3040000200271606,0,0.0004600103361,0.0004600195556,0.000459897096,0.000460118968,0.0004600700192,0.0004599349762,0.0004600692989,0.9967798798,0.9829,0.9829,0.9829
29,1.340000033378601,1.340000033378601,8683500,20100924,TSLA,1.3040000200271606,1.340000033378601,1,0.0003856350107,0.3033898954,0.4947232808,0.0003851576891,0.07138440564,0.0003851744823,0.1289613403,0.0003851106077,0.9908,0.9908,0.9908
30,1.3686670064926147,1.3686670064926147,6279000,20100927,TSLA,1.340000033378601,1.3686670064926147,1,0.0004438691344,0.0004435419474,0.0004437046612,0.0004437870243,0.0004437719197,0.0004436669581,0.0004435684384,0.9968940899,-0.9668,-0.9668,-0.9668
31,1.4266669750213623,1.4266669750213623,18217500,20100928,TSLA,1.3686670064926147,1.4266669750213623,1,0.0005398382967,0.5227609425,0.4388370584,0.03570336273,0.0005399947791,0.0005395279002,0.0005397002605,0.0005395751106,0.9957,0.9957,0.9957
32,1.4653329849243164,1.4653329849243164,29539500,20100929,TSLA,1.4266669750213623,1.4653329849243164,1,0.0004317853855,0.0004313950298,0.0004315312892,0.0004314295483,0.03355852988,0.0004314206672,0.0004312909394,0.9638526173,0.9963,0.9963,0.9963
33,1.3606669902801514,1.3606669902801514,32937000,20100930,TSLA,1.4653329849243164,1.3606669902801514,0,0.0004568429792,0.4320854411,0.5651737092,0.0004566992898,0.0004568961996,0.0004565273031,0.0004571735903,0.0004567104047,0.9981,0.9981,0.9981
34,1.4079999923706057,1.4079999923706057,4980000,20101005,TSLA,1.3993330001831057,1.4079999923706057,1,0.0004241553786,0.0004242736087,0.0004241232782,0.0004248476109,0.02607483205,0.000424060602,0.0004245346963,0.9713791728,0.9967,0.9967,0.9967
35,1.3619999885559082,1.3619999885559082,2115000,20101007,TSLA,1.3639999628067017,1.3619999885559082,0,0.2259469696,0.0009707365017,0.000970228492,0.7226778916,0.0009700794126,0.0009709535323,0.04652204409,0.0009710967127,-0.9342,-0.9342,-0.9342
36,1.3619999885559082,1.3619999885559082,4017000,20101008,TSLA,1.3619999885559082,1.3619999885559082,0,0.07255521658,0.0003630611042,0.0003628125579,0.08296963694,0.0003631276673,0.0003630264507,0.0003628531855,0.8426602655,0.9993,0.9993,0.9993
37,1.3493330478668213,1.3493330478668213,2568000,20101011,TSLA,1.3619999885559082,1.3493330478668213,0,0.0003548855021,0.0003547617678,0.0003545965298,0.6311124851,0.2515791435,0.0003547408175,0.0003544503864,0.1155349363,-0.9996,-0.9996,-0.9996
38,1.3493330478668213,1.3493330478668213,3660000,20101012,TSLA,1.3493330478668213,1.3493330478668213,0,0.454109862,0.0007731277449,0.05136815457,0.1973360055,0.2817657103,0.0007723802368,0.01310180136,0.0007729583695,-0.9946,-0.9946,-0.9946
39,1.369333028793335,1.369333028793335,4773000,20101013,TSLA,1.3493330478668213,1.369333028793335,1,0.04056950503,0.08965771149,0.03082716101,0.0004016986339,0.0004011889422,0.0004010707513,0.0004009798364,0.8373406843,0.9889,0.9889,0.9889
40,1.3833329677581787,1.3833329677581787,6256500,20101021,TSLA,1.376667022705078,1.3833329677581787,1,0.0322807193756,0.0432998727643,0.01378441829245,0.00066924587305,0.41309740161499997,0.00066938851185,0.00066901253605,0.49552994105000003,0.9805,0.9962,0.9883500000000001
41,1.3813329935073853,1.3813329935073853,2416500,20101022,TSLA,1.3833329677581787,1.3813329935073853,0,0.164194477911,0.00069916969615,0.16604464003045,0.0940548865014,0.4594545137,0.0006991902143,0.10248421401499999,0.0123689078892,-0.9774,0.9798,0.0011999999999999789
42,1.399999976158142,1.399999976158142,5347500,20101027,TSLA,1.4240000247955322,1.399999976158142,0,0.0006588844111,0.0006592587261,0.3856447685,0.0006595032495,0.5717059269,0.0006592648645,0.03935380422,0.0006585891448,0.9959,0.9959,0.9959
43,1.659999966621399,1.659999966621399,28110000,20101104,TSLA,1.4513330459594729,1.659999966621399,1,0.0003962061939,0.4996295375,0.3759702941,0.0003963485372,0.0003961666148,0.0003959286701,0.1224195863,0.0003959320604,0.9678,0.9678,0.9678
44,1.6293330192565918,1.6293330192565918,15165000,20101105,TSLA,1.659999966621399,1.6293330192565918,0,0.05969300845,0.0006022409771,0.5454748504,0.04828516435,0.3212553581,0.0006022444278,0.0006017543443,0.02348537901,0.8979,0.8979,0.8979
45,1.6419999599456787,1.6419999599456787,14346000,20101109,TSLA,1.6653330326080322,1.6419999599456787,0,0.2909081019435,0.0002810731334,0.028578326634233334,0.0002811130416333333,0.0002810682721666667,0.005723257351733333,0.00028094457716666666,0.6736661150433333,0.9964,0.9975,0.9969
46,1.9893330335617063,1.9893330335617063,40936500,20101112,TSLA,1.869333028793335,1.9893330335617063,1,0.1237994449,0.000688526669,0.0006873644221,0.000687877194,0.0006875549802,0.0006883727359,0.0006881512057,0.8720727079,-0.9736,-0.9736,-0.9736
47,2.053333044052124,2.053333044052124,39343500,20101115,TSLA,1.9893330335617063,2.053333044052124,1,0.08652524501,0.00044610415745,0.0548799265386,0.02003415738275,0.3628980018061,0.00044665760795,0.0098761131651,0.46489379430579997,-0.4289,0.9915,0.2813
48,1.9780000448226929,1.9780000448226929,20214000,20101116,TSLA,2.053333044052124,1.9780000448226929,0,0.000326143099,0.0003261391833,0.5580484583,0.0003258965606,0.4399938766,0.0003262046642,0.0003269100027,0.0003263716376,0.999,0.999,0.999
49,1.965999960899353,1.965999960899353,11250000,20101117,TSLA,1.9780000448226929,1.965999960899353,0,0.000326143099,0.0003261391833,0.5580484583,0.0003258965606,0.4399938766,0.0003262046642,0.0003269100027,0.0003263716376,0.999,0.999,0.999
50,1.9926669597625728,1.9926669597625728,14341500,20101118,TSLA,1.965999960899353,1.9926669597625728,1,0.2738679883,0.6194171391,0.0007919699056,0.0007925632593,0.000792215119,0.000792110552,0.1027523559,0.0007936579352,-0.8235,-0.8235,-0.8235
51,2.065999984741211,2.065999984741211,17257500,20101119,TSLA,1.9926669597625728,2.065999984741211,1,0.0003816881682,0.0003816523613,0.0003814983743,0.0003815807861,0.0003819580314,0.005527893204,0.0003814390923,0.99218229,0.993,0.993,0.993
52,2.2266669273376465,2.2266669273376465,22945500,20101122,TSLA,2.065999984741211,2.2266669273376465,1,0.09695396473,0.0003235625671,0.0003233325998,0.07254328912,0.03740823684,0.000323250224,0.0003235473228,0.7918008166,0.9944,0.9944,0.9944
53,2.3046669960021973,2.3046669960021973,23667000,20101123,TSLA,2.2266669273376465,2.3046669960021973,1,0.0004296827357,0.0004300009335333333,0.7507610377666666,0.08255460125356667,0.13207746312463334,0.03288822776063333,0.0004293714634666667,0.00042961494596666664,0.9826,0.9953,0.9910666666666667
54,2.2886669635772705,2.2886669635772705,17184000,20101129,TSLA,2.354666948318481,2.2886669635772705,0,0.0004361449386,0.0004359258108,0.3965515467,0.0004361239169,0.6008323904,0.000435890939,0.0004359030296,0.0004360742793,0.9917,0.9917,0.9917
55,2.289999961853028,2.289999961853028,19488000,20101201,TSLA,2.355333089828491,2.289999961853028,0,0.019562967617333334,0.04470894125146666,0.30692419980066665,0.0004458039273,0.019676950646133336,0.0100313585644,0.00044546970290000007,0.5982043084853667,0.8807,0.996,0.9553666666666666
56,2.1566669940948486,2.1566669940948486,30105000,20101202,TSLA,2.289999961853028,2.1566669940948486,0,0.044932364139,0.060969870967250005,0.25598735436,0.0005611930903,0.19732563578485002,0.0005613558257,0.00056096160405,0.43910126428,0.989,0.9951,0.99205
57,2.0993330478668213,2.0993330478668213,17401500,20101203,TSLA,2.1566669940948486,2.0993330478668213,0,0.0004930351907333334,0.0004930939412,0.9380141216333334,0.015466354921466667,0.025587171510666668,0.0189600454646,0.0004929275192333333,0.0004932497918333334,-0.524,0.9834,0.42343333333333333
58,2.02066707611084,2.02066707611084,19116000,20101206,TSLA,2.0993330478668213,2.02066707611084,0,0.035710276250949996,0.0004104596331,0.8959952198,0.000410419163025,0.032594035241725,0.027273494223925,0.000410392709525,0.007195702997175,0.9883,0.9968,0.992875
59,2.1040000915527344,2.1040000915527344,19669500,20101207,TSLA,2.02066707611084,2.1040000915527344,1,0.0004303778286666667,0.037181523378566665,0.66244571316,0.0004303382874333333,0.0004304455165333333,0.0004303418108,0.00043014827553333333,0.298221111756,0.9885,0.9965,0.9936000000000001
60,2.157999992370605,2.157999992370605,9900000,20101208,TSLA,2.1040000915527344,2.157999992370605,1,0.007800967035942858,0.0032944155866214283,0.9458780845642857,0.0032628084257857143,0.021761457494107145,0.006174458687814286,0.0016600662160500001,0.010167741993685715,-0.0969,0.9984,0.7729642857142858
61,2.136667013168335,2.136667013168335,6090000,20101209,TSLA,2.157999992370605,2.136667013168335,0,0.0007532208504999999,0.008786488826119999,0.74851059768,0.0131822766575,0.11583408479868,0.07572352099038,0.01880866651536,0.01840114368432,0.9761,0.9984,0.99244
62,1.9019999504089355,1.9019999504089355,26485500,20101214,TSLA,2.0366671085357666,1.9019999504089355,0,0.026426763132725,0.04549043040495,0.44653544466375,0.000416287141325,0.05269981714885,0.00041627881270000003,0.00041633253095,0.42759864616717497,0.9882,0.9989,0.99295
63,2.053999900817871,2.053999900817871,11851500,20101216,TSLA,1.97333300113678,2.053999900817871,1,0.0004066382652,0.09820452457,0.02329157302,0.0196504343,0.0004063664295,0.0004063828021,0.0004062639447,0.8572278167,0.9881,0.9881,0.9881
64,2.1506669521331787,2.1506669521331787,11665500,20101221,TSLA,2.113332986831665,2.1506669521331787,1,0.18750642719395,0.0005921234863,0.2152982505,0.0005921096939500001,0.56686337165,0.014582929791150001,0.0139730188282,0.0005917688151,0.9927,0.9959,0.9943
65,1.7606669664382937,1.7606669664382937,60844500,20101228,TSLA,1.703333020210266,1.7606669664382937,1,0.000302163821,0.000302205049,0.7445306694,0.0003021404494,0.2536563903,0.0003020945666,0.0003021454507,0.0003021909951,0.9967,0.9967,0.9967
66,1.848667025566101,1.848667025566101,49788000,20101229,TSLA,1.7606669664382937,1.848667025566101,1,0.0413576143982,0.0364789554764,0.24898040902425,0.00577619255145,0.5374032913,0.06521116490985,0.014184996318000001,0.05060737601595,0.9921,0.9957,0.9939
67,1.7666670083999634,1.7666670083999634,30616500,20101230,TSLA,1.848667025566101,1.7666670083999634,0,0.0004401416738,0.0004396796505,0.19972698206715,0.0004398372631,0.6810658486000001,0.0661971324081,0.00043969551904999996,0.05125068280125,0.9921,0.9976,0.99485
68,1.7746670246124268,1.7746670246124268,19245000,20110103,TSLA,1.775333046913147,1.7746670246124268,0,0.03295189648,0.0513842557,0.00019039940595,0.32705107750085,0.00019028567844999998,0.00019028747494999999,0.1586688862789,0.4293729108555,0.9965,0.9965,0.9965
69,1.7886669635772705,1.7886669635772705,21700500,20110105,TSLA,1.777999997138977,1.7886669635772705,1,0.4134526426,0.0003574862039,0.0003574725543,0.0003575431774,0.0003574071356,0.0003576553281,0.0003575427328,0.5844022503,0.9991,0.9991,0.9991
70,1.858667016029358,1.858667016029358,30918000,20110106,TSLA,1.7886669635772705,1.858667016029358,1,6.37e-05,0.1811584372,6.36e-05,0.5929056996,6.37e-05,6.37e-05,0.2256175568,6.37e-05,,,
71,1.8826669454574585,1.8826669454574585,33718500,20110107,TSLA,1.858667016029358,1.8826669454574585,1,0.0004173925743,0.4105606769,0.4804892421,0.0004175298339,0.1068632042,0.0004173570296,0.0004174927012,0.0004171047202,0.9721,0.9721,0.9721
72,1.896667003631592,1.896667003631592,20140500,20110110,TSLA,1.8826669454574585,1.896667003631592,1,0.0007640091051,0.000764169603,0.0007647431284,0.0007641560629,0.0007643106684,0.0007636572065,0.0007629239144,0.9946520303,0.9589,0.9589,0.9589
73,1.797333002090454,1.797333002090454,14466000,20110112,TSLA,1.797333002090454,1.797333002090454,0,0.0003975429065,0.1260237127,0.0003975507665,0.0003973530677,0.000397346623,0.0003972093005,0.0003970717594,0.8715922128,0.9868,0.9868,0.9868
74,1.7480000257492063,1.7480000257492063,10854000,20110113,TSLA,1.797333002090454,1.7480000257492063,0,0.000507161178,0.1373658273,0.0005070322715,0.0005067822253,0.0005066184877,0.0005067020892,0.0005066709387,0.8595932056,0.9803,0.9803,0.9803
75,1.7166670560836792,1.7166670560836792,17880000,20110114,TSLA,1.7480000257492063,1.7166670560836792,0,0.04538238684,0.045281926550000004,0.37222331425,0.0004480633281,0.51214956935,0.0004479185055,0.023618889825000003,0.00044793138529999996,0.9932,0.9932,0.9932
76,1.6019999980926514,1.6019999980926514,35572500,20110119,TSLA,1.7093329429626465,1.6019999980926514,0,0.5129645707,0.001277068201,0.001277148506,0.288582129,0.00127784371,0.001277369125,0.1920665518,0.001277318964,0.9931,0.9931,0.9931
77,1.5080000162124634,1.5080000162124634,34198500,20110120,TSLA,1.6019999980926514,1.5080000162124634,0,0.0006087213839,0.00060906965005,0.99573650565,0.00060915657575,0.00060911209865,0.0006099119535,0.0006086783198500001,0.0006088443519,0.9792,0.9792,0.9792
78,1.5360000133514404,1.5360000133514404,18255000,20110121,TSLA,1.5080000162124634,1.5360000133514404,1,0.0005488975755,0.0005486231294,0.9961583903,0.0005487137764,0.0005494309663,0.0005486801059,0.0005486075672,0.000548656547,0.9841,0.9841,0.9841
79,1.6326669454574585,1.6326669454574585,24676500,20110124,TSLA,1.5360000133514404,1.6326669454574585,1,0.075605848,0.0005587796775,0.0005593600977,0.0005591498229,0.9210409425,0.0005586424933,0.0005586436269,0.0005586337785,0.999,0.999,0.999
80,1.6453330516815186,1.6453330516815186,19072500,20110125,TSLA,1.6326669454574585,1.6453330516815186,1,0.0002732732678,0.0002732076295,0.01819842398,0.0002733003613,0.3068350459,0.0002731642999,0.0002731231451,0.6736004614,0.997,0.997,0.997
81,1.6613329648971558,1.6613329648971558,13435500,20110127,TSLA,1.649999976158142,1.6613329648971558,1,0.15710071895,0.037300421538,0.16851111884765,0.09533835816554999,0.1384148861648,0.0005487144946500001,0.00054854442265,0.40223723741260003,-0.9978,0.9936,-0.0020999999999999908
82,1.6006669998168943,1.6006669998168943,15726000,20110128,TSLA,1.6613329648971558,1.6006669998168943,0,0.05430283274,0.03157590007,0.7893777349,0.01878141538,0.05587759041,0.0002613288381,0.008093631805,0.04172956588,0.9863,0.9863,0.9863
83,1.6066670417785645,1.6066670417785645,12454500,20110131,TSLA,1.6006669998168943,1.6066670417785645,1,0.0002926603887,0.1274446607,0.01974641138,0.0002927114757,0.0002927508341,0.0002924314158,0.000292902535,0.8513454713,0.9955,0.9955,0.9955
84,1.5753329992294312,1.5753329992294312,7680000,20110203,TSLA,1.5959999561309814,1.5753329992294312,0,0.1242971115,0.06775037271,0.8063351658,0.0003234499513,0.000323540678,0.000323407759,0.0003234104,0.000323541197,0.9525,0.9525,0.9525
85,1.537999987602234,1.537999987602234,13426500,20110207,TSLA,1.5640000104904177,1.537999987602234,0,0.05138853577,0.0004946504907333333,0.49581547220000005,0.0004943971682,0.45032269686666665,0.0004949026796,0.0004947099638666667,0.0004946348444,0.9879,0.9993,0.9916999999999999
86,1.6326669454574585,1.6326669454574585,52573500,20110208,TSLA,1.537999987602234,1.6326669454574585,1,0.0005345910174500001,0.05502009286595,0.183282481655,0.0005340394742000001,0.29893035791565,0.00053435051165,0.00053461081185,0.46062947576,0.9956,0.997,0.9963
87,1.547333002090454,1.547333002090454,39534000,20110209,TSLA,1.6326669454574585,1.547333002090454,0,0.11724719460293333,0.06377737865216666,0.5428738142319333,0.0004767421896666667,0.19969493388900003,0.0004766728936,0.027799084537066667,0.047654178999133344,0.4217,0.9873,0.7977333333333333
88,1.5479999780654907,1.5479999780654907,12541500,20110210,TSLA,1.547333002090454,1.5479999780654907,1,0.001080386217,0.2700839077,0.001078243774,0.00107877603,0.001078287401,0.001079099356,0.001078189453,0.7234431101,0.9585,0.9585,0.9585
89,1.5386669635772705,1.5386669635772705,19246500,20110214,TSLA,1.5499999523162842,1.5386669635772705,0,0.1498140992127,0.00043699487874999997,0.00043673700365000004,0.1811063158,0.22196567572,0.25327058112,0.00043691666555,0.192532679595,0.984,0.9994,0.9917
90,1.5226670503616333,1.5226670503616333,14305500,20110215,TSLA,1.5386669635772705,1.5226670503616333,0,0.1513087783832,0.09337092976595,0.40590328041845,0.000582304427,0.00058224870805,0.00058169296085,0.00058198725385,0.3470887780853,0.985,0.9955,0.9902500000000001
91,1.6486669778823853,1.6486669778823853,61726500,20110216,TSLA,1.5226670503616333,1.6486669778823853,1,0.0004648336539,0.0904719193218,0.40843036726875,0.00046465658295000004,0.0004647228982,0.0004645386129,0.0004647709125,0.49877419075585,0.9856,0.9959,0.99075
92,1.4553329944610596,1.4553329944610596,24084000,20110223,TSLA,1.4579999446868896,1.4553329944610596,0,0.000719848059,0.0007191876815,0.0007186603921,0.000719264833,0.9545876693,0.0007189892352,0.0007189462254,0.04109743423,-0.982,-0.982,-0.982
93,1.5019999742507937,1.5019999742507937,15829500,20110224,TSLA,1.4553329944610596,1.5019999742507937,1,0.06335482198,0.0004615853473,0.6673057789,0.0004616090663,0.1825956888,0.0004619888304,0.0004614656785,0.08489706144,0.9979,0.9979,0.9979
94,1.5959999561309814,1.5959999561309814,16596000,20110301,TSLA,1.5926669836044312,1.5959999561309814,1,0.0003682784952,0.1020166511,0.0003683640226,0.0003680840643,0.02176685078,0.0003679969096,0.0003680206367,0.874375754,0.9946,0.9946,0.9946
95,1.6633330583572388,1.6633330583572388,23701500,20110304,TSLA,1.6239999532699585,1.6633330583572388,1,0.0004991139053,0.1195188442,0.0004992079148,0.0004987816297,0.0004985351398,0.0004986158048,0.0004985853934,0.8774883161,0.9943,0.9943,0.9943
96,1.6480000019073486,1.6480000019073486,13872000,20110309,TSLA,1.6440000534057615,1.6480000019073486,1,0.0003876231577,0.1062703467,0.0003881697881,0.0003875139252,0.0003876481415,0.000387390277,0.0003872286889,0.8914040793,0.9917,0.9917,0.9917
97,1.6006669998168943,1.6006669998168943,15255000,20110310,TSLA,1.6480000019073486,1.6006669998168943,0,0.6005562948,0.009801671701,0.0003466660445,0.0003466559089,0.09298366642,0.0003469120485,0.0003469301976,0.2952712029,0.9977,0.9977,0.9977
98,1.6046669483184814,1.6046669483184814,13962000,20110311,TSLA,1.6006669998168943,1.6046669483184814,1,0.848942967,0.0008286561001,0.0008285144875,0.0008289303093,0.0008290973153,0.0604049207,0.0008286528949,0.08650826118,0.9776,0.9776,0.9776
99,1.5499999523162842,1.5499999523162842,17490000,20110314,TSLA,1.6046669483184814,1.5499999523162842,0,0.039359507565,0.00055804901725,0.9572938756,0.00055759936155,0.0005577110307999999,0.0005576806389,0.0005577130791,0.0005578637169,0.9948,0.9951,0.99495
100,1.5213329792022705,1.5213329792022705,17545500,20110316,TSLA,1.5299999713897705,1.5213329792022705,0,0.00043250563715,0.30417495515000004,0.69323079555,0.00043225897804999996,0.00043244566444999996,0.0004322246352,0.00043251515405000004,0.0004322992418,0.9768,0.9768,0.9768
101,1.51533305644989,1.51533305644989,6175500,20110321,TSLA,1.5306669473648071,1.51533305644989,0,0.06893243417,0.1094872448,0.0006260659534,0.0006267909232,0.0006256577644,0.0006272903638,0.0006255887094,0.8184489273,0.9779,0.9779,0.9779
102,1.4793330430984497,1.4793330430984497,8743500,20110322,TSLA,1.51533305644989,1.4793330430984497,0,0.0002645542352,0.4552370391,0.0002645006786,0.4676973126,0.0002646673321,0.01131179977,0.0646955641,0.0002645621881,-0.9989,-0.9989,-0.9989
103,1.5499999523162842,1.5499999523162842,15871500,20110328,TSLA,1.5166670083999634,1.5499999523162842,1,0.0003716020185,0.1398932799,0.0003718572293,0.0003714174704,0.0003715315903,0.0003713576395,0.000371489113,0.857877465,0.9954,0.9954,0.9954
104,1.7799999713897705,1.7799999713897705,47713500,20110405,TSLA,1.722000002861023,1.7799999713897705,1,0.0182050622452,0.0005468770784,0.8957789559,0.0005468554276,0.08328054859506666,0.0005477082023666667,0.0005466371921666667,0.0005473553714999999,0.9779,0.989,0.9853
105,1.7660000324249268,1.7660000324249268,19324500,20110406,TSLA,1.7799999713897705,1.7660000324249268,0,0.01897554804885,0.0570100997779,0.8549934856,0.0005079254913,0.066989366365,0.0005080004127,0.00050773429695,0.00050784002495,0.9885,0.9952,0.99185
106,1.815999984741211,1.815999984741211,42154500,20110407,TSLA,1.7660000324249268,1.815999984741211,1,0.0004144624914,0.000414471666,0.009637698629,0.7696991051,0.01847379993,0.2005313603,0.0004147782574,0.0004143235715,-0.974,-0.974,-0.974
107,1.7660000324249268,1.7660000324249268,29196000,20110408,TSLA,1.815999984741211,1.7660000324249268,0,0.0003041221974,0.02297232692,0.3604292403,0.0003038223454,0.615078888,0.0003039071967,0.0003038391739,0.0003038538875,0.9937,0.9937,0.9937
108,1.6846669912338257,1.6846669912338257,20541000,20110411,TSLA,1.7660000324249268,1.6846669912338257,0,0.0003538280929,0.00035351000485,0.5555680513500001,0.00035361784860000003,0.44231020845,0.00035346541879999996,0.00035357390784999997,0.00035374491845,0.9954,0.9956,0.9955
109,1.6433329582214355,1.6433329582214355,20361000,20110412,TSLA,1.6846669912338257,1.6433329582214355,0,0.16337355565513334,0.0005766127676666667,0.40312791936776665,0.0264787228836,0.23044342689910002,0.0005766105776666666,0.0005763376476,0.174846814156,0.9115,0.9989,0.9572333333333334
110,1.6619999408721924,1.6619999408721924,18172500,20110413,TSLA,1.6433329582214355,1.6619999408721924,1,0.2239002344069,0.0005699338620333334,0.6639709413165333,0.0005698658938333333,0.012541744379666667,0.08296812628133333,0.0005696958223,0.014909458026200001,0.9502,0.998,0.9661333333333334
111,1.6759999990463257,1.6759999990463257,14751000,20110414,TSLA,1.6619999408721924,1.6759999990463257,1,0.052246848729999996,0.03128411976893333,0.15141386036483334,0.11032306844993334,0.28662401853770003,0.03852889433323333,0.0110202434504,0.3185589463533333,-0.978,0.9984,0.3333333333333333
112,1.668666958808899,1.668666958808899,15508500,20110418,TSLA,1.7053329944610596,1.668666958808899,0,0.0003255393992,0.00032535089424999997,0.9631627272500001,0.00032526074925,0.03488531596635,0.00032530331794999997,0.0003251811898,0.0003253212451,0.9965,0.9974,0.99695
113,1.6773329973220823,1.6773329973220823,8230500,20110419,TSLA,1.668666958808899,1.6773329973220823,1,0.1285686663683,0.0484404092714,0.07793903783796667,0.00046102560306666664,0.2655519586339333,0.0004610397084333333,0.00046071074656666675,0.47811715185246667,0.9774,0.9991,0.9912000000000001
114,1.7593330144882202,1.7593330144882202,12013500,20110425,TSLA,1.78266704082489,1.7593330144882202,0,0.13258671333,0.00046999252305000004,0.26719331025000004,0.00047026960855000004,0.5230928556000001,0.04174050606465,0.00047049787379999997,0.03397585476,0.9946,0.9983,0.9964500000000001
115,1.7953330278396606,1.7953330278396606,21000000,20110426,TSLA,1.7593330144882202,1.7953330278396606,1,0.001034081162,0.001034372365,0.001035207106,0.2774761373,0.6813019454,0.00103506016,0.001033699123,0.03604949736,0.8649,0.8649,0.8649
116,1.8053330183029173,1.8053330183029173,14953500,20110427,TSLA,1.7953330278396606,1.8053330183029173,1,0.02632136386,0.0004104388579,0.4748767389,0.0004108084385,0.4967494235,0.0004104423878,0.0004105123542,0.0004102717028,0.9906,0.9906,0.9906
117,1.840000033378601,1.840000033378601,10890000,20110429,TSLA,1.843999981880188,1.840000033378601,0,0.000372579569,0.0003725865165,0.7733318931,0.1135321507,0.09991294783,0.0003726537263,0.011732615,0.0003725736108,0.8881,0.8881,0.8881
118,1.7913329601287842,1.7913329601287842,13708500,20110503,TSLA,1.830000042915344,1.7913329601287842,0,0.107941368,0.2726341833,0.0004468423828,0.409171639,0.159679279,0.04923255591,0.0004470943038,0.0004470381587,0.9866,0.9866,0.9866
119,1.762666940689087,1.762666940689087,18277500,20110505,TSLA,1.779332995414734,1.762666940689087,0,0.123618269548825,0.0265864953871,0.40377899468317496,0.014306037469875,0.20635932208,0.009725124189375,0.00045621711775,0.21516953950122503,0.9919,0.9987,0.995075
120,1.8606669902801516,1.8606669902801516,13746000,20110509,TSLA,1.807999968528748,1.8606669902801516,1,0.1249556251765,0.0010283362401000001,0.68797878865,0.0010278512688500002,0.18192458463215,0.00102850580185,0.0010276119437999998,0.0010286962333499999,0.9501,0.9925,0.9713
121,1.8046669960021973,1.8046669960021973,14437500,20110511,TSLA,1.8886669874191284,1.8046669960021973,0,0.07276440575,0.0007198340904,0.1831859684,0.0007189228878,0.7404533109,0.0007191074022,0.0007189953265,0.0007194552448,0.9919,0.9919,0.9919
122,1.8446669578552248,1.8446669578552248,9420000,20110512,TSLA,1.8046669960021973,1.8446669578552248,1,0.1318899528,0.1116140979,0.01206420309,0.000276250861,0.0002762995754,0.0002762683747,0.000276168644,0.7433267588,0.9969,0.9969,0.9969
123,1.730666995048523,1.730666995048523,18513000,20110517,TSLA,1.773332953453064,1.730666995048523,0,0.1355801486,0.07340501191,0.01207574614,0.0322121112,0.0003084910432,0.00030822067,0.000308148753,0.7458021217,0.9963,0.9963,0.9963
124,1.7566670179367063,1.7566670179367063,10942500,20110518,TSLA,1.730666995048523,1.7566670179367063,1,0.09371005604,0.00255534242,0.00255360644,0.1984357524,0.245714593,0.4519180254,0.002555344371,0.002557279927,0.9549,0.9549,0.9549
125,1.787999987602234,1.787999987602234,12954000,20110523,TSLA,1.864667057991028,1.787999987602234,0,0.1516552621,0.07583983785,0.0003902878076,0.0003898134085,0.0003900146908,0.0003899383499,0.0003897152106,0.7705551306,0.9969,0.9969,0.9969
126,1.7813329696655271,1.7813329696655271,9205500,20110524,TSLA,1.787999987602234,1.7813329696655271,0,0.020147867117533334,0.03850667359593333,0.6714170941633334,0.0005482186467,0.000548531352,0.0044430267558333335,0.000548390869,0.2638401975069667,0.8674,0.9939,0.9517333333333333
127,1.9653329849243164,1.9653329849243164,50053500,20110526,TSLA,1.932000041007996,1.9653329849243164,1,0.001042599294,0.001043091218,0.144730498,0.8490122307,0.001043482082,0.001042689642,0.001042599282,0.001042809762,-0.5859,-0.5859,-0.5859
128,1.9700000286102293,1.9700000286102293,25306500,20110527,TSLA,1.9653329849243164,1.9700000286102293,1,0.0003704548016,0.0003701453103,0.0003705392412,0.9633672072,0.03441091092,0.0003702322492,0.0003700872051,0.0003704230499,-0.9993,-0.9993,-0.9993
129,2.0093328952789307,2.0093328952789307,49357500,20110531,TSLA,1.9700000286102293,2.0093328952789307,1,0.0003900467327,0.1017484676,0.02592443252,0.0003899601718,0.00038980127,0.0003898171674,0.0003898082966,0.8703776662,0.9943,0.9943,0.9943
130,1.901332974433899,1.901332974433899,22948500,20110601,TSLA,2.0093328952789307,1.901332974433899,0,0.0008633479403,0.0008636624059,0.0008639247006,0.6897424448,0.3050759799,0.0008637025405,0.0008629876638,0.0008639500119,-0.9757,-0.9757,-0.9757
131,1.9133330583572388,1.9133330583572388,34966500,20110606,TSLA,2.0086669921875,1.9133330583572388,0,0.0203507240205,0.00024571534655,0.1043907042,0.37864609000149996,0.39434418555,0.0002458776488,0.10153097165865,0.00024575808005,,,
132,1.891332983970642,1.891332983970642,18331500,20110607,TSLA,1.9133330583572388,1.891332983970642,0,0.00083148069985,0.0008304958451999999,0.39220642299999997,0.11325154,0.4903889122,0.0008304169565500001,0.00083034062205,0.00083039069765,0.9584,0.9712,0.9648
133,1.8953330516815183,1.8953330516815183,25701000,20110613,TSLA,1.8573329448699951,1.8953330516815183,1,0.0004317100743,0.1145321534,0.0004320458357,0.0004316303065,0.0004321406414,0.0004313990066,0.0004313333442,0.8828775874,0.9896,0.9896,0.9896
134,1.9066669940948489,1.9066669940948489,23601000,20110614,TSLA,1.8953330516815183,1.9066669940948489,1,0.0005026238261,0.09703520542,0.634586144,0.0005030566687,0.0356708739,0.0005026567154,0.2306967164,0.0005027231432,0.9695,0.9695,0.9695
135,1.7666670083999634,1.7666670083999634,27633000,20110616,TSLA,1.821333050727844,1.7666670083999634,0,0.0007557143754,0.0007544730783,0.9033315025,0.0007539743481,0.0921419222,0.00075389235,0.0007535560166,0.0007549651689,0.8537,0.8537,0.8537
136,1.7666670083999634,1.7666670083999634,25710000,20110617,TSLA,1.7666670083999634,1.7666670083999634,0,0.8189886539,0.0004583123962,0.0004592176167,0.000458794224,0.0004590199576,0.1782592146,0.0004582419166,0.0004585453883,-0.6156,-0.6156,-0.6156
137,1.7339999675750732,1.7339999675750732,23067000,20110620,TSLA,1.7666670083999634,1.7339999675750732,0,0.4914359809,0.0004050568055,0.276900046,0.0004050723189,0.1424157603,0.08762802826,0.0004048794943,0.0004051758585,0.9245,0.9245,0.9245
138,1.8473329544067385,1.8473329544067385,17550000,20110623,TSLA,1.8140000104904173,1.8473329544067385,1,0.003130410998,0.00312686303,0.003126454592,0.003127592821,0.003127639134,0.003128105073,0.003127095982,0.9781058384,0.2263,0.2263,0.2263
139,1.838000059127808,1.838000059127808,54127500,20110624,TSLA,1.8473329544067385,1.838000059127808,0,0.00050282114,0.0005030287225,0.7498095089,0.0005030193281,0.00050269133,0.2471731616,0.0005030277187,0.000502741303,-0.9258,-0.9258,-0.9258
140,1.9420000314712524,1.9420000314712524,14200500,20110630,TSLA,1.8860000371932983,1.9420000314712524,1,0.04585383118605,0.014211466112099998,0.912021694275,0.011614149688825,0.015024412106475,0.00042481714495,0.000424704350525,0.00042492513742499997,0.9861,0.9985,0.9947
141,1.9306670427322388,1.9306670427322388,13903500,20110706,TSLA,1.942667007446289,1.9306670427322388,0,0.086278038178,0.007063564606066666,0.5899220679,0.04326350972833334,0.26777095865000006,0.0004261090380333333,0.0004260222440666667,0.004849729648233333,-0.9912,0.9975,0.3332666666666667
142,1.98199999332428,1.98199999332428,19918500,20110707,TSLA,1.9306670427322388,1.98199999332428,1,0.00041713959223333336,0.00041705159213333335,0.7694719459666667,0.05879004046313333,0.14976586938433334,0.0004169319384,0.020303864002599998,0.0004171570658666667,0.9922,0.9984,0.9960999999999999
143,1.920667052268982,1.920667052268982,18609000,20110708,TSLA,1.98199999332428,1.920667052268982,0,0.012877438088199999,0.017259959394849998,0.9165239734,0.03314052947435,0.00037395812869999996,0.0003737931582,0.006662956441,0.012787391871699999,0.9932,0.9962,0.9946999999999999
144,1.9093329906463623,1.9093329906463623,15990000,20110713,TSLA,1.878000020980835,1.9093329906463623,1,0.0003749241627,0.1187918109,0.6724451845,0.03444321438,0.1728204864,0.0003747837416,0.000374825031,0.000374770823,0.9917,0.9917,0.9917
145,1.8406670093536377,1.8406670093536377,17385000,20110714,TSLA,1.9093329906463623,1.8406670093536377,0,0.0007232502442499999,0.0007230341249000001,0.79785213955,0.0007227242624000001,0.1561808448865,0.0106871893915,0.00072281589955,0.032388001605,0.9428,0.9988,0.9708
146,1.838667035102844,1.838667035102844,10635000,20110715,TSLA,1.8406670093536377,1.838667035102844,0,0.16468957501256667,0.00033952013846666663,0.4724767099232667,0.07574399573493334,0.20239819515666668,0.03172011897383333,0.010177952479366667,0.042453932582666665,0.9982,0.9995,0.9989333333333333
147,1.8153330087661743,1.8153330087661743,12778500,20110718,TSLA,1.838667035102844,1.8153330087661743,0,0.00033293732,0.0003328724735,0.9491770076,0.0003328737367,0.0488256718,0.0003328343877,0.0003329164504,0.0003328862334,0.997,0.997,0.997
148,1.859333038330078,1.859333038330078,15391500,20110719,TSLA,1.8153330087661743,1.859333038330078,1,0.01393380069,0.0004375306886,0.9433607447,0.04051774749,0.0004378736051,0.0004374053173,0.0004375445908,0.0004373529246,0.9895,0.9895,0.9895
149,1.9126670360565183,1.9126670360565183,45724500,20110720,TSLA,1.859333038330078,1.9126670360565183,1,0.00034284983100000004,0.0003426979294,0.99760048565,0.00034264811639999997,0.00034288036909999996,0.0003425720371,0.0003430120396,0.00034285399745,0.9983,0.9983,0.9983
150,1.9133330583572388,1.9133330583572388,15172500,20110721,TSLA,1.9126670360565183,1.9133330583572388,1,0.049503597164999996,0.00030408569395,0.83006860945,0.0166580344541,0.08989661393,0.00030394300225,0.00030405094145000003,0.01296106536525,0.9982,0.9982,0.9982
151,1.952666997909546,1.952666997909546,8752500,20110722,TSLA,1.9133330583572388,1.952666997909546,1,0.0003692982701,0.0003691798322,0.9056584926,0.0003693073506,0.06777139431,0.0003696115418,0.0003692420149,0.02472347407,0.9927,0.9927,0.9927
152,1.878000020980835,1.878000020980835,14080500,20110728,TSLA,1.8426669836044312,1.878000020980835,1,0.04182995282283333,0.00038817675409999995,0.7602183115000001,0.0003881389311333333,0.19601085510733332,0.00038812666520000004,0.00038805096963333334,0.0003883872455333333,0.9773,0.987,0.9834666666666667
153,1.878000020980835,1.878000020980835,14223000,20110729,TSLA,1.878000020980835,1.878000020980835,0,0.0005213849191,0.0005210347205,0.9963513414,0.0005211560295,0.0005216319655,0.0005211030293,0.0005211497788,0.0005211981862,0.9803,0.9803,0.9803
154,1.9179999828338623,1.9179999828338623,17473500,20110801,TSLA,1.878000020980835,1.9179999828338623,1,0.00045634875319999996,0.000456214323,0.52524999635,0.00045635034765000005,0.472010369,0.0004564249798,0.0004565968662,0.00045769936249999996,,,
155,1.8226670026779173,1.8226670026779173,23241000,20110802,TSLA,1.9179999828338623,1.8226670026779173,0,0.001025485013,0.001025457522,0.4384094514,0.001025276419,0.5554373998,0.001026185113,0.001025331233,0.001025413498,0.9129,0.9129,0.9129
156,1.649999976158142,1.649999976158142,45967500,20110804,TSLA,1.8133330345153809,1.649999976158142,0,0.01534380869,0.03342756039,0.9491196859,0.0004214684451,0.0004218120339,0.0004218965521,0.0004221364686,0.0004216315091,0.9937,0.9937,0.9937
157,1.616000056266785,1.616000056266785,29466000,20110805,TSLA,1.649999976158142,1.616000056266785,0,0.0006045691028,0.0006043626036,0.545680475,0.0006042607865,0.3711566331,0.08014106232,0.000604226426,0.0006044106422,0.9863,0.9863,0.9863
158,1.5759999752044678,1.5759999752044678,39127500,20110808,TSLA,1.616000056266785,1.5759999752044678,0,0.0002965951184,0.0002964959376,0.9847146888,0.0002965707065,0.01350528502,0.0002965721626,0.0002971733469,0.0002966188979,0.9959,0.9959,0.9959
159,1.5880000591278076,1.5880000591278076,23463000,20110810,TSLA,1.670667052268982,1.5880000591278076,0,0.0003364971992,0.0003364358722,0.8285346182,0.03911036638,0.130672974,0.0003363659981,0.0003364954698,0.0003362468329,0.9965,0.9965,0.9965
160,1.7400000095367432,1.7400000095367432,8065500,20110816,TSLA,1.7486670017242432,1.7400000095367432,0,0.5227152072,0.05750009925,0.009699995394,0.1736874318,0.000265260359,0.0002650838032,0.2356015,0.000265422267,0.9967,0.9967,0.9967
161,1.6173330545425415,1.6173330545425415,15849000,20110818,TSLA,1.722000002861023,1.6173330545425415,0,0.1186480358,0.0003632748731,0.8526323135,0.0003629381903,0.004447213889,0.0003629649411,0.0003629517692,0.02282030707,0.9921,0.9921,0.9921
162,1.4866670370101929,1.4866670370101929,20629500,20110819,TSLA,1.6173330545425415,1.4866670370101929,0,0.04385095492896667,0.0006408938812333334,0.6028695945666667,0.0006406103742000001,0.3231943414,0.0275224140916,0.0006406239029333333,0.0006405668917333333,0.9299,0.993,0.9719666666666665
163,1.591333031654358,1.591333031654358,10264500,20110824,TSLA,1.5306669473648071,1.591333031654358,1,0.3899530303,0.0003243697809,0.0003242975594,0.3260864972,0.2823388209,0.0003243252758,0.0003243310442,0.0003243279987,0.9997,0.9997,0.9997
164,1.5406670570373535,1.5406670570373535,10197000,20110825,TSLA,1.591333031654358,1.5406670570373535,0,0.0004707580758,0.1447669491,0.7359353263,0.06421209266,0.0004708229897,0.000470755864,0.0004704638908,0.05320283104,-0.9972,-0.9972,-0.9972
165,1.5820000171661377,1.5820000171661377,11427000,20110826,TSLA,1.5406670570373535,1.5820000171661377,1,0.4078967023,0.0006953869972,0.0006955455682,0.0006958597455,0.06055211668,0.000696268431,0.0006952123204,0.5280729079,0.995,0.995,0.995
166,1.647333025932312,1.647333025932312,12051000,20110829,TSLA,1.5820000171661377,1.647333025932312,1,0.0003547115417,0.0003546294593,0.997517152,0.0003548329434,0.0003545986988,0.0003545479656,0.000354647502,0.0003548799098,0.996,0.996,0.996
167,1.6419999599456787,1.6419999599456787,5493000,20110830,TSLA,1.647333025932312,1.6419999599456787,0,0.00044530218289999995,0.0004452444143333333,0.664274944996,0.2983556566271667,0.028423004636033335,0.00044516254796666665,0.0004453710160666667,0.007165313581699999,-0.9991,0.9806,0.3202
168,1.6493330001831057,1.6493330001831057,12357000,20110831,TSLA,1.6419999599456787,1.6493330001831057,1,0.0002746426811,0.04279276173,0.2912253408,0.01668905396,0.631912186,0.0002744668623,0.01655707058,0.0002744774813,0.9958,0.9958,0.9958
169,1.537999987602234,1.537999987602234,11548500,20110902,TSLA,1.600000023841858,1.537999987602234,0,0.000315435326,0.0003153909433,0.7038387455,0.0003155241748,0.2674853887,0.0003155825458,0.0003153852585,0.02709854751,0.9966,0.9966,0.9966
170,1.5893330574035645,1.5893330574035645,6888000,20110907,TSLA,1.529332995414734,1.5893330574035645,1,0.034486566977000005,0.018278446151,0.20199853820000002,0.364206461775,0.31904888745,0.00092747879195,0.0601259953275,0.0009276254033500001,-0.9457,0.9262,-0.009749999999999981
171,1.6053329706192017,1.6053329706192017,10897500,20110913,TSLA,1.525333046913147,1.6053329706192017,1,0.02736515645,0.0003758339722,0.9703793418,0.0003758468728,0.0003760799219,0.0003758231249,0.0003759239129,0.0003759939287,0.9994,0.9994,0.9994
172,1.6226669549942017,1.6226669549942017,12462000,20110914,TSLA,1.6053329706192017,1.6226669549942017,1,0.000405857892825,0.0296283143901,0.653953841125,0.0055374320358,0.053328991598325,0.00040574457505,0.0064910042255250005,0.25024882145967503,0.9852,0.9999,0.9929749999999999
173,1.718000054359436,1.718000054359436,17361000,20110919,TSLA,1.7200000286102295,1.718000054359436,0,0.0004971046074,0.0004966449941,0.9965226937,0.0004965939871,0.0004967746968,0.0004969182889,0.0004965607088,0.0004967090012,0.9948,0.9948,0.9948
174,1.7339999675750732,1.7339999675750732,17706000,20110920,TSLA,1.718000054359436,1.7339999675750732,1,0.03207809686,0.03271789222,0.9309470317,0.0008511668613,0.0008514422607,0.0008510802816,0.0008518910162,0.0008513987985,0.5574,0.5574,0.5574
175,1.7013330459594729,1.7013330459594729,14022000,20110926,TSLA,1.7586669921875,1.7013330459594729,0,0.143690878,0.0009205965319,0.0009208837891,0.8507866376,0.0009201243319,0.0009205899401,0.0009199218181,0.0009203679429,0.9607,0.9607,0.9607
176,1.746000051498413,1.746000051498413,10117500,20110927,TSLA,1.7013330459594729,1.746000051498413,1,0.08865623131,0.0006100213926500001,0.8610149025,0.00608282608555,0.0006100256562,0.018006067475,0.0006092881677,0.024410637425,0.9186,0.9711,0.94485
177,1.6393330097198486,1.6393330097198486,10849500,20110928,TSLA,1.746000051498413,1.6393330097198486,0,0.03265129885,0.0006169735046,0.4889687267,0.2579764615,0.2179371112,0.0006163939541,0.0006164157407,0.0006166184944,-0.5184,-0.5184,-0.5184
178,1.6260000467300415,1.6260000467300415,20041500,20110930,TSLA,1.6080000400543213,1.6260000467300415,1,0.010220611581533335,0.0005113831356,0.8181405154666667,0.0005113252147666667,0.1455861330643,0.024007300718533336,0.000511373315,0.0005113574369666667,0.9792,0.9976,0.9900333333333333
179,1.797333002090454,1.797333002090454,26536500,20111006,TSLA,1.6913330554962158,1.797333002090454,1,0.56481203565,0.05570834830225,0.1416961373335,0.0006977180908999999,0.16349788391470002,0.052626259545,0.0006973849129999999,0.02026423221755,0.8834,0.9944,0.9389
180,1.8406670093536377,1.8406670093536377,8635500,20111011,TSLA,1.858667016029358,1.8406670093536377,0,0.0006878382597,0.0006879787272,0.7853431158,0.0006876687333,0.2105311231,0.0006873389258,0.0006875128371,0.0006874236003,0.91,0.91,0.91
181,1.8893330097198489,1.8893330097198489,14995500,20111018,TSLA,1.8279999494552608,1.8893330097198489,1,0.001043529646,0.001043948848,0.3855150091,0.001043278779,0.6082239638,0.001043369212,0.001044036835,0.001042863823,0.9652,0.9652,0.9652
182,1.838000059127808,1.838000059127808,11893500,20111019,TSLA,1.8893330097198489,1.838000059127808,0,0.0190605876685,0.0630705146042,0.39423206034999997,0.0002857909936,0.5170797692,0.00028590904315,0.00028565279145,0.00569971537915,0.9951,0.9995,0.9973000000000001
183,1.8226670026779173,1.8226670026779173,14995500,20111020,TSLA,1.838000059127808,1.8226670026779173,0,0.05934118057,0.11117961018,0.3799377914,0.00057604611055,0.43817461125,0.00963894970765,0.0005759823026,0.00057582842595,0.9631,0.9978,0.98045
184,1.8833329677581787,1.8833329677581787,9816000,20111025,TSLA,1.9033329486846924,1.8833329677581787,0,0.09576524242,0.05177538358,0.0002434826181,0.05472098436,0.01804669227,0.07710387028,0.0002436090887,0.7021007354,0.7776,0.7776,0.7776
185,1.8653329610824585,1.8653329610824585,7657500,20111026,TSLA,1.8833329677581787,1.8653329610824585,0,0.11852803084,0.16801315179333334,0.4279251116393667,0.018532604891833334,0.0063080107384666665,0.025993543398033333,0.00037359293806666667,0.2343259538089333,0.7776,0.9928,0.9210333333333334
186,1.9913330078125,1.9913330078125,18960000,20111028,TSLA,1.9173330068588257,1.9913330078125,1,0.05703098058,0.05278755264,0.8483079465,0.0003759637554,0.0003761594837,0.0003760752247,0.04036958408,0.0003757377552,0.9877,0.9877,0.9877
187,1.925333023071289,1.925333023071289,9528000,20111101,TSLA,1.9579999446868896,1.925333023071289,0,0.0006693074946,0.0006691669008,0.9953153162,0.0006690333478,0.000669892065,0.0006692516503,0.0006688528085,0.0006691795533,0.9753,0.9753,0.9753
188,2.242666959762573,2.242666959762573,58024500,20111111,TSLA,2.0886669158935547,2.242666959762573,1,0.09891062977415,0.01026991118965,0.125478124825,0.00036630860085,0.31053311367,0.0003662738787,0.00036703786574999997,0.45370860018635,-0.9837,0.9997,0.008000000000000007
189,2.2146670818328857,2.2146670818328857,19885500,20111114,TSLA,2.242666959762573,2.2146670818328857,0,0.0004100712846,0.000410030996,0.9971286027,0.0004104396197,0.0004102790335,0.0004100866648,0.0004101282713,0.0004103614528,0.9799,0.9799,0.9799
190,2.26200008392334,2.26200008392334,13365000,20111115,TSLA,2.2146670818328857,2.26200008392334,1,0.0003497533832,0.0003496346938,0.0003493889477,0.00034972768,0.0003496620948,0.0003495730019,0.0003496804415,0.9975525798,0.9986,0.9986,0.9986
191,2.329333066940308,2.329333066940308,27498000,20111116,TSLA,2.26200008392334,2.329333066940308,1,0.0006769680329,0.2667315618,0.5932875832,0.0006763829791,0.136598792,0.0006761557833,0.0006764344667,0.0006761217849,0.9404,0.9404,0.9404
192,2.173332929611206,2.173332929611206,13542000,20111118,TSLA,2.245332956314087,2.173332929611206,0,0.0007157761539,0.0007152748269,0.6186761343,0.0007153672362,0.3294254644,0.0483213933,0.0007151798907,0.0007154099335,0.9542,0.9542,0.9542
193,2.2793331146240234,2.2793331146240234,10114500,20111207,TSLA,2.324666976928711,2.2793331146240234,0,0.04800207338,0.01806848842,0.3212906614,0.06840124788,0.5184881667,0.02542671981,0.0001613290689,0.0001613133433,0.9874,0.9874,0.9874
194,2.069333076477051,2.069333076477051,18592500,20111209,TSLA,2.059333086013794,2.069333076477051,1,0.0099141945046,0.0003899565015,0.9064219777,0.00038991431125000005,0.08171406435930001,0.0003901300035,0.000389829709,0.00038993292835,0.9897,0.9977,0.9937
195,1.963333010673523,1.963333010673523,14911500,20111213,TSLA,2.0273330211639404,1.963333010673523,0,0.017222956397879997,0.00045622189718,0.39374958647999997,0.00045621772809999997,0.5788935439199999,0.00045628973268,0.00830891146788,0.00045627237742000006,0.9716,0.998,0.9919
196,1.9079999923706052,1.9079999923706052,10504500,20111215,TSLA,1.9019999504089355,1.9079999923706052,1,0.40511490801375,0.02691913745965,0.22981490321535,0.1451868689955,0.14182769400484999,0.0307639848972,0.0004212871734,0.019951216266275,-0.9788,0.9963,0.5021249999999999
197,1.850000023841858,1.850000023841858,14805000,20111219,TSLA,1.8666670322418213,1.850000023841858,0,0.0006164791488,0.0006163031393,0.4530486296,0.0006163912572,0.5432526137,0.000616375678,0.0006169043294,0.0006163031298,0.9939,0.9939,0.9939
198,1.8600000143051147,1.8600000143051147,12649500,20111220,TSLA,1.850000023841858,1.8600000143051147,1,0.0005565826855,0.0005561263156,0.9961051623,0.0005565334126,0.0005566939569,0.0005565714697,0.0005561376618,0.0005561921534,0.9893,0.9893,0.9893
199,1.838000059127808,1.838000059127808,25582500,20111221,TSLA,1.8600000143051147,1.838000059127808,0,0.00033319496446666667,0.0035518812882333333,0.8967654734,0.0003332687443,0.0868485272317,0.0003330420877666667,0.011501402102333332,0.00033321018036666666,0.9804,0.9943,0.9895666666666667
200,1.8600000143051147,1.8600000143051147,8871000,20111223,TSLA,1.8513330221176147,1.8600000143051147,1,0.0005108418304666666,0.0005107205261666666,0.9279271980666667,0.06900710668333333,0.0005110234268333333,0.0005111403490333334,0.0005112163653333333,0.0005107527537333333,0.9958,0.9989,0.9978666666666666
201,1.9046670198440552,1.9046670198440552,11662500,20111227,TSLA,1.8600000143051147,1.9046670198440552,1,0.0977672936,0.001158918072,0.001158836994,0.8113908746,0.08504579793,0.001159593739,0.001159567985,0.001159117126,-0.9368,-0.9368,-0.9368
202,1.9006669521331787,1.9006669521331787,8628000,20111228,TSLA,1.9046670198440552,1.9006669521331787,0,0.00031340831265,0.034822880079049996,0.7291834767500001,0.0003132383071,0.21069166847999998,0.0003131756784,0.0240487392895,0.0003134130927,0.9889,0.9981,0.9935
203,1.8473329544067385,1.8473329544067385,9451500,20120104,TSLA,1.871999979019165,1.8473329544067385,0,0.00040557284266666663,0.0004057211568333334,0.34192792035,0.00040543721409999996,0.6066985736,0.00040544951526666663,0.04705722210866667,0.0026941032229000003,0.9984,0.9984,0.9984
204,1.7940000295639038,1.7940000295639038,14794500,20120106,TSLA,1.807999968528748,1.7940000295639038,0,0.0006582626017,0.0006582110125,0.995390447,0.0006587105934,0.0006587762518,0.0006583206299,0.0006584221074,0.0006588497736,0.9818,0.9818,0.9818
205,1.519333004951477,1.519333004951477,82506000,20120113,TSLA,1.8833329677581787,1.519333004951477,0,0.01250894054,0.01250067249,0.01250014962,0.01250077763,0.130396075,0.01250070777,0.01250047694,0.7945922,-0.2023,-0.2023,-0.2023
206,1.7873330116271973,1.7873330116271973,18903000,20120118,TSLA,1.773332953453064,1.7873330116271973,1,0.0005850125957,0.0005845200594,0.4629809532,0.1221609778,0.06076324534,0.2213886607,0.0005844832634,0.1309521471,0.953,0.953,0.953
207,1.773332953453064,1.773332953453064,9934500,20120120,TSLA,1.784000039100647,1.773332953453064,0,0.03811127274053333,0.037362735195133334,0.6604163904914667,0.0006411487701666667,0.22024745503863333,0.0006412587734333333,0.0006409643999666666,0.0419387746065,0.9903,0.999,0.9954333333333333
208,1.7846670150756836,1.7846670150756836,8919000,20120123,TSLA,1.773332953453064,1.7846670150756836,1,0.0004938990816,0.0004936564258,0.9965428211,0.0004938608132,0.00049416393975,0.000493811237,0.0004937368178000001,0.0004940505917,0.9737,0.9737,0.9737
209,2.016666889190674,2.016666889190674,12085500,20120202,TSLA,1.972000002861023,2.016666889190674,1,0.00045971644446666664,0.0004596101254333333,0.9967822599999999,0.00045965242523333336,0.00045974917293333336,0.0004595795820666666,0.0004596946555,0.0004597375945,-0.9964,0.9918,-0.33336666666666664
210,2.076667070388794,2.076667070388794,11467500,20120203,TSLA,2.016666889190674,2.076667070388794,1,0.011287883034649998,0.00038331593085,0.62768337685,0.0674696791226,0.25701782284065,0.00038325619030000005,0.0353913028488,0.000383363142,0.9933,0.9992,0.99625
211,2.119999885559082,2.119999885559082,9781500,20120206,TSLA,2.076667070388794,2.119999885559082,1,0.0003432564056,0.08356076577499999,0.9143806548,0.00034307578315,0.00034314515325000003,0.0003431486611,0.00034299411025,0.00034295933485,-0.6724,-0.6724,-0.6724
212,2.1066670417785645,2.1066670417785645,15324000,20120207,TSLA,2.119999885559082,2.1066670417785645,0,0.02129070596,0.0004505470651,0.9760083016,0.0004500954451,0.0004501918308,0.0004499165864,0.0004500630867,0.0004501783776,0.9939,0.9939,0.9939
213,2.128667116165161,2.128667116165161,9355500,20120208,TSLA,2.1066670417785645,2.128667116165161,1,0.0006698922941,0.0006693006276,0.8070046101,0.0006700255773,0.0006699659077,0.0006698563603,0.139324263,0.05032208614,0.9102,0.9102,0.9102
214,2.0993330478668213,2.0993330478668213,17368500,20120213,TSLA,2.0733330249786377,2.0993330478668213,1,0.0007153887968,0.0007151815757,0.7459916158,0.05403496579,0.000715786987,0.0007154966764,0.1254169278,0.07169463657,0.7783,0.7783,0.7783
215,2.240000009536743,2.240000009536743,41427000,20120215,TSLA,2.211333036422729,2.240000009536743,1,0.001052360186,0.001051293316,0.001051384334,0.1602547736,0.001052004569,0.06735535598,0.0904647445,0.6777180835,0.9953,0.9953,0.9953
216,2.2786669731140137,2.2786669731140137,33295500,20120216,TSLA,2.240000009536743,2.2786669731140137,1,0.001017759486,0.001017857158,0.001017476827,0.1489951141,0.001017693472,0.001017501454,0.001018497416,0.8448981,0.8474,0.8474,0.8474
217,2.3313329219818115,2.3313329219818115,20650500,20120217,TSLA,2.2786669731140137,2.3313329219818115,1,0.001026376841,0.00102603124,0.001025630335,0.7448902278,0.1313689295,0.118610342,0.001026053278,0.001026409029,-0.9876,-0.9876,-0.9876
218,2.281332969665528,2.281332969665528,24819000,20120222,TSLA,2.299999952316284,2.281332969665528,0,0.048856205335,0.1317773683,0.5676719612500001,0.00019038638284999998,0.24219827645,0.00019031735765000002,0.008925122305500001,0.00019036263004999998,0.9964,0.9969,0.99665
219,2.2693328857421875,2.2693328857421875,8250000,20120302,TSLA,2.2939999103546143,2.2693328857421875,0,0.1377510961,0.03676732918,0.4132052416,0.0006768417751,0.4095691804,0.0006768866262,0.0006765970427,0.0006768273385,0.9981,0.9981,0.9981
220,2.2073330879211426,2.2073330879211426,8607000,20120306,TSLA,2.251332998275757,2.2073330879211426,0,0.0004488083574,0.0004484852775,0.000448454212,0.0004486629594,0.0004483427338,0.00044832656,0.0004485162268,0.9968604037,0.9959,0.9959,0.9959
221,2.204667091369629,2.204667091369629,9499500,20120308,TSLA,2.2079999446868896,2.204667091369629,0,0.0004931278034,0.0004927687879,0.0004930391711,0.02173300332,0.0004927282128,0.03703813465,0.0004925988128,0.9387645992,0.971,0.971,0.971
222,2.4059998989105225,2.4059998989105225,15024000,20120313,TSLA,2.4006669521331787,2.4059998989105225,1,0.1999595713,0.001001611047,0.7940331653,0.001000819593,0.001001413022,0.001001312195,0.001000506742,0.001001600745,0.9441,0.9441,0.9441
223,2.352667093276977,2.352667093276977,12772500,20120314,TSLA,2.4059998989105225,2.352667093276977,0,0.03379288182635,0.0004967922814,0.4984933091499,0.0004967627077500001,0.0004967895453,0.0004968615606500001,0.00049681342535,0.46522978951035004,0.9911,0.9976,0.9943500000000001
224,2.3333330154418945,2.3333330154418945,8574000,20120315,TSLA,2.352667093276977,2.3333330154418945,0,0.000839321301,0.0008392882217,0.9941247938,0.0008391960139,0.0008394447637,0.0008393929318,0.0008390820073,0.000839480963,0.9893,0.9893,0.9893
225,2.354666948318481,2.354666948318481,10939500,20120316,TSLA,2.3333330154418945,2.354666948318481,1,0.006366693507866666,0.006363453569933334,0.5006213549733333,0.006358291742366667,0.06374622183333334,0.39519964189999995,0.006357093628666666,0.014987248863333332,0.4767,0.9674,0.8038333333333334
226,2.3320000171661377,2.3320000171661377,15234000,20120319,TSLA,2.354666948318481,2.3320000171661377,0,0.0006166012397,0.0006163761773,0.7791803744,0.0006164580203,0.1330809892,0.07244560361,0.0006164764196,0.01282712098,0.993,0.993,0.993
227,2.330667018890381,2.330667018890381,8505000,20120320,TSLA,2.3320000171661377,2.330667018890381,0,0.2046766674,0.5897224648,0.0002844148726,0.03908230876,0.0002843713898,0.0002844904745,0.1653808368,0.0002844454855,-0.185,-0.185,-0.185
228,2.343333005905152,2.343333005905152,9108000,20120321,TSLA,2.330667018890381,2.343333005905152,1,0.05419222806333333,0.13621323713,0.5515897310333333,0.0006118320531999999,0.2555576303,0.0006118154570666667,0.0006115942362666667,0.0006119317174333334,0.5337,0.9979,0.8426
229,2.293333053588867,2.293333053588867,7836000,20120322,TSLA,2.343333005905152,2.293333053588867,0,0.005615771245066667,0.005615390580733334,0.9606897785666666,0.005615283041399999,0.005616584039166667,0.005615369653499999,0.0056152415163,0.005616581359333334,0.0,0.9746,0.6128
230,2.523333072662353,2.523333072662353,14325000,20120328,TSLA,2.5293331146240234,2.523333072662353,0,0.1487281804,0.001078104171,0.001079406563,0.00107885206,0.6569808462,0.001079685742,0.001078282168,0.1888966427,0.9906,0.9906,0.9906
231,2.438667058944702,2.438667058944702,15429000,20120402,TSLA,2.4826669692993164,2.438667058944702,0,0.0006324242641,0.0006321928003,0.8680734464,0.0006325790804,0.128133432,0.0006323294665,0.0006317406415,0.0006318552895,0.8381,0.8381,0.8381
232,2.3333330154418945,2.3333330154418945,67227000,20120404,TSLA,2.5339999198913574,2.3333330154418945,0,0.0003527776121,0.0003527130513,0.1198542006,0.470533729,0.304854745,0.0003523577973,0.0003523709616,0.103347106,0.9864,0.9864,0.9864
233,2.298666954040528,2.298666954040528,22641000,20120405,TSLA,2.3333330154418945,2.298666954040528,0,0.000707170609,0.0007073838479499999,0.0007075688855,0.087924587465,0.5909620425,0.0007073439451,0.0007069117484500001,0.31757699105000003,0.9712,0.9712,0.9712
234,2.1640000343322754,2.1640000343322754,27715500,20120410,TSLA,2.2100000381469727,2.1640000343322754,0,0.05180516390725,0.0005208403407,0.7559272822,0.096600930675,0.07301055817390001,0.00941359973875,0.0005209248597999999,0.01220070012955,0.5789,0.9668,0.77285
235,2.2060000896453857,2.2060000896453857,16582500,20120411,TSLA,2.1640000343322754,2.2060000896453857,1,0.165605644,0.0007629229060500001,0.71519468005,0.0007637437033500001,0.0007631602213,0.1153828058,0.0007628838487,0.0007641595077,0.996,0.996,0.996
236,2.22933292388916,2.22933292388916,15508500,20120412,TSLA,2.2060000896453857,2.22933292388916,1,0.1268989493,0.000703157444,0.4021727523,0.0007033618963,0.467412131,0.0007036108438,0.000702860225,0.0007031770004,0.98,0.98,0.98
237,2.239332914352417,2.239332914352417,9744000,20120413,TSLA,2.22933292388916,2.239332914352417,1,0.10661202341556668,0.0007526210813666666,0.4823816411653333,0.19662050593573333,0.16640534199726667,0.020686356509166667,0.0007524309842666667,0.02578907895926667,-0.9965,0.9947,0.3301
238,2.150000095367432,2.150000095367432,16494000,20120416,TSLA,2.239332914352417,2.150000095367432,0,0.0004901894326666666,0.025329499095366668,0.62983816665,0.012286933016266667,0.3097563247891833,0.017504604601800002,0.0004900644034333334,0.004304218022433333,0.9729,0.9988,0.9913
239,2.149333000183105,2.149333000183105,16732500,20120417,TSLA,2.150000095367432,2.149333000183105,0,0.0004437941623,0.0004439409162,0.6947536814,0.1864270623,0.116599718,0.0004440137504,0.0004439768412,0.0004438126261,0.9967,0.9967,0.9967
240,2.177333116531372,2.177333116531372,12346500,20120418,TSLA,2.149333000183105,2.177333116531372,1,0.0003947261587,0.01158954131,0.75834548,0.0003947801388,0.2280912933,0.0003947009981,0.0003947303032,0.0003947477802,0.9982,0.9982,0.9982
241,2.21066689491272,2.21066689491272,12327000,20120420,TSLA,2.21066689491272,2.21066689491272,0,0.0006836026501,0.0006836314781,0.9952140411,0.00068367828595,0.0006835957008,0.0006835628886499999,0.0006843209112,0.00068356699855,0.9878,0.9878,0.9878
242,2.129333019256592,2.129333019256592,13362000,20120423,TSLA,2.21066689491272,2.129333019256592,0,0.0008743132799,0.0008739490511,0.99388018875,0.000873848285,0.0008741904555000001,0.0008746033024999999,0.0008739887500999999,0.0008749181373999999,0.802,0.9468,0.8744000000000001
243,2.121332883834839,2.121332883834839,10117500,20120424,TSLA,2.129333019256592,2.121332883834839,0,0.01266964850356,0.0042325918016,0.7782042340800001,0.00043030816482,0.19761082975327998,0.00043058853872,0.00043041996794,0.00599137918274,0.8271,0.9987,0.9641
244,2.194000005722046,2.194000005722046,10683000,20120425,TSLA,2.121332883834839,2.194000005722046,1,0.055897764914999995,0.002751774472975,0.5743468211675,0.000533547657075,0.3615395621275,0.0005332190398749999,0.00053342554015,0.0038638850706999997,0.9607,0.9991,0.986925
245,2.2326669692993164,2.2326669692993164,6379500,20120426,TSLA,2.194000005722046,2.2326669692993164,1,0.0007129785144,0.0007128279878000001,0.99500916505,0.0007131893272000001,0.0007131708507499999,0.00071293254455,0.00071297901215,0.0007127566991999999,0.9816,0.9962,0.9889
246,2.22266697883606,2.22266697883606,8865000,20120427,TSLA,2.2326669692993164,2.22266697883606,0,0.00054993970215,0.0005498925455000001,0.8338740034000001,0.00055009883715,0.16282626732605,0.00054994862345,0.00054986740785,0.0005499821797,0.978,0.9962,0.9871
247,2.208667039871216,2.208667039871216,6208500,20120430,TSLA,2.22266697883606,2.208667039871216,0,0.044656447867325,0.0037103752025750003,0.52452546849225,0.0145989943729,0.36687143923765,0.003669071103425,0.000666757510025,0.0413014462179,-0.666,0.9932,0.5628
248,2.252000093460083,2.252000093460083,9885000,20120501,TSLA,2.208667039871216,2.252000093460083,1,0.0003781467044,0.0003781355214,0.663041296,0.000378158845,0.334690076,0.0003780770804,0.000377988831,0.0003781210185,0.9982,0.9982,0.9982
249,2.262666940689087,2.262666940689087,7459500,20120502,TSLA,2.252000093460083,2.262666940689087,1,0.0007345542221999999,0.0007345743643,0.9850711717333334,0.0007347064341000001,0.010521345612466667,0.0007346344974666668,0.0007345411760333333,0.0007344719473,0.7876,0.9865,0.9185
250,2.1640000343322754,2.1640000343322754,12619500,20120503,TSLA,2.262666940689087,2.1640000343322754,0,0.0004506001549,0.0004501159229,0.4519771422,0.0004502027032,0.3715383424,0.1308780612,0.0004502779048,0.04380525743,0.9979,0.9979,0.9979
251,2.121999979019165,2.121999979019165,18712500,20120504,TSLA,2.1640000343322754,2.121999979019165,0,0.00055378571445,0.00055404195945,0.9961228227,0.0005538271713,0.0005539359957000001,0.000554045436,0.0005537617498500001,0.0005537792694999999,0.9701,0.9894,0.9797499999999999
252,2.012666940689087,2.012666940689087,46458000,20120508,TSLA,2.1646668910980225,2.012666940689087,0,0.08507593838,0.0004967313078,0.573016041,0.0004965622812,0.3394241893,0.0004969958953,0.0004964310329,0.000497110761,0.992,0.992,0.992
253,2.003999948501587,2.003999948501587,29218500,20120509,TSLA,2.012666940689087,2.003999948501587,0,0.054717227019233323,0.0005481530176333333,0.5792255475796334,0.015768502001033333,0.04953927403893333,0.022548720378666665,0.0005478557262999999,0.2771047202237,0.7493,0.9985,0.9147333333333334
254,2.1973330974578857,2.1973330974578857,83344500,20120510,TSLA,2.003999948501587,2.1973330974578857,1,0.0005513069413999999,0.0005511119897000001,0.91231716915,0.00055121476035,0.06975496362,0.0005512777255,0.0005514934814000001,0.01517146233,0.9939,0.9947,0.9943
255,2.150000095367432,2.150000095367432,18319500,20120511,TSLA,2.1973330974578857,2.150000095367432,0,0.0004922394433666666,0.013278992889666668,0.4445839298213667,0.2535771008798667,0.20712188596083334,0.0004921246068333333,0.0004918618382,0.07996186454076668,-0.9959,0.9924,0.3274333333333333
256,2.003999948501587,2.003999948501587,20713500,20120514,TSLA,2.150000095367432,2.003999948501587,0,0.000709461779375,0.000709415899275,0.983376780825,0.01236648420395,0.000709483839375,0.000709472871375,0.0007095378668,0.000709362689275,0.9403,0.9952,0.9665
257,1.9453330039978027,1.9453330039978027,18856500,20120516,TSLA,1.962000012397766,1.9453330039978027,0,0.010398867797666666,0.0653724837113,0.8132139475666667,0.007211134884433334,0.07320943397333333,0.007210659055400001,0.016171464570599998,0.0072120084329,0.0,0.9882,0.6515333333333334
258,1.9046670198440552,1.9046670198440552,17235000,20120517,TSLA,1.9453330039978027,1.9046670198440552,0,0.021321588266525,0.0005852187354,0.840816960625,0.01474583727115,0.11129891788082501,0.0005849650872750001,0.010061776105825,0.000584735998975,0.9664,0.9834,0.9762
259,1.8373329639434812,1.8373329639434812,24247500,20120518,TSLA,1.9046670198440552,1.8373329639434812,0,0.00455973962266,0.004559891104119999,0.92535743634,0.004559682298839999,0.04728412113088,0.00455965124036,0.0045596365612800005,0.00455984171204,0.0,0.9974,0.78214
260,1.9179999828338623,1.9179999828338623,22128000,20120521,TSLA,1.8373329639434812,1.9179999828338623,1,0.0006454403646600001,0.00064512481406,0.9039460416,0.00267894230026,0.06553456486562001,0.0192788213355,0.00064505434112,0.006626010365399999,0.4215,0.9961,0.84548
261,2.053333044052124,2.053333044052124,35493000,20120522,TSLA,1.9179999828338623,2.053333044052124,1,0.06446047279713846,0.03161942551998462,0.6820357153040769,0.04687801464382308,0.024379989845507693,0.04282657459500001,0.03168658424652308,0.07611322305588461,0.0,0.9964,0.7441692307692307
262,2.068000078201294,2.068000078201294,18306000,20120523,TSLA,2.053333044052124,2.068000078201294,1,0.0038987429288833333,0.0039001889873833333,0.6259009410838167,0.06668489008656667,0.003898614618666667,0.0038997088236333334,0.10910304062576666,0.18271387284785,0.09,0.9974,0.78485
263,2.018666982650757,2.018666982650757,16134000,20120524,TSLA,2.068000078201294,2.018666982650757,0,0.002063284514916667,0.0029658722086833337,0.8541473066833333,0.0020629700347833332,0.12675573158915,0.006154590038783333,0.002062969803816667,0.003787275142216667,0.296,0.9949,0.8746999999999999
264,1.987333059310913,1.987333059310913,11355000,20120525,TSLA,2.018666982650757,1.987333059310913,0,0.10985596328059999,0.01243203789989,0.71475376473789,0.01240129796166,0.10848910543117,0.00997069811502,0.025857693895939997,0.0062394386714,0.7642,0.9995,0.9486399999999999
265,2.1126670837402344,2.1126670837402344,24750000,20120529,TSLA,1.987333059310913,2.1126670837402344,1,0.0005605297838000001,0.0005599846438,0.86196708005,0.029770373920000003,0.08026892243,0.0257532093,0.00055988506575,0.0005600148284,0.9776,0.9776,0.9776
266,2.0273330211639404,2.0273330211639404,19608000,20120530,TSLA,2.1126670837402344,2.0273330211639404,0,0.00686879091115,0.0068650110414,0.80732229905,0.00686411228455,0.13177277655871666,0.025156098665283334,0.006865322143233334,0.008285589352666666,0.0,0.9833,0.6393833333333333
267,1.9666670560836792,1.9666670560836792,16780500,20120531,TSLA,2.0273330211639404,1.9666670560836792,0,0.00361529933465,0.0036261630415875,0.9247571961125,0.01036375844535,0.014514100026462499,0.0036148798783625,0.0036184514509,0.0358901516957625,0.0,0.9993,0.8504125
268,1.876667022705078,1.876667022705078,13287000,20120601,TSLA,1.9666670560836792,1.876667022705078,0,0.002325353884966667,0.0023262771766,0.5194291634333333,0.0433046343822,0.38195783815243334,0.04600695894073333,0.0023250477192,0.002324726331366667,0.6705,0.9963,0.8799333333333333
269,1.8606669902801516,1.8606669902801516,9463500,20120605,TSLA,1.858667016029358,1.8606669902801516,1,0.1886425575,0.02089321961,0.6861884656,0.02089578105,0.02085667793,0.02084309759,0.02084030207,0.02083989872,0.8126,0.8126,0.8126
270,1.9479999542236328,1.9479999542236328,13648500,20120606,TSLA,1.8606669902801516,1.9479999542236328,1,0.00095105124895,0.00095127051345,0.0009507342894,0.0009521843153,0.0009509143004499999,0.0009513231997,0.00095126246495,0.99334125965,-0.9956,0.9853,-0.005150000000000043
271,2.005332946777344,2.005332946777344,13216500,20120608,TSLA,1.928666949272156,2.005332946777344,1,0.0626085747277,0.02985088281215,0.5303819009949999,0.0006062557043,0.3672560579427,0.00060660189985,0.008083019386599999,0.0006067065237000001,0.9883,0.9883,0.9883
272,1.9846669435501096,1.9846669435501096,12661500,20120613,TSLA,1.9773329496383667,1.9846669435501096,1,0.000366250786,0.03513572123,0.8908792949,0.0003661942041,0.0003662081505,0.0003662548515,0.07215407003,0.0003660058939,0.9987,0.9987,0.9987
273,1.9593329429626465,1.9593329429626465,13083000,20120614,TSLA,1.9846669435501096,1.9593329429626465,0,0.0006416403525,0.0006414443885,0.995506071,0.0006418558629,0.0006419523423,0.0006429390545,0.0006414586157,0.0006426383703,0.9604,0.9604,0.9604
274,1.99399995803833,1.99399995803833,9702000,20120615,TSLA,1.9593329429626465,1.99399995803833,1,0.0611564965,0.0007632040553,0.5795754124,0.0007631310336,0.2099710054,0.09914920782,0.0007629150983,0.04785862765,0.9528,0.9528,0.9528
275,2.122667074203491,2.122667074203491,18852000,20120618,TSLA,1.99399995803833,2.122667074203491,1,0.0005324481714,0.08037294674,0.8185371632,0.020387585345,0.06180446729095,0.0005322251763,0.00053200155475,0.0173011625043,0.9973,0.998,0.9976499999999999
276,2.1393330097198486,2.1393330097198486,13666500,20120619,TSLA,2.122667074203491,2.1393330097198486,1,0.0008208858786,0.00082039474945,0.17642733830000001,0.091160266745,0.7283089248500001,0.00082066380205,0.0008206454609000001,0.0008208801741,0.994,0.994,0.994
277,2.1459999084472656,2.1459999084472656,28378500,20120621,TSLA,2.252000093460083,2.1459999084472656,0,0.05977005874333333,0.017946527527466668,0.0549243871892,0.007110337910799999,0.2627571174601,0.0220384109138,0.008215914397500001,0.5672372458366667,0.9023,0.9825,0.9466666666666667
278,2.25266695022583,2.25266695022583,45699000,20120622,TSLA,2.1459999084472656,2.25266695022583,1,0.04773619772343333,0.0004642060132333333,0.15180239748666666,0.00046436371976666665,0.1408290854499,0.06867380994693333,0.0004641726962333334,0.5895657669495666,-0.977,0.9999,0.3403333333333333
279,2.107332944869995,2.107332944869995,39208500,20120626,TSLA,2.2073330879211426,2.107332944869995,0,0.038645132074366664,0.0007447147952666667,0.5168194315333333,0.0007445182537333334,0.4052374077293666,0.03631970286476666,0.0007447478521666667,0.0007443448724333332,0.9839,0.988,0.9856666666666666
280,2.094000101089477,2.094000101089477,13711500,20120628,TSLA,2.130666971206665,2.094000101089477,0,0.018428838333,0.0003843171737666667,0.08066528694,0.0003845424256,0.8873661796333333,0.0003845006563333333,0.012002072428233333,0.00038426242280000005,0.9718,0.9975,0.9883333333333333
281,2.0859999656677246,2.0859999656677246,16887000,20120629,TSLA,2.094000101089477,2.0859999656677246,0,0.0265832459,0.0006387174197,0.4555320012,0.0006384840397,0.5146904917,0.0006393901421,0.0006386563837,0.000639013211,0.9828,0.9828,0.9828
282,2.0266671180725098,2.0266671180725098,19734000,20120702,TSLA,2.0859999656677246,2.0266671180725098,0,0.17846738741666668,0.00023049192983333334,0.4068325211466666,0.12818546259586666,0.23883368590666665,0.00023048930613333335,0.004932490643333333,0.042287471061666665,0.9639,0.9979,0.9772666666666666
283,2.0820000171661377,2.0820000171661377,18807000,20120705,TSLA,2.0439999103546143,2.0820000171661377,1,0.3185566837,0.0006169089719,0.0006162199216,0.0006170907739,0.0006167648984,0.07774162843,0.0006171551864,0.6006175482,0.3626,0.3626,0.3626
284,2.0993330478668213,2.0993330478668213,13657500,20120709,TSLA,2.065999984741211,2.0993330478668213,1,0.028093150074333332,0.024560626903333337,0.2323057311,0.2572767416284667,0.3663137311333333,0.00038670158896666665,0.09067649190943333,0.0003867967054,0.989,0.989,0.989
285,2.084666967391968,2.084666967391968,11376000,20120710,TSLA,2.0993330478668213,2.084666967391968,0,0.0003173586839,0.0003173964168,0.9294969063,0.0003175153188,0.068598502275,0.00031736296305,0.00031772797765,0.0003172300517,0.9516,0.9516,0.9516
286,2.2833330631256104,2.2833330631256104,19572000,20120713,TSLA,2.180000066757202,2.2833330631256104,1,0.0004274367913,0.0004269935447,0.7497229292,0.0004270728102,0.2189155955,0.02922563175,0.0004271565477,0.0004271838384,0.9914,0.9914,0.9914
287,2.2233328819274902,2.2233328819274902,38539500,20120717,TSLA,2.3973329067230225,2.2233328819274902,0,0.0107180935961,0.012328326457666667,0.8853773835333333,0.03306197788306667,0.05730240105276666,0.00040391757353333335,0.0004039977442,0.0004039021552666667,0.9353,0.9984,0.9672333333333333
288,2.1433329582214355,2.1433329582214355,43228500,20120718,TSLA,2.2233328819274902,2.1433329582214355,0,0.000506940779,0.0005065341042,0.9964535692,0.0005064391026,0.0005066789994,0.000506500241,0.0005066021053,0.000506735515,0.9984,0.9984,0.9984
289,2.119333028793335,2.119333028793335,23527500,20120720,TSLA,2.1513330936431885,2.119333028793335,0,0.02127480199204,0.00521262202032,0.7332478791054,0.12456552657989999,0.04308568891992,0.00688998209624,0.05322871074903999,0.012494790281860001,0.9423,0.9995,0.974325
290,1.9893330335617063,1.9893330335617063,22504500,20120724,TSLA,2.0439999103546143,1.9893330335617063,0,0.0005368578242,0.0005368713889,0.9962417584,0.0005368512145,0.0005369497909,0.0005368897127,0.0005367525746,0.0005370690546,0.9386,0.9386,0.9386
291,1.9673329591751096,1.9673329591751096,25095000,20120727,TSLA,1.8753329515457156,1.9673329591751096,1,0.0004673875131,0.00046714691104999997,0.9543391573,0.00046763114759999997,0.04285669766,0.0004671350474,0.00046772388465000003,0.00046712050660000003,0.9945,0.9945,0.9945
292,1.8233330249786377,1.8233330249786377,30978000,20120730,TSLA,1.9673329591751096,1.8233330249786377,0,0.1008066855535,0.011099786273,0.27536481744999997,0.0111191362185,0.293690342695,0.1763847761,0.07373073292099999,0.0578037228,0.0,0.9299,0.46495
293,1.75,1.75,23884500,20120801,TSLA,1.8279999494552608,1.75,0,0.0009345612498,0.730041016,0.0009336702905,0.2643523071,0.0009340007478,0.0009358685554,0.0009347482868,0.0009338277346,-0.6705,-0.6705,-0.6705
294,1.8179999589920044,1.8179999589920044,18142500,20120803,TSLA,1.7400000095367432,1.8179999589920044,1,0.01937527561706667,0.00026383962189999996,0.9678561223666667,0.0002636745090333333,0.0114502137346,0.0002636662883,0.00026363225826666665,0.00026357558756666665,0.9982,0.9995,0.9989666666666667
295,1.8846670389175413,1.8846670389175413,22923000,20120806,TSLA,1.8179999589920044,1.8846670389175413,1,0.0004063221963,0.000406548543,0.1264599927,0.000406504086,0.8711013876,0.0004063206074,0.0004067645313,0.0004061596975,0.9889,0.9889,0.9889
296,2.0199999809265137,2.0199999809265137,10035000,20120816,TSLA,1.9600000381469729,2.0199999809265137,1,0.3187228622,0.0007536684222,0.000753681144,0.000754093225,0.1974314906,0.3447235219,0.0007545620474,0.1361061204,0.992,0.992,0.992
297,2.000667095184326,2.000667095184326,7623000,20120817,TSLA,2.0199999809265137,2.000667095184326,0,0.08298068255805,0.000749403036775,0.00074920240075,0.007512541216575,0.178018236,0.21528519777895,0.000749506846775,0.51395523018275,0.9603,0.9989,0.9879
298,1.9966670274734497,1.9966670274734497,11632500,20120822,TSLA,1.940667033195496,1.9966670274734497,1,0.0005101010004,0.0005101153483,0.83792143615,0.07487300278,0.08465494362,0.00050992723675,0.0005098258981,0.00051064796075,0.9972,0.9975,0.99735
299,1.9666670560836792,1.9666670560836792,21441000,20120824,TSLA,2.048666954040528,1.9666670560836792,0,0.0081482306988,0.00814756045055,0.94296264185,0.008147479513099999,0.0081473639125,0.008151322308300001,0.008147151733349999,0.008148249562600001,0.1027,0.9843,0.5435
300,1.9126670360565183,1.9126670360565183,21040500,20120828,TSLA,1.888000011444092,1.9126670360565183,1,0.001289276849,0.001289020949,0.9909762504,0.001289017917,0.001289245915,0.001289211884,0.001288777503,0.001289198623,0.872,0.872,0.872
301,1.901332974433899,1.901332974433899,8097000,20120831,TSLA,1.8940000534057615,1.901332974433899,1,0.1387896136,0.001171898653,0.001169793371,0.2958090578,0.5298113561,0.001170164319,0.001169675924,0.03090844026,-0.9957,-0.9957,-0.9957
302,1.885332942008972,1.885332942008972,17178000,20120912,TSLA,1.853332996368408,1.885332942008972,1,0.00053918229935,0.0005392135135,0.9962253398500001,0.00053917016885,0.0005393488892,0.0005393629757,0.0005392604628,0.00053912182295,0.9042,0.9042,0.9042
303,2.169332981109619,2.169332981109619,48192000,20120917,TSLA,2.026000022888184,2.169332981109619,1,0.0004872692875,0.0004870319193,0.9965896123,0.0004874237257,0.0004871495246,0.0004872840708,0.0004870792606,0.0004871499283,0.9815,0.9815,0.9815
304,2.069999933242798,2.069999933242798,15727500,20120919,TSLA,2.0893330574035645,2.069999933242798,0,0.00089965557365,0.0008997228292999999,0.9937013682,0.00090000133945,0.0008996606366,0.00089990254695,0.0008997759166500001,0.00089991297555,0.9091,0.9091,0.9091
305,2.059999942779541,2.059999942779541,13686000,20120920,TSLA,2.069999933242798,2.059999942779541,0,0.0003023827241,0.0003025087656,0.7421127738,0.06947705805,0.1868978099,0.0003023515854,0.0003025882683,0.0003025268584,0.8398,0.8398,0.8398
306,2.001332998275757,2.001332998275757,28050000,20120921,TSLA,2.059999942779541,2.001332998275757,0,0.0006849449846666666,0.0006846079690333333,0.8720872822333332,0.03444406947573333,0.07675861045933334,0.000684745203,0.0006846328375666666,0.013971106808566667,0.9371,0.9829,0.9523666666666667
307,2.0439999103546143,2.0439999103546143,19528500,20120924,TSLA,2.001332998275757,2.0439999103546143,1,0.04296303841486,0.065562486792,0.32868407518316,0.01680338843998,0.22561836791408002,0.00045643428329999997,0.120573328034,0.19933888090647997,0.9719,0.9986,0.98834
308,1.843999981880188,1.843999981880188,85206000,20120925,TSLA,2.0439999103546143,1.843999981880188,0,0.000741269606325,0.01172418456115,0.479175188037575,0.013166508890825,0.01649272433005,0.03867742035465,0.00074068139275,0.43928202280785,0.8901,0.988,0.9604
309,1.9520000219345093,1.9520000219345093,65151000,20120928,TSLA,1.8993330001831052,1.9520000219345093,1,0.16019827892333333,0.0009990378578666667,0.5307178342233333,0.0009998854183,0.19766801713333335,0.0009994885778333332,0.0009994523135333333,0.1074180055026,0.9654,0.9977,0.98155
310,1.944000005722046,1.944000005722046,13266000,20121001,TSLA,1.9520000219345093,1.944000005722046,0,0.0007146971912,0.0007147595941,0.994996421,0.0007148340923,0.000715065567,0.0007147549243,0.0007146170644,0.0007148505533,0.9381,0.9381,0.9381
311,1.9866670370101929,1.9866670370101929,10935000,20121002,TSLA,1.944000005722046,1.9866670370101929,1,0.00053201927275,0.00053161936645,0.7854253074499999,0.17854444735,0.03337109507,0.0005317774755,0.00053178241455,0.00053195155525,0.993,0.993,0.993
312,1.953333020210266,1.953333020210266,15792000,20121003,TSLA,1.9866670370101929,1.953333020210266,0,0.009708045556999998,0.009693354799499999,0.28951321748,0.009697372049,0.2892974386,0.03119334364,0.009695198888,0.35120202897,0.5106,0.8932,0.7019
313,1.9600000381469729,1.9600000381469729,23119500,20121004,TSLA,1.953333020210266,1.9600000381469729,1,0.0004690084126,0.0004684642484,0.2377391028,0.0004688471111,0.7017618841,0.02081762395,0.0004684522607,0.03780661709,0.99,0.99,0.99
314,1.9259999990463257,1.9259999990463257,14079000,20121005,TSLA,1.9600000381469729,1.9259999990463257,0,0.00050963204615,0.0005095832359500001,0.9964316966,0.00050959392935,0.0005097673202500001,0.00050976045365,0.0005094996867000001,0.0005104667146,0.9773,0.9773,0.9773
315,1.950000047683716,1.950000047683716,13345500,20121008,TSLA,1.9259999990463257,1.950000047683716,1,0.0029733943734750004,0.0029737610899750002,0.9397470412125,0.0029736266185250004,0.0424111514874625,0.002973733368275,0.0029737804598375,0.0029735114086,0.0,0.9971,0.795325
316,1.891332983970642,1.891332983970642,17895000,20121009,TSLA,1.950000047683716,1.891332983970642,0,0.06033906773272,0.0009874886444200001,0.5952234272128,0.09578676687976,0.11442652429864,0.07870421814878,0.017691111415160003,0.03684139571924,-0.0526,0.9652,0.65226
317,1.8933329582214355,1.8933329582214355,7554000,20121010,TSLA,1.891332983970642,1.8933329582214355,1,0.0005283897236333334,0.0005284677138,0.9963008256,0.0005284979019666667,0.0005284871302666667,0.0005285480433666667,0.0005284134707,0.000528370417,0.9001,0.9881,0.9580000000000001
318,1.888000011444092,1.888000011444092,6759000,20121011,TSLA,1.8933329582214355,1.888000011444092,0,0.0005395545881,0.0005396507285,0.9175477278,0.0005398233834,0.07921425283,0.0005394749004,0.0005404002184,0.0005391155133,0.9219,0.9219,0.9219
319,1.869333028793335,1.869333028793335,11115000,20121018,TSLA,1.9213329553604128,1.869333028793335,0,0.2955102938,0.0003498986753,0.02000435451,0.0003498831134,0.0003495376327,0.0003496574378,0.1287748601,0.5543115147,0.9976,0.9976,0.9976
320,1.8493330478668213,1.8493330478668213,15411000,20121019,TSLA,1.869333028793335,1.8493330478668213,0,0.0004863680762,0.0004865676596,0.95672710445,0.019408073177449997,0.021431462679600003,0.00048686624495000003,0.00048698688465,0.00048657081109999996,0.9574,0.9756,0.9665
321,1.8566670417785645,1.8566670417785645,7053000,20121022,TSLA,1.8493330478668213,1.8566670417785645,1,0.0004152180206666667,0.0004153498883333333,0.9650659907666667,0.026434969352833335,0.00041548702596666667,0.006422037009266667,0.00041524710636666666,0.0004157008712666667,0.4767,0.9804,0.7677666666666667
322,1.8926670551300049,1.8926670551300049,11235000,20121023,TSLA,1.8566670417785645,1.8926670551300049,1,0.09658408004605001,0.0007331096149,0.73454239686,0.035056395388525,0.027811629585975,0.00073303157895,0.074564005320625,0.029975351616124996,0.8338,0.9913,0.89915
323,1.834666967391968,1.834666967391968,8665500,20121025,TSLA,1.8279999494552608,1.834666967391968,1,0.02037170350726,0.027818939256499996,0.5987224967,0.00045797063083999996,0.34147932685928,0.00045809801533999993,0.00045791506464,0.01023354997812,0.9059,0.9982,0.9597200000000001
324,1.8253329992294312,1.8253329992294312,7161000,20121026,TSLA,1.834666967391968,1.8253329992294312,0,0.012934926229433333,0.03643113337936667,0.8136000069333335,0.0033875472741666667,0.11165918145616666,0.0004954075396,0.0004953418099333333,0.020996455374666666,0.9442,0.9958,0.9701000000000001
325,1.8753329515457156,1.8753329515457156,11628000,20121031,TSLA,1.8253329992294312,1.8753329515457156,1,0.0007588227957,0.00075872081175,0.99468754255,0.0007597439989,0.0007589466463,0.0007587735338,0.0007587614145,0.00075868824975,0.9648,0.9659,0.9653499999999999
326,2.076667070388794,2.076667070388794,34860000,20121106,TSLA,2.0999999046325684,2.076667070388794,0,0.0003320332272,0.03163566786,0.5020226085,0.0003321035615,0.2252870658,0.0003319370273,0.2397267457,0.0003318382457,0.9978,0.9978,0.9978
327,2.102667093276977,2.102667093276977,25717500,20121107,TSLA,2.076667070388794,2.102667093276977,1,0.0006381804702,0.0006388003099,0.8284783579,0.000638808036,0.06865101898,0.0006380663823,0.099678586,0.0006381819461,0.9956,0.9956,0.9956
328,2.0213329792022705,2.0213329792022705,12945000,20121109,TSLA,2.087332963943481,2.0213329792022705,0,0.01135877496245,0.0375027295792,0.0004506488205,0.1469851263059,0.0925910747271,0.000450582532,0.05864421287525,0.6520168502,0.9986,0.9986,0.9986
329,2.0713329315185547,2.0713329315185547,8338500,20121112,TSLA,2.0213329792022705,2.0713329315185547,1,0.2078265982,0.08960339109,0.0009551883806,0.0009555156539,0.519015038,0.03820571148,0.0009549533652,0.1424836038,,,
330,2.122667074203491,2.122667074203491,13630500,20121116,TSLA,2.0546669960021973,2.122667074203491,1,0.0007066868497,0.0007073089635,0.995051943,0.0007066737727,0.0007072729897,0.0007066099702,0.0007064436568,0.0007070607801,0.987,0.987,0.987
331,2.194667100906372,2.194667100906372,20886000,20121119,TSLA,2.122667074203491,2.194667100906372,1,0.0004907728001,0.000490647345,0.9965644725,0.0004911612889,0.0004905885576,0.0004907105051,0.0004906614985,0.0004909855452,0.9919,0.9919,0.9919
332,2.1646668910980225,2.1646668910980225,14448000,20121121,TSLA,2.200000047683716,2.1646668910980225,0,0.0002851659544,0.0002851597394,0.8401497737,0.1029277407,0.02614681656,0.02963483417,0.0002850374944,0.0002854717333,0.8922,0.8922,0.8922
333,2.1513330936431885,2.1513330936431885,7437000,20121126,TSLA,2.1419999599456787,2.1513330936431885,1,0.0262756331,0.0003341663268,0.4478986124,0.0003336329697,0.4956460115,0.02884432881,0.0003337385936,0.0003338763035,0.9872,0.9872,0.9872
334,2.1433329582214355,2.1433329582214355,13662000,20121127,TSLA,2.1513330936431885,2.1433329582214355,0,0.05751473075,0.177559224,0.7042024722,0.0002561205792,0.0596992852,0.0002559641173,0.0002561613062,0.0002560418377,0.9992,0.9992,0.9992
335,2.2153329849243164,2.2153329849243164,22878000,20121128,TSLA,2.1433329582214355,2.2153329849243164,1,0.03817248535,0.1908600447,0.7017092514,0.0002598503832,0.0682190282,0.0002596866503,0.0002598838628,0.0002597694796,0.9992,0.9992,0.9992
336,2.254667043685913,2.254667043685913,21304500,20121130,TSLA,2.246000051498413,2.254667043685913,1,0.0008022190978,0.0008020618586,0.3679689088,0.0008023924436,0.6272180956,0.0008025321848,0.0008021198261,0.0008016702308,0.9768,0.9768,0.9768
337,2.259999990463257,2.259999990463257,18949500,20121204,TSLA,2.308000087738037,2.259999990463257,0,0.010889450979,0.01088768318745,0.13457931807265,0.010897890976300001,0.77650425525,0.01088677795275,0.0108923639782,0.034462259615000004,0.0,0.9921,0.49605
338,2.24733304977417,2.24733304977417,9922500,20121205,TSLA,2.259999990463257,2.24733304977417,0,0.211274162279,0.06301191636749999,0.005111278558000001,0.1435451426,0.46479058613655,0.0159653616445,0.076369330554,0.0199322218284,0.9914,0.9981,0.99475
339,2.259999990463257,2.259999990463257,9906000,20121206,TSLA,2.24733304977417,2.259999990463257,1,0.3306591759863333,0.0005519642997333334,0.4102030012666667,0.0032642181862666663,0.23822028189266664,0.0005516503870666667,0.0005518981128333334,0.0159977887853,0.9661,1.0,0.9775333333333333
340,2.2780001163482666,2.2780001163482666,9966000,20121207,TSLA,2.259999990463257,2.2780001163482666,1,0.0006696842183,0.0006689854592,0.9241350822,0.0006692300117,0.0006695126651,0.0006695115292,0.0006688859621,0.07184910793,0.986,0.986,0.986
341,2.3046669960021973,2.3046669960021973,13947000,20121210,TSLA,2.2780001163482666,2.3046669960021973,1,0.0003911169926,0.0003913483934,0.9621759036,0.0003913966643,0.0003912629803,0.0266196966,0.000391085589,0.00924818922,0.8442,0.8442,0.8442
342,2.351999998092652,2.351999998092652,23589000,20121211,TSLA,2.3046669960021973,2.351999998092652,1,0.0006467102560666667,0.0006463478925666667,0.9768131515666667,0.0006464353077666666,0.0006465017279666667,0.0193079851169,0.0006460722561,0.0006467958676,0.3182,0.9953,0.7696
343,2.293333053588867,2.293333053588867,12373500,20121217,TSLA,2.253999948501587,2.293333053588867,1,0.07630357271,0.02219131006,3.22e-05,0.8275796144,3.22e-05,3.22e-05,0.07379661621,3.22e-05,,,
344,2.305999994277954,2.305999994277954,23308500,20121218,TSLA,2.293333053588867,2.305999994277954,1,0.1034732041,0.0004133252681,0.3823678108,0.0004215516048,0.5120848633,0.000413015891,0.0004130192588,0.0004132097556,0.9893,0.9893,0.9893
345,2.295332908630371,2.295332908630371,13818000,20121220,TSLA,2.307332992553711,2.295332908630371,0,0.01457651783,0.0003030116389,0.3293012344,0.0003031482813,0.6301886254,0.0003030895267,0.02472136821,0.0003030046658,0.9934,0.9934,0.9934
346,2.2853329181671143,2.2853329181671143,5637000,20121224,TSLA,2.266666889190674,2.2853329181671143,1,0.0006224626981,0.0006223693583,0.817307982,0.0006224859285,0.144230844,0.0353488593,0.0006225270735,0.0006224696642,0.9577,0.9577,0.9577
347,2.242666959762573,2.242666959762573,10470000,20130109,TSLA,2.245332956314087,2.242666959762573,0,0.0006432076433000001,0.0006431450073,0.71656888065,0.0006430052003499999,0.27957197415,0.0006432903647500001,0.00064311026355,0.00064338670935,0.9628,0.9804,0.9716
348,2.23533296585083,2.23533296585083,13837500,20130110,TSLA,2.242666959762573,2.23533296585083,0,0.0003794288545,0.0003792614701,0.9482754128,0.0003793714038,0.04944864197,0.0003793885222,0.0003792631637,0.0003792317704,0.9829,0.9829,0.9829
349,2.194000005722046,2.194000005722046,23448000,20130111,TSLA,2.23533296585083,2.194000005722046,0,0.0005324942522,0.0005323731522,0.6677172451,0.0005322757324,0.329087946,0.0005328857678,0.0005323377173,0.0005324423573,0.9834,0.9834,0.9834
350,2.273333072662353,2.273333072662353,20673000,20130116,TSLA,2.259999990463257,2.273333072662353,1,0.00045985104350000004,0.00045974450309999997,0.5605190647666666,0.0004596963676666667,0.4367223181666667,0.0004600373713666667,0.0004595965807,0.0004596911733666667,0.9907,0.9962,0.9940333333333333
351,2.345999956130981,2.345999956130981,28803000,20130122,TSLA,2.301332950592041,2.345999956130981,1,0.0010353512832,0.0010348830076,0.056430604739,0.00103527595885,0.62749746235,0.0010351680868,0.00103482296025,0.31089643162685,0.8555,0.9798,0.9176500000000001
352,2.4653329849243164,2.4653329849243164,19317000,20130125,TSLA,2.4660000801086426,2.4653329849243164,0,0.2255714982,0.0006163675131,0.0006162019368,0.04634782172,0.6752867492,0.02534825795,0.0006162178624,0.02559688564,0.7965,0.7965,0.7965
353,2.5299999713897705,2.5299999713897705,21399000,20130129,TSLA,2.5353329181671143,2.5299999713897705,0,0.05790458898,0.09485750615,6.19e-05,0.4884157927,6.19e-05,6.19e-05,0.3585744481,6.19e-05,,,
354,2.501332998275757,2.501332998275757,14521500,20130130,TSLA,2.5299999713897705,2.501332998275757,0,0.0005159048088,0.00051582311235,0.99108193675,0.00051598765895,0.0005161510327,0.0005159088337500001,0.0058222344265,0.0005160533989000001,0.9893,0.9893,0.9893
355,2.500667095184326,2.500667095184326,13521000,20130131,TSLA,2.501332998275757,2.500667095184326,0,0.0005264343927,0.0005258716854,0.6247156036,0.09289747579,0.2797569075,0.0005258841332,0.000525856646,0.0005259662627,-0.841,-0.841,-0.841
356,2.553333044052124,2.553333044052124,16509000,20130201,TSLA,2.500667095184326,2.553333044052124,1,0.0003899133579,0.0003899114375,0.3055982059,0.3141583951,0.3466940549,0.0003901526602,0.0003898347474,0.03198953189,-0.9995,-0.9995,-0.9995
357,2.561332941055298,2.561332941055298,48994500,20130211,TSLA,2.615999937057495,2.561332941055298,0,0.0005732544292,0.0005732763816999999,0.753190460485,0.01813090557975,0.00057354958815,0.05010738219097499,0.000573233007,0.176277938322925,-0.165,0.9787,0.677825
358,2.526000022888184,2.526000022888184,33919500,20130212,TSLA,2.561332941055298,2.526000022888184,0,0.1670897102,0.001813552455,0.001815901269,0.1952994926,0.1943517342,0.3639100588,0.07390581718,0.001813733252,-0.9058,-0.9058,-0.9058
359,2.551332950592041,2.551332950592041,14860500,20130214,TSLA,2.563333034515381,2.551332950592041,0,0.0006562365778999999,0.00065628373652,0.6001653986844,0.02463693635112,0.16885613770400001,0.04517124873198,0.00366987509068,0.1561878831186,-0.3184,0.9716,0.7066399999999999
360,2.4693329334259038,2.4693329334259038,30264000,20130215,TSLA,2.551332950592041,2.4693329334259038,0,0.0231097959,0.000436061025,0.0004360021775,0.02930890235,0.02016621782,0.0004362760535,0.0004361878493,0.9256705568,0.9918,0.9918,0.9918
361,2.569333076477051,2.569333076477051,46830000,20130220,TSLA,2.618666887283325,2.569333076477051,0,0.9515303004,0.00045521377,0.0004552879753,0.0004553332918,0.0004553542796,0.02070446107,0.0004552083091,0.02548884089,0.9975,0.9975,0.9975
362,2.344000101089477,2.344000101089477,135567000,20130221,TSLA,2.569333076477051,2.344000101089477,0,0.2586897672918,0.0023757385728333334,0.043505144180500006,0.020799980495866666,0.42533031087873335,0.03407196497936667,0.012276004299633334,0.2029510892829167,0.9231,0.9999,0.9674666666666667
363,2.4073328971862797,2.4073328971862797,38209500,20130222,TSLA,2.344000101089477,2.4073328971862797,1,0.14971555255744287,0.0005525418489714286,0.41025766260269997,0.037365190241542855,0.2824553393744857,0.04524782342631428,0.004777493391814285,0.06962839653582857,-0.9532,0.9984,0.6707142857142857
364,2.295332908630371,2.295332908630371,41443500,20130226,TSLA,2.2920000553131104,2.295332908630371,1,0.00062425311975,0.0006243315304999999,0.99563009635,0.0006241770901,0.0006243817284000001,0.0006244615744,0.0006240633328,0.00062423529875,0.8674,0.9477,0.90755
365,2.3399999141693115,2.3399999141693115,29388000,20130227,TSLA,2.295332908630371,2.3399999141693115,1,0.0033901813658750004,0.00041169014625,0.27062608227499996,0.00487366864515,0.716284119125,0.0004118670395,0.00359068673335,0.000411704689325,0.9976,0.9991,0.998325
366,2.322000026702881,2.322000026702881,29473500,20130228,TSLA,2.3399999141693115,2.322000026702881,0,0.048326101335,0.10278386566786667,0.5144804735473999,0.0004440519311666666,0.16715829970308335,0.0022482652558833333,0.006530447467799999,0.15802849507255,-0.8137,0.9991,0.41865
367,2.309999942779541,2.309999942779541,23199000,20130301,TSLA,2.322000026702881,2.309999942779541,0,0.0009709003934499999,0.0009706547021833333,0.8266253813,0.1092208140735,0.014171140680833333,0.0009706457667666667,0.04609959645816667,0.0009708666167666666,0.6597,0.9648,0.8596833333333334
368,2.371999979019165,2.371999979019165,26365500,20130304,TSLA,2.309999942779541,2.371999979019165,1,0.0005216708153,0.0005218001413,0.6408368626,0.0005215135437,0.0005215567195,0.1971341382,0.000521434213,0.1594210238,0.7152,0.7152,0.7152
369,2.512666940689087,2.512666940689087,17250000,20130306,TSLA,2.44333291053772,2.512666940689087,1,0.0462772185913,0.0005296727324333333,0.8146470204999999,0.000529704235,0.12326398666996667,0.0005297333225,0.0005295623562333333,0.0136931015962,0.8271,0.9714,0.9232333333333332
370,2.548666954040528,2.548666954040528,17374500,20130307,TSLA,2.512666940689087,2.548666954040528,1,0.0005534836192,0.0005534040279,0.9961256335,0.0005534869838,0.0005537620868,0.0005533842233,0.0005532642698,0.0005535812467,0.8271,0.8271,0.8271
371,2.6080000400543213,2.6080000400543213,19126500,20130312,TSLA,2.6066670417785645,2.6080000400543213,1,0.1727149843,0.1055007412,0.001239000065,0.02786816978,0.001238753254,0.001239804856,0.2215259019,0.4686726447,0.9853,0.9853,0.9853
372,2.5986669063568115,2.5986669063568115,12330000,20130313,TSLA,2.6080000400543213,2.5986669063568115,0,0.10931817562,0.004181620027066666,0.11789138622060001,0.2335298757488,0.0205098043452,0.06350362731713334,0.06984571051513334,0.38121979423333335,0.9918,0.9987,0.99525
373,2.456666946411133,2.456666946411133,30315000,20130314,TSLA,2.5986669063568115,2.456666946411133,0,0.17193647092953332,0.0008717686719333333,0.331669180622,0.1720500988872,0.20959502419063333,0.10181816871333332,0.0008718118391333334,0.0111874761986,0.9874,0.9972,0.9931666666666666
374,2.352667093276977,2.352667093276977,49194000,20130315,TSLA,2.456666946411133,2.352667093276977,0,0.0005662524857,0.0005663733012,0.0005662276952,0.3174999986,0.6174211917,0.04349246033,0.0005662930978,0.01932120282,0.9779,0.9779,0.9779
375,2.343333005905152,2.343333005905152,19741500,20130318,TSLA,2.352667093276977,2.343333005905152,0,0.0006168418066,0.0006165198911,0.3560975805,0.0006167286292,0.5140563328,0.1267631957,0.0006162326806,0.0006165680928,0.9967,0.9967,0.9967
376,2.396667003631592,2.396667003631592,21345000,20130320,TSLA,2.3386669158935547,2.396667003631592,1,0.08394967842,0.0007679834444,0.04664943617,0.2072541102,0.4667046335,0.02629723486,0.0007674782473,0.1676094451,0.9396,0.9396,0.9396
377,2.4006669521331787,2.4006669521331787,17194500,20130321,TSLA,2.396667003631592,2.4006669521331787,1,0.010176974156875,0.000695110991525,0.7464933311476,0.00069516823735,0.000695325069025,0.00069523071575,0.00069528374655,0.23985357591785,0.9042,0.9979,0.9665
378,2.502000093460083,2.502000093460083,35682000,20130325,TSLA,2.441333055496216,2.502000093460083,1,0.0008456165166499999,0.0008455913923,0.99408025435,0.00084573933175,0.0008458987179,0.00084577123785,0.0008454997673,0.00084562870265,0.4588,0.9398,0.6993
379,2.5239999294281006,2.5239999294281006,27123000,20130326,TSLA,2.502000093460083,2.5239999294281006,1,0.0004347120466,0.0004343024099,0.9175845588,0.0004345765454,0.05940426303,0.0004347132983,0.0004343374156,0.02083853646,0.9767,0.9767,0.9767
380,2.526000022888184,2.526000022888184,17380500,20130328,TSLA,2.5439999103546143,2.526000022888184,0,0.00099860197005,0.0336985833429,0.71179100012075,0.0009985468085,0.0009986262514,0.000998766207225,0.000998083732975,0.24951779156387502,-0.7876,0.9964,0.5498
381,2.9286670684814453,2.9286670684814453,211477500,20130401,TSLA,2.526000022888184,2.9286670684814453,1,0.5019078325499999,0.0008189214618,0.00081870299495,0.00081969075405,0.00081866487305,0.0154535336995,0.00081896434325,0.47854368931,0.2609,0.9466,0.60375
382,2.9560000896453857,2.9560000896453857,99786000,20130402,TSLA,2.9286670684814453,2.9560000896453857,1,0.285521265,0.0006658688293,0.0006655653783,0.0006653360591,0.0006654756866,0.0006663657721,0.0006653879382,0.7104847353,0.9937,0.9937,0.9937
383,2.740000009536743,2.740000009536743,84654000,20130403,TSLA,2.9560000896453857,2.740000009536743,0,0.3492316253,0.0008811006543,0.0008807384071,0.0008810468874,0.0008810445592,0.0008807786416,0.0008808640606,0.6454828015,-0.9836,-0.9836,-0.9836
384,2.8006670475006104,2.8006670475006104,33972000,20130404,TSLA,2.740000009536743,2.8006670475006104,1,0.0384874356613,0.0003923146539,0.0703440063627,0.00039198241784999996,0.39092249557265,0.000391992079,0.00039208425170000004,0.4986776889645,0.9934,0.9988,0.9961
385,2.757999897003174,2.757999897003174,23286000,20130405,TSLA,2.8006670475006104,2.757999897003174,0,0.01147234811,0.009311446511,0.1647772567,0.0003670304064,0.812969727,0.0003669038024,0.0003678780514,0.0003674094552,0.9952,0.9952,0.9952
386,2.9059998989105225,2.9059998989105225,51711000,20130411,TSLA,2.790667057037353,2.9059998989105225,1,0.61269554225,0.00043376880784999996,0.0004335909705,0.12616492678925,0.19646955117675,0.0629352793171,0.00043370364979999996,0.0004336370548,0.92,0.992,0.956
387,2.886667013168335,2.886667013168335,25221000,20130415,TSLA,2.916666984558105,2.886667013168335,0,0.000491646483625,0.000491445092975,0.49875281680385,0.007660775993299999,0.000491767596625,0.0004913051593,0.000491333614375,0.491128909258575,0.9508,0.9967,0.969375
388,3.0393331050872803,3.0393331050872803,47706000,20130416,TSLA,2.886667013168335,3.0393331050872803,1,0.05364443814875,0.00038988529533333334,0.5818392106166667,0.0003899459296166667,0.3625666776688499,0.00039004313053333335,0.00038997373984999995,0.0003898254374333334,0.941,0.9962,0.9796166666666667
389,3.0299999713897705,3.0299999713897705,31777500,20130417,TSLA,3.0393331050872803,3.0299999713897705,0,0.0027459168786999996,0.0004074241233166667,0.9669103380666666,0.00040735040995,0.02830700232431667,0.0004073722209833334,0.0004072761318,0.00040731984803333334,0.9915,0.9961,0.9939333333333334
390,3.131333112716675,3.131333112716675,50518500,20130418,TSLA,3.0299999713897705,3.131333112716675,1,0.04165413854,0.0461450336703,0.038371007710300005,0.44240010955,0.3898601461,0.00061655159685,0.026970653705,0.013982359083900001,-0.994,0.9788,-0.007599999999999996
391,3.188667058944702,3.188667058944702,45175500,20130419,TSLA,3.131333112716675,3.188667058944702,1,0.0005631588446333333,0.0005629546267666667,0.8252320762333333,0.0005631144406333333,0.1713895000273,0.0005633057431333332,0.0005631101428666667,0.0005627799546333333,0.8334,0.994,0.9346
392,3.345999956130981,3.345999956130981,59091000,20130422,TSLA,3.188667058944702,3.345999956130981,1,0.10330203914689999,0.0003613720849,0.4463930536666667,0.0003614958170333333,0.44849759667583333,0.00036160497819999997,0.0003616796045,0.0003611580154,0.9754,0.999,0.9905333333333334
393,3.4006669521331787,3.4006669521331787,56007000,20130423,TSLA,3.345999956130981,3.4006669521331787,1,0.0009594269190499999,0.00095899364235,0.336407865895,0.0255788829425,0.55545051845,0.040671216350000004,0.03371033265635,0.0062627631599999995,0.8591,0.8591,0.8591
394,3.361999988555908,3.361999988555908,39450000,20130424,TSLA,3.4006669521331787,3.361999988555908,0,0.00061242490715,0.0006122027654,0.02175964185405,0.0006124011312500001,0.43468948565365,0.0292649574503,0.00061225335175,0.51183663285,0.9923,0.9934,0.99285
395,3.662667036056519,3.662667036056519,54595500,20130429,TSLA,3.413332939147949,3.662667036056519,1,0.0009001018458,0.0008998440462,0.0009002831145,0.0009005501454,0.0009000956417,0.0008997367628,0.0008997132888,0.9936996752,-0.9641,-0.9641,-0.9641
396,3.5993330478668213,3.5993330478668213,82839000,20130430,TSLA,3.662667036056519,3.5993330478668213,0,0.0006449486224,0.0006456197515,0.9954844306,0.0006450162759,0.0006447801727,0.0006454515094,0.000645046111,0.0006447069303,0.9759,0.9759,0.9759
397,3.552000045776367,3.552000045776367,41142000,20130501,TSLA,3.5993330478668213,3.552000045776367,0,0.37961504122865003,0.0847124387007,0.4980022951097,0.00049278931535,0.0004926670247000001,0.0004928579550999999,0.0356992708682,0.0004926397803,0.9759,0.9983,0.9871
398,3.636667013168335,3.636667013168335,50680500,20130503,TSLA,3.607332944869995,3.636667013168335,1,0.01321870312085,0.00064061810295,0.24220909485,0.087456162565,0.64080432145,0.01438928825225,0.0006407605254,0.0006410511553,0.9824,0.9945,0.98845
399,3.9666669368743896,3.9666669368743896,65500500,20130506,TSLA,3.636667013168335,3.9666669368743896,1,0.0005466867561,0.07437099204,0.9223501599,0.0005464258608,0.0005462595956,0.0005466786027,0.0005464496992,0.0005463475249,0.9072,0.9072,0.9072
400,3.700666904449463,3.700666904449463,149865000,20130507,TSLA,3.9666669368743896,3.700666904449463,0,0.002235885125,0.002235763778,0.3324402585,0.002234557848,0.6274438632,0.002234228921,0.02893957779,0.002235864851,0.4767,0.4767,0.4767
401,3.7193329334259033,3.7193329334259033,101548500,20130508,TSLA,3.700666904449463,3.7193329334259033,1,0.9961252135,0.0005534038401,0.0005533066371,0.0005536105367,0.0005534407215,0.000553817213,0.0005534919196,0.0005537156782,0.9769,0.9769,0.9769
402,4.626667022705078,4.626667022705078,429075000,20130509,TSLA,3.7193329334259033,4.626667022705078,1,0.9513750966,0.0004721741936,0.0004735638597,0.000472046296,0.0004728403729,0.0004724948464,0.0004721972892,0.04578958652,0.9869,0.9869,0.9869
403,5.853332996368408,5.853332996368408,336253500,20130513,TSLA,5.117332935333252,5.853332996368408,1,0.09786521801333332,0.043325526424933335,0.0043021354551000006,0.27919065330453335,0.22766746048693332,0.016620355212533335,0.019911014353033333,0.3111176157066667,0.9689,0.9975,0.9832000000000001
404,5.549333095550537,5.549333095550537,557458500,20130514,TSLA,5.853332996368408,5.549333095550537,0,0.0610522126,0.0005874861383,0.5058442249,0.000588081209,0.3806348344,0.05011817527,0.0005874745606,0.0005875109714,0.9972,0.9972,0.9972
405,5.656000137329102,5.656000137329102,253180500,20130515,TSLA,5.549333095550537,5.656000137329102,1,0.22857478737935,0.006579464222649999,0.478877946185,0.03168104468,0.00657779829445,0.1147860705253,0.006575621849,0.12634726685035,0.4767,0.9535,0.7151000000000001
406,6.150000095367432,6.150000095367432,324210000,20130516,TSLA,5.656000137329102,6.150000095367432,1,0.06529059266476667,0.0005122831078,0.09371148948823332,0.0005122793866,0.22374656501036663,0.0005121552461666666,0.0005121594519333334,0.6152024756565334,-0.9802,0.9943,-0.2800333333333333
407,6.099999904632568,6.099999904632568,285033000,20130517,TSLA,6.150000095367432,6.099999904632568,0,0.027755057609,0.00053882059265,0.22151619815985,0.0005386255754,0.27747663205355,0.0005385073933,0.0005385531406,0.4710976055108,0.9793,0.998,0.98865
408,5.995999813079834,5.995999813079834,125226000,20130520,TSLA,6.099999904632568,5.995999813079834,0,0.103929444295,0.0005483143373,0.0005483813402,0.0005487257739,0.3701858405919,0.04486578262055,0.0005482285547,0.47882528248,0.8648,0.9979,0.93135
409,5.8393330574035645,5.8393330574035645,134973000,20130521,TSLA,5.995999813079834,5.8393330574035645,0,0.04846816182616667,0.0096300653538,0.3202370630956667,0.0006176265192,0.0006182420168666667,0.0092383857915,0.0006177719756,0.6105726834433667,0.9422,0.9968,0.9618333333333333
410,5.815999984741211,5.815999984741211,128520000,20130522,TSLA,5.8393330574035645,5.815999984741211,0,0.32633557570000005,0.00068309989685,0.0109187898119,0.0006828903751500001,0.00068286997,0.0006832079520499999,0.0006841611356,0.6593294052,0.1234,0.9892,0.5563
411,6.182000160217285,6.182000160217285,180333000,20130523,TSLA,5.815999984741211,6.182000160217285,1,0.150941758889775,0.05412543726765,0.135479303035,0.0383702796028,0.32608874815915,0.032620197272575,0.039758331592025,0.22261594418535002,0.9526,0.9796,0.9683666666666667
412,6.4720001220703125,6.4720001220703125,241863000,20130524,TSLA,6.182000160217285,6.4720001220703125,1,0.1257493018675,0.056555378008775005,0.34397125974575,0.0007738532418,0.36819431584175,0.0007732319192999999,0.051998120824424995,0.05198453857735,-0.3409,0.982,0.649975
413,6.975333213806152,6.975333213806152,376492500,20130529,TSLA,7.355332851409912,6.975333213806152,0,0.01661860303,0.0002630524828,0.659114314,0.03075445215,0.2523598112,0.02204384354,0.0002628149799,0.01858310865,0.9972,0.9972,0.9972
414,6.99666690826416,6.99666690826416,242005500,20130530,TSLA,6.975333213806152,6.99666690826416,1,0.054944142961,0.0005911662440333333,0.0005907559288333334,0.12537104685356668,0.025493230125566663,0.0005910818456,0.0077603718479,0.7846582042,-0.9964,0.9707,-0.315
415,6.517333030700684,6.517333030700684,227580000,20130531,TSLA,6.99666690826416,6.517333030700684,0,0.23836695194000002,0.0173303297126,0.01478878292,0.4721310523,0.00048079220535,0.00048085716185,0.095705852625,0.16071537414,0.9497,0.9497,0.9497
416,6.172667026519775,6.172667026519775,287094000,20130603,TSLA,6.517333030700684,6.172667026519775,0,0.054540647952200004,0.0010264243345,0.3043529229905,0.11578837296290001,0.234581255005,0.263645172404,0.0010259085645,0.025039295784700003,-0.9493,0.9829,0.01679999999999998
417,6.357999801635742,6.357999801635742,183372000,20130605,TSLA,6.322667121887207,6.357999801635742,1,0.3264555459,0.04468521181,0.0004156485374,0.02216581726,0.0004159607035,0.0004159802288,0.04995590806,0.5554899275,0.9987,0.9987,0.9987
418,6.489999771118164,6.489999771118164,142663500,20130606,TSLA,6.357999801635742,6.489999771118164,1,0.01426991499,0.0005327397096,0.7662333631,0.0005329179118,0.2072842171,0.0005327703131,0.01008144761,0.000532629269,0.9833,0.9833,0.9833
419,6.670000076293945,6.670000076293945,138429000,20130610,TSLA,6.802667140960693,6.670000076293945,0,0.0004472326077,0.0318935173,0.6351033891,0.1275660932,0.1402380679,0.06385784055,0.000447068144,0.0004467911773,0.9978,0.9978,0.9978
420,6.297999858856201,6.297999858856201,110910000,20130611,TSLA,6.670000076293945,6.297999858856201,0,0.02207995846545,0.0004954880004499999,0.012239327437000002,0.00049541250345,0.3863854273095,0.07944321757509999,0.0004954860009,0.4983656826793,0.9921,0.9956,0.99385
421,6.51533317565918,6.51533317565918,137890500,20130612,TSLA,6.297999858856201,6.51533317565918,1,0.05861414046,0.0007004169855,0.24368324521000004,0.0007005476992666667,0.6386395617666667,0.05626119893443333,0.0007002555547666666,0.0007006333528,0.9674,0.9902,0.975
422,6.545332908630371,6.545332908630371,89424000,20130613,TSLA,6.51533317565918,6.545332908630371,1,0.0006873184346,0.0006873916542,0.3080099915,0.0006873013179,0.6878661442,0.0006872883072,0.0006871182289,0.0006874463658,0.9794,0.9794,0.9794
423,6.686666965484619,6.686666965484619,98470500,20130614,TSLA,6.545332908630371,6.686666965484619,1,0.0006584310573,0.0006584490318,0.322437268,0.0006584072709,0.6736123603,0.0006583888599,0.0006581973367,0.0006584980927,0.9794,0.9794,0.9794
424,6.813333034515381,6.813333034515381,105993000,20130617,TSLA,6.686666965484619,6.813333034515381,1,0.1442424392,0.001290058052,0.001289379619,0.4407716381,0.2249996051,0.001289831869,0.1848255162,0.0012915318,-0.8384,-0.8384,-0.8384
425,6.97866678237915,6.97866678237915,128683500,20130619,TSLA,6.892666816711426,6.97866678237915,1,0.0006327343109,0.0006320877329,0.01170534775,0.0006324975937,0.06735876644,0.02995005814,0.0006318361825,0.8884566718,0.2282,0.2282,0.2282
426,6.636666774749756,6.636666774749756,175779000,20130621,TSLA,6.710000038146973,6.636666774749756,0,0.0005986983068,0.0005988264696,0.0005989681061,0.0005993708439,0.0005987446543,0.0261839962,0.0005986258229,0.9702227696,0.9736,0.9736,0.9736
427,6.826666831970215,6.826666831970215,87730500,20130625,TSLA,6.765999794006348,6.826666831970215,1,0.07396701951000001,0.0009288485672499999,0.0009290201454,0.06696899970650001,0.382762651554,0.0357327310305,0.0009290490349500001,0.43778168045885,0.4682,0.4682,0.4682
428,7.283332824707031,7.283332824707031,131173500,20130627,TSLA,7.047999858856201,7.283332824707031,1,0.22068149545,0.0138756175769,0.0905467515197,0.05294474034235,0.34309138715,0.00073372082865,0.00073338642715,0.27739290074699996,0.99,0.996,0.993
429,7.157332897186279,7.157332897186279,86229000,20130628,TSLA,7.283332824707031,7.157332897186279,0,0.08988995872,0.0005640022198,0.0005638857405,0.000563982914,0.0005636689795,0.0005640465764,0.3310932121,0.5761972428,-0.739,-0.739,-0.739
430,7.811999797821045,7.811999797821045,163554000,20130701,TSLA,7.157332897186279,7.811999797821045,1,0.17051689058655,0.0006228704771,0.00731887516525,0.00062293934165,0.443505104405,0.04075176673,0.04623711321305,0.29042444005220003,0.8965,0.9873,0.9419
431,7.854667186737059,7.854667186737059,180961500,20130702,TSLA,7.811999797821045,7.854667186737059,1,0.03125771657,0.03125000923,0.03125068184,0.03125312439,0.0312512854,0.2961356179,0.03125000198,0.5163515627,0.0,0.0,0.0
432,7.682666778564453,7.682666778564453,72100500,20130703,TSLA,7.854667186737059,7.682666778564453,0,0.08853105205,0.0005025633088,0.0005023252097000001,0.5989348387,0.00050236247345,0.00050251310465,0.0989020434,0.21162224102,0.7783,0.7783,0.7783
433,8.005999565124512,8.005999565124512,102280500,20130705,TSLA,7.682666778564453,8.005999565124512,1,0.000425758568,0.0004256869069,0.01932223529,0.3132727593,0.6168687808,0.0004256057685,0.0004256356856,0.04883353768,0.9992,0.9992,0.9992
434,8.107333183288574,8.107333183288574,117213000,20130708,TSLA,8.005999565124512,8.107333183288574,1,0.34778503463925003,0.0011571120918,0.497860191315,0.07651608478595,0.07320878358785,0.0011580453264,0.001156825618,0.0011579226307,0.9696,0.9944,0.982
435,8.37399959564209,8.37399959564209,112254000,20130711,TSLA,8.15133285522461,8.37399959564209,1,0.0005371351135,0.0005372957861,0.1277703341,0.8547546652,0.01478854641,0.0005373766405,0.0005371330977,0.0005375136476,-0.9975,-0.9975,-0.9975
436,7.269999980926514,7.269999980926514,485578500,20130716,TSLA,8.484000205993652,7.269999980926514,0,0.001647114596,0.001646031882,0.02015992398,0.001646565716,0.6952410315,0.2234308084,0.001645532028,0.05458299185,0.4215,0.4215,0.4215
437,8.016667366027832,8.016667366027832,390435000,20130717,TSLA,7.269999980926514,8.016667366027832,1,0.0007815150762000001,0.0007814024943,0.5762800913999999,0.3362847698516,0.00078222354765,0.02339525166715,0.000781418532,0.06091332742515,-0.9063,0.9398,0.016749999999999987
438,7.935332775115967,7.935332775115967,170971500,20130718,TSLA,8.016667366027832,7.935332775115967,0,0.1031811372,0.0006455032103,0.0006453748471,0.0006454166693,0.0006450996383,0.0006457572432,0.0006460724706,0.8929456387,-0.9028,-0.9028,-0.9028
439,8.161999702453613,8.161999702453613,146967000,20130722,TSLA,7.97866678237915,8.161999702453613,1,0.18092497551486666,0.00045515905003333334,0.2657572783916,0.0367264803065,0.0746291146667,0.0004553837213,0.0040086872927,0.4370429210533333,0.9804,0.9965,0.991
440,8.182666778564453,8.182666778564453,116046000,20130723,TSLA,8.161999702453613,8.182666778564453,1,0.05041209715,0.0002445977253,0.7607660776,0.0002444884665,0.1677859638,0.02005762364,0.0002445057589,0.0002446458759,0.996,0.996,0.996
441,8.271332740783691,8.271332740783691,79264500,20130725,TSLA,8.113332748413086,8.271332740783691,1,0.0008398527439000001,0.0008398604787499999,0.9941216722,0.0008397691997,0.0008400605051,0.0008398691575,0.0008393601511999999,0.0008395555681000001,0.9666,0.9666,0.9666
442,8.974666595458984,8.974666595458984,145183500,20130729,TSLA,8.62600040435791,8.974666595458984,1,0.000519760474,0.0005194198422,0.7287818274,0.000519790778,0.2305032506,0.0005194945255,0.0005194149256,0.03811704144,0.9885,0.9885,0.9885
443,9.645333290100098,9.645333290100098,153010500,20130805,TSLA,9.199999809265137,9.645333290100098,1,0.5288508568,0.01982409583245,0.0002991151579,0.3091672187041,0.00029915723875,0.00029940219595000003,0.014769075548549998,0.126491107765,0.8733,0.9998,0.93655
444,8.9486665725708,8.9486665725708,273183000,20130807,TSLA,9.476667404174805,8.9486665725708,0,0.66124018705,0.0005327870188,0.0073322811235999995,0.0005325364815500001,0.0005326328207,0.0005332333366499999,0.00053298124475,0.32876336092099995,-0.9294,0.9917,0.03115000000000001
445,10.232000350952148,10.232000350952148,408702000,20130808,TSLA,8.9486665725708,10.232000350952148,1,0.9254093878,0.0002807162989,0.0002806357455,0.0002807476453,0.0002807052132,0.02019707778,0.0002808290664,0.05298990046,-0.4588,-0.4588,-0.4588
446,10.199999809265137,10.199999809265137,133915500,20130809,TSLA,10.232000350952148,10.199999809265137,0,0.009049057476900001,0.00662108032965,0.09390180835,0.40173416550405,0.24420339175,0.09348073679999999,0.0804963542378,0.0705134069,0.9066,0.9066,0.9066
447,9.825332641601562,9.825332641601562,223683000,20130812,TSLA,10.199999809265137,9.825332641601562,0,0.16558335670052,0.0004378274105,0.0026739210853999997,0.0169284207099,0.42778957239497994,0.06955727878316001,0.00043769202516000006,0.31659193094,0.6996,0.997,0.9363199999999999
448,9.695332527160645,9.695332527160645,131233500,20130813,TSLA,9.825332641601562,9.695332527160645,0,0.0004465512435,0.00044639874905,0.0004464661046,0.037234138433799996,0.65938465215,0.053653808855,0.0004463760965,0.24794160835,0.9939,0.9972,0.9955499999999999
449,9.290666580200195,9.290666580200195,175407000,20130814,TSLA,9.695332527160645,9.290666580200195,0,0.18014208754333336,0.0009754329891333334,0.0456068721547,0.03177371836666667,0.4937529669666667,0.2152570989,0.0009753357384999999,0.03151648742073334,0.8347,0.9935,0.9268000000000001
450,9.31133270263672,9.31133270263672,152688000,20130815,TSLA,9.290666580200195,9.31133270263672,1,0.044537148875925005,0.001192632271275,0.199341456089075,0.019637802115725,0.412311020575,0.12083982704805,0.013803918590175001,0.188336194417925,0.6309,0.9039,0.7838
451,9.466667175292969,9.466667175292969,106621500,20130816,TSLA,9.31133270263672,9.466667175292969,1,0.00877163741555,0.00057635231385,0.11700289567000001,0.00057639183935,0.74321335225,0.0368026002964,0.0082799037292,0.08477686651675,0.9595,0.9987,0.9791000000000001
452,9.65999984741211,9.65999984741211,120565500,20130819,TSLA,9.466667175292969,9.65999984741211,1,0.13118382829116,0.012375682824099999,0.5103724121962799,0.027874040030160002,0.06144421318176,0.026857574265900002,0.02281852443516,0.20707372476078004,-0.9943,0.9927,0.58514
453,9.972000122070312,9.972000122070312,96273000,20130820,TSLA,9.65999984741211,9.972000122070312,1,0.037714719851366665,0.056554267413566665,0.0007466723311,0.2077205068289,0.23838935276156667,0.029538079520866668,0.02233770542213333,0.40699869588000004,0.1779,0.9963,0.7210666666666666
454,9.857333183288574,9.857333183288574,93994500,20130821,TSLA,9.972000122070312,9.857333183288574,0,0.095422297280625,0.03222866139845,0.21718151836525,0.3674791315112,0.036316463595,0.014219652158825,0.037097387057925,0.20005486076249998,0.8969,0.9994,0.9545
455,10.78933334350586,10.78933334350586,193978500,20130823,TSLA,10.473333358764648,10.78933334350586,1,0.0008061693927500001,0.00080560698345,0.37569814299425,0.0008058341549,0.11997407774499999,0.04011460201,0.00080566586435,0.4609899008492,-0.899,0.9213,0.011149999999999993
456,10.947999954223633,10.947999954223633,362566500,20130826,TSLA,10.78933334350586,10.947999954223633,1,0.37566674228695,0.00116481044015,0.287826155085,0.0011663641541000002,0.28269329345,0.0258598179659,0.01815089514785,0.0074719214299999994,0.8402,0.9976,0.9189
457,11.133999824523926,11.133999824523926,263503500,20130827,TSLA,10.947999954223633,11.133999824523926,1,0.041262448733633335,0.03998376911086667,0.3977067845747,0.0007129925817000001,0.1560792774546,0.0043472069547,0.019418230859833335,0.3404892897419334,0.9179,0.9903,0.9639333333333333
458,11.096667289733888,11.096667289733888,221101500,20130828,TSLA,11.133999824523926,11.096667289733888,0,0.1407539942037,0.074816411265,0.47394137977089995,0.01475342373515,0.00065146806945,0.00065147344825,0.0281459660034,0.2662858835497,0.955,0.9786,0.9668
459,11.266667366027832,11.266667366027832,165426000,20130830,TSLA,11.070667266845703,11.266667366027832,1,0.6702554476,0.001813690871,0.001812701546,0.001814723027,0.001816103654,0.2389419128,0.08173246831,0.001812952221,0.97,0.97,0.97
460,11.32866668701172,11.32866668701172,100279500,20130905,TSLA,11.374667167663574,11.32866668701172,0,0.001603719837,0.001603706725,0.001605042036,0.001603801252,0.7169395619,0.2203388902,0.001603252303,0.05470202578,0.9298,0.9298,0.9298
461,11.131333351135254,11.131333351135254,129295500,20130906,TSLA,11.32866668701172,11.131333351135254,0,0.3241136598968,0.1014040089783,0.4988217183704,0.00058446078095,0.07332328084060001,0.00058420713285,0.0005842547072500001,0.00058440927235,0.9217,0.9917,0.9567
462,10.713333129882812,10.713333129882812,215167500,20130909,TSLA,11.131333351135254,10.713333129882812,0,0.05955091468733333,0.027924496987999998,0.020278347465000002,0.28898277668393335,0.4285296713666667,0.14197628856666666,0.030503792173,0.002253721247966667,0.7571,0.9678,0.8624499999999999
463,11.091333389282228,11.091333389282228,134517000,20130910,TSLA,10.713333129882812,11.091333389282228,1,0.0364139658483,0.2500482639471,0.6690507208500001,0.0409042372139,0.0008956549152999999,0.0008957842734999999,0.0008958079907,0.00089556498475,0.8671,0.9836,0.92535
464,10.995332717895508,10.995332717895508,92400000,20130912,TSLA,10.90133285522461,10.995332717895508,1,0.001238865759,0.001238146782,0.6449656226,0.16115358,0.1876870319,0.001239389288,0.001238579851,0.001238783853,-0.7832,-0.7832,-0.7832
465,11.03600025177002,11.03600025177002,81018000,20130913,TSLA,10.995332717895508,11.03600025177002,1,0.06590735579,5.69e-05,0.01449646747,0.8780515522,5.69e-05,5.69e-05,0.04131696205,5.69e-05,0.9993,0.9993,0.9993
466,11.10533332824707,11.10533332824707,113623500,20130916,TSLA,11.03600025177002,11.10533332824707,1,0.15446517045655,0.0005949549086,0.486982788329675,0.2983329503997,0.013610488743975,0.0319952814328,0.000594760103875,0.013423605617175,0.7579,0.9987,0.8392
467,11.08199977874756,11.08199977874756,82453500,20130917,TSLA,11.10533332824707,11.08199977874756,0,0.00034179419655000004,0.0003417485824,0.9791002407999999,0.00034179164978333335,0.00908816448995,0.00034183407461666664,0.010102664697833334,0.00034176150385,-0.8312,0.999,0.6854333333333332
468,11.08133316040039,11.08133316040039,81595500,20130918,TSLA,11.08199977874756,11.08133316040039,0,0.0019916299033000003,0.00033478682443333335,0.9906747046,0.00033479993806666665,0.0003347962239333333,0.00033471347233333335,0.0030866060449666667,0.0029079629697666668,0.9903,0.9989,0.9943333333333334
469,11.861332893371582,11.861332893371582,233919000,20130919,TSLA,11.08133316040039,11.861332893371582,1,0.3006090559866667,0.042177078945566666,0.24225683441730003,0.0005745472633000001,0.2663869115,0.050456496809066664,0.023945822692966665,0.07359325241140001,0.8735,0.9995,0.9260666666666667
470,12.22599983215332,12.22599983215332,201025500,20130920,TSLA,11.861332893371582,12.22599983215332,1,0.001158735524,0.001159194592,0.001158083995,0.00115899688,0.001158686929,0.001159677473,0.001158275139,0.9918883495,-0.4754,-0.4754,-0.4754
471,12.074000358581545,12.074000358581545,122601000,20130923,TSLA,12.22599983215332,12.074000358581545,0,0.2535004029760333,0.0011955731351666666,0.6647154810473334,0.023645583671100003,0.027855587838833334,0.026694867645133333,0.0011963867699000001,0.0011961168999666666,0.8625,0.92,0.9008333333333334
472,12.349332809448242,12.349332809448242,123790500,20130925,TSLA,12.155332565307615,12.349332809448242,1,0.1228952343,0.001359979679,0.4664467227,0.001360575389,0.4038557005,0.001360896327,0.001360176598,0.001360714441,0.8979,0.8979,0.8979
473,12.726667404174805,12.726667404174805,88746000,20130927,TSLA,12.576000213623049,12.726667404174805,1,0.0007066921353,0.0007067053201,0.9950530402,0.0007066769845,0.0007067617658,0.0007069270129,0.0007066287165,0.0007065678864,0.7269,0.7269,0.7269
474,12.891332626342772,12.891332626342772,133870500,20130930,TSLA,12.726667404174805,12.891332626342772,1,0.0006577069195,0.0006577231613,0.7018459491,0.0006578802743,0.24420824873705,0.050657094113949995,0.0006579107136,0.0006574870023,0.743,0.9871,0.86505
475,12.866666793823242,12.866666793823242,116338500,20131001,TSLA,12.891332626342772,12.866666793823242,0,0.0003516452962,0.04123258836445,0.31455858635,0.32839007984465,0.1294929186,0.0544098417,0.13121280925775,0.00035157443985,0.9723,0.9723,0.9723
476,11.553999900817873,11.553999900817873,357247500,20131003,TSLA,12.063332557678224,11.553999900817873,0,0.0006358183683,0.0006355730708,0.0006353216503,0.07441043413,0.0006355876799,0.03656261513,0.0006356549251,0.885848995,-0.99,-0.99,-0.99
477,12.065333366394045,12.065333366394045,216210000,20131004,TSLA,11.553999900817873,12.065333366394045,1,0.0008399581874,0.08105649263,0.0008403945041,0.000840164242,0.00084012983,0.0008397203427,0.0008394135877,0.9139037267,-0.9926,-0.9926,-0.9926
478,12.204667091369627,12.204667091369627,172284000,20131007,TSLA,12.065333366394045,12.204667091369627,1,0.1587100377,0.0004230350729,0.0004227321402,0.0004230181229,0.2018056641,0.0004226995304,0.000423012948,0.6373698004,0.9862,0.9862,0.9862
479,11.648667335510254,11.648667335510254,206358000,20131008,TSLA,12.204667091369627,11.648667335510254,0,0.0006762466468,0.0006768015514,0.0006775332512,0.000676374228,0.0006771367232,0.0006762020163,0.0006760900016,0.9952636156,0.9791,0.9791,0.9791
480,11.251999855041504,11.251999855041504,229747500,20131009,TSLA,11.648667335510254,11.251999855041504,0,0.04145137031755,0.00060559791305,0.0732025030073,0.29333063296305,0.00060567584425,0.0006059441077500001,0.0006053049964,0.5895929708500001,-0.4118,0.9926,0.2904
481,11.91333293914795,11.91333293914795,124666500,20131011,TSLA,11.528667449951172,11.91333293914795,1,0.03018177491,0.03475188519,0.5312497574,0.0002858987102,0.4026731766,0.0002857609047,0.0002858364463,0.0002859098764,0.9977,0.9977,0.9977
482,12.262666702270508,12.262666702270508,164677500,20131015,TSLA,11.981332778930664,12.262666702270508,1,0.0004392130317,0.000439397252,0.9199383441,0.0004394765945,0.07742605209,0.0004391646573,0.0004390674249,0.0004392848126,0.9943,0.9943,0.9943
483,12.186667442321776,12.186667442321776,100575000,20131017,TSLA,12.237333297729492,12.186667442321776,0,0.44291006393230004,0.00091629695095,0.49790075094349995,0.05460620266005,0.00091655423885,0.0009172593806,0.00091637403975,0.0009164978352500001,0.962,0.9974,0.9797
484,12.226667404174805,12.226667404174805,88962000,20131018,TSLA,12.186667442321776,12.226667404174805,1,0.00106119182775,0.00106207051165,0.0721051879615,0.058309511744,0.31309213189999996,0.116722542625,0.0010599372693500001,0.43658742615,0.1531,0.9661,0.5596
485,11.435999870300291,11.435999870300291,170800500,20131022,TSLA,11.506667137145996,11.435999870300291,0,0.000403558835,0.0004034378005,0.99717386,0.0004038661532,0.0004045424068,0.0004035370271,0.0004034415151,0.00040375625,0.9914,0.9914,0.9914
486,10.966667175292969,10.966667175292969,199806000,20131023,TSLA,11.435999870300291,10.966667175292969,0,0.001292071156,0.001289808591,0.001291420798,0.001290044122,0.9909648655,0.00129108151,0.001290031264,0.001290677087,0.9374,0.9374,0.9374
487,11.543333053588867,11.543333053588867,162385500,20131024,TSLA,10.966667175292969,11.543333053588867,1,0.19680512797333335,0.005098563073066667,0.0050932920558666665,0.005093151319166667,0.005097763680433334,0.20036768815666664,0.0050939009962666666,0.5773505127333333,0.3818,0.9938,0.7864333333333334
488,11.310667037963867,11.310667037963867,113932500,20131025,TSLA,11.543333053588867,11.310667037963867,0,0.138485914701,0.001568275024,0.001568566219,0.0015680144155,0.0015684802814999999,0.0015677259845,0.043917844122,0.8097551792,0.9315,0.9646,0.9480500000000001
489,10.857333183288574,10.857333183288574,117625500,20131028,TSLA,11.310667037963867,10.857333183288574,0,0.000628697053,0.0006285148977,0.9955985451,0.0006290921425,0.000628937545,0.0006285497396,0.0006283950677,0.0006292684052,0.9794,0.9794,0.9794
490,10.964667320251465,10.964667320251465,211675500,20131029,TSLA,10.857333183288574,10.964667320251465,1,0.0262405901735,0.01284067127135,0.46874103045,0.37474923818335,0.029612366325,0.00031476060635,0.08347684833365,0.0040244870275,-0.1182,1.0,0.4409
491,10.614666938781738,10.614666938781738,126027000,20131030,TSLA,10.964667320251465,10.614666938781738,0,0.08251035026,0.0006876638882,0.0006878882628,0.000687789753,0.000687500597,0.0780337866,0.0006872472813,0.8360177734,0.981,0.981,0.981
492,10.662667274475098,10.662667274475098,140007000,20131031,TSLA,10.614666938781738,10.662667274475098,1,0.09584210454,0.06656430151,0.02101278703,0.0007280286344,0.6380342677,0.07988948892,0.0007276146381,0.097201407,0.9842,0.9842,0.9842
493,10.81133270263672,10.81133270263672,107709000,20131101,TSLA,10.662667274475098,10.81133270263672,1,0.09888576182,0.06639071968,0.001089344161,0.001089108506,0.8292790568,0.001089260526,0.001088093522,0.001088655023,0.8658,0.8658,0.8658
494,11.68000030517578,11.68000030517578,196806000,20131104,TSLA,10.81133270263672,11.68000030517578,1,0.1389221609,0.000607351153,0.0006074465585,0.0006079276897,0.0006078015438,0.0006077366828,0.0006076389503,0.8574319366,0.964,0.964,0.964
495,11.78733253479004,11.78733253479004,337006500,20131105,TSLA,11.68000030517578,11.78733253479004,1,0.49887324594,0.0006899752477999999,0.19739694580315,0.00069018249905,0.24389825405475,0.047075705789,0.0006899290951,0.010685761564350001,0.4059,0.9814,0.69365
496,9.317999839782717,9.317999839782717,334270500,20131107,TSLA,10.077333450317385,9.317999839782717,0,0.07600060107,0.0005401653426,0.0005393836791,0.0005395258203,0.0005395096095,0.0005395822433,0.0005397709768,0.9207614613,0.0571,0.0571,0.0571
497,9.196666717529297,9.196666717529297,337168500,20131108,TSLA,9.317999839782717,9.196666717529297,0,0.0004928316038,0.0004924681411,0.0004926141181,0.0004927528157,0.0004932839692,0.0004925339519,0.0004924759177,0.9965510395,0.9959,0.9959,0.9959
498,9.646666526794434,9.646666526794434,209964000,20131111,TSLA,9.196666717529297,9.646666526794434,1,0.0007689163335,0.0007682159995,0.0007676945263,0.000768079704,0.0007678129871,0.000767952804,0.0007682499207,0.9946230777,-0.5789,-0.5789,-0.5789
499,9.24666690826416,9.24666690826416,189874500,20131113,TSLA,9.186667442321776,9.24666690826416,1,0.0327747251505,0.0009604688621,0.3746959315235,0.0009607942891999999,0.0878840969475,0.07355444725315001,0.0009602172197500001,0.428209318725,-0.9902,0.9956,0.0027000000000000357
500,8.406000137329102,8.406000137329102,297243000,20131119,TSLA,8.10533332824707,8.406000137329102,1,0.0006661529893,0.00066592035685,0.000665814564,0.00066612302985,0.0006660804819,0.040575097115,0.0006659031550000001,0.9554289083,-0.9971,0.8753,-0.06090000000000001
501,8.074000358581543,8.074000358581543,207744000,20131120,TSLA,8.406000137329102,8.074000358581543,0,0.021444542501899998,0.0005939945662,0.5514801069999999,0.42410496706445,0.00059455736495,0.00059401195435,0.0005937835095499999,0.0005940360470000001,-0.9732,0.9959,0.011350000000000027
502,8.140000343322754,8.140000343322754,178557000,20131121,TSLA,8.074000358581543,8.140000343322754,1,0.0007278458856333332,0.0007277888020666666,0.0007275064722333333,0.0069932726238,0.0007276039152666667,0.035278354211433334,0.0007277700007666667,0.9540898580666667,0.9825,0.9952,0.9868
503,8.092000007629395,8.092000007629395,166450500,20131122,TSLA,8.140000343322754,8.092000007629395,0,0.0006883009281,0.139291327,0.8565813323,0.0006875617846,0.0006880073028,0.0006880756551,0.0006877638114,0.0006876312739,0.9974,0.9974,0.9974
504,8.055999755859375,8.055999755859375,154009500,20131125,TSLA,8.092000007629395,8.055999755859375,0,0.07181468846586667,0.0005318872406,0.6647090516093334,0.07422363672903333,0.0296690710051,0.020335604215,0.027595441640899998,0.11112061907516667,0.9684,0.99,0.9826
505,8.033332824707031,8.033332824707031,208282500,20131126,TSLA,8.055999755859375,8.033332824707031,0,0.02383456062,0.0003873920704,0.9454111877,0.0003874958175,0.02881685512,0.0003874486329,0.0003873600438,0.000387700041,0.987,0.987,0.987
506,8.485333442687988,8.485333442687988,145743000,20131129,TSLA,8.462667465209961,8.485333442687988,1,0.060366812852999996,0.00055708624695,0.92535725455,0.0005571268152,0.0005573377363,0.0005570531789500001,0.00055693911265,0.011490389492500001,0.9936,0.9947,0.9941500000000001
507,8.277999877929688,8.277999877929688,116268000,20131202,TSLA,8.485333442687988,8.277999877929688,0,0.2353677754878,0.0004605293511333334,0.009097335984466666,0.5982963337268333,0.07433943602516667,0.020790359528400002,0.0004604773992,0.06118776197,-0.999,1.0,0.3326
508,9.646666526794434,9.646666526794434,385236000,20131203,TSLA,8.277999877929688,9.646666526794434,1,0.2863022287865667,0.0005249982095666667,0.5625002878048333,0.0005250130842333334,0.10308807027610001,0.0005252138893666666,0.0005249335983666667,0.046009254359566674,0.9751,0.9929,0.9814666666666666
509,9.263333320617676,9.263333320617676,197215500,20131204,TSLA,9.646666526794434,9.263333320617676,0,0.025433506500775003,0.000684329438725,0.7046165401175,0.159266700986925,0.009136864518224999,0.01735157930945,0.0006841522735,0.08282632683747501,-0.9955,0.9907,0.48572499999999996
510,9.36533260345459,9.36533260345459,139326000,20131205,TSLA,9.263333320617676,9.36533260345459,1,0.001204134154,0.001203766072,0.001203965601,0.615144105,0.001204323483,0.001203592404,0.001203368164,0.3776327451,-0.9674,-0.9674,-0.9674
511,9.157333374023438,9.157333374023438,118644000,20131206,TSLA,9.36533260345459,9.157333374023438,0,0.21788197274245,0.001159227684,0.15342602522499998,0.0177652570345,0.2373699485435,0.044847175531,0.049371085922,0.2781793073105,0.861,0.9273,0.89415
512,9.3100004196167,9.3100004196167,107067000,20131211,TSLA,9.47933292388916,9.3100004196167,0,0.0004908107386,0.0004907127589,0.08416277547,0.8538696073,0.0004911417765,0.0004906428003,0.0004904111951,0.059513898,-0.989,-0.989,-0.989
513,9.83133316040039,9.83133316040039,161517000,20131212,TSLA,9.3100004196167,9.83133316040039,1,0.0045478505972,0.07418117316,0.35407203875000004,0.3673292965321,0.03714308426,0.0670325573,0.0955007127187,0.0001932692327,0.989,0.9997,0.9943500000000001
514,9.84333324432373,9.84333324432373,158878500,20131213,TSLA,9.83133316040039,9.84333324432373,1,0.24568501003365,0.00068560530735,0.4287442725169,0.000686004441,0.124450340575,0.146855369215,0.0006853862904500001,0.052208011615,0.961,0.9858,0.9734
515,9.862667083740234,9.862667083740234,100129500,20131216,TSLA,9.84333324432373,9.862667083740234,1,0.1592202429,0.0006726584709,0.0006725299829,0.2146238323,0.0006727563085,0.02323124801,0.0006727552563,0.6002339768,-0.9612,-0.9612,-0.9612
516,9.86533260345459,9.86533260345459,173728500,20131218,TSLA,10.163999557495115,9.86533260345459,0,0.36596138120259997,0.0005464648625499999,0.49792666532545,0.0676056137268,0.0663209746792,0.000546387876,0.0005461479799,0.00054636432275,0.7096,0.7572,0.7334
517,9.54933261871338,9.54933261871338,111189000,20131220,TSLA,9.381333351135254,9.54933261871338,1,0.5886937853,0.001098436554,0.001098285605,0.0428553482,0.2206924503,0.0862238847,0.001098403972,0.05823940534,0.9904,0.9904,0.9904
518,9.56999969482422,9.56999969482422,80782500,20131223,TSLA,9.54933261871338,9.56999969482422,1,0.64617651575,0.00056781097965,0.014870666245,0.21106139080175,0.0422987749334,0.08388925009015001,0.0005678268982000001,0.00056776433465,0.9989,0.9991,0.999
519,10.093999862670898,10.093999862670898,149122500,20131224,TSLA,9.56999969482422,10.093999862670898,1,0.8769899918,0.01698845156,0.0007317484933,0.0007321655821,0.0007315726717,0.0007316796826,0.0007318759376,0.1023625142,0.9257,0.9257,0.9257
520,10.366666793823242,10.366666793823242,106942500,20131226,TSLA,10.093999862670898,10.366666793823242,1,0.6289377976,0.020526090912966668,0.17065070285356665,0.10987816925966666,0.02660959089166667,0.0006915588067333333,0.000691687645,0.042014402033333335,0.8768,0.9915,0.93415
521,10.074666976928713,10.074666976928713,81903000,20131227,TSLA,10.366666793823242,10.074666976928713,0,0.00031137067325,0.0003116926669,0.2678679908,0.0003113512102,0.7302629780000001,0.0003114986319,0.00031135776550000004,0.00031176023305,0.9948,0.9952,0.995
522,10.006667137145996,10.006667137145996,92826000,20140102,TSLA,10.028667449951172,10.006667137145996,0,0.7549136557,0.0007193818264,0.0007204091161,0.08737946927,0.09384279371,0.0609845896,0.0007193828184,0.0007203179461,0.9988,0.9988,0.9988
523,9.800000190734863,9.800000190734863,80416500,20140106,TSLA,9.970666885375977,9.800000190734863,0,0.00740630610994,0.0010830603399000001,0.37759269231728,0.11401753251562,0.11638019327155999,0.0010834721413199998,0.00108276561788,0.38135397768252,-0.9991,0.9677,0.5057
524,9.957332611083984,9.957332611083984,75511500,20140107,TSLA,9.800000190734863,9.957332611083984,1,0.0005602540635499999,0.0005600696617,0.4989080328232,0.2597706479895,0.2385209279799,0.00056022760585,0.0005599949311,0.0005598449012,-0.9991,0.9859,-0.006599999999999995
525,10.085332870483398,10.085332870483398,92448000,20140108,TSLA,9.957332611083984,10.085332870483398,1,0.0006696471975800001,0.04959948352176,0.9157181423,0.00066931321532,0.0313351893499,0.00066945788762,0.00066942889262,0.0006693376572,0.8977,0.9842,0.96106
526,9.835332870483398,9.835332870483398,80730000,20140109,TSLA,10.085332870483398,9.835332870483398,0,0.000652574359975,0.000652472224,0.992356786175,0.000653065624475,0.003727836280075,0.00065252998775,0.000652435222475,0.0006523001394,-0.6757,0.9878,0.1926
527,9.714667320251465,9.714667320251465,111691500,20140110,TSLA,9.835332870483398,9.714667320251465,0,0.0005714445505,0.0005714126692,0.0005714790476,0.0005720633607,0.1588123571,0.0005715806426,0.0005715180736,0.8377581445,0.9875,0.9875,0.9875
528,10.751333236694336,10.751333236694336,414105000,20140114,TSLA,9.28933334350586,10.751333236694336,1,0.5081939683,0.000541765333,0.0005419990886,0.0005421060925,0.02916673708,0.4599295491,0.0005416669291,0.0005422080754,0.9954,0.9954,0.9954
529,10.94200038909912,10.94200038909912,306984000,20140115,TSLA,10.751333236694336,10.94200038909912,1,0.46831488545,0.00040645677989999997,0.00040619457465,0.4520307403031,0.00040634297304999997,0.00040675872835,0.04851065970935,0.029518006170000003,-0.9934,0.9802,-0.006599999999999995
530,11.333999633789062,11.333999633789062,138093000,20140117,TSLA,11.39799976348877,11.333999633789062,0,0.23150607705646667,0.0006664730905666666,0.0006664617888,0.6168231930486666,0.0006666629421000001,0.07861151025823333,0.023238129401099997,0.04782149241843333,-0.9961,0.9957,-0.33216666666666667
531,11.778667449951172,11.778667449951172,146020500,20140121,TSLA,11.333999633789062,11.778667449951172,1,0.6035612842,0.00107908242,0.001078881653,0.00107992493,0.3899629157,0.001080054699,0.001079118147,0.001078738194,0.9992,0.9992,0.9992
532,11.904000282287598,11.904000282287598,105339000,20140122,TSLA,11.778667449951172,11.904000282287598,1,0.6701723654,0.0024228155261000004,0.00241843798435,0.00242014302185,0.0251130048935,0.194671346245,0.054694952313,0.048086934607000004,0.9163,0.9971,0.9567
533,12.100000381469728,12.100000381469728,118011000,20140123,TSLA,11.904000282287598,12.100000381469728,1,0.0004777067261,0.0004776052531,0.4296045147,0.0004775983522,0.5316442516,0.0004774896675,0.00047759086,0.03636324286,0.998,0.998,0.998
534,11.640000343322754,11.640000343322754,114964500,20140124,TSLA,12.100000381469728,11.640000343322754,0,0.0005173724383500001,0.0005174671676,0.9963776361500001,0.0005175767869,0.0005176195194,0.0005173785345,0.0005175648213,0.00051738459645,0.9599,0.966,0.96295
535,11.30799961090088,11.30799961090088,130746000,20140127,TSLA,11.640000343322754,11.30799961090088,0,0.001509163186,0.001507859843,0.6623525994,0.00150703767,0.3286000962,0.001508465954,0.001506587298,0.001508190382,0.9505,0.9505,0.9505
536,11.892000198364258,11.892000198364258,91401000,20140128,TSLA,11.30799961090088,11.892000198364258,1,0.01288897341,6.38e-05,6.37e-05,0.8377324963,6.38e-05,6.38e-05,0.1490597174,6.38e-05,0.9999,0.9999,0.9999
537,12.189332962036133,12.189332962036133,128475000,20140130,TSLA,11.682000160217283,12.189332962036133,1,0.1879595247,0.11513178867499999,0.3921769872,0.0009459818594499999,0.10984998902500001,0.00094528515035,0.12275880605,0.07023163731000001,0.7155,0.9524,0.83395
538,11.807332992553713,11.807332992553713,101473500,20140203,TSLA,12.093999862670898,11.807332992553713,0,0.2316841517,0.00106038268,0.00106134178,0.001061029459,0.480404791,0.2826060344,0.001060491548,0.001061777442,0.609,0.609,0.609
539,13.104000091552734,13.104000091552734,194560500,20140210,TSLA,12.435333251953123,13.104000091552734,1,0.6609175536,0.0009779848405,0.0009774113877,0.000978350254,0.1183261254,0.2158672459,0.0009775309835,0.0009777976803,0.9952,0.9952,0.9952
540,13.021332740783691,13.021332740783691,77605500,20140212,TSLA,13.107999801635742,13.021332740783691,0,0.001490174809,0.001490973221,0.001491927067,0.5148974686,0.001490756032,0.1409341405,0.3024482351,0.03575632462,0.9571,0.9571,0.9571
541,13.579999923706056,13.579999923706056,139992000,20140218,TSLA,13.215332984924316,13.579999923706056,1,0.359255716461,0.002939365810333333,0.333418108272,0.002938490916666667,0.002937830823,0.14298633727066665,0.002937277014,0.15258687340533333,0.2023,0.9033,0.6621
542,13.998000144958496,13.998000144958496,270034500,20140220,TSLA,12.90933322906494,13.998000144958496,1,0.41208734782333334,0.0012265247596666667,0.001227399389,0.16841573960766668,0.112455058886,0.041235026897666664,0.10159783496866666,0.16175506762233333,0.9704,0.997,0.9864333333333333
543,13.973333358764648,13.973333358764648,117282000,20140221,TSLA,13.998000144958496,13.973333358764648,0,0.07847399472,0.06748209045,5.75e-05,0.7269169036,5.76e-05,5.76e-05,0.05341956776,0.07353471122,0.9999,0.9999,0.9999
544,14.510000228881836,14.510000228881836,124176000,20140224,TSLA,13.973333358764648,14.510000228881836,1,0.1467378358,0.1349243356,0.001530983226,0.001527448769,0.2611227642,0.001526544075,0.001528033487,0.4511020548,0.9245,0.9245,0.9245
545,16.53333282470703,16.53333282470703,490225500,20140225,TSLA,14.510000228881836,16.53333282470703,1,0.24030749984400002,0.00109514749835,0.4760369648786,0.001095225223625,0.02217783082275,0.00109526502075,0.00109513376305,0.25709693297865,0.324,0.9918,0.771
546,16.866666793823242,16.866666793823242,369069000,20140226,TSLA,16.53333282470703,16.866666793823242,1,0.001692708589,0.001691635364,0.001690604974,0.001691048195,0.001691168925,0.0394562405,0.001691454008,0.9503951394,0.5859,0.5859,0.5859
547,16.836000442504883,16.836000442504883,269187000,20140227,TSLA,16.866666793823242,16.836000442504883,0,0.3846396529616667,0.0011636404108666667,0.0011632769373,0.0011640641127,0.14142497958766664,0.10387738797686667,0.0011633299036,0.3654036681301,0.5434,0.9985,0.8014666666666667
548,16.70400047302246,16.70400047302246,196339500,20140303,TSLA,16.320667266845703,16.70400047302246,1,0.0004014450264,0.06025219552,0.7656045016,0.08939826553,0.08314026306,0.0004010439161,0.0004010367619,0.0004012485589,0.9959,0.9959,0.9959
549,16.98933219909668,16.98933219909668,131184000,20140304,TSLA,16.70400047302246,16.98933219909668,1,0.34839167485,0.00156565717595,0.00156587251995,0.0015667203806,0.0015673187373,0.26391671843,0.0015664090713,0.379859628848,0.3818,0.9159,0.64885
550,15.922666549682615,15.922666549682615,115921500,20140310,TSLA,16.413999557495117,15.922666549682615,0,0.32405208939605,0.000964934612,0.0009656400929499999,0.531888958465,0.139232354656,0.00096611070655,0.0009650276507499999,0.00096488438155,-0.9984,0.9974,-0.0005000000000000004
551,15.62733268737793,15.62733268737793,132151500,20140311,TSLA,15.922666549682615,15.62733268737793,0,0.01628351900336,0.02472430209386,0.3986297545784,0.00105780348434,0.13894044673092,0.02282207689424,0.06663629583102001,0.33090580136388004,-0.7216,0.9922,0.26528
552,16.099332809448242,16.099332809448242,146316000,20140312,TSLA,15.62733268737793,16.099332809448242,1,0.1258315904,0.01137447908,6.5e-05,0.8067908045,6.5e-05,6.5e-05,0.05182829013,0.00397978121,0.9999,0.9999,0.9999
553,15.852666854858398,15.852666854858398,93544500,20140313,TSLA,16.099332809448242,15.852666854858398,0,0.0012320715898999999,0.00123192804435,0.9913815173,0.0012311024625,0.00123104784365,0.0012309798786000001,0.0012309801478000001,0.00123037275995,0.7995,0.97,0.8847499999999999
554,15.39799976348877,15.39799976348877,124345500,20140314,TSLA,15.852666854858398,15.39799976348877,0,0.0005824619575,0.0005824860748,0.05888793076,0.03856109813,0.8655461219,0.0005826606944,0.0005829411122,0.03467429934,0.9931,0.9931,0.9931
555,15.59866714477539,15.59866714477539,88689000,20140317,TSLA,15.39799976348877,15.59866714477539,1,0.038852783526500005,0.00998482920585,0.02081790335,0.42064508739,0.355964151,0.018109908475000002,0.043667435,0.09195787579245,0.974,0.9999,0.98695
556,16.002666473388672,16.002666473388672,93634500,20140318,TSLA,15.59866714477539,16.002666473388672,1,0.1343148041877857,0.03690472427277142,0.15993148716754285,0.36842119036497145,0.256785701878,0.03868384037448571,0.0018720384338714285,0.003086197051285714,-0.9995,0.9985,0.31906666666666667
557,15.259332656860352,15.259332656860352,123253500,20140321,TSLA,15.660667419433594,15.259332656860352,0,0.244655687065,0.0003834353243,0.00038351216864999997,0.46515391001530004,0.14779966078,0.135094504189,0.00614575494415,0.00038354793975,0.9909,0.9995,0.9952000000000001
558,14.678000450134276,14.678000450134276,169932000,20140324,TSLA,15.259332656860352,14.678000450134276,0,0.35107853765333336,0.0005658184466666667,0.000565665352,0.5950903261703334,0.0005656478946666667,0.000565745791,0.035204217924333335,0.01636402112,0.4588,0.4588,0.4588
559,14.696000099182127,14.696000099182127,117981000,20140325,TSLA,14.678000450134276,14.696000099182127,1,0.30012683014999997,0.00035619640385,0.03916058728,0.4507262850604,0.1156856471675,0.046467131525,0.04712040826425,0.0003569898368,0.9919,0.9919,0.9919
560,14.197333335876465,14.197333335876465,103609500,20140326,TSLA,14.696000099182127,14.197333335876465,0,0.021057589326966667,0.0004956477958333334,0.33109426165850003,0.44472887113,0.15492154258299998,0.0004956871481,0.046710677657366674,0.0004957215840666666,-0.5023,0.9916,0.24465000000000003
561,13.821332931518556,13.821332931518556,142435500,20140327,TSLA,14.197333335876465,13.821332931518556,0,6.3e-05,6.3e-05,6.3e-05,0.8732013883,0.03957063052,6.3e-05,0.08691313778,6.3e-05,,,
562,14.157999992370604,14.157999992370604,145272000,20140328,TSLA,13.821332931518556,14.157999992370604,1,0.0007573226732166667,0.0007567730179,0.47757379591483334,0.14807648542578333,0.016238731674633335,0.10753490129583333,0.0200140790915,0.2290479061098,-0.9253,0.9672,0.004699999999999993
563,14.464667320251465,14.464667320251465,110571000,20140401,TSLA,13.896666526794434,14.464667320251465,1,0.7476104057499999,0.0014471569807,0.00144596731375,0.034783234884,0.025213370049,0.12834975029620002,0.059703597659,0.00144651711635,0.8537,0.998,0.9258500000000001
564,15.352666854858398,15.352666854858398,161734500,20140402,TSLA,14.464667320251465,15.352666854858398,1,0.03146877417,0.03153232316,6.61e-05,0.8237754479,6.62e-05,6.62e-05,0.1086621406,0.004362778645,,,
565,15.026666641235352,15.026666641235352,163855500,20140403,TSLA,15.352666854858398,15.026666641235352,0,0.9760716696,0.001192525323,0.001191036924,0.001191074295,0.001191337817,0.01677979962,0.001191040464,0.001191515992,0.8176,0.8176,0.8176
566,14.148667335510254,14.148667335510254,170184000,20140404,TSLA,15.026666641235352,14.148667335510254,0,0.4819880122833333,0.04975263611426667,0.23789013799866668,0.031674592955999996,0.0012063222839666665,0.15787197864810001,0.0012066931425333334,0.03840962660233333,-0.9944,0.9961,0.28703333333333336
567,13.834667205810549,13.834667205810549,147832500,20140407,TSLA,14.148667335510254,13.834667205810549,0,0.29885677093999996,0.001192083799,0.00119145096,0.030828909944,0.13070413309649997,0.31202765455000003,0.001192399396,0.22400659729,0.7889,0.9353,0.8621000000000001
568,14.36400032043457,14.36400032043457,103339500,20140408,TSLA,13.834667205810549,14.36400032043457,1,0.0006200129647,0.0006197430094,0.0006195116001,0.08395688957,0.0006194714654,0.3745839117,0.1023431671,0.4366372926,-0.9941,-0.9941,-0.9941
569,14.461999893188477,14.461999893188477,77368500,20140409,TSLA,14.36400032043457,14.461999893188477,1,0.0005909012586,0.000590361313,0.0005908924698,0.1843372968,0.7300211287,0.0005904850872,0.0005902617935,0.08268867258,0.9962,0.9962,0.9962
570,13.612667083740234,13.612667083740234,108172500,20140410,TSLA,14.461999893188477,13.612667083740234,0,0.6622200451,0.0010055910394,0.00100508494395,0.0010053450344000001,0.0010051771419,0.0010058704525,0.0010056468677500001,0.33174723941,0.7184,0.9629,0.84065
571,13.585332870483398,13.585332870483398,136008000,20140411,TSLA,13.612667083740234,13.585332870483398,0,0.5840497893500001,0.000756086414,0.0234735376398,0.03396076240715,0.0643210745551,0.15801521255,0.00075618323005,0.13466735384,0.9906,0.9986,0.9946
572,13.206000328063965,13.206000328063965,115545000,20140414,TSLA,13.585332870483398,13.206000328063965,0,0.30823753787616665,0.0005403495626,0.6199654363390666,0.0005404156389,0.03751311865576667,0.011218382460433331,0.0005402796558,0.0214444797999,0.8803,0.999,0.9411666666666667
573,12.927332878112791,12.927332878112791,204889500,20140415,TSLA,13.206000328063965,12.927332878112791,0,0.03894003327005,0.0008209844548,0.4717944075257,0.45973895676614995,0.000820776603,0.026243807616799997,0.0008208617201,0.00082017201755,-0.9962,0.9771,-0.009550000000000003
574,13.27400016784668,13.27400016784668,108033000,20140416,TSLA,12.927332878112791,13.27400016784668,1,0.029339590287,0.000798968789,0.505200472395,0.0007990309955,0.0345108961725,0.010772475884,0.00079877863175,0.41777978685600003,-0.9186,0.9964,0.03889999999999999
575,13.208000183105469,13.208000183105469,88902000,20140417,TSLA,13.27400016784668,13.208000183105469,0,0.4600355986,0.001107970015,0.001107395306,0.0011083842,0.4474132784,0.001108867127,0.001108329957,0.08701017643,0.9862,0.9862,0.9862
576,13.625332832336426,13.625332832336426,78873000,20140421,TSLA,13.208000183105469,13.625332832336426,1,0.01518035676,0.04701330498,0.1386974876,0.7816004379,6.63e-05,6.63e-05,0.01730958976,6.63e-05,,,
577,14.576000213623049,14.576000213623049,147070500,20140422,TSLA,13.625332832336426,14.576000213623049,1,0.26995473608666665,0.037811460591666665,0.15709691872433335,0.0011060964484333332,0.113560721367,0.0011058959211666666,0.0011055329680666668,0.41825863785870004,-0.855,0.9802,0.36643333333333333
578,13.866000175476074,13.866000175476074,109434000,20140423,TSLA,14.576000213623049,13.866000175476074,0,0.217946939596,0.0006778610352500001,0.43361580695115,0.0449360150165,0.22040930764,0.00067836052805,0.0006780300041,0.081057679194,-0.7116,0.9982,0.14329999999999998
579,13.857333183288574,13.857333183288574,82428000,20140424,TSLA,13.866000175476074,13.857333183288574,0,0.36140928805,0.085335386245,0.0050270289675,0.1632143059,0.152299300803,0.013575151556,0.0006927954086,0.21844674303835,-0.4019,0.9539,0.276
580,13.32333278656006,13.32333278656006,104950500,20140425,TSLA,13.857333183288574,13.32333278656006,0,0.375074670615,0.05278694004975,0.40336315898499997,0.00058431785125,0.035205039717750006,0.07477834914999999,0.024104882367849998,0.034102641239999995,0.9878,0.9965,0.9921500000000001
581,13.234000205993652,13.234000205993652,105630000,20140428,TSLA,13.32333278656006,13.234000205993652,0,0.8227241339,0.09318837328,0.001344914813,0.001346409181,0.001345427709,0.04473746145,0.00134615412,0.03396712555,0.9029,0.9029,0.9029
582,13.79466724395752,13.79466724395752,86686500,20140429,TSLA,13.234000205993652,13.79466724395752,1,0.0193646858455,0.17480072254249998,0.62693312125,0.0257879110071,0.065918321715,0.0586211613125,0.00105747507105,0.0275166012897,-0.836,0.8591,0.011550000000000005
583,13.859333038330078,13.859333038330078,66609000,20140430,TSLA,13.79466724395752,13.859333038330078,1,0.4167420717618,0.00057782755695,0.0005777824504999999,0.08265097367345,0.2839585478165,0.00057832917485,0.00057778778415,0.21433667981835,0.986,0.9962,0.9911
584,13.84866714477539,13.84866714477539,81598500,20140501,TSLA,13.859333038330078,13.84866714477539,0,0.04881597588,0.3263622643,0.6221577727,0.0005331481051,0.000532569237,0.0005329940137,0.0005327139296,0.0005325618477,0.9731,0.9731,0.9731
585,14.440667152404783,14.440667152404783,77205000,20140505,TSLA,14.060667037963867,14.440667152404783,1,0.3504147096561,0.00071197262015,0.49721134617425,0.0007119815552,0.00071231716655,0.148813707732,0.0007120126086,0.0007119524974500001,0.9423,0.9978,0.9700500000000001
586,13.8186674118042,13.8186674118042,84550500,20140506,TSLA,14.440667152404783,13.8186674118042,0,0.3621398579282,0.0007488924665,0.49724793290830005,0.00074878795695,0.00074932782985,0.13160613066175,0.00074911963135,0.006009950629999999,0.891,0.9991,0.94505
587,13.423333168029783,13.423333168029783,152689500,20140507,TSLA,13.8186674118042,13.423333168029783,0,0.37244848692,0.22876734455615,0.23496708948794998,0.0007733220404,0.0594666566405,0.081913861741,0.0007734529588,0.0208897856575,0.8238,0.997,0.9104
588,11.906000137329102,11.906000137329102,300849000,20140508,TSLA,13.423333168029783,11.906000137329102,0,0.6012569419,0.008578669983133334,0.0007945942151333334,0.2260512280026,0.048189848173266665,0.0004379882977333333,0.043734188963600006,0.07095655305,0.9052,1.0,0.9679666666666668
589,12.150667190551758,12.150667190551758,127428000,20140509,TSLA,11.906000137329102,12.150667190551758,1,0.25366674689333335,0.20975351049733335,0.321765543323,0.0693555453621,0.14235547059416667,0.0010346802118333333,0.0010343443581666667,0.0010341587139333333,-0.9592,0.999,0.30796666666666667
590,12.677332878112791,12.677332878112791,106458000,20140513,TSLA,12.31133270263672,12.677332878112791,1,0.04638241652095,0.00066751022905,0.49732882314195004,0.00066772287475,0.0006675324635,0.02534915193245,0.00066717112705,0.4282696716801,0.9477,0.9919,0.9698
591,12.708000183105469,12.708000183105469,81100500,20140514,TSLA,12.677332878112791,12.708000183105469,1,0.2999820867782,0.0006409511936,0.4978744731586,0.12471756274165,0.0634762064775,0.00064111346485,0.00064097515605,0.01202663103555,0.974,0.9976,0.9858
592,12.572667121887209,12.572667121887209,90606000,20140515,TSLA,12.708000183105469,12.572667121887209,0,0.2302631692,0.000537275459,0.0005369496764,0.4615216038,0.03478617453,0.2712804305,0.0005370418438,0.0005373549267,0.9995,0.9995,0.9995
593,12.77066707611084,12.77066707611084,67315500,20140516,TSLA,12.572667121887209,12.77066707611084,1,0.37372095114495,0.00087573500055,0.4983840572215,0.016473460885000003,0.0515492454763,0.0572464721324,0.00087505972385,0.0008750184203,0.9231,0.9964,0.95975
594,13.072667121887209,13.072667121887209,68575500,20140519,TSLA,12.77066707611084,13.072667121887209,1,0.00162592132,0.05502696753,0.00162644006,0.6831532665,0.001625864247,0.001625419282,0.001624882473,0.2536912385,-0.9933,-0.9933,-0.9933
595,13.020000457763672,13.020000457763672,83191500,20140520,TSLA,13.072667121887209,13.020000457763672,0,0.0008286076329,0.0008283328205,0.7380725811,0.000828436588,0.2569550864,0.0008296705911,0.0008282224208,0.0008290624641,0.9542,0.9542,0.9542
596,13.296667098999023,13.296667098999023,79281000,20140521,TSLA,13.020000457763672,13.296667098999023,1,0.11458409424956666,0.036795711425966666,0.47500456676136665,0.10870011316396666,0.11795751524666666,0.0006116076464333333,0.016636612725466664,0.12970977877486667,0.8689,0.9942,0.9462999999999999
597,14.104000091552734,14.104000091552734,80116500,20140527,TSLA,13.81999969482422,14.104000091552734,1,0.6758038426,0.0003200320366,0.0159938933,0.0003201188216,0.06428923275,0.07195246861,0.1710001675,0.0003202444041,0.9998,0.9998,0.9998
598,14.015999794006348,14.015999794006348,82426500,20140528,TSLA,14.104000091552734,14.015999794006348,0,0.7578796338,0.0008131705669,0.0008125328696,0.08398048604,0.1085934102,0.0008134686245,0.01064568183,0.0364616161,0.9985,0.9985,0.9985
599,14.015999794006348,14.015999794006348,55387500,20140529,TSLA,14.015999794006348,14.015999794006348,0,0.0503182797475,0.0418407166635,0.510236459885,0.0012848214235,0.38584690129,0.0012844734890000002,0.001284631453,0.0079037160355,-0.8763,-0.3071,-0.5917
600,13.851332664489746,13.851332664489746,83716500,20140530,TSLA,14.015999794006348,13.851332664489746,0,0.000535923789475,0.028131837728725,0.43180337839789995,0.091331969049075,0.1202356463534,0.068876983597075,0.005753511794475,0.253330749297375,0.4498,0.9928,0.8431
601,13.662667274475098,13.662667274475098,57912000,20140603,TSLA,13.646666526794434,13.662667274475098,1,0.0008343734455,0.0008338362105,0.2746225462,0.0008337638148,0.7203726966,0.0008350375516,0.0008337519068,0.0008339943413,0.8953,0.8953,0.8953
602,13.599332809448242,13.599332809448242,51411000,20140604,TSLA,13.662667274475098,13.599332809448242,0,0.09388393026,0.0004671600833,0.0004673480925,0.0004673660322,0.0004671041997,0.06755800168,0.0004671265792,0.8362219631,0.9942,0.9942,0.9942
603,13.793333053588867,13.793333053588867,60819000,20140605,TSLA,13.599332809448242,13.793333053588867,1,0.01679037647,0.03410076669,5.69e-05,0.761422228,0.03176860571,0.03153473017,0.124269537,5.69e-05,0.2839,0.2839,0.2839
604,13.878000259399414,13.878000259399414,46107000,20140606,TSLA,13.793333053588867,13.878000259399414,1,0.001089059503,0.001087753695,0.4346492069,0.001088572207,0.5588205353,0.001088712462,0.001087614007,0.001088545941,,,
605,13.687333106994627,13.687333106994627,42085500,20140609,TSLA,13.878000259399414,13.687333106994627,0,0.0018000023242,0.00179993439105,0.00180257634325,0.0018013923232499999,0.2021922677622,0.0018025496256500002,0.0145502295951,0.77425104765,0.9505,0.9752,0.96285
606,13.486666679382324,13.486666679382324,52720500,20140610,TSLA,13.687333106994627,13.486666679382324,0,0.001438241545,0.001438875775,0.001438299614,0.001439770236,0.2063892233,0.1752558566,0.02242153375,0.5901781992,0.9787,0.9787,0.9787
607,13.631333351135254,13.631333351135254,59662500,20140611,TSLA,13.486666679382324,13.631333351135254,1,0.7206944558,0.0002825303585,0.0002825459425,0.0639654904,0.1579380121,0.05627189854,0.0002826076638,0.0002824592004,0.9998,0.9998,0.9998
608,13.567999839782717,13.567999839782717,89905500,20140612,TSLA,13.631333351135254,13.567999839782717,0,0.088819425141675,0.001062845247225,0.13258461697649998,0.17327246982102498,0.11823040981574999,0.14531046057125,0.0764393429496,0.264280423935925,0.9412,0.9966,0.9660000000000001
609,14.973999977111816,14.973999977111816,198696000,20140616,TSLA,13.761333465576172,14.973999977111816,1,0.001069979658,0.001070158588,0.00106907364,0.001070248616,0.001071308731,0.001069426368,0.001070206614,0.9925095978,-0.9892,-0.9892,-0.9892
610,15.444666862487791,15.444666862487791,199573500,20140617,TSLA,14.973999977111816,15.444666862487791,1,0.60844329915,0.00101194274505,0.28808021145310003,0.0010114670236,0.04132038604725,0.00101180174645,0.00101300659525,0.0581078852358,0.974,0.9765,0.97525
611,15.141332626342772,15.141332626342772,104103000,20140618,TSLA,15.444666862487791,15.141332626342772,0,0.284540683395,0.001019490232325,0.0010198224123500002,0.20956750962405002,0.231880589385,0.20094236136750002,0.00986051998065,0.061169003805975,0.8381,0.9997,0.95025
612,15.305999755859377,15.305999755859377,73558500,20140620,TSLA,15.185999870300291,15.305999755859377,1,0.19754066223442,0.0010611831739800002,0.36223813256018,0.27534414144356,0.014202804606779997,0.02704732996156,0.051947823039360005,0.0706179229888,-0.9983,0.9998,0.06040000000000001
613,15.814666748046877,15.814666748046877,116866500,20140623,TSLA,15.305999755859377,15.814666748046877,1,0.18533396103943334,0.0008527246886,0.6631689610374,0.0008529829234666667,0.10708375668876667,0.0329903923366,0.0008528255818,0.008864395729833333,0.1531,0.9996,0.5247333333333334
614,15.792667388916016,15.792667388916016,87024000,20140625,TSLA,15.5,15.792667388916016,1,0.01421503101,0.0004052996551,0.0004053192705,0.9052644638,0.07849399263,0.0004053167197,0.0004050845826,0.000405492327,-0.9535,-0.9535,-0.9535
615,15.706666946411133,15.706666946411133,76821000,20140626,TSLA,15.792667388916016,15.706666946411133,0,0.0012830148138000001,0.05507778667353334,0.11741820023636666,0.6454792010666667,0.05417394297096667,0.0012842578197,0.12400007649043333,0.0012835199276666667,0.7506,0.9607,0.8766333333333334
616,15.981332778930664,15.981332778930664,65041500,20140701,TSLA,16.003999710083008,15.981332778930664,0,0.6589949361,0.0006694690991,0.0006697120618,0.04451594685,0.2931416947,0.0006693865928,0.0006691257373,0.0006697288934,0.999,0.999,0.999
617,14.604666709899902,14.604666709899902,117543000,20140708,TSLA,14.843999862670898,14.604666709899902,0,0.17083517549713334,0.0009005040391333333,0.04310822366163333,0.027442418733966665,0.23829086950643333,0.1058236478819,0.018845604658833334,0.3947535560503,-0.8658,0.9984,0.3749666666666666
618,14.870667457580566,14.870667457580566,61731000,20140709,TSLA,14.604666709899902,14.870667457580566,1,0.001604992254,0.001604466214,0.001604241912,0.08851527293,0.8269546924,0.07650246488,0.00160399322,0.001609876217,0.9904,0.9904,0.9904
619,14.630666732788086,14.630666732788086,72958500,20140710,TSLA,14.870667457580566,14.630666732788086,0,0.02864501815435,0.011273688866425002,0.052603954821775,0.08246383237,0.5803196230500001,0.077771210222925,0.00091633288755,0.1660063395565,-0.1177,0.9886,0.5007
620,14.541999816894531,14.541999816894531,49534500,20140711,TSLA,14.630666732788086,14.541999816894531,0,0.119355921047,0.03356904393115,0.5138580836000001,0.0010289983132499999,0.29477731806499996,0.03535261719,0.00102910091795,0.0010289168753,0.8625,0.9955,0.929
621,15.113332748413086,15.113332748413086,108048000,20140714,TSLA,14.541999816894531,15.113332748413086,1,0.34642483568199994,0.0014230996680333332,0.28757408068283336,0.0014227924638333335,0.1814101545347333,0.1569590375062,0.014434641102833335,0.010351358368,0.8398,0.9981,0.9294666666666668
622,14.477333068847656,14.477333068847656,60667500,20140716,TSLA,14.638667106628418,14.477333068847656,0,0.0205484364885,0.021376594102550002,0.7925122213,0.0272516415849,0.135253267658,0.00101976417055,0.00101903733765,0.00101903733315,0.9081,0.9887,0.9484
623,14.359999656677246,14.359999656677246,69741000,20140717,TSLA,14.477333068847656,14.359999656677246,0,0.0004925309643,0.0004927857313,0.1027696902,0.8942740032,0.0004931210498,0.0004926470251,0.0004926566569,0.000492565106,-0.9988,-0.9988,-0.9988
624,14.702667236328123,14.702667236328123,57333000,20140721,TSLA,14.66800022125244,14.702667236328123,1,0.7307849234,0.0006915654113,0.0006919245874,0.207629465,0.0006926846722,0.05812608558,0.0006918610459,0.0006914903394,0.9983,0.9983,0.9983
625,14.638667106628418,14.638667106628418,40950000,20140722,TSLA,14.702667236328123,14.638667106628418,0,0.20066257674090002,0.0008433258174333334,0.6690148326566666,0.0008433056292333333,0.09463443359826668,0.0123993772531,0.0008442363898999999,0.020757911924533332,0.8338,0.9994,0.9359999999999999
626,14.832667350769045,14.832667350769045,46249500,20140723,TSLA,14.638667106628418,14.832667350769045,1,0.02619475119,0.02681223584,0.2206095818,0.000358752041,0.7249484111,0.0003588319373,0.0003587624246,0.0003586736363,0.9984,0.9984,0.9984
627,14.98799991607666,14.98799991607666,97714500,20140728,TSLA,14.904666900634766,14.98799991607666,1,0.8030053068,0.0290148418316,0.00066396202105,0.06689960470235,0.0006642149843499999,0.08049238623999999,0.00066408720095,0.018595596221899997,-0.9833,0.9615,-0.010899999999999965
628,15.000666618347168,15.000666618347168,50736000,20140729,TSLA,14.98799991607666,15.000666618347168,1,0.001958481088,0.001955145236,0.07772249688,0.00195881712,0.001957824326,0.6167491855,0.001956590846,0.295741459,0.7576,0.7576,0.7576
629,15.261333465576172,15.261333465576172,73917000,20140730,TSLA,15.000666618347168,15.261333465576172,1,0.9561385894,0.000635892949,0.000634827405,0.0006354603247,0.0006350535802,0.0006354557683,0.0006355373546,0.04004918321,0.988,0.988,0.988
630,14.886667251586914,14.886667251586914,116236500,20140731,TSLA,15.261333465576172,14.886667251586914,0,0.27744957150300004,0.0008822480727333333,0.0008823464254999999,0.0008815655191666666,0.33926386734430003,0.0565245993778,0.0008815095148666666,0.32323429223899997,0.765,0.9986,0.9112666666666667
631,15.5513334274292,15.5513334274292,178437000,20140801,TSLA,14.886667251586914,15.5513334274292,1,0.2361639311,0.001437799576,0.001438070221,0.001438441931,0.001437827962,0.001437736327,0.001437874695,0.7552083182,0.9186,0.9186,0.9186
632,15.90133285522461,15.90133285522461,89395500,20140804,TSLA,15.5513334274292,15.90133285522461,1,0.05931544173886,0.0017700700272,0.350099378285,0.13478441567938,0.1654017465969,0.15546993987624,0.10494812383328,0.028210862426760002,0.1289,0.9796,0.743975
633,15.899333000183104,15.899333000183104,80829000,20140805,TSLA,15.90133285522461,15.899333000183104,0,0.2284474806872667,0.00083622347485,0.41372312348734996,0.0008362140556,0.16743501812023334,0.022206820663966665,0.019640312114299997,0.14687480739536665,0.7615,0.997,0.9256833333333333
634,16.826000213623047,16.826000213623047,112183500,20140807,TSLA,16.595333099365234,16.826000213623047,1,0.3043957651145,0.0007627283554000001,0.0007634046646,0.0007629446644000001,0.0871060430275,0.079297067092,0.0007631251665,0.5261489219450001,0.9848,0.9938,0.9893000000000001
635,17.33066749572754,17.33066749572754,95734500,20140812,TSLA,17.288000106811523,17.33066749572754,1,0.9950208952,0.0007117873014,0.0007108535171,0.0007117908133,0.0007109780746,0.0007118388536,0.0007110084359,0.0007108477821,0.9827,0.9827,0.9827
636,17.047332763671875,17.047332763671875,45418500,20140820,TSLA,17.117332458496094,17.047332763671875,0,0.8208280596,0.0008076603673,0.0008069799753,0.0008074351211,0.0008075315789,0.0008086195373,0.1743262805,0.0008074332613,0.9993,0.9993,0.9993
637,17.44933319091797,17.44933319091797,57270000,20140826,TSLA,17.503332138061523,17.44933319091797,0,0.3640078052509,0.0007227988162666668,0.027338511785266667,0.03626523763813333,0.36916646536043335,0.0007231484870666667,0.0007237356861333333,0.20105229695750002,0.9708,0.9963,0.9869
638,17.549999237060547,17.549999237060547,44776500,20140827,TSLA,17.44933319091797,17.549999237060547,1,0.48570562263166667,0.0009806499021,0.2852912365347,0.0009815860283,0.020027143196466667,0.11622773332000001,0.0009820056317333334,0.08980402277,-0.9423,0.9996,0.35156666666666664
639,17.590667724609375,17.590667724609375,42673500,20140828,TSLA,17.549999237060547,17.590667724609375,1,0.8474653817,0.0006193353299,0.0006193888301,0.0006195616247,0.0006198074122,0.06766052355,0.0006199495605,0.08177605199,0.9877,0.9877,0.9877
640,18.941333770751957,18.941333770751957,147786000,20140902,TSLA,17.979999542236328,18.941333770751957,1,0.0995582387349,0.0005409944538,0.077632770235,0.26524898025166666,0.22861430804233332,0.0005411253400666666,0.06830860285076666,0.2595549845415,-0.9719,0.9999,0.07269999999999999
641,18.746000289916992,18.746000289916992,101584500,20140903,TSLA,18.941333770751957,18.746000289916992,0,0.03005366735,0.001376276777,0.001376429664,0.001375266866,0.001375669997,0.2572547266,0.05224160237,0.6549463603,-0.3007,-0.3007,-0.3007
642,19.06933212280273,19.06933212280273,125125500,20140904,TSLA,18.746000289916992,19.06933212280273,1,0.020835548689999997,0.0009846901262,0.0009842186449,0.0009846851862,0.0009841861049,0.062913850765,0.105144402605,0.8071684179,-0.6369,0.9921,0.17759999999999998
643,18.49266624450684,18.49266624450684,167548500,20140905,TSLA,19.06933212280273,18.49266624450684,0,0.125460689,0.2013856576,0.001955045066,0.001955795621,0.001954765359,0.001955473289,0.06998771625,0.5953448579,0.7783,0.7783,0.7783
644,18.80733299255371,18.80733299255371,82524000,20140908,TSLA,18.49266624450684,18.80733299255371,1,0.019763353006033334,0.06040591173333334,0.0001370183198,0.5591459913,0.00013703818593333332,0.01960352275,0.3302404808266667,0.0105666362487,0.9877,0.9999,0.9938
645,18.565332412719727,18.565332412719727,68382000,20140909,TSLA,18.80733299255371,18.565332412719727,0,0.5066340831,0.0005086527681,0.0005091780265,0.0005088620863,0.1259600782,0.3648616817,0.0005086839575,0.0005087801607,0.999,0.999,0.999
646,18.739999771118164,18.739999771118164,56719500,20140910,TSLA,18.565332412719727,18.739999771118164,1,0.0591948487,0.0005933719456,0.4005059781,0.0278646397,0.5100611513,0.0005930574887,0.0005935956866,0.0005933569997,0.9894,0.9894,0.9894
647,18.687332153320312,18.687332153320312,56491500,20140911,TSLA,18.739999771118164,18.687332153320312,0,0.0007080879372,0.0007067421107,0.9950472279,0.0007074394669,0.0007069480871,0.0007082183217,0.0007067714165,0.0007085647894,0.9356,0.9356,0.9356
648,18.61333274841309,18.61333274841309,49869000,20140912,TSLA,18.687332153320312,18.61333274841309,0,0.4772812168,0.0003909889624,0.0003908837905,0.0768928494,0.1894282054,0.2548334128,0.0003911663766,0.0003912764634,-0.4778,-0.4778,-0.4778
649,16.923999786376953,16.923999786376953,246831000,20140915,TSLA,18.61333274841309,16.923999786376953,0,0.36430194624,0.024898256514999998,0.0005728334453,0.0260503328428,0.018905319191849998,0.000573192643,0.0005724193668,0.5641256997999999,0.9954,0.9978,0.9965999999999999
650,17.382667541503906,17.382667541503906,124501500,20140916,TSLA,16.923999786376953,17.382667541503906,1,0.1815027930907,0.032866175907100004,0.70264372399,0.0077181530376,0.03730422189075,0.030432250151775,0.00658648075565,0.0009462011904,-0.7096,0.9997,0.5018
651,17.42533302307129,17.42533302307129,77665500,20140917,TSLA,17.382667541503906,17.42533302307129,1,0.0019953339660499997,0.0306057746075,0.21869756775149998,0.580727606330325,0.05982408921495,0.01959940155025,0.071642370879475,0.01690787808055,-0.9932,0.9899,-0.0016499999999999848
652,17.58799934387207,17.58799934387207,55389000,20140918,TSLA,17.42533302307129,17.58799934387207,1,0.0002859397056,0.0002855845939,0.5567697266,0.0002858125516,0.4311169029,0.0002857240814,0.0002857183225,0.01068459124,0.9959,0.9959,0.9959
653,17.288000106811523,17.288000106811523,102163500,20140919,TSLA,17.58799934387207,17.288000106811523,0,0.0580369054055,0.05016541292945,0.5295226883,0.0007046066678499999,0.35945711810000003,0.0007046665295,0.0007042220103499999,0.00070438009135,0.3455,0.9883,0.6668999999999999
654,16.66866683959961,16.66866683959961,123211500,20140922,TSLA,17.288000106811523,16.66866683959961,0,0.09503572336,0.02783336404,0.4935140491,0.001740592157,0.2107170154,0.16768146,0.00173961638,0.001738179597,0.799,0.799,0.799
655,16.694000244140625,16.694000244140625,84880500,20140923,TSLA,16.66866683959961,16.694000244140625,1,0.4365079896515,0.00092587817595,0.4969238312317,0.00092611359505,0.018167550834499998,0.0446968208515,0.00092587850875,0.0009259371103,0.8957,0.9729,0.9343
656,16.80933380126953,16.80933380126953,56242500,20140924,TSLA,16.694000244140625,16.80933380126953,1,0.29002673848666666,0.0009373357836666667,0.08355558200716667,0.1470432605988,0.39423435186666667,0.04243145287466666,0.0009374594748,0.040833818907666665,0.9821,0.9949,0.9904333333333333
657,16.463333129882812,16.463333129882812,72513000,20140925,TSLA,16.80933380126953,16.463333129882812,0,0.00072415778985,0.00072401970825,0.47005186989275,0.02905793741825,0.25555326999954997,0.0604829955111,0.0500242939005,0.13338145579535,0.9117,0.9929,0.9522999999999999
658,16.178667068481445,16.178667068481445,63574500,20140930,TSLA,16.35066795349121,16.178667068481445,0,0.002157391242,0.002158285072,0.207896073,0.002163647703,0.5313916979,0.2499143418,0.002159197819,0.00215936545,0.4696,0.4696,0.4696
659,16.016000747680664,16.016000747680664,89125500,20141001,TSLA,16.178667068481445,16.016000747680664,0,0.0115315929378,0.0005955913368,0.52736544165,0.00059576743705,0.4581228905,0.00059561071655,0.00059733532315,0.0005957701301,0.9748,0.9987,0.98675
660,16.761333465576172,16.761333465576172,134973000,20141002,TSLA,16.016000747680664,16.761333465576172,1,0.24764536343632498,0.0011936828022000002,0.01923838491365,0.001193725430625,0.21601310045924998,0.262791455501925,0.00119338346935,0.2507309039831,-0.1186,0.9994,0.5089
661,17.013999938964844,17.013999938964844,81094500,20141003,TSLA,16.761333465576172,17.013999938964844,1,0.24111238775,0.0006195024214999999,0.000620288439,0.50439931405,0.0006208343709999999,0.0958870615,0.08961238244849999,0.06712823144999999,-0.8408,0.9998,0.07950000000000002
662,17.374666213989258,17.374666213989258,115699500,20141006,TSLA,17.013999938964844,17.374666213989258,1,0.0008077531893,0.0008074045274,0.087207138,0.5416318792,0.2587321284,0.0008091163365,0.0008071210208,0.1091974593,-0.9319,-0.9319,-0.9319
663,17.134000778198242,17.134000778198242,110419500,20141009,TSLA,17.28533363342285,17.134000778198242,0,0.03768749623583333,0.0012188289820666666,0.0012200017298999999,0.0484347846979,0.260735518,0.1878498973966667,0.0012191037747666666,0.4616343692,0.9222,0.9717,0.9500666666666667
664,15.793999671936035,15.793999671936035,193324500,20141010,TSLA,17.134000778198242,15.793999671936035,0,0.037302221130839995,0.01277358049642,0.06562754357362,0.0034615398452999997,0.09879235487814,0.0628982372518,0.00122493720628,0.71791958562,-0.4186,0.9988,0.70472
665,14.97266674041748,14.97266674041748,169030500,20141013,TSLA,15.793999671936035,14.97266674041748,0,0.1062864202,5.64e-05,5.64e-05,0.6989280004,5.64e-05,5.64e-05,0.194503623,5.64e-05,1.0,1.0,1.0
666,15.137332916259766,15.137332916259766,106579500,20141014,TSLA,14.97266674041748,15.137332916259766,1,0.7778113996,0.0006015414745,0.0006022697127,0.0006019693591,0.168473371,0.03485076442,0.0006014980613,0.01645718643,0.9979,0.9979,0.9979
667,15.313332557678224,15.313332557678224,137209500,20141015,TSLA,15.137332916259766,15.313332557678224,1,0.4318763532,0.0007431038350000001,0.000743058714,0.13193161664685,0.084739550705,0.23456866767595,0.00074292275915,0.11465472643499999,0.9972,0.9981,0.9976499999999999
668,15.165332794189451,15.165332794189451,158241000,20141017,TSLA,15.09000015258789,15.165332794189451,1,0.0004654762203,0.05415221693,0.0004651373889,0.0004654698061,0.2588216461,0.1712768456,0.0004651156668,0.5138880923,0.8121,0.8121,0.8121
669,16.184667587280273,16.184667587280273,157744500,20141028,TSLA,14.777999877929688,16.184667587280273,1,0.0008832082337666666,0.008419849348666667,0.8940570352666667,0.016800314865966667,0.07718908369266667,0.0008834647448999999,0.0008841642103,0.0008828796224999999,-0.9905,0.3071,-0.34113333333333334
670,15.873332977294922,15.873332977294922,74437500,20141029,TSLA,16.184667587280273,15.873332977294922,0,0.0006978391244666667,0.017890517530766665,0.9541642026,0.0006978175379666668,0.0006978481848333333,0.007249148455733333,0.017904781308233333,0.0006978452232999999,-0.95,0.714,-0.2929333333333333
671,16.113332748413086,16.113332748413086,56629500,20141031,TSLA,15.910667419433594,16.113332748413086,1,0.04173544098,0.0005569118754,0.7952437298,0.03822835552,0.1225659633,0.0005568254431,0.0005564323175,0.0005563407651,-0.8476,-0.8476,-0.8476
672,16.172666549682617,16.172666549682617,63057000,20141103,TSLA,16.113332748413086,16.172666549682617,1,0.02247949208,6.12e-05,0.02288414812,0.7247504117,0.05861970151,0.009409093462,0.1617347179,6.12e-05,0.9999,0.9999,0.9999
673,15.39799976348877,15.39799976348877,135688500,20141105,TSLA,15.928667068481444,15.39799976348877,0,0.014402890079,0.00135571183215,0.199848787505,0.0013553669910499999,0.2877484652015,0.0013574679104,0.0013552939552,0.492576016486,0.6374,0.9935,0.81545
674,16.08133316040039,16.08133316040039,230320500,20141106,TSLA,15.39799976348877,16.08133316040039,1,0.1979403572,0.2790315494,0.001264554354,0.001264906408,0.001265518536,0.358800932,0.001264310087,0.159167872,-0.9321,-0.9321,-0.9321
675,16.738666534423828,16.738666534423828,119232000,20141111,TSLA,16.1286678314209,16.738666534423828,1,0.1610290289,0.001303463912,0.001303712518,0.05209781759,0.001304166372,0.245862023,0.001303770955,0.5357960167,0.9898,0.9898,0.9898
676,16.447999954223633,16.447999954223633,71845500,20141124,TSLA,16.185333251953125,16.447999954223633,1,0.05987328338,0.0009000322444,0.06664657425,0.0009004828399,0.7388914864,0.1114103399,0.0008999576254,0.02047784333,0.9972,0.9972,0.9972
677,16.53933334350586,16.53933334350586,47397000,20141125,TSLA,16.447999954223633,16.53933334350586,1,0.0005707141745333334,0.0005700452966666667,0.48244153726666666,0.0005702942605666667,0.5141371433,0.0005700529732666666,0.0005698670727,0.0005703456499,0.9627,0.9929,0.9818000000000001
678,15.428667068481444,15.428667068481444,88305000,20141202,TSLA,15.442667007446287,15.428667068481444,0,0.06858142384,0.002018093362,0.002018364477,0.04480776137,0.6150431588,0.2415735059,0.02393784892,0.002019843344,0.9672,0.9672,0.9672
679,15.286666870117188,15.286666870117188,79615500,20141203,TSLA,15.428667068481444,15.286666870117188,0,0.02911502050905,0.0079696368786,0.28482916297345,0.01395203235985,0.44442515574999997,0.19552177056715,0.0161537649576,0.0080334560033,0.9302,0.9989,0.96455
680,15.218667030334473,15.218667030334473,57834000,20141204,TSLA,15.286666870117188,15.218667030334473,0,0.0003973960246,0.0003971768772,0.9450820484,0.000397320858,0.05253431293,0.0003971662007,0.0003971864198,0.0003973922724,-0.965,-0.965,-0.965
681,14.913999557495115,14.913999557495115,90954000,20141205,TSLA,15.218667030334473,14.913999557495115,0,0.00055281947305,0.0113702810542,0.78801368655,0.014083278590400001,0.1843211669,0.00055285000055,0.0005531847527,0.00055273270105,0.9927,0.9959,0.9943
682,14.290666580200195,14.290666580200195,138384000,20141208,TSLA,14.913999557495115,14.290666580200195,0,0.1738367623,0.000212106733,0.0002120666638,0.02969149549,0.4150572022,0.3631043638,0.0002121262369,0.01767387661,0.9993,0.9993,0.9993
683,14.459333419799805,14.459333419799805,141472500,20141209,TSLA,14.290666580200195,14.459333419799805,1,0.008913633361849999,0.00064749561655,0.936411124,0.0006477233657,0.009717729557250001,0.04236694712795,0.0006474472238,0.0006478997341500001,-0.6808,0.9612,0.14020000000000005
684,13.989333152770996,13.989333152770996,109711500,20141210,TSLA,14.459333419799805,13.989333152770996,0,0.000523687757,0.0005238707161,0.08259185841,0.1086079863,0.8061812515,0.0005237504253,0.0005239567719,0.0005236381162,,,
685,13.925333023071287,13.925333023071287,100416000,20141211,TSLA,13.989333152770996,13.925333023071287,0,0.02904900121,0.001737479233,0.9605249917,0.001737272606,0.00173730852,0.00173970785,0.001737557587,0.001736681271,0.8625,0.8625,0.8625
686,13.721332550048828,13.721332550048828,110517000,20141217,TSLA,13.187333106994627,13.721332550048828,1,0.0004557363056,0.0004550396918,0.8543409189,0.0004551856679,0.1429274132,0.0004553599302,0.0004550392273,0.0004553070583,-0.9792,-0.9792,-0.9792
687,14.550666809082031,14.550666809082031,112249500,20141218,TSLA,13.721332550048828,14.550666809082031,1,0.00115852854,0.001158204765,0.9918889459,0.001159020111,0.001158589114,0.001159658859,0.001158617781,0.001158434942,-0.9761,-0.9761,-0.9761
688,15.047332763671877,15.047332763671877,42037500,20141229,TSLA,15.187999725341797,15.047332763671877,0,0.03738227884,9.05e-05,9.08e-05,0.2107878545,0.7123789904,0.03908836966,9.06e-05,9.06e-05,,,
689,14.815333366394045,14.815333366394045,43548000,20141230,TSLA,15.047332763671877,14.815333366394045,0,0.00047320091904999996,0.00047312160339999995,0.211285459825,0.56476481795,0.1869032670192,0.0186514543517,0.00047300410465,0.016975674263,-0.9984,-0.743,-0.8707
690,14.827333450317385,14.827333450317385,34462500,20141231,TSLA,14.815333366394045,14.827333450317385,1,0.039367227137,0.0006343267645,0.3605192314,0.54343662085,0.029379681015,0.00248318775,0.013131981054,0.011047755034999999,0.9168,0.9978,0.9573
691,14.620667457580566,14.620667457580566,71466000,20150102,TSLA,14.827333450317385,14.620667457580566,0,0.162920523,0.001737920949,0.00173977261,0.1476149881,0.05751425715,0.5758400006,0.001737830791,0.05089470676,0.892,0.892,0.892
692,14.005999565124512,14.005999565124512,80527500,20150105,TSLA,14.620667457580566,14.005999565124512,0,0.07570035554725,0.10158958969149999,0.6836595249191,0.08116991494315,0.0207505287428,0.029020040505449998,0.000566137117375,0.007543908523375,0.9169,0.9991,0.972525
693,14.085332870483398,14.085332870483398,93928500,20150106,TSLA,14.005999565124512,14.085332870483398,1,0.020230113876433333,0.0005599872887333333,0.7287911254333332,0.025513531421,0.12942416637356666,0.071761848635,0.0005596882008666666,0.023159538754166667,0.9865,0.9969,0.9914333333333333
694,14.063332557678224,14.063332557678224,44526000,20150107,TSLA,14.085332870483398,14.063332557678224,0,0.0012072855114,0.0012074630925666666,0.9915472036333334,0.0012072198820333334,0.0012074311275333332,0.0012089754198666665,0.0012071584651,0.0012072628540999999,-0.0258,0.9041,0.5934666666666667
695,13.77733325958252,13.77733325958252,70024500,20150109,TSLA,14.041333198547363,13.77733325958252,0,0.026436195085,0.00040063090935,0.6817536043,0.00040061647555,0.2297480279,0.052459218565,0.0084010063214,0.0004007004589,0.9927,0.9964,0.99455
696,13.480667114257812,13.480667114257812,89254500,20150112,TSLA,13.77733325958252,13.480667114257812,0,0.000927932502775,0.0009276063418,0.306096784802525,0.2614140287882,0.215445419246875,0.0009285141066249999,0.000927692537225,0.21333202166664997,0.3291,0.989,0.7681333333333332
697,13.616666793823242,13.616666793823242,67159500,20150113,TSLA,13.480667114257812,13.616666793823242,1,0.1438858535,0.0010982889312,0.20432637933195,0.007098304263,0.30421573555000003,0.32318272765,0.0010976070471,0.015095103792,0.8807,0.9739,0.9273
698,12.791333198547363,12.791333198547363,78247500,20150115,TSLA,12.845999717712402,12.791333198547363,0,0.133507656426,0.0017948298406666667,0.06568909775333333,0.0017945360629999998,0.48184998996666667,0.2530293509466667,0.0017952758173333334,0.06053926320766667,0.765,0.9438,0.8405999999999999
699,12.871333122253418,12.871333122253418,54048000,20150116,TSLA,12.791333198547363,12.871333122253418,1,0.001787126543,0.001786656593,0.9046401663,0.001788521367,0.08463140518,0.001791226516,0.001787748147,0.001787149309,-0.8555,-0.8555,-0.8555
700,12.795332908630373,12.795332908630373,67548000,20150120,TSLA,12.871333122253418,12.795332908630373,0,0.16662710646476667,0.0007292798836666666,0.3632081788633333,0.0007291219912000001,0.36010724816666667,0.054360754879233336,0.0007291193746000001,0.05350919040493333,0.9683,0.9897,0.9822333333333333
701,13.104666709899902,13.104666709899902,62295000,20150121,TSLA,12.795332908630373,13.104666709899902,1,0.17763159820000002,0.044606409901425004,0.031352113475,0.4937940142516,0.12770134696750002,0.026080595146250003,0.0986751169109,0.00015876461515,0.9908,1.0,0.9963333333333333
702,13.419333457946776,13.419333457946776,51579000,20150123,TSLA,13.441332817077637,13.419333457946776,0,0.001896754864,0.07591708367,0.912702482,0.001896324941,0.001895701245,0.001898187946,0.001896354432,0.001897110931,0.9623,0.9623,0.9623
703,13.770000457763672,13.770000457763672,48517500,20150126,TSLA,13.419333457946776,13.770000457763672,1,0.00093878421035,0.0009394508632,0.9934287848500001,0.0009386209624499999,0.0009386609,0.0009384763763,0.0009388694227000001,0.00093835239625,0.9284,0.9946,0.9615
704,13.732000350952148,13.732000350952148,41715000,20150127,TSLA,13.770000457763672,13.732000350952148,0,0.001180874909,0.001180816581,0.001179961623,0.07581761275,0.04644560833,0.05790871067,0.001181653883,0.8151047613,-0.504,-0.504,-0.504
705,13.291333198547363,13.291333198547363,47244000,20150128,TSLA,13.732000350952148,13.291333198547363,0,0.0007231226047,0.0007227913209,0.99493774,0.0007232242335,0.0007233315568,0.00072404447,0.0007228599268,0.0007228858602,0.958,0.958,0.958
706,13.57333278656006,13.57333278656006,45105000,20150130,TSLA,13.68000030517578,13.57333278656006,0,0.1954287269,6.45e-05,6.45e-05,0.6599814929,6.45e-05,6.45e-05,0.1442672798,6.46e-05,1.0,1.0,1.0
707,14.56999969482422,14.56999969482422,49581000,20150204,TSLA,14.557332992553713,14.56999969482422,1,0.0007402742797,0.0007402728139,0.9948165282,0.0007403595141,0.0007403172609,0.000740792827,0.0007405347348,0.0007409203657,0.9571,0.9571,0.9571
708,14.490667343139648,14.490667343139648,48658500,20150206,TSLA,14.732666969299316,14.490667343139648,0,0.000433260199,0.01359413397,0.6148984168,0.0004336063109,0.3422726433,0.02750157313,0.0004331878486,0.0004331784779,0.9915,0.9915,0.9915
709,14.498666763305664,14.498666763305664,52086000,20150209,TSLA,14.490667343139648,14.498666763305664,1,0.090648538904925,0.00069642468265,0.327240392244225,0.06283676604465,0.11328798909465,0.12849629707845,0.029377305663550003,0.247416286311825,0.8266,0.9975,0.9400000000000001
710,14.419333457946776,14.419333457946776,80857500,20150210,TSLA,14.498666763305664,14.419333457946776,0,0.019666341895724998,0.000478983906525,0.45542058346000003,0.387239466039825,0.09723940685669999,0.027217597154125,0.012258621831375,0.00047900733032500004,-0.9986,0.9999,0.437925
711,14.186667442321776,14.186667442321776,146536500,20150211,TSLA,14.419333457946776,14.186667442321776,0,0.06909400780632499,0.00552095321895,0.6538670332755,0.152352214095525,0.09475444208995,0.0005902817538999999,0.023231035584924998,0.0005900201810999999,0.9184,0.9999,0.968925
712,13.525333404541016,13.525333404541016,234744000,20150212,TSLA,14.186667442321776,13.525333404541016,0,0.001475928129,0.0014756848145,0.0014740894705000001,0.0014739925785,0.001473719331,0.001476902487,0.0434784512685,0.94767123195,0.8314,0.9493,0.89035
713,13.584667205810549,13.584667205810549,92865000,20150213,TSLA,13.525333404541016,13.584667205810549,1,0.2033479157,0.0004288773219,0.0004286147486,0.04010671609,0.7544015856,0.0004287612955,0.0004289840687,0.000428545184,0.9941,0.9941,0.9941
714,13.623332977294922,13.623332977294922,59694000,20150217,TSLA,13.584667205810549,13.623332977294922,1,0.1443204955,0.0009198104651,0.0009196201894,0.000920467803,0.0412370715,0.0009203440658,0.0009199678099,0.8098422227,0.8775,0.8775,0.8775
715,13.630666732788086,13.630666732788086,40704000,20150218,TSLA,13.623332977294922,13.630666732788086,1,0.014362399045666668,0.0003914688406666666,0.3353713488073333,0.52591991328,0.027128693954,0.00039152627300000005,0.09604308441666666,0.00039153709000000004,0.891,0.9999,0.94545
716,14.473999977111816,14.473999977111816,89731500,20150220,TSLA,14.11400032043457,14.473999977111816,1,0.03563658739,0.06275774787,6.79e-05,0.7538256849,0.001235057022,6.8e-05,0.1273593641,0.01904964228,1.0,1.0,1.0
717,13.822667121887209,13.822667121887209,127497000,20150223,TSLA,14.473999977111816,13.822667121887209,0,0.0007864576755999999,0.000786811261,0.2908520753,0.0007863788378999999,0.69709440345,0.0081210929145,0.00078649429875,0.0007862862355499999,,,
718,13.607333183288574,13.607333183288574,99054000,20150224,TSLA,13.822667121887209,13.607333183288574,0,0.001052151234,0.00105165174,0.001050859438,0.001051027762,0.00105119286,0.001051306768,0.001051521249,0.992640289,0.9922,0.9922,0.9922
719,13.812666893005373,13.812666893005373,97093500,20150226,TSLA,13.583999633789062,13.812666893005373,1,0.00149082397,0.001490064473,0.0448206779,0.001489001741,0.6799443484,0.001491658044,0.001489129101,0.2677842963,0.8604,0.8604,0.8604
720,13.555999755859377,13.555999755859377,58231500,20150227,TSLA,13.812666893005373,13.555999755859377,0,0.027199033419499998,0.026493371456,0.41801792661085,0.0009022476097,0.36869808605,0.1277906178035,0.00090222042845,0.02999649657,-0.7371,0.9697,0.11630000000000001
721,13.155332565307615,13.155332565307615,118831500,20150302,TSLA,13.555999755859377,13.155332565307615,0,0.02237913169865,0.00090098779705,0.47415355650535,0.00090123921785,0.0009014002391,0.0009018483891999999,0.0009006594795,0.49896117665449996,-0.9867,0.2144,-0.38615
722,13.496000289916992,13.496000289916992,63330000,20150304,TSLA,13.303999900817873,13.496000289916992,1,0.1973369327,0.0005613151061,0.0005611269738,0.0005618457662,0.6244226453,0.1392547733,0.03673920144,0.0005621593872,,,
723,12.925333023071287,12.925333023071287,100686000,20150306,TSLA,13.375332832336426,12.925333023071287,0,0.07274627529,0.00031969313744999997,0.00031962047900000004,0.538427267,0.22760253719999998,0.1230872612,0.0223089114798,0.015188470685,0.9999,0.9999,0.9999
724,12.687999725341797,12.687999725341797,83695500,20150310,TSLA,12.725333213806152,12.687999725341797,0,0.0004331735283,0.0004328745047,0.3406317419,0.0004328736535,0.6567702255,0.0004329625482,0.0004330578704,0.0004330905479,0.9979,0.9979,0.9979
725,12.916000366210938,12.916000366210938,74623500,20150311,TSLA,12.687999725341797,12.916000366210938,1,0.0008624503891,0.0008624828349,0.9939622081,0.0008626295167,0.0008629820664,0.0008622803864,0.0008626329555,0.0008623337215,0.9379,0.9379,0.9379
726,12.57866668701172,12.57866668701172,81514500,20150313,TSLA,12.73799991607666,12.57866668701172,0,0.00054282324645,0.000542831095,0.6436015363500001,0.00054281723775,0.34495983025,0.0005426799731,0.00054264279105,0.008724839044799999,0.6249,0.998,0.81145
727,13.046667098999023,13.046667098999023,84432000,20150316,TSLA,12.57866668701172,13.046667098999023,1,0.25118565226899997,0.0010456832065,0.047417659950500006,0.0496766580865,0.12133722527850001,0.048175885035000005,0.0010450213137499999,0.48011621487055,-0.7906,0.9011,0.05525000000000002
728,12.982000350952148,12.982000350952148,73411500,20150317,TSLA,13.046667098999023,12.982000350952148,0,0.06001888931,0.002360710865,0.002360086135,0.002361933179,0.002362801342,0.1650837237,0.002368244324,0.7630836111,0.8336,0.8336,0.8336
729,13.043333053588867,13.043333053588867,127128000,20150319,TSLA,13.380666732788086,13.043333053588867,0,0.001203131072,0.001202984748,0.00120375203,0.001202469216,0.001203025495,0.06453388993,0.00120266459,0.9282480829,-0.7316,-0.7316,-0.7316
730,13.20533275604248,13.20533275604248,64042500,20150320,TSLA,13.043333053588867,13.20533275604248,1,0.1255256738,0.001438268062,0.001437494048,0.1407997662,0.001438504484,0.001439473661,0.001437801341,0.7264830184,0.9287,0.9287,0.9287
731,13.447999954223633,13.447999954223633,54748500,20150324,TSLA,13.308667182922363,13.447999954223633,1,0.001884131802,0.001883958697,0.0018829934995,0.2606476782865,0.0018837364875,0.0018844735974999998,0.06610390394450001,0.6638291237,-0.925,-0.9232,-0.9241
732,12.953332901000977,12.953332901000977,85956000,20150325,TSLA,13.447999954223633,12.953332901000977,0,0.001957829607,0.001955699984,0.001954381029,0.001956641851,0.4172775682,0.5709857971,0.001957058925,0.001955023302,-0.7977,-0.7977,-0.7977
733,12.694000244140623,12.694000244140623,61920000,20150326,TSLA,12.953332901000977,12.694000244140623,0,0.00120215494595,0.00120132313825,0.43074485100000004,0.463276835056,0.09996922282215001,0.0012018872353999998,0.00120103406795,0.00120269172355,-0.9871,0.8777,-0.05469999999999997
734,12.333333015441896,12.333333015441896,129073500,20150327,TSLA,12.694000244140623,12.333333015441896,0,0.0008461212201,0.000845729831,0.0008458971194,0.9018127737,0.0008456593781,0.09311243525,0.0008454729243,0.0008459105534,-0.946,-0.946,-0.946
735,12.704667091369627,12.704667091369627,151342500,20150330,TSLA,12.333333015441896,12.704667091369627,1,0.001647965135,0.001649091405,0.001646072646,0.001646522853,0.001646624892,0.2188100264,0.001647145081,0.7713065516,0.9007,0.9007,0.9007
736,12.584667205810549,12.584667205810549,75399000,20150331,TSLA,12.704667091369627,12.584667205810549,0,0.1866022365,0.01208943403,0.0005797291307,0.0005794519951,0.02320093137,0.046588541,0.000579375946,0.7297803001,0.992,0.992,0.992
737,12.733332633972168,12.733332633972168,75156000,20150402,TSLA,12.505999565124512,12.733332633972168,1,0.05502007839,0.0006259134222,0.3902788229,0.0006256199531,0.5515727859,0.0006255695291,0.0006256291778,0.0006255807482,0.9707,0.9707,0.9707
738,13.550000190734863,13.550000190734863,65218500,20150407,TSLA,13.539999961853027,13.550000190734863,1,0.00117784916705,0.0011780700227000001,0.5820758555000001,0.0011783257118,0.40056903825,0.0011778928167999999,0.0011778261284000001,0.011465142457499999,0.926,0.9816,0.9538
739,13.844667434692385,13.844667434692385,94546500,20150408,TSLA,13.550000190734863,13.844667434692385,1,0.001814101918,0.001816773939,0.001815444725,0.001818948739,0.001814185963,0.05605322352,0.001820242403,0.9330470788,0.8176,0.8176,0.8176
740,14.005999565124512,14.005999565124512,57003000,20150409,TSLA,13.844667434692385,14.005999565124512,1,0.1264213438,0.001471986133,0.001472787278,0.001473811124,0.1070359638,0.001472501396,0.001472772715,0.7591788337,-0.8555,-0.8555,-0.8555
741,14.0600004196167,14.0600004196167,61015500,20150410,TSLA,14.005999565124512,14.0600004196167,1,0.0008259514943,0.0008256065949666666,0.7473148526000001,0.0008257388165333334,0.23233782322193333,0.0023378381033333333,0.014706366192599999,0.0008258229636,0.7469,0.9951,0.8768333333333334
742,13.985333442687988,13.985333442687988,56373000,20150413,TSLA,14.0600004196167,13.985333442687988,0,0.11598994984223333,0.0007814050839,0.5289070314016667,0.03019929900743333,0.25975471683,0.05544999192,0.008135848273066668,0.0007817576232333334,0.9605,0.9963,0.9842666666666666
743,13.830666542053224,13.830666542053224,45390000,20150414,TSLA,13.985333442687988,13.830666542053224,0,0.0006075155124,0.0006073524571,0.853974491,0.0006073227385,0.1104583009,0.03253009279,0.0006074336846,0.0006074909197,0.9898,0.9898,0.9898
744,13.85533332824707,13.85533332824707,29286000,20150415,TSLA,13.830666542053224,13.85533332824707,1,0.001018091578,0.00101791272,0.7778760916,0.09848633795,0.001018352173,0.1185486764,0.001017114756,0.001017422891,0.981,0.981,0.981
745,13.78600025177002,13.78600025177002,37048500,20150417,TSLA,13.779999732971191,13.78600025177002,1,0.0017072812687499998,0.00170501702065,0.7700077063499999,0.1021477289426,0.014376590148000001,0.10664254574245,0.00170618875935,0.00170694177745,0.8381,0.9322,0.88515
746,14.629332542419434,14.629332542419434,117945000,20150422,TSLA,13.96066665649414,14.629332542419434,1,0.0004986513766,0.0004984368151,0.0004987590986,0.0004990646481,0.006213065017,0.0004983780731,0.0004984523378,0.9907951926,0.7946,0.7946,0.7946
747,15.436667442321776,15.436667442321776,175089000,20150427,TSLA,14.562000274658203,15.436667442321776,1,0.001471561363,0.001471641231,0.9896968558,0.001472087693,0.001471759137,0.001472882112,0.001471754847,0.001471457836,-0.2285,-0.2285,-0.2285
748,15.36533260345459,15.36533260345459,91281000,20150428,TSLA,15.436667442321776,15.36533260345459,0,0.0007677227063,0.0007678879344,0.994626215,0.0007677612958,0.0007676883989,0.0007679023328,0.0007672688718,0.0007675534234,0.6652,0.6652,0.6652
749,15.49666690826416,15.49666690826416,59041500,20150429,TSLA,15.36533260345459,15.49666690826416,1,0.001117178123,0.001117490896,0.9921788695,0.001117734253,0.001117467996,0.001116957233,0.001117299085,0.00111700289,0.0083,0.0083,0.0083
750,15.06999969482422,15.06999969482422,58678500,20150430,TSLA,15.49666690826416,15.06999969482422,0,0.0009451308512,0.0243214157821,0.7950998386,0.00094599437045,0.175847924632,0.0009456539697999999,0.0009452245864,0.00094881721195,0.1884,0.8301,0.50925
751,15.0686674118042,15.0686674118042,79225500,20150501,TSLA,15.06999969482422,15.0686674118042,0,0.11271576324400001,0.010810465862999998,0.33202594798493335,0.0014767826979,0.0014764731120666668,0.0014775454365000002,0.0014762311932,0.5385407904576667,-0.2263,0.9967,0.5588666666666667
752,15.36733341217041,15.36733341217041,66519000,20150504,TSLA,15.0686674118042,15.36733341217041,1,0.07746533588,0.0009776237508,0.6114478908,0.000978558845,0.2424399076,0.06473523178,0.0009780222519,0.000977429095,,,
753,15.362000465393066,15.362000465393066,79063500,20150506,TSLA,15.529999732971191,15.362000465393066,0,0.0006839738763000001,0.0006840263936666666,0.33197042564396667,0.33233948852313333,0.0006845512511333335,0.000683888423,0.0006839499414,0.3322696959643667,-0.9977,0.9688,0.3035333333333333
754,15.786666870117188,15.786666870117188,141838500,20150507,TSLA,15.362000465393066,15.786666870117188,1,0.1679291171668,0.0974438608899,0.49833683706,0.00106010623065,0.00106035507135,0.0010596045491,0.0010596858199,0.23205043324879998,0.8979,0.9162,0.90705
755,16.589332580566406,16.589332580566406,67914000,20150515,TSLA,16.273332595825195,16.589332580566406,1,0.002157181702,0.002157334177,0.3372498266,0.002158275892,0.6498042721,0.00215854251,0.002157647162,0.00215691984,0.9631,0.9631,0.9631
756,16.47599983215332,16.47599983215332,55113000,20150519,TSLA,16.583332061767578,16.47599983215332,0,0.0003372502287,0.0003371679309,0.2324181847,0.0003373411735,0.7655582219,0.0003372774069,0.0003373671865,0.0003371894952,0.9946,0.9946,0.9946
757,16.374666213989258,16.374666213989258,29559000,20150521,TSLA,16.290000915527344,16.374666213989258,1,0.08036657774,0.0009363436190499999,0.4962562699453,0.0757140335295,0.335647001347,0.0009365389583000001,0.0009362843529500001,0.0092069505395,0.2942,0.9994,0.6468
758,16.51533317565918,16.51533317565918,33346500,20150522,TSLA,16.374666213989258,16.51533317565918,1,0.001017647409,0.001017176505,0.9011557453,0.001017795524,0.001018363593,0.06219521768,0.001017261361,0.03156079264,0.9746,0.9746,0.9746
759,16.497333526611328,16.497333526611328,52480500,20150526,TSLA,16.51533317565918,16.497333526611328,0,0.0009559273328,0.1900883727,0.8041788982,0.0009557684649,0.0009555002393,0.0009555427054,0.0009548020986,0.000955188272,0.98,0.98,0.98
760,16.495332717895508,16.495332717895508,51123000,20150527,TSLA,16.497333526611328,16.495332717895508,0,0.6777822455,0.000347028447,0.0003466308838,0.07039168492,0.0003466809379,0.0003467779313,0.111193073,0.1392458784,0.999,0.999,0.999
761,16.719999313354492,16.719999313354492,56839500,20150529,TSLA,16.76333236694336,16.719999313354492,0,0.0009267922956,0.0009270705204,0.8938064057,0.0009270116622,0.1006305108,0.000927291075,0.0009272708948,0.0009276471262,0.8945,0.8945,0.8945
762,16.6299991607666,16.6299991607666,37576500,20150601,TSLA,16.719999313354492,16.6299991607666,0,0.001421482667,0.001422434162,0.990049261,0.001421163478,0.001421797853,0.001421151406,0.001420991424,0.001421718006,0.765,0.765,0.765
763,16.55666732788086,16.55666732788086,32022000,20150602,TSLA,16.6299991607666,16.55666732788086,0,0.001305331365,0.1182878584,0.8738864454,0.00130420583,0.001304103576,0.001305062141,0.001303192354,0.001303800928,0.7906,0.7906,0.7906
764,16.609333038330078,16.609333038330078,45330000,20150605,TSLA,16.39466667175293,16.609333038330078,1,0.199291165,0.0006256081472,0.3233782125,0.0006254666458,0.301717119,0.1504631723,0.0006254093487,0.02327384705,0.9596,0.9596,0.9596
765,16.713333129882812,16.713333129882812,51817500,20150610,TSLA,17.066667556762695,16.713333129882812,0,0.0005069881291,0.0005066593801,0.2083991501,0.0005067796054,0.7885594038,0.0005068700679,0.0005073010531,0.0005068478409,0.8624,0.8624,0.8624
766,16.76066780090332,16.76066780090332,30661500,20150611,TSLA,16.713333129882812,16.76066780090332,1,0.0009410216742,0.0009412309211,0.993409865,0.00094310001,0.0009409568861,0.0009408295001,0.0009425700201,0.0009404260159,-0.853,-0.853,-0.853
767,16.71266746520996,16.71266746520996,21334500,20150612,TSLA,16.76066780090332,16.71266746520996,0,0.002196398372,0.002196821292,0.002199567767,0.002195368476,0.9846273836,0.002194777018,0.002194621978,0.00219506154,0.9618,0.9618,0.9618
768,16.691999435424805,16.691999435424805,32793000,20150615,TSLA,16.71266746520996,16.691999435424805,0,0.000655286821,0.0006550257291,0.163348582,0.0006549143985,0.6131551392,0.1507880558,0.0006549683711,0.07008802774,0.901,0.901,0.901
769,16.874666213989258,16.874666213989258,29770500,20150616,TSLA,16.691999435424805,16.874666213989258,1,0.2548651077,0.00166838514,0.3034586273,0.001670348171,0.4333312315,0.001669481305,0.001667269155,0.001669549677,0.7184,0.7184,0.7184
770,17.844667434692383,17.844667434692383,58062000,20150623,TSLA,17.319332122802734,17.844667434692383,1,0.0007115654949,0.0007114268639,0.1344965461,0.04315655157,0.6553704801,0.01809148494,0.0007112735238,0.1467506714,0.9925,0.9925,0.9925
771,17.91933250427246,17.91933250427246,42738000,20150625,TSLA,17.67799949645996,17.91933250427246,1,0.1184664895085,0.00115333998205,0.4959218165225,0.02792664156215,0.2965646864985,0.057660324027425006,0.001152920792575,0.00115378112975,0.6811,0.988,0.81335
772,17.805999755859375,17.805999755859375,57576000,20150626,TSLA,17.91933250427246,17.805999755859375,0,0.02877202285185,0.0404257330572,0.8804674538,0.00074475648325,0.027743800475400003,0.0203569364812,0.00074459067645,0.00074470620515,-0.7047,0.7783,0.0368
773,17.468000411987305,17.468000411987305,52183500,20150629,TSLA,17.805999755859375,17.468000411987305,0,0.0006471111374,0.00064752917615,0.9287915437500001,0.00064721911225,0.05507717039405,0.012895638561800002,0.0006471473458,0.00064664050195,-0.5789,0.9787,0.19990000000000002
774,17.884000778198242,17.884000778198242,46303500,20150630,TSLA,17.468000411987305,17.884000778198242,1,0.06158007228,0.001422787491,0.001421565608,0.09350580041,0.3090358206,0.5301890128,0.00142311606,0.001421824712,0.9955,0.9955,0.9955
775,17.94333267211914,17.94333267211914,31518000,20150701,TSLA,17.884000778198242,17.94333267211914,1,0.2455421863,0.001867828406,0.001868812353,0.001868913362,0.3554609803,0.3896563279,0.001867312112,0.001867639366,0.9231,0.9231,0.9231
776,18.667999267578125,18.667999267578125,107458500,20150702,TSLA,17.94333267211914,18.667999267578125,1,0.0005330352217,0.0005326679257,0.8514884051,0.1453142851,0.0005331240697,0.0005329109534,0.0005328752771,0.0005326963667,-0.9968,-0.9968,-0.9968
777,17.858667373657227,17.858667373657227,91576500,20150707,TSLA,18.64800071716309,17.858667373657227,0,0.032625788285600005,0.0009950440308,0.472326475019,0.125630500535,0.2577052334003,0.10872556498445,0.0009949112067,0.0009964825187,0.2617,0.9709,0.6163
778,17.19466781616211,17.19466781616211,50011500,20150709,TSLA,16.997333526611328,17.19466781616211,1,0.0006134021791,0.0006137567903,0.974587639,0.0006139522619,0.0006141152288,0.000613439272,0.02173036404,0.0006133311935,0.802,0.802,0.802
779,17.709999084472656,17.709999084472656,28614000,20150714,TSLA,17.477333068847656,17.709999084472656,1,0.3961235851,0.0006768813576,0.06576416026,0.1106782741,0.3721110805,0.05329316591,0.0006762842015,0.0006765685572,0.9865,0.9865,0.9865
780,17.778667449951172,17.778667449951172,24240000,20150716,TSLA,17.542667388916016,17.778667449951172,1,0.06631507838,0.001087766622,0.001088011969,0.00109016116,0.001088387775,0.001088459963,0.001089803722,0.9271523304,0.8434,0.8434,0.8434
781,18.310667037963867,18.310667037963867,75061500,20150717,TSLA,17.778667449951172,18.310667037963867,1,0.001985637828,0.001985403137,0.001985761705,0.001987619466,0.001986548252,0.001990365029,0.001985156195,0.9860935084,-0.8427,-0.8427,-0.8427
782,18.817333221435547,18.817333221435547,74677500,20150720,TSLA,18.310667037963867,18.817333221435547,1,0.00101800831,0.00101727287,0.9928758806,0.001017275593,0.001017907502,0.001018666958,0.001016861878,0.001018126327,-0.9876,-0.9876,-0.9876
783,17.857999801635742,17.857999801635742,46575000,20150722,TSLA,17.784666061401367,17.857999801635742,1,0.00041707847285,0.01501603328135,0.0004170666425,0.076086999865,0.00041718488975000005,0.07052814011405,0.00041715533785000004,0.8367003414,-0.9965,0.3253,-0.3356
784,17.81333351135254,17.81333351135254,33408000,20150723,TSLA,17.857999801635742,17.81333351135254,0,0.3624987525,0.0001881802009,0.323453968,0.0001882691368,0.2907012238,0.0225929569,0.0001883864263,0.0001882631178,0.9987,0.9987,0.9987
785,17.694000244140625,17.694000244140625,42547500,20150724,TSLA,17.81333351135254,17.694000244140625,0,0.0004909458082,0.000491173154,0.000490906999,0.0004910382174,0.05935310236,0.1049155525,0.0004905383257,0.8332767426,0.9855,0.9855,0.9855
786,16.867332458496094,16.867332458496094,70413000,20150727,TSLA,17.694000244140625,16.867332458496094,0,0.001455851498,0.00145619661,0.001456849653,0.105599788,0.438934094,0.4267977972,0.001455581436,0.02284384151,-0.9747,-0.9747,-0.9747
787,18.0086669921875,18.0086669921875,93214500,20150805,TSLA,17.75200080871582,18.0086669921875,1,0.001737451585,0.001737507716,0.3182832572,0.001737456674,0.6712918981,0.001737824679,0.001737386589,0.001737217465,0.9231,0.9231,0.9231
788,16.408666610717773,16.408666610717773,219357000,20150806,TSLA,18.0086669921875,16.408666610717773,0,0.0543086241,0.001215295676,0.00121531297,0.001215430246,0.001215658978,0.3259800735,0.001214815574,0.6136347889,0.9437,0.9437,0.9437
789,16.167333602905273,16.167333602905273,76101000,20150807,TSLA,16.408666610717773,16.167333602905273,0,0.064501592185,0.0020532837683,0.0020578222696,0.0020550806876500002,0.0020562358274,0.10901216320885,0.010593893616000001,0.8076699284,-0.8068,-0.4404,-0.6235999999999999
790,16.076000213623047,16.076000213623047,62788500,20150810,TSLA,16.167333602905273,16.076000213623047,0,0.14481244092790002,0.00057916552215,0.0028236594185000003,0.0005791954629,0.00057942225415,0.00057987629525,0.00057912931055,0.84946711085,0.8626,0.9885,0.9255500000000001
791,15.878000259399414,15.878000259399414,55920000,20150812,TSLA,15.824666976928713,15.878000259399414,1,0.05275689247,0.09984059232,0.0006168946087,0.0006165535044,0.0006164085947,0.0006162234517,0.06398378881,0.7809526462,0.9841,0.9841,0.9841
792,17.016666412353516,17.016666412353516,54064500,20150819,TSLA,17.381332397460938,17.016666412353516,0,0.051793367300399996,0.0007186253091,0.18460193293375,0.00071856114525,0.26223446935255,0.0007192180200500001,0.0007186852526,0.49849514074935003,0.9788,0.9856,0.9822
793,16.14533233642578,16.14533233642578,73587000,20150820,TSLA,17.016666412353516,16.14533233642578,0,0.04570103347,0.0003838486725,0.0003840607044,0.0003840864828,0.0003840021722,0.0003838938592,0.0003838393458,0.9519952353,0.9995,0.9995,0.9995
794,15.38466739654541,15.38466739654541,98853000,20150821,TSLA,16.14533233642578,15.38466739654541,0,0.0005637387676,0.0005635293969,0.0005633374714,0.0005635816179,0.0005636419923,0.0005636519034,0.0005634485175,0.9960550703,0.9768,0.9768,0.9768
795,14.66866683959961,14.66866683959961,64909500,20150825,TSLA,14.591333389282228,14.66866683959961,1,0.000648755287,0.0006486509666,0.01290971337,0.02339363201,0.01769778866,0.0006483433086,0.000649005053,0.9434041113,-0.9664,-0.9664,-0.9664
796,16.19933319091797,16.19933319091797,114840000,20150827,TSLA,14.989333152770996,16.19933319091797,1,0.0007450293987,0.0007446123567,0.0007445134567,0.0007446905189,0.000744972324,0.0007448057869,0.0007446883244,0.9947866878,0.9916,0.9916,0.9916
797,16.604000091552734,16.604000091552734,70503000,20150831,TSLA,16.565332412719727,16.604000091552734,1,0.00152612297,0.001526210182,0.9893140536,0.001527825038,0.001527811818,0.001525799089,0.001525845485,0.001526331838,-0.9841,-0.9841,-0.9841
798,16.512666702270508,16.512666702270508,69438000,20150902,TSLA,15.908666610717772,16.512666702270508,1,0.0015802840575,0.0015799191620000002,0.46284225772899995,0.034933337897000004,0.001580192399,0.0843782126695,0.001579239336,0.4115265567555,0.2888,0.5023,0.39554999999999996
799,16.3713321685791,16.3713321685791,62922000,20150903,TSLA,16.512666702270508,16.3713321685791,0,0.1468751245,0.002158785295,0.002157519462,0.1862823121,0.002157812722,0.3536689074,0.002157154714,0.3045423838,-0.9481,-0.9481,-0.9481
800,16.1286678314209,16.1286678314209,55338000,20150904,TSLA,16.3713321685791,16.1286678314209,0,0.0012361660569,0.0012346182994333332,0.6590200411454333,0.0012348011412,0.0012359183728333333,0.0012346464540999998,0.0012342406520333333,0.33356956786666664,0.6369,0.9844,0.7976666666666667
801,16.544666290283203,16.544666290283203,47073000,20150908,TSLA,16.1286678314209,16.544666290283203,1,0.0004423203684,0.0004420463682,0.0004420908137,0.000442391782,0.0004423469808,0.0004422246616,0.000442100638,0.9969044784,0.9975,0.9975,0.9975
802,16.5939998626709,16.5939998626709,50862000,20150909,TSLA,16.544666290283203,16.5939998626709,1,0.0006527578001333333,0.051754582593900006,0.0006525369635333333,0.0006527950087333334,0.0006524352211333334,0.0006525518092333334,0.0006526515698666666,0.9443296890333334,0.3195,0.9968,0.7692666666666668
803,16.565332412719727,16.565332412719727,40635000,20150910,TSLA,16.5939998626709,16.565332412719727,0,0.03925534143236666,0.0010580165573333333,0.1764975442457667,0.058875727915,0.37142274757396665,0.016174303645933332,0.0010565984258333334,0.3356597202098,0.9214,0.9856,0.9595333333333333
804,16.682666778564453,16.682666778564453,35262000,20150911,TSLA,16.565332412719727,16.682666778564453,1,0.000662674286,0.0006626098969,0.0006618776162,0.0006625666928,0.0006620608514,0.0006623824488,0.0006618738608,0.9953639543,0.6059,0.6059,0.6059
805,16.87933349609375,16.87933349609375,43363500,20150914,TSLA,16.682666778564453,16.87933349609375,1,0.0006519093415666668,0.0006515568436999999,0.13004408423653332,0.0596085809237,0.5339210416406001,0.0006517068568999999,0.0045681032987,0.2699030168525333,0.2695,0.9963,0.6329
806,16.904666900634766,16.904666900634766,44002500,20150915,TSLA,16.87933349609375,16.904666900634766,1,0.473467695673,0.001596988807,0.2929070007315,0.0015966706185,0.205328942857,0.02190578285,0.0015982595895,0.0015986588900000001,0.5267,0.9874,0.75705
807,17.483333587646484,17.483333587646484,66256500,20150916,TSLA,16.904666900634766,17.483333587646484,1,0.3299809926694667,0.013299648011833332,0.0009277751098666666,0.048263595157133334,0.053975148731999996,0.04895012076776667,0.0009278087356666666,0.503674910865,0.9828,0.9959,0.9897
808,17.541332244873047,17.541332244873047,51723000,20150924,TSLA,17.40399932861328,17.541332244873047,1,0.1723513567,0.0005493104714,0.0005487281922,0.0005491115683,0.0005490339065,0.0005489130459,0.0005488606924,0.8243546855,-0.9443,-0.9443,-0.9443
809,16.562000274658203,16.562000274658203,73516500,20150928,TSLA,17.12733268737793,16.562000274658203,0,0.17476043684800002,0.00108194228295,0.3647699980249,0.0010821067393499998,0.13177167311705001,0.3243699738165,0.00108192859915,0.00108194064885,-0.9732,-0.9684,-0.9708
810,16.44333267211914,16.44333267211914,55548000,20150929,TSLA,16.562000274658203,16.44333267211914,0,0.0007190598658,0.0007195103661,0.0007194512347,0.03052557164,0.02605268538,0.00071969494,0.0007187557223,0.9398252709,-0.8176,-0.8176,-0.8176
811,16.559999465942383,16.559999465942383,73944000,20150930,TSLA,16.44333267211914,16.559999465942383,1,0.0682580687945,0.0007782273768,0.0007780789277500001,0.0007787390537,0.0007784648592500001,0.0550350971378,0.0007784540443,0.8728148698,0.84,0.9972,0.9186
812,15.46399974822998,15.46399974822998,102210000,20151007,TSLA,16.097333908081055,15.46399974822998,0,0.05679607487645,0.00150685303245,0.2425843083315,0.00150651401145,0.48752067285,0.15426238307,0.0015065185615000002,0.05431667523015,0.9978,0.9978,0.9978
813,14.71266746520996,14.71266746520996,92376000,20151009,TSLA,15.114666938781738,14.71266746520996,0,0.3429288187,0.002084743742,0.002098600846,0.002084304572,0.002090757575,0.2574308928,0.002084679078,0.3891972026,-0.8118,-0.8118,-0.8118
814,14.616666793823242,14.616666793823242,77572500,20151013,TSLA,14.371999740600586,14.616666793823242,1,0.0614686455,0.001422672124,0.9299945645,0.001424350829,0.001422621014,0.001422859743,0.001422661125,0.001421625181,-0.3892,-0.3892,-0.3892
815,14.458666801452637,14.458666801452637,46566000,20151014,TSLA,14.616666793823242,14.458666801452637,0,0.0009905462746,0.0009912833339999999,0.0009902739373,0.00099101417725,0.0009912329565,0.00099221497365,0.0009901897784,0.9930632446,0.8166,0.9695,0.89305
816,15.206666946411133,15.206666946411133,37618500,20151019,TSLA,15.133999824523926,15.206666946411133,1,0.1436009122,0.000504497825,0.0005045926334,0.0005045001815,0.0005046487941,0.0005049781373,0.0005044880764,0.8533713822,0.9811,0.9811,0.9811
817,14.20199966430664,14.20199966430664,223500000,20151020,TSLA,15.206666946411133,14.20199966430664,0,0.0007278178696,0.0007273414894,0.0007272963357,0.0007272931171,0.0007274733298,0.0007276662759,0.0007272916401,0.9949078199,-0.9468,-0.9468,-0.9468
818,13.939332962036133,13.939332962036133,63532500,20151023,TSLA,14.114666938781738,13.939332962036133,0,0.0020780595515,0.0020768497365,0.0020758172455000003,0.0020753161135,0.0020756037245,0.08433470456099999,0.002074974641,0.9032086744,-0.5868,0.6124,0.012800000000000034
819,14.108667373657228,14.108667373657228,27075000,20151029,TSLA,14.197333335876465,14.108667373657228,0,0.0009719613874,0.0009714118283333334,0.0009711648627666666,0.11511554560659999,0.149008247364,0.0009726042549,0.2170409047512333,0.5149481599853333,-0.9933,0.9898,-0.30266666666666664
820,13.795332908630373,13.795332908630373,66583500,20151030,TSLA,14.108667373657228,13.795332908630373,0,0.002050282376,0.002052884466,0.002050317015,0.2294348793,0.002052170125,0.04647167886,0.002053296988,0.7138344908,-0.296,-0.296,-0.296
821,14.252667427062988,14.252667427062988,58918500,20151102,TSLA,13.795332908630373,14.252667427062988,1,0.001986700443,0.001985759143,0.001985140094,0.410931891,0.001987504811,0.1078006788,0.001985523925,0.4713368018,0.9435,0.9435,0.9435
822,15.44200038909912,15.44200038909912,190896000,20151104,TSLA,13.890000343322754,15.44200038909912,1,0.02034264293,0.001158931252,0.6352077429,0.001158821598,0.319167149,0.001158833051,0.02064769597,0.0011581833,0.9477,0.9477,0.9477
823,13.812666893005373,13.812666893005373,51454500,20151113,TSLA,14.196000099182127,13.812666893005373,0,0.001814992446,0.001813382748,0.001814716041,0.1802753051,0.4359040272,0.001814176067,0.001813337913,0.3747500625,0.9887,0.9887,0.9887
824,14.28733253479004,14.28733253479004,43881000,20151116,TSLA,13.812666893005373,14.28733253479004,1,0.001626047711,0.001626011353,0.6598682299,0.07594089747,0.0872029687,0.1704834914,0.001626101567,0.001626251918,-0.9031,-0.9031,-0.9031
825,14.266667366027832,14.266667366027832,32230500,20151117,TSLA,14.28733253479004,14.266667366027832,0,0.1468721963,0.0004453772979,0.2396005386,0.0869913477,0.4696036853,0.00044568097,0.04142011814,0.01462105571,0.9988,0.9988,0.9988
826,14.667332649230955,14.667332649230955,66010500,20151120,TSLA,14.786666870117188,14.667332649230955,0,0.0010276299988000001,0.00102826121275,0.49678450345465003,0.0010267535279,0.00102675328065,0.0010267358833,0.00102650859565,0.4970528539985,-0.6939,0.982,0.14405
827,14.550000190734863,14.550000190734863,37204500,20151124,TSLA,14.516667366027832,14.550000190734863,1,0.0008287550695,0.0008286132813,0.5228638277,0.0008287633031,0.4092013897,0.06379148985,0.0008285286416,0.0008286324216,0.9359,0.9359,0.9359
828,15.440667152404783,15.440667152404783,29241000,20151127,TSLA,15.309332847595217,15.440667152404783,1,0.001026226342,0.001025397866,0.7436831528,0.1681306064,0.001026565498,0.08305626153,0.001025732447,0.001026057104,0.7992,0.7992,0.7992
829,15.812666893005373,15.812666893005373,56010000,20151201,TSLA,15.350666999816896,15.812666893005373,1,0.0017058781205,0.001704718527,0.256461230619,0.001705552657,0.2108339385415,0.0017061124675000002,0.0297431755215,0.49613939357250003,-0.8478,-0.0056,-0.4267
830,15.465999603271484,15.465999603271484,44722500,20151202,TSLA,15.812666893005373,15.465999603271484,0,0.0007433886972,0.0007437323737,0.9947934407000001,0.00074368160235,0.00074366302745,0.0007446892366499999,0.0007435593868499999,0.0007438449810499999,-0.7579,0.955,0.09854999999999997
831,15.513999938964844,15.513999938964844,44094000,20151203,TSLA,15.465999603271484,15.513999938964844,1,0.001078633839,0.001078472074,0.9924496568,0.001078414198,0.001078493356,0.00107851573,0.001079578597,0.001078235373,-0.705,-0.705,-0.705
832,14.968000411987305,14.968000411987305,45867000,20151209,TSLA,15.114666938781738,14.968000411987305,0,0.001034630963,0.00103492566,0.8769156866,0.1168756982,0.001034772175,0.001034470854,0.001035161683,0.001034653816,-0.8822,-0.8822,-0.8822
833,15.137999534606934,15.137999534606934,31075500,20151210,TSLA,14.968000411987305,15.137999534606934,1,0.001216344283,0.001214184403,0.814371078,0.001214482494,0.001215353379,0.1783378931,0.001213899575,0.001216764765,0.8805,0.8805,0.8805
834,14.468000411987305,14.468000411987305,49030500,20151211,TSLA,15.137999534606934,14.468000411987305,0,0.2772656487,0.001986530111,0.001986378274,0.00198546213,0.2006188881,0.5121858281,0.001985149149,0.001986115453,0.9479,0.9479,0.9479
835,14.571999549865724,14.571999549865724,42406500,20151214,TSLA,14.468000411987305,14.571999549865724,1,0.3766122741565,0.00129220327245,0.08226258721525001,0.0761352312844,0.221686189625,0.13309998134305,0.015055116621500001,0.093856416437,0.5413,0.9964,0.76885
836,15.633999824523926,15.633999824523926,76564500,20151216,TSLA,14.739333152770996,15.633999824523926,1,0.34875186095,0.009037390248500001,0.019979528224500002,0.0460264896795,0.49514058759999996,0.055518876403500006,0.00102259510445,0.0245226717535,0.9087,0.9834,0.9460500000000001
837,15.559332847595217,15.559332847595217,49479000,20151217,TSLA,15.633999824523926,15.559332847595217,0,0.04939267299,0.0008968569985,0.17115387371125,0.0008965229874500001,0.27596706408345,0.099679428455,0.00089622455375,0.40111735623245,0.8232,0.9877,0.9054500000000001
838,15.503999710083008,15.503999710083008,29298000,20151221,TSLA,15.36400032043457,15.503999710083008,1,0.001118688487,0.001117029623,0.8663962065,0.001118193723,0.08204234225,0.04597328057,0.001117063766,0.001117195072,0.9894,0.9894,0.9894
839,15.329999923706056,15.329999923706056,29422500,20151222,TSLA,15.503999710083008,15.329999923706056,0,0.239887647019,0.023064327170774997,0.338489090958725,0.13441907056035002,0.166085123748775,0.0609141394225,0.032571204477825,0.0045693966264,-0.9984,0.9966,0.421225
840,15.313332557678224,15.313332557678224,23325000,20151223,TSLA,15.329999923706056,15.313332557678224,0,0.292063317114,0.0010129366041,0.497632819756,0.001013113191,0.0363028093996,0.16994960206360002,0.00101262613895,0.0010127757555,-0.7351,0.9888,0.12685000000000002
841,15.263333320617676,15.263333320617676,28519500,20151228,TSLA,15.371333122253418,15.263333320617676,0,0.0005443348138,0.0005438887628,0.4413639577,0.0005445706399,0.5316175581,0.02429732532,0.000544354579,0.0005440100794,0.997,0.997,0.997
842,14.894000053405762,14.894000053405762,102406500,20160104,TSLA,16.000667572021484,14.894000053405762,0,0.001752258249,0.0017514084914999999,0.001750156812,0.1055007484635,0.0771299172205,0.315471220071,0.0017508081095,0.49489348255000004,0.8248,0.9918,0.9083
843,14.895333290100098,14.895333290100098,47802000,20160105,TSLA,14.894000053405762,14.895333290100098,1,0.0014625422112,0.00146139736395,0.019890815972700003,0.0014630879661,0.0014635825917,0.00146503005365,0.00146194854745,0.9713315953,0.8284,0.8807,0.85455
844,14.376667022705078,14.376667022705078,53314500,20160107,TSLA,14.602666854858398,14.376667022705078,0,0.001277113271,0.001276524613,0.8929056172,0.001276555069,0.001278314693,0.09943285673,0.001276395729,0.001276622707,0.9707,0.9707,0.9707
845,13.856666564941406,13.856666564941406,61371000,20160111,TSLA,14.06666660308838,13.856666564941406,0,0.0013359719072,0.0013352620299500002,0.034324876641499996,0.21200980085600002,0.124705870122,0.23091954555,0.0013352444878999999,0.39403342846239997,-0.0772,0.9623,0.44255
846,13.998000144958496,13.998000144958496,46378500,20160112,TSLA,13.856666564941406,13.998000144958496,1,0.1223742329315,0.0022281641695000003,0.40161387714499996,0.0022290828925,0.09321941084499999,0.0992067898855,0.002228387938,0.27690005425849995,0.9469,0.9747,0.9608
847,13.745332717895508,13.745332717895508,97360500,20160114,TSLA,13.354000091552734,13.745332717895508,1,0.001436273824,0.001434908904,0.97611558975,0.0014342139675,0.0152765168165,0.0014333782610000002,0.0014344684569999998,0.001434650002,0.8847,0.9623,0.9235
848,13.666000366210938,13.666000366210938,83679000,20160115,TSLA,13.745332717895508,13.666000366210938,0,0.0008697254665,0.04597734999,0.0008688699093,0.000869373871,0.03480233002,0.05587245874,0.0008691732064,0.8598707188,0.8637,0.8637,0.8637
849,13.24666690826416,13.24666690826416,87579000,20160120,TSLA,13.64799976348877,13.24666690826416,0,0.0003985538964,0.02525649365,0.0003988075398,0.0003988848841,0.00808464528,0.0003988944395,0.0003989163028,0.964664804,0.9936,0.9936,0.9936
850,13.50333309173584,13.50333309173584,46861500,20160122,TSLA,13.33133316040039,13.50333309173584,1,0.002662230078,0.002660630702,0.738083547,0.002663033893,0.2459432959,0.002662385388,0.002661873417,0.002663003692,0.9547,0.9547,0.9547
851,13.092000007629396,13.092000007629396,40480500,20160125,TSLA,13.50333309173584,13.092000007629396,0,0.0004619152284,0.08442113443,0.0004617013348,0.03995565557,0.0004617637419,0.0004620472945,0.000461963833,0.8733138186,-0.7506,-0.7506,-0.7506
852,12.904000282287598,12.904000282287598,74463000,20160126,TSLA,13.092000007629396,12.904000282287598,0,0.05754057323,0.0004330507886,0.7036658538,0.0004334982002,0.2366275469,0.0004330524242,0.0004330500957,0.0004333745844,0.9908,0.9908,0.9908
853,12.538000106811523,12.538000106811523,54258000,20160127,TSLA,12.904000282287598,12.538000106811523,0,0.0006881739336,0.291159829,0.6271129976,0.07828722767,0.0006875396267,0.0006876352559,0.0006877660807,0.0006888308872,-0.9645,-0.9645,-0.9645
854,12.74666690826416,12.74666690826416,42784500,20160129,TSLA,12.646666526794434,12.74666690826416,1,0.06687868276,0.002317974938,0.2438200549,0.002317080713,0.5213677096,0.09435779848,0.00231595159,0.06662474705,0.9899,0.9899,0.9899
855,13.129332542419434,13.129332542419434,79464000,20160201,TSLA,12.74666690826416,13.129332542419434,1,0.6756299859,0.0007545108275,0.0007537917574,0.0007543901809,0.2440264762,0.0007544498498,0.06510914779,0.01221724744,0.9916,0.9916,0.9916
856,12.185333251953123,12.185333251953123,86604000,20160202,TSLA,13.129332542419434,12.185333251953123,0,0.0008179769347,0.0008180183805,0.124066587,0.0008179102723,0.7107503155,0.0871428798,0.0008178238138,0.07476848824,0.958,0.958,0.958
857,11.565333366394045,11.565333366394045,118971000,20160203,TSLA,12.185333251953123,11.565333366394045,0,0.001692206791,0.001690594056,0.001691297729,0.001690927536,0.001690648499,0.4576561437,0.00169006287,0.5321981188,-0.5351,-0.5351,-0.5351
858,9.57800006866455,9.57800006866455,156097500,20160210,TSLA,9.883333206176758,9.57800006866455,0,0.2465573224,0.001623828024,0.001624070676,0.001623749631,0.001624021089,0.001625974591,0.001623714442,0.7436973192,0.936,0.936,0.936
859,10.031332969665527,10.031332969665527,213786000,20160211,TSLA,9.57800006866455,10.031332969665527,1,0.001118065609,0.001117490796,0.001117043482,0.001117390114,0.001117577059,0.1319201139,0.001117299083,0.86137502,0.9649,0.9649,0.9649
860,11.245332717895508,11.245332717895508,87378000,20160217,TSLA,10.344667434692385,11.245332717895508,1,0.002453959111,0.002453647482,0.002454573816,0.002458375394,0.2947417714,0.002455221665,0.002452608169,0.690529843,0.7351,0.7351,0.7351
861,11.118000030517578,11.118000030517578,58314000,20160218,TSLA,11.245332717895508,11.118000030517578,0,0.001764261168,0.001762505231,0.001761729181,0.001762449508,0.1254471708,0.1127320511,0.001763303857,0.7530065292,-0.9314,-0.9314,-0.9314
862,11.10533332824707,11.10533332824707,44391000,20160219,TSLA,11.118000030517578,11.10533332824707,0,0.001180862009,0.001180752995,0.1435455957,0.001181018779,0.7707424827,0.001181934999,0.001181025291,0.07980632754,0.9668,0.9668,0.9668
863,11.849332809448242,11.849332809448242,75901500,20160222,TSLA,11.10533332824707,11.849332809448242,1,0.02065591656,0.001624997446,0.00162398682,0.001625748116,0.001625493355,0.001625234702,0.001626354742,0.9695922683,0.856,0.856,0.856
864,11.93333339691162,11.93333339691162,80934000,20160224,TSLA,11.814000129699709,11.93333339691162,1,0.1080164092,0.000438983433,0.000439165641,0.0004393313489,0.07722238598,0.0004393420323,0.02743077732,0.785573605,0.9923,0.9923,0.9923
865,12.795332908630373,12.795332908630373,67485000,20160229,TSLA,12.689332962036133,12.795332908630373,1,0.233126173425,0.082560326596,0.509075726305,0.045324827632,0.0017512775560500002,0.0017549944458999998,0.0017508616481,0.124655812401,0.7935,0.874,0.83375
866,12.423333168029783,12.423333168029783,100683000,20160301,TSLA,12.795332908630373,12.423333168029783,0,0.3232218566,0.002017858824,0.00201727179,0.00201944417,0.5752122667,0.09147371339,0.002017479812,0.002020108647,0.872,0.872,0.872
867,13.506667137145996,13.506667137145996,62680500,20160308,TSLA,13.685999870300291,13.506667137145996,0,0.0005565417251,0.00055626687,0.0005560936757,0.0005561903477,0.07497840897,0.0005568484416,0.0005561021822,0.9216835478,-0.7921,-0.7921,-0.7921
868,13.914667129516602,13.914667129516602,48129000,20160309,TSLA,13.506667137145996,13.914667129516602,1,0.1468359084,0.0008454593744,0.3177147367,0.0008452844244,0.5312209789,0.0008467639573,0.0008451115906,0.0008457566957,0.9795,0.9795,0.9795
869,13.678667068481444,13.678667068481444,77887500,20160310,TSLA,13.914667129516602,13.678667068481444,0,0.8882208415,0.001059848111,0.001063643744,0.001059823048,0.001060043264,0.001061488277,0.001059814293,0.1054144977,0.8594,0.8594,0.8594
870,15.092000007629396,15.092000007629396,56743500,20160317,TSLA,14.795332908630373,15.092000007629396,1,0.06703102391,0.0005067615125,0.0005064544896,0.0005066309709,0.0005066530413,0.0005068147607,0.0005066811614,0.9299289802,0.9908,0.9908,0.9908
871,15.887999534606934,15.887999534606934,79617000,20160321,TSLA,15.515999794006348,15.887999534606934,1,0.001626021864,0.001624614017,0.05793111571,0.1177495234,0.02782820501,0.4191365945,0.001625124623,0.3724788008,0.9485,0.9485,0.9485
872,14.838666915893556,14.838666915893556,74232000,20160323,TSLA,15.616000175476074,14.838666915893556,0,0.5334364749,0.3090700662,0.000736598153,0.0007364764352,0.1010160066,0.05353195296,0.0007363065181,0.0007361182976,0.9569,0.9569,0.9569
873,15.18333339691162,15.18333339691162,74413500,20160324,TSLA,14.838666915893556,15.18333339691162,1,0.0004947555798,0.0004948542924,0.0004945218086,0.03619575582,0.0004950279238,0.0004949462364,0.000494684933,0.9608354534,0.9892,0.9892,0.9892
874,15.342000007629396,15.342000007629396,60214500,20160329,TSLA,15.350666999816896,15.342000007629396,0,0.01564688528,0.7443232949,0.01564041836,0.01567002757,0.1617758367,0.01564521111,0.01566677821,0.01563154785,0.6249,0.6249,0.6249
875,15.317999839782717,15.317999839782717,120193500,20160331,TSLA,15.12600040435791,15.317999839782717,1,0.0016505521641666666,0.0016500441550333332,0.04753069706463334,0.0222358801368,0.013563569989199999,0.0016510011482666666,0.0016487353243,0.9100695200333333,-0.9315,0.9949,0.008233333333333351
876,15.839332580566406,15.839332580566406,239962500,20160401,TSLA,15.317999839782717,15.839332580566406,1,0.03566495565875,0.0009149686195999999,0.000914846702575,0.110290989921375,0.00091483275635,0.029546979094875,0.06186962145215,0.7598828058,-0.5411,0.9975,0.47875
877,16.465999603271484,16.465999603271484,202129500,20160404,TSLA,15.839332580566406,16.465999603271484,1,0.104413876585,0.0009825515102,0.0009831738933499998,0.0009812331636,0.0009815362207,0.01345561693055,0.00098156347455,0.87722044825,0.8365,0.9538,0.89515
878,17.031333923339844,17.031333923339844,149230500,20160405,TSLA,16.465999603271484,17.031333923339844,1,0.00127784108,0.001278340164,0.001277461602,0.001276837936,0.001276308919,0.07926353405,0.00127761591,0.9130720603,0.6851,0.6851,0.6851
879,17.69466781616211,17.69466781616211,175582500,20160406,TSLA,17.031333923339844,17.69466781616211,1,0.001867680825,0.001868432999,0.001868147423,0.9294967611,0.001869201706,0.001868629566,0.001868400752,0.05929274564,0.4019,0.4019,0.4019
880,17.14666748046875,17.14666748046875,132843000,20160407,TSLA,17.69466781616211,17.14666748046875,0,0.002159082674,0.002158002193,0.002158286456,0.002158146802,0.002156298784,0.1299121789,0.002159806794,0.8571381974,0.7615,0.7615,0.7615
881,16.67133331298828,16.67133331298828,110458500,20160408,TSLA,17.14666748046875,16.67133331298828,0,0.001180221457,0.001179663725,0.9602569801,0.001179782038,0.001180382798,0.03266332687,0.001179701944,0.001179941104,0.3291,0.3291,0.3291
882,16.661333084106445,16.661333084106445,137425500,20160411,TSLA,16.67133331298828,16.661333084106445,0,0.07438450169466666,0.057363024399666666,0.0008245214077666667,0.11055633934963333,0.0614732119279,0.11129577240726668,0.0008246119593666667,0.5832780168442,-0.9631,0.9964,-0.30193333333333333
883,16.968666076660156,16.968666076660156,73884000,20160413,TSLA,16.521333694458008,16.968666076660156,1,0.6567247657,0.2990829842,0.007356888742,0.007379724539,0.007361010079,0.007363168898,0.007373773896,0.007357683926,0.7737,0.7737,0.7737
884,16.4913330078125,16.4913330078125,95362500,20160419,TSLA,16.92533302307129,16.4913330078125,0,0.001867941351,0.001866965479,0.00186709497,0.001867106042,0.001866528444,0.2545262215,0.001867076082,0.7342710661,-0.8271,-0.8271,-0.8271
885,16.55266761779785,16.55266761779785,41746500,20160421,TSLA,16.6646671295166,16.55266761779785,0,0.8858917594,0.001159249577,0.001158616902,0.1071544454,0.00115889347,0.001159303295,0.00115892323,0.001158808744,0.9831,0.9831,0.9831
886,16.788000106811523,16.788000106811523,55054500,20160425,TSLA,16.916667938232422,16.788000106811523,0,0.5447594734,0.009461449599,0.0006483256593,0.000648111664,0.1326348677,0.0225867868,0.0006482292608,0.2886127559,0.9907,0.9907,0.9907
887,16.05066680908203,16.05066680908203,81207000,20160429,TSLA,16.513999938964844,16.05066680908203,0,0.4362400852,0.001359964073,0.001359987441,0.001359959218,0.2458573418,0.2967796031,0.001360636217,0.01568242303,0.9953,0.9953,0.9953
888,15.48799991607666,15.48799991607666,64533000,20160503,TSLA,16.1200008392334,15.48799991607666,0,0.07080527937,0.0004815026192,0.0004814272366,0.0004812042489,0.0004815326632,0.0004815616326,0.004327964634,0.9224595276,0.2296,0.2296,0.2296
889,14.837332725524902,14.837332725524902,130507500,20160504,TSLA,15.48799991607666,14.837332725524902,0,0.0004535176243,0.000453186706,0.0004534242876,0.0004533915056,0.02024441371,0.0004533846505,0.000453304964,0.9770353766,0.9971,0.9971,0.9971
890,14.10200023651123,14.10200023651123,168822000,20160505,TSLA,14.837332725524902,14.10200023651123,0,0.2840641192,0.001202616172,0.001202749656,0.001202474098,0.001202760416,0.001203412037,0.001202984867,0.7087188835,0.9042,0.9042,0.9042
891,14.32866668701172,14.32866668701172,85278000,20160506,TSLA,14.10200023651123,14.32866668701172,1,0.00112715185,0.001126797122,0.9921105328,0.001126834543,0.001127755931,0.001127281267,0.001126620119,0.001127026403,0.4532,0.4532,0.4532
892,13.912667274475098,13.912667274475098,61059000,20160510,TSLA,13.928000450134276,13.912667274475098,0,0.2443382378,0.01411974676,0.0004454854877,0.0004455323291,0.0004455101509,0.0004464150483,0.0004457066887,0.7393133657,0.9883,0.9883,0.9883
893,13.93066692352295,13.93066692352295,77428500,20160511,TSLA,13.912667274475098,13.93066692352295,1,0.10730101362735,0.00085602826315,0.040032533051600004,0.065746603634,0.25940116242945005,0.0008562945787,0.0008556987168499999,0.5249506657,0.126,0.7642,0.4451
894,13.8186674118042,13.8186674118042,54757500,20160512,TSLA,13.93066692352295,13.8186674118042,0,0.0009335598803,0.0009339434948,0.0009340044742,0.0009339766328,0.0009341885332,0.123555372,0.0009338040025,0.870841151,0.9098,0.9098,0.9098
895,13.84066677093506,13.84066677093506,42342000,20160513,TSLA,13.8186674118042,13.84066677093506,1,0.4968344436,0.149148693,0.0006225169649,0.3509015863,0.0006226850839,0.0006236095485,0.000623743126,0.0006227224093,0.9783,0.9783,0.9783
896,13.88599967956543,13.88599967956543,44241000,20160516,TSLA,13.84066677093506,13.88599967956543,1,0.1982070835,0.001527082524,0.001526356282,0.0780055521,0.001526865373,0.3093012805,0.001525689345,0.4083800903,0.4344,0.4344,0.4344
897,14.347332954406738,14.347332954406738,102994500,20160519,TSLA,14.07800006866455,14.347332954406738,1,0.2068437286237,0.0011284239616,0.0475097516095,0.45122042157200004,0.0011277095224,0.00112921257255,0.00112768338805,0.28991306873085004,-0.9946,0.928,-0.033299999999999996
898,14.685333251953123,14.685333251953123,135106500,20160520,TSLA,14.347332954406738,14.685333251953123,1,0.08154527221,0.0004365157731,0.0004363619795,0.0004360920211,0.007029415268,0.0004362754965,0.000436155502,0.9092439117,0.9882,0.9882,0.9882
899,15.008000373840332,15.008000373840332,61086000,20160526,TSLA,14.638667106628418,15.008000373840332,1,0.0006769265861500001,0.00067656749735,0.7358206413,0.00067672558975,0.26011893049735,0.00067691676735,0.00067659696055,0.0006766948244500001,0.8812,0.9674,0.9243
900,14.869333267211914,14.869333267211914,54754500,20160527,TSLA,15.008000373840332,14.869333267211914,0,0.00126368231,0.001263573671,0.9911474782,0.001264099267,0.00126628949,0.001265889507,0.001263253789,0.001265733737,0.661,0.661,0.661
901,14.597332954406738,14.597332954406738,30492000,20160602,TSLA,14.637332916259766,14.597332954406738,0,0.0390015706521,0.0008834670145500001,0.13599940012175002,0.000883402218,0.17645181868895002,0.1033014595228,0.0008830137924,0.542595868045,-0.9881,-0.0259,-0.507
902,15.489333152770996,15.489333152770996,93204000,20160607,TSLA,14.711999893188477,15.489333152770996,1,0.001389795699,0.001390279356,0.001389573066,0.001390010733,0.001390014356,0.001389811838,0.001390594424,0.9902699205,0.5849,0.5849,0.5849
903,15.290666580200195,15.290666580200195,67381500,20160609,TSLA,15.701333045959473,15.290666580200195,0,0.0482599680865,0.0970448733435,0.092031684858,0.02511999649625,0.0014735578715000001,0.0014750142487999999,0.034653323566999995,0.699941581496675,0.296,0.996,0.735575
904,14.586000442504885,14.586000442504885,90399000,20160610,TSLA,15.290666580200195,14.586000442504885,0,0.002126562622,0.002121454184,0.002120802585,0.002121966284,0.002119934169,0.09702853132,0.002120861394,0.8902398874,-0.4404,-0.4404,-0.4404
905,14.330666542053224,14.330666542053224,53703000,20160614,TSLA,14.524666786193848,14.330666542053224,0,0.0005465107447,0.0005462555686,0.0005462180081,0.0005463234367,0.0005464150619,0.01294267666,0.0005461747481,0.9837794258,0.9856,0.9856,0.9856
906,14.513333320617676,14.513333320617676,43627500,20160615,TSLA,14.330666542053224,14.513333320617676,1,0.0006043493886,0.0006041126844,0.9957684379,0.0006045849297,0.0006047959301,0.0006051365088,0.0006041604182,0.0006044222631,0.9448,0.9448,0.9448
907,14.646666526794434,14.646666526794434,53332500,20160620,TSLA,14.364666938781738,14.646666526794434,1,0.06455182512,0.0004811912103,0.4142690796,0.0004814271326,0.5187714982,0.000481430896,0.0004816795737,0.0004818682481,0.9619,0.9619,0.9619
908,13.11066722869873,13.11066722869873,356136000,20160622,TSLA,14.640666961669922,13.11066722869873,0,0.2043949301381,0.000608108886,0.0006077783239,0.0006078983678999999,0.0006077734278,0.0227995628401,0.00060783645535,0.7697661116,0.9542,0.9813,0.96775
909,13.236666679382324,13.236666679382324,108081000,20160627,TSLA,12.876667022705078,13.236666679382324,1,0.16670516656565001,0.00063121876025,0.02631890698665,0.0006311396648000001,0.00514405040165,0.1065578425981,0.00063110711275,0.69338056795,0.9756,0.9973,0.98645
910,14.012666702270508,14.012666702270508,89923500,20160629,TSLA,13.452667236328123,14.012666702270508,1,0.3665184848,0.0006917652561,0.0006910587821,0.02119661,0.000691143312,0.3467611098,0.0006916207109,0.2627582074,0.9819,0.9819,0.9819
911,14.152000427246094,14.152000427246094,72646500,20160630,TSLA,14.012666702270508,14.152000427246094,1,0.10882319203174999,0.0007565964261,0.00075633820655,0.00075704490235,0.0007567539136,0.0007575170872,0.0007564350164,0.8866361224,-0.9441,0.9935,0.0247
912,14.26533317565918,14.26533317565918,77629500,20160705,TSLA,14.43333339691162,14.26533317565918,0,0.000343753772,0.00034394471,0.10645872,0.02266414284,0.8691578057,0.000344034747,0.0003438900159,0.0003437082115,0.9903,0.9903,0.9903
913,14.29599952697754,14.29599952697754,73798500,20160706,TSLA,14.26533317565918,14.29599952697754,1,0.07940531032,0.0006228348947,0.0006224480121,0.0006228416906,0.0006224174126,0.1099491542,0.0006225998774,0.8075323936,-0.9905,-0.9905,-0.9905
914,14.395999908447266,14.395999908447266,54180000,20160707,TSLA,14.29599952697754,14.395999908447266,1,0.04180158482,0.0004453054425,0.0004452210473,0.06663260746,0.0004454181716,0.2234199463,0.0004455230475,0.6663643937,-0.9973,-0.9973,-0.9973
915,14.985333442687988,14.985333442687988,81447000,20160711,TSLA,14.45199966430664,14.985333442687988,1,0.001240377104,0.001239006537,0.001238722295,0.001239052352,0.001239571792,0.3346812455,0.001238612164,0.6578834123,-0.872,-0.872,-0.872
916,14.976667404174805,14.976667404174805,68569500,20160712,TSLA,14.985333442687988,14.976667404174805,0,0.001228270435,0.001227061415,0.001226481521,0.001226674114,0.001226855417,0.2019225919,0.001226307457,0.7907157577,-0.8807,-0.8807,-0.8807
917,14.835332870483398,14.835332870483398,53506500,20160713,TSLA,14.976667404174805,14.835332870483398,0,0.208116038,0.002085504702,0.002084070964,0.002087791668,0.00208707866,0.1448840098,0.002084471608,0.6365710347,0.8625,0.8625,0.8625
918,14.768667221069336,14.768667221069336,40137000,20160714,TSLA,14.835332870483398,14.768667221069336,0,0.10897935747825001,0.00080833620405,0.0008078985967,0.00080799583395,0.00080781554355,0.0609144526573,0.0008080836598,0.82606606005,-0.8321,0.9926,0.08025000000000004
919,14.69333267211914,14.69333267211914,33513000,20160715,TSLA,14.768667221069336,14.69333267211914,0,0.0004502853685,0.0004504515388,0.0004501569708,0.0004502378109,0.0004501341013,0.1418174238,0.03183491324,0.8240963972,-0.9723,-0.9723,-0.9723
920,15.083333015441896,15.083333015441896,51181500,20160718,TSLA,14.69333267211914,15.083333015441896,1,0.041207932228799996,0.0005528056699,0.4980625809756,0.01363573765705,0.00055326130855,0.0928690500301,0.00055270713035,0.35256592496960004,-0.9897,0.9826,-0.0035499999999999976
921,15.017333030700684,15.017333030700684,46726500,20160719,TSLA,15.083333015441896,15.017333030700684,0,0.0005795405867,0.0005800359105,0.0005791772848,0.0005793169045,0.000579255566,0.0005792666189,0.0699798739,0.9265435332,0.9587,0.9587,0.9587
922,14.699999809265137,14.699999809265137,66430500,20160721,TSLA,15.223999977111816,14.699999809265137,0,0.12897844060264999,0.00748944780065,0.000674260195125,0.020313438788274997,0.0312972621582,0.08857664099,0.08078401188177499,0.641886497596375,0.9759,0.9987,0.98775
923,15.333999633789062,15.333999633789062,67360500,20160725,TSLA,14.817999839782717,15.333999633789062,1,0.0004872167721,0.000487162928,0.0004867998745,0.0004869382918,0.03039459242,0.0004870922986,0.0004869192064,0.9666832782,0.9974,0.9974,0.9974
924,15.232666969299316,15.232666969299316,43335000,20160727,TSLA,15.300666809082031,15.232666969299316,0,0.0004395041872,0.0004392621505,0.0004389529171,0.0004392959009,0.000439244459,0.0004395376016,0.000439107438,0.9969250953,0.9943,0.9943,0.9943
925,15.146666526794434,15.146666526794434,59016000,20160802,TSLA,15.333999633789062,15.146666526794434,0,0.2053818917,0.0004814537276,0.00048108361,0.0004812833076,0.0004814485588,0.0004817065095,0.0004811162883,0.7917300163,0.9986,0.9986,0.9986
926,15.37399959564209,15.37399959564209,62205000,20160804,TSLA,15.052666664123535,15.37399959564209,1,0.2092922244,0.001001274518,0.001000915219,0.001001210024,0.001001177159,0.001001648532,0.001001252181,0.7847002979,-0.9804,-0.9804,-0.9804
927,15.335332870483398,15.335332870483398,48078000,20160805,TSLA,15.37399959564209,15.335332870483398,0,0.8482492407,0.001137653326,0.001137279971,0.001138002338,0.001139296805,0.1449234024,0.001136843892,0.001138280608,0.9959,0.9959,0.9959
928,15.272000312805176,15.272000312805176,33117000,20160809,TSLA,15.077333450317385,15.272000312805176,1,0.001332015409,0.001331933364,0.001333904978,0.2167040934,0.00133372643,0.111286329,0.001331881522,0.6653461159,-0.9793,-0.9793,-0.9793
929,15.043333053588867,15.043333053588867,35074500,20160810,TSLA,15.272000312805176,15.043333053588867,0,0.00176389037,0.001762535183,0.001762515624,0.001762237537,0.001762840084,0.09064527066,0.001761658117,0.8987790524,0.9666,0.9666,0.9666
930,14.994000434875488,14.994000434875488,28213500,20160811,TSLA,15.043333053588867,14.994000434875488,0,0.6852261823,0.001304833571,0.001303699655,0.3069483496,0.001304223949,0.001304238776,0.001303095063,0.001305377154,0.4767,0.4767,0.4767
931,15.03933334350586,15.03933334350586,30514500,20160815,TSLA,15.040666580200195,15.03933334350586,0,0.000941011797,0.0009415805885,0.0009405294834,0.0009410329705,0.0009407172192,0.1710337261,0.0009406798652,0.8233207219,-0.9884,-0.9884,-0.9884
932,14.907333374023438,14.907333374023438,34006500,20160816,TSLA,15.03933334350586,14.907333374023438,0,0.0004013135153,0.0004012391924,0.0004009310219,0.0004012174145,0.0272482973,0.01376197404,0.0004019399707,0.9569830875,0.9968,0.9968,0.9968
933,14.88266658782959,14.88266658782959,26806500,20160817,TSLA,14.907333374023438,14.88266658782959,0,0.24999233835665,0.030660803933649998,0.004991722694799999,0.01341871551395,0.0004085486224,0.00040843706595,0.07428422592209999,0.6258352079,-0.2461,0.9986,0.37625000000000003
934,14.900667190551758,14.900667190551758,25717500,20160818,TSLA,14.88266658782959,14.900667190551758,1,0.555897276,0.001227215438,0.00122631058,0.001228267345,0.001227861164,0.1149152621,0.001227128445,0.3230506789,0.6652,0.6652,0.6652
935,15.0,15.0,24892500,20160819,TSLA,14.900667190551758,15.0,1,0.6833727011,0.04450207599,0.000467036946,0.05869742247,0.01797754138,0.1138506993,0.0004675079221,0.08066501489,0.9956,0.9956,0.9956
936,14.989333152770996,14.989333152770996,71766000,20160823,TSLA,14.862000465393066,14.989333152770996,1,0.0309035163565,0.0012793795325,0.0012790219965000001,0.024216721433,0.001279426548,0.12062130542999999,0.0012791717505,0.81914145695,-0.7775,-0.5859,-0.6817
937,14.730667114257812,14.730667114257812,26437500,20160825,TSLA,14.841333389282228,14.730667114257812,0,0.0638932877742,0.053977213066,0.28304460966350004,0.0008419014978,0.104258475163,0.04200004726,0.06285658951,0.38912787608524996,0.9517,0.9983,0.975
938,14.666000366210938,14.666000366210938,33585000,20160826,TSLA,14.730667114257812,14.666000366210938,0,0.0010621223417,0.0010616454554,0.43270153648305,0.0010618702013999999,0.06283860294014999,0.00106156852335,0.00106166511735,0.4991509889435,0.8906,0.9956,0.9431
939,14.089332580566406,14.089332580566406,47533500,20160830,TSLA,14.346667289733888,14.089332580566406,0,0.07910161318,0.001646864538,0.9110168381,0.001646260188,0.001647517871,0.001648290424,0.001646369463,0.001646246228,0.9134,0.9134,0.9134
940,14.133999824523926,14.133999824523926,49147500,20160831,TSLA,14.089332580566406,14.133999824523926,1,0.4602204198,0.001180259694,0.001180276334,0.001180166618,0.001180601682,0.02048673032,0.001180056888,0.5133914887,0.4404,0.4404,0.4404
941,13.38466739654541,13.38466739654541,119146500,20160901,TSLA,14.133999824523926,13.38466739654541,0,0.0006197161521,0.0006197313871,0.811899359,0.00061976976,0.0006203872737,0.1843820732,0.0006192954482,0.0006196677194,-0.9081,-0.9081,-0.9081
942,13.185333251953123,13.185333251953123,89661000,20160902,TSLA,13.38466739654541,13.185333251953123,0,0.09215481315,0.0007072098964,0.2464017983,0.0007067628134,0.4758160854,0.1827998076,0.0007066771763,0.0007068456088,-0.9315,-0.9315,-0.9315
943,13.522000312805176,13.522000312805176,65859000,20160906,TSLA,13.185333251953123,13.522000312805176,1,0.57065412855,0.00078864999775,0.31682528739425003,0.00078842142725,0.0007888538437499999,0.070407950715,0.0007885365691,0.038958171507799996,-0.967,0.8439,-0.061549999999999994
944,13.447333335876465,13.447333335876465,54613500,20160907,TSLA,13.522000312805176,13.447333335876465,0,0.0007458210465,0.0007454691507,0.8833877774,0.0007456765443,0.1121396482,0.0007454280004,0.0007454638407,0.000744715837,0.9892,0.9892,0.9892
945,13.157333374023438,13.157333374023438,50668500,20160908,TSLA,13.447333335876465,13.157333374023438,0,0.560615775,0.001646779328,0.001646547165,0.001645484402,0.001645506894,0.00164645355,0.001645604392,0.4295078493,0.9753,0.9753,0.9753
946,12.964667320251465,12.964667320251465,56355000,20160909,TSLA,13.157333374023438,12.964667320251465,0,0.002195819284,0.002198948934,0.6387700965,0.002196339134,0.002196525491,0.3480521491,0.002195128452,0.002194993075,0.3634,0.3634,0.3634
947,13.220000267028809,13.220000267028809,55728000,20160912,TSLA,12.964667320251465,13.220000267028809,1,0.0010562337405,0.0010560038760000002,0.30857910365950003,0.0010565651445,0.1503243264225,0.08152118914,0.0010559409925,0.455350637045,0.5729,0.9745,0.7737
948,13.06999969482422,13.06999969482422,53841000,20160913,TSLA,13.220000267028809,13.06999969482422,0,0.48821195556670005,0.0009611858391,0.008702316075249999,0.0009604974307,0.0009604223111,0.00096095365875,0.00096034856195,0.49828232054500005,0.9875,0.9891,0.9883
949,13.093999862670898,13.093999862670898,33817500,20160914,TSLA,13.06999969482422,13.093999862670898,1,0.00058162743765,0.0005812713347,0.49169730431795,0.0065714911814999995,0.0274388562138,0.00058174634735,0.0005812410627999999,0.47196646210685,-0.9873,-0.9666,-0.97695
950,13.361332893371582,13.361332893371582,46158000,20160915,TSLA,13.093999862670898,13.361332893371582,1,0.0005740408155,0.0005740004703,0.0005742118122,0.0005740980254,0.0005741029129,0.07191501642,0.000573979583,0.92464055,-0.9976,-0.9976,-0.9976
951,13.642666816711426,13.642666816711426,36157500,20160920,TSLA,13.755999565124512,13.642666816711426,0,0.0012256958035500001,0.12807942144,0.00122486395025,0.0012259704856,0.0012253222434,0.0314277271865,0.0012250756966,0.8343659232,-0.3818,0.986,0.30210000000000004
952,13.6813325881958,13.6813325881958,39502500,20160921,TSLA,13.642666816711426,13.6813325881958,1,0.001331951188,0.001331471245,0.001331992434,0.00133120601,0.001332753207,0.1996255208,0.001330286983,0.7923848181,0.4377,0.4377,0.4377
953,13.829999923706056,13.829999923706056,43578000,20160923,TSLA,13.76200008392334,13.829999923706056,1,0.099033783513,0.0010803152478999999,0.18996650541825,0.00107953969215,0.2291845354184,0.0772335036547,0.00108013790935,0.401341679123,0.705,0.9768,0.8409
954,13.720666885375977,13.720666885375977,50598000,20160927,TSLA,13.932666778564451,13.720666885375977,0,0.09075799374885,0.00128010341215,0.12235880386900001,0.0012794968561000001,0.3298038837085,0.178714108925,0.0012799050109,0.2745257044923,0.3876,0.9964,0.692
955,13.751333236694336,13.751333236694336,31326000,20160928,TSLA,13.720666885375977,13.751333236694336,1,0.0004299890729,0.0004300228071,0.0004303952331,0.0004301811872,0.000430327643,0.0004300343528,0.0004316305211,0.9969874192,0.9891,0.9891,0.9891
956,13.60200023651123,13.60200023651123,38794500,20160930,TSLA,13.380000114440918,13.60200023651123,1,0.120309652,0.07532112323,0.06355636902,0.0008296964095,0.0008291168645,0.0008293307842,0.04587284316,0.6924518685,0.9748,0.9748,0.9748
957,14.24666690826416,14.24666690826416,89998500,20161003,TSLA,13.60200023651123,14.24666690826416,1,0.10504521584700001,0.047531391525500004,0.301519841911,0.089106730085,0.23112505194799998,0.2176096569,0.00076505055205,0.007297061261,-0.9842,-0.7597,-0.87195
958,14.093999862670898,14.093999862670898,53122500,20161004,TSLA,14.24666690826416,14.093999862670898,0,0.0005070447098,0.0005067821731,0.0005070291235,0.0005069068375,0.01482685828,0.0005064091328,0.000506442239,0.9821325275,0.9881,0.9881,0.9881
959,13.897333145141602,13.897333145141602,28162500,20161005,TSLA,14.093999862670898,13.897333145141602,0,0.1157919523,0.001439139908,0.5683406952,0.09909673716,0.2110131822,0.00143934639,0.001440300987,0.001438645789,0.9129,0.9129,0.9129
960,13.34000015258789,13.34000015258789,34926000,20161011,TSLA,13.396666526794434,13.34000015258789,0,0.000829005697,0.03619527314,0.1307517918,0.0008297688356,0.6809372715,0.0008293888967,0.1487982207,0.0008292794958,-0.1655,-0.1655,-0.1655
961,13.434000015258787,13.434000015258787,29560500,20161012,TSLA,13.34000015258789,13.434000015258787,1,0.0006616807791,0.0006614467354499999,0.44039379904275,0.0574769596482,0.00066167252365,0.0006616315159,0.00066151631215,0.4988212934299,0.714,0.8836,0.7988
962,13.100666999816896,13.100666999816896,64048500,20161014,TSLA,13.349332809448242,13.100666999816896,0,0.001690947628,0.001691114401,0.001690407165,0.001691225557,0.001690510031,0.001691506862,0.001690009872,0.9881642785,-0.7506,-0.7506,-0.7506
963,12.93066692352295,12.93066692352295,68311500,20161017,TSLA,13.100666999816896,12.93066692352295,0,0.001509357199,0.001507152502,0.001508442817,0.001506990179,0.001508799993,0.1570817517,0.00150684464,0.8338706609,-0.6249,-0.6249,-0.6249
964,13.273332595825195,13.273332595825195,85207500,20161018,TSLA,12.93066692352295,13.273332595825195,1,0.002990830177,0.0029901817173,0.4999212331045,0.00298946166455,0.0029891899134,0.0716592880693,0.00298976571855,0.41347004963025,-0.9349,0.1531,-0.39089999999999997
965,13.273332595825195,13.273332595825195,76093500,20161020,TSLA,13.570667266845703,13.273332595825195,0,0.0006301528647,0.0006298963994000001,0.0006300402884,0.0006301328810499999,0.06110878514675,0.07366343167,0.00062981786255,0.8620777428499999,-0.9848,0.8833,-0.05075000000000002
966,13.339332580566406,13.339332580566406,44151000,20161021,TSLA,13.273332595825195,13.339332580566406,1,0.1747670829,0.0008882679471,0.0008872709963,0.0008875257552,0.0008874837617,0.0008885706029,0.0008872877647,0.8199065103,0.9452,0.9452,0.9452
967,13.517333030700684,13.517333030700684,41274000,20161024,TSLA,13.339332580566406,13.517333030700684,1,0.001304244816,0.001304375582,0.1207150613,0.001303303747,0.7537257261,0.1190399588,0.001303256465,0.00130407319,0.9377,0.9377,0.9377
968,13.482666969299316,13.482666969299316,84492000,20161026,TSLA,13.489333152770996,13.482666969299316,0,0.0003683566755,0.0003681333376,0.02114357978,0.0003681528824,0.0003682113801,0.08396977274,0.0003681053022,0.8930456879,0.9906,0.9906,0.9906
969,13.33133316040039,13.33133316040039,64201500,20161028,TSLA,13.600666999816896,13.33133316040039,0,0.0006227468297,0.0006226708338,0.8715657353,0.0006232773043,0.1146912542,0.0006225797633,0.0006238088864,0.01062792686,0.9433,0.9433,0.9433
970,12.719332695007324,12.719332695007324,105900000,20161101,TSLA,13.182000160217283,12.719332695007324,0,0.0005746820096,0.0005745489822,0.1036637852,0.04243024047,0.8510338263,0.0005748035481,0.0005739745756,0.0005741389426,0.8998,0.8998,0.8998
971,12.996000289916992,12.996000289916992,49014000,20161108,TSLA,12.880666732788086,12.996000289916992,1,0.001081136821,0.00107898379,0.001079279662,0.001082999722,0.001080691389,0.001082959756,0.3649559446,0.6285580042,0.9969,0.9969,0.9969
972,12.356666564941406,12.356666564941406,101254500,20161110,TSLA,12.670666694641112,12.356666564941406,0,0.0287695324,0.1375822977,0.6558777868,0.0008872990435,0.1742204061,0.0008873708662,0.0008877302158,0.0008875768724,0.9871,0.9871,0.9871
973,12.096667289733888,12.096667289733888,98283000,20161114,TSLA,12.570667266845703,12.096667289733888,0,0.0006137257733,0.0006135935293,0.06126339369,0.1441330137,0.6933275854,0.09882000168,0.0006139420025,0.00061474421,,,
974,12.577333450317385,12.577333450317385,73306500,20161117,TSLA,12.26200008392334,12.577333450317385,1,0.09940211415755,0.0010405912838,0.13661245769115002,0.0010407020231000001,0.14403608047905,0.107312832177,0.0010406582529,0.509514563925,0.4404,0.9517,0.6960500000000001
975,12.334667205810549,12.334667205810549,78154500,20161118,TSLA,12.577333450317385,12.334667205810549,0,0.18867818018000002,0.1406370156735,0.0877579488405,0.24979539478499999,0.058605373605,0.2591869982,0.004844111267,0.010494977459,0.2404,0.9995,0.61995
976,12.637999534606934,12.637999534606934,66589500,20161129,TSLA,13.074666976928713,12.637999534606934,0,0.00250580289,0.002502878933,0.002500935964,0.002502863955,0.00250191874,0.5621570771,0.002502137794,0.4228263846,-0.8779,-0.8779,-0.8779
977,12.390000343322754,12.390000343322754,50874000,20161206,TSLA,12.453332901000977,12.390000343322754,0,0.3185310827,0.000940923832,0.0009413804676,0.0009409919045,0.1053133353,0.08858662275,0.0009404908402,0.4838051723,0.9448,0.9448,0.9448
978,12.876667022705078,12.876667022705078,81928500,20161207,TSLA,12.390000343322754,12.876667022705078,1,0.35957040710645,0.00046405209785000003,0.055227816970799995,0.022571958859400002,0.5191800483,0.00046454101290000003,0.000463939812,0.04205723583,-0.4418,0.9982,0.2782
979,12.812000274658203,12.812000274658203,40837500,20161209,TSLA,12.81933307647705,12.812000274658203,0,0.000519242868,0.0005193357718,0.000519646352,0.0005192287986,0.9963648694,0.0005193708952,0.0005192503635,0.0005190555038,0.9959,0.9959,0.9959
980,12.82866668701172,12.82866668701172,36583500,20161212,TSLA,12.812000274658203,12.82866668701172,1,0.0004946636068,0.0004944378875,0.01516903293,0.0004946745621,0.000494774984,0.000494460458,0.0004947125659,0.981863243,0.9971,0.9971,0.9971
981,13.210000038146973,13.210000038146973,102358500,20161213,TSLA,12.82866668701172,13.210000038146973,1,0.18621570388665,0.1364046935706,0.407347260318,0.04287974743335,0.01657611991855,0.165567759145,0.0442354050466,0.00077331061735,-0.907,0.9769,0.03494999999999998
982,13.246000289916992,13.246000289916992,62263500,20161214,TSLA,13.210000038146973,13.246000289916992,1,0.37057711993333337,0.3180568381666667,0.0065539119216,0.0009378809187999999,0.005049593637066667,0.15649562873233333,0.11471509343999998,0.027613933265066667,0.9062,0.9833,0.9510666666666667
983,13.17199993133545,13.17199993133545,48294000,20161215,TSLA,13.246000289916992,13.17199993133545,0,0.000719421213,0.02097324187,0.0007192458453,0.0007194831034,0.0007191303583,0.1081557134,0.0007194784988,0.8672742857,-0.5574,-0.5574,-0.5574
984,14.635333061218262,14.635333061218262,88735500,20161227,TSLA,14.22266674041748,14.635333061218262,1,0.1786936836,0.0004469568613,0.225252241,0.000447131284,0.3389986633,0.000447172543,0.0004471274458,0.2552670239,0.9935,0.9935,0.9935
985,14.649333000183104,14.649333000183104,56737500,20161228,TSLA,14.635333061218262,14.649333000183104,1,0.0003913363772,0.06695695245,0.000391136943,0.0003914194849,0.000391672593,0.0003910602993,0.005624280835,0.925462141,0.9387,0.9387,0.9387
986,14.312000274658203,14.312000274658203,60675000,20161229,TSLA,14.649333000183104,14.312000274658203,0,0.07315560702665,0.008324273157699999,0.027300624414649997,0.056211974555,0.34731468353995004,0.02510183401135,0.0062504782207,0.4563405251,-0.9818,0.9997,0.008950000000000014
987,14.465999603271484,14.465999603271484,88849500,20170103,TSLA,14.246000289916992,14.465999603271484,1,0.100867682,0.001564343705,0.001563385239,0.00156443208,0.4106828237,0.001564219559,0.001564908205,0.4806282056,0.9793,0.9793,0.9793
988,15.13266658782959,15.13266658782959,168202500,20170104,TSLA,14.465999603271484,15.13266658782959,1,0.0004572675192,0.0004571772454,0.0004570171816,0.0004569272012,0.1391120193,0.0004568199332,0.0004568228605,0.8581459487,0.9426,0.9426,0.9426
989,15.116666793823242,15.116666793823242,88675500,20170105,TSLA,15.13266658782959,15.116666793823242,0,0.10870419860925,0.00038602015655,0.013535800755,0.016359202960899998,0.35128087687514997,0.00038611653095,0.0165532098175,0.49279457430629997,0.996,0.9975,0.99675
990,15.267333030700684,15.267333030700684,82918500,20170106,TSLA,15.116666793823242,15.267333030700684,1,0.0004230257128,0.0004227270386,0.000422901844,0.0004230642803,0.04302724764,0.02111482052,0.0004230994609,0.9337431135,0.9969,0.9969,0.9969
991,15.41866683959961,15.41866683959961,59692500,20170109,TSLA,15.267333030700684,15.41866683959961,1,0.07002485136,0.001787463936,0.7925312599,0.001787984312,0.1285021129,0.001791024766,0.001786996914,0.001788305896,-0.8078,-0.8078,-0.8078
992,15.315333366394045,15.315333366394045,54762000,20170111,TSLA,15.324666976928713,15.315333366394045,0,0.6769833549,0.0005253948868,0.0005239078846,0.04504707378,0.09960851713,0.09501777111,0.0005244239524,0.08176955633,0.9973,0.9973,0.9973
993,15.890666961669922,15.890666961669922,56535000,20170118,TSLA,15.70533275604248,15.890666961669922,1,0.02866457283,0.0006389042727,0.000638389187,0.1407747485,0.2615851856,0.0787452707,0.0006387044749,0.4883142245,0.9936,0.9936,0.9936
994,16.250667572021484,16.250667572021484,115984500,20170119,TSLA,15.890666961669922,16.250667572021484,1,0.002050634512,0.002054585113,0.002051337357,0.002055014104,0.002051973145,0.002052454034,0.002051936261,0.9856320655,-0.946,-0.946,-0.946
995,16.594667434692383,16.594667434692383,93943500,20170123,TSLA,16.315332412719727,16.594667434692383,1,0.0006077647759,0.8799147503,0.0006079654773,0.0006079016597,0.0006073942104,0.0006080692058,0.09071776396,0.02632839045,0.9843,0.9843,0.9843
996,16.974000930786133,16.974000930786133,74482500,20170124,TSLA,16.594667434692383,16.974000930786133,1,0.1722042851,0.3327839985,0.0004198306224,0.0004199563762,0.0004197355856,0.0004201898232,0.0004202733702,0.4929117306,0.9981,0.9981,0.9981
997,16.96466636657715,16.96466636657715,77139000,20170125,TSLA,16.974000930786133,16.96466636657715,0,0.2093231926,0.330080146,0.02775485548,0.0004301306085,0.005621810087,0.3182494497,0.05558122632,0.05295918923,0.983,0.983,0.983
998,16.863332748413086,16.863332748413086,47494500,20170127,TSLA,16.833999633789062,16.863332748413086,1,0.1839575485,0.1697867223,0.02990939987,0.0006802902396,0.0006810673166,0.3326797067,0.07432001356,0.2079852515,0.9722,0.9722,0.9722
999,16.708667755126953,16.708667755126953,57016500,20170130,TSLA,16.863332748413086,16.708667755126953,0,0.31554092023,0.23742245309999999,0.0006225918109,0.10206534015999999,0.00062213552405,0.228343831275,0.00062237442615,0.11476035345,0.9337,0.9655,0.9496
1000,16.615999221801758,16.615999221801758,59382000,20170201,TSLA,16.795333862304688,16.615999221801758,0,0.43193040595,0.11818894393400001,0.0013540437407000001,0.0062503363289999996,0.00135475203275,0.12113825432099999,0.0013538424371,0.31842942127490004,0.5423,0.9726,0.75745
1001,16.770000457763672,16.770000457763672,37497000,20170202,TSLA,16.615999221801758,16.770000457763672,1,0.001098572541,0.4262686863,0.0111355864,0.001097869224,0.001098742908,0.3987435932,0.001098670267,0.1594582791,-0.4393,-0.4393,-0.4393
1002,16.755332946777344,16.755332946777344,32800500,20170203,TSLA,16.770000457763672,16.755332946777344,0,0.33476628399999997,0.35210147199999997,0.0005302549437000001,0.0005300902396,0.00052998854725,0.22290696095,0.034961999651149996,0.05367294962500001,-0.1635,0.8279,0.3322
1003,17.165332794189453,17.165332794189453,63672000,20170207,TSLA,17.184667587280273,17.165332794189453,0,0.0003912502921,0.2444219678,0.0003910661474,0.1504567437,0.0003914338606,0.000391090269,0.07956267153,0.5239937763,-0.9941,-0.9941,-0.9941
1004,17.946666717529297,17.946666717529297,117303000,20170209,TSLA,17.472000122070312,17.946666717529297,1,0.8400558676,0.0009776029614,0.0009785478397,0.09442194684,0.0009780708571,0.06063014019,0.0009780699901,0.0009797536876,0.989,0.989,0.989
1005,17.948667526245117,17.948667526245117,54295500,20170210,TSLA,17.946666717529297,17.948667526245117,1,0.1765542056,0.06933938894,0.001344977189,0.001345919599,0.001345114221,0.327990989,0.001345215399,0.4207341901,-0.986,-0.986,-0.986
1006,18.73200035095215,18.73200035095215,110178000,20170214,TSLA,18.706666946411133,18.73200035095215,1,0.04331868052245,0.0006810425077999999,0.0006809787689500001,0.0047410271632,0.18727753101615,0.18496912359885,0.00068064217895,0.5776509743,0.9874,0.9976,0.9925
1007,18.65066719055176,18.65066719055176,74218500,20170215,TSLA,18.73200035095215,18.65066719055176,0,0.0007192251533,0.0007199352501,0.0007196860997,0.115371167,0.7407907844,0.0007200115742,0.0007189790985,0.1402402114,0.8316,0.8316,0.8316
1008,18.148666381835938,18.148666381835938,93856500,20170217,TSLA,17.93000030517578,18.148666381835938,1,0.0006768821349,0.1622850348,0.5410904662,0.0006766930534,0.2932409226,0.0006766752481,0.0006769504508,0.0006763753963,0.9947,0.9947,0.9947
1009,18.49266624450684,18.49266624450684,85150500,20170221,TSLA,18.148666381835938,18.49266624450684,1,0.4067536888,0.0003161694265,0.0003160486931,0.06384136878,0.3303394813,0.0003162652701,0.000316006266,0.1978009715,0.9987,0.9987,0.9987
1010,18.233999252319336,18.233999252319336,131325000,20170222,TSLA,18.49266624450684,18.233999252319336,0,0.2479095652,0.0005793301844,0.0005792317558,0.0005791302471,0.0005793449772,0.0005798799591,0.0005791348514,0.7486143828,0.539,0.539,0.539
1011,17.133333206176758,17.133333206176758,122574000,20170224,TSLA,17.06599998474121,17.133333206176758,1,0.1368238104,0.07405956763,0.04405823586,0.0004270011115,0.0004272444922,0.1064278985,0.00042713672,0.6373491053,-0.6227,-0.6227,-0.6227
1012,16.415332794189453,16.415332794189453,171912000,20170227,TSLA,17.133333206176758,16.415332794189453,0,0.042413199215999994,0.1081620828215,0.34309072439965,0.00123427149505,0.11240254241575,0.04178940748705,0.00123349098445,0.34967428117050003,0.765,0.8591,0.8120499999999999
1013,16.666000366210938,16.666000366210938,91171500,20170228,TSLA,16.415332794189453,16.666000366210938,1,0.105448037435,0.00061568168225,0.2351199581039,0.0006158784251,0.6402982231,0.0166711118909,0.0006154840170999999,0.00061562539475,0.9889,0.9908,0.98985
1014,16.698667526245117,16.698667526245117,50277000,20170302,TSLA,16.667999267578125,16.698667526245117,1,0.117524019,0.001455450983,0.001455855787,0.1308836236,0.001455867509,0.4424211903,0.001456692251,0.3033473006,0.9976,0.9976,0.9976
1015,16.771333694458008,16.771333694458008,43791000,20170303,TSLA,16.698667526245117,16.771333694458008,1,0.0006251992825000001,0.00503320039645,0.19087373712300001,0.0006250636081,0.3114170154752,0.00062553579145,0.0006250395372,0.49017520877455,0.7279,0.8983,0.8130999999999999
1016,16.45800018310547,16.45800018310547,55878000,20170308,TSLA,16.57266616821289,16.45800018310547,0,0.12989782784999998,0.0005275029168999999,0.0005273385465,0.00052754158545,0.4112376154278,0.0235293062419,0.0005273312923,0.433225536175,-0.8725,0.9728,0.05014999999999997
1017,16.32666778564453,16.32666778564453,58189500,20170309,TSLA,16.45800018310547,16.32666778564453,0,0.26649357195,0.00038633187745,0.00038624272609999997,0.056839774475950004,0.32439645707825004,0.30925379514595003,0.00038636886265,0.041857457845,-0.9981,0.9987,0.00030000000000002247
1018,16.411333084106445,16.411333084106445,45339000,20170313,TSLA,16.246000289916992,16.411333084106445,1,0.16201594485999998,0.0055215687495,0.15368035865739998,0.02287513197735,0.277164838865,0.02169584317215,0.00047275758804999994,0.35657355620485,0.0414,0.9955,0.5184500000000001
1019,17.469999313354492,17.469999313354492,106983000,20170316,TSLA,17.048667907714844,17.469999313354492,1,0.0883250217094,0.10923992591000001,0.01248359332895,0.00047506855385,0.00047502798179999996,0.0198573337892,0.0038782308971,0.7652657977999999,-0.8109,0.9835,0.08630000000000004
1020,16.711999893188477,16.711999893188477,103629000,20170321,TSLA,17.461332321166992,16.711999893188477,0,0.001303266655,0.2762643656,0.526663842,0.001304239686,0.1905537323,0.001303381755,0.001304068192,0.001303103816,0.9808,0.9808,0.9808
1021,17.000667572021484,17.000667572021484,60889500,20170322,TSLA,16.711999893188477,17.000667572021484,1,0.0005743932032,0.01448131962,0.006968742014,0.0005739601156,0.0005743762041,0.07732773148,0.0005743037471,0.8989251736,0.9417,0.9417,0.9417
1022,18.492000579833984,18.492000579833984,55143000,20170329,TSLA,18.49666786193848,18.492000579833984,0,0.001215388046,0.001214407927,0.4802050204,0.00121445763,0.5125048141,0.001216316381,0.001214567944,0.001215027592,0.9694,0.9694,0.9694
1023,18.527999877929688,18.527999877929688,62226000,20170330,TSLA,18.492000579833984,18.527999877929688,1,0.026667198027999998,0.0006153884215,0.430320260602,0.00061553771335,0.526072476675,0.00061576760045,0.01278779049105,0.0023055804659,0.9792,0.9922,0.9857
1024,19.90133285522461,19.90133285522461,208329000,20170403,TSLA,18.553333282470703,19.90133285522461,1,0.0003976147781,0.0003972692718,0.0003972598379,0.0003971466454,0.0003971701181,0.00039759164,0.0003971690314,0.9972187787,0.9481,0.9481,0.9481
1025,19.666667938232425,19.666667938232425,118213500,20170405,TSLA,20.24666786193848,19.666667938232425,0,0.4270408591,0.0006501587599,0.0006486245082,0.0006484858829,0.0006481963459,0.0006486521674,0.0006495729503,0.5690654503,0.9521,0.9521,0.9521
1026,20.826000213623047,20.826000213623047,114967500,20170410,TSLA,20.16933250427246,20.826000213623047,1,0.1391608458,0.0003527006259,0.0003524405379,0.0003527078509,0.5255035541,0.0003526650516,0.000352603564,0.3335724825,0.9991,0.9991,0.9991
1027,20.58066749572754,20.58066749572754,85869000,20170411,TSLA,20.826000213623047,20.58066749572754,0,0.2386426335,0.0007108335084,0.0007110080056,0.0007106559869,0.0007108249469,0.0007111536164,0.0007110464096,0.757091844,0.8321,0.8321,0.8321
1028,19.78933334350586,19.78933334350586,90760500,20170412,TSLA,20.58066749572754,19.78933334350586,0,0.00047522983364999997,0.00047506104409999995,0.14776683705965002,0.05212448617995,0.35159805542254996,0.00047503315220000003,0.0061649043387,0.44092039295665003,0.9956,0.9973,0.9964500000000001
1029,20.26666641235352,20.26666641235352,139269000,20170413,TSLA,19.78933334350586,20.26666641235352,1,0.0005067998809,0.0005064514801,0.01485723998,0.0005068097505,0.0005070491049,0.0005066100267,0.0005066139494,0.9821024258,0.9948,0.9948,0.9948
1030,20.368000030517575,20.368000030517575,58470000,20170419,TSLA,20.01666641235352,20.368000030517575,1,0.07896779328,0.0006288174668,0.0006284771861,0.0006287995657,0.05942636677,0.0006291465336,0.0006291101458,0.8584614891,0.997,0.997,0.997
1031,20.167333602905277,20.167333602905277,92241000,20170420,TSLA,20.368000030517575,20.167333602905277,0,0.002406981726,0.00240679239,0.002406334254,0.002407477837,0.002405942375,0.07400661057,0.002412427479,0.9115474334,-0.0317,-0.0317,-0.0317
1032,20.37333297729492,20.37333297729492,67647000,20170421,TSLA,20.167333602905277,20.37333297729492,1,0.1467262757,0.0007333726295,0.36211484,0.02120950555,0.4558802235,0.0007321688212,0.0007321155957,0.0118714982,0.9808,0.9808,0.9808
1033,20.53533363342285,20.53533363342285,76252500,20170424,TSLA,20.37333297729492,20.53533363342285,1,0.0007508611222,0.4201407679,0.3250116519,0.0007496130182,0.1816238952,0.0007495429816,0.0702244151,0.0007492528262,0.9939,0.9939,0.9939
1034,20.91933250427246,20.91933250427246,101065500,20170425,TSLA,20.53533363342285,20.91933250427246,1,0.000373650871,0.0003746777728,0.0003734963525,0.000374077931,0.0539062647,0.000374679646,0.0003743140888,0.9438488386,-0.8574,-0.8574,-0.8574
1035,20.67799949645996,20.67799949645996,70425000,20170426,TSLA,20.91933250427246,20.67799949645996,0,0.4289194301,0.3618876063,0.0004774367298,0.0004777167238,0.03385616862,0.09147660331,0.0824272777,0.0004777605489,0.9974,0.9974,0.9974
1036,20.9379997253418,20.9379997253418,67582500,20170428,TSLA,20.57533264160156,20.9379997253418,1,0.5647833179,0.1050842801,0.0005379409094,0.08908579726,0.0005372636614,0.0005374446552,0.2108255327,0.02860842276,0.9956,0.9956,0.9956
1037,21.52199935913086,21.52199935913086,132444000,20170501,TSLA,20.9379997253418,21.52199935913086,1,0.0009937458221,0.0009951841699,0.9930440398,0.000993855123,0.0009941022869,0.0009932104921,0.0009927871416,0.0009930751474,0.9402,0.9402,0.9402
1038,20.55666732788086,20.55666732788086,122659500,20170505,TSLA,19.69733238220215,20.55666732788086,1,0.059347935537,0.00044934537085,0.0004496841726,0.00044939622855,0.45638309223580004,0.0430689131008,0.0004493142299,0.43940231911425,0.9734,0.9997,0.98655
1039,21.540000915527344,21.540000915527344,71307000,20170511,TSLA,21.68133354187012,21.540000915527344,0,0.0008329783207,0.0008324513211499999,0.3020112447,0.0008325866967,0.63408384295,0.00083303054655,0.0008324086931,0.0597414567527,0.9218,0.9696,0.9457
1040,21.65399932861328,21.65399932861328,61824000,20170512,TSLA,21.540000915527344,21.65399932861328,1,0.0005991784008,0.0005990436005,0.0005986457052,0.0005989198967,0.0005987446642,0.0005985593419,0.1581515281,0.8382553803,0.9688,0.9688,0.9688
1041,21.058666229248047,21.058666229248047,114330000,20170515,TSLA,21.65399932861328,21.058666229248047,0,0.001489733635,0.001489690084,0.001489537478,0.001490519053,0.4323669568,0.3216757752,0.001489091202,0.2385086965,0.1997,0.1997,0.1997
1042,21.13400077819824,21.13400077819824,62287500,20170516,TSLA,21.058666229248047,21.13400077819824,1,0.2662544692,0.06555135424,0.0004924121843,0.0004924635689,0.0004925238704,0.0004925596795,0.0004935721096,0.6657306452,0.983,0.983,0.983
1043,20.40733337402344,20.40733337402344,100678500,20170517,TSLA,21.13400077819824,20.40733337402344,0,0.001764645383,0.001762352453,0.5624303303,0.09342506619,0.175847447,0.1612442912,0.001762266313,0.001763601163,0.7845,0.7845,0.7845
1044,20.87066650390625,20.87066650390625,84807000,20170518,TSLA,20.40733337402344,20.87066650390625,1,0.2252742982,0.03371098945,0.0004037077659,0.0004038634826,0.0004037802926,0.0004038326312,0.0004036169045,0.7389959112,0.9968,0.9968,0.9968
1045,20.690000534057617,20.690000534057617,64938000,20170522,TSLA,20.722000122070312,20.690000534057617,0,0.19302751105,0.018470173383,0.00038956653635000005,0.00038958343725,0.0003896320033,0.0003897048264,0.00038972722310000004,0.78655410155,-0.8463,0.9952,0.07444999999999996
1046,20.257333755493164,20.257333755493164,64776000,20170523,TSLA,20.690000534057617,20.257333755493164,0,0.00076806371955,0.00076875908515,0.1992816396,0.052771815222750006,0.6369434888000001,0.0007687460715499999,0.0180067742815,0.09069071322795,0.9736,0.9897,0.98165
1047,21.121999740600582,21.121999740600582,75210000,20170525,TSLA,20.68133354187012,21.121999740600582,1,0.1827492823,0.06719055269,0.0005512332666,0.0005512892141,0.0005512757548,0.0005515887391,0.0005513348547,0.7473034432,0.9748,0.9748,0.9748
1048,21.676000595092773,21.676000595092773,117033000,20170526,TSLA,21.121999740600582,21.676000595092773,1,0.1841099809,0.008465363641,0.0005710741815,0.0005712069591,0.0005711909954,0.02096952243,0.0005720359163,0.784169625,-0.9127,-0.9127,-0.9127
1049,22.733999252319336,22.733999252319336,149451000,20170531,TSLA,22.34000015258789,22.733999252319336,1,0.35963023535000005,0.4251695083,0.00053010126725,0.0411215795653,0.0308642485642,0.0649471532806,0.041004796465350005,0.03673237719,0.9672,0.9875,0.9773499999999999
1050,22.691333770751957,22.691333770751957,114120000,20170601,TSLA,22.733999252319336,22.691333770751957,0,0.09779327835653334,0.33965651914739997,0.00045817228109999996,0.037618719402733335,0.09903999404866666,0.015821140755733334,0.11693072697703333,0.2926814490533333,0.9907,0.9991,0.9959000000000001
1051,22.656667709350582,22.656667709350582,83853000,20170602,TSLA,22.691333770751957,22.656667709350582,0,0.4578081796,0.4011865526,0.001424191068,0.001421674553,0.02353195333,0.1117835541,0.001421926109,0.001421968555,0.844,0.844,0.844
1052,23.523332595825195,23.523332595825195,166302000,20170606,TSLA,23.15466690063477,23.523332595825195,1,0.1500165654,0.02983417909,0.0007626260402,0.0007629170264,0.0007631889592,0.09664924255,0.0007629869077,0.720448294,-0.0644,-0.0644,-0.0644
1053,23.976667404174805,23.976667404174805,140970000,20170607,TSLA,23.523332595825195,23.976667404174805,1,0.0002675769887,0.0002673904513,0.0002675054097,0.0002675124642,0.2183797986,0.009972153177,0.0002677290937,0.7703103339,0.9984,0.9984,0.9984
1054,24.666667938232425,24.666667938232425,135922500,20170608,TSLA,23.976667404174805,24.666667938232425,1,0.2522345511,0.000388563946,0.0003885005046,0.0003885547312,0.0003885360217,0.0003886787677,0.000388669845,0.745433945,0.9895,0.9895,0.9895
1055,25.022666931152344,25.022666931152344,156397500,20170615,TSLA,25.37733268737793,25.022666931152344,0,0.2862692433,0.0008873096122,0.0008873701696,0.03229640391,0.3560335688,0.05550919373,0.0008872064888,0.267229704,-0.2819,-0.2819,-0.2819
1056,24.65333366394043,24.65333366394043,98239500,20170619,TSLA,24.76000022888184,24.65333366394043,0,0.5164933787,0.3230784302,0.0007775829796,0.0007771192333,0.0007775281528,0.1565413569,0.0007771626675,0.0007774411815,0.8678,0.8678,0.8678
1057,25.09333229064941,25.09333229064941,73848000,20170621,TSLA,24.81599998474121,25.09333229064941,1,0.001017495966,0.001016841893,0.360694494,0.001017025945,0.6222159699,0.001017079745,0.001016754844,0.01200433773,0.9775,0.9775,0.9775
1058,24.15800094604492,24.15800094604492,104946000,20170627,TSLA,25.166000366210938,24.15800094604492,0,0.0003356388858,0.0003354694425,0.0003354261909,0.6587971213,0.1557419299,0.0003356687429,0.0003354772921,0.1837832683,-0.9794,-0.9794,-0.9794
1059,24.107332229614254,24.107332229614254,87727500,20170630,TSLA,24.049999237060547,24.107332229614254,1,0.0006353680165,0.02505875743,0.0006360656779,0.9711289351,0.0006351109884,0.0006355599594,0.0006352105163,0.000634992289,-0.9906,-0.9906,-0.9906
1060,21.80599975585937,21.80599975585937,255700500,20170705,TSLA,23.507999420166016,21.80599975585937,0,0.0004889702866,0.01841834239,0.0004888362306,0.0004886916827,0.000488615222,0.000488762778,0.0004892917321,0.9786484897,0.9931,0.9931,0.9931
1061,20.588666915893555,20.588666915893555,289867500,20170706,TSLA,21.80599975585937,20.588666915893555,0,0.03175542648,0.0004420443583,0.0004425106783,0.0004420785936,0.0004425869815,0.0004422947904,0.0004421342637,0.9655909239,0.8641,0.8641,0.8641
1062,20.881332397460938,20.881332397460938,212653500,20170707,TSLA,20.588666915893555,20.881332397460938,1,0.2063875815,0.000687383639,0.000687464822,0.0006874960866,0.1568267606,0.00068851273,0.0006875190144,0.6333472816,0.9917,0.9917,0.9917
1063,21.06999969482422,21.06999969482422,207313500,20170710,TSLA,20.881332397460938,21.06999969482422,1,0.0005813818222,0.0490370850693,0.0005807886934,0.0005808184794,0.0005807465647,0.00058122730075,0.0005807515705,0.9474772005000001,0.8891,0.9713,0.9302
1064,21.814666748046875,21.814666748046875,173391000,20170711,TSLA,21.06999969482422,21.814666748046875,1,0.12403643825,0.023619094451099998,0.00075770734385,0.0007575929026,0.41434148099999996,0.05189732389235,0.02194504277225,0.362645319412,-0.9753,0.9872,0.005950000000000011
1065,21.968000411987305,21.968000411987305,155191500,20170712,TSLA,21.814666748046875,21.968000411987305,1,0.6099309253,0.0009702519982,0.0009696516232,0.0009705930099,0.1926080647,0.09565895574,0.09792132084,0.0009702367724,0.9977,0.9977,0.9977
1066,21.882667541503903,21.882667541503903,95605500,20170718,TSLA,21.30466651916504,21.882667541503903,1,0.2511451933,0.0003485479009,0.0003485417411,0.0003486489682,0.000348933793,0.02862438877,0.0003485487559,0.7184871968,0.9902,0.9902,0.9902
1067,21.994667053222656,21.994667053222656,77493000,20170720,TSLA,21.68400001525879,21.994667053222656,1,0.0230732894992,0.12071736356636666,0.2434644028303,0.06642339453803334,0.4562465730333333,0.0640322184373,0.000593140862,0.0254496172322,0.9735,0.994,0.9868666666666667
1068,21.893333435058597,21.893333435058597,73524000,20170721,TSLA,21.994667053222656,21.893333435058597,0,0.1004531844,0.0003067618268,0.2556096592,0.0003067694553,0.642403065,0.000306928181,0.0003067018735,0.0003069300461,0.9987,0.9987,0.9987
1069,22.834667205810547,22.834667205810547,129556500,20170724,TSLA,21.893333435058597,22.834667205810547,1,0.2800812207,0.0004758061913,0.0004759936112,0.0004759725054,0.03108208203,0.0004756488764,0.0004757541192,0.686457522,0.9974,0.9974,0.9974
1070,22.63999938964844,22.63999938964844,104838000,20170725,TSLA,22.834667205810547,22.63999938964844,0,0.1190678083,0.001713085003,0.001713815091,0.001714193409,0.07766809622,0.7946955683,0.001713478806,0.00171395482,-0.2922,-0.2922,-0.2922
1071,21.564666748046875,21.564666748046875,128026500,20170731,TSLA,22.33799934387207,21.564666748046875,0,0.000687373787,0.0006873773607,0.952476088,0.0006870911165,0.0006876807918,0.04339967968,0.0006873944215,0.0006873148287,0.9828,0.9828,0.9828
1072,21.30466651916504,21.30466651916504,124546500,20170801,TSLA,21.564666748046875,21.30466651916504,0,0.09035571839,0.0003735770843,0.005789534291,0.0003736897546,0.00037350068,0.02992130431,0.0003735046177,0.8724391709,0.9882,0.9882,0.9882
1073,21.72599983215332,21.72599983215332,196372500,20170802,TSLA,21.30466651916504,21.72599983215332,1,0.04161765801,0.000619789455,0.0006197410642,0.08314493655,0.8444301626,0.02832846568,0.0006200021066,0.0006192445125,0.9992,0.9992,0.9992
1074,23.79400062561035,23.79400062561035,139033500,20170804,TSLA,23.139333724975582,23.79400062561035,1,0.11251390117500001,0.01880473484,0.0003666308272,0.0003667174275,0.00036667925869999997,0.00036665695865,0.0003666745165,0.866848005,0.9964,0.9989,0.9976499999999999
1075,24.253332138061523,24.253332138061523,67788000,20170814,TSLA,23.857999801635746,24.253332138061523,1,0.2294777617,0.2632812548,0.0003810548518,0.0003806407313,0.000380472053,0.3687465252,0.1064848644,0.03086742631,-0.999,-0.999,-0.999
1076,24.194000244140625,24.194000244140625,51207000,20170816,TSLA,24.155332565307617,24.194000244140625,1,0.2017956969,0.00072390443,0.0007231208296,0.000723897959,0.732688222,0.000723659901,0.0007234432492,0.06189805477,0.9957,0.9957,0.9957
1077,23.51799964904785,23.51799964904785,74317500,20170823,TSLA,22.75666618347168,23.51799964904785,1,0.4671790788,0.00158517394,0.001583718932,0.08521674139,0.08734291395,0.001586182049,0.2971357963,0.05837039464,0.9886,0.9886,0.9886
1078,23.52866744995117,23.52866744995117,68770500,20170824,TSLA,23.51799964904785,23.52866744995117,1,0.001924648001,0.001925277677,0.3804752806,0.001924309641,0.2602695588,0.3496309846,0.001924768303,0.0019251724,0.9578,0.9578,0.9578
1079,22.96866607666016,22.96866607666016,61371000,20170906,TSLA,23.30599975585937,22.96866607666016,0,0.0003793315328,0.0003790556346,0.0003790224238,0.0003790609607,0.0003793024759,0.0003791221961,0.0003791064487,0.9973459983,0.9821,0.9821,0.9821
1080,24.246000289916992,24.246000289916992,115006500,20170911,TSLA,22.893333435058597,24.246000289916992,1,0.0278342835377,0.00070149511355,0.03550564391485,0.00070167814395,0.436261488751,0.0008494799843499999,0.0007014754471999999,0.49744445508880003,-0.9918,0.25,-0.3709
1081,24.183332443237305,24.183332443237305,89593500,20170912,TSLA,24.246000289916992,24.183332443237305,0,0.0003565447655,0.05615610378,0.0003564353816,0.0003566077171,0.0003565310716,0.0003565266423,0.0003566832943,0.9417045673,0.9956,0.9956,0.9956
1082,22.739999771118164,22.739999771118164,76606500,20170929,TSLA,22.63999938964844,22.739999771118164,1,0.006580662945,0.0003671054394,0.6439628341,0.0003669294019,0.3202757455,0.02771261459,0.0003668668126,0.0003672412771,0.9929,0.9929,0.9929
1083,22.768667221069336,22.768667221069336,79302000,20171002,TSLA,22.739999771118164,22.768667221069336,1,0.000508652511,0.01423716467,0.0005084849235,0.0005085060915,0.0005087996549,0.0005086062916,0.0005088164516,0.9827109694,0.9822,0.9822,0.9822
1084,22.862667083740234,22.862667083740234,112405500,20171009,TSLA,23.79199981689453,22.862667083740234,0,0.059344969215,0.05139036901635,0.12608560796075,0.0003708552662,0.28652248215945,0.00037082221085000004,0.00037054460245000004,0.47554434958645003,0.9906,0.9975,0.9940500000000001
1085,23.63999938964844,23.63999938964844,67512000,20171011,TSLA,23.70599937438965,23.63999938964844,0,0.0004144980226,0.0004142794545,0.06616138352,0.6439515573,0.1902011423,0.0004145127997,0.0004143435943,0.09802828299,-0.9699,-0.9699,-0.9699
1086,23.704666137695312,23.704666137695312,53107500,20171013,TSLA,23.71199989318848,23.704666137695312,0,0.000665947941,0.0006662202861,0.5711735116,0.0006656979145,0.3806042005,0.0006664610587,0.000665650969,0.04489230966,0.9924,0.9924,0.9924
1087,23.37333297729492,23.37333297729492,80632500,20171016,TSLA,23.704666137695312,23.37333297729492,0,0.08550296008,0.0004953045035,0.0004946373395,0.03250886772,0.0004945198256,0.0004951155727,0.0004948860614,0.8795137089,0.9875,0.9875,0.9875
1088,23.45400047302246,23.45400047302246,75927000,20171019,TSLA,23.976667404174805,23.45400047302246,0,0.0004473457929,0.0004471231602,0.2570753515,0.06370710293,0.4764290862,0.1245032782,0.0004469592613,0.07694375302,0.9572,0.9572,0.9572
1089,23.00666618347168,23.00666618347168,73956000,20171020,TSLA,23.45400047302246,23.00666618347168,0,0.0009860172148,0.0009864020708,0.1897678085,0.0009852746514,0.7323064197,0.07299725562,0.0009855537398,0.0009852685381,0.9671,0.9671,0.9671
1090,22.468000411987305,22.468000411987305,86209500,20171023,TSLA,23.00666618347168,22.468000411987305,0,0.00105216535,0.001051427224,0.001051644828,0.001051462101,0.00105235071,0.3001887927,0.001051311036,0.6935008461,0.9913,0.9913,0.9913
1091,21.338666915893555,21.338666915893555,63816000,20171030,TSLA,21.391332626342773,21.338666915893555,0,0.000875490258,0.0008751383428,0.000875713024,0.0008753662714,0.6473754571,0.2100072245,0.0008746162412,0.1382409943,0.8817,0.8817,0.8817
1092,21.405332565307617,21.405332565307617,126859500,20171101,TSLA,22.101999282836918,21.405332565307617,0,0.07620153546085,0.00075894320705,0.0007583632919,0.0007583453574,0.22487049796395,0.0185358076022,0.00233679649825,0.67577971065,-0.9772,0.9776,0.00020000000000003348
1093,20.185333251953125,20.185333251953125,97290000,20171106,TSLA,20.4060001373291,20.185333251953125,0,0.0007499324291,0.111455482,0.0007490517172,0.0007495498363,0.0007492499617,0.02540877642,0.0007505895522,0.8593873681,0.9767,0.9767,0.9767
1094,20.40333366394043,20.40333366394043,79414500,20171107,TSLA,20.185333251953125,20.40333366394043,1,0.04357605403345,0.046232219515,0.00076814291275,0.0007688208398,0.2531975058739,0.1588347155182,0.00076854064615,0.49585400067499996,-0.3703,0.9334,0.28154999999999997
1095,20.292667388916016,20.292667388916016,70879500,20171108,TSLA,20.40333366394043,20.292667388916016,0,0.0212552633447,0.00853231864095,0.04719564858,0.00074168948645,0.6010361507499999,0.050377376579999994,0.0007418166665,0.270119735955,0.8945,0.9863,0.9403999999999999
1096,20.57999992370605,20.57999992370605,85141500,20171114,TSLA,21.02666664123535,20.57999992370605,0,0.08887492484,0.0004537185503,0.0004533963146,0.0004535898755,0.0004533693067,0.4091910116,0.0004536390476,0.4996663505,-0.9958,-0.9958,-0.9958
1097,20.753332138061523,20.753332138061523,89680500,20171115,TSLA,20.57999992370605,20.753332138061523,1,0.2283613275,0.0006957073748,0.0006950728404,0.0006957823867,0.767465348,0.0006957099677,0.0006953051556,0.0006957467566,0.9507,0.9507,0.9507
1098,21.003332138061523,21.003332138061523,206026500,20171117,TSLA,20.833332061767575,21.003332138061523,1,0.0009782204948000001,0.0009779933618,0.00097864500995,0.0009780475165,0.00097855540645,0.0118483031125,0.00097845133125,0.98228178375,0.2263,0.8986,0.56245
1099,21.187332153320312,21.187332153320312,108919500,20171121,TSLA,20.582666397094727,21.187332153320312,1,0.05275443225,0.0007031171135,0.1231779674,0.0007031092978,0.8205511725,0.0007037329275,0.0007028572203,0.0007036112499,0.7385,0.7385,0.7385
1100,20.84000015258789,20.84000015258789,73764000,20171122,TSLA,21.187332153320312,20.84000015258789,0,0.2844921426,0.0006920343524,0.0006910307706,0.0006917480433,0.0006916031853,0.5251495163,0.0006912833344,0.1869006414,-0.3627,-0.3627,-0.3627
1101,21.170000076293945,21.170000076293945,74242500,20171128,TSLA,21.12066650390625,21.170000076293945,1,0.0009550779439,0.0009548655585,0.0009558322357,0.0009558147356,0.1438002294,0.0009578228182,0.0009555179713,0.8504648394,0.986,0.986,0.986
1102,20.59000015258789,20.59000015258789,65274000,20171130,TSLA,20.502666473388672,20.59000015258789,1,0.0008195869379,0.0008181062337,0.03484514511,0.1773002058,0.6417192439,0.1428612865,0.0008180468799,0.0008183786237,0.9625,0.9625,0.9625
1103,22.735332489013672,22.735332489013672,130998000,20171212,TSLA,21.92733383178711,22.735332489013672,1,0.3425524359,0.000920306237,0.000921377673,0.0009207365797,0.0009199312665,0.0009203552124,0.0009200329254,0.6519248242,0.7096,0.7096,0.7096
1104,22.601999282836918,22.601999282836918,93322500,20171213,TSLA,22.735332489013672,22.601999282836918,0,0.0009068576701,0.0009064434506,0.0009064848343,0.0009067841434,0.3901629795,0.0009072394161,0.0009064959632,0.604396715,0.9924,0.9924,0.9924
1105,20.775999069213867,20.775999069213867,70681500,20171227,TSLA,21.152666091918945,20.775999069213867,0,0.2779913954,0.02123124911625,0.00512877142605,0.0239106064278,0.00061653761275,0.23336224571039998,0.42274201836694997,0.0150171759204,-0.124,0.993,0.4345
1106,20.75666618347168,20.75666618347168,56658000,20171229,TSLA,21.02400016784668,20.75666618347168,0,0.3523943777,0.0006995312572,0.0006989501805,0.000699377975,0.6014233125,0.04268576916,0.0006991322347,0.0006995490317,0.9793,0.9793,0.9793
1107,22.42733383178711,22.42733383178711,147891000,20180108,TSLA,21.10533332824707,22.42733383178711,1,0.002606504909,0.002607632357,0.9817509471,0.002606804551,0.002608247869,0.002607568416,0.002605507695,0.002606787146,0.0644,0.0644,0.0644
1108,22.246000289916992,22.246000289916992,107199000,20180109,TSLA,22.42733383178711,22.246000289916992,0,0.120675316047,0.028223588685200002,0.4687102989325,0.0010660910249666667,0.1492652321823333,0.07930995495056666,0.0010657292350333334,0.15168378891276665,-0.891,0.9947,-0.24409999999999998
1109,22.31999969482422,22.31999969482422,64648500,20180110,TSLA,22.246000289916992,22.31999969482422,1,0.1169691187,0.0008285326198,0.0008283200549,0.0008293990611,0.6160255138,0.0008291251782,0.0008284184764,0.2628615721,,,
1110,22.4146671295166,22.4146671295166,72376500,20180112,TSLA,22.530000686645508,22.4146671295166,0,0.0254302986838,0.02621781413965,0.02125840496555,0.00071557020015,0.42616389907900004,0.00071560628975,0.0007157036184,0.49878270304665,0.8998,0.9918,0.9458
1111,22.856666564941406,22.856666564941406,68091000,20180126,TSLA,22.50933265686035,22.856666564941406,1,0.0009011831061,0.0009001321198,0.0008999386223,0.0008998779282,0.0008999453448,0.0009010279532,0.0008999305063,0.9936979644,0.2475,0.2475,0.2475
1112,23.05466651916504,23.05466651916504,70765500,20180130,TSLA,23.302000045776367,23.05466651916504,0,0.001002615229,0.001001232498,0.001000931181,0.2426362338,0.001002123768,0.5269798753,0.001002563748,0.2253744245,-0.9807,-0.9807,-0.9807
1113,22.264667510986328,22.264667510986328,76326000,20180206,TSLA,22.208667755126957,22.264667510986328,1,0.0008935166864499999,0.00089367013015,0.7602398527,0.00089350868105,0.14819189590499998,0.02600227696,0.0008936239219,0.061991655039999996,0.6953,0.7905,0.7429
1114,23.0,23.0,104538000,20180207,TSLA,22.264667510986328,23.0,1,0.04065360135385,0.00068866390925,0.0572300133561,0.0006887281283,0.31372139787755,0.23144906091115,0.00068875202405,0.35487978245,-0.9872,0.9959,0.0043500000000000205
1115,20.69466781616211,20.69466781616211,194005500,20180209,TSLA,21.01533317565918,20.69466781616211,0,0.052782623552500005,0.0144069262112,0.35344452327165,0.3090155580001,0.10572219016920001,0.12229780535000001,0.030745723899100002,0.01158464956945,0.9914,0.9914,0.9914
1116,21.048667907714844,21.048667907714844,93417000,20180212,TSLA,20.69466781616211,21.048667907714844,1,0.1566017174,0.0004727440028,0.08759170831,0.0004724019579,0.7106714358,0.01226223243,0.03145549595,0.0004722641868,0.9973,0.9973,0.9973
1117,22.21999931335449,22.21999931335449,48294000,20180221,TSLA,22.31800079345703,22.21999931335449,0,0.1314139551,0.0004455824078,0.08653403081,0.09813246831,0.4949639808,0.08690270026,0.07275080164,0.02885648062,0.9869,0.9869,0.9869
1118,23.077999114990234,23.077999114990234,104547000,20180222,TSLA,22.21999931335449,23.077999114990234,1,0.07234760999,0.08029933731,0.4911562599,0.04526977549,0.2828309494,0.000320381741,0.02745523994,0.0003204461456,0.9845,0.9845,0.9845
1119,23.827999114990234,23.827999114990234,65100000,20180226,TSLA,23.46999931335449,23.827999114990234,1,0.5812487849,0.0005822368149,0.0005819576845,0.1497231131,0.0005824732634,0.03861144349,0.1990173016,0.02965268914,0.9912,0.9912,0.9912
1120,22.341333389282227,22.341333389282227,76392000,20180302,TSLA,22.062000274658203,22.341333389282227,1,0.09356680458,0.0002223273968,0.0002222426849,0.08716273474,0.8040176051,0.0002224947438,0.0002226732804,0.01436311743,0.9989,0.9989,0.9989
1121,21.8799991607666,21.8799991607666,64285500,20180306,TSLA,22.22333335876465,21.8799991607666,0,0.3540454263000001,0.0615851600156,0.0823069621142,0.009594996741966667,0.25371968158333336,0.13400750316596666,0.10391809315233334,0.0008221769244,0.5515,0.9879,0.8399
1122,21.81133270263672,21.81133270263672,82602000,20180309,TSLA,21.940000534057617,21.81133270263672,0,0.1659630564,0.2698758146,0.0004466943354,0.0004467756515,0.0004466655512,0.0004467783855,0.05040074798,0.5119734671,-0.9938,-0.9938,-0.9938
1123,22.78933334350586,22.78933334350586,89487000,20180313,TSLA,23.03400039672852,22.78933334350586,0,0.18121259408044998,0.0004732174504,0.00047333646,0.0706022850489,0.0051823992806999996,0.2214092857467,0.022184000713399998,0.49846288121385,-0.9339,-0.8312,-0.88255
1124,21.706666946411133,21.706666946411133,98472000,20180315,TSLA,21.775333404541016,21.706666946411133,0,0.0005771568956,0.000577019307,0.0005767884238,0.0005768448853,0.0005765485677,0.000576982445,0.0005765904226,0.9959620691,-0.9901,-0.9901,-0.9901
1125,20.703332901000977,20.703332901000977,71464500,20180320,TSLA,20.90399932861328,20.703332901000977,0,0.0003692025485,0.0708932195,0.0003690392887,0.02615677836,0.0003691807461,0.02603826864,0.03827983345,0.8375244775,-0.9947,-0.9947,-0.9947
1126,20.606666564941406,20.606666564941406,74097000,20180322,TSLA,21.101999282836918,20.606666564941406,0,0.000767723691,0.0007675490225,0.0007693443114,0.08369490059,0.4701710596,0.0007686065414,0.0007676617184,0.4422931545,0.9769,0.9769,0.9769
1127,20.1026668548584,20.1026668548584,99823500,20180323,TSLA,20.606666564941406,20.1026668548584,0,0.08403347236,0.08998154453,0.03521704456,0.0008878440971,0.0008879185517,0.7571863331,0.03091801799,0.0008878247736,0.6662,0.6662,0.6662
1128,20.27866744995117,20.27866744995117,125628000,20180326,TSLA,20.1026668548584,20.27866744995117,1,0.162810959,0.0003974907407,0.0003974931311,0.0003973193193,0.0003977298339,0.792706155,0.0424955625,0.0003972904382,0.9809,0.9809,0.9809
1129,18.61199951171875,18.61199951171875,208080000,20180327,TSLA,20.27866744995117,18.61199951171875,0,0.3610450684847333,0.0006279428116333334,0.003434762454033333,0.0006283160952333333,0.3258791316,0.30712812970666664,0.0006283449791,0.0006283038783,0.9964,0.9997,0.9980666666666668
1130,17.8353328704834,17.8353328704834,282666000,20180403,TSLA,16.832000732421875,17.8353328704834,1,0.40755719846550004,0.09126886065695,0.00042881497505,0.00042765394425,0.00042817856564999996,0.00042806638210000003,0.0004277256898,0.49903350136985,-0.9951,0.9969,0.0009000000000000119
1131,19.12933349609375,19.12933349609375,298450500,20180404,TSLA,17.8353328704834,19.12933349609375,1,0.1384655282,0.2986198277,0.0005393181942,0.0005393704627,0.00722507685,0.0005395535498,0.0005402076067,0.5535311174,0.8346,0.8346,0.8346
1132,20.381332397460938,20.381332397460938,286816500,20180405,TSLA,19.12933349609375,20.381332397460938,1,0.1215199014,0.0005847299375,0.0005844913431,0.0005845532399,0.000584509918,0.0005850120015,0.0005846235305,0.8749721786,0.9077,0.9077,0.9077
1133,20.062000274658203,20.062000274658203,112243500,20180411,TSLA,20.31333351135254,20.062000274658203,0,0.37283373885,0.08527345596290001,0.0007053563413000001,0.1791815734645,0.0007057085996000001,0.0007058847686,0.0007060065481,0.35988827548145,-0.981,0.9914,0.005199999999999982
1134,19.41399955749512,19.41399955749512,95077500,20180416,TSLA,20.022666931152344,19.41399955749512,0,0.001009610039,0.001008778634,0.1933186809,0.001009322964,0.8006253175,0.001009371187,0.001009995375,0.001008923425,0.9859,0.9859,0.9859
1135,19.179332733154297,19.179332733154297,105000000,20180417,TSLA,19.41399955749512,19.179332733154297,0,0.0005769131741,0.0005772766866,0.0005765144443,0.0005771687644,0.0005769817333,0.09201830617,0.0005773526348,0.9045194864,-0.922,-0.922,-0.922
1136,19.60533332824707,19.60533332824707,65469000,20180427,TSLA,19.03199958801269,19.60533332824707,1,0.05190388295,0.1371782903,0.0005661177775,0.0005661652742,0.0005663562559,0.0005661203303,0.0005663395426,0.8080867275,0.9757,0.9757,0.9757
1137,19.59333229064941,19.59333229064941,63423000,20180430,TSLA,19.60533332824707,19.59333229064941,0,0.115450958,0.0006105673919,0.0006105543858,0.0006106031223,0.8808839355,0.0006105871366,0.0006107580706,0.0006120363462,0.9764,0.9764,0.9764
1138,18.96333312988281,18.96333312988281,260281500,20180503,TSLA,20.07666778564453,18.96333312988281,0,0.0006290048338,0.0239185009,0.0006286371322,0.0006287743225,0.0006286508763,0.06794670262,0.0006290991854,0.9049906301,0.9747,0.9747,0.9747
1139,20.184667587280277,20.184667587280277,130173000,20180507,TSLA,19.606000900268555,20.184667587280277,1,0.6166392746,0.0006450903574,0.0006449063419,0.1754589289,0.20467592,0.000645538547,0.0006454479103,0.0006448933411,0.9899,0.9899,0.9899
1140,19.46466636657715,19.46466636657715,109302000,20180514,TSLA,20.070667266845703,19.46466636657715,0,0.001069592123,0.00107052785,0.001069412707,0.1500735873,0.001069400494,0.151235621,0.001069694684,0.6933421638,-0.9948,-0.9948,-0.9948
1141,18.96933364868164,18.96933364868164,66309000,20180517,TSLA,19.09866714477539,18.96933364868164,0,0.08714465261,0.0005196546468,0.000519159014,0.0005196837499,0.0005195683093,0.0005198050998,0.0005195083337,0.9097379682,0.504,0.504,0.504
1142,18.333999633789062,18.333999633789062,134187000,20180522,TSLA,18.965999603271484,18.333999633789062,0,0.0007277165217,0.0007274340685,0.000727567956,0.0007276961628,0.01073349603,0.1033185776,0.0007278878426,0.8823096238,-0.312,-0.312,-0.312
1143,18.917333602905277,18.917333602905277,84999000,20180529,TSLA,18.59000015258789,18.917333602905277,1,0.0007676727951,0.0007674427013,0.1485084269,0.0007676366711,0.7723798233,0.07527331929,0.0007677019591,0.0007679763049,0.8981,0.8981,0.8981
1144,19.447999954223636,19.447999954223636,112345500,20180530,TSLA,18.917333602905277,19.447999954223636,1,0.0008508338736,0.0008515721415,0.0008511664319,0.08220095034,0.0008514045366,0.0008519591195,0.0008524292889,0.9126896843,-0.9761,-0.9761,-0.9761
1145,21.299999237060547,21.299999237060547,281509500,20180606,TSLA,19.408666610717773,21.299999237060547,1,0.1876916689,0.0005694771561,0.0005686947927,0.0005689261969,0.0005686797134,0.190529821,0.000569524067,0.6189332082,0.8043,0.8043,0.8043
1146,22.851333618164062,22.851333618164062,335211000,20180612,TSLA,22.13999938964844,22.851333618164062,1,0.0004053891743,0.0004051326818,0.000404880619,0.0004049410816,0.0004050577953,0.1513418926,0.000404850654,0.8462278554,-0.9429,-0.9429,-0.9429
1147,23.847999572753903,23.847999572753903,164715000,20180614,TSLA,22.985332489013672,23.847999572753903,1,0.0007199262832,0.0007202480747,0.0007197178588,0.2619008639,0.3726093163,0.0007202768166,0.0007190530552,0.3618905977,0.6789,0.6789,0.6789
1148,24.14800071716309,24.14800071716309,125755500,20180620,TSLA,23.503332138061523,24.14800071716309,1,0.07030105816,0.0007769615702,0.2739209398,0.0007771780104,0.6518911602,0.0007776319819,0.0007769806246,0.0007780896417,0.9864,0.9864,0.9864
1149,23.167333602905277,23.167333602905277,119506500,20180621,TSLA,24.14800071716309,23.167333602905277,0,0.001490161873,0.001489102938,0.6204729008,0.07164813014,0.2789426169,0.02297633765,0.001488886643,0.00149186305,0.9247,0.9247,0.9247
1150,22.242000579833984,22.242000579833984,153991500,20180622,TSLA,23.167333602905277,22.242000579833984,0,0.4218539517,0.01591615427,0.000348001294,0.0003477059651,0.0003478026745,0.1026859955,0.0003482904092,0.4581520982,-0.9834,-0.9834,-0.9834
1151,22.799999237060547,22.799999237060547,111787500,20180626,TSLA,22.200666427612305,22.799999237060547,1,0.174961035,0.08764720184,0.05837967842,0.1924183917,0.3121392807,0.173215294,0.0006197153266,0.0006194029978,,,
1152,22.96666717529297,22.96666717529297,125005500,20180627,TSLA,22.799999237060547,22.96666717529297,1,0.1486126619,0.2320180789,0.0007580931725,0.0007581810603,0.0007586008042,0.0007589943213,0.0007584065113,0.6155769832,0.9771,0.9771,0.9771
1153,22.86333274841309,22.86333274841309,97386000,20180629,TSLA,23.32866668701172,22.86333274841309,0,0.00066198616,0.0006618757895,0.03251355915,0.000662260768,0.9335027289,0.03067342185,0.0006619356691,0.0006622316972,0.3701,0.3701,0.3701
1154,20.59333229064941,20.59333229064941,132982500,20180706,TSLA,20.61066627502441,20.59333229064941,0,0.20790663348675,0.0006079948698,0.0048956040276,0.47933326760000006,0.11876360687,0.15237362689225,0.000607894829,0.035511371396050005,0.9877,0.9877,0.9877
1155,21.233999252319336,21.233999252319336,113952000,20180709,TSLA,20.59333229064941,21.233999252319336,1,0.0007944604781,0.000794662729,0.0728301690844,0.03619012272295,0.13606018074235002,0.25381801700455003,0.0037806811984999996,0.4957317060255,0.9601,0.9953,0.9777
1156,20.67333221435547,20.67333221435547,117280500,20180716,TSLA,21.257999420166016,20.67333221435547,0,0.0009410455798,0.0009407957347,0.07180571363,0.1895437017,0.04770963468,0.6871769568,0.0009410814927,0.0009410703179,-0.4624,-0.4624,-0.4624
1157,21.59000015258789,21.59000015258789,84363000,20180718,TSLA,21.512666702270508,21.59000015258789,1,0.07000143513805,0.0115224234262,0.00069982133165,0.07639675248934999,0.03164121633955,0.61611471,0.00069986506095,0.19292377615849998,-0.8797,-0.8498,-0.86475
1158,20.21333312988281,20.21333312988281,164893500,20180723,TSLA,20.905332565307617,20.21333312988281,0,0.2906837034,0.0006806292861,0.0006799058764,0.0006800117147,0.0006799746136,0.02163279341,0.0006799928101,0.6842829889,0.9494,0.9494,0.9494
1159,19.82866668701172,19.82866668701172,143862000,20180724,TSLA,20.21333312988281,19.82866668701172,0,0.24195469420000001,0.1123876985101,0.01711222058185,0.09619346982499999,0.48348912065,0.000498435274,0.00049757163395,0.04786678930175,0.994,0.9981,0.99605
1160,20.44333267211914,20.44333267211914,69457500,20180726,TSLA,20.582666397094727,20.44333267211914,0,0.000887343963,0.0008869435888,0.1030060781,0.0008874998143,0.8313283656,0.06122924261,0.0008870050501,0.0008875212065,0.8509,0.8509,0.8509
1161,20.05599975585937,20.05599975585937,151941000,20180801,TSLA,19.875999450683597,20.05599975585937,1,0.2702200428,0.001117126416,0.001118554581,0.001117493172,0.001117135094,0.1723645557,0.001117081687,0.5518280105,-0.93,-0.93,-0.93
1162,23.211332321166992,23.211332321166992,204847500,20180803,TSLA,23.30266761779785,23.211332321166992,0,0.0007535150955,0.0007544917695,0.9266448476,0.05127065203,0.0007541499474,0.0007544045136,0.01831442265,0.000753516381,0.7311,0.7311,0.7311
1163,22.79933357238769,22.79933357238769,128464500,20180806,TSLA,23.211332321166992,22.79933357238769,0,0.0006624827432,0.3387227462,0.0006617558172,0.0006620903461,0.000662120104,0.0006621906929,0.03017609736,0.6277905167,0.9707,0.9707,0.9707
1164,25.30466651916504,25.30466651916504,463137000,20180807,TSLA,22.79933357238769,25.30466651916504,1,0.2453150822726,0.0006217576733000001,0.0006215316503000001,0.0006217408669,0.02582412158375,0.19050194165644999,0.00062142309985,0.5358724012,-0.9841,0.9951,0.005500000000000005
1165,24.689332962036133,24.689332962036133,368568000,20180808,TSLA,25.30466651916504,24.689332962036133,0,0.6034751982,0.0005194918286,0.0005194619954,0.0005193305751,0.0005192623645,0.3934084034,0.0005191952358,0.0005196564824,0.978,0.978,0.978
1166,23.49666786193848,23.49666786193848,257757000,20180809,TSLA,24.689332962036133,23.49666786193848,0,0.02325203623,0.0006192800515,0.0006193822003,0.01037128069,0.9632794167,0.0006198815548,0.0006194138371,0.0006193087628,0.9472,0.9472,0.9472
1167,23.69933319091797,23.69933319091797,173280000,20180810,TSLA,23.49666786193848,23.69933319091797,1,0.5012261183,0.0006802081886,0.01294498574,0.0006801196184,0.0006804126567,0.1806282041,0.0006799692199,0.3024799821,0.9849,0.9849,0.9849
1168,23.76066780090332,23.76066780090332,156958500,20180813,TSLA,23.69933319091797,23.76066780090332,1,0.4678851584,0.0004888487751,0.0004889047167,0.0004889353566,0.0004886781798,0.4689663391,0.0004887285966,0.06070440689,0.9657,0.9657,0.9657
1169,23.176000595092773,23.176000595092773,104796000,20180814,TSLA,23.76066780090332,23.176000595092773,0,0.1561702942,5.59e-05,5.59e-05,0.6449980487,0.1756883232,0.0003523990806,0.00277033377,0.0199088647,1.0,1.0,1.0
1170,22.57933235168457,22.57933235168457,136519500,20180815,TSLA,23.176000595092773,22.57933235168457,0,0.4174864933,0.0008291805689,0.0008283349609,0.0008286834308,0.0008284948591,0.4673346296,0.0008285949562,0.1110355884,0.9822,0.9822,0.9822
1171,20.36666679382324,20.36666679382324,284379000,20180817,TSLA,22.36333274841309,20.36666679382324,0,0.46071557674999997,0.05387848030135,0.00965795054175,0.0005786635438,0.0005783986501,0.291867938285,0.022800220673799998,0.15992277128835,-0.9961,0.8121,-0.09199999999999997
1172,21.459999084472656,21.459999084472656,197583000,20180821,TSLA,20.562667846679688,21.459999084472656,1,0.02378011734,0.0009069564385,0.09008077153,0.0009068490215,0.8563354137,0.0009072491706,0.02617581867,0.0009068241008,0.9601,0.9601,0.9601
1173,21.44266700744629,21.44266700744629,89190000,20180822,TSLA,21.459999084472656,21.44266700744629,0,0.38155215953245,0.078116854496,0.043521748123,0.051173321495,0.4349887060805,0.00098920358445,0.008669447771500001,0.00098855891385,0.6365,0.9887,0.8126
1174,21.34000015258789,21.34000015258789,77209500,20180823,TSLA,21.44266700744629,21.34000015258789,0,0.1285526931,0.0002369829793,0.0690768612,0.1285111062,0.6325953285,0.04055294884,0.0002371592067,0.0002369199581,0.9998,0.9998,0.9998
1175,20.790666580200195,20.790666580200195,114736500,20180828,TSLA,21.284666061401367,20.790666580200195,0,0.001025897066,0.001025382886,0.01100903541,0.001025801814,0.001027293285,0.9828336287,0.001025274593,0.001027686276,-0.1333,-0.1333,-0.1333
1176,20.333999633789062,20.333999633789062,111711000,20180829,TSLA,20.790666580200195,20.333999633789062,0,0.00284381958,0.002845638421,0.6456989218,0.2395162845,0.07263803861,0.002847710388,0.03076635325,0.002843233389,0.4404,0.4404,0.4404
1177,18.715999603271484,18.715999603271484,115812000,20180905,TSLA,19.26333236694336,18.715999603271484,0,0.0005264325517,0.0005264005407,0.0005265307926,0.00052675674695,0.0005266471936999999,0.0257712178836,0.00052643255675,0.9710695817,-0.9968,-0.0027,-0.49975
1178,18.729999542236328,18.729999542236328,112212000,20180906,TSLA,18.715999603271484,18.729999542236328,1,0.0013037649,0.001303669322,0.001303620637,0.2167126234,0.1653624134,0.6114073129,0.001303002547,0.001303592908,0.9473,0.9473,0.9473
1179,17.549333572387695,17.549333572387695,337378500,20180907,TSLA,18.729999542236328,17.549333572387695,0,0.1752175282,0.0003988647339,0.000398600912,0.0003988274477,0.0003985439157,0.59309686,0.04507792003,0.1850128547,-0.253,-0.253,-0.253
1180,18.62933349609375,18.62933349609375,137550000,20180911,TSLA,19.03333282470703,18.62933349609375,0,0.2565623432,0.0004410709596,0.0004405921986,0.2444841319,0.0004407133553,0.4688496154,0.02834058696,0.0004409460139,0.7358,0.7358,0.7358
1181,19.297332763671875,19.297332763671875,95104500,20180913,TSLA,19.369333267211918,19.297332763671875,0,0.03701473883,0.0004212599742,0.517674389,0.0004216193897,0.4432038052,0.0004212846705,0.0004213053064,0.0004215976813,0.9958,0.9958,0.9958
1182,19.68000030517578,19.68000030517578,101484000,20180914,TSLA,19.297332763671875,19.68000030517578,1,0.001079511223,0.001078524165,0.5458521807,0.001078735742,0.307310229,0.1414424327,0.001078398806,0.001079987694,0.7579,0.7579,0.7579
1183,19.6560001373291,19.6560001373291,103314000,20180917,TSLA,19.68000030517578,19.6560001373291,0,0.00120718528275,0.0012068343042,0.2083581962205,0.0012075933348,0.1683956228,0.61721010195,0.0012068854342,0.00120758070875,-0.9791,0.7964,-0.09134999999999999
1184,18.997333526611328,18.997333526611328,248212500,20180918,TSLA,19.6560001373291,18.997333526611328,0,0.06234469630766667,0.0008018733710333333,0.21938099681313336,0.0008016948973,0.1059549369451,0.24440497394053332,0.0008014715225666667,0.3655093561664333,0.881,0.9759,0.9439000000000001
1185,20.501333236694336,20.501333236694336,127636500,20180927,TSLA,20.6386661529541,20.501333236694336,0,0.2351379503,0.001026209671,0.001025337919,0.001025676099,0.001025295684,0.7360527838,0.001025872012,0.02368087453,0.9196,0.9196,0.9196
1186,17.65133285522461,17.65133285522461,504745500,20180928,TSLA,20.501333236694336,17.65133285522461,0,0.2285369574,0.1029331992,0.0007273971891,0.00072772186,0.0007273927435,0.577811167,0.0007277037613,0.08780846085,-0.9749,-0.9749,-0.9749
1187,20.71333312988281,20.71333312988281,326664000,20181001,TSLA,17.65133285522461,20.71333312988281,1,0.2060681122,0.0005663095448,0.0005661995342,0.0005663659775,0.00056632409,0.392508313,0.0005664463224,0.3985919293,0.6881,0.6881,0.6881
1188,20.06800079345703,20.06800079345703,176152500,20181002,TSLA,20.71333312988281,20.06800079345703,0,0.01852648442,0.0003736029516,0.0003735327774,0.0003737449184,0.9286356474,0.05096986713,0.0003736277937,0.0003734926032,0.9989,0.9989,0.9989
1189,18.788667678833008,18.788667678833008,147213000,20181004,TSLA,19.65333366394043,18.788667678833008,0,0.2316844948,0.00106075084,0.001060122925,0.001060269322,0.001060057419,0.7619529741,0.00106014678,0.001061183851,0.5848,0.5848,0.5848
1190,16.70400047302246,16.70400047302246,202090500,20181008,TSLA,17.463333129882812,16.70400047302246,0,0.001422070442,0.00142229543,0.8784004917,0.001422125927,0.1130675188,0.00142176198,0.001421416068,0.001422319667,-0.2617,-0.2617,-0.2617
1191,17.520000457763672,17.520000457763672,180909000,20181009,TSLA,16.70400047302246,17.520000457763672,1,0.2663089817,0.004750735107,7.55e-05,0.6346145859,0.006470127235,0.0565059839,0.03119867733,7.55e-05,1.0,1.0,1.0
1192,17.25200080871582,17.25200080871582,108021000,20181012,TSLA,16.815332412719727,17.25200080871582,1,0.32065387658245,0.00075578628295,0.0007555894624,0.0007556041361499999,0.053466068924499996,0.12476402033820001,0.0007555063944,0.4980935478824,-0.0645,0.9287,0.4321
1193,17.305999755859375,17.305999755859375,93000000,20181015,TSLA,17.25200080871582,17.305999755859375,1,0.0004852261589,0.000484889396,0.6597277796,0.0004848739951,0.3373624035,0.0004850409802,0.0004847433914,0.0004850429666,0.9923,0.9923,0.9923
1194,18.439332962036133,18.439332962036133,142896000,20181016,TSLA,17.305999755859375,18.439332962036133,1,0.42450522580000005,0.00139350918725,0.0546962428485,0.0013931468818,0.05813277407,0.40519488425999994,0.00139333193855,0.053290885028249996,-0.1104,0.9971,0.44335
1195,18.118667602539062,18.118667602539062,129832500,20181017,TSLA,18.439332962036133,18.118667602539062,0,0.2394173581,0.002018209417,0.002017842994,0.002016989203,0.002016817546,0.6091417328,0.002019059128,0.1413519908,0.91,0.91,0.91
1196,17.5939998626709,17.5939998626709,81318000,20181018,TSLA,18.118667602539062,17.5939998626709,0,0.0005742688011,0.0005748269524,0.0005737064107,0.0005745815334,0.7757135008,0.2208405182,0.0005747416063,0.0005738557116,0.9971,0.9971,0.9971
1197,17.333332061767578,17.333332061767578,140632500,20181019,TSLA,17.5939998626709,17.333332061767578,0,0.001018019639,0.001017888235,0.001017388171,0.001017105639,0.001017295106,0.2899791737,0.001016933378,0.7039161962,0.9919,0.9919,0.9919
1198,17.39666748046875,17.39666748046875,84004500,20181022,TSLA,17.333332061767578,17.39666748046875,1,0.07350177171,0.0007275623146,0.0007281875375,0.03830874194,0.3611120771,0.3237554384,0.0007276147548,0.2011386062,0.9749,0.9749,0.9749
1199,19.60933303833008,19.60933303833008,285417000,20181023,TSLA,17.39666748046875,19.60933303833008,1,0.130433632788,0.001089371541,0.048536564663499995,0.0801278949475,0.09859054322649999,0.55141449265,0.0887173187835,0.001090181366,0.2885,0.9939,0.6412
1200,19.233333587646484,19.233333587646484,300874500,20181024,TSLA,19.60933303833008,19.233333587646484,0,0.17536619163333333,0.0005417154878333333,0.0005419077489,0.0005416538437666667,0.0005418682943666666,0.26687402923453335,0.0005416605537333333,0.5550509731666667,-0.9902,0.9841,0.22006666666666666
1201,20.99066734313965,20.99066734313965,312610500,20181025,TSLA,19.233333587646484,20.99066734313965,1,0.8835927907,0.06383957026,0.001624198885,0.001624820579,0.001624074904,0.04444382557,0.001625364665,0.001625354428,0.4019,0.4019,0.4019
1202,22.32333374023437,22.32333374023437,217290000,20181029,TSLA,22.059999465942383,22.32333374023437,1,0.0722892656,0.001316900712,0.001316477575,0.001317423316,0.001316650776,0.835482545,0.001316915812,0.0856438212,0.9717,0.9717,0.9717
1203,22.488000869750977,22.488000869750977,114364500,20181031,TSLA,21.99333381652832,22.488000869750977,1,0.2426930826,0.09447779803,0.0005345508653,0.0005348286225,0.03054031276,0.0005348775178,0.0005350090346,0.6301495406,0.9904,0.9904,0.9904
1204,22.95199966430664,22.95199966430664,120001500,20181101,TSLA,22.488000869750977,22.95199966430664,1,0.0008018112872,0.05447994765,0.03124615538,0.0008022055939,0.0008022701108,0.000803205263,0.0008026098788,0.9102617948,0.9759,0.9759,0.9759
1205,23.0939998626709,23.0939998626709,117120000,20181102,TSLA,22.95199966430664,23.0939998626709,1,0.442879557,0.1493373186,0.001097917583,0.001098643617,0.05068842625,0.2864866084,0.001097595972,0.06731393256,-0.9468,-0.9468,-0.9468
1206,22.76000022888184,22.76000022888184,117465000,20181105,TSLA,23.0939998626709,22.76000022888184,0,0.361294712694,0.035480217695999995,0.00108402373145,0.01195367887405,0.21574263309875,0.19762371715,0.0010839130875,0.17573710369685,0.8885,0.9812,0.93485
1207,22.73733329772949,22.73733329772949,101443500,20181106,TSLA,22.76000022888184,22.73733329772949,0,0.001079071204,0.001078589504,0.2896387043,0.001078478699,0.523630515,0.08675061946,0.001078393954,0.09566562789,,,
1208,23.426666259765625,23.426666259765625,106360500,20181108,TSLA,23.21066665649414,23.426666259765625,1,0.31556590185,0.0007982732369499999,0.0007975689778000001,0.0007979034694,0.309293620391,0.1988664419,0.0007975193916999999,0.1730827707555,0.9879,0.9915,0.9897
1209,23.367332458496094,23.367332458496094,76482000,20181109,TSLA,23.426666259765625,23.367332458496094,0,0.1861179136,0.0005130166067,0.0005130719188,0.0005129761287,0.0005130468757,0.3701914696,0.0005129173317,0.4411255879,0.996,0.996,0.996
1210,22.933332443237305,22.933332443237305,75604500,20181114,TSLA,22.582000732421875,22.933332443237305,1,0.2162379665,0.001277753087,0.001277488284,0.001278000552,0.226671792,0.2799544088,0.001276868528,0.2720257222,0.4588,0.4588,0.4588
1211,23.564666748046875,23.564666748046875,145633500,20181119,TSLA,23.62066650390625,23.564666748046875,0,0.08132706776,0.07766319404,0.0004271870299,0.0004274116389,0.0004270874072,0.1469409774,0.0004272537603,0.692359821,-0.8517,-0.8517,-0.8517
1212,22.54599952697754,22.54599952697754,70302000,20181121,TSLA,23.166000366210938,22.54599952697754,0,0.04860343032,0.0008288566369,0.6867343577,0.000829514904,0.0008294605972,0.2605171221,0.000828368273,0.0008288895123,0.9797,0.9797,0.9797
1213,23.06666755676269,23.06666755676269,119881500,20181126,TSLA,21.722000122070312,23.06666755676269,1,0.16512244591333333,0.0006333939041666667,0.014578154937066665,0.050538247437699996,0.4458866111,0.11810982926476667,0.0006332968188,0.20449802063519998,-0.8413,0.9974,0.3828
1214,22.92799949645996,22.92799949645996,95374500,20181127,TSLA,23.06666755676269,22.92799949645996,0,0.024051309077666668,0.18457018654266666,0.015031131179833334,0.2726287849209333,0.0011519330514666666,0.001152959608,0.0011516600597,0.5002620356,-0.6249,0.9919,0.41286666666666666
1215,23.191333770751957,23.191333770751957,61914000,20181128,TSLA,22.92799949645996,23.191333770751957,1,0.0005798508002,0.0005796733507,0.04659166249,0.1094955443,0.3381604832,0.2074096928,0.03952094408,0.257662149,0.7622,0.7622,0.7622
1216,23.365333557128903,23.365333557128903,84436500,20181130,TSLA,22.744667053222656,23.365333557128903,1,0.3324783207486,0.0005655138323333334,0.31514461114450004,0.05417006517333333,0.1435388085482,0.04275627397283333,0.0005653227019000001,0.11078108387179998,0.1162,0.9995,0.5501
1217,23.89933204650879,23.89933204650879,124597500,20181203,TSLA,23.365333557128903,23.89933204650879,1,0.5480475792,0.2273539756,0.0007234784897,0.0007231220809,0.0007241405022,0.0007233579023,0.0007236939812,0.2209806523,0.9909,0.9909,0.9909
1218,24.20400047302246,24.20400047302246,117637500,20181206,TSLA,23.979999542236328,24.20400047302246,1,0.2191124839,0.0004172878567,0.0004169863034,0.0004174432649,0.441408652,0.200069523,0.1020477096,0.03610991405,0.9854,0.9854,0.9854
1219,23.86466789245605,23.86466789245605,172668000,20181207,TSLA,24.20400047302246,23.86466789245605,0,0.9958066341,0.0005990775449,0.0005988403098,0.0005988891658,0.000599273209,0.0005996935827,0.0005988781693,0.0005987139339,0.9994,0.9994,0.9994
1220,24.34333229064941,24.34333229064941,99202500,20181210,TSLA,23.86466789245605,24.34333229064941,1,0.09138086091,0.001026141802,0.001025427617,0.001025912997,0.001025523873,0.4600374102,0.001026547941,0.4434521746,0.9608,0.9608,0.9608
1221,24.440000534057617,24.440000534057617,75405000,20181212,TSLA,24.450666427612305,24.440000534057617,0,0.40194237022,0.1178473092652,0.0007158681751499999,0.0007160921359,0.00071614301365,0.09623864625635,0.0007161088943,0.38110746204464996,0.9705,0.9808,0.97565
1222,25.119333267211918,25.119333267211918,110488500,20181213,TSLA,24.440000534057617,25.119333267211918,1,0.0008578409561,0.0008570994272,0.3050124081,0.0008577130799,0.6746404733,0.01605978778,0.0008571061716,0.0008575711484,0.9865,0.9865,0.9865
1223,22.46866607666016,22.46866607666016,106500000,20181218,TSLA,23.22800064086914,22.46866607666016,0,0.0009550534208,0.4829482865,0.5113177887,0.0009558071992,0.0009562704648,0.0009557070825,0.0009562129378,0.000954873767,-0.9747,-0.9747,-0.9747
1224,22.197999954223636,22.197999954223636,124113000,20181219,TSLA,22.46866607666016,22.197999954223636,0,0.0007276056276,0.0007282993038,0.04289895594,0.02327000655,0.4007882687,0.05659787183,0.0007291184285,0.4742598737,-0.9067,-0.9067,-0.9067
1225,21.73933219909668,21.73933219909668,122446500,20181226,TSLA,19.69266700744629,21.73933219909668,1,0.2130299758591,0.05234332716106666,0.09394122705133333,0.0004563922325,0.2880405136852667,0.2794981105350667,0.019714486102033333,0.05297596738333333,-0.9937,0.9939,0.32393333333333335
1226,21.07533264160156,21.07533264160156,128626500,20181227,TSLA,21.73933219909668,21.07533264160156,0,0.023526852510066667,0.0008284452293333333,0.008424806557733333,0.0787835593587,0.04075376500226666,0.5152018109845333,0.3316525147725,0.0008282455972666667,-0.839,0.9971,0.3786333333333333
1227,22.257999420166016,22.257999420166016,149085000,20181228,TSLA,21.07533264160156,22.257999420166016,1,0.000371033134,0.0003707895944,0.35362975883174996,0.00619865600485,0.36599763125,0.008631016573799999,0.00037089720735,0.2644302173725,0.9898,0.9976,0.9937
1228,22.18666648864746,22.18666648864746,94534500,20181231,TSLA,22.257999420166016,22.18666648864746,0,0.1112150206462,0.06869790187105,0.011400089502399999,0.00053666569765,0.23377968433745,0.38934795499999997,0.0005367629114999999,0.18448592005,-0.9764,0.9956,0.009599999999999997
1229,20.67466735839844,20.67466735839844,174879000,20190102,TSLA,22.18666648864746,20.67466735839844,0,0.51582964155,0.038981413093999995,0.00120313474755,0.0012032127371499998,0.0012028789564,0.028629007875650002,0.00120333600215,0.41174737504500003,-0.966,0.7506,-0.10769999999999996
1230,20.02400016784668,20.02400016784668,104478000,20190103,TSLA,20.67466735839844,20.02400016784668,0,0.6527078282500001,0.14992483535,0.0005562991895499999,0.02267993271145,0.00055632538715,0.0005563866585,0.00055639063795,0.1724620018,-0.9973,-0.9667,-0.982
1231,23.15066719055176,23.15066719055176,75586500,20190111,TSLA,22.99799919128418,23.15066719055176,1,0.1459757279,0.0296658061,0.0005874713994,0.0005875353594,0.0005873529901,0.0005875861541,0.0005874610731,0.821421059,0.9927,0.9927,0.9927
1232,20.15066719055176,20.15066719055176,362262000,20190118,TSLA,23.15399932861328,20.15066719055176,0,0.2626295327,0.000515219515,0.0005157272249,0.0005149007301,0.0005148376222,0.06360821345,0.0005149514263,0.6711866173,0.9922,0.9922,0.9922
1233,19.43400001525879,19.43400001525879,120183000,20190124,TSLA,19.172666549682617,19.43400001525879,1,0.39889168428,0.0013355416845,0.001335177296,0.001336224605,0.053307653105,0.447156827547,0.0013351975794999998,0.0953016939375,-0.675,0.9542,0.1396
1234,19.83066749572754,19.83066749572754,69325500,20190129,TSLA,19.7586669921875,19.83066749572754,1,0.26932332333915,0.64428315485,0.0004155449892,0.0288240161651,0.00041583854685000004,0.00041561745795000004,0.0491434838552,0.007179020807649999,0.9884,0.9905,0.9894499999999999
1235,20.584667205810547,20.584667205810547,168754500,20190130,TSLA,19.83066749572754,20.584667205810547,1,0.6462771848333333,0.08005778422726666,0.0009798931662,0.0009802415389,0.0009797733355666667,0.0009801814456,0.0009804674108666665,0.2687644740468,0.2794,0.965,0.6307333333333333
1236,20.468000411987305,20.468000411987305,188538000,20190131,TSLA,20.584667205810547,20.468000411987305,0,0.04350486883,0.7848083595,0.0003585872484,0.01213862233,0.06059601958,0.0003593777276,0.08455368005,0.01368048475,0.9841,0.9841,0.9841
1237,20.500667572021484,20.500667572021484,97809000,20190207,TSLA,21.14800071716309,20.500667572021484,0,0.00081653571735,0.0759341007002,0.47174086068320004,0.09488848899395,0.00081683272665,0.3541702195,0.0008164424871,0.0008165192128,0.8516,0.9044,0.878
1238,20.386667251586918,20.386667251586918,87663000,20190208,TSLA,20.500667572021484,20.386667251586918,0,0.001172276909,0.001169817911,0.001169422887,0.03897057871,0.001169591323,0.001169211171,0.001169300199,0.9540098009,-0.8829,-0.8829,-0.8829
1239,20.544666290283203,20.544666290283203,77124000,20190213,TSLA,20.78733253479004,20.544666290283203,0,0.327225510985,0.0008786309443,0.26383239345175,0.11905525358534999,0.1829525054948,0.09476577343,0.0104110447576,0.0008788873270000001,0.9896,0.9931,0.99135
1240,20.251333236694336,20.251333236694336,78012000,20190214,TSLA,20.544666290283203,20.251333236694336,0,0.0003567588823,0.00035666785,0.4722172722,0.0003566406905,0.5068157086,0.0003565882695,0.0003570038905,0.01918335961,0.989,0.989,0.989
1241,20.525333404541016,20.525333404541016,58573500,20190215,TSLA,20.251333236694336,20.525333404541016,1,0.0007323048636,0.0007317138916,0.0007315705645,0.0007322667412,0.0007319191681,0.8058958275,0.0007318103896,0.1897125869,0.9693,0.9693,0.9693
1242,20.17066764831543,20.17066764831543,107131500,20190220,TSLA,20.375999450683597,20.17066764831543,0,0.39811021543520003,0.09358618930304999,0.1532451773547,0.00056626894325,0.33429737777894997,0.01126305333015,0.0083655432476,0.00056617462415,0.8776,0.9987,0.93815
1243,19.415332794189453,19.415332794189453,133638000,20190221,TSLA,20.17066764831543,19.415332794189453,0,0.04230677426,0.0006732179964,0.0006725298474,0.0006730018012,0.0006729428525,0.000673487657,0.0006730581679,0.9536549874,0.9232,0.9232,0.9232
1244,19.6473331451416,19.6473331451416,86109000,20190222,TSLA,19.415332794189453,19.6473331451416,1,0.0339314289,0.05380198172,0.5386513503,0.000496798255,0.3190933693,0.01768295131,0.03584505864,0.0004970615729,0.9703,0.9703,0.9703
1245,19.857332229614254,19.857332229614254,128737500,20190226,TSLA,19.917999267578125,19.857332229614254,0,0.001456770217,0.001456737301,0.001455593616,0.001455169222,0.001454811063,0.7552206259,0.00145422794,0.2360460647,-0.9398,-0.9398,-0.9398
1246,20.982667922973636,20.982667922973636,167758500,20190227,TSLA,19.857332229614254,20.982667922973636,1,0.33024064759940003,0.0005892139922499999,0.49783977813295,0.0360332345604,0.0005896746951,0.1081118525279,0.01388704889405,0.012708549557150001,0.8782,0.9994,0.9388
1247,21.32533264160156,21.32533264160156,157810500,20190228,TSLA,20.982667922973636,21.32533264160156,1,0.067017517771,0.1806415816735,0.04866936591246667,0.12827723336176666,0.2559181615159,0.060203452240466665,0.0005436621597333333,0.25872902535136666,-0.9757,0.9932,-0.3098
1248,19.652666091918945,19.652666091918945,343671000,20190301,TSLA,21.32533264160156,19.652666091918945,0,0.0009695188113,0.0009696206854,0.9720435358,0.0009695820923,0.0009709831233,0.0009703583814,0.0009694809965,0.02213692015,0.9461,0.9461,0.9461
1249,18.416000366210938,18.416000366210938,155032500,20190306,TSLA,18.43600082397461,18.416000366210938,0,0.1358421384523,0.0005317291334,0.00053148889385,0.0005316922160999999,0.29994553739255,0.0005321198569500001,0.0005317590787,0.561553535,0.9899,0.9938,0.99185
1250,18.94266700744629,18.94266700744629,132294000,20190308,TSLA,18.439332962036133,18.94266700744629,1,0.000735929135,0.0007359506007,0.9948469523,0.0007360730763,0.0007369141886,0.0007365090767,0.0007360241085,0.0007356475069,0.9092,0.9092,0.9092
1251,19.39466667175293,19.39466667175293,110884500,20190311,TSLA,18.94266700744629,19.39466667175293,1,0.3138195866,0.001956354092,0.00195452561,0.001956135325,0.00195467083,0.3167462711,0.001955484998,0.3596569714,0.4588,0.4588,0.4588
1252,19.263999938964844,19.263999938964844,102670500,20190313,TSLA,18.89066696166992,19.263999938964844,1,0.0007023130039,0.0466494295381,0.4567705641,0.4058964686223,0.0354265571228,0.0007024708106999999,0.0007025187775,0.05314967799065,-0.802,0.8738,0.03589999999999999
1253,19.33066749572754,19.33066749572754,106551000,20190314,TSLA,19.263999938964844,19.33066749572754,1,0.09801980269,0.0369502956687,0.037514329766,0.36954231778784996,0.0007830892225,0.00078318096655,0.0007826855143,0.45562429842835,-0.9869,0.9872,0.00014999999999998348
1254,18.36199951171875,18.36199951171875,221782500,20190315,TSLA,19.33066749572754,18.36199951171875,0,0.0003725653011,0.0003727270005,0.0003727096216,0.0003728374667,0.0003725796593,0.2016930173,0.0003726264776,0.7960709372,0.8922,0.8922,0.8922
1255,17.83133316040039,17.83133316040039,177009000,20190319,TSLA,17.965999603271484,17.83133316040039,0,0.02616204763,0.08202176926,0.0005844907441,0.0005848820939,0.0005845798757,0.7624089013,0.0005845618002,0.1270687673,-0.9836,-0.9836,-0.9836
1256,18.239999771118164,18.239999771118164,103623000,20190320,TSLA,17.83133316040039,18.239999771118164,1,0.0005615628847,0.01450658712,0.0005618022693,0.0005609592546,0.0005616338399,0.0005611524519,0.008603044963,0.9740832572,0.9941,0.9941,0.9941
1257,18.65733337402344,18.65733337402344,89869500,20190329,TSLA,18.57466697692871,18.65733337402344,1,0.001108026832,0.001108140983,0.5563598718,0.001108181179,0.3606584927,0.07744033928,0.001108541538,0.001108405669,0.9088,0.9088,0.9088
1258,17.851999282836914,17.851999282836914,355810500,20190404,TSLA,19.45400047302246,17.851999282836914,0,0.10092390568774999,0.0005879783127,0.22873941150215,0.0087662912766,0.24997204434605,0.0005881885801000001,0.0130976469645,0.3973245333589,0.9744,0.9968,0.9856
1259,18.21333312988281,18.21333312988281,156156000,20190408,TSLA,18.33066749572754,18.21333312988281,0,0.08799753335513333,0.04374340806083333,0.3881907253666667,0.007257369821533334,0.36139144617333335,0.07138003064409999,0.015904906622833333,0.024134579965066665,0.817,0.9077,0.86235
1260,18.15399932861328,18.15399932861328,88560000,20190409,TSLA,18.21333312988281,18.15399932861328,0,0.3243645681513,0.011935122132533333,0.45582600874156665,0.0007942744161333333,0.17481940488553335,0.008827633588399999,0.0007940731108333332,0.02263891497993333,0.888,0.9989,0.9582
1261,18.40399932861328,18.40399932861328,105919500,20190410,TSLA,18.15399932861328,18.40399932861328,1,0.0004161580569,0.5380758301,0.03896469281,0.1210721074,0.01344788309,0.1104046993,0.1772029075,0.0004157217432,0.9931,0.9931,0.9931
1262,17.89466667175293,17.89466667175293,147538500,20190411,TSLA,18.40399932861328,17.89466667175293,0,0.04998862970853333,0.011843141190933333,0.47179784318920004,0.08487101617836668,0.2112761523843333,0.032982293351133334,0.12906831156606666,0.008172612435633332,0.9585,0.9854,0.9689
1263,17.84666633605957,17.84666633605957,101190000,20190412,TSLA,17.89466667175293,17.84666633605957,0,0.0005488983242,0.3777696493,0.05909214223,0.2931104903,0.01445102293,0.1173159208,0.137163119,0.0005487571331,-0.9566,-0.9566,-0.9566
1264,17.516666412353516,17.516666412353516,182206500,20190422,TSLA,18.21733283996582,17.516666412353516,0,0.00103810472265,0.0010394387149,0.4977882522155,0.0010394302212,0.00103976066425,0.12123855210355,0.00103814972935,0.3757783115852,-0.4582,0.6597,0.10074999999999998
1265,17.593332290649414,17.593332290649414,164158500,20190423,TSLA,17.516666412353516,17.593332290649414,1,0.49601067052000003,0.0010165413896,0.0010169557791,0.0010165824509,0.0010164185923000001,0.0010187244804,0.00101621861995,0.4978878881795,0.6191,0.9854,0.80225
1266,17.243999481201172,17.243999481201172,160912500,20190424,TSLA,17.593332290649414,17.243999481201172,0,0.173109844,0.0005667782487,0.0005662144193,0.0005665103923,0.000566258281,0.01890711395,0.0005663173373,0.8051509634,0.9554,0.9554,0.9554
1267,16.5086669921875,16.5086669921875,327741000,20190425,TSLA,17.243999481201172,16.5086669921875,0,0.0799372826692,0.02665424418565,0.22717431024259999,0.0316476343531,0.237669083075,0.24640367773574998,0.0006612930098499999,0.14985247471000002,-0.9968,0.9828,-0.007000000000000006
1268,15.912667274475098,15.912667274475098,141969000,20190430,TSLA,16.097999572753906,15.912667274475098,0,0.031818767351149996,0.05258052347635,0.53217985525,0.0009030847370999999,0.3798095443,0.00090300328085,0.0009023610478,0.00090286058205,-0.9665,-0.9107,-0.9386
1269,16.273332595825195,16.273332595825195,272389500,20190502,TSLA,15.600666999816896,16.273332595825195,1,0.001290267655,0.001289575697,0.4336529834,0.001289809596,0.5586078352,0.001290498658,0.001289466822,0.001289562981,0.796,0.796,0.796
1270,16.131999969482422,16.131999969482422,100671000,20190509,TSLA,16.32266616821289,16.131999969482422,0,0.07302513758,0.0004428537882,0.434121226,0.0004421165153,0.4906415705,0.0004427005287,0.0004421788544,0.0004422161767,0.9808,0.9808,0.9808
1271,15.968000411987305,15.968000411987305,105124500,20190510,TSLA,16.131999969482422,15.968000411987305,0,0.0012417330820000002,0.014575798415,0.31042113875,0.0012406508188,0.49327811335000005,0.17676032764725,0.00124090675,0.00124133125085,0.128,0.8766,0.5023
1272,15.463333129882812,15.463333129882812,109440000,20190515,TSLA,15.487333297729492,15.463333129882812,0,0.1162796369,0.0003525370803,0.06616865385,0.02186772204,0.794273752,0.0003526967349,0.0003525216754,0.0003524796715,0.9991,0.9991,0.9991
1273,12.708666801452637,12.708666801452637,212049000,20190524,TSLA,13.03266716003418,12.708666801452637,0,0.001305458448,0.001303123516,0.5181400159,0.001302820577,0.250886177,0.2244563289,0.001302677279,0.001303398434,0.8022,0.8022,0.8022
1274,11.9313325881958,11.9313325881958,195966000,20190603,TSLA,12.343999862670898,11.9313325881958,0,0.0003160492094,0.0003160167334,0.1745944731,0.0003160387272,0.8235093729,0.0003159294587,0.0003160294809,0.0003160904549,0.9989,0.9989,0.9989
1275,13.729999542236328,13.729999542236328,303633000,20190606,TSLA,13.105999946594238,13.729999542236328,1,0.0007110988136,0.0007107550886,0.5279530221,0.0007109639502,0.4677807026,0.0007117369863,0.0007108570708,0.0007108634345,0.9874,0.9874,0.9874
1276,13.633333206176758,13.633333206176758,240052500,20190607,TSLA,13.729999542236328,13.633333206176758,0,0.08307208837,0.0008184270661,0.6773840593,0.0008179916617,0.2354527734,0.0008180588901,0.0008181958784,0.0008184054381,0.9187,0.9187,0.9187
1277,14.473333358764648,14.473333358764648,174802500,20190611,TSLA,14.19200038909912,14.473333358764648,1,0.018314246042349998,0.0469802717135,0.5877086390499999,0.0006042429795,0.3270329259,0.00060460066315,0.01815047453795,0.0006045990755000001,0.9109,0.9915,0.9512
1278,14.982666969299316,14.982666969299316,190737000,20190618,TSLA,15.001999855041504,14.982666969299316,0,0.0005467247174,0.0005463401764,0.3133530761,0.0005463615303,0.6833684993,0.0005466524855,0.0005460633979,0.0005462822431,-0.6059,-0.6059,-0.6059
1279,14.790666580200195,14.790666580200195,123031500,20190621,TSLA,14.641332626342772,14.790666580200195,1,0.6989191529,0.000662681634,0.0006619517875,0.0006624304022,0.1160548563,0.09815553787,0.08422138694,0.0006620021286,0.9951,0.9951,0.9951
1280,14.90933322906494,14.90933322906494,86262000,20190624,TSLA,14.790666580200195,14.90933322906494,1,0.06254473098,0.0003767888014,0.2330998183,0.0003768761701,0.7024711406,0.0003768652918,0.0003768595228,0.0003769203471,0.9923,0.9923,0.9923
1281,14.650667190551758,14.650667190551758,92731500,20190625,TSLA,14.90933322906494,14.650667190551758,0,0.00059396394345,0.234002438705,0.36169954694,0.1679931763606,0.16863613306,0.028237207193599997,0.032651602231549996,0.0061859315861000005,-0.7998,0.7982,-0.0007999999999999674
1282,14.618000030517578,14.618000030517578,127608000,20190626,TSLA,14.650667190551758,14.618000030517578,0,0.0004781020055,0.0004777892897,0.0004776646027,0.2342737948,0.2140924694,0.5492440909,0.0004780839999,0.00047800496,0.9945,0.9945,0.9945
1283,14.970000267028809,14.970000267028809,138885000,20190702,TSLA,15.14466667175293,14.970000267028809,0,0.001490770976,0.001490442267,0.001490147511,0.04019733349,0.00148983481,0.001490665191,0.001489557452,0.9508612483,0.9606,0.9606,0.9606
1284,15.355999946594238,15.355999946594238,88207500,20190708,TSLA,15.539999961853027,15.355999946594238,0,0.2304942186,0.0005441729514,0.1454066941,0.4225404172,0.0005443643887,0.0005440390029,0.0144408905,0.1854852032,-0.9902,-0.9902,-0.9902
1285,16.99066734313965,16.99066734313965,146470500,20190717,TSLA,16.825332641601562,16.99066734313965,1,0.2395872089701,0.1448080789747667,0.004902874378533334,0.08195216756413333,0.14679632101226667,0.23840387659999998,0.1301502362563,0.013399236195666667,0.9843,0.9973,0.9919333333333333
1286,17.045333862304688,17.045333862304688,102636000,20190722,TSLA,17.211999893188477,17.045333862304688,0,0.2699659726252,0.07910133628455,0.1773430244598,0.0498200637769,0.357071540855,0.055390960093049994,0.00035794016185,0.010949161715299999,0.2238,0.9971,0.6104499999999999
1287,17.344667434692383,17.344667434692383,75346500,20190723,TSLA,17.045333862304688,17.344667434692383,1,0.4153027289,0.0003046598461,0.0003048179454,0.1399809305,0.153070579,0.1923122086,0.07474995886,0.02397411644,0.9864,0.9864,0.9864
1288,15.202667236328123,15.202667236328123,150415500,20190726,TSLA,15.254667282104492,15.202667236328123,0,0.0008462008344,0.000845238045,0.7918535056,0.0008452807826,0.1322755693,0.07164348906,0.000845069244,0.0008456471906,0.7254,0.7254,0.7254
1289,16.107332229614258,16.107332229614258,137673000,20190731,TSLA,16.150667190551758,16.107332229614258,0,0.0004991685366,0.0004985364766,0.4424145297,0.04543155866,0.4646148167,0.04554450807,0.0004985015969,0.0004983802965,0.9936,0.9936,0.9936
1290,15.62266731262207,15.62266731262207,92047500,20190802,TSLA,15.59000015258789,15.62266731262207,1,0.3113285297,0.000381521325,0.0003816366484,0.5074164113,0.06991405166,0.09300480322,0.01719144101,0.0003816050984,0.9952,0.9952,0.9952
1291,15.383333206176758,15.383333206176758,83463000,20190806,TSLA,15.221332550048828,15.383333206176758,1,0.0004422862782,0.0004425961129,0.0004420619915,0.3675883583,0.0004423063117,0.0004425539562,0.0004425707863,0.6297572663,0.9885,0.9885,0.9885
1292,15.667332649230955,15.667332649230955,58473000,20190809,TSLA,15.886667251586914,15.667332649230955,0,0.0005906744365,0.000590936682,0.0005903626686,0.0005901973969,0.0005902634939,0.3799644048,0.0005902850438,0.6164928755,-0.9909,-0.9909,-0.9909
1293,15.666666984558104,15.666666984558104,72721500,20190813,TSLA,15.267333030700684,15.666666984558104,1,0.0865245345312,0.040107113475,0.007460038697349999,0.16332699845430002,0.02128672840495,0.1922721644529,0.025698712629249998,0.4633237093456,-0.8558,0.995,0.0696
1294,14.8100004196167,14.8100004196167,98385000,20190822,TSLA,14.722000122070312,14.8100004196167,1,0.000881382522,0.0008812451095,0.08017449766,0.0008819849931,0.6612497513,0.2447691018,0.0008814398093,0.0102805969,0.9871,0.9871,0.9871
1295,14.09333324432373,14.09333324432373,128079000,20190823,TSLA,14.8100004196167,14.09333324432373,0,0.05718438381,0.1167519196,0.0004704732501,0.2056812413,0.1175533346,0.20761097,0.2942770251,0.0004706523307,0.9543,0.9543,0.9543
1296,14.333333015441896,14.333333015441896,75778500,20190826,TSLA,14.09333324432373,14.333333015441896,1,0.0005536294102,0.0005534989557,0.8312984511,0.0005537161104,0.1184819335,0.04745029904,0.0005543969022,0.0005540749953,0.8898,0.8898,0.8898
1297,14.711999893188477,14.711999893188477,86415000,20190904,TSLA,15.000666618347168,14.711999893188477,0,0.0005257280768,0.0005256468647,0.0005258576922,0.0005256758253,0.0005260499348,0.0005257067632,0.0005257216821,0.9963196132,0.9932,0.9932,0.9932
1298,15.452667236328123,15.452667236328123,72040500,20190909,TSLA,15.16333293914795,15.452667236328123,1,0.0011975640118000001,0.0011978390026,0.00119741631245,0.08815129112674999,0.00119806279475,0.0011989709619,0.00119769566045,0.9046611601,0.6357,0.9551,0.7954
1299,16.34666633605957,16.34666633605957,79696500,20190913,TSLA,16.391332626342773,16.34666633605957,0,0.087894532225,0.0004521347353,0.06630468441965,0.0004522043412,0.40828763764005,0.0004519620511,0.047379294831100004,0.38877754978345,0.6192,0.9915,0.80535
1300,16.440000534057617,16.440000534057617,71937000,20190919,TSLA,16.232667922973633,16.440000534057617,1,0.16387012420000002,0.0510283814343,0.00028039935975,0.00028057098915000003,0.17076284159500002,0.23853494409115,0.13898234792,0.23626039047875003,0.9598,0.9986,0.9792000000000001
1301,16.082000732421875,16.082000732421875,65103000,20190923,TSLA,16.041332244873047,16.082000732421875,1,0.0004587287795,0.0004588155928,0.0004585345657,0.8798263074,0.000458489134,0.04735235965,0.02949743784,0.04148932707,-0.9989,-0.9989,-0.9989
1302,16.17066764831543,16.17066764831543,178267500,20190926,TSLA,15.24666690826416,16.17066764831543,1,0.0006844174778,0.0006841292016,0.0006842151877,0.3864225578,0.0006836371629,0.0006840195568,0.0006836863635,0.6094733372,-0.8374,-0.8374,-0.8374
1303,15.428667068481444,15.428667068481444,119925000,20191004,TSLA,15.535332679748535,15.428667068481444,0,0.04237762673,0.0006322264732,0.0006321794076,0.06155582388,0.8366490832,0.05688870734,0.0006325700114,0.0006317829717,0.9426,0.9426,0.9426
1304,16.899999618530273,16.899999618530273,75304500,20191021,TSLA,17.1299991607666,16.899999618530273,0,0.001263363002,0.001263937845,0.4243251005,0.07319975713,0.4961555881,0.001264367592,0.001264768901,0.001263116878,0.928,0.928,0.928
1305,19.978666305541992,19.978666305541992,445813500,20191024,TSLA,16.978666305541992,19.978666305541992,1,0.0255635388935,0.0007804918374499999,0.00078039624965,0.00078067455935,0.030321802025,0.050177724899,0.00078056301075,0.8908148085500001,0.9418,0.989,0.9654
1306,21.84733390808105,21.84733390808105,283054500,20191028,TSLA,21.875333786010746,21.84733390808105,0,0.001563548304,0.0247616977,0.5990486676,0.001564752324,0.3683680803,0.001564558902,0.001564481067,0.001564213806,0.5574,0.5574,0.5574
1307,21.000667572021484,21.000667572021484,144627000,20191030,TSLA,21.08133316040039,21.000667572021484,0,0.0006453857266,0.000645067379,0.0006453158848,0.0006449778806,0.0006450994108,0.0006450149267,0.0006451427829,0.995483996,-0.5734,-0.5734,-0.5734
1308,23.006000518798828,23.006000518798828,149800500,20191111,TSLA,22.47599983215332,23.006000518798828,1,0.4061047391,0.0003627934506,0.0003627466079,0.0003629425827,0.5917176481,0.0003630306887,0.0003631830693,0.0003629163504,0.9986,0.9986,0.9986
1309,23.290000915527344,23.290000915527344,96973500,20191114,TSLA,23.073999404907227,23.290000915527344,1,0.5672159627,0.000672772255,0.0006745326817,0.1060217614,0.04423620836,0.2798322402,0.000673299855,0.0006732225228,0.9974,0.9974,0.9974
1310,23.47800064086914,23.47800064086914,72135000,20191115,TSLA,23.290000915527344,23.47800064086914,1,0.0003135077989,0.0003134426737,0.0003138463556,0.0003136379481,0.02643710262,0.0003134447967,0.0003135034911,0.9716815143,0.9973,0.9973,0.9973
1311,23.332666397094727,23.332666397094727,66006000,20191118,TSLA,23.47800064086914,23.332666397094727,0,0.0003638292164,0.000363713555,0.0003637601138,0.0003637540771,0.02908303215,0.000364256074,0.0003638063968,0.9687338484,0.9987,0.9987,0.9987
1312,23.968000411987305,23.968000411987305,115872000,20191119,TSLA,23.332666397094727,23.968000411987305,1,0.0005117037921,0.0005117596359000001,0.36604468058655,0.0005116544830000001,0.13284854666325,0.0005119110115999999,0.0005116454812,0.49854809834315,0.975,0.9946,0.9848
1313,22.202667236328125,22.202667236328125,253059000,20191122,TSLA,23.655332565307617,22.202667236328125,0,0.0006737944321,0.14220324603983334,0.008754833825033333,0.08748785481223333,0.02577305236083333,0.10520947449333333,0.058790684420866664,0.5711070596433333,0.2533,0.9942,0.7463000000000001
1314,22.422666549682617,22.422666549682617,185092500,20191125,TSLA,22.202667236328125,22.422666549682617,1,0.001625693035,0.001625373264,0.001625889837,0.1513132763,0.00162631227,0.001627033902,0.001625313866,0.8389311075,-0.4767,-0.4767,-0.4767
1315,22.413333892822266,22.413333892822266,98605500,20191203,TSLA,22.32466697692871,22.413333892822266,1,0.0003828483004,0.0003828318303,0.0003825557083,0.0003830105244,0.1164517122,0.08130836411,0.0003827713008,0.800325906,-0.9954,-0.9954,-0.9954
1316,22.20199966430664,22.20199966430664,82995000,20191204,TSLA,22.413333892822266,22.20199966430664,0,0.0006386478562,0.0006384029049,0.000639790276,0.1191645009,0.0006390371278,0.8628258938,0.0006382462363,0.01481548089,-0.7199,-0.7199,-0.7199
1317,22.024667739868164,22.024667739868164,55869000,20191205,TSLA,22.20199966430664,22.024667739868164,0,0.000645631525,0.04097666655,0.0006449421748,0.0006451529792,0.000644984498,0.0006447505866,0.0006452675235,0.9551526042,0.9674,0.9674,0.9674
1318,22.392667770385746,22.392667770385746,114186000,20191206,TSLA,22.024667739868164,22.392667770385746,1,0.0007494465178,0.0007492036417,0.0007509451401,0.0007503772002,0.0007504805101,0.9947509448,0.0007495059308,0.0007490963078,-0.9904,-0.9904,-0.9904
1319,22.635332107543945,22.635332107543945,135346500,20191209,TSLA,22.392667770385746,22.635332107543945,1,0.07735893085,0.0005007895885,0.02587913963,0.1031669357,0.03554097115,0.7142778719,0.0005005520485,0.0427748091,0.9902,0.9902,0.9902
1320,26.209999084472656,26.209999084472656,211815000,20191218,TSLA,25.266000747680664,26.209999084472656,1,0.1722336141,0.0007500458234,0.0007518876186,0.1969539755,0.0007498649181,0.03977454368,0.5880359273,0.0007501410705,0.9979,0.9979,0.9979
1321,27.03933334350586,27.03933334350586,221290500,20191220,TSLA,26.93600082397461,27.03933334350586,1,0.0004818548283,0.000481950317,0.9966282004,0.0004815837501,0.0004815294991,0.0004817995164,0.0004814779444,0.000481603767,0.9581,0.9581,0.9581
1322,27.64666748046875,27.64666748046875,188796000,20191230,TSLA,28.691999435424805,27.64666748046875,0,0.4881917808,0.0005329086067,0.0005329613468,0.0005329815413,0.0005326957098,0.4507739297,0.05836914294,0.0005335992816,0.7155,0.7155,0.7155
1323,27.8886661529541,27.8886661529541,154285500,20191231,TSLA,27.64666748046875,27.8886661529541,1,0.3515205274,0.1269759293,0.0003557985226,0.0003557560307,0.02651627455,0.3609556477,0.0922326555,0.041087411,0.996,0.996,0.996
1324,28.68400001525879,28.68400001525879,142981500,20200102,TSLA,27.8886661529541,28.68400001525879,1,0.0007074208716,0.01095491739,0.0007067931133,0.0007070350425,0.0007072069648,0.0007072671266,0.0007073029635,0.9848020565,,,
1325,32.089332580566406,32.089332580566406,426606000,20200109,TSLA,32.80933380126953,32.089332580566406,0,0.316403770092,0.00188276434425,0.00188358304445,0.0018845940203,0.0495719674445,0.60470210405,0.00188480926985,0.021786407726,0.1779,0.9958,0.58685
1326,31.87666702270508,31.87666702270508,194392500,20200110,TSLA,32.089332580566406,31.87666702270508,0,0.00815146752285,0.0004094869183,0.20857637660495,0.17888832711,0.20336648029999999,0.0004098578053,0.01324184905205,0.38695615471004996,0.9733,0.9947,0.984
1327,34.990665435791016,34.990665435791016,397764000,20200113,TSLA,31.87666702270508,34.990665435791016,1,0.269084594,0.001896613094,0.2912427763,0.001896895478,0.1386146315,0.2934727662,0.001896451363,0.001895272084,0.995,0.995,0.995
1328,37.20133209228516,37.20133209228516,204121500,20200127,TSLA,37.654666900634766,37.20133209228516,0,0.000344819269,0.0003447888156,0.04077329356,0.9345030063,0.0003450325234,0.0003448277307,0.0003446361139,0.02299959568,-0.83,-0.83,-0.83
1329,38.732666015625,38.732666015625,267022500,20200129,TSLA,37.79333114624024,38.732666015625,1,0.0003737432991,0.000373589608,0.7086848216,0.02640193009,0.1293581812,0.1340606317,0.000373598343,0.0003735041465,0.9984,0.9984,0.9984
1330,43.37133407592773,43.37133407592773,235789500,20200131,TSLA,42.72066879272461,43.37133407592773,1,0.001346653505,0.001345123085,0.001345729274,0.001346754888,0.001345859856,0.8564281615,0.001345407458,0.1354963105,0.9788,0.9788,0.9788
1331,48.97999954223633,48.97999954223633,726357000,20200205,TSLA,59.137332916259766,48.97999954223633,0,0.317772843,0.02548980977,0.0004515425433,0.0004519209913,0.0004531052904,0.0004520812277,0.0004518026868,0.6544768944,-0.9911,-0.9911,-0.9911
1332,49.87133407592773,49.87133407592773,255952500,20200207,TSLA,49.93066787719727,49.87133407592773,0,0.115350574,0.0007074474352,0.0007071484151,0.0007069512714,0.0007072056947,0.000707198503,0.0007071892556,0.8804062854,-0.705,-0.705,-0.705
1333,51.41866683959961,51.41866683959961,370338000,20200210,TSLA,49.87133407592773,51.41866683959961,1,0.01716178299,0.3372481762,0.3398758885,0.0003947189189,0.2730154082,0.03151456539,0.0003948808602,0.0003945789113,0.9917,0.9917,0.9917
1334,51.15266799926758,51.15266799926758,180337500,20200212,TSLA,51.62533187866211,51.15266799926758,0,0.07954441111,0.0006018805613,0.0006015109339,0.0006018947331,0.0006017420142,0.1162636528,0.801183198,0.0006017099157,0.9939,0.9939,0.9939
1335,51.91999816894531,51.91999816894531,211282500,20200226,TSLA,53.32733154296875,51.91999816894531,0,0.3830104163,0.0006520962194,0.0006518927326,0.01239221611,0.0006518637375,0.0006521167278,0.0006515749995,0.6013378232,-0.9334,-0.9334,-0.9334
1336,37.369998931884766,37.369998931884766,283636500,20200312,TSLA,42.28200149536133,37.369998931884766,0,0.1488521808,0.4059948435,0.0004091888511,0.2792952094,0.05268119227,0.1119493613,0.0004090434495,0.0004089804563,-0.9872,-0.9872,-0.9872
1337,28.50933265686035,28.50933265686035,452932500,20200319,TSLA,24.08133316040039,28.50933265686035,1,0.5714530847,0.0009251955624,0.0003099706905,0.3854727057,0.000309986574,0.0003099973721,0.0003098651487,0.04090919423,,,
1338,28.952667236328125,28.952667236328125,246817500,20200323,TSLA,28.50200080871582,28.952667236328125,1,0.5285192997,0.08646590447,0.0005262572018,0.1067558745,0.0005260221711,0.06815805988,0.04104422931,0.1680043528,0.9785,0.9785,0.9785
1339,47.32600021362305,47.32600021362305,458647500,20200414,TSLA,43.39666748046875,47.32600021362305,1,0.3264308255,0.0006136245972,0.0006131307383,0.0006134793387,0.000613344877,0.6698885327,0.0006136110149,0.0006134511908,0.9934,0.9934,0.9934
1340,50.25933456420898,50.25933456420898,196923000,20200417,TSLA,49.68066787719727,50.25933456420898,1,0.03292876791,0.001738577266,0.956643021,0.001737605235,0.001737581538,0.001738714998,0.001737725422,0.001738006587,0.9052,0.9052,0.9052
1341,53.25,53.25,310221000,20200427,TSLA,48.34333419799805,53.25,1,0.312805653,0.0004503494081,0.0004499928712,0.000450537039,0.0004500831543,0.0004501646012,0.0004506355048,0.6844925844,0.9912,0.9912,0.9912
1342,52.12533187866211,52.12533187866211,427078500,20200430,TSLA,53.367332458496094,52.12533187866211,0,0.0009017721484,0.05589001568,0.6781066737,0.0009000370661,0.2614985433,0.0009005362078,0.000902196703,0.0009002251986,0.6249,0.6249,0.6249
1343,46.75466537475586,46.75466537475586,487977000,20200501,TSLA,52.12533187866211,46.75466537475586,0,0.20961337175,0.0008484981597,0.4268031087755,0.0008482940573,0.00084852480425,0.27562721668775003,0.00084810273805,0.0845628830679,0.9414,0.9775,0.95945
1344,51.2140007019043,51.2140007019043,254875500,20200505,TSLA,50.74599838256836,51.2140007019043,1,0.001867048963,0.001867051323,0.001867493538,0.3074657361,0.001867437876,0.6813301157,0.001867241483,0.001867874953,0.9672,0.9672,0.9672
1345,52.172000885009766,52.172000885009766,166848000,20200506,TSLA,51.2140007019043,52.172000885009766,1,0.001986119396,0.001985749121,0.001986356734,0.1589282903,0.001985954855,0.8291559124,0.001985346358,0.001986270858,0.9377,0.9377,0.9377
1346,54.08599853515625,54.08599853515625,247794000,20200511,TSLA,54.62799835205078,54.08599853515625,0,0.2690417833,0.1996159153,0.0005463737746,0.0005465919649,0.000546280988,0.1928656842,0.0362967779,0.3005405926,-0.9013,-0.9013,-0.9013
1347,53.96066665649414,53.96066665649414,238603500,20200512,TSLA,54.08599853515625,53.96066665649414,0,0.29609027335,0.26159383473995,0.0317531231598,0.158282364355,0.00036969572615,0.185939291125,0.05719842982000001,0.0087729877614,-0.9817,-0.8346,-0.90815
1348,52.73066711425781,52.73066711425781,285982500,20200513,TSLA,53.96066665649414,52.73066711425781,0,0.3571955003,0.2568113618,0.0003555641531,0.000355708975,0.0003555614735,0.1618717488,0.0003557604387,0.2226987941,0.9276,0.9276,0.9276
1349,53.55533218383789,53.55533218383789,205233000,20200514,TSLA,52.73066711425781,53.55533218383789,1,0.0004273390799,0.09153995829,0.000427004889,0.2483837684,0.02688729161,0.2755585135,0.356349172,0.0004269521522,0.9998,0.9998,0.9998
1350,54.242000579833984,54.242000579833984,174987000,20200518,TSLA,53.27799987792969,54.242000579833984,1,0.7173514359,0.0006733289536,0.0006738159119,0.2666225086,0.01265999053,0.0006728005187,0.000673139728,0.0006729798892,0.9967,0.9967,0.9967
1351,53.867332458496094,53.867332458496094,144547500,20200519,TSLA,54.242000579833984,53.867332458496094,0,0.000715154465,0.1066461774,0.8573918939,0.0007155160264,0.0007161525296,0.0007153006759,0.03238484662,0.0007149583677,0.9601,0.9601,0.9601
1352,54.45866775512695,54.45866775512695,149812500,20200522,TSLA,55.17333221435547,54.45866775512695,0,0.01482405426,0.04661577925,0.7965677073,0.04839696493,0.05871424778,0.0002524150647,0.0002524112495,0.03437642015,0.997,0.997,0.997
1353,54.5913314819336,54.5913314819336,121345500,20200526,TSLA,54.45866775512695,54.5913314819336,1,0.0004641168014,0.0004634504979,0.9967547123,0.0004633261817,0.0004637463286,0.0004635757123,0.0004636261417,0.0004634460321,0.9931,0.9931,0.9931
1354,54.68199920654297,54.68199920654297,173242500,20200527,TSLA,54.5913314819336,54.68199920654297,1,0.013021095900775,0.078629241571325,0.4181467691,0.24675203484545,0.0006621058963,0.0529198803938,0.189206627235475,0.000662245056525,-0.9972,0.9698,-0.04542499999999999
1355,53.72066879272461,53.72066879272461,108834000,20200528,TSLA,54.68199920654297,53.72066879272461,0,0.001008904896,0.1900340935,0.05226824692,0.4791810828,0.001008677374,0.04055760907,0.2349325495,0.001008835855,,,
1356,55.66666793823242,55.66666793823242,176467500,20200529,TSLA,53.72066879272461,55.66666793823242,1,0.001137708016,0.001137819929,0.9151100381,0.001137596725,0.07806015834,0.001138372967,0.001136952794,0.001141353116,0.9493,0.9493,0.9493
1357,59.87333297729492,59.87333297729492,224092500,20200601,TSLA,55.66666793823242,59.87333297729492,1,0.00037879353850000006,0.42383491453333333,0.018330926134999998,0.1377196814,0.00037862512216666665,0.0639521584956,0.3550263917,0.0003785091574333333,-0.9989,-0.9277,-0.9750666666666667
1358,58.77066802978516,58.77066802978516,203484000,20200602,TSLA,59.87333297729492,58.77066802978516,0,0.0006255559353,0.0006253626899,0.000626742405,0.1166050152,0.4263779804,0.0006252652964,0.0006252707505,0.4538888072,0.9305,0.9305,0.9305
1359,58.86399841308594,58.86399841308594,119242500,20200603,TSLA,58.77066802978516,58.86399841308594,1,0.639451134,0.0003077151359,0.0003075699286,0.0003077563055,0.03534074191,0.1909495605,0.1330280487,0.0003074734183,0.9977,0.9977,0.9977
1360,63.32799911499024,63.32799911499024,212620500,20200608,TSLA,59.04399871826172,63.32799911499024,1,0.85182412675,0.025307671516600003,0.00048472935479999997,0.00048520733275,0.00643545266325,0.071777833355,0.00048493677105,0.04320004226,-0.128,0.9177,0.39485
1361,66.11933135986328,66.11933135986328,148362000,20200617,TSLA,65.47533416748047,66.11933135986328,1,0.000519593221,0.0005192087728,0.727633016,0.000519443309,0.1756600312,0.0941100088,0.0005191127787,0.0005195859465,0.9864,0.9864,0.9864
1362,64.0566635131836,64.0566635131836,164394000,20200624,TSLA,66.78533172607422,64.0566635131836,0,0.0005636745848,0.0005637902364,0.0005634961099,0.000563662739,0.0005641036435,0.0005638280851,0.0005636946693,0.9960537499,-0.9916,-0.9916,-0.9916
1363,63.982666015625,63.982666015625,132823500,20200626,TSLA,65.73200225830078,63.982666015625,0,0.18259160556919998,0.03036536684555,0.0005932699072,0.00059346129915,0.00059357868565,0.0005936683615999999,0.009354253390900001,0.7753147959,0.9764,0.9984,0.9874
1364,91.05867004394533,91.05867004394533,244669500,20200708,TSLA,92.65733337402344,91.05867004394533,0,0.001472147944,0.001472161339,0.00147386321,0.3435259868,0.1075045561,0.2491733254,0.1717289981,0.1236489611,0.9011,0.9011,0.9011
1365,99.8040008544922,99.8040008544922,584781000,20200713,TSLA,102.97666931152344,99.8040008544922,0,0.8559733105,0.002605885354,0.002605331957,0.002605156616,0.002604872604,0.1283890866,0.00260531554,0.002611040803,0.9337,0.9337,0.9337
1366,103.06732940673828,103.06732940673828,245517000,20200715,TSLA,101.12000274658205,103.06732940673828,1,0.1821613968,0.0005422798379,0.0005418382802,0.0005421394036,0.0005419501549,0.7516865612,0.06344211463,0.0005417196978,-0.9717,-0.9717,-0.9717
1367,100.04266357421876,100.04266357421876,214512000,20200716,TSLA,103.06732940673828,100.04266357421876,0,0.1627292184025,0.113822710941875,0.000418641063375,0.031630010598075,0.0037977529737499996,0.381576546177575,0.30560642146927497,0.00041869835572500003,-0.0575,0.9972,0.4300333333333333
1368,100.87133026123048,100.87133026123048,364927500,20200723,TSLA,106.15533447265624,100.87133026123048,0,0.087141585842,0.03730399331373333,0.025522619822633333,0.0009754517050666666,0.21920739518933333,0.3768467833633333,0.0009759831563666667,0.2520261875728333,-0.1154,0.9986,0.6255333333333334
1369,95.38400268554688,95.38400268554688,183123000,20200731,TSLA,99.16600036621094,95.38400268554688,0,0.05839255261073334,0.0008588041770000001,0.332794865511,0.11218297595493333,0.0008585363804666665,0.4511205872551,0.04293336781306667,0.0008583103303333333,-0.9524,0.7906,0.10786666666666665
1370,99.0,99.0,132139500,20200803,TSLA,95.38400268554688,99.0,1,0.1716326447,0.2071858238,0.2140244517,0.1149120805,0.0003660506375,0.1903691394,0.1011439046,0.0003659046092,0.995,0.995,0.995
1371,99.13333129882812,99.13333129882812,126225000,20200804,TSLA,99.0,99.13333129882812,1,0.171495277335,0.00056166768965,0.0005613810324,0.0904347215239,0.0005612772261999999,0.33419355173015,0.02585307881845,0.3763390446441,-0.0595,0.9329,0.4367
1372,125.80599975585938,125.80599975585938,247117500,20200818,TSLA,122.3759994506836,125.80599975585938,1,0.96784852,0.0004848568086,0.0004847488418,0.0004850684577,0.0004851358344,0.0004855930091,0.0004855578022,0.0292405192,0.9982,0.9982,0.9982
1373,134.27999877929688,134.27999877929688,300954000,20200824,TSLA,136.6653289794922,134.27999877929688,0,0.1003856524,0.1899712384,0.0004483357559,0.0004484940126,0.0004483914249,0.0004484058541,0.000448731157,0.7074007509,-0.4548,-0.4548,-0.4548
1374,143.54466247558594,143.54466247558594,213591000,20200826,TSLA,134.8893280029297,143.54466247558594,1,0.07450702796,0.0007151854928,0.1292998282,0.0007152145106,0.676952771,0.1163797446,0.0007151601431,0.0007150680303,-0.1103,-0.1103,-0.1103
1375,166.10667419433594,166.10667419433594,355123200,20200831,TSLA,147.55999755859375,166.10667419433594,1,0.49561942055209995,0.0008321101632,0.0008324395781,0.17940762025950002,0.21122713067999999,0.1104161142195,0.0008322837471499999,0.0008328807940499999,-0.9932,0.9756,-0.008799999999999975
1376,158.35000610351562,158.35000610351562,269523300,20200901,TSLA,166.10667419433594,158.35000610351562,0,0.86957491845,0.08229397929,0.00049999598005,0.028688216864100002,0.00049996853745,0.0098090832978,0.0014910007554,0.00714283679115,0.9607,0.9989,0.9798
1377,110.06999969482422,110.06999969482422,346397100,20200908,TSLA,139.44000244140625,110.06999969482422,0,0.09608301366,0.00068505311195,0.11685126762,0.08563197618235001,0.288526105895,0.00068537152895,0.00068501092785,0.41085220107625,0.9696,0.9696,0.9696
1378,122.09333038330078,122.09333038330078,238397400,20200909,TSLA,110.06999969482422,122.09333038330078,1,0.05531955441,0.0002959336974,0.0002957251703,0.043708834,0.7180650666,0.1817228524,0.0002958489494,0.0002961847953,0.9458,0.9458,0.9458
1379,139.8733367919922,139.8733367919922,249061800,20200914,TSLA,124.23999786376952,139.8733367919922,1,0.1272699602,0.3269856854,0.0003327613328,0.0003328761912,0.0003327350509,0.0003327982377,0.135240798,0.4091723855,0.9913,0.9913,0.9913
1380,141.14332580566406,141.14332580566406,230337600,20200917,TSLA,147.25332641601562,141.14332580566406,0,0.08784369669,0.0003814989622,0.0003816943562,0.0003816135017,0.1764152427,0.7019543477,0.0003814175204,0.03226048859,0.9975,0.9975,0.9975
1381,141.41000366210938,141.41000366210938,238742400,20200922,TSLA,149.79666137695312,141.41000366210938,0,0.0004485725834,0.1418099619,0.6146339416,0.0004485463328,0.2413134677,0.0004486704463,0.0004485041353,0.0004483354137,0.9733,0.9733,0.9733
1382,126.7866668701172,126.7866668701172,285222600,20200923,TSLA,141.41000366210938,126.7866668701172,0,0.0004303537033,0.0004301185442,0.0004304820539,0.0004299611825,0.0004303508172,0.0004303606202,0.0004299050581,0.996988468,0.9866,0.9866,0.9866
1383,129.26333618164062,129.26333618164062,289683300,20200924,TSLA,126.7866668701172,129.26333618164062,1,0.1779752357,0.001303708315,0.001303537276,0.001303935053,0.001304350841,0.7698959784,0.0456099772,0.001303277247,0.3506,0.3506,0.3506
1384,135.77999877929688,135.77999877929688,201625500,20200925,TSLA,129.26333618164062,135.77999877929688,1,0.0005665222964,0.000566707309,0.000566116344,0.0005661986038,0.0005662152552,0.0005664910837,0.0005670760925,0.996034673,0.2338,0.2338,0.2338
1385,149.3866729736328,149.3866729736328,152224500,20201001,TSLA,143.00332641601562,149.3866729736328,1,0.0006260800107,0.0006263356583,0.6302988579,0.0006254865847,0.2698740938,0.0006261292711,0.0006253997987,0.09669761693,0.9039,0.9039,0.9039
1386,153.76666259765625,153.76666259765625,143639100,20201014,TSLA,148.88333129882812,153.76666259765625,1,0.0423300753,0.1811227147,0.7334535966,0.0005374153744,0.04094435358,0.0005372953522,0.000537078779,0.0005374702708,0.3919,0.3919,0.3919
1387,140.64666748046875,140.64666748046875,94968900,20201020,TSLA,143.61000061035156,140.64666748046875,0,0.0006521246326,0.000652446653,0.0006516315983,0.000651571765,0.0006519386299,0.0006518767482,0.000651784903,0.9954366251,0.9742,0.9742,0.9742
1388,140.8800048828125,140.8800048828125,97111500,20201021,TSLA,140.64666748046875,140.8800048828125,1,0.0005685295566,0.000568955471,0.0005688114795,0.0005696257095,0.0492749255,0.0005697133114,0.000568606868,0.9473108321,0.7684,0.7684,0.7684
1389,140.0933380126953,140.0933380126953,84717600,20201026,TSLA,140.2100067138672,140.0933380126953,0,0.0005563569965,0.0005569853084,0.0005561335588,0.0005565499519,0.0005562780817,0.2198528535,0.0005568190895,0.7768080236,0.5168,0.5168,0.5168
1390,141.55999755859375,141.55999755859375,68059500,20201027,TSLA,140.0933380126953,141.55999755859375,1,0.0006387783887,0.0006398222411,0.05699309542,0.0164099415,0.9234020744,0.0006385370797,0.0006392436256,0.0006385073173,0.9621,0.9621,0.9621
1391,136.7866668701172,136.7866668701172,90852600,20201110,TSLA,140.4199981689453,136.7866668701172,0,0.1374381352,0.0007503716348,0.0007495192424,0.3921611175,0.0007494370586,0.05530418175,0.000750165311,0.4120970723,0.9127,0.9127,0.9127
1392,137.25332641601562,137.25332641601562,59565300,20201112,TSLA,139.0433349609375,137.25332641601562,0,0.8538569108,0.0235425648,0.008397717464,0.0002795463149,0.0002792988369,0.05073816136,0.0002794464234,0.06262635403,0.9949,0.9949,0.9949
1393,136.02999877929688,136.02999877929688,80515800,20201116,TSLA,136.1666717529297,136.02999877929688,0,0.13653997721240002,0.191238710093425,0.203285838528775,0.016023396819775,0.018594129709699998,0.26140672502795,0.057747876363275004,0.11516334624857501,-0.8218,0.9971,0.525775
1394,147.20333862304688,147.20333862304688,183564900,20201117,TSLA,136.02999877929688,147.20333862304688,1,0.0008517637706,0.0008516524092,0.8689028812,0.08335867278,0.04348055784,0.0008515470581,0.0008517593392,0.0008511655756,0.9793,0.9793,0.9793
1395,162.2133331298828,162.2133331298828,234132000,20201118,TSLA,147.20333862304688,162.2133331298828,1,0.052457150396999996,0.0009886607962500001,0.49969976932599997,0.0588380459975,0.10891309514599999,0.1575507789965,0.00098863947775,0.1205638598985,0.5994,0.9933,0.79635
1396,185.1266632080078,185.1266632080078,160945500,20201124,TSLA,173.9499969482422,185.1266632080078,1,0.7298564919,0.08654425907,0.0006374335304,0.0006353500115,0.0006364840844,0.1804174528,0.0006357170121,0.0006368115787,0.9894,0.9894,0.9894
1397,191.3333282470703,191.3333282470703,146790600,20201125,TSLA,185.1266632080078,191.3333282470703,1,0.0001615890098,0.0001616050467,0.0001616403455,0.6751333453,0.0001615965883,0.1625048888,0.133317417,0.0283979179,-0.997,-0.997,-0.997
1398,189.1999969482422,189.1999969482422,189009300,20201130,TSLA,195.2533264160156,189.1999969482422,0,0.1277994875,0.01676689251,0.0005663224199,0.000566382061,0.0005662849504,0.03810771845,0.0005665754246,0.8150603367,0.7422,0.7422,0.7422
1399,201.4933319091797,201.4933319091797,213873600,20201209,TSLA,216.6266632080078,201.4933319091797,0,0.001001329084,0.001000793774,0.8305683764,0.001001197751,0.001001804638,0.1178126603,0.00100178932,0.0466120488,0.99,0.99,0.99
1400,209.02333068847656,209.02333068847656,201249600,20201210,TSLA,201.4933319091797,209.02333068847656,1,0.6442583351,0.0006112073953,0.01042904794,0.000610749142,0.002537177388,0.3403318111,0.0006111800325,0.0006104919214,0.9984,0.9984,0.9984
1401,213.27667236328125,213.27667236328125,156121800,20201214,TSLA,203.3300018310547,213.27667236328125,1,0.4092708827,0.4542356362,0.0004475838314,0.1342571135,0.0004473156831,0.0004473460505,0.0004470890592,0.0004470329228,0.9825,0.9825,0.9825
1402,231.6666717529297,231.6666717529297,666378600,20201218,TSLA,218.63333129882807,231.6666717529297,1,0.8445792289,0.0005817626142,0.0005820944448,0.0005819849716,0.0005820951414,0.0005825427212,0.0005818345148,0.1519284567,0.9971,0.9971,0.9971
1403,216.6199951171875,216.6199951171875,174135900,20201221,TSLA,231.6666717529297,216.6199951171875,0,0.7407463135,0.0005468023531,0.0005463744632,0.0005462536663,0.0005462832806,0.0005469272076,0.07211270072,0.1844083448,0.9904,0.9904,0.9904
1404,220.58999633789065,220.58999633789065,68596800,20201224,TSLA,215.32666015625,220.58999633789065,1,0.8582868531,0.0001727472105,0.000172369167,0.06610176277,0.0001724054487,0.05671583372,0.0001726106687,0.01820541786,0.9998,0.9998,0.9998
1405,221.22999572753903,221.22999572753903,96835800,20201228,TSLA,220.58999633789065,221.22999572753903,1,0.000375868791,0.1069232285488,0.00037571496515000004,0.5037754033999999,0.035834286765,0.16251636736499997,0.0003758169605,0.18982331319685,0.9306,0.9306,0.9306
1406,231.5933380126953,231.5933380126953,128538000,20201230,TSLA,221.9966735839844,231.5933380126953,1,0.9846184337,0.0004172482578,0.0004170013867,0.0004171142229,0.0004172927758,0.0004173307305,0.01287829576,0.000417283137,0.9982,0.9982,0.9982
1407,243.2566680908203,243.2566680908203,145914600,20210104,TSLA,235.22332763671875,243.2566680908203,1,0.0553049501201,0.00059130092585,0.00059072146735,0.1789930385113,0.00059093946505,0.26847243182585,0.02169526928,0.47376134843,-0.9953,0.973,-0.011149999999999993
1408,272.0133361816406,272.0133361816406,154496700,20210107,TSLA,251.9933319091797,272.0133361816406,1,0.6630985733,0.03027650133,0.01497612799,0.0009477633524,0.0009482267623,0.1113123929,0.0009486987711,0.1774917156,0.9886,0.9886,0.9886
1409,283.4833374023437,283.4833374023437,76997700,20210120,TSLA,281.51666259765625,283.4833374023437,1,0.3853554627,0.03776560507,0.0322427226,0.0004603962772,0.4194838773,0.05792554218,0.0663063285,0.0004600653007,0.9991,0.9991,0.9991
1410,282.2133178710937,282.2133178710937,60199500,20210122,TSLA,281.663330078125,282.2133178710937,1,0.32928846578000004,0.072479674175,0.01988186293265,0.0010747911920499999,0.3462081171,0.1460607808,0.0010750759361,0.08393123203915,0.9833,0.9978,0.99055
1411,293.6000061035156,293.6000061035156,123520200,20210125,TSLA,282.2133178710937,293.6000061035156,1,0.4593102851875,0.00127044079485,0.42237159187004997,0.00126976241775,0.00127042567895,0.093420847585,0.00127011455855,0.01981653190625,0.8655,0.991,0.92825
1412,294.36334228515625,294.36334228515625,69394800,20210126,TSLA,293.6000061035156,294.36334228515625,1,0.36355206700000003,0.07269521441593334,0.08749357202343333,0.0008336563509,0.05931102380416667,0.219320816214,0.022544965394366664,0.1742486848018,0.9789,0.9942,0.9846666666666666
1413,288.0533447265625,288.0533447265625,82002000,20210127,TSLA,294.36334228515625,288.0533447265625,0,0.440606334005,0.024973955863849998,0.3532500935964,0.0005122433281,0.11920319468225,0.059089320589050004,0.0005123163543499999,0.001852541635,0.7096,0.9972,0.8533999999999999
1414,264.510009765625,264.510009765625,104972400,20210129,TSLA,278.4766540527344,264.510009765625,0,0.0006166305006,0.03258204105,0.0006164757291,0.0006163756505,0.0006164843692,0.0006162414767,0.0006166762116,0.963719075,0.9952,0.9952,0.9952
1415,279.9366760253906,279.9366760253906,76174200,20210201,TSLA,264.510009765625,279.9366760253906,1,0.04919753198,0.0004216899781,0.5001857498,0.0004215057245,0.4157273852,0.03320292566,0.0004218079714,0.0004214037211,0.9947,0.9947,0.9947
1416,290.92999267578125,290.92999267578125,73038600,20210202,TSLA,279.9366760253906,290.92999267578125,1,0.8144221872,0.0005174782478,0.0005172426741,0.0005170967285,0.08814815237,0.09484351603,0.0005173472361,0.0005169795253,0.9985,0.9985,0.9985
1417,284.89666748046875,284.89666748046875,55030500,20210203,TSLA,290.92999267578125,284.89666748046875,0,0.06044807056,0.0004600550076,0.1063777098,0.0004599496534,0.0004604620792,0.05726929925,0.0004601169231,0.7740643368,0.5812,0.5812,0.5812
1418,284.07666015625,284.07666015625,55699800,20210205,TSLA,283.3299865722656,284.07666015625,1,7.24e-05,0.08190810089,7.24e-05,0.8366098068,7.24e-05,7.25e-05,0.08112003134,7.24e-05,-1.0,-1.0,-1.0
1419,287.8066711425781,287.8066711425781,60485100,20210208,TSLA,284.07666015625,287.8066711425781,1,0.27210363175,0.0011367243958,0.12805459960175,0.116360289275525,0.22890299926225002,0.1006929624475,0.010980589218624999,0.141768204022175,0.0516,0.9976,0.7538750000000001
1420,265.4066772460937,265.4066772460937,59406900,20210216,TSLA,272.0400085449219,265.4066772460937,0,0.947839281,0.0008872277662,0.0008873067222,0.000887355335,0.0008872302176,0.04683667006,0.0008871807881,0.0008877481431,0.9749,0.9749,0.9749
1421,266.04998779296875,266.04998779296875,77989500,20210217,TSLA,265.4066772460937,266.04998779296875,1,0.0006486260166,0.0006483866883,0.0006482715318,0.0006483229928,0.0006483987334,0.0006482757055,0.0006483185364,0.9954613998,0.1779,0.1779,0.1779
1422,262.4599914550781,262.4599914550781,53871300,20210218,TSLA,266.04998779296875,262.4599914550781,0,0.5271424614,0.0288912770558,0.11335448876694999,0.1194149609847,0.07995178228420001,0.0238536504903,0.0005287630069500001,0.1068626160896,0.9578,0.9997,0.97875
1423,260.4333190917969,260.4333190917969,56874900,20210219,TSLA,262.4599914550781,260.4333190917969,0,0.4824648188481,0.00089065364835,0.0008907274784500001,0.141154477827,0.0244245525945,0.029180567839999998,0.0008905252943999999,0.320103676462,0.9778,0.9922,0.985
1424,232.94667053222656,232.94667053222656,199820700,20210223,TSLA,238.1666717529297,232.94667053222656,0,0.4775519196,0.001508285076,0.1360143401,0.3254092282,0.001508587395,0.05499196046,0.00150737696,0.001508302169,0.8779,0.8779,0.8779
1425,225.1666717529297,225.1666717529297,123267600,20210226,TSLA,227.4066619873047,225.1666717529297,0,0.37627040925,0.15907378893774998,0.0063107833030499995,0.00037119160435000005,0.00037120738290000004,0.37492746287695,0.08230400861805,0.00037114804415,-0.9889,0.9985,0.0048000000000000265
1426,239.47666931152344,239.47666931152344,81408600,20210301,TSLA,225.1666717529297,239.47666931152344,1,0.7397533569,0.2303447341,0.0009549630788,0.0009557877263,0.0009553314962,0.0009563334596,0.0009554611611,0.02512403211,-0.9715,-0.9715,-0.9715
1427,228.81333923339844,228.81333923339844,71196600,20210302,TSLA,239.47666931152344,228.81333923339844,0,0.1264525619,0.0005514636833,0.0005511300339,0.0005511486317,0.0005511193256,0.0005512744793,0.0005512654577,0.8702400365,0.9777,0.9777,0.9777
1428,217.73333740234372,217.73333740234372,90624000,20210303,TSLA,228.81333923339844,217.73333740234372,0,0.1341893938,0.001043050895,0.2290300196,0.001043108039,0.3251773163,0.307430972,0.001043350302,0.001042789025,0.992,0.992,0.992
1429,207.14666748046875,207.14666748046875,197758500,20210304,TSLA,217.73333740234372,207.14666748046875,0,0.00085986761875,0.177444548966,0.407864218635,0.1406711788905,0.00086046654905,0.116035273545,0.1284607173555,0.02780372841905,-0.2935,0.9856,0.34605
1430,222.6866607666016,222.6866607666016,181817100,20210310,TSLA,224.52667236328125,222.6866607666016,0,0.41234470385,0.00042264301405,0.00042225477625,0.0807514842776,0.027355018555799998,0.29925986727245,0.0004225824685,0.1790214457977,0.9955,0.9955,0.9955
1431,233.1999969482422,233.1999969482422,108761700,20210311,TSLA,222.6866607666016,233.1999969482422,1,0.2302845938,0.0005743751996,0.0005743251567,0.1124768193,0.0005741759476,0.6543667723,0.0005744023656,0.0005745358768,0.0818,0.0818,0.0818
1432,231.2433319091797,231.2433319091797,100751400,20210312,TSLA,233.1999969482422,231.2433319091797,0,0.1311670771,0.0006518796142,0.000651909516,0.0006522076264,0.07681158111,0.7430655203,0.0006520020528,0.04634782274,0.9963,0.9963,0.9963
1433,235.97999572753903,235.97999572753903,88006800,20210315,TSLA,231.2433319091797,235.97999572753903,1,0.3858594834,0.001867591295,0.00186660754,0.001867439654,0.001867409156,0.1781967817,0.001866828726,0.4266078585,0.6486,0.6486,0.6486
1434,217.72000122070312,217.72000122070312,99674400,20210318,TSLA,233.9366607666016,217.72000122070312,0,0.18128254825,0.0006740915632,0.0006739044714,0.2264571367432,0.01674832224055,0.07838808727,0.0639191168674,0.431856792555,0.9723,0.9847,0.9785
1435,218.2899932861328,218.2899932861328,128682000,20210319,TSLA,217.72000122070312,218.2899932861328,1,0.00075471181525,0.032145932387000004,0.6408613882,0.0007545809433,0.23094885877075,0.0007542869434,0.0930256068879,0.0007546340624499999,-0.8071,0.952,0.07244999999999996
1436,206.23666381835935,206.23666381835935,101558400,20210326,TSLA,213.4633331298828,206.23666381835935,0,0.32481011805245,0.018904466017749998,0.31530148325,0.0580720901297,0.15232934238975002,0.0684919959797,0.0007375419054000001,0.061352962312,-0.9214,0.8543,-0.033550000000000024
1437,203.76333618164065,203.76333618164065,85911000,20210329,TSLA,206.23666381835935,203.76333618164065,0,0.9087664907,0.001159073927,0.00115822661,0.02517585442,0.001158267513,0.03385013577,0.001158230229,0.02757372083,0.9501,0.9501,0.9501
1438,211.8733367919922,211.8733367919922,118297200,20210330,TSLA,203.76333618164065,211.8733367919922,1,0.0005351191738,0.0005348637938,0.0005348400994,0.0005348680399,0.0005347693779,0.09046446337,0.0005353138203,0.9063257623,0.9555,0.9555,0.9555
1439,220.5833282470703,220.5833282470703,105895200,20210401,TSLA,222.6433258056641,220.5833282470703,0,0.2862124215,0.0009490793993,0.0009484181837,0.08151533675,0.000949408665,0.5396132669,0.0009481185035,0.08886395002,-0.3506,-0.3506,-0.3506
1440,230.5399932861328,230.5399932861328,84815400,20210406,TSLA,230.3500061035156,230.5399932861328,1,0.0006842015445,0.0006843357036,0.0006838968298,0.7184273346,0.0006844320018,0.277467593,0.0006842763967,0.0006839298521,-0.9756,-0.9756,-0.9756
1441,223.6566619873047,223.6566619873047,78928200,20210407,TSLA,230.5399932861328,223.6566619873047,0,0.2540832719,0.0007774689658,0.0007769272865,0.0007777652948,0.0007774033818,0.0007780319674,0.0007777379314,0.7412513933,,,
1442,225.67333984375,225.67333984375,64311300,20210409,TSLA,227.93333435058597,225.67333984375,0,0.33636443739345,0.027648085472199997,0.00064573406915,0.10433257998895,0.29996812233500003,0.2178513955783,0.012543651352100001,0.00064599382935,0.9922,0.994,0.9931
1443,246.5933380126953,246.5933380126953,83938500,20210416,TSLA,246.2833404541016,246.5933380126953,1,0.3162240145233333,0.028689848052800004,0.2228154460098667,0.0362416666125,0.2708894968133333,0.09980922770126666,0.000476495512,0.0248538047981,0.9862,0.9947,0.9906666666666667
1444,238.2100067138672,238.2100067138672,119058600,20210419,TSLA,246.5933380126953,238.2100067138672,0,0.044488459294,0.047438265834,0.011361167338,0.3180017205,0.051331272100499994,0.04497926305,0.16316940156499998,0.31923045035630004,-0.9882,0.998,0.0049000000000000155
1445,239.663330078125,239.663330078125,106827000,20210420,TSLA,238.2100067138672,239.663330078125,1,0.0008569990063,0.0008572964522,0.0008577378494,0.08087668661,0.0008574781786,0.1743338301,0.00988731131,0.7314726605,-0.9839,-0.9839,-0.9839
1446,248.0399932861328,248.0399932861328,93646500,20210421,TSLA,239.663330078125,248.0399932861328,1,0.07202125458,0.0005768207156,0.8325893419,0.09250446486,0.0005774744453,0.0005769566242,0.0005772141693,0.0005764727045,0.9878,0.9878,0.9878
1447,243.13333129882807,243.13333129882807,85110000,20210423,TSLA,239.89666748046875,243.13333129882807,1,0.36027620236010005,0.07018772271163333,0.3416465489329667,0.07401180406686667,0.0005440262868000001,0.048945330413933334,0.07831100898406666,0.026077356279333334,0.9437,0.9959,0.9733666666666667
1448,246.0666656494141,246.0666656494141,93115500,20210426,TSLA,243.13333129882807,246.0666656494141,1,0.1169604307,0.0003769348987,0.0003772875197,0.5459987516,0.1568483554,0.02766205093,0.1513990975,0.0003770914898,0.9999,0.9999,0.9999
1449,234.913330078125,234.913330078125,88311000,20210427,TSLA,246.0666656494141,234.913330078125,0,0.0005089750695,0.0005087992857,0.0005088999171,0.03674982278,0.03278501631,0.0005090415685,0.0005085973884,0.9279208477,0.9907,0.9907,0.9907
1450,231.46665954589844,231.46665954589844,66813000,20210428,TSLA,234.913330078125,231.46665954589844,0,0.6289113316,0.123540863092,0.0017562769994999999,0.0017568983420000002,0.0017564117445,0.0844298042555,0.059755236823499994,0.098093177123,0.969,0.991,0.98
1451,225.6666717529297,225.6666717529297,86536200,20210429,TSLA,231.46665954589844,225.6666717529297,0,0.9228947755,0.0006620578748,0.0006642657775,0.0006620563486,0.0006628929865,0.07312958483,0.000662231564,0.0006621351564,0.9899,0.9899,0.9899
1452,228.3000030517578,228.3000030517578,81129300,20210503,TSLA,236.47999572753903,228.3000030517578,0,0.2062378202,0.1742028722,0.2331775022,0.06921764571,0.3160494716,0.0003717123346,0.0003716750265,0.0003713007395,0.9686,0.9686,0.9686
1453,223.64666748046875,223.64666748046875,65705700,20210505,TSLA,224.5333404541016,223.64666748046875,0,0.0007735895847,0.0007722665724,0.483874039,0.000772116132,0.4781514975,0.03411157149,0.0007722549854,0.0007726647199,0.9476,0.9476,0.9476
1454,221.17999267578125,221.17999267578125,83353800,20210506,TSLA,223.64666748046875,221.17999267578125,0,0.001088006428,0.001087951568,0.8919152934,0.001088306011,0.1015562469,0.001088808699,0.001087667868,0.001087719141,0.9258,0.9258,0.9258
1455,209.67999267578125,209.67999267578125,94177200,20210510,TSLA,224.1233367919922,209.67999267578125,0,0.0008663450086333333,0.10052627223749999,0.2932847758018333,0.021511154440633336,0.2193307856901,0.0482712838136,0.006679569030333334,0.30952981400586665,-0.9861,0.9851,0.18546666666666667
1456,205.73333740234372,205.73333740234372,139511700,20210511,TSLA,209.67999267578125,205.73333740234372,0,0.0006837667947,0.0006839515168,0.0006840625553,0.2801827751,0.0006839521823,0.01805279111,0.008742602667,0.6902860981,-0.9964,-0.9964,-0.9964
1457,196.6300048828125,196.6300048828125,101470800,20210512,TSLA,205.73333740234372,196.6300048828125,0,0.5171669635,0.001202810429,0.001202582776,0.001203113511,0.001203469955,0.276435854,0.001202714659,0.2003824912,0.9698,0.9698,0.9698
1458,190.56333923339844,190.56333923339844,132554700,20210513,TSLA,196.6300048828125,190.56333923339844,0,0.7743471134,0.00090096880645,0.00778611807635,0.00090114847375,0.0307051755035,0.03497660576855,0.0009006219241,0.14948224805000002,0.9274,0.9916,0.9595
1459,196.5800018310547,196.5800018310547,100112700,20210514,TSLA,190.56333923339844,196.5800018310547,1,0.000584942366,0.03498626187,0.6334888763,0.0005850706972,0.3003065733,0.0005851128569,0.02887843762,0.0005847249217,0.8988,0.8988,0.8988
1460,192.6233367919922,192.6233367919922,110491800,20210518,TSLA,192.27667236328125,192.6233367919922,1,0.0424697267619,0.0106455013161,0.000890318056725,0.11463055693415,0.00089025947175,0.03657807272265,0.00089157747,0.793003987275,-0.9838,0.9873,-0.48265
1461,187.82000732421875,187.82000732421875,118735200,20210519,TSLA,192.6233367919922,187.82000732421875,0,0.44323530397985,0.0279983228457,0.00067761418015,0.00067620612175,0.00067657683225,0.040820286975300005,0.0587264129845,0.42718927607999996,0.296,0.9966,0.6463
1462,193.6266632080078,193.6266632080078,78091800,20210521,TSLA,195.5933380126953,193.6266632080078,0,0.03123485324,0.0005538670515,0.0005538546546,0.1961357107,0.07476081466,0.0005540964201,0.0005543463009,0.695652457,0.9903,0.9903,0.9903
1463,202.14666748046875,202.14666748046875,103674300,20210524,TSLA,193.6266632080078,202.14666748046875,1,0.0006488969744,0.0006484920273,0.0006482111228,0.08659729869,0.0006484896304,0.0006503414702,0.05054417063,0.8596140995,0.9782,0.9782,0.9782
1464,201.56333923339844,201.56333923339844,84017700,20210525,TSLA,202.14666748046875,201.56333923339844,0,0.8282649408,0.0003226118297,0.0003230515336,0.0003225755074,0.05246168632,0.08725164511,0.0003224954446,0.03073099343,0.9993,0.9993,0.9993
1465,206.3766632080078,206.3766632080078,85917900,20210526,TSLA,201.56333923339844,206.3766632080078,1,0.0014480898307,0.0014489547338,0.05253845799949999,0.6953462362,0.0014481288680000001,0.00144968479595,0.00144869255225,0.24487175504785,-0.9962,-0.9773,-0.98675
1466,210.2833404541016,210.2833404541016,79111800,20210527,TSLA,206.3766632080078,210.2833404541016,1,0.7638354054,0.1252667722,0.000601582244,0.0915875095,0.0006015600746,0.0006021913576,0.0006017736945,0.01690320552,-0.9552,-0.9552,-0.9552
1467,207.96665954589844,207.96665954589844,54254700,20210601,TSLA,208.4066619873047,207.96665954589844,0,0.0594827540385,0.0008099045639,0.36734143787499995,0.043906634398500004,0.5010876495000001,0.00080949831065,0.0008091141180000001,0.0257530072199,-0.9804,0.9508,-0.014800000000000035
1468,190.94667053222656,190.94667053222656,90335700,20210603,TSLA,201.7066650390625,190.94667053222656,0,0.346703256,0.0004891565658,0.0004892881693,0.2980567058,0.3410824397,0.000488911274,0.01220078256,0.0004894599613,0.9961,0.9961,0.9961
1469,201.7100067138672,201.7100067138672,67631100,20210607,TSLA,199.68333435058597,201.7100067138672,1,0.2001073163,0.0629812624,0.0007542054147,0.1185199053,0.027765009,0.5728870728,0.0007539690237,0.01623125984,0.9886,0.9886,0.9886
1470,201.19667053222656,201.19667053222656,78160200,20210608,TSLA,201.7100067138672,201.19667053222656,0,0.3699147901328,0.10949705588622499,0.000463059815575,0.029261394384425002,0.139758497964025,0.07376586675624999,0.0202913815197,0.257047953542225,0.6414,0.9956,0.8695999999999999
1471,203.29666137695312,203.29666137695312,48615900,20210611,TSLA,203.3733367919922,203.29666137695312,0,0.1922667973,0.0874762875,0.0006766558104,0.0006767928337,0.04264564497,0.6749050369,0.000676275078,0.0006765096791,0.941,0.941,0.941
1472,205.89666748046875,205.89666748046875,61272000,20210614,TSLA,203.29666137695312,205.89666748046875,1,0.5989331487,0.001302939585,0.001302807071,0.001302657623,0.001302797921,0.2593179692,0.001302567752,0.1352351121,0.7935,0.7935,0.7935
1473,199.7866668701172,199.7866668701172,53292300,20210615,TSLA,205.89666748046875,199.7866668701172,0,0.5418340998,0.02875882801135,0.00037586376385,0.00037579515175,0.0200868361615,0.0003757111765,0.0003760126977,0.40781685321,0.9369,0.9989,0.9679
1474,205.5333404541016,205.5333404541016,68104200,20210617,TSLA,201.6233367919922,205.5333404541016,1,0.00148975257,0.001490409023,0.001489611317,0.8471099815,0.001488967903,0.00149071207,0.001489803632,0.143950762,-0.995,-0.995,-0.995
1475,207.7700042724609,207.7700042724609,73682700,20210618,TSLA,205.5333404541016,207.7700042724609,1,0.06940832964,0.055345313682,0.1640478698763,0.1496273583202,0.1360457736695,0.00038752942415,0.0037384647424500003,0.421399360695,-0.3879,0.9973,0.30469999999999997
1476,206.94332885742188,206.94332885742188,74438100,20210621,TSLA,207.7700042724609,206.94332885742188,0,0.8906952343,0.1044567224,0.000807475034,0.0008076952765,0.0008078929715,0.0008077859233,0.0008095856051,0.0008076084895,0.9636,0.9636,0.9636
1477,207.90333557128903,207.90333557128903,57476700,20210622,TSLA,206.94332885742188,207.90333557128903,1,0.9462397977,0.0008342715786,0.01920082091,0.0008348555968,0.0008344319085,0.0199708833,0.0008344956821,0.01125044329,0.1001,0.1001,0.1001
1478,218.85667419433597,218.85667419433597,93297600,20210623,TSLA,207.90333557128903,218.85667419433597,1,0.974464856,0.001320587763,0.01762848187,0.001317625973,0.001316771195,0.001318143525,0.001316987644,0.001316546079,0.9721,0.9721,0.9721
1479,226.60667419433597,226.60667419433597,137947200,20210624,TSLA,218.85667419433597,226.60667419433597,1,0.1562120928,0.0003619639347,0.2441680923,0.0003619596018,0.5779002664,0.02027177665,0.000361899097,0.0003619492046,-0.9853,-0.9853,-0.9853
1480,223.9566650390625,223.9566650390625,97490100,20210625,TSLA,226.60667419433597,223.9566650390625,0,0.001099459615,0.001099744796,0.3600518941,0.001098163365,0.6333564234,0.00109917321,0.001097161144,0.001097980341,0.9294,0.9294,0.9294
1481,226.5666656494141,226.5666656494141,56774700,20210630,TSLA,226.9199981689453,226.5666656494141,0,0.1277831405805,0.019445273654799998,0.26426241973,0.0336036572705,0.09698471056,0.11656356822000001,0.2897817568635,0.051575473105149996,-0.9744,0.9938,0.009699999999999986
1482,226.3000030517578,226.3000030517578,81163500,20210702,TSLA,225.97332763671875,226.3000030517578,1,0.01455227057875,0.00083871358125,0.11420057075,0.00083894388235,0.378987541869,0.05955152882035,0.0124989476107,0.41853148289319997,0.6249,0.9618,0.79335
1483,217.60333251953125,217.60333251953125,68319900,20210708,TSLA,214.88333129882807,217.60333251953125,1,0.4795825041,0.0007973499259,0.0007972938163,0.0007977685779,0.0007973545637,0.5156325452,0.0007978576063,0.0007973261907,0.996,0.996,0.996
1484,218.98333740234372,218.98333740234372,54421500,20210709,TSLA,217.60333251953125,218.98333740234372,1,0.36080874408679997,0.00032619120425000003,0.18561978001065,0.06544762187465,0.307416789315,0.01948319952,0.00032611424405,0.06057155969505,0.9959,0.9991,0.9975
1485,228.5666656494141,228.5666656494141,77781000,20210712,TSLA,218.98333740234372,228.5666656494141,1,0.0752307586689,0.0007049507432499999,0.0007043732158,0.0243878359143,0.0007044747275,0.37084141013685,0.0007046062114,0.52672159039,0.4118,0.9769,0.69435
1486,222.8466644287109,222.8466644287109,62898300,20210713,TSLA,228.5666656494141,222.8466644287109,0,0.001346986225,0.001347260361,0.4457457233,0.001346548305,0.5251483199,0.02237456612,0.001344861965,0.001345733838,0.8506,0.8506,0.8506
1487,217.7933349609375,217.7933349609375,64923600,20210714,TSLA,222.8466644287109,217.7933349609375,0,0.5044988585,0.0003537942956,0.0003533238029,0.0003537923212,0.0003536252669,0.4637732589,0.02995995359,0.0003533933131,0.9958,0.9958,0.9958
1488,214.7400054931641,214.7400054931641,49113000,20210716,TSLA,216.86666870117188,214.7400054931641,0,0.0008632068538,0.0008635026306,0.0008637192377,0.0008633467393,0.0008645747632,0.07856202524,0.000862636273,0.9162569883,0.9894,0.9894,0.9894
1489,220.1666717529297,220.1666717529297,46461300,20210720,TSLA,215.4066619873047,220.1666717529297,1,0.208045337015,0.00041375957789999997,0.23816654664999998,0.000413693492,0.54351368415,0.00861949652765,0.0004136750052,0.00041380755745,0.9917,0.9952,0.9934499999999999
1490,218.42999267578125,218.42999267578125,41859900,20210721,TSLA,220.1666717529297,218.42999267578125,0,0.26632860502,0.0007843524652,0.06513625775649999,0.0614179520778,0.1402037074495,0.374609434415,0.09073571544499999,0.0007839753866,-0.9809,0.9982,0.008649999999999991
1491,216.4199981689453,216.4199981689453,45317100,20210722,TSLA,218.42999267578125,216.4199981689453,0,0.04119423298,0.0005109515165,0.0005111035396,0.3400326254,0.4324824406,0.1842464991,0.0005109481946,0.0005111987617,0.9575,0.9575,0.9575
1492,219.2066650390625,219.2066650390625,76009800,20210726,TSLA,214.4600067138672,219.2066650390625,1,0.1085313661,0.0319316868391,0.1743036173769,0.00068701493225,0.22343676944255,0.00068777674715,0.0006870307857,0.45973473776095003,0.9278,0.9853,0.95655
1493,236.55667114257807,236.55667114257807,100847400,20210802,TSLA,229.0666656494141,236.55667114257807,1,0.9874797403,0.001788852856,0.00179000023,0.001787994427,0.001786258494,0.001790386366,0.001788928256,0.001787839115,0.765,0.765,0.765
1494,236.97332763671875,236.97332763671875,51007800,20210804,TSLA,236.5800018310547,236.97332763671875,1,0.0005905169345,0.07692631632,0.0005901764056,0.1541026635,0.0005907204768,0.0005907656124,0.0005906031362,0.7660182376,0.963,0.963,0.963
1495,233.0333404541016,233.0333404541016,46869000,20210806,TSLA,238.2100067138672,233.0333404541016,0,0.0004363138614,0.0004360210735,0.0004359166813,0.000436259006,0.3014296577,0.0004359409896,0.000436058718,0.695953832,0.9976,0.9976,0.9976
1496,228.72332763671875,228.72332763671875,68032200,20210816,TSLA,239.05667114257807,228.72332763671875,0,0.000999711142,0.00100074647245,0.30301449826349997,0.0009996210779,0.0525563416185,0.18880096305,0.0009993551479,0.4516287632346,-0.7906,0.7845,-0.003049999999999997
1497,221.90333557128903,221.90333557128903,71163900,20210817,TSLA,228.72332763671875,221.90333557128903,0,0.3063434465,0.07587648695,0.0003440798078,0.0003440411348,0.01792673772,0.0003439548917,0.045518914,0.553302339,0.9987,0.9987,0.9987
1498,226.7533264160156,226.7533264160156,44525700,20210820,TSLA,224.4900054931641,226.7533264160156,1,0.50356262103,0.0005778321737999999,0.0080733526146,0.0005775933622,0.0729924879179,0.1074025909,0.00057762130735,0.30623590070499995,0.9551,0.9879,0.9715
1499,235.43333435058597,235.43333435058597,60794700,20210823,TSLA,226.7533264160156,235.43333435058597,1,0.0007722636701,0.0007724612175,0.0007721747205,0.0007722346195,0.0007720378577,0.0007721845014,0.0007726797676,0.9945939636,-0.9942,-0.9942,-0.9942
1500,244.69667053222656,244.69667053222656,39612900,20210901,TSLA,245.2400054931641,244.69667053222656,0,0.3005757314,0.0006950969097,0.2375980757,0.0006950670963,0.11905679,0.3399893624,0.0006947818874,0.0006950946645,-0.9053,-0.9053,-0.9053
1501,244.1300048828125,244.1300048828125,38331900,20210902,TSLA,244.69667053222656,244.1300048828125,0,0.260334908,0.001070450696,0.001069606477,0.001069981547,0.001069503201,0.349278697,0.3850373379,0.001069515202,-0.8719,-0.8719,-0.8719
1502,244.52333068847656,244.52333068847656,45738300,20210903,TSLA,244.1300048828125,244.52333068847656,1,0.001217243937,0.001215488657,0.76614572,0.001216269298,0.2265576124,0.001216184149,0.001214797761,0.00121668379,-0.8591,-0.8591,-0.8591
1503,251.94332885742188,251.94332885742188,46073100,20210915,TSLA,248.163330078125,251.94332885742188,1,0.4352462446985,0.00044210255649999993,0.2665676035401,0.0125001586566,0.23213971785495,0.0004420706424,0.0173450875978,0.03531701444165,-0.9327,0.9948,0.031050000000000022
1504,252.3300018310547,252.3300018310547,41770200,20210916,TSLA,251.94332885742188,252.3300018310547,1,0.0182933684364,0.0005061754621999999,0.34223363155,0.01035901640495,0.62708834815,0.00050672101945,0.00050654122245,0.0005061977247,0.9984,0.9985,0.9984500000000001
1505,253.163330078125,253.163330078125,84612600,20210917,TSLA,252.3300018310547,253.163330078125,1,0.3285080829,0.0008180296858,0.0008177548947,0.1428472816,0.3813973663,0.1380778334,0.000818205306,0.006715445992,0.9905,0.9905,0.9905
1506,246.4600067138672,246.4600067138672,48992100,20210921,TSLA,243.38999938964844,246.4600067138672,1,0.0003059576355,0.04902887921,0.0003059279102,0.04486069193,0.0003062357805,0.06090136197,0.004275549877,0.8400153957,-0.9592,-0.9592,-0.9592
1507,260.510009765625,260.510009765625,91449900,20211004,TSLA,258.4066772460937,260.510009765625,1,0.0011480739,0.001148489257,0.1097235823,0.001148229096,0.7518997296,0.1326350562,0.001148873146,0.001147966495,0.4818,0.4818,0.4818
1508,260.1966552734375,260.1966552734375,55297800,20211005,TSLA,260.510009765625,260.1966552734375,0,0.020177466247666666,0.0009734132089999999,0.28361445801766666,0.017844263891333333,0.305828112658,0.29615955948666667,0.0009734942297333333,0.07442923226153333,-0.9659,0.9467,-0.12566666666666668
1509,264.53668212890625,264.53668212890625,57587400,20211007,TSLA,260.9166564941406,264.53668212890625,1,0.157946301206,0.00091211913465,0.21175716448,0.000912197763,0.30574126946605,0.073204669616,0.0299010088615,0.2196252694495,0.8188,0.9943,0.90655
1510,261.8299865722656,261.8299865722656,50215800,20211008,TSLA,264.53668212890625,261.8299865722656,0,0.2987864527,0.0005824597218,0.1303549846,0.0005820441224,0.5679470536,0.0005827493802,0.0005819593019,0.0005822965906,0.9967,0.9967,0.9967
1511,270.3599853515625,270.3599853515625,42360300,20211013,TSLA,268.5733337402344,270.3599853515625,1,0.0005416923055,0.0005415994544,0.3853431836,0.000541766482,0.6026993115,0.009249176873,0.0005417468721,0.0005415229933,0.9907,0.9907,0.9907
1512,272.7733459472656,272.7733459472656,36741600,20211014,TSLA,270.3599853515625,272.7733459472656,1,0.0007196526576,0.06075812918,0.01430768732,0.2489189087,0.5230695072,0.1507872468,0.0007194788651,0.0007193893405,0.9889,0.9889,0.9889
1513,298.0,298.0,94444500,20211021,TSLA,288.6000061035156,298.0,1,0.0004061796715,0.00040632001,0.0004064593087,0.05361052853,0.0004063486951,0.01479570394,0.0004076311775,0.9295608287,-0.9905,-0.9905,-0.9905
1514,341.6199951171875,341.6199951171875,188556300,20211025,TSLA,303.2266540527344,341.6199951171875,1,0.09938152854,0.0006730619277,0.0006725532573,0.0006730784976,0.0006731554167,0.0006731620935,0.02720640205,0.8700470582,0.9771,0.9771,0.9771
1515,345.9533386230469,345.9533386230469,115579500,20211027,TSLA,339.4766540527344,345.9533386230469,1,0.18567287145752498,0.031196667392174998,0.23207546565785,0.10091260704909999,0.032767887815825,0.045333032383050004,0.13952073662265,0.23252073162057502,0.6249,0.9989,0.883725
1516,359.0133361816406,359.0133361816406,81639600,20211028,TSLA,345.9533386230469,359.0133361816406,1,0.6993265317,0.1533950415,0.0005559280346,0.0005562301859,0.0005561395472,0.0005562841304,0.1444977045,0.0005561403552,0.9986,0.9986,0.9986
1517,402.86334228515625,402.86334228515625,168146100,20211101,TSLA,371.3333435058594,402.86334228515625,1,0.4201474024,0.000472435628,0.23101957327405,0.0329650057982,0.1020321309823,0.060128204854,0.1527628379941,0.00047240905855000005,0.9833,0.9906,0.98695
1518,390.6666564941406,390.6666564941406,128213400,20211102,TSLA,402.86334228515625,390.6666564941406,0,0.3826963501,0.001216571631,0.001216590665,0.001216935722,0.0736217498,0.5225479773,0.001216200865,0.01626762388,0.9798,0.9798,0.9798
1519,409.9700012207031,409.9700012207031,76192200,20211104,TSLA,404.6199951171875,409.9700012207031,1,0.0008572050398,0.0008580049269,0.5645731892,0.0008570299815,0.1009327309,0.3302072098,0.0008571172174,0.0008575130421,0.9371,0.9371,0.9371
1520,341.1666564941406,341.1666564941406,177317400,20211109,TSLA,387.6466674804688,341.1666564941406,0,0.0006692248375,0.0006691353419,0.8864244992,0.05802919192,0.05220049999,0.0006691576265,0.0006691471686,0.0006691439375,-0.9124,-0.9124,-0.9124
1521,355.9833374023437,355.9833374023437,128408100,20211110,TSLA,341.1666564941406,355.9833374023437,1,0.0007827412454,0.1081662268,0.7367683199,0.0007832102692,0.1145115016,0.0007821636925,0.0374238276,0.0007820088529,0.8873,0.8873,0.8873
1522,354.5033264160156,354.5033264160156,67189800,20211111,TSLA,355.9833374023437,354.5033264160156,0,0.21996742599,0.0006977859451,0.37950794622915,0.10601314465815,0.00069748708165,0.2360626041383,0.0006984537966,0.05635515215505,0.9649,0.9845,0.9747
1523,344.47332763671875,344.47332763671875,76719300,20211112,TSLA,354.5033264160156,344.47332763671875,0,0.00123902788,0.001239033994,0.8758465221,0.1167183029,0.001239940628,0.001238905042,0.001239407197,0.00123886027,0.9818,0.9818,0.9818
1524,337.7966613769531,337.7966613769531,104326800,20211115,TSLA,344.47332763671875,337.7966613769531,0,0.3804407497,0.00113832494,0.001136983254,0.001137265264,0.001136856992,0.295645978,0.318225857,0.001137984801,0.9874,0.9874,0.9874
1525,363.0033264160156,363.0033264160156,94336200,20211117,TSLA,351.57666015625,363.0033264160156,1,0.0004689153922,0.0004692677479,0.0004685360937,0.0004685448364,0.0004686076591,0.0004686191679,0.0004697164031,0.9967177927,0.992,0.992,0.992
1526,379.0199890136719,379.0199890136719,64926900,20211119,TSLA,365.4599914550781,379.0199890136719,1,0.0015456992,0.001544859951,0.001545122248,0.001545759797,0.001544926637,0.5679673138,0.00154470951,0.4227616088,-0.8805,-0.8805,-0.8805
1527,336.336669921875,336.336669921875,81663000,20211206,TSLA,338.3233337402344,336.336669921875,0,0.00583120981685,0.0005442290447,0.0005436206096500001,0.00054377302715,0.0005436023673,0.18698134126675,0.0005438186308999999,0.80446840525,-0.9968,0.9773,-0.009750000000000036
1528,350.5833435058594,350.5833435058594,56084700,20211207,TSLA,336.336669921875,350.5833435058594,1,0.26577885175,0.00833286110625,0.0004532304698,0.22242796645000001,0.2228629007386,0.13965594980770002,0.042306345071099996,0.098181894573,0.9744,0.9984,0.9863999999999999
1529,356.32000732421875,356.32000732421875,41906400,20211208,TSLA,350.5833435058594,356.32000732421875,1,0.20450872394999997,0.013003902199,0.4408821801,0.0681709036175,0.22923402305,0.042736498042000005,0.0007315949168499999,0.0007321741036500001,0.9618,0.9978,0.9798
1530,334.6000061035156,334.6000061035156,59438400,20211209,TSLA,356.32000732421875,334.6000061035156,0,0.039016758424499996,0.00157054143675,0.1808780909329,0.022252394448,0.58801788335,0.1651215311,0.00157206300655,0.0015707373176000001,-0.5267,0.995,0.23415000000000002
1531,339.010009765625,339.010009765625,59664300,20211210,TSLA,334.6000061035156,339.010009765625,1,0.2976748179806667,0.0007514206218,0.0007510296594666668,0.04224519602066667,0.0007508860115666667,0.28393853410086667,0.010492895782566666,0.3633952198333333,-0.9796,0.9942,-0.2809
1532,322.1366577148437,322.1366577148437,78595500,20211213,TSLA,339.010009765625,322.1366577148437,0,0.0073546427115,0.071284231255,0.0711454581202,0.0167593465328,0.0826948223872,0.24693094878635,0.04525365593265,0.45857689432300003,0.989,0.9958,0.9924
1533,319.5033264160156,319.5033264160156,70806300,20211214,TSLA,322.1366577148437,319.5033264160156,0,0.191068217863,0.013991052137,0.040523219469999996,0.28374843558380003,0.050661686603,0.21033960685,0.027349629381,0.182318152115,-0.991,0.9949,0.0019500000000000073
1534,325.3299865722656,325.3299865722656,75169200,20211215,TSLA,319.5033264160156,325.3299865722656,1,0.000900439797,0.0009005743281,0.0009006168911,0.1530531754,0.0009002322723,0.334676974,0.000900242992,0.5077677443,-0.9935,-0.9935,-0.9935
1535,299.9800109863281,299.9800109863281,56480100,20211220,TSLA,310.8566589355469,299.9800109863281,0,0.2024521112,0.2454334322,0.001069707172,0.027440269,0.00106981096,0.5203947067,0.001070218411,0.001069744324,-0.4374,-0.4374,-0.4374
1536,336.2900085449219,336.2900085449219,93634200,20211222,TSLA,312.84332275390625,336.2900085449219,1,0.06690710897560001,0.18194602748910002,0.00070594238355,0.0294050113995,0.0007063923712500001,0.2906450076,0.0007064439021500001,0.4289780658001,0.8176,0.9552,0.8864000000000001
1537,364.6466674804688,364.6466674804688,71145900,20211227,TSLA,355.6666564941406,364.6466674804688,1,0.000863402524,0.09078318716,0.3350785552,0.0008631267077,0.09004124764,0.3505219111,0.0008628317411,0.130985738,-0.983,-0.983,-0.983
1538,356.7799987792969,356.7799987792969,47040900,20211230,TSLA,362.0633239746094,356.7799987792969,0,0.0776985704935,0.0008353580984,0.0008352468190499999,0.059749049114500005,0.163010355504,0.053059117878,0.148182561079,0.49662974100039997,-0.997,-0.8124,-0.9047000000000001
1539,399.9266662597656,399.9266662597656,103931400,20220103,TSLA,352.260009765625,399.9266662597656,1,0.06873661026,0.0003863866187,0.000386454708,0.0003863652918,0.01750979256,0.0003863328441,0.000386250176,0.9118218075,0.9981,0.9981,0.9981
1540,383.1966552734375,383.1966552734375,100248300,20220104,TSLA,399.9266662597656,383.1966552734375,0,0.4437271549,0.1952586421,0.0008071540037,0.0008077869056,0.0008069792584,0.1923882845,0.0008077133995,0.165396285,-0.9648,-0.9648,-0.9648
1541,362.7066650390625,362.7066650390625,80119800,20220105,TSLA,383.1966552734375,362.7066650390625,0,0.043476202057499996,0.0006754046142,0.02316014574995,0.00067534518955,0.09764282117645,0.00067543029095,0.0006753583288000001,0.8330192926,0.7258,0.9973,0.86155
1542,342.32000732421875,342.32000732421875,84164700,20220107,TSLA,354.8999938964844,342.32000732421875,0,0.0005133645651,0.0005131803318,0.0005126766651,0.9114942542,0.0005129326738,0.08542773554,0.0005129811643,0.0005128748357,0.9959,0.9959,0.9959
1543,331.8833312988281,331.8833312988281,75442500,20220119,TSLA,343.5033264160156,331.8833312988281,0,0.498636956973,0.0009985042417000002,0.0009978599552,0.13600726513960001,0.0009977699862,0.00099903613955,0.00099796896485,0.3603646386628,-0.9799,0.987,0.0035499999999999976
1544,310.4166564941406,310.4166564941406,73138200,20220201,TSLA,312.239990234375,310.4166564941406,0,0.0008141634871,0.02360738923915,0.0008143813679,0.0416257356773,0.04542145964675,0.41606980159,0.00081401222455,0.47083305677299997,-0.9259,0.6649,-0.13049999999999995
1545,297.0466613769531,297.0466613769531,78855600,20220203,TSLA,301.8866577148437,297.0466613769531,0,0.30001551963055,0.00068865386055,0.0006884517707,0.0006885811267999999,0.0006885010838,0.013212309327600001,0.0006883420031999999,0.6833296412000001,-0.8519,0.9909,0.0695
1546,302.4466552734375,302.4466552734375,60994500,20220207,TSLA,307.7733459472656,302.4466552734375,0,0.475368547,0.05533200716,0.0005600693011,0.0005591423331,0.0005590722669,0.3562245611,0.1108381498,0.0005584510314,0.9847,0.9847,0.9847
1547,307.3333435058594,307.3333435058594,50729100,20220208,TSLA,302.4466552734375,307.3333435058594,1,0.0004216534779,0.5240664375,0.0004212284603,0.3474257768,0.0004213298228,0.04605505387,0.0004217914211,0.08076672857,-0.8637,-0.8637,-0.8637
1548,310.6666564941406,310.6666564941406,52259400,20220209,TSLA,307.3333435058594,310.6666564941406,1,0.03660736792,0.0008285423967,0.4303985821,0.0008285544779,0.4311996183,0.09847974568,0.0008284023325,0.0008291868325,0.8888,0.8888,0.8888
1549,301.51666259765625,301.51666259765625,66126900,20220210,TSLA,310.6666564941406,301.51666259765625,0,0.2330764568,0.1428340354,0.0009073816517,0.0009067559509,0.0009069556897,0.370086101,0.0009066144601,0.2503756991,0.9058,0.9058,0.9058
1550,286.6666564941406,286.6666564941406,79645800,20220211,TSLA,301.51666259765625,286.6666564941406,0,0.272237468567775,0.1480430692909,0.226637611650425,0.041028026709575,0.062571473433975,0.13414723190740002,0.11489558055775,0.00043953790062499997,-0.9996,0.9999,0.46915
1551,307.4766540527344,307.4766540527344,57286200,20220215,TSLA,291.9200134277344,307.4766540527344,1,0.0007449410299,0.0007448134407,0.4443944695,0.0007447300529,0.5511367765,0.0007448239545,0.0007444198904,0.0007450256488,0.9505,0.9505,0.9505
1552,254.67999267578125,254.67999267578125,95256900,20220223,TSLA,273.84332275390625,254.67999267578125,0,0.3996414744,0.001391331995,0.326701018,0.2332456436,0.001392072793,0.03484739742,0.001390576914,0.001390484916,0.5023,0.5023,0.5023
1553,269.9566650390625,269.9566650390625,76067700,20220225,TSLA,266.92333984375,269.9566650390625,1,0.0002735595719,0.4062413426,0.0002731896669,0.04667562855,0.0002732258531,0.000273679771,0.5457155495,0.000273824549,-0.9752,-0.9752,-0.9752
1554,290.1433410644531,290.1433410644531,99006900,20220228,TSLA,269.9566650390625,290.1433410644531,1,0.1533486317,0.48429116,0.0004022718005,0.0004026531696,0.0004025389553,0.000402504785,0.02354466944,0.3372055702,0.9936,0.9936,0.9936
1555,293.2966613769531,293.2966613769531,74643300,20220302,TSLA,288.1233215332031,293.2966613769531,1,0.0005417930488,0.04179545578,0.2943649491,0.0005422905981,0.6611298981,0.0005421737589,0.0005416609403,0.0005417786371,0.9171,0.9171,0.9171
1556,274.79998779296875,274.79998779296875,80399100,20220308,TSLA,268.1933288574219,274.79998779296875,1,0.001215270749,0.001215456883,0.0012147893,0.4174533185,0.00121545167,0.2147453684,0.001214987802,0.3617253567,-0.9797,-0.9797,-0.9797
1557,286.3233337402344,286.3233337402344,59184000,20220309,TSLA,274.79998779296875,286.3233337402344,1,0.0008461911103,0.3077596414,0.0008464316232,0.0008459523613,0.04984668137,0.1925875048,0.0008453248689,0.4464222724,0.952,0.952,0.952
1558,279.4333190917969,279.4333190917969,58648500,20220310,TSLA,286.3233337402344,279.4333190917969,0,0.002120363686,0.002122144123,0.002120847233,0.1276072341,0.2003520834,0.6614362807,0.002120933474,0.002120113202,0.9652,0.9652,0.9652
1559,267.2966613769531,267.2966613769531,66841200,20220315,TSLA,255.4566650390625,267.2966613769531,1,0.9818768845,0.0006446588379,0.0006451431859,0.0006446046843,0.0006446954645,0.0006450925351,0.000644726466,0.01425419436,0.9992,0.9992,0.9992
1560,280.07666015625,280.07666015625,84028800,20220316,TSLA,267.2966613769531,280.07666015625,1,0.0126282050247,0.17473841389394998,0.27543991871975,0.0003953689995,0.00039528377669999996,0.03740657488005,0.00039537699560000003,0.4986008577655,0.9328,0.9975,0.96515
1561,290.5333251953125,290.5333251953125,66582900,20220317,TSLA,280.07666015625,290.5333251953125,1,0.0005852007431,0.217686621,0.1282084242,0.2558579589,0.3615024022,0.0005857394529,0.0005850396532,0.03498861386,0.9757,0.9757,0.9757
1562,307.0533447265625,307.0533447265625,81981600,20220321,TSLA,301.7966613769531,307.0533447265625,1,0.0005611281876,0.0005611075441,0.0005608575245,0.2805718774,0.0005609575095,0.5711091416,0.0005610473496,0.1455138829,-0.9876,-0.9876,-0.9876
1563,337.97332763671875,337.97332763671875,68920800,20220324,TSLA,333.03668212890625,337.97332763671875,1,0.032185131097799996,0.0004943831151,0.0004941579384500001,0.00049436978735,0.00049436132515,0.015326594853349999,0.0004944615075499999,0.9500165404,0.9775,0.996,0.98675
1564,363.9466552734375,363.9466552734375,102506100,20220328,TSLA,336.8800048828125,363.9466552734375,1,0.3811332479,0.4095553534,0.0001959395696,0.1128847674,0.0001959180788,0.0536305848,0.0001958928147,0.04220829605,,,
1565,366.5233459472656,366.5233459472656,73614900,20220329,TSLA,363.9466552734375,366.5233459472656,1,0.39679660753333335,0.0631609586843,0.0005178789686999999,0.0005178375999666667,0.1831265841623,0.055463200875,0.2280029388589667,0.07241399333013333,0.9007,0.9971,0.9642333333333334
1566,381.8166809082031,381.8166809082031,82035900,20220404,TSLA,361.5299987792969,381.8166809082031,1,0.2135364666,0.0007323293842,0.0007312975761,0.0007315626554,0.0007312991868,0.7820729746,0.0007323337719,0.0007317362064,0.9772,0.9772,0.9772
1567,363.7533264160156,363.7533264160156,80075100,20220405,TSLA,381.8166809082031,363.7533264160156,0,0.1612063036,0.00118973274085,0.0011893082283,0.00118973556145,0.0011894392225500002,0.8178051035,0.0150401767435,0.00119020042055,0.9072,0.9692,0.9381999999999999
1568,348.586669921875,348.586669921875,89348400,20220406,TSLA,363.7533264160156,348.586669921875,0,0.1714027624,0.000614203151,0.0006144647976,0.0006138824922,0.000613718997,0.8249134309,0.0006141440443,0.0006133932896,0.7035,0.7035,0.7035
1569,341.8299865722656,341.8299865722656,55013700,20220408,TSLA,352.4200134277344,341.8299865722656,0,0.114828588175,0.00043011434385,0.5971303970999999,0.0004302480451,0.28232998114999996,0.00042991841195,0.00042996376265,0.0039907890746,0.765,0.994,0.8795
1570,325.3099975585937,325.3099975585937,59357100,20220411,TSLA,341.8299865722656,325.3099975585937,0,0.2656856656,0.0065757316239,0.0047210485472,0.0005450307215666667,0.0005453245430666666,0.6994037787333333,0.0005452858028666667,0.021978134448766663,0.9928,0.9992,0.9956999999999999
1571,328.9833374023437,328.9833374023437,65976000,20220412,TSLA,325.3099975585937,328.9833374023437,1,0.3083772942,0.001203365309,0.001202405022,0.001202644017,0.001202436184,0.684402072,0.001202751373,0.001207031904,0.7906,0.7906,0.7906
1572,328.3333435058594,328.3333435058594,58422300,20220414,TSLA,340.7900085449219,328.3333435058594,0,0.12393562483666666,0.02723756390026667,0.0004892930037333333,0.0004895030401333334,0.008597739256566667,0.8243896532666666,0.006205048444333334,0.008655574254566667,-0.9943,0.9982,0.3247666666666667
1573,334.7633361816406,334.7633361816406,51715200,20220418,TSLA,328.3333435058594,334.7633361816406,1,0.3136701796,0.0009405648877,0.0009406156579,0.0009405096253,0.0009404271094,0.6688026421,0.0009404980956,0.01282456288,0.9405,0.9405,0.9405
1574,325.7333374023437,325.7333374023437,70711200,20220420,TSLA,342.7166748046875,325.7333374023437,0,0.08434885464,0.08983405014,0.0002512112246,0.0502922688,0.0002514102131,0.0002515360564,0.7653500576,0.009420611333,0.5357,0.5357,0.5357
1575,336.260009765625,336.260009765625,105416400,20220421,TSLA,325.7333374023437,336.260009765625,1,0.2083388188115,0.001844971595,0.001843865351,0.263116440052,0.0018438991399999998,0.35362715145,0.1675402058995,0.0018446477145,-0.9049,0.6808,-0.11205000000000004
1576,335.01666259765625,335.01666259765625,69696600,20220422,TSLA,336.260009765625,335.01666259765625,0,0.2390032533,0.0004986332433,0.341952889,0.1086432176,0.2558936507,0.0004989078572,0.05301108884,0.000498359558,0.9451,0.9451,0.9451
1577,332.67333984375,332.67333984375,68341200,20220425,TSLA,335.01666259765625,332.67333984375,0,0.07678047122745,0.026672080173575002,0.000575445049525,0.145690969397725,0.0718479303516,0.40814160109,0.25540969179892503,0.0148818108843,-0.5119,0.9901,0.609925
1578,292.1400146484375,292.1400146484375,136133700,20220426,TSLA,332.67333984375,292.1400146484375,0,0.21081646242333332,0.031092034554033334,0.0007595877678333333,0.0007596966420333334,0.0007594300446,0.6896817905666667,0.022930221174366664,0.0432007768366,-0.9783,0.7986,-0.2922666666666667
1579,293.836669921875,293.836669921875,76956300,20220427,TSLA,292.1400146484375,293.836669921875,1,0.08467362944732001,0.00594053105238,0.000590244259,0.07939304147342,0.01430305409598,0.78086459702,0.03173114751582,0.00250375512272,-0.9996,0.9986,-0.47741999999999996
1580,292.5033264160156,292.5033264160156,124948500,20220428,TSLA,293.836669921875,292.5033264160156,0,0.08365958038089999,0.01150412433465,0.01314308326745,0.0005835081609,0.0129669237494,0.8418193552,0.03573979107755,0.0005836338253999999,0.6714,0.9869,0.82915
1581,290.2533264160156,290.2533264160156,88133100,20220429,TSLA,292.5033264160156,290.2533264160156,0,0.1806294126903143,0.10239003101927142,0.015639874322014285,0.0005067117192857143,0.03185311720944286,0.44815445257811426,0.16677275559604285,0.05405364488962857,-0.9876,0.9991,-0.09353333333333336
1582,300.9800109863281,300.9800109863281,75781500,20220502,TSLA,290.2533264160156,300.9800109863281,1,0.5829101746,0.0006516651361,0.0006529219111,0.0006514135646,0.0006526733708,0.4131761911,0.0006515335575,0.0006534267926,0.9836,0.9836,0.9836
1583,303.0833435058594,303.0833435058594,63709500,20220503,TSLA,300.9800109863281,303.0833435058594,1,0.0007660743308,0.029393049536,0.38950567704620004,0.0007663736684500001,0.10785344178355,0.30907896590899997,0.1618704165465,0.0007660012267,-0.9381,0.9827,0.022299999999999986
1584,291.09332275390625,291.09332275390625,92519100,20220505,TSLA,317.5400085449219,291.09332275390625,0,0.4385523268,0.094210176135,0.0010889861370333334,0.0010889828619999999,0.0010891245646666666,0.41785533963,0.045025792509333334,0.0010892713804666668,0.9313,0.9977,0.9565666666666667
1585,288.54998779296875,288.54998779296875,72903000,20220506,TSLA,291.09332275390625,288.54998779296875,0,0.17962055804835,0.11274992540534999,0.415203745309,0.08373014776650001,0.00113668615135,0.04751009159905,0.12692075919944998,0.03312808650695,-0.4767,0.9323,0.2278
1586,262.3699951171875,262.3699951171875,90810300,20220509,TSLA,288.54998779296875,262.3699951171875,0,0.2181880864,0.001423189891,0.00142317395,0.159382629,0.001422261875,0.299823106,0.04616059209,0.2721769607,-0.9309,-0.9309,-0.9309
1587,266.67999267578125,266.67999267578125,84401700,20220510,TSLA,262.3699951171875,266.67999267578125,1,0.31109308526117496,0.06051396545485,0.000764557173575,0.03905940206065,0.015657479689775,0.28600043529325,0.000764783823725,0.28614629125955,-0.9874,0.9967,0.31105
1588,244.6666717529297,244.6666717529297,97224600,20220511,TSLA,266.67999267578125,244.6666717529297,0,0.032221157146450005,0.02163905261,0.00039115623690000003,0.00039132278040000004,0.00039123855949999996,0.48408909805305,0.46048579457875,0.00039118003725,-0.6633,0.999,0.16785
1589,242.6666717529297,242.6666717529297,140313000,20220512,TSLA,244.6666717529297,242.6666717529297,0,0.2805677623133333,0.14511104562076668,0.0010545234207666667,0.11588563761146665,0.021754731814866663,0.2536619308533334,0.16460345625613335,0.01736091215396667,0.1154,0.9981,0.6726666666666666
1590,256.5299987792969,256.5299987792969,92150700,20220513,TSLA,242.6666717529297,256.5299987792969,1,0.15151356339983335,0.04208001129186667,0.0009054722024666666,0.0009057304124,0.0009054582004,0.7069718290666667,0.08917715102843332,0.007540784383233332,-0.8858,0.255,-0.41006666666666663
1591,241.4566650390625,241.4566650390625,86098500,20220516,TSLA,256.5299987792969,241.4566650390625,0,0.1844980368,0.01791678267,0.001097658632,0.00109817233,0.001098286285,0.06669645435,0.001098352848,0.7264962561,0.96,0.96,0.96
1592,253.8699951171875,253.8699951171875,80236200,20220517,TSLA,241.4566650390625,253.8699951171875,1,0.09011721871955,0.080448518133,0.0007148409335,0.0007150140659499999,0.00071481024225,0.42244646636,0.40412798257,0.0007151489719999999,-0.8856,0.9908,0.05259999999999998
1593,236.47332763671875,236.47332763671875,90296700,20220519,TSLA,236.60333251953125,236.47332763671875,0,0.00080108771735,0.00080135936575,0.5033927578649999,0.0352191664675,0.0008015110593,0.00080135840935,0.0008009585683,0.4573818005496,-0.9827,0.9131,-0.0348
1594,221.3000030517578,221.3000030517578,144973200,20220520,TSLA,236.47332763671875,221.3000030517578,0,0.001318528905,0.00131852982,0.1900596228,0.2096591041,0.001317150378,0.5936926717,0.001317313392,0.001317078907,0.7729,0.7729,0.7729
1595,219.6000061035156,219.6000061035156,92139300,20220525,TSLA,209.3866729736328,219.6000061035156,1,0.17595866606666666,0.0017639399193333334,0.0017647597500000001,0.04142611612133333,0.045423770399,0.6299751082666666,0.0017633426393333332,0.10192429682966665,-0.6481,0.946,0.37936666666666663
1596,246.7899932861328,246.7899932861328,77247900,20220601,TSLA,252.7533264160156,246.7899932861328,0,0.05502622225,0.000243681604,0.000243952405,0.1537148136,0.0002436545704,0.01249656926,0.7515050707,0.02652603562,-0.3629,-0.3629,-0.3629
1597,258.3333435058594,258.3333435058594,93473100,20220602,TSLA,246.7899932861328,258.3333435058594,1,0.3868779296,0.001215704958,0.001215827795,0.00121468283,0.01424566523,0.4174635016,0.001214864479,0.1765518236,0.9834,0.9834,0.9834
1598,234.51666259765625,234.51666259765625,112393800,20220603,TSLA,258.3333435058594,234.51666259765625,0,0.203979952786,0.0006606186811666668,0.10464281612793334,0.016732830532733334,0.15882070211376667,0.10179513030196667,0.032795738493033334,0.38057221095133337,-0.9906,0.9755,0.30533333333333335
1599,238.27999877929688,238.27999877929688,84204600,20220606,TSLA,234.51666259765625,238.27999877929688,1,0.2103684107,0.0009931766174,0.0009926771256,0.000993033392,0.0009929309132,0.7654865679,0.00099297265,0.01918023065,0.9916,0.9916,0.9916
1600,238.8866729736328,238.8866729736328,72808500,20220607,TSLA,238.27999877929688,238.8866729736328,1,0.05087274649,0.0004014031416,0.000400884422,0.108330278,0.0004012620315,0.0004013369345,0.7826840832,0.05650800586,0.9024,0.9024,0.9024
1601,241.86666870117188,241.86666870117188,76210500,20220608,TSLA,238.8866729736328,241.86666870117188,1,0.5734765445,0.07893481229,0.0005793033136,0.0005796024302,0.1380312772,0.2019263644,0.0005796379231,0.005892457949,0.9969,0.9969,0.9969
1602,215.73666381835935,215.73666381835935,102767400,20220613,TSLA,232.22999572753903,215.73666381835935,0,0.3460443946239333,0.07691432639866667,0.2274527322097333,0.0008004272472,0.047476461348966666,0.0008002952679666667,0.0559008530532,0.24461050986666666,0.9402,0.9556,0.9478333333333334
1603,220.88999938964844,220.88999938964844,97988700,20220614,TSLA,215.73666381835935,220.88999938964844,1,0.9959440708,0.0005792688075,0.0005793283444,0.0005793632979,0.0005790876804,0.0005798414478,0.0005797642895,0.0005792753786,0.9797,0.9797,0.9797
1604,233.0,233.0,119131800,20220615,TSLA,220.88999938964844,233.0,1,0.49791115700629995,0.0006326881126,0.0006328285254,0.0006324989750499999,0.00063227272885,0.0006324258884,0.0006323974775,0.49829373128965,-0.9583,0.9854,0.013550000000000006
1605,213.1000061035156,213.1000061035156,107390700,20220616,TSLA,233.0,213.1000061035156,0,0.59685986185,0.00072801782435,0.00072791155195,0.00072777973595,0.0007277071241,0.39877290348735,0.0007278759245499999,0.00072794248105,0.5267,0.8934,0.71005
1606,216.75999450683597,216.75999450683597,92641800,20220617,TSLA,213.1000061035156,216.75999450683597,1,0.116704517288,0.0008857647646,0.0847669526582,0.1077882422535,0.263145230585,0.42493782944,0.00088553894635,0.00088592408465,-0.1779,0.9963,0.4092
1607,237.0366668701172,237.0366668701172,122793000,20220621,TSLA,216.75999450683597,237.0366668701172,1,0.07746434954485,0.0204012771194,0.0011633397909750001,0.047097350605574996,0.001164061253575,0.77527999195,0.00116427381135,0.07626535594525,-0.9618,0.969,-0.04105
1608,235.07000732421875,235.07000732421875,104202600,20220623,TSLA,236.086669921875,235.07000732421875,0,0.001624238165,0.001624895463,0.001624374344,0.001626579676,0.001624506945,0.98862548,0.001625368119,0.001624557297,0.6538,0.6538,0.6538
1609,228.4900054931641,228.4900054931641,82897200,20220629,TSLA,232.663330078125,228.4900054931641,0,0.06961686177,0.0006018166204,0.0006016142097,0.0006016662107,0.0006017652972,0.7546377587,0.1727369189,0.0006015983761,0.9563,0.9563,0.9563
1610,227.26333618164065,227.26333618164065,74460300,20220701,TSLA,224.47332763671875,227.26333618164065,1,0.00129082502,0.07225094898,0.001289568576,0.001291247568,0.001289890329,0.6419700049,0.001291685245,0.2793258294,-0.9893,-0.9893,-0.9893
1611,250.76333618164065,250.76333618164065,101854200,20220708,TSLA,244.5433349609375,250.76333618164065,1,0.5310811974,0.0006216622383,0.0006216996518500001,0.00062177489465,0.00062146308305,0.46108828890000003,0.00062157683105,0.00472233701615,0.969,0.9844,0.9767
1612,234.3433380126953,234.3433380126953,99241200,20220711,TSLA,250.76333618164065,234.3433380126953,0,0.10968477873,0.0010084801655333333,0.0010078707076666667,0.0010082586071666667,0.0010079560257666668,0.8701370900666667,0.015137338530433335,0.0010082272083,-0.2023,0.9798,0.4003666666666667
1613,233.07000732421875,233.07000732421875,87930900,20220712,TSLA,234.3433380126953,233.07000732421875,0,0.0464827336613,0.0964135726534,0.04490926518765,0.0008186695690000001,0.0008187548966999999,0.64188136175,0.09955006734050001,0.06912557490695,-0.9568,0.5187,-0.21904999999999997
1614,237.0399932861328,237.0399932861328,97954500,20220713,TSLA,233.07000732421875,237.0399932861328,1,0.9946240813,0.00076759453,0.000767713616,0.0007684097217,0.0007675787621,0.0007691153772,0.0007678336403,0.0007676730701,0.8105,0.8105,0.8105
1615,238.31333923339844,238.31333923339844,78557400,20220714,TSLA,237.0399932861328,238.31333923339844,1,0.9938331022,0.0008809245852,0.0008807316432,0.0008810067071,0.0008810219663,0.0008812501009,0.00088089144,0.0008810713774,-0.4588,-0.4588,-0.4588
1616,240.0666656494141,240.0666656494141,69683100,20220715,TSLA,238.31333923339844,240.0666656494141,1,0.001149093063,0.1219178882,0.001148500575,0.1946306337,0.001148110205,0.001148982146,0.04295940821,0.6358973839,0.4939,0.4939,0.4939
1617,245.52999877929688,245.52999877929688,80890200,20220719,TSLA,240.54666137695312,245.52999877929688,1,0.001296329039,0.001297646633,0.0012968424185000002,0.15797177897800002,0.0012983237395,0.49573382691449996,0.0012964838399999999,0.3398087684175,-0.9955,0.128,-0.43375
1618,258.8599853515625,258.8599853515625,66820800,20220726,TSLA,268.4333190917969,258.8599853515625,0,0.04245002457,0.3239302489,0.631461407,0.0004318100864,0.0004317439599,0.0004317189965,0.0004314864575,0.0004315600723,0.9698,0.9698,0.9698
1619,274.82000732421875,274.82000732421875,88110000,20220727,TSLA,258.8599853515625,274.82000732421875,1,0.001304258224,0.001303751236,0.02920473841,0.001303322462,0.001303331622,0.9127093431,0.001302886771,0.05156836817,-0.962,-0.962,-0.962
1620,297.1499938964844,297.1499938964844,95313000,20220729,TSLA,280.8999938964844,297.1499938964844,1,0.2904493952,0.15732821336,0.0012327647051999999,0.00123204802735,0.0476501796625,0.45271631745315,0.0428609453005,0.0065301362765,-0.9437,0.9893,0.022799999999999987
1621,288.1700134277344,288.1700134277344,113172900,20220805,TSLA,308.6333312988281,288.1700134277344,0,0.0007970932736,0.0007980625757,0.7529724626,0.0007980041838,0.2422418192,0.0007976125491,0.0007979904435,0.0007969551123,0.8087,0.8087,0.8087
1622,283.3333435058594,283.3333435058594,86244600,20220809,TSLA,290.42333984375,283.3333435058594,0,0.4765379663,0.3087581997,0.0004792777064,0.0004795724319,0.0004795166593,0.0004792962296,0.06544125814,0.1473449129,0.9881,0.9881,0.9881
1623,294.3566589355469,294.3566589355469,94918800,20220810,TSLA,283.3333435058594,294.3566589355469,1,0.4538007388,0.0008871009741,0.0008873376509,0.0008870306192,0.000886889162,0.4542169702,0.0008869490495,0.08754698354,0.875,0.875,0.875
1624,303.9966735839844,303.9966735839844,68766000,20220817,TSLA,306.5633239746094,303.9966735839844,0,0.2521720428,0.0006384356703,0.0006398559268,0.0006388027905,0.0374406172,0.6673606348,0.0006384959778,0.04047111485,0.9928,0.9928,0.9928
1625,289.913330078125,289.913330078125,55843200,20220822,TSLA,296.6666564941406,289.913330078125,0,0.20496230209,0.001448585894,0.001448395191,0.001448025848,0.001448774613,0.067604625483,0.001447907987,0.7201913829,0.2833,0.2846,0.28395000000000004
1626,296.4533386230469,296.4533386230469,63984900,20220823,TSLA,289.913330078125,296.4533386230469,1,0.02395529077,0.1412290157,0.0003615544193,0.00036176291,0.00036235295,0.833006378,0.0003618967815,0.0003617484289,-0.8998,-0.8998,-0.8998
1627,297.0966796875,297.0966796875,57259800,20220824,TSLA,296.4533386230469,297.0966796875,1,0.0004345991954,0.0004346226502,0.8254961025,0.01554915598,0.1567824954,0.0004343210367,0.000434336078,0.0004343672345,0.9774,0.9774,0.9774
1628,277.70001220703125,277.70001220703125,50541800,20220830,TSLA,284.82000732421875,277.70001220703125,0,0.001545638575,0.001546103836,0.001545121837,0.001544761083,0.001544050713,0.9891845995,0.001544463142,0.001545261353,-0.5574,-0.5574,-0.5574
1629,277.1600036621094,277.1600036621094,54287000,20220901,TSLA,275.6099853515625,277.1600036621094,1,0.5441866701,0.03708664882,0.06046673586,0.000251480285,0.06321795628,0.1969561452,0.09758294429,0.0002514190789,0.9989,0.9989,0.9989
1630,283.70001220703125,283.70001220703125,50028900,20220907,TSLA,274.4200134277344,283.70001220703125,1,0.212473033586,0.0008750584556,0.00087509949955,0.00087517728725,0.059440366538,0.56368161245,0.012048265640000002,0.149731386557,-0.4475,0.9878,0.27015
1631,289.260009765625,289.260009765625,53713100,20220908,TSLA,283.70001220703125,289.260009765625,1,0.1132576619,0.0007585906776,0.000758317237,0.2135981074,0.2005281249,0.4695820635,0.0007590595458,0.0007580747748,-0.9485,-0.9485,-0.9485
1632,304.4200134277344,304.4200134277344,48674600,20220912,TSLA,299.67999267578125,304.4200134277344,1,0.0008030939931,0.0008023684297,0.0008017858037,0.0008017274257,0.0008017744056,0.9943848434,0.0008020121135,0.0008023943859,0.7845,0.7845,0.7845
1633,292.1300048828125,292.1300048828125,68229600,20220913,TSLA,304.4200134277344,292.1300048828125,0,0.0008017711968999999,0.04376284188205,0.4707975002221,0.01991403209025,0.02709829452045,0.42176341734595,0.0150605013533,0.0008016414074,-0.945,0.9325,-0.006249999999999978
1634,302.6099853515625,302.6099853515625,72628700,20220914,TSLA,292.1300048828125,302.6099853515625,1,0.09274967078,0.04329564788,0.0002149823866,0.0002151592918,0.0002150802487,0.04992949253,0.7911333242,0.02224664273,0.9005,0.9005,0.9005
1635,303.3500061035156,303.3500061035156,87087800,20220916,TSLA,303.75,303.3500061035156,0,0.04814470663,0.03371764447,0.001331244275,0.001331136093,0.001330655618,0.8837697066,0.001330842508,0.02904406376,0.8074,0.8074,0.8074
1636,308.7300109863281,308.7300109863281,61642800,20220920,TSLA,309.07000732421875,308.7300109863281,0,0.2411958432,0.0004619253402,0.01296954155,0.0004619012222,0.1860414372,0.1387777485,0.0004620632713,0.4196295397,0.9683,0.9683,0.9683
1637,288.5899963378906,288.5899963378906,70545400,20220922,TSLA,300.79998779296875,288.5899963378906,0,0.00136032315,0.001360744469,0.001360289275,0.001360413516,0.001360175996,0.001361074322,0.001359834375,0.9904771449,-0.6249,-0.6249,-0.6249
1638,287.8099975585937,287.8099975585937,54664800,20220928,TSLA,282.94000244140625,287.8099975585937,1,0.0006198773884,0.0006199034765,0.0006195930868,0.0006194377959,0.0006191400626,0.9379945694,0.0006193063933,0.05828817241,-0.9884,-0.9884,-0.9884
1639,268.2099914550781,268.2099914550781,77620600,20220929,TSLA,287.8099975585937,268.2099914550781,0,0.0009483919379,0.0009484274345,0.1298966362,0.7268116933,0.0009476922757,0.06204785364,0.07745118329,0.0009481219405,-0.9956,-0.9956,-0.9956
1640,265.25,265.25,67726600,20220930,TSLA,268.2099914550781,265.25,0,0.0002819750352,0.04184323182,0.0002818357992,0.3502467851,0.0002818967904,0.6065005129,0.0002818887069,0.0002818739167,-0.3546,-0.3546,-0.3546
1641,242.3999938964844,242.3999938964844,98363500,20221003,TSLA,265.25,242.3999938964844,0,0.030116392982,0.20699054598105,0.17669347610765002,0.0342486544881,0.2897027979065,0.25723411290315,0.0042939415848,0.00072007803625,-0.9901,-0.8957,-0.9429000000000001
1642,249.44000244140625,249.44000244140625,109578500,20221004,TSLA,242.3999938964844,249.44000244140625,1,0.1563964188,0.0004743776488,0.000474503687,0.0004740061123,0.0004741602592,0.8407582753,0.0004741612486,0.0004740969039,-0.9169,-0.9169,-0.9169
1643,240.80999755859372,240.80999755859372,86982700,20221005,TSLA,249.44000244140625,240.80999755859372,0,0.00031615193555,0.000316305236,0.423377145109,0.053140714345299996,0.02026461936695,0.0269452748435,0.4727575358715,0.0028822533117500004,0.9894,0.9943,0.9918499999999999
1644,238.1300048828125,238.1300048828125,69298400,20221006,TSLA,240.80999755859372,238.1300048828125,0,0.05127453407,0.001692089156,0.001690573168,0.001690145961,0.001689536608,0.9385802897,0.001692562102,0.001690269228,-0.0505,-0.0505,-0.0505
1645,222.9600067138672,222.9600067138672,67925000,20221010,TSLA,223.07000732421875,222.9600067138672,0,0.3628659042623,0.00069081027605,0.0006901119643999999,0.0006905356740000001,0.0006903597761499999,0.5777703022,0.018595598424249998,0.03800637736855,-0.8747,0.9957,0.0605
1646,216.5,216.5,77013200,20221011,TSLA,222.9600067138672,216.5,0,0.0009132552948,0.0009134302791,0.0009130938777,0.0009136865343,0.0009141760735,0.06061306708,0.0009132413143,0.9339060495,0.995,0.995,0.995
1647,204.9900054931641,204.9900054931641,94124500,20221014,TSLA,221.72000122070312,204.9900054931641,0,0.001954839971,0.2828283398,0.2666069999,0.001955552551,0.001954958247,0.4184583541,0.001954075666,0.02428687964,-0.5994,-0.5994,-0.5994
1648,220.19000244140625,220.19000244140625,75891900,20221018,TSLA,219.3500061035156,220.19000244140625,1,0.0009204228411,0.0009206548792,0.0009200287516,0.0009208662128,0.000920295977,0.781776794,0.000920921009,0.2127000163,-0.9834,-0.9834,-0.9834
1649,214.44000244140625,214.44000244140625,75713800,20221021,TSLA,207.27999877929688,214.44000244140625,1,0.085118107333,0.0394795920245,0.0007597901674,0.0007598263312999999,0.0007594916267,0.42844963585999996,0.443913282659,0.0007602740006,-0.9839,-0.8537,-0.9188000000000001
1650,224.63999938964844,224.63999938964844,85012500,20221026,TSLA,222.4199981689453,224.63999938964844,1,0.0004517633718,0.142881875,0.0004516579206,0.0004520460218,0.0004517612887,0.1911832958,0.0004516228701,0.6636759778,-0.9091,-0.9091,-0.9091
1651,225.08999633789065,225.08999633789065,61638800,20221027,TSLA,224.63999938964844,225.08999633789065,1,0.3892007393,0.001133937265,0.0011337678795,0.0011341015794999998,0.001134316802,0.6039944482,0.0011341079259999999,0.001134581086,-0.4688,0.9823,0.25675
1652,228.5200042724609,228.5200042724609,69152400,20221028,TSLA,225.08999633789065,228.5200042724609,1,0.130338649807525,0.0006664072875250001,0.0006658847075749999,0.000666208292375,0.0006659348664250001,0.58658589564,0.279744916704025,0.000666102724525,-0.994,0.9747,0.012175000000000002
1653,227.5399932861328,227.5399932861328,61554300,20221031,TSLA,228.5200042724609,227.5399932861328,0,0.09678872064093999,0.07316108570784,0.0019379091417,0.0253554594237,0.00915958684598,0.72043679304,0.024977426614979998,0.04818301855952,-0.976,0.9922,-0.18502000000000002
1654,227.82000732421875,227.82000732421875,62688800,20221101,TSLA,227.5399932861328,227.82000732421875,1,0.02328134878448,0.04070932824852,0.19860140024220002,0.00342451251794,0.00073237235544,0.6587124204671999,0.07231001741566,0.0022285999609,-0.9961,0.953,0.17212
1655,214.97999572753903,214.97999572753903,63070300,20221102,TSLA,227.82000732421875,214.97999572753903,0,0.01153314205415,0.11523035369392501,0.000674001902475,0.01617939933625,0.000674008147825,0.60778042894,0.24725455644359998,0.000674109498375,-0.9858,0.9268,0.27549999999999997
1656,215.30999755859372,215.30999755859372,56538800,20221103,TSLA,214.97999572753903,215.30999755859372,1,0.0005258212429,0.0005262779342,0.0005255495466,0.2523266841,0.0005257654672,0.288618877,0.4564253305,0.0005256942798,-0.9988,-0.9988,-0.9988
1657,207.47000122070312,207.47000122070312,98622200,20221104,TSLA,215.30999755859372,207.47000122070312,0,0.1008524654365857,0.014167053156228572,0.001186609223242857,0.008966527292657145,0.0005247045203,0.7136252456357143,0.15586202419372858,0.004815370559242858,-0.9882,0.9967,-0.023657142857142842
1658,197.0800018310547,197.0800018310547,93916500,20221107,TSLA,207.47000122070312,197.0800018310547,0,0.0008641584087,0.012458079032166667,0.0008629103060666666,0.0008631620397,0.0008631728100333332,0.6850849242999999,0.29814048598666665,0.0008631071008333334,0.832,0.9085,0.8769999999999999
1659,191.3000030517578,191.3000030517578,128803400,20221108,TSLA,197.0800018310547,191.3000030517578,0,0.4445410790905,0.0013060715236999998,0.0013054923020000002,0.00130532698025,0.00130531236415,0.0556999891445,0.0013051656238999999,0.49323156298205,-0.7444,0.8126,0.03410000000000002
1660,177.58999633789062,177.58999633789062,127062700,20221109,TSLA,191.3000030517578,177.58999633789062,0,0.125618692704625,0.126462050150225,0.012461220361750002,0.000709248881425,0.0032684034952250004,0.668178670275,0.047545983418675004,0.01575573069765,-0.2658,0.9919,0.648825
1661,190.72000122070312,190.72000122070312,132703000,20221110,TSLA,177.58999633789062,190.72000122070312,1,0.3316760000597,0.029365594195633334,0.0009486748194333333,0.012679022928033334,0.0009489668167333333,0.6224838150070667,0.0009489327028,0.0009489934508333333,-0.9596,0.9361,0.3025666666666667
1662,195.97000122070312,195.97000122070312,114403600,20221111,TSLA,190.72000122070312,195.97000122070312,1,0.02860533863275,0.00955852251715,0.0006153321506,0.062696775045,0.029214161743900003,0.8476203397,0.0006154380399,0.0210740921688,0.9959,0.9984,0.99715
1663,190.9499969482422,190.9499969482422,92226600,20221114,TSLA,195.97000122070312,190.9499969482422,0,0.278480014285,0.0436380797643,0.00059493505595,0.06281736791925,0.00059555519,0.61268301145,0.0005956733000499999,0.0005953629840999999,-0.9879,0.9964,0.004249999999999976
1664,194.4199981689453,194.4199981689453,91293800,20221115,TSLA,190.9499969482422,194.4199981689453,1,0.0010640784507,0.00106431205175,0.0010631649822,0.0010631118364,0.0010630733426,0.9925559236,0.0010632261177499999,0.00106310961905,-0.9757,-0.9272,-0.95145
1665,186.9199981689453,186.9199981689453,66567600,20221116,TSLA,194.4199981689453,186.9199981689453,0,0.01659851887065,0.00083505472325,0.0008344372384,0.0008347032421499999,0.0008347715082000001,0.97839292895,0.00083477731345,0.0008348081483,-0.8159,0.9779,0.08100000000000002
1666,183.1699981689453,183.1699981689453,64336000,20221117,TSLA,186.9199981689453,183.1699981689453,0,0.11836568438125,0.0035969061359,0.00091468554925,0.09001785204685,0.00091489771245,0.6430438303375,0.1422307132028,0.0009154306444,-0.9244,0.9917,-0.165625
1667,180.19000244140625,180.19000244140625,76048900,20221118,TSLA,183.1699981689453,180.19000244140625,0,0.000698905818,0.07730913854,0.0006987095659,0.0006990571983,0.0006987282454,0.9184974295,0.0006993111803,0.0006987199623,-0.9939,-0.9939,-0.9939
1668,167.8699951171875,167.8699951171875,92882700,20221121,TSLA,180.19000244140625,167.8699951171875,0,0.001167796816,0.0387755316442,0.4461603144665,0.00116945236345,0.0526518219165,0.45773880599875,0.001168176117,0.001168100654,0.8701,0.8845,0.8773
1669,183.1999969482422,183.1999969482422,109536700,20221123,TSLA,169.91000366210938,183.1999969482422,1,0.23666050983966666,0.0854685454002,0.004716131164633333,0.2593141303973,0.014227862174966665,0.3980583858533333,0.0007773653479999999,0.0007770698429333333,-0.9926,0.9937,0.3282333333333333
1670,182.8600006103516,182.8600006103516,50672700,20221125,TSLA,183.1999969482422,182.8600006103516,0,0.0004798286575,0.07530314998,0.003678831804,0.0004797072962,0.0004796725045,0.8892759119,0.0004795590356,0.02982333881,-0.6953,-0.6953,-0.6953
1671,182.9199981689453,182.9199981689453,92905200,20221128,TSLA,182.8600006103516,182.9199981689453,1,0.17285211553003332,0.0008662852898,0.013617763154333334,0.0008662060375666667,0.0439647876053,0.15768538752000003,0.6092818020286667,0.0008656528273666667,-0.4767,0.9979,0.5026
1672,194.6999969482422,194.6999969482422,109186400,20221130,TSLA,180.8300018310547,194.6999969482422,1,0.253116032,0.00041214053605000004,0.00041191768685,0.00041208300185,0.00041211042215,0.5976591572,0.022538956634350002,0.12503760252499999,-0.9725,0.9926,0.010050000000000003
1673,194.6999969482422,194.6999969482422,80046200,20221201,TSLA,194.6999969482422,194.6999969482422,0,0.046783937733439994,0.061226484631020005,0.00048538732362000004,0.00941849171944,0.0004854869508,0.8222550307800001,0.05885980914932,0.00048537169302000007,-0.9916,0.9865,0.06982
1674,194.8600006103516,194.8600006103516,73645900,20221202,TSLA,194.6999969482422,194.8600006103516,1,0.00055716878795,0.0005574522522,0.00055686177875,0.00055704266535,0.00055686477465,0.991054171,0.005603621035,0.00055681768915,-0.9991,-0.9954,-0.99725
1675,182.4499969482422,182.4499969482422,93122700,20221205,TSLA,194.8600006103516,182.4499969482422,0,0.0005323121529,0.4658580637,0.0005324098352,0.0005324736334,0.0005322055021,0.07041539911,0.4610647704,0.0005323656948,0.928,0.928,0.928
1676,179.82000732421875,179.82000732421875,92150800,20221206,TSLA,182.4499969482422,179.82000732421875,0,0.0004983931913,0.2174514172,0.0004979502865,0.03218754779535,0.0004984053673,0.6864420143,0.0619261393371,0.0004981324827999999,-0.6017,0.9905,0.19440000000000002
1677,174.0399932861328,174.0399932861328,84213300,20221207,TSLA,179.82000732421875,174.0399932861328,0,0.03404147712,0.4447631519,0.0005910937234,0.2487862219,0.0005905072414,0.07324816601,0.1973886887,0.0005906934493,0.9933,0.9933,0.9933
1678,173.44000244140625,173.44000244140625,97624500,20221208,TSLA,174.0399932861328,173.44000244140625,0,0.1482090334,0.001331715117,0.001330510411,0.001331256024,0.001330718893,0.8438047824,0.001331048217,0.001330935534,-0.9665,-0.9665,-0.9665
1679,179.0500030517578,179.0500030517578,104872300,20221209,TSLA,173.44000244140625,179.0500030517578,1,0.080092389035,0.0008983686868,0.19841918237765002,0.0331573693295,0.11184110801825,0.11923993923615,0.4554531109935,0.00089853235015,0.91,0.9816,0.9458
1680,167.82000732421875,167.82000732421875,109794500,20221212,TSLA,179.0500030517578,167.82000732421875,0,0.0007132136878250001,0.06196802865675,0.187679870214625,0.00071326743065,0.006211803050775,0.5809864138,0.1610146842706,0.00071271888915,-0.9768,0.9866,0.483225
1681,160.9499969482422,160.9499969482422,175862700,20221213,TSLA,167.82000732421875,160.9499969482422,0,0.08903627689202001,0.054692463698240004,0.0034711130084,0.00060108340084,0.00060101835144,0.68683862420932,0.05321929577808,0.11154012464354002,-0.9974,0.9987,-0.17405999999999996
1682,156.8000030517578,156.8000030517578,140682300,20221214,TSLA,160.9499969482422,156.8000030517578,0,0.0005821582491,0.0005820660904,0.0005824833177,0.08995278727,0.01753281701,0.8580648876,0.0005818307697,0.0321209697,0.86,0.86,0.86
1683,157.6699981689453,157.6699981689453,122334500,20221215,TSLA,156.8000030517578,157.6699981689453,1,0.2132381837046,0.054603331597,0.0009160589395500001,0.0009158559563,0.00091562501015,0.2579086443,0.4267544889055,0.044747811623450005,-0.9467,0.9569,0.005099999999999993
1684,150.22999572753906,150.22999572753906,139032200,20221216,TSLA,157.6699981689453,150.22999572753906,0,0.0097380947768875,0.16366492793445,0.0005550726708625,0.0533889891086625,0.0401858171484375,0.5857972568174,0.13670394074790002,0.009965900795962499,-0.9953,0.9865,-0.16785
1685,149.8699951171875,149.8699951171875,139390600,20221219,TSLA,150.22999572753906,149.8699951171875,0,0.017010472684066667,0.035325397730433326,0.0005704819201666667,0.0005706300926,0.0005704310138,0.64048559617,0.3048962226921667,0.0005707677339,-0.9957,0.9686,0.3077666666666667
1686,137.8000030517578,137.8000030517578,159563300,20221220,TSLA,149.8699951171875,137.8000030517578,0,0.0867406800998,0.0010292020066,0.00102867404255,0.16295288031150001,0.0010284035665,0.68230123145,0.001028557502,0.063890370995,-0.9872,-0.9712,-0.9792
1687,137.57000732421875,137.57000732421875,145417400,20221221,TSLA,137.8000030517578,137.57000732421875,0,0.13930625500024998,0.10920100767765,0.001088070705575,0.015196029178374999,0.0010880666043,0.5340440682325,0.11759128469665,0.08248521791675001,-0.5455,0.9923,0.07597499999999999
1688,121.81999969482422,121.81999969482422,221923300,20221229,TSLA,112.70999908447266,121.81999969482422,1,0.3604134663,0.001331614177,0.02845266151,0.00133072971,0.001332551061,0.2616698408,0.001330637381,0.3441384991,0.9781,0.9781,0.9781
1689,123.18000030517578,123.18000030517578,157777300,20221230,TSLA,121.81999969482422,123.18000030517578,1,0.00049404973485,0.0004938786630000001,0.22810671542495,0.15802374588495,0.2720197355651,0.33987411588884997,0.000493780458,0.00049397836385,-0.9932,0.9991,0.002950000000000008
1690,108.0999984741211,108.0999984741211,231402800,20230103,TSLA,123.18000030517578,108.0999984741211,0,0.1926998838025,0.00098116862385,0.0009815146789,0.334715994625,0.0009814750549999999,0.010870405661000001,0.0009815602523000001,0.45778799724999997,-0.8475,-0.2627,-0.5551
1691,113.63999938964844,113.63999938964844,180389000,20230104,TSLA,108.0999984741211,113.63999938964844,1,0.015493845127,0.05363872766633334,0.0009486725933333333,0.2666565408317,0.0009485380668333333,0.3574854745743333,0.23903413983433333,0.0657940613211,-0.9955,-0.3506,-0.7755666666666667
1692,110.33999633789062,110.33999633789062,157986300,20230105,TSLA,113.63999938964844,110.33999633789062,0,0.0003587388924,0.1618603339,0.0003583860955,0.0003585029859,0.0003585088512,0.722291047,0.1140558888,0.0003585934479,0.5941,0.5941,0.5941
1693,113.05999755859376,113.05999755859376,220911100,20230106,TSLA,110.33999633789062,113.05999755859376,1,0.0003589597743666667,0.00035886999206666666,0.003335716710533333,0.14102467613333333,0.02425936975906667,0.6653684420981333,0.0003592755132333333,0.16493469000056668,-0.9981,0.9942,0.32826666666666665
1694,119.7699966430664,119.7699966430664,190284000,20230109,TSLA,113.05999755859376,119.7699966430664,1,0.10720179867520001,0.1825967969242,0.125343496581625,0.07705632362545,0.066307932634075,0.21988976859095,0.0455881991729,0.176015683765975,-0.9741,0.9978,0.49917500000000004
1695,118.8499984741211,118.8499984741211,167642500,20230110,TSLA,119.7699966430664,118.8499984741211,0,0.0005310595026499999,0.17245957623635,0.0005311191765,0.120242108454,0.0005309524259000001,0.69329906965,0.01187512814585,0.00053098642495,-0.9829,0.9806,-0.0011499999999999844
1696,123.22000122070312,123.22000122070312,183810800,20230111,TSLA,118.8499984741211,123.22000122070312,1,0.001841887963,0.001840738928,0.001840278858,0.001839735846,0.01912224595,0.09037914476,0.001843285466,0.8812926822,0.296,0.296,0.296
1697,122.4000015258789,122.4000015258789,180714100,20230113,TSLA,123.55999755859376,122.4000015258789,0,0.1965773841,0.0004814271936,0.0004811923108,0.5814250139,0.1913951793,0.02867625877,0.0004818273563,0.0004817169825,0.9992,0.9992,0.9992
1698,131.49000549316406,131.49000549316406,186477000,20230117,TSLA,122.4000015258789,131.49000549316406,1,0.0006225426857,0.0006226920629,0.0006224211326,0.0006231312622,0.0006225458531,0.3084352468,0.000622376769,0.6878290434,-0.9911,-0.9911,-0.9911
1699,128.77999877929688,128.77999877929688,195680300,20230118,TSLA,131.49000549316406,128.77999877929688,0,0.158978421579025,0.06606575907650002,0.000643939546575,0.00637436267715,0.00064389369055,0.69435729385,0.055484409675275,0.017451919904725,-0.9942,0.9539,-0.312425
1700,127.16999816894533,127.16999816894533,170291900,20230119,TSLA,128.77999877929688,127.16999816894533,0,0.03318671866,0.02329872043,0.000278718105,0.0002789150005,0.0002787036486,0.1266351042,0.8157642371,0.0002788829421,-0.9989,-0.9989,-0.9989
1701,133.4199981689453,133.4199981689453,138858100,20230120,TSLA,127.16999816894533,133.4199981689453,1,0.148651176825,0.0014291389926,0.0014281260373499999,0.09621042948965,0.0014290157755500001,0.7403583435500001,0.00142875861875,0.009065010689,-0.9794,0.9633,-0.008050000000000002
1702,143.75,143.75,203119200,20230123,TSLA,133.4199981689453,143.75,1,0.29836831,0.00074691074805,0.00453088050645,0.000746665724,0.02655418263065,0.65367400215,0.0007465743142,0.014632473948,0.8474,0.9891,0.91825
1703,143.88999938964844,143.88999938964844,158699100,20230124,TSLA,143.75,143.88999938964844,1,0.2946037279365,0.00109275149035,0.4954053682729,0.00109206780645,0.00109214867625,0.198484979384,0.0010918835325,0.0071370728599999995,0.5106,0.9529,0.73175
1704,144.42999267578125,144.42999267578125,192734300,20230125,TSLA,143.88999938964844,144.42999267578125,1,0.00057811368885,0.10950843325,0.0005777839682,0.00057811445415,0.00057789947345,0.7654782132,0.11788818809509999,0.0048132538181,-0.9873,-0.8196,-0.90345
1705,177.89999389648438,177.89999389648438,306590600,20230127,TSLA,160.27000427246094,177.89999389648438,1,0.0148164589955,0.15556306049885,0.0039718175125,0.032504339388,0.0007470640711499999,0.30900146779000004,0.07612665433225,0.40726913739049997,-0.6059,0.7551,0.0746
1706,166.66000366210938,166.66000366210938,230878800,20230130,TSLA,177.89999389648438,166.66000366210938,0,0.028900874137266667,0.0012651227473333335,0.0012641429038000001,0.2571971101043333,0.0012642917956,0.0245952055851,0.0012639440891333332,0.6842493086333333,-0.9892,0.9633,-0.3093666666666666
1707,173.22000122070312,173.22000122070312,196813500,20230131,TSLA,166.66000366210938,173.22000122070312,1,0.0007233331941,0.09194617102,0.0007242062555,0.0007233853431,0.0007244655226,0.9037114954,0.0007236182315,0.0007233250731,0.9863,0.9863,0.9863
1708,181.41000366210935,181.41000366210935,213806300,20230201,TSLA,173.22000122070312,181.41000366210935,1,0.33395201220000004,0.033835869839,0.00073590446065,0.0007361097712,0.10778257064545001,0.5135772942500001,0.0007363715524,0.00864386732665,-0.9936,0.9963,0.0013499999999999623
1709,188.2700042724609,188.2700042724609,217448300,20230202,TSLA,181.41000366210935,188.2700042724609,1,0.07787860175,0.001289962582,0.001289841261,0.001289192282,0.00129009481,0.9143822763,0.001290108755,0.001289922283,0.9766,0.9766,0.9766
1710,189.97999572753903,189.97999572753903,232662000,20230203,TSLA,188.2700042724609,189.97999572753903,1,0.2420405685,0.001203698483,0.01633798818,0.001203202922,0.001202888572,0.6872144052,0.001203666538,0.04959358166,0.7876,0.7876,0.7876
1711,196.80999755859372,196.80999755859372,186010300,20230207,TSLA,194.75999450683597,196.80999755859372,1,0.2627550182,0.07244354097080001,0.00047467499655,0.044880943727449996,0.20918838342985002,0.40930739935225,0.00047518482080000004,0.0004748545246,0.9499,0.9964,0.97315
1712,201.2899932861328,201.2899932861328,180673600,20230208,TSLA,196.80999755859372,201.2899932861328,1,0.0008337081142499999,0.1395737521895,0.000832930966,0.00083360898895,0.0008328779342499999,0.730265578,0.1259944292315,0.00083311455705,-0.9931,-0.9866,-0.98985
1713,207.32000732421875,207.32000732421875,215431400,20230209,TSLA,201.2899932861328,207.32000732421875,1,0.00903047997685,0.0934548312503,0.0007032102417,0.11279416936815001,0.23857111644079998,0.167987042679,0.0007022333712,0.37675691669395,-0.9875,-0.9541,-0.9708
1714,196.88999938964844,196.88999938964844,204754100,20230210,TSLA,207.32000732421875,196.88999938964844,0,0.0982023398335,0.027942796182,0.4689032139509,0.0008598045284,0.027908500179750002,0.3744634647235,0.0008600779201,0.0008598027006,0.358,0.9849,0.67145
1715,194.63999938964844,194.63999938964844,172475500,20230213,TSLA,196.88999938964844,194.63999938964844,0,0.001226264572,0.001229006428,0.991412729,0.001226917402,0.001226068617,0.001226220313,0.00122628823,0.001226505449,-0.93,-0.93,-0.93
1716,209.25,209.25,216455700,20230214,TSLA,194.63999938964844,209.25,1,0.1716565005,0.314185032,0.0009932094461,0.06440448756,0.0009934535519,0.4457801609,0.0009938507627,0.0009933052458,-0.9837,-0.9837,-0.9837
1717,214.2400054931641,214.2400054931641,181006400,20230215,TSLA,209.25,214.2400054931641,1,0.0929064606,0.2758940419,0.0007189924795,0.07941693471,0.0007190708232,0.0007190090587,0.0007195459317,0.5489059445,0.9825,0.9825,0.9825
1718,202.0399932861328,202.0399932861328,229586500,20230216,TSLA,214.2400054931641,202.0399932861328,0,0.13259450331675,0.126095363365725,0.000955518582225,0.00095604614175,0.01720010210475,0.38552608185,0.0097291933885,0.326943191323375,-0.2951,0.9991,0.6399
1719,208.30999755859372,208.30999755859372,213738500,20230217,TSLA,202.0399932861328,208.30999755859372,1,0.0006203785863,0.0246906486122,0.37626185592420003,0.0006201761907500001,0.0769840031887,0.0090539519017,0.46092069437730004,0.050848291215,-0.7855,0.9792,0.09684999999999999
1720,197.3699951171875,197.3699951171875,180018600,20230221,TSLA,208.30999755859372,197.3699951171875,0,0.0007453459549,0.06230643865,0.901327566,0.0007457412591,0.0007454919917,0.0007462742569,0.0007451534917,0.03263798839,-0.9786,-0.9786,-0.9786
1721,196.8800048828125,196.8800048828125,142228100,20230224,TSLA,202.07000732421875,196.8800048828125,0,0.0008401966373,0.0008405924641,0.9941193215,0.0008402954622,0.0008400495389,0.0008396685174,0.0008397185328,0.000840157347,-0.9612,-0.9612,-0.9612
1722,207.6300048828125,207.6300048828125,161028300,20230227,TSLA,196.8800048828125,207.6300048828125,1,0.069988283831,0.0289966003375,0.42475162317665,0.0124319248785,0.051771016946149995,0.3778566279265,0.0009779551388000001,0.03322596771,-0.9992,-0.9272,-0.9632000000000001
1723,205.7100067138672,205.7100067138672,153144900,20230228,TSLA,207.6300048828125,205.7100067138672,0,0.2028580145,0.2697508735,0.00068447274,0.0006844141907,0.058820537,0.4658330693,0.0006842305256,0.0006843882761,0.3613,0.3613,0.3613
1724,190.8999938964844,190.8999938964844,181500700,20230302,TSLA,202.7700042724609,190.8999938964844,0,0.05221286682,0.03434304899455,0.32515508292809997,0.06901077872625,0.10476974352000001,0.0005090839158,0.0005090376011,0.41349035752450003,0.9534,0.9964,0.9749
1725,193.80999755859372,193.80999755859372,128100100,20230306,TSLA,197.7899932861328,193.80999755859372,0,0.001170204134,0.001169565545,0.001169280235,0.001169584397,0.001168966538,0.9918136054,0.001169578844,0.001169214939,-0.2846,-0.2846,-0.2846
1726,187.7100067138672,187.7100067138672,148125800,20230307,TSLA,193.80999755859372,187.7100067138672,0,0.101181706245,0.0010372555956,0.438244623505,0.0010376748542499999,0.023854944058,0.42700900574530004,0.0010367573745,0.006598032581499999,-0.7886,0.6656,-0.0615
1727,182.0,182.0,151897800,20230308,TSLA,187.7100067138672,182.0,0,0.08476429856270001,0.131460176136,0.0008964719416333333,0.08101182401986666,0.0008963904492666667,0.4457071818,0.0008967145719,0.2543669425619333,-0.9969,-0.891,-0.9456000000000001
1728,172.9199981689453,172.9199981689453,170023800,20230309,TSLA,182.0,172.9199981689453,0,0.0001738933926,0.0001738906037,0.0001737691954,0.08111315877,0.000173853499,0.900996373,0.01702128298,0.000173778565,0.9968,0.9968,0.9968
1729,173.44000244140625,173.44000244140625,191488900,20230310,TSLA,172.9199981689453,173.44000244140625,1,0.02761729097,0.07918043315,0.0002107564184,0.0002107922205,0.0002107690775,0.09616441205,0.7961946756,0.0002108705373,-0.9745,-0.9745,-0.9745
1730,183.25999450683597,183.25999450683597,143717900,20230314,TSLA,174.47999572753906,183.25999450683597,1,0.06861131869155,0.00059509605335,0.0005950196756,0.1650161258843,0.048941224331999995,0.344418476355,0.0005950373398000001,0.3712277017,-0.9938,0.9954,0.0007999999999999674
1731,180.4499969482422,180.4499969482422,145995600,20230315,TSLA,183.25999450683597,180.4499969482422,0,0.674266778,0.04647043877,0.0004075556707,0.02187381047,0.0004079700978,0.2251383487,0.03102743713,0.0004076611324,-0.2249,-0.2249,-0.2249
1732,183.25,183.25,129684400,20230320,TSLA,180.1300048828125,183.25,1,0.072498759,0.0006913708302,0.0006910263738,0.0006913740234,0.0006916996296,0.9233532461,0.0006910961647,0.0006914278701,0.9987,0.9987,0.9987
1733,192.22000122070312,192.22000122070312,144193900,20230323,TSLA,191.1499938964844,192.22000122070312,1,0.0094813201395,0.0012944444426000001,0.0012950732811,0.46193023655250004,0.0289711942515,0.49443906094835,0.0012941747716500001,0.00129449560185,-0.9833,0.6956,-0.14384999999999998
1734,191.80999755859372,191.80999755859372,120851600,20230327,TSLA,190.41000366210935,191.80999755859372,1,0.001715570398,0.001714888893,0.001715335724,0.001714467848,0.001714268822,0.987997255,0.001713771004,0.001714442265,-0.5729,-0.5729,-0.5729
1735,189.19000244140625,189.19000244140625,98654600,20230328,TSLA,191.80999755859372,189.19000244140625,0,0.020691733617,0.0014335126986500001,0.0014333682505,0.0014336477531,0.0120291348905,0.5064278443,0.014288327041,0.4422624314734,-0.8934,0.8968,0.0017000000000000348
1736,193.8800048828125,193.8800048828125,123660000,20230329,TSLA,189.19000244140625,193.8800048828125,1,0.155951658971,0.0009193744798999999,0.05523835569615,0.44196584530000005,0.033153825362000004,0.310930836879,0.00092057102115,0.0009195322772999999,-0.8133,0.9922,0.08944999999999997
1737,195.27999877929688,195.27999877929688,110252200,20230330,TSLA,193.8800048828125,195.27999877929688,1,0.000315191291,0.0003152011782,0.0003150360535,0.1301816275,0.0003151047812,0.6435077817,0.2247350156,0.0003150418624,-0.9945,-0.9945,-0.9945
1738,207.4600067138672,207.4600067138672,170222100,20230331,TSLA,195.27999877929688,207.4600067138672,1,0.06395227394,0.00063094597915,0.00063106096715,0.0006309606875,0.00063184410715,0.93226101815,0.0006308379467000001,0.0006310582028,0.7262,0.9844,0.8553
1739,194.7700042724609,194.7700042724609,169545900,20230403,TSLA,207.4600067138672,194.7700042724609,0,0.0345813736249,0.00069185024495,0.4082540084654,0.091084028605,0.05111222198665,0.36972176760595,0.0006917766359999999,0.04386297283355,-0.9984,0.9022,-0.048099999999999976
1740,192.5800018310547,192.5800018310547,126463800,20230404,TSLA,194.7700042724609,192.5800018310547,0,0.0003984556558,0.18019329925,0.00039824716045000003,0.08942186801390001,0.00039845559725,0.087758491175,0.6374377947000001,0.0039933884918999995,0.9574,0.9574,0.9574
1741,185.5200042724609,185.5200042724609,133882500,20230405,TSLA,192.5800018310547,185.5200042724609,0,0.05561065277085,0.0005224616315999999,0.0005225702303,0.2807406672927,0.0005226679155500001,0.66103617725,0.0005224206408000001,0.00052238223015,-0.0898,0.8944,0.4023
1742,185.05999755859372,185.05999755859372,123857900,20230406,TSLA,185.5200042724609,185.05999755859372,0,0.0001771383799,0.0001770938482,0.0001769315571,0.03451757515,0.01312920434,0.4948696281,0.0001769695043,0.4567754591,0.9995,0.9995,0.9995
1743,180.5399932861328,180.5399932861328,150256300,20230412,TSLA,186.7899932861328,180.5399932861328,0,0.0008515017229,0.06656246412,0.000851014017,0.0008515329094,0.0008510270239,0.9283300417,0.0008514781187,0.0008509403936,-0.7394,-0.7394,-0.7394
1744,185.8999938964844,185.8999938964844,112933000,20230413,TSLA,180.5399932861328,185.8999938964844,1,0.22600695393666667,0.0005302143165666666,0.007146827943433333,0.32155698134593336,0.005363586472866666,0.4135971557,0.0005302035380999999,0.025268076734933333,-0.9993,0.9944,-0.32266666666666666
1745,185.0,185.0,96438700,20230414,TSLA,185.8999938964844,185.0,0,0.0952328472,0.0005347322064,0.0005346897519,0.5894880933,0.0005346682907,0.2889285957,0.0005347285418,0.024211645,-0.9906,-0.9906,-0.9906
1746,184.30999755859372,184.30999755859372,92067000,20230418,TSLA,187.0399932861328,184.30999755859372,0,0.000590413313,0.0005904930674,0.0005899036644,0.0005906195087,0.0005901586559,0.99586777,0.0005903887193,0.0005902531102,-0.9975,-0.9975,-0.9975
1747,162.99000549316406,162.99000549316406,210970800,20230420,TSLA,180.58999633789065,162.99000549316406,0,0.0006061523355000001,0.0006056071635666666,0.3309838744664,0.10372695998933333,0.0006056105958000001,0.3101437373477,0.0006050411377,0.2527230169722667,-0.9975,0.9696,0.30766666666666664
1748,165.0800018310547,165.0800018310547,123539000,20230421,TSLA,162.99000549316406,165.0800018310547,1,0.0005558800170666667,0.020913304045766665,0.0005555913492333334,0.038785060637666666,0.0005557432985666667,0.6889496326666666,0.039060992009733335,0.21062379601856665,-0.9367,0.0621,-0.5344666666666666
1749,162.5500030517578,162.5500030517578,140006600,20230424,TSLA,165.0800018310547,162.5500030517578,0,0.05537940040525,0.17153312367795,0.21498367167795002,0.02690650899,0.1641927967922,0.327529867115,0.0308412213392,0.008633410017649999,-0.6889,0.9673,0.13920000000000005
1750,160.6699981689453,160.6699981689453,121999300,20230425,TSLA,162.5500030517578,160.6699981689453,0,0.0005169920612,0.0005163209298,0.0005177304327000001,0.15879941489805,0.0005161071669,0.3408076261312,0.0005162680191000001,0.497809540369,-0.9985,0.631,-0.18375000000000002
1751,160.19000244140625,160.19000244140625,127015200,20230427,TSLA,153.75,160.19000244140625,1,0.001456076663,0.6765379128,0.001455883404,0.00145615739,0.00145495163,0.2710953309,0.001457112261,0.0450865749,0.9485,0.9485,0.9485
1752,164.30999755859375,164.30999755859375,122515800,20230428,TSLA,160.19000244140625,164.30999755859375,1,0.0007273075039,0.0007270431654,0.0007269181399,0.0007272318428499999,0.0007271713408,0.99491017905,0.0007271750016500001,0.00072697397475,0.1792,0.9942,0.5867
1753,161.8300018310547,161.8300018310547,109015000,20230501,TSLA,164.30999755859375,161.8300018310547,0,0.0708297247,0.0534063205925,0.16744456236699998,0.063386125684,0.14319190104649998,0.49943830493499997,0.00115134771815,0.0011517129433,-0.9676,-0.9275,-0.94755
1754,160.30999755859375,160.30999755859375,128259700,20230502,TSLA,161.8300018310547,160.30999755859375,0,0.00055030102045,0.09666877030650001,0.0061513489796,0.43249281425999997,0.00055003550015,0.11294510566999999,0.34798141070985,0.00266021355235,-0.9964,-0.9892,-0.9927999999999999
1755,161.1999969482422,161.1999969482422,95108500,20230504,TSLA,160.61000061035156,161.1999969482422,1,0.068504909892,0.00192627745085,0.0019279621454,0.2904825067715,0.00192452606445,0.433844134397,0.0868988117164,0.11449087156344999,-0.9796,0.9983,0.00934999999999997
1756,171.7899932861328,171.7899932861328,112249400,20230508,TSLA,170.05999755859375,171.7899932861328,1,0.0003236627361,0.0003233978749,0.0003233617658,0.1302648325,0.0003235973778,0.7993326572,0.04278861852,0.02631987202,-0.998,-0.998,-0.998
1757,169.14999389648438,169.14999389648438,88965000,20230509,TSLA,171.7899932861328,169.14999389648438,0,0.0009628886513,0.0009622599856,0.0009622243701,0.03449167735,0.0009623386543,0.9597334879,0.0009628840563,0.0009622390362,-0.9384,-0.9384,-0.9384
1758,168.5399932861328,168.5399932861328,119840700,20230510,TSLA,169.14999389648438,168.5399932861328,0,0.10699495052,0.1900695643,0.0005980591328,0.0738926173393,0.018820136900133334,0.5281273709666667,0.03926734016676667,0.0422299606403,-0.9911,0.9699,0.31553333333333333
1759,172.0800018310547,172.0800018310547,103889900,20230511,TSLA,168.5399932861328,172.0800018310547,1,0.2493578839,0.001099182468,0.03255146722,0.001097331434,0.009166260584,0.6829760498,0.001098246283,0.02265357824,0.6154,0.6154,0.6154
1760,167.97999572753906,167.97999572753906,157849600,20230512,TSLA,172.0800018310547,167.97999572753906,0,0.06547058338883334,0.0008465269955999999,0.0008459840761,0.0008467486972333333,0.0008465925019,0.6324959230666667,0.0008463329787333334,0.2978013082676,-0.9937,0.9883,-0.3231
1761,166.35000610351562,166.35000610351562,105592500,20230515,TSLA,167.97999572753906,166.35000610351562,0,0.0007451852546,0.000745555439,0.0007443450894,0.000744744631,0.0007444342268,0.9579856054,0.0007449367511,0.03754519324,-0.2385,-0.2385,-0.2385
1762,166.52000427246094,166.52000427246094,98288800,20230516,TSLA,166.35000610351562,166.52000427246094,1,0.15008789278787502,0.05160283733275001,0.003571007078875,0.017449114994525,0.0924422075495,0.4685179312423,0.0034554801861500003,0.212873528836825,-0.9897,0.9984,0.030449999999999977
1763,173.86000061035156,173.86000061035156,125473600,20230517,TSLA,166.52000427246094,173.86000061035156,1,0.06026261653,0.236777207,0.0003200061281,0.1240368475,0.0003200848128,0.0655070798,0.5124560102,0.0003201480635,-0.997,-0.997,-0.997
1764,176.88999938964844,176.88999938964844,109520300,20230518,TSLA,173.86000061035156,176.88999938964844,1,0.06331520285675,0.0005488279078,0.000548472284,0.65987951695,0.00054856451955,0.18338849548500002,0.0005483864373,0.09122253356,-0.9983,-0.9975,-0.9979
1765,180.13999938964844,180.13999938964844,136196700,20230519,TSLA,176.88999938964844,180.13999938964844,1,0.014029338198433335,0.3684602724686334,0.0005923318278666667,0.1254263846183,0.0005924502171,0.3737923485462,0.10938894564066666,0.007717928508633333,-0.9981,-0.9291,-0.9657
1766,188.8699951171875,188.8699951171875,132001400,20230522,TSLA,180.13999938964844,188.8699951171875,1,0.050406475098999995,0.07820801182775,0.5494877496,0.078299652775,0.1862035971,0.0009005563804,0.0009007551647499999,0.055593202065,0.978,0.9795,0.97875
1767,185.7700042724609,185.7700042724609,156952100,20230523,TSLA,188.8699951171875,185.7700042724609,0,0.0299144476,0.0003727025358,0.03082903023,0.0003724703153,0.0003727045708,0.4947976873,0.4429684793,0.0003724781629,0.9965,0.9965,0.9965
1768,182.8999938964844,182.8999938964844,137605100,20230524,TSLA,185.7700042724609,182.8999938964844,0,0.014864777575557143,0.08752093235292856,0.014376723378228571,0.04078878782341428,0.0077823092199,0.17415898838000002,0.6571146502285714,0.003392831033228571,-0.9888,0.9993,0.4198
1769,184.47000122070312,184.47000122070312,96870700,20230525,TSLA,182.8999938964844,184.47000122070312,1,0.013902058363366667,0.03248551326848333,0.019231418526833334,0.03271649708625,0.019989264073283334,0.18951063078415,0.69181243835,0.00035217954416666663,-0.9604,0.9977,0.41163333333333335
1770,193.1699981689453,193.1699981689453,162061500,20230526,TSLA,184.47000122070312,193.1699981689453,1,0.048254704852425,0.10900898370467499,0.112186192325525,0.0006625563606999999,0.18091852082274998,0.13957395611499998,0.1704820896958,0.23891299608310002,-0.9873,0.9917,0.490625
1771,201.16000366210935,201.16000366210935,128818700,20230530,TSLA,193.1699981689453,201.16000366210935,1,0.06862946493426667,0.2919709905666667,0.179956249388,0.0009160657149666667,0.112357522802,0.2458988136243667,0.0009164514409333333,0.09935444156150001,-0.3282,0.9596,0.4527666666666666
1772,203.92999267578125,203.92999267578125,150711700,20230531,TSLA,201.16000366210935,203.92999267578125,1,0.05946205883506666,0.21184533739470002,0.0004408374736,0.00044094435563333335,0.043563540353599994,0.4418307707133333,0.2419755709329,0.0004409399652,-0.993,0.9311,0.1463
1773,207.5200042724609,207.5200042724609,148029900,20230601,TSLA,203.92999267578125,207.5200042724609,1,0.026984052346250002,0.0890869887421,0.0004755820939,0.022367968198349998,0.00047525546629999997,0.4773863018221,0.38274892033999997,0.0004749309854,-0.9976,-0.4549,-0.7262500000000001
1774,213.97000122070312,213.97000122070312,164398400,20230602,TSLA,207.5200042724609,213.97000122070312,1,0.0630295344135,0.04630745830223334,0.0034233872078,0.0006078979295666666,0.0006079647995666668,0.8035608895333333,0.005565579911666667,0.07689728786633333,-0.9562,0.9955,-0.11420000000000001
1775,217.6100006103516,217.6100006103516,151143100,20230605,TSLA,213.97000122070312,217.6100006103516,1,0.22065796521,0.0003876567317,0.000387886197,0.07221648539805,0.18577968603,0.46842840715,0.0024303658189,0.0497115474382,0.988,0.9999,0.99395
1776,221.30999755859372,221.30999755859372,146911600,20230606,TSLA,217.6100006103516,221.30999755859372,1,0.0004909251567,0.0004908759862,0.0004911409641,0.9076594641,0.04840093734,0.0004907065115,0.0004906798302,0.04148527011,-0.9825,-0.9825,-0.9825
1777,224.57000732421875,224.57000732421875,185710800,20230607,TSLA,221.30999755859372,224.57000732421875,1,0.001714178745,0.001714076487,0.001713678055,0.7401208415,0.001717035968,0.2147888453,0.001714165209,0.0365171787,-0.9944,-0.9944,-0.9944
1778,234.8600006103516,234.8600006103516,164489700,20230608,TSLA,224.57000732421875,234.8600006103516,1,0.031409199738049995,0.210017905272325,0.0006664862067,0.00926754805845,0.010872471319075,0.6520720007,0.007572632595075,0.07812175612370001,-0.9929,0.9871,-0.011800000000000005
1779,244.3999938964844,244.3999938964844,200242400,20230609,TSLA,234.8600006103516,244.3999938964844,1,0.1099899698742,0.07618920763823332,0.0005314667579666667,0.0887100753151,0.0005313145629333334,0.3652246694866667,0.031119555511933333,0.3277037408709,-0.7782,0.9989,0.40586666666666665
1780,249.8300018310547,249.8300018310547,150337900,20230612,TSLA,244.3999938964844,249.8300018310547,1,0.13639002837015002,0.01654970841975,0.00056659770845,0.00056685924085,0.000566786162925,0.79201294585,0.052780571804575,0.000566502446625,-0.899,0.975,0.3973
1781,258.7099914550781,258.7099914550781,162384300,20230613,TSLA,249.8300018310547,258.7099914550781,1,0.049799365619999994,0.22909268189999998,0.0005015233617,0.16244536755890002,0.0005016399029,0.47271876535,0.0844388113731,0.00050184500575,-0.9948,-0.9638,-0.9793000000000001
1782,256.7900085449219,256.7900085449219,170575500,20230614,TSLA,258.7099914550781,256.7900085449219,0,0.34433889295,0.0005903451365,0.0005902545347,0.0005903732971500001,0.0005905081229,0.30162284281569995,0.34299885945515,0.0086779237357,0.647,0.8265,0.73675
1783,255.8999938964844,255.8999938964844,160171200,20230615,TSLA,256.7900085449219,255.8999938964844,0,0.287483065204025,0.09571636409945,0.000741735619325,0.020979279206450003,0.0398298001728,0.479457592750125,0.053789118428925,0.02200304452695,-0.9949,0.9981,0.493
1784,260.5400085449219,260.5400085449219,167915600,20230616,TSLA,255.8999938964844,260.5400085449219,1,0.09691478077233333,0.005479345545233334,0.0005914785479666666,0.023613543799166668,0.0005915140037666667,0.8716270567666666,0.0005912560752666667,0.0005910244898,-0.8299,0.9877,0.3719333333333334
1785,274.45001220703125,274.45001220703125,165611200,20230620,TSLA,260.5400085449219,274.45001220703125,1,0.0002630445825,0.1417407401,0.0002629920593,0.0002631145653,0.02725590257,0.1171288452,0.7128223124,0.0002630484873,0.9725,0.9725,0.9725
1786,259.4599914550781,259.4599914550781,211797100,20230621,TSLA,274.45001220703125,259.4599914550781,0,0.3157777129,0.05695443237,0.0007634560995,0.0007631327175,0.06162564243,0.4145329111,0.0007634631282,0.1488192492,0.9974,0.9974,0.9974
1787,256.6000061035156,256.6000061035156,177460800,20230623,TSLA,264.6099853515625,256.6000061035156,0,0.11174340460000001,0.00045142919805,0.0004517594232,0.0004512271718,0.00045128804035,0.8609211365,0.02507855039345,0.00045120467060000003,-0.991,0.9529,-0.01905000000000001
1788,250.2100067138672,250.2100067138672,164968200,20230627,TSLA,241.0500030517578,250.2100067138672,1,0.0819596840546,0.04004730674585,0.0004750925951,0.00336657582365,0.00047523322190000004,0.492886616795,0.00047545778545000006,0.380314032955,-0.9636,0.9932,0.01479999999999998
1789,256.239990234375,256.239990234375,159770800,20230628,TSLA,250.2100067138672,256.239990234375,1,0.1010487421,0.0003975231404,0.03421434791,0.0003974829912,0.0003973046884,0.8423825779,0.02076482351,0.0003971977959,-0.9473,-0.9473,-0.9473
1790,257.5,257.5,131283400,20230629,TSLA,256.239990234375,257.5,1,0.0002912884037,0.07515112773,0.004908640937,0.6326720233,0.0002910495837,0.2861034733,0.0002912867461,0.0002911100127,-0.999,-0.999,-0.999
1791,279.82000732421875,279.82000732421875,119685900,20230703,TSLA,261.7699890136719,279.82000732421875,1,0.14643728472,0.0162876827959,0.0006710426376,0.00067083526535,0.00431776336445,0.479085682005,0.0006710060904,0.35185870313394996,0.9563,0.987,0.97165
1792,282.4800109863281,282.4800109863281,131530900,20230705,TSLA,279.82000732421875,282.4800109863281,1,0.00105565188895,0.0010545206306499999,0.0128605500095,0.0010549477525,0.03728481147765,0.9445796819500001,0.0010548071697500001,0.0010550291234,0.1655,0.872,0.51875
1793,276.5400085449219,276.5400085449219,120332100,20230706,TSLA,282.4800109863281,276.5400085449219,0,0.007534036679125,0.000704556764375,0.000704980919375,0.000705013866425,0.016804350618375003,0.721599384664625,0.000704797376075,0.251242879106875,0.1018,0.9939,0.583375
1794,274.42999267578125,274.42999267578125,113879200,20230707,TSLA,276.5400085449219,274.42999267578125,0,0.2213364677,0.0004478161713,0.01353834108,0.0004471178948,0.009873265043,0.7534616655,0.0004473254,0.0004480012069,0.9179,0.9179,0.9179
1795,269.6099853515625,269.6099853515625,119425400,20230710,TSLA,274.42999267578125,269.6099853515625,0,0.36080094267499996,0.00072441201795,0.00591722015885,0.028147448005300002,0.00072456685205,0.5962203469,0.0067402325290500005,0.0007248308503499999,0.9097,0.9192,0.91445
1796,281.3800048828125,281.3800048828125,120062400,20230714,TSLA,277.8999938964844,281.3800048828125,1,0.1140750423,0.0005368262581,0.03215924178,0.000537009979,0.0005370957206,0.8037775573,0.0005369417847,0.04784028492,0.9986,0.9986,0.9986
1797,290.3800048828125,290.3800048828125,131569600,20230717,TSLA,281.3800048828125,290.3800048828125,1,0.1416891349,0.08726414502,0.0005872739369,0.0005873941072,0.0005870964044,0.699550759,0.0005876151214,0.06914658147,0.9294,0.9294,0.9294
1798,293.3399963378906,293.3399963378906,112120300,20230718,TSLA,290.3800048828125,293.3399963378906,1,0.08296406552499999,0.03767876103,0.00035844122505,0.00035867699495,0.00035847220500000003,0.0034672210579499998,0.4415281936491,0.4332861683368,0.9649,0.9972,0.98105
1799,262.8999938964844,262.8999938964844,175158300,20230720,TSLA,291.260009765625,262.8999938964844,0,0.6326296467,0.03405455228,0.0002076332267,0.1715415319,0.000207482042,0.1445631729,0.0002076345987,0.01658834639,-0.5992,-0.5992,-0.5992
1800,269.0599975585937,269.0599975585937,136508500,20230724,TSLA,260.0199890136719,269.0599975585937,1,0.02750110889205,0.026018232615050003,0.00055580186,0.18933474053105,0.00055599328925,0.5691762267,0.17025877839019998,0.016599117687000002,0.6124,0.7963,0.70435
1801,265.2799987792969,265.2799987792969,112757300,20230725,TSLA,269.0599975585937,265.2799987792969,0,0.27487410263,0.00073389517375,0.03845551267485,0.0007339823856,0.00073398959825,0.6588832500999999,0.00073388784215,0.024851379633100003,-0.9331,0.9951,0.030999999999999972
1802,264.3500061035156,264.3500061035156,95856200,20230726,TSLA,265.2799987792969,264.3500061035156,0,0.067318442313275,0.0253868138069,0.0004690962737,0.069281173259925,0.000469095925575,0.446387968677475,0.00046903023970000003,0.390218379486425,-0.9987,0.995,0.478175
1803,255.7100067138672,255.7100067138672,103697300,20230727,TSLA,264.3500061035156,255.7100067138672,0,0.0002890579005,0.1924356115,0.01196653583,0.4515289594,0.0002892190642,0.1318257878,0.1943309285,0.01733389993,-0.9815,-0.9815,-0.9815
1804,267.42999267578125,267.42999267578125,84582200,20230731,TSLA,266.44000244140625,267.42999267578125,1,0.0006046707098,0.0006055557263,0.0006042879482,0.0006044756667,0.0006042778372,0.9957666259,0.0006058308806,0.0006042753594,-0.9956,-0.9956,-0.9956
1805,261.07000732421875,261.07000732421875,83166000,20230801,TSLA,267.42999267578125,261.07000732421875,0,0.00101018760285,0.00101033407985,0.0010094293844,0.00100986215855,0.0010098333181,0.8769171619,0.0010092397657,0.1170239518041,-0.9946,-0.7783,-0.88645
1806,254.1100006103516,254.1100006103516,101752900,20230802,TSLA,261.07000732421875,254.1100006103516,0,0.04372144733,0.0008403514604,0.0008399373675,0.000839823096,0.000840170431,0.9512383847,0.0008395052539,0.000840380347,0.7787,0.7787,0.7787
1807,251.4499969482422,251.4499969482422,111097900,20230807,TSLA,253.8600006103516,251.4499969482422,0,0.2317572368,0.0801191712175,0.0013621116246500002,0.088173415689,0.0013617378664000002,0.10327422953099999,0.168747265702,0.3252048315474,-0.9909,0.9712,-0.009850000000000025
1808,242.19000244140625,242.19000244140625,101596300,20230809,TSLA,249.6999969482422,242.19000244140625,0,0.0006913034276,0.4146532432,0.0006910037165,0.0006914791896,0.0006911320948,0.5811987782,0.0006920465329,0.0006910136269,-0.9481,-0.9481,-0.9481
1809,245.33999633789065,245.33999633789065,109498600,20230810,TSLA,242.19000244140625,245.33999633789065,1,0.0869051890343,0.0011508786928,0.09263082127399999,0.09544972754999999,0.31166785365899996,0.40989297178785,0.0011509550943,0.00115160284915,0.9406,0.9638,0.9521999999999999
1810,239.75999450683597,239.75999450683597,98595300,20230814,TSLA,242.6499938964844,239.75999450683597,0,0.15525976212,0.03715094995295,0.00032894896374999997,0.14781183140885001,0.00032908651985,0.43592357485,0.22286689017625,0.000328956034,0.9109,0.997,0.9539500000000001
1811,232.9600067138672,232.9600067138672,88197600,20230815,TSLA,239.75999450683597,232.9600067138672,0,0.0006588051478,0.0006588412562,0.07166331634,0.3118697149,0.1085184898,0.5053127769,0.0006590875333,0.0006589681619,-0.9959,-0.9959,-0.9959
1812,225.6000061035156,225.6000061035156,112484500,20230816,TSLA,232.9600067138672,225.6000061035156,0,0.058208651796500005,0.31580903705,0.00022698991255,0.1924059975885,0.00022706343015,0.33556270625,0.097332442575,0.0002271113391,-0.9968,-0.9945,-0.99565
1813,219.22000122070312,219.22000122070312,120718400,20230817,TSLA,225.6000061035156,219.22000122070312,0,0.3618180191,0.0008176887418,0.0008176450479,0.0008176765459,0.0008176419106,0.000817991945,0.0008188138376,0.6332745229,0.9781,0.9781,0.9781
1814,233.19000244140625,233.19000244140625,130442800,20230822,TSLA,231.27999877929688,233.19000244140625,1,0.00045194538135,0.036068919700350005,0.00045166497985,0.013759274713250001,0.00045189767045000003,0.84145505625,0.10690945334999999,0.0004517879578,-0.9789,-0.7617,-0.8703000000000001
1815,236.8600006103516,236.8600006103516,101077600,20230823,TSLA,233.19000244140625,236.8600006103516,1,0.0006706022619500001,0.18213889771550001,0.0006706439068,0.16153182794045,0.0006706519406,0.6529738797,0.0006711417856000001,0.0006723547251,-0.9986,-0.9869,-0.99275
1816,230.0399932861328,230.0399932861328,99777400,20230824,TSLA,236.8600006103516,230.0399932861328,0,0.03546217547193333,0.3003984954203,0.046248684890833336,0.0006759421853,0.0006759628857666666,0.5700407968,0.045822081839199995,0.0006758605011333334,-0.9231,0.9883,-0.19253333333333336
1817,238.58999633789065,238.58999633789065,106612200,20230825,TSLA,230.0399932861328,238.58999633789065,1,0.001317100369,0.1896901565,0.001316541368,0.001316866772,0.001316490691,0.5530932127,0.2506331272,0.001316504463,0.8762,0.8762,0.8762
1818,238.82000732421875,238.82000732421875,107673700,20230828,TSLA,238.58999633789065,238.82000732421875,1,0.05943499278365,0.15261095561655,0.00059143716325,0.0486865284086,0.00059178076995,0.42039838165,0.043566441186349995,0.27411948239254996,-0.9987,0.9178,-0.04045000000000004
1819,257.17999267578125,257.17999267578125,134047600,20230829,TSLA,238.82000732421875,257.17999267578125,1,0.06260465434926667,0.026152741647233333,0.0005059595020333333,0.012078787342433332,0.0005063062620666666,0.59090082491,0.3033366417589333,0.003914084229766667,-0.9966,0.9941,-0.20763333333333334
1820,256.8999938964844,256.8999938964844,121988400,20230830,TSLA,257.17999267578125,256.8999938964844,0,0.0004422869205,0.0004423623638,0.000442194549,0.0004421814087,0.000442374275,0.1605014384,0.0004419561066,0.836845206,0.9072,0.9072,0.9072
1821,245.00999450683597,245.00999450683597,132541600,20230901,TSLA,258.0799865722656,245.00999450683597,0,0.0005934962905,0.0005935291398,0.0005929702458,0.0005933726178,0.0005931747144,0.0005935841788,0.0005930989415,0.9958467739,0.9381,0.9381,0.9381
1822,256.489990234375,256.489990234375,129469600,20230905,TSLA,245.00999450683597,256.489990234375,1,0.0002565368291,0.1315559277,0.0002563553944,0.0002565897528,0.0002564233909,0.04990394524,0.8172577998,0.0002564218135,0.9389,0.9389,0.9389
1823,251.9199981689453,251.9199981689453,116959800,20230906,TSLA,256.489990234375,251.9199981689453,0,0.04109856174775,0.0004894783362500001,0.0004887601735,0.00048909262615,0.00048905237595,0.7670549389,0.013368030778049999,0.17652208508210002,-0.9993,-0.9064,-0.95285
1824,251.4900054931641,251.4900054931641,115312900,20230907,TSLA,251.9199981689453,251.4900054931641,0,0.05519087565,0.2256820717,0.007656030865,0.0002764142902,0.0002763146623,0.01549776652,0.695144284,0.000276242275,0.9738,0.9738,0.9738
1825,248.5,248.5,118367700,20230908,TSLA,251.4900054931641,248.5,0,0.1118294362233,0.12247160766005,0.19885614705330001,0.04425832268005,0.00900306314655,0.33292388802767503,0.04208951178205,0.13856802345869998,-0.9867,0.9587,-0.01377500000000001
1826,273.5799865722656,273.5799865722656,174667900,20230911,TSLA,248.5,273.5799865722656,1,0.044327559405966666,0.25916752363333334,0.004259887727633333,0.07514713797660001,0.017901884870500002,0.145153561008,0.45376618089,0.0002762644974,-0.882,0.9969,0.3400666666666667
1827,267.4800109863281,267.4800109863281,135999900,20230912,TSLA,273.5799865722656,267.4800109863281,0,0.0096744562204,0.5478281872499999,0.00053794990675,0.0005381906537,0.049331955182449996,0.3151427094,0.034778233273399996,0.042168318153299994,0.9647,0.9922,0.97845
1828,271.29998779296875,271.29998779296875,111673700,20230913,TSLA,267.4800109863281,271.29998779296875,1,0.212982092078525,0.323199815486175,0.0335849403429,0.0600585362491,0.0042169658616,0.19777916906895,0.05284828272495,0.115330198185825,-0.9645,0.996,0.33895
1829,276.0400085449219,276.0400085449219,107709800,20230914,TSLA,271.29998779296875,276.0400085449219,1,0.21462269586539998,0.28654110526515,0.0007004936629,0.00069992390595,0.0006998809226,0.18565436276085,0.00069960376915,0.310381933885,0.9065,0.9818,0.94415
1830,274.3900146484375,274.3900146484375,133692300,20230915,TSLA,276.0400085449219,274.3900146484375,0,0.009926531069099999,0.39253285665,0.0321596399314,0.183826469005,0.00039067090035000004,0.245150304655,0.09528093778945,0.0407325900134,-0.993,-0.9794,-0.9862
1831,265.2799987792969,265.2799987792969,101543300,20230918,TSLA,274.3900146484375,265.2799987792969,0,0.000521797332675,0.041645437163775,0.0197814040437,0.410223449839975,0.0005219700368249999,0.5177392368996,0.0005218321653,0.0090448725222,-0.995,0.9708,-0.013074999999999976
1832,266.5,266.5,103704000,20230919,TSLA,265.2799987792969,266.5,1,0.0129390479644,0.1320057972699,0.04662335438335,0.54309963855,0.0005468633397,0.14460487537,0.08634832309385,0.0338321000469,-0.9971,0.9792,-0.008950000000000014
1833,262.5899963378906,262.5899963378906,122514600,20230920,TSLA,266.5,262.5899963378906,0,0.08018474551610001,0.0005819949404333334,0.0090628911026,0.6195422518102333,0.0182344550993,0.25338550203636667,0.0005820077403333333,0.0184261517474,-0.9485,0.872,0.1769333333333333
1834,255.6999969482422,255.6999969482422,119951500,20230921,TSLA,262.5899963378906,255.6999969482422,0,0.0611975374162,0.0005143693240499999,0.00051398014805,0.20819135562500002,0.0005143461442499999,0.7170144971000001,0.0005141862655,0.011539728023999999,-0.9963,-0.975,-0.9856499999999999
1835,240.5,240.5,136597200,20230927,TSLA,244.1199951171875,240.5,0,0.01023668305865,0.04544967751,0.002874938369,0.0004654186723,0.00684684087695,0.4738058382656,0.44662906876565,0.013691534482399998,-0.6593,0.8979,0.11930000000000002
1836,246.3800048828125,246.3800048828125,117058900,20230928,TSLA,240.5,246.3800048828125,1,0.001192772232,0.1444359346,0.001191364181,0.001191625072,0.00119166553,0.628459545,0.001191374958,0.2211457185,-0.9922,-0.9922,-0.9922
1837,250.22000122070312,250.22000122070312,128522700,20230929,TSLA,246.3800048828125,250.22000122070312,1,0.00056290639525,0.2152644695,0.03659495125225,0.0447957791662,0.0284157660419,0.44864865825,0.17603511765,0.049682351705100006,0.7152,0.9672,0.8412
1838,251.6000061035156,251.6000061035156,123810400,20231002,TSLA,250.22000122070312,251.6000061035156,1,0.0003978463331,0.0643221545611,0.0003976536944,0.0003981144379,0.00039776700835,0.9230546801999999,0.010634046534699999,0.0003977372268,-0.9978,-0.9925,-0.99515
1839,246.52999877929688,246.52999877929688,101985300,20231003,TSLA,251.6000061035156,246.52999877929688,0,0.1377533913718,0.15334892745720002,0.00046259805273999997,0.049241807905479995,0.0039037440748799996,0.25474931452006,0.20644539211836,0.19409482446322,-0.9683,0.9956,0.17244
1840,261.1600036621094,261.1600036621094,129721600,20231004,TSLA,246.52999877929688,261.1600036621094,1,0.040587715055899996,0.28931330695,0.0003204401519,0.129628124835,0.0003203805471,0.109169777725,0.3549473071,0.075712947612,-0.987,0.9582,-0.014399999999999968
1841,260.04998779296875,260.04998779296875,119159200,20231005,TSLA,261.1600036621094,260.04998779296875,0,0.03812889091433333,0.094596074744,0.0009205945232666667,0.09345584863900001,0.0009206162436666667,0.67275949814,0.081227881753,0.017990595017,-0.1124,0.2263,0.05695
1842,260.5299987792969,260.5299987792969,118121800,20231006,TSLA,260.04998779296875,260.5299987792969,1,0.000172495709,0.06888328021,0.0001723896613,0.0001724871875,0.000172484696,0.8433771387,0.07928838647,0.007761337335,0.9802,0.9802,0.9802
1843,259.6700134277344,259.6700134277344,101377900,20231009,TSLA,260.5299987792969,259.6700134277344,0,0.05897436199,0.07220992769,0.001025421126,0.001026152733,0.001026121304,0.8636859378,0.001026342776,0.001025734612,-0.9897,-0.9897,-0.9897
1844,263.6199951171875,263.6199951171875,122656000,20231010,TSLA,259.6700134277344,263.6199951171875,1,0.000698391011,0.06571794935126667,0.0006983306586666667,0.0006988043335,0.0006982308589999999,0.9300915196666666,0.0006985002649666667,0.0006982738266333334,-0.9955,-0.9893,-0.9914333333333333
1845,262.989990234375,262.989990234375,103706300,20231011,TSLA,263.6199951171875,262.989990234375,0,0.06528161275449999,0.158040563995,0.00078543888365,0.29860416535,0.000785564889,0.09244946434000001,0.3747632527,0.0092899370835,-0.8779,0.9293,0.0257
1846,258.8699951171875,258.8699951171875,111508100,20231012,TSLA,262.989990234375,258.8699951171875,0,0.02655416883215,0.54751425655,0.00054661819195,0.046279597277949995,0.00054693765985,0.34940684300999997,0.028604780255249998,0.00054679824355,-0.9994,-0.3464,-0.6728999999999999
1847,251.1199951171875,251.1199951171875,102073800,20231013,TSLA,258.8699951171875,251.1199951171875,0,0.0008022009999,0.07742986166163333,0.07473622693396666,0.015940155066633332,0.2583469003753333,0.5711406716706667,0.0008021367305000001,0.0008018465676666665,-0.9992,0.9451,-0.34063333333333334
1848,253.9199981689453,253.9199981689453,88917200,20231016,TSLA,251.1199951171875,253.9199981689453,1,0.000365124342,0.0003650704347,0.000364705623,0.000365058282,0.0003651152192,0.9974439387,0.0003649892971,0.0003659980563,-0.9978,-0.9978,-0.9978
1849,254.8500061035156,254.8500061035156,93562900,20231017,TSLA,253.9199981689453,254.8500061035156,1,0.13388598565,0.49244597599999995,0.0005286994116999999,0.00052901399735,0.0005289140269500001,0.0005288325758,0.10137101737365,0.27018156099900004,-0.9644,-0.6366,-0.8005
1850,242.67999267578125,242.67999267578125,125147800,20231018,TSLA,254.8500061035156,242.67999267578125,0,0.1131382687,0.001277756443,0.00127737167,0.001276770091,0.001277301406,0.8319030351,0.001276353514,0.04857314305,-0.8808,-0.8808,-0.8808
1851,220.1100006103516,220.1100006103516,170772700,20231019,TSLA,242.67999267578125,220.1100006103516,0,0.0009629834408,0.0009643778533,0.0009627482154,0.0009631586986,0.0009623694912,0.993259031,0.0009625315192,0.0009627998273,-0.9913,-0.9913,-0.9913
1852,211.9900054931641,211.9900054931641,138010100,20231020,TSLA,220.1100006103516,211.9900054931641,0,0.0397089832526,0.00038513344825,0.00038478524245,0.014283595203750001,0.0003852754393,0.9440820923,0.00038521998635,0.0003849151609,-0.9788,0.9896,0.005400000000000016
1853,212.0800018310547,212.0800018310547,150683400,20231023,TSLA,211.9900054931641,212.0800018310547,1,0.4354987824,0.1129797305,0.0004518395856,0.0004519218762,0.0004516548575,0.0004519497612,0.0004517803903,0.4492623406,-0.8508,-0.8508,-0.8508
1854,212.4199981689453,212.4199981689453,107065100,20231025,TSLA,216.5200042724609,212.4199981689453,0,0.1092045444,0.5845387662,0.0002811978807,0.04923181639,0.02852930593,0.0002814011644,0.116089533,0.111843435,0.6804,0.6804,0.6804
1855,205.75999450683597,205.75999450683597,115112600,20231026,TSLA,212.4199981689453,205.75999450683597,0,0.0004966452377,0.7799793666,0.00945492922,0.07304267762,0.0004967504455,0.0004964495551,0.1355365814,0.0004965999588,-0.6561,-0.6561,-0.6561
1856,207.3000030517578,207.3000030517578,94881200,20231027,TSLA,205.75999450683597,207.3000030517578,1,0.00037658663229999995,0.2509048813693,0.00037634946015,0.026794124288850002,0.00037660817565,0.72041850955,0.00037651941695,0.0003764211337,-0.9994,0.9406,-0.02939999999999998
1857,200.83999633789065,200.83999633789065,118068300,20231031,TSLA,197.3600006103516,200.83999633789065,1,0.000355560528,0.4361979181,0.0003555551506,0.000355893027,0.0003556725513,0.4527892802,0.1092346015,0.0003555189819,0.9762,0.9762,0.9762
1858,205.66000366210935,205.66000366210935,121661700,20231101,TSLA,200.83999633789065,205.66000366210935,1,0.042091864663849995,0.13437857049840002,0.00044769423200000005,0.14594639677705,0.039715376039100005,0.59376214205,0.0432092867439,0.00044866901980000003,-0.9987,-0.3071,-0.6529
1859,218.50999450683597,218.50999450683597,125987600,20231102,TSLA,205.66000366210935,218.50999450683597,1,0.1526499261,0.0003660753286,0.0003656586193,0.05122072132,0.0003659783504,0.7942996606,0.0003661776587,0.000365802032,0.9931,0.9931,0.9931
1860,219.2700042724609,219.2700042724609,117335800,20231106,TSLA,219.9600067138672,219.2700042724609,0,0.0007732633118,0.03851550882,0.0007728672947,0.0007724490158,0.2342689033,0.696883177,0.0007732758295,0.02724055544,0.9006,0.9006,0.9006
1861,222.1100006103516,222.1100006103516,106584800,20231108,TSLA,222.17999267578125,222.1100006103516,0,0.0007447975061,0.0007448427355,0.03045825297,0.0007448131213,0.0007454835783,0.1236472004,0.0007450241655,0.8421695855,-0.9262,-0.9262,-0.9262
1862,209.97999572753903,209.97999572753903,142110500,20231109,TSLA,222.1100006103516,209.97999572753903,0,0.0008186850978,0.0008180146462,0.0008184590631,0.0008181567735,0.03292193971,0.9621693153,0.0008177893811,0.0008176400005,-0.8729,-0.8729,-0.8729
1863,214.6499938964844,214.6499938964844,130994000,20231110,TSLA,209.97999572753903,214.6499938964844,1,0.00079605042315,0.16517238051199998,0.00079432239095,0.07596707071780001,0.12964558753155,0.50962107365,0.11720851728000001,0.0007949974806,0.9147,0.9992,0.95695
1864,223.7100067138672,223.7100067138672,140447600,20231113,TSLA,214.6499938964844,223.7100067138672,1,0.0437120509,0.001025702192,0.001025764451,0.262682093,0.06728099517,0.506912998,0.1163347409,0.001025655305,0.9981,0.9981,0.9981
1865,242.83999633789065,242.83999633789065,150354000,20231115,TSLA,237.41000366210935,242.83999633789065,1,0.1500923413714,0.1671776354668,0.41301214280099996,0.0193255748735,0.0016280963161500002,0.24551045645,0.00162634879265,0.00162740394455,0.598,0.969,0.7835
1866,233.58999633789065,233.58999633789065,136816800,20231116,TSLA,242.83999633789065,233.58999633789065,0,0.16748957887500002,0.5209095385,0.0089747393941,0.11465399112249999,0.00045120702084999997,0.014154080681149999,0.1729154977065,0.00045136671060000004,-0.5964,0.9903,0.19694999999999996
1867,234.3000030517578,234.3000030517578,142532800,20231117,TSLA,233.58999633789065,234.3000030517578,1,0.10008409335906666,0.07845755148866666,0.00047756946429999993,0.0004774195532666666,0.00047770227563333326,0.7676890344333334,0.05185923654546667,0.00047739291883333335,-0.9957,0.9966,-0.3316
1868,235.6000061035156,235.6000061035156,116320100,20231120,TSLA,234.3000030517578,235.6000061035156,1,0.1263291643698,0.12799369916,0.002389144463,0.04738787545782,0.0066049366027,0.0642500473059,0.42579387673046,0.19925125589374001,-0.9922,0.9758,-0.07800000000000001
1869,241.1999969482422,241.1999969482422,122288000,20231121,TSLA,235.6000061035156,241.1999969482422,1,0.0006507379897666667,0.10543233792356665,0.0006504605636,0.0933203771337,0.0006505981066,0.6021335899,0.19651129104999998,0.0006506073622333334,-0.9971,0.9453,0.14736666666666667
1870,234.2100067138672,234.2100067138672,117950600,20231122,TSLA,241.1999969482422,234.2100067138672,0,0.09759538217300001,0.03224422170063334,0.00035180483986666666,0.05239645767573333,0.0003518217572666667,0.6406196898,0.17608886362,0.0003517584301333334,-0.998,0.9955,-0.30893333333333334
1871,236.0800018310547,236.0800018310547,112031800,20231127,TSLA,235.4499969482422,236.0800018310547,1,0.051661394913075,0.11701354595245,0.0009830440781749999,0.07838139598815,0.00098229448245,0.638538782275,0.1114572012225,0.000982341113075,-0.9827,0.9366,-0.12755
1872,246.72000122070312,246.72000122070312,148549900,20231128,TSLA,236.0800018310547,246.72000122070312,1,0.0006288287332,0.0006290571247,0.000628444324,0.0006291696064,0.0006298813241,0.9449074009,0.05131861811,0.0006285999135,-0.994,-0.994,-0.994
1873,244.13999938964844,244.13999938964844,135401300,20231129,TSLA,246.72000122070312,244.13999938964844,0,0.1890632047175,0.184435731179425,0.00055309625665,0.087551943996475,0.000553035953225,0.30488470828012504,0.09580574551257501,0.137152534070375,-0.983,0.994,0.386575
1874,240.0800018310547,240.0800018310547,132353200,20231130,TSLA,244.13999938964844,240.0800018310547,0,0.026708073262949997,0.10754715796275,0.00042286458385000004,0.14518651366789997,0.03392177698,0.0429670530551,0.16005971399875002,0.48318684648055,0.7517,0.9595,0.8556
1875,238.8300018310547,238.8300018310547,121331700,20231201,TSLA,240.0800018310547,238.8300018310547,0,0.001263993963,0.001264138374,0.001263578606,0.4669657809,0.001263570925,0.3574266571,0.001264653041,0.1692876271,-0.9924,-0.9924,-0.9924
1876,238.72000122070312,238.72000122070312,137971100,20231205,TSLA,235.5800018310547,238.72000122070312,1,0.000576895518,0.4208382046,0.4496673897,0.0005770533157,0.1266092032,0.0005768120922,0.0005772419768,0.0005771996071,0.9756,0.9756,0.9756
1877,242.63999938964844,242.63999938964844,107142300,20231207,TSLA,239.3699951171875,242.63999938964844,1,0.4254308295,0.3439920193,0.0009407138223,0.09598024805,0.0009418403247,0.0009419252335,0.0009412689721,0.1308311549,-0.1406,-0.1406,-0.1406
1878,243.83999633789065,243.83999633789065,103126800,20231208,TSLA,242.63999938964844,243.83999633789065,1,0.17011324474933334,0.0005264397601333334,0.026077325619533336,0.0005263633836666666,0.0122039555253,0.5824936436333333,0.1573365622937,0.05072246505466666,-0.9261,0.9901,0.3507666666666666
1879,239.7400054931641,239.7400054931641,97913900,20231211,TSLA,243.83999633789065,239.7400054931641,0,0.014953318234749999,0.08836557983835,0.03613144702,0.15714621314405,0.00848027435915,0.47502189895499997,0.21952970351999998,0.00037156495215,-0.9935,-0.9922,-0.99285
1880,237.00999450683597,237.00999450683597,95328300,20231212,TSLA,239.7400054931641,237.00999450683597,0,0.0817130889904,0.0422829428157,0.0543841270462,0.0006623948629,0.0006621158545999999,0.7691410097,0.0195273781829,0.0316269425017,-0.9446,-0.1062,-0.5254
1881,239.2899932861328,239.2899932861328,146286300,20231213,TSLA,237.00999450683597,239.2899932861328,1,0.0149657839862,0.0005766173484,0.0069234919606,0.00057649655745,0.00057639622405,0.08002770395,0.0005762755381,0.8957772344499999,-0.958,0.9967,0.019350000000000034
1882,253.5,253.5,135932800,20231215,TSLA,251.0500030517578,253.5,1,0.0007585242245,0.07299227163,0.6604453436,0.0007585551109,0.2322119302,0.03131594253,0.0007586515327,0.000758781163,0.9449,0.9449,0.9449
1883,252.0800018310547,252.0800018310547,116416500,20231218,TSLA,253.5,252.0800018310547,0,0.0006395331688,0.0006394419285,0.0006396968107,0.0006391309703,0.00063945616205,0.9832179559,0.012945568529000001,0.000639216527,-0.9942,-0.8024,-0.8983
1884,252.5399932861328,252.5399932861328,93370100,20231222,TSLA,254.5,252.5399932861328,0,0.001250868383,0.001251806623,0.001250845191,0.001250967912,0.001250839731,0.2039165828,0.001250884287,0.7885772051,-0.4019,-0.4019,-0.4019
1885,248.47999572753903,248.47999572753903,100891600,20231229,TSLA,253.17999267578125,248.47999572753903,0,0.0926939757105,0.0444459961115,0.49339715854945,0.0120550468365,0.00110096989045,0.062857695422,0.2802814037275,0.0131677537305,-0.9962,0.5994,-0.19839999999999997
1886,237.92999267578125,237.92999267578125,102629300,20240104,TSLA,238.4499969482422,237.92999267578125,0,0.07680853154,0.06429565502,0.09639788533,0.04651943364,0.0008341509411,0.667249115,0.0008344934971,0.04706073503,-0.9933,-0.9933,-0.9933
1887,237.4900054931641,237.4900054931641,92488900,20240105,TSLA,237.92999267578125,237.4900054931641,0,0.07372444389856667,0.0005143458361333333,0.0005145608085333333,0.0352465151235,0.0085939554233,0.2561803473284333,0.042392369370433336,0.58283346221,-0.9989,0.9992,-0.22340000000000002
1888,240.4499969482422,240.4499969482422,85166600,20240108,TSLA,237.4900054931641,240.4499969482422,1,0.0004456268082,0.0004459555345,0.5697213348,0.0004454338044,0.4185477713,0.000445492676,0.0004452047342,0.009503180367,0.9957,0.9957,0.9957
1889,234.9600067138672,234.9600067138672,96705700,20240109,TSLA,240.4499969482422,234.9600067138672,0,0.044708795402333336,0.0008673135165666667,0.2608831876789,0.0008671128194,0.06757868296056667,0.5772242205533,0.023644294337333335,0.024226392712333334,0.8807,0.9928,0.9490333333333334
1890,233.94000244140625,233.94000244140625,91628500,20240110,TSLA,234.9600067138672,233.94000244140625,0,0.000598734061,0.0005989593393,0.0005987341396,0.06408979449,0.0005987884516,0.9244520833,0.0005989627122,0.008463943461,-0.9947,-0.9947,-0.9947
1891,227.22000122070312,227.22000122070312,105873600,20240111,TSLA,233.94000244140625,227.22000122070312,0,0.1747080556,0.0007482178412000001,0.000747240767,0.204433920135,0.0007473402659500001,0.6148668716,0.003000953703,0.0007474000972,-0.9853,0.7814,-0.10194999999999999
1892,219.91000366210935,219.91000366210935,115355000,20240116,TSLA,218.88999938964844,219.91000366210935,1,0.18451500306755,0.00070522943835,0.00070584756645,0.13943800138685,0.0007060141425,0.63391850205,0.03345695209935,0.006554450201249999,0.4601,0.9879,0.724
1893,215.5500030517578,215.5500030517578,103164400,20240117,TSLA,219.91000366210935,215.5500030517578,0,0.5134972337,0.03652204117,0.0008132106133,0.0008134304273,0.05786728045,0.2167456361,0.0008126335653,0.1729285339,0.9957,0.9957,0.9957
1894,211.8800048828125,211.8800048828125,108595400,20240118,TSLA,215.5500030517578,211.8800048828125,0,0.0079922087863,0.00615253628515,0.262430053018425,0.05069693527065,0.20484806885534998,0.18012849943812498,0.065055333242725,0.22269636509427498,-0.9987,0.9763,0.438825
1895,212.19000244140625,212.19000244140625,102260300,20240119,TSLA,211.8800048828125,212.19000244140625,1,0.0004830969705,0.1537541707,0.0004833458792,0.0004833999916,0.0004833743371,0.8293658949,0.01446366056,0.0004830566042,-0.9983,-0.9983,-0.9983
1896,208.8000030517578,208.8000030517578,117952500,20240122,TSLA,212.19000244140625,208.8000030517578,0,0.0005578943878,0.036536303893949997,0.00055788148905,0.0005573328698999999,0.0005574824323,0.48306560844734997,0.4635006146608,0.01466688182645,0.2035,0.9904,0.59695
1897,209.13999938964844,209.13999938964844,106605900,20240123,TSLA,208.8000030517578,209.13999938964844,1,0.0006466060376333333,0.10499965579836666,0.0006462498546,0.019042722946699998,0.005511552595633334,0.4813700745,0.12168345133516666,0.2660996869196333,-0.7374,0.8074,-0.007933333333333348
1898,207.8300018310547,207.8300018310547,123369900,20240124,TSLA,209.13999938964844,207.8300018310547,0,0.00122799814,0.001227834117,0.001226462194,0.07432434542,0.001227745216,0.1823371782,0.7372008071,0.001227629609,-0.9943,-0.9943,-0.9943
1899,182.6300048828125,182.6300048828125,198076800,20240125,TSLA,207.8300018310547,182.6300048828125,0,0.9957885868,0.0006014903989,0.0006017187522,0.0006020211228,0.0006013478096,0.0006016084852,0.0006016934997,0.0006015331685,0.9953,0.9953,0.9953
1900,183.25,183.25,107343200,20240126,TSLA,182.6300048828125,183.25,1,0.001954791988,0.001955233194,0.001955250432,0.001954335648,0.001954127977,0.001957648897,0.001953966248,0.9863146456,0.431,0.431,0.431
1901,190.92999267578125,190.92999267578125,125013100,20240129,TSLA,183.25,190.92999267578125,1,0.001159278384,0.8486750911,0.001158110722,0.04736358324,0.001159692636,0.09816712397,0.001158882356,0.001158237567,0.9535,0.9535,0.9535
1902,191.58999633789065,191.58999633789065,109982300,20240130,TSLA,190.92999267578125,191.58999633789065,1,0.07534964085061428,0.13721406055507143,0.0006044177147857142,0.024477807885842858,0.09884146029885714,0.5099679195461714,0.13766907447925714,0.01587561865692857,-0.9943,0.9939,0.30562857142857147
1903,187.91000366210935,187.91000366210935,110612700,20240202,TSLA,188.8600006103516,187.91000366210935,0,0.05709206161,0.0851665846535,0.00073996564255,0.00074047465435,0.00074037688865,0.0007405934278,0.0213917255455,0.83338821755,0.3612,0.8666,0.6139
1904,185.1000061035156,185.1000061035156,122676000,20240206,TSLA,181.05999755859372,185.1000061035156,1,0.161292356995,0.00068297833205,0.0006830177132,0.00068354580335,0.174452327865,0.6299934225,0.011302192969149999,0.0209101577996,-0.9182,0.9946,0.03820000000000001
1905,187.5800018310547,187.5800018310547,111535200,20240207,TSLA,185.1000061035156,187.5800018310547,1,0.02751866718,0.0004145467751,0.0004141264046,0.2095102221,0.0004146944969,0.5887274929,0.1725860221,0.0004142280096,-0.9259,-0.9259,-0.9259
1906,189.55999755859372,189.55999755859372,83034000,20240208,TSLA,187.5800018310547,189.55999755859372,1,0.4415082053,0.1774189385,0.0003947390374,0.0400778999,0.0003948024762,0.2534847091,0.08632604272,0.0003946629318,0.9968,0.9968,0.9968
1907,193.57000732421875,193.57000732421875,84476300,20240209,TSLA,189.55999755859372,193.57000732421875,1,0.0009609081638666667,0.18012926218766667,0.35148541451733334,0.0693274423748,0.23854969179286667,0.14533580408633334,0.013251146316666665,0.0009603305332333334,-0.9297,0.9606,0.3259
1908,184.0200042724609,184.0200042724609,86759500,20240213,TSLA,188.1300048828125,184.0200042724609,0,0.10358951131449999,0.00072753630605,0.3558060576243,0.0007275891526,0.14137354642885,0.347157916287,0.0007277750813,0.0498900677885,0.9969,0.9969,0.9969
1909,200.4499969482422,200.4499969482422,120831800,20240215,TSLA,188.7100067138672,200.4499969482422,1,0.00105104179,0.001050779893,0.7143605511,0.00105090132,0.2793339312,0.001050860554,0.001050895281,0.001051038882,,,
1910,199.9499969482422,199.9499969482422,111346700,20240216,TSLA,200.4499969482422,199.9499969482422,0,0.1987615513,0.0006080130841,0.0006079642932,0.6404729771,0.05347438321,0.1048594799,0.000607558596,0.0006080725707,-0.4767,-0.4767,-0.4767
1911,193.75999450683597,193.75999450683597,104545800,20240220,TSLA,199.9499969482422,193.75999450683597,0,0.0009671462744,0.1084607175192,0.00096713663625,0.1378939230533,0.025193385267749998,0.7245837096,0.0009667172916,0.0009672643632,-0.9884,0.8532,-0.0676
1912,194.7700042724609,194.7700042724609,103500300,20240221,TSLA,193.75999450683597,194.7700042724609,1,0.01384618851,0.5472147324,0.03032055007,0.01584318671,0.0004797599181,0.3059603178,0.01582666056,0.07050860398,0.938,0.938,0.938
1913,197.41000366210935,197.41000366210935,92739500,20240222,TSLA,194.7700042724609,197.41000366210935,1,0.009938411141733333,0.0848520287221,0.40329699864359997,0.1296061571973,0.2606431210242333,0.0005841111264333333,0.11049527885909999,0.0005838933342666667,-0.784,0.9871,0.38386666666666663
1914,191.97000122070312,191.97000122070312,78841900,20240223,TSLA,197.41000366210935,191.97000122070312,0,0.001043805197,0.001043297262,0.001043326801,0.00104370946,0.001044098234,0.9926949435,0.001042966783,0.001043852789,-0.9226,-0.9226,-0.9226
1915,199.3999938964844,199.3999938964844,111747100,20240226,TSLA,191.97000122070312,199.3999938964844,1,0.000461997958,0.103632138,0.0004616764779,0.000461978256,0.0004620064327,0.6972733949,0.1967849585,0.0004618494543,0.9943,0.9943,0.9943
1916,202.0399932861328,202.0399932861328,99806200,20240228,TSLA,199.72999572753903,202.0399932861328,1,0.04007902958,0.3332003997,0.0002314260912,0.0002313643345,0.0002314285332,0.5651341863,0.02270680569,0.03818535969,-0.9431,-0.9431,-0.9431
1917,201.8800048828125,201.8800048828125,85907000,20240229,TSLA,202.0399932861328,201.8800048828125,0,0.6428762879,0.0008687434156,0.0008689012901,0.0008687472342,0.173556585,0.076072528,0.000869521619,0.1040186855,0.8687,0.8687,0.8687
1918,202.63999938964844,202.63999938964844,82243100,20240301,TSLA,201.8800048828125,202.63999938964844,1,0.2179625819,0.03158183262,0.03690835339,0.0008686752474,0.08763793177,0.623301574,0.0008684094492,0.0008706416658,0.9837,0.9837,0.9837
1919,188.13999938964844,188.13999938964844,134334900,20240304,TSLA,202.63999938964844,188.13999938964844,0,0.0004880907252,0.07545638986759999,0.51294057985,0.021484697649149998,0.0561790344254,0.0004877396484,0.33247545363545,0.00048801416385,0.1027,0.9968,0.54975
1920,180.7400054931641,180.7400054931641,119660800,20240305,TSLA,188.13999938964844,180.7400054931641,0,0.00104409071,0.001043495124,0.001043054442,0.001043514423,0.001042411314,0.9926976207,0.001042455634,0.001043357626,-0.9274,-0.9274,-0.9274
1921,176.5399932861328,176.5399932861328,107920900,20240306,TSLA,180.7400054931641,176.5399932861328,0,0.0534366836185,0.2375447829,0.0007201755762,0.2832970539545,0.0007204431991999999,0.20439841275999998,0.20961261862,0.01026982932465,-0.9997,0.8977,-0.05099999999999999
1922,175.33999633789062,175.33999633789062,85544600,20240308,TSLA,178.64999389648438,175.33999633789062,0,0.03017775811,0.06372105316,0.0004228853522,0.3415871216,0.0004230639389,0.275595134,0.2876498072,0.0004231766807,-0.9899,-0.9899,-0.9899
1923,177.77000427246094,177.77000427246094,85391500,20240311,TSLA,175.33999633789062,177.77000427246094,1,0.0007544738874,0.3478050425,0.01209538809,0.0007538622429,0.000753717736,0.3753829194,0.1799963676,0.08245822855,0.971,0.971,0.971
1924,177.5399932861328,177.5399932861328,87391700,20240312,TSLA,177.77000427246094,177.5399932861328,0,0.1630111161,0.1861631219,0.0003884962333,0.0003888117144,0.0003885981052,0.3816981896,0.267573014,0.0003886523761,0.8552,0.8552,0.8552
1925,169.47999572753906,169.47999572753906,106524500,20240313,TSLA,177.5399932861328,169.47999572753906,0,0.16434262485351667,0.14883032875471666,0.1656808620624,0.03112989952518333,0.0031870738901499996,0.40659654335283335,0.07861803091695001,0.0016146366236833333,-0.9965,0.9959,0.6133166666666666
1926,162.5,162.5,126325700,20240314,TSLA,169.47999572753906,162.5,0,0.000469789682,0.1257929189785,0.54752412885,0.11528325413855,0.0004699982538,0.0776208889119,0.1323691890832,0.00046983211649999997,-0.9988,0.9825,-0.00814999999999999
1927,163.57000732421875,163.57000732421875,97146800,20240315,TSLA,162.5,163.57000732421875,1,0.0004271826841,0.4272063222,0.0004274151425,0.0004273870665,0.0004271819237,0.5702297853,0.0004275211366,0.0004272046001,0.8885,0.8885,0.8885
1928,173.8000030517578,173.8000030517578,108214400,20240318,TSLA,163.57000732421875,173.8000030517578,1,0.095203345523,0.00716886050105,0.0009011903092,0.00090135250025,0.004873507704,0.6516794656,0.23837099889580002,0.0009012789591000001,-0.2779,0.99,0.35605
1929,171.32000732421875,171.32000732421875,77271400,20240319,TSLA,173.8000030517578,171.32000732421875,0,0.06021773734,0.008293181193,0.0004010312178,0.1912355726,0.09118403495,0.4578896974,0.1903764203,0.0004023249763,0.999,0.999,0.999
1930,175.66000366210938,175.66000366210938,83846700,20240320,TSLA,171.32000732421875,175.66000366210938,1,0.10014556722290001,0.0847682439162,0.066727739747,0.37687442165,0.00031049713515,0.01720139344305,0.2847369687184,0.06923516812295,-0.9304,0.9993,0.03444999999999998
1931,172.82000732421875,172.82000732421875,73178000,20240321,TSLA,175.66000366210938,172.82000732421875,0,0.0376653941338,0.04151144021213333,0.0006779463000666667,0.23342935394763334,0.1931596634210667,0.43449941736673336,0.0006778573070666667,0.05837892736406667,-0.947,0.9877,-0.23146666666666663
1932,170.8300018310547,170.8300018310547,75580600,20240322,TSLA,172.82000732421875,170.8300018310547,0,0.1396121853,0.000348477223,0.0003484396857,0.0003484497287,0.000348519858,0.8582967087,0.0003485293379,0.0003486902203,0.9954,0.9954,0.9954
1933,172.6300048828125,172.6300048828125,74228600,20240325,TSLA,170.8300018310547,172.6300048828125,1,0.0007458007328,0.0007450059351,0.0007454029461,0.0007448486429,0.0007451646858,0.9947843517,0.000744678461,0.0007447469266,-0.9924,-0.9924,-0.9924
1934,177.6699981689453,177.6699981689453,113186200,20240326,TSLA,172.6300048828125,177.6699981689453,1,0.1717767373204,0.0211221627787,0.010142660341575,0.1017620210968,0.01709176275095,0.1769958481931,0.26107842582984997,0.24003038165975,-0.9941,0.9987,0.5003
1935,179.8300018310547,179.8300018310547,81804000,20240327,TSLA,177.6699981689453,179.8300018310547,1,0.7026629244,0.03542750398155,0.00056201000095,0.00056224121035,0.00056233595605,0.198793839995,0.0005621975871000001,0.06086694686,0.9768,0.9871,0.98195
1936,175.7899932861328,175.7899932861328,77654800,20240328,TSLA,179.8300018310547,175.7899932861328,0,0.06898629628,0.06573405032,0.0008293734806,0.0008289261188,0.02049266111,0.0008287271842,0.0008283812494,0.8414715843,0.9346,0.9346,0.9346
1937,166.6300048828125,166.6300048828125,116650600,20240402,TSLA,175.22000122070312,166.6300048828125,0,0.046761445902649995,0.000639629234,0.00063909651355,0.0006393076187000001,0.0006391688567999999,0.474681370135,0.0006391230277499999,0.47536085870895,-0.9656,0.9896,0.01200000000000001
1938,168.3800048828125,168.3800048828125,82950100,20240403,TSLA,166.6300048828125,168.3800048828125,1,0.7246054224,0.000453476442,0.0004539557577,0.0004535987367,0.0004535674958,0.1680204998,0.1051060553,0.0004534240027,0.9961,0.9961,0.9961
1939,171.11000061035156,171.11000061035156,123162000,20240404,TSLA,168.3800048828125,171.11000061035156,1,0.32590360832849996,0.0006766406685,0.00067675829825,0.0006768155112,0.0006771324935,0.6375763114499999,0.033136123937649996,0.00067660930675,0.8109,0.9973,0.9040999999999999
1940,164.89999389648438,164.89999389648438,143157600,20240405,TSLA,171.11000061035156,164.89999389648438,0,0.0004410550543,0.0004409978,0.000441703061,0.4950811237,0.0004412143402,0.1604014542,0.3423115152,0.0004409366154,-0.9973,-0.9973,-0.9973
1941,172.97999572753906,172.97999572753906,104423300,20240408,TSLA,164.89999389648438,172.97999572753906,1,0.0007066123344333333,0.07382172748799999,0.25831411771043333,0.0544528137078,0.0028486481238333334,0.40753231683666663,0.20161690984573333,0.0007068539478333333,-0.9927,0.9118,-0.15369999999999998
1942,176.8800048828125,176.8800048828125,102951700,20240409,TSLA,172.97999572753906,176.8800048828125,1,0.08647179103866666,0.0506612093571,0.00043219576339999997,0.022531348080966667,0.0087170574064,0.16751524865863332,0.0995862067408,0.5640849429666667,-0.8382,0.9946,-0.13516666666666663
1943,174.60000610351562,174.60000610351562,94516000,20240411,TSLA,171.75999450683594,174.60000610351562,1,0.0009432341487,0.0181879809457,0.0009427304101,0.0009432506646000001,0.0009427000199,0.53746805985,0.0009433129501,0.439628730966,-0.8607,0.4809,-0.1899
1944,171.0500030517578,171.0500030517578,64722700,20240412,TSLA,174.60000610351562,171.0500030517578,0,0.5279256444,0.2672530274,0.0004756584334,0.01359762667,0.0004755671203,0.1893203484,0.00047636076,0.0004757667978,0.81,0.81,0.81
1945,161.47999572753906,161.47999572753906,100245300,20240415,TSLA,171.0500030517578,161.47999572753906,0,0.208003257439,0.00054949745835,0.00054981150995,0.0005493488926000001,0.0005496094063,0.16725574853,0.00054916858625,0.62199355815,0.9534,0.9936,0.9735
1946,157.11000061035156,157.11000061035156,97000000,20240416,TSLA,161.47999572753906,157.11000061035156,0,0.15076869909626667,0.05295344332239999,0.00031525599016666667,0.08296776164803334,0.00031533900893333333,0.48282492386666664,0.10617305643933334,0.12368152058056668,-0.9986,0.1911,-0.5995333333333334
1947,155.4499969482422,155.4499969482422,82439700,20240417,TSLA,157.11000061035156,155.4499969482422,0,0.09320210718284999,0.13359735294144998,0.0005991761201,0.0005995280193,0.00059925857615,0.7286571185499999,0.00059954858835,0.04214591002095,-0.9163,-0.0156,-0.46595
1948,149.92999267578125,149.92999267578125,96098800,20240418,TSLA,155.4499969482422,149.92999267578125,0,0.0003768840391,0.0003768547623,0.0003767439637,0.0003768165782,0.0003767656129,0.9231415241,0.0003768389793,0.07459757197,-0.991,-0.991,-0.991
1949,147.0500030517578,147.0500030517578,87074500,20240419,TSLA,149.92999267578125,147.0500030517578,0,0.0013789431605,0.0013788512685,0.025839006781499998,0.442742311252,0.001378775988,0.08912905649,0.001378150442,0.4367749045955,-0.9413,0.3612,-0.29005000000000003
1950,142.0500030517578,142.0500030517578,107097600,20240422,TSLA,147.0500030517578,142.0500030517578,0,0.3620924271,0.0007456041715,0.0007449791504,0.5092186266,0.0007456078621,0.0007450018243,0.0007473768585,0.1249603764,-0.4864,-0.4864,-0.4864
1951,144.67999267578125,144.67999267578125,124545100,20240423,TSLA,142.0500030517578,144.67999267578125,1,0.16842891211015001,0.038097258332150004,0.0004831801183,0.00048328313685,0.00048311484865,0.52436288765,0.00048333960435,0.267178024151,-0.9987,0.8795,-0.05960000000000004
1952,162.1300048828125,162.1300048828125,181178000,20240424,TSLA,144.67999267578125,162.1300048828125,1,0.0007583298216,0.167589981,0.0007578855985,0.0007592030921,0.000757978451,0.8278593119,0.0007591956077,0.0007581145347,-0.996,-0.996,-0.996
1953,170.17999267578125,170.17999267578125,126427500,20240425,TSLA,162.1300048828125,170.17999267578125,1,0.0161594016202,0.1106380786646,0.00041677634015,0.0645839992668,0.00041691892965000006,0.00041733082004999996,0.00041683421900000003,0.80695066015,-0.984,0.986,0.0010000000000000009
1954,168.2899932861328,168.2899932861328,109815700,20240426,TSLA,170.17999267578125,168.2899932861328,0,0.0006012970402,0.093820615445,0.34514772411735,0.00060134768465,0.06742985035425,0.08929968435999999,0.00060151216515,0.40249796885260003,-0.5837,0.836,0.12614999999999998
1955,194.0500030517578,194.0500030517578,243869700,20240429,TSLA,168.2899932861328,194.0500030517578,1,0.00093668928225,0.133819708455,0.00093517869925,0.00093538262855,0.00093466173365,0.51229982575,0.0009349605719000001,0.349203592912,0.8481,0.9583,0.9032
1956,183.27999877929688,183.27999877929688,127031800,20240430,TSLA,194.0500030517578,183.27999877929688,0,0.02653504441465,0.15340449408125,0.00068393547885,0.12762589639330002,0.00068420125255,0.64471329285,0.0335316791287,0.0128214564067,-0.9986,0.9426,-0.028000000000000025
1957,179.99000549316406,179.99000549316406,92829700,20240501,TSLA,183.27999877929688,179.99000549316406,0,0.07094058999395,0.118878174305,0.0003093039124,0.06284210176685,0.00030878455205,0.40157280055,0.34214777445,0.00300047046375,-0.974,0.8155,-0.07924999999999999
1958,184.75999450683597,184.75999450683597,84390300,20240506,TSLA,181.19000244140625,184.75999450683597,1,0.00045317928405,0.19883950273955,0.54654797602,0.1205250922574,0.00045317213485,0.0105522307565,0.12217594315435,0.00045290368595000003,-0.9978,0.9783,-0.009750000000000036
1959,177.80999755859375,177.80999755859375,75045900,20240507,TSLA,184.75999450683597,177.80999755859375,0,0.00058693245325,0.0779101098873,0.49722467911560003,0.0005864321554,0.0005864517159,0.0005873654205500001,0.0005861442858,0.42193188495825,0.5267,0.9964,0.76155
1960,174.72000122070312,174.72000122070312,79969500,20240508,TSLA,177.80999755859375,174.72000122070312,0,0.0547080699,0.2018541082,0.0002411959553,0.1624307823,0.04162845266,0.04720802484,0.3726909285,0.1192384376,-0.9981,-0.9981,-0.9981
1961,171.97000122070312,171.97000122070312,65950300,20240509,TSLA,174.72000122070312,171.97000122070312,0,0.1094589213,0.0009485869976,0.0009478228093,0.0009482727135,0.5408324047,0.3449676418,0.0009478383745,0.0009485112478,0.8972,0.8972,0.8972
1962,168.47000122070312,168.47000122070312,72627200,20240510,TSLA,171.97000122070312,168.47000122070312,0,0.10227971279999999,0.00070691467385,0.0007070684424,0.18385094000000002,0.0159401822215,0.43725375395,0.0343052331098,0.22495619486,-0.936,0.9964,0.03019999999999995
1963,171.88999938964844,171.88999938964844,67018900,20240513,TSLA,168.47000122070312,171.88999938964844,1,0.001513841057,0.001513852326,0.0015128320165000001,0.177914156717,0.001514364476,0.49655645341250004,0.001512921665,0.31796157836600003,-0.976,-0.9127,-0.94435
1964,177.5500030517578,177.5500030517578,86407400,20240514,TSLA,171.88999938964844,177.5500030517578,1,0.000817530459,0.0008176933971,0.9829952744,0.0008176216865,0.01209908088,0.0008177168443,0.0008174338462,0.0008176485065,0.4946,0.4946,0.4946
1965,173.99000549316406,173.99000549316406,79663000,20240515,TSLA,177.5500030517578,173.99000549316406,0,0.0007417955036,0.0007418150184,0.0007413001213999999,0.28934134668745004,0.0007411884506999999,0.23711517937999999,0.0007416557755999999,0.4698357190008,-0.9945,0.8765,-0.05900000000000005
1966,177.4600067138672,177.4600067138672,77445800,20240517,TSLA,174.83999633789062,177.4600067138672,1,0.3589877466,0.0005398213191,0.0005393499998,0.000539126087,0.0005393086658,0.1313332815,0.0005392995933,0.5069820663,0.7962,0.7962,0.7962
1967,186.6000061035156,186.6000061035156,115266500,20240521,TSLA,174.9499969482422,186.6000061035156,1,0.9352211665,0.0007772097545,0.0007772012192,0.0007774450762,0.01874641317,0.0007784026988,0.03395159433,0.008970567253,0.9962,0.9962,0.9962
1968,180.11000061035156,180.11000061035156,88313500,20240522,TSLA,186.6000061035156,180.11000061035156,0,0.001330836658,0.001331297804,0.9906840084,0.001330938244,0.00133124632,0.001330591638,0.001330351848,0.001330729045,0.2732,0.2732,0.2732
1969,173.74000549316406,173.74000549316406,71975500,20240523,TSLA,180.11000061035156,173.74000549316406,0,0.033954611624750004,0.1619731630381,0.00077105310825,0.0007716814056,0.0007712934741000001,0.106902194695,0.0007713757217999999,0.6940846269500001,-0.998,0.8655,-0.06624999999999998
1970,179.24000549316406,179.24000549316406,65584500,20240524,TSLA,173.74000549316406,179.24000549316406,1,0.06457094308385,0.02965874488795,0.4978082299517,0.0448768856572,0.0004988723046499999,0.06385789247005,0.25406382874615,0.04466460286725,0.9585,0.9688,0.96365
1971,176.19000244140625,176.19000244140625,54782600,20240529,TSLA,176.75,176.19000244140625,0,0.0007371139544333333,0.023436295426933332,0.3620331695051333,0.22312181508203333,0.030251479298366666,0.0007367654190666667,0.0007366303846666667,0.35894673092546664,-0.5734,0.8996,0.09583333333333333
1972,178.7899932861328,178.7899932861328,77618400,20240530,TSLA,176.19000244140625,178.7899932861328,1,0.0002670010242,0.4573320318,0.1367087868,0.2786309132,0.0002669919796,0.02309769468,0.09027132746,0.01342525311,0.9965,0.9965,0.9965
1973,178.0800018310547,178.0800018310547,67314600,20240531,TSLA,178.7899932861328,178.0800018310547,0,0.318794078883675,0.0009499432327000001,0.015924895820125,0.000949817410475,0.000949406126125,0.273526840658,0.1293541486875,0.259550869186775,0.2732,0.9926,0.8015
1974,174.77000427246094,174.77000427246094,60056300,20240604,TSLA,176.2899932861328,174.77000427246094,0,0.0587432569856,0.01883852901764,0.24775246190836003,0.00079802428042,0.15672368185364,0.28976122344524,0.004873958589779999,0.22250886392232,-0.1857,0.9981,0.75544
1975,175.0,175.0,57953800,20240605,TSLA,174.77000427246094,175.0,1,0.028038806038999997,0.04928657721500001,0.3783590981773333,0.058395759965999994,0.0008689554800000001,0.3678747308586667,0.11630730756366665,0.0008687646935666666,-0.9707,0.9485,0.19153333333333333
1976,177.94000244140625,177.94000244140625,69887000,20240606,TSLA,175.0,177.94000244140625,1,0.00066650603015,0.0006664871332,0.4962385245073,0.0006664798906,0.00066709690115,0.4997615506735,0.00066653947645,0.0006668153829,-0.9996,0.9556,-0.02200000000000002
1977,177.47999572753906,177.47999572753906,56244900,20240607,TSLA,177.94000244140625,177.47999572753906,0,0.03483592489,0.0004567305528,0.0004566705021,0.0004569146648,0.0004569815187,0.9235388889,0.03934098952,0.0004568994328,-0.7485,-0.7485,-0.7485
1978,173.7899932861328,173.7899932861328,50774600,20240610,TSLA,177.47999572753906,173.7899932861328,0,0.25792911892405,0.0198775158407,0.01396192144825,0.0011621481089,0.01666471131625,0.59247625035,0.0011625527603,0.09676578124495,-0.4939,0.7584,0.13224999999999998
1979,170.66000366210938,170.66000366210938,64761900,20240611,TSLA,173.7899932861328,170.66000366210938,0,0.2685944535,0.02045189631,0.0008872474337,0.0008878210853,0.03282394642,0.6639962393,0.0008876260477,0.01147076996,0.9652,0.9652,0.9652
1980,177.2899932861328,177.2899932861328,90389400,20240612,TSLA,170.66000366210938,177.2899932861328,1,0.039210602962025,0.06281574935605,0.0347751968235,0.20195375999589998,0.000859445505075,0.5119652921825,0.0008595810208000001,0.147560372126875,-0.9945,0.9933,-0.48657500000000004
1981,182.47000122070312,182.47000122070312,118984100,20240613,TSLA,177.2899932861328,182.47000122070312,1,0.16235132952415,0.0009299336448,0.0009291498973,0.0009293406481,0.02461789351505,0.2592477217381,0.07766426472675,0.47333036631905,0.6497,0.9659,0.8078000000000001
1982,178.00999450683594,178.00999450683594,82038200,20240614,TSLA,182.47000122070312,178.00999450683594,0,0.000651841893675,0.020803835245949996,0.240338765195975,0.2149790051869,0.0257522538484,0.302166360724225,0.191600195182625,0.0037077427172500003,-0.9862,0.9102,0.029024999999999995
1983,184.8600006103516,184.8600006103516,68982300,20240618,TSLA,187.44000244140625,184.8600006103516,0,0.21563007609999998,0.013011782443950001,0.00075822982275,0.0007583106143,0.0099127876055,0.0007583314757499999,0.03894229095925,0.7202281909999999,0.5922,0.9648,0.7785
1984,181.57000732421875,181.57000732421875,55893100,20240620,TSLA,184.8600006103516,181.57000732421875,0,0.0009417776131,0.0009414439156,0.0009414651229,0.0009411590739,0.000942682567,0.9934086587,0.0009414020727,0.0009414109244,0.8776,0.8776,0.8776
1985,183.00999450683597,183.00999450683597,61937300,20240621,TSLA,181.57000732421875,183.00999450683597,1,0.4144903073,0.0007633967009,0.000762699869,0.0007626437617,0.0007626530509,0.1995596489,0.000762728123,0.3821359223,0.9769,0.9769,0.9769
1986,182.5800018310547,182.5800018310547,61992100,20240624,TSLA,183.00999450683597,182.5800018310547,0,0.0006105056792,0.0006105578581,0.9957261846,0.0006102188296,0.0006104417928,0.0006112349453,0.0006106010724,0.0006102552252,0.9169,0.9169,0.9169
1987,187.3500061035156,187.3500061035156,62905700,20240625,TSLA,182.5800018310547,187.3500061035156,1,0.0011154717046666666,0.14005799378999997,0.0011153513842333334,0.5327827271666666,0.0011153985904,0.0201733609771,0.0011150068558666666,0.30252468950006667,-0.9674,0.9382,0.01429999999999998
1988,197.4199981689453,197.4199981689453,72746500,20240627,TSLA,196.3699951171875,197.4199981689453,1,0.035395505755899996,0.2923888341504,0.00081647642435,0.49731644302025,0.0008166608146,0.1159591479466,0.05649008639685,0.0008168454722,0.8318,0.9993,0.91555
1989,197.8800048828125,197.8800048828125,95438100,20240628,TSLA,197.4199981689453,197.8800048828125,1,0.0006831185261999999,0.0006830869657999999,0.86040225355,0.12145377724659999,0.00068340101745,0.005172216066200001,0.00068290591235,0.010239240715,-0.985,0.0781,-0.45345
1990,209.8600006103516,209.8600006103516,135691400,20240701,TSLA,197.8800048828125,209.8600006103516,1,0.00081348841235,0.088124250374,0.3547371091301,0.0008129196022499999,0.0008130265029,0.34957632789000004,0.073889115406,0.13123376268019998,-0.985,0.8705,-0.05724999999999997
1991,231.25999450683597,231.25999450683597,205047900,20240702,TSLA,209.8600006103516,231.25999450683597,1,0.2002756568,0.0006842676901,0.000683553938,0.0006843668593,0.0006835346255,0.0006851420621,0.0006843317285,0.7956191462,0.4884,0.4884,0.4884
1992,251.5200042724609,251.5200042724609,154501200,20240705,TSLA,246.38999938964844,251.5200042724609,1,0.9933164968,0.0009550891666,0.0009546117176,0.0009547987965,0.0009545255194,0.0009547934955,0.0009548670188,0.0009548174918,0.9424,0.9424,0.9424
1993,252.94000244140625,252.94000244140625,157219600,20240708,TSLA,251.5200042724609,252.94000244140625,1,0.001422872719,0.001423516911,0.001422389118,0.9525916076,0.001421391771,0.001422923295,0.001421647571,0.03887365102,-0.6597,-0.6597,-0.6597
1994,262.3299865722656,262.3299865722656,160210900,20240709,TSLA,252.94000244140625,262.3299865722656,1,0.006200814631699999,0.1767455109737,0.0007637430864,0.30608852206755,0.0007638361376,0.5079089111499999,0.0007648762398,0.00076378569395,-0.9922,0.9848,-0.003699999999999981
1995,263.260009765625,263.260009765625,128519400,20240710,TSLA,262.3299865722656,263.260009765625,1,0.7016888307,0.001895863652,0.001895215671,0.001895000087,0.001895764763,0.1267188487,0.001896260605,0.1621142158,0.9694,0.9694,0.9694
1996,248.22999572753903,248.22999572753903,155955800,20240712,TSLA,241.02999877929688,248.22999572753903,1,0.0300516164789,0.00056957244825,0.00056894333795,0.7062864376,0.0551204112793,0.0005690776543,0.0005691081155,0.20626483310000002,-0.4215,0.382,-0.01974999999999999
1997,256.5599975585937,256.5599975585937,126332500,20240716,TSLA,252.63999938964844,256.5599975585937,1,0.001456163653,0.001455498563,0.05940836501,0.001456120226,0.001454463083,0.7633895775,0.1008934021,0.07048640986,0.8779,0.8779,0.8779
1998,248.5,248.5,115584800,20240717,TSLA,256.5599975585937,248.5,0,0.01171496729605,0.21675184965,0.00053224702965,0.16507170195,0.0255176462964,0.29398860122,0.28589077209999997,0.00053221444285,0.961,0.9833,0.97215
1999,249.22999572753903,249.22999572753903,110869000,20240718,TSLA,248.5,249.22999572753903,1,0.00089091998515,0.13775533312399998,0.00089029117435,0.43126072455000003,0.0008907135812,0.27620062481200003,0.020148281302,0.1319631114255,-0.9937,-0.9863,-0.99
2000,239.1999969482422,239.1999969482422,87403900,20240719,TSLA,249.22999572753903,239.1999969482422,0,0.0160773550586,0.056214024485,0.01611055252655,0.016084185602500002,0.01607640550515,0.62288390625,0.24046192136,0.016091649171,-0.9811,0.3182,-0.33145
2001,246.3800048828125,246.3800048828125,111928200,20240723,TSLA,251.50999450683597,246.3800048828125,0,0.0533093071917,0.23830444035499998,0.00039513795075000004,0.00039524712615,0.00039506229895,0.30945318938149996,0.3224223336,0.07532528211645001,0.8625,0.9972,0.9298500000000001
2002,215.9900054931641,215.9900054931641,167942900,20240724,TSLA,246.3800048828125,215.9900054931641,0,0.23447090166175,0.28555216189825,0.00043909271455,0.06098230631015,0.00043914269667500003,0.217446982685225,0.197763462824825,0.0029059491680000003,-0.9989,0.8944,-0.479325
2003,220.25,220.25,100636500,20240725,TSLA,215.9900054931641,220.25,1,0.03660454855465001,0.06524565552205,0.24047202017597502,0.09745417343884999,0.00040096725065,0.3683589166186,0.19106274535902498,0.000400973077675,-0.9693,0.9826,-0.176525
2004,219.8000030517578,219.8000030517578,94604100,20240726,TSLA,220.25,219.8000030517578,0,0.216397414815,0.11291187332495,0.000405984718525,0.058028242256,0.00287765478605,0.139325333295,0.467581825125,0.0024716717075000004,-0.7017,0.9965,0.4302333333333334
2005,232.1000061035156,232.1000061035156,129201800,20240729,TSLA,219.8000030517578,232.1000061035156,1,0.000634580812625,0.01851613271425,0.0006346337684,0.2701834053699,0.022759728258425,0.3310176200225,0.31336558878125,0.042888310291699996,-0.9838,0.9578,-0.2787
2006,222.6199951171875,222.6199951171875,100560300,20240730,TSLA,232.1000061035156,222.6199951171875,0,0.077071423270025,0.113471382873025,0.000889864578275,0.09716976372734999,0.00088983686625,0.354053572803025,0.091432420812175,0.265021735109625,-0.9325,0.999,0.18525
2007,232.07000732421875,232.07000732421875,67497000,20240731,TSLA,222.6199951171875,232.07000732421875,1,0.001165050212,0.0011652295295,0.001164723996,0.45882924775,0.0735630700125,0.10199576560399999,0.08717882287199999,0.2749380900655,-0.9825,0.9982,0.007849999999999968
2008,216.8600006103516,216.8600006103516,83861900,20240801,TSLA,232.07000732421875,216.8600006103516,0,0.010260136728400001,0.00039171299463333333,0.0069434816287,0.0003916668154666666,0.0003913835266,0.6440981027666667,0.3269031254273,0.010620390119733333,-0.986,0.9924,-0.32543333333333335
2009,207.6699981689453,207.6699981689453,82880100,20240802,TSLA,216.8600006103516,207.6699981689453,0,0.022378838551233335,0.017772753106066668,0.28959384267683336,0.00037846397813333333,0.00037832711126666664,0.23011400900333334,0.436618977228,0.0027647883787333336,-0.5152,0.9967,0.48636666666666667
2010,198.8800048828125,198.8800048828125,100308800,20240805,TSLA,207.6699981689453,198.8800048828125,0,0.18336274506675715,0.12466900659757144,0.008914357420357143,0.020074049313642855,0.010881489434128573,0.31843373815985715,0.3258933100826143,0.007771303914757143,-0.9859,0.9979,0.1586857142857143
2011,200.63999938964844,200.63999938964844,73783900,20240806,TSLA,198.8800048828125,200.63999938964844,1,0.00781940370438,0.05870239645952,0.015563008567639999,0.06700290246216001,0.0034634086737599995,0.47020384938,0.37645507481331997,0.00078995594774,-0.9914,0.9935,0.10710000000000001
2012,191.75999450683597,191.75999450683597,71159800,20240807,TSLA,200.63999938964844,191.75999450683597,0,0.244660123043675,0.0077497038558499995,0.25599203001557497,0.02283133624575,0.0006178053518000001,0.181252467930875,0.2826594633218,0.0042370702177,-0.9595,0.9832,0.007649999999999962
2013,198.83999633789065,198.83999633789065,65033900,20240808,TSLA,191.75999450683597,198.83999633789065,1,0.12670984649066666,0.0104857406001,0.13610784204326667,0.1046750302754,0.021235593357566668,0.27739375344943334,0.2717911014175666,0.051601092298966665,-0.9799,0.9962,0.3315333333333333
2014,197.4900054931641,197.4900054931641,64044900,20240812,TSLA,200.0,197.4900054931641,0,0.07844756615687501,0.057643411432425004,0.109803388597725,0.008232446714125,0.0670164460934,0.410204118325,0.23279481784447498,0.035857804854050004,-0.9952,0.9978,-0.204375
2015,207.8300018310547,207.8300018310547,76247400,20240813,TSLA,197.4900054931641,207.8300018310547,1,0.048907322455,0.2617369303,0.0005847853484,0.0005846806388,0.0005843207245,0.37283678205,0.21154952855,0.10321564990500001,-0.955,-0.8738,-0.9144
2016,201.3800048828125,201.3800048828125,70250000,20240814,TSLA,207.8300018310547,201.3800048828125,0,0.12087387446363333,0.052704016933100006,0.33198358569186665,0.0005144769467,0.030724649261400002,0.2094653631566,0.24693357118403333,0.006800462330633333,0.3716,0.9947,0.6710333333333334
2017,214.13999938964844,214.13999938964844,89848500,20240815,TSLA,201.3800048828125,214.13999938964844,1,0.0003681636985,0.2262589989,0.0003679200507,0.000368274633,0.0003681479816,0.04528976209,0.7266106861,0.000368046512,-0.9933,-0.9933,-0.9933
2018,222.72000122070312,222.72000122070312,76435200,20240819,TSLA,216.1199951171875,222.72000122070312,1,0.07277613994566,0.02530222643808,0.0875073242049,0.00060080692548,0.11290290518532001,0.28535136031496,0.2161091598665,0.19945007709402002,-0.2724,0.9982,0.7421
2019,221.1000061035156,221.1000061035156,74001200,20240820,TSLA,222.72000122070312,221.1000061035156,0,0.044210683755950005,0.06446256667095,0.30492976351255,0.14804109392750003,0.0010405752819,0.042561421475,0.0010402761113250001,0.393713619234125,-0.9649,0.8979,0.16620000000000001
2020,210.66000366210935,210.66000366210935,79514500,20240822,TSLA,223.2700042724609,210.66000366210935,0,0.1174997728505,0.078354761239375,0.1372773852115,0.0005601348891,0.11286216137975,0.20660464853455,0.346281090967975,0.0005600449079,0.9637,0.9899,0.9775
2021,220.32000732421875,220.32000732421875,81525200,20240823,TSLA,210.66000366210935,220.32000732421875,1,0.2489326158,0.00039696406595,0.00039671032245,0.00039672783124999997,0.00039680111945000003,0.3101846136525,0.0003969347315,0.4388986324525,-0.5638,0.9983,0.21725
2022,213.2100067138672,213.2100067138672,59301200,20240826,TSLA,220.32000732421875,213.2100067138672,0,0.00053955459475,0.08167307118,0.00053941391965,0.0917343243646,0.0005393847705,0.8238958199499999,0.0005391419342999999,0.00053928929885,-0.9975,-0.9845,-0.9910000000000001
2023,209.2100067138672,209.2100067138672,62821400,20240827,TSLA,213.2100067138672,209.2100067138672,0,0.09728180860306668,0.27372312310069996,0.20738864166463333,0.049793806587766665,0.12754334335526668,0.021597928661733334,0.0816897134782,0.14098163456876667,-0.8106,0.9898,0.25196666666666667
2024,205.75,205.75,64116400,20240828,TSLA,209.2100067138672,205.75,0,0.433827812666,0.0009082510505,0.350252079405,0.00090835629745,0.14717446266935003,0.0011133580555,0.0009081201988499999,0.0649075596695,-0.8426,0.9844,0.07090000000000002
2025,206.27999877929688,206.27999877929688,62308800,20240829,TSLA,205.75,206.27999877929688,1,0.15865239589396665,0.14859317444,0.0007709981629666667,0.0007713362219333333,0.0007709761080666667,0.62460252928,0.0650675374157,0.0007710525001,0.9426,0.9927,0.9630333333333333
2026,214.1100006103516,214.1100006103516,63370600,20240830,TSLA,206.27999877929688,214.1100006103516,1,0.0033500290419399997,0.0609385392502,0.19767732403851998,0.0008562678383799999,0.0008565762758599999,0.5149615125258,0.2205034867287,0.0008562643139000001,-0.9918,0.987,0.1599
2027,210.6000061035156,210.6000061035156,76714200,20240903,TSLA,214.1100006103516,210.6000061035156,0,0.04345547836,0.11371541,0.02971302278,0.0007409474637,0.0007406455658,0.7932719673,0.01762229438,0.0007402341631,0.0196,0.0196,0.0196
2028,219.41000366210935,219.41000366210935,80651800,20240904,TSLA,210.6000061035156,219.41000366210935,1,0.0468661354997,0.08780540183743334,0.33239239013963334,0.21381237750486667,0.0007109666291666666,0.0007109804197333334,0.024962963095166667,0.29273878483176663,-0.9617,0.1575,-0.5879666666666666
2029,230.1699981689453,230.1699981689453,119355000,20240905,TSLA,219.41000366210935,230.1699981689453,1,0.0109503612578,0.24742183330333334,0.010959844670400001,0.010955924085333335,0.010947568560566666,0.6446752347333333,0.053140976183333334,0.010948257216700001,-0.7535,0.9718,0.07276666666666669
2030,210.72999572753903,210.72999572753903,112177000,20240906,TSLA,230.1699981689453,210.72999572753903,0,0.44717198359785,0.0007632678668,0.498694850297,0.0007631749177,0.00076312956445,0.05031704631935,0.0007633497247000001,0.0007631977192,0.967,0.9947,0.98085
2031,216.2700042724609,216.2700042724609,67443500,20240909,TSLA,210.72999572753903,216.2700042724609,1,0.0004759249505,0.1391265488,0.0004756142377,0.05766233318,0.0004760256752,0.6347607492,0.1665469527,0.0004758512055,-0.9955,-0.9955,-0.9955
2032,226.1699981689453,226.1699981689453,78891100,20240910,TSLA,216.2700042724609,226.1699981689453,1,0.000508889896,0.0005088348966,0.3123412212247,0.0005092059215,0.18633818349974998,0.48382149899465,0.015463478070599999,0.00050868745755,0.8636,0.9937,0.92865
2033,228.1300048828125,228.1300048828125,83548600,20240911,TSLA,226.1699981689453,228.1300048828125,1,0.0006704565005499999,0.0549106861285,0.0006701317806500001,0.45493727480999996,0.0006699453733,0.065646885195,0.385073691345,0.037420928859900005,0.991,0.991,0.991
2034,229.80999755859372,229.80999755859372,71894900,20240912,TSLA,228.1300048828125,229.80999755859372,1,0.015667520663166668,0.005519575168133333,0.5582806286833334,0.11396186363663331,0.15229385162576667,0.030341087251,0.12033184706993333,0.003603625940633334,-0.1714,0.9991,0.6049666666666667
2035,230.2899932861328,230.2899932861328,59515100,20240913,TSLA,229.80999755859372,230.2899932861328,1,0.08000731075838,0.060812029123599995,0.18271755501830003,0.0425312488797,0.02398844974846,0.30340705669060003,0.11387243948797998,0.19266391029372001,-0.9964,0.9623,-0.1679
2036,226.77999877929688,226.77999877929688,54323000,20240916,TSLA,230.2899932861328,226.77999877929688,0,0.0004919217654333333,0.13633251745333333,0.0004923354496666666,0.012983838377100002,0.0004919070991666667,0.22668370308666666,0.6220316737333333,0.0004921030561333334,-0.9939,0.5994,-0.46259999999999996
2037,227.8699951171875,227.8699951171875,66761600,20240917,TSLA,226.77999877929688,227.8699951171875,1,0.1676566383901,0.0006064864487,0.3479112444,0.08256523464285,0.31679895200155,0.06031935853025,0.0006061772733,0.0235359083752,0.9277,0.992,0.95985
2038,227.1999969482422,227.1999969482422,78010200,20240918,TSLA,227.8699951171875,227.1999969482422,0,0.0002780730641,0.08924327824,0.01005309262,0.0002781895802,0.0002781457179,0.8993128031,0.0002783707592,0.0002780469069,0.975,0.975,0.975
2039,243.9199981689453,243.9199981689453,102694600,20240919,TSLA,227.1999969482422,243.9199981689453,1,0.0325492643046,0.1366204383725,0.0004860900634,0.10333978655949999,0.0054205507224,0.5820120521,0.13908574328485002,0.00048607457985,-0.4395,-0.3491,-0.3943
2040,238.25,238.25,99879100,20240920,TSLA,243.9199981689453,238.25,0,0.0557655000215,0.02131890564315,0.11710947801585,0.0328387934022,0.14119165303415,0.41115666555,0.19574264713715,0.02487635720305,-0.9732,-0.9367,-0.95495
2041,250.0,250.0,86927200,20240923,TSLA,238.25,250.0,1,0.0003794603439,0.0003791397711,0.0003789923865,0.0003790836892,0.0003790798385,0.0003793176469,0.0003790963043,0.99734583,0.9923,0.9923,0.9923
2042,257.0199890136719,257.0199890136719,65034300,20240925,TSLA,254.2700042724609,257.0199890136719,1,0.014144757375033333,0.09743551940556666,0.0005395214541666667,0.0005399414143666667,0.037925298492899995,0.19600113054433332,0.6098630392333334,0.043550792069200005,0.9329,0.9889,0.9653999999999999
2043,254.22000122070312,254.22000122070312,67142200,20240926,TSLA,257.0199890136719,254.22000122070312,0,0.009713260143999999,0.160528644225,0.00035061872255,0.0003507513564,0.00035069610775,0.5865755603,0.24177986415,0.0003506049445,-0.9838,0.9984,0.007299999999999973
2044,260.4599914550781,260.4599914550781,70988100,20240927,TSLA,254.22000122070312,260.4599914550781,1,0.41567659334935003,0.03369372985245,0.49676469906095,0.0007065854026,0.0007064393849,0.0007060158203,0.0316289531412,0.020116983938,-0.705,0.9946,0.14480000000000004
2045,261.6300048828125,261.6300048828125,80705700,20240930,TSLA,260.4599914550781,261.6300048828125,1,0.0423030364633,0.14519938205425,0.00053569025255,0.02305170351955,0.040907198928100005,0.029020492746,0.26294862565575,0.45603387037000004,0.984,0.9876,0.9858
2046,258.0199890136719,258.0199890136719,87397600,20241001,TSLA,261.6300048828125,258.0199890136719,0,0.0166598186,0.0007824404582,0.9502130814,0.0007828171552,0.0007823589806,0.02921466791,0.0007821540963,0.0007826614197,-0.9083,-0.9083,-0.9083
2047,249.0200042724609,249.0200042724609,93983900,20241002,TSLA,258.0199890136719,249.0200042724609,0,0.0007066262852,0.17287374313345003,0.07266934341605,0.00070626430885,0.00070611216405,0.20446840356995,0.02366619536385,0.52420331181,-0.9593,0.6808,-0.13925000000000004
2048,250.0800018310547,250.0800018310547,86573200,20241004,TSLA,240.66000366210935,250.0800018310547,1,0.338846191244,0.16733294620248002,0.005985953180600001,0.01477864016386,0.00117465915998,0.3585951685787,0.11097396994894,0.00231247155964,-0.8748,0.9921,0.06149999999999998
2049,240.8300018310547,240.8300018310547,68113300,20241007,TSLA,250.0800018310547,240.8300018310547,0,0.02052530760042222,0.12510561755374444,0.019909138683533334,0.08800994087646666,0.0928112450815889,0.2718094459336333,0.37949037269455554,0.0023389315537333333,-0.9931,0.9966,0.27449999999999997
2050,244.5,244.5,56303200,20241008,TSLA,240.8300018310547,244.5,1,0.08724343373025714,0.034964653344357145,0.0006178728674714286,0.14781800148889998,0.0006180270746714286,0.2571798755321429,0.30550463905801434,0.16605349692418572,-0.9535,0.999,0.3429285714285714
2051,241.0500030517578,241.0500030517578,66289500,20241009,TSLA,244.5,241.0500030517578,0,0.028238290271283332,0.04589642245818334,0.0006922238581666667,0.041585772583633336,0.0006918570805333333,0.2176457611431,0.48018453149685003,0.18506514112495,-0.9075,0.99,0.6534
2052,238.7700042724609,238.7700042724609,83087100,20241010,TSLA,241.0500030517578,238.7700042724609,0,0.059132183743699995,0.08793244814372,0.00053703817356,0.09082874563554,0.060203251069200006,0.28338261455404,0.41744674385999997,0.00053697483318,-0.999,0.9783,-0.21774000000000004
2053,217.8000030517578,217.8000030517578,142628900,20241011,TSLA,238.7700042724609,217.8000030517578,0,0.3453700946929,0.014450173301633333,0.014457937674166666,0.014445981941366664,0.022791078686533336,0.29833594694236665,0.014449966126600003,0.2756988206195667,0.0,0.9911,0.6545
2054,219.16000366210935,219.16000366210935,86291900,20241014,TSLA,217.8000030517578,219.16000366210935,1,0.00040917898755,0.0004091613191,0.13987339260905002,0.00040908704485000005,0.35119551070430005,0.00040912180599999995,0.50688514782,0.00040939971585,0.9757,0.9921,0.9839
2055,221.3300018310547,221.3300018310547,49632800,20241016,TSLA,219.57000732421875,221.3300018310547,1,0.04605941310504,0.013542920899379998,0.0006805412972599999,0.039903751870939995,0.0006807109583400001,0.3791151380088,0.509164592102,0.01085293175442,-0.5257,0.9968,0.68984
2056,220.88999938964844,220.88999938964844,50791800,20241017,TSLA,221.3300018310547,220.88999938964844,0,0.1035090102,0.08278220303,0.0003089435573,0.01971013991,0.0003091293457,0.2158837242,0.5771878299,0.0003090197959,0.9986,0.9986,0.9986
2057,220.6999969482422,220.6999969482422,49611900,20241018,TSLA,220.88999938964844,220.6999969482422,0,0.012216473495325002,0.043428978042975,0.001341330373,0.07821896799295,0.00055246615805,0.21455584623125,0.400836138958775,0.24884979873847501,-0.9193,0.9565,0.4224
2058,218.8500061035156,218.8500061035156,47329000,20241021,TSLA,220.6999969482422,218.8500061035156,0,0.0198019847501,0.0163736914781,0.0005591474917,0.0005592794107333333,0.0005595063502333333,0.4722199113,0.41324128893920004,0.07668519027756666,-0.987,0.9956,-0.30119999999999997
2059,217.97000122070312,217.97000122070312,43268700,20241022,TSLA,218.8500061035156,217.97000122070312,0,0.025531102032675,0.124909849916325,0.0005071008296750001,0.07200568929705001,0.048136445620475005,0.270923337114375,0.4574794938875,0.0005069813015,-0.7901,0.9972,0.54365
2060,213.6499938964844,213.6499938964844,80938900,20241023,TSLA,217.97000122070312,213.6499938964844,0,0.18522199695333333,0.04481785098893334,0.3322054304204667,0.0009850628424666666,0.0009847950635,0.18633883222029998,0.24846136223583334,0.0009846692581999999,0.3479,0.9945,0.7456333333333333
2061,260.4800109863281,260.4800109863281,204491900,20241024,TSLA,213.6499938964844,260.4800109863281,1,0.13249670530774285,0.06872773368312858,0.0023978144904571426,0.026110915469757145,0.00045747794744285716,0.27567162523414285,0.38363147144247145,0.11050625642858572,-0.9978,0.9939,0.26308571428571426
2062,269.19000244140625,269.19000244140625,161611900,20241025,TSLA,260.4800109863281,269.19000244140625,1,0.00047388419944999996,0.0051537079595,0.22003736541472502,0.0288389441549,0.000473898586775,0.1989251320825,0.545623336048175,0.000473731587775,0.7207,0.9992,0.92205
2063,262.510009765625,262.510009765625,107653600,20241028,TSLA,269.19000244140625,262.510009765625,0,0.0007174975343500001,0.123265927705,0.0007183079431000001,0.0007177775162,0.00071762540115,0.20314640435,0.6699988645499999,0.00071759502985,-0.6711,0.9835,0.1562
2064,259.5199890136719,259.5199890136719,80521800,20241029,TSLA,262.510009765625,259.5199890136719,0,0.04246797165276,0.07053553716163999,0.00146686352668,0.03536405426650001,0.01251917327026,0.22455961242422,0.52123672742,0.09185006027832,-0.9937,0.9995,0.1564
2065,257.54998779296875,257.54998779296875,53993600,20241030,TSLA,259.5199890136719,257.54998779296875,0,0.15662587879605,0.17626297440115,0.0047911238301749995,0.000433211449125,0.006618818367724999,0.08960454775740001,0.458536907869225,0.10712653752895,-0.9797,0.9996,-0.049199999999999994
2066,249.8500061035156,249.8500061035156,66575300,20241031,TSLA,257.54998779296875,249.8500061035156,0,0.00037729602957999996,0.02200899695672,0.00509169333876,0.01144126771298,0.036240808929900004,0.26617663678328,0.65188724576,0.006776054470940001,-0.9421,0.9973,0.5546599999999999
2067,248.97999572753903,248.97999572753903,57544800,20241101,TSLA,249.8500061035156,248.97999572753903,0,0.09490611511973333,0.07086138148719999,0.007859757757433332,0.000399257057,0.006549944164966667,0.21011168103166666,0.60195959395,0.007352269385383334,-0.9994,0.9998,-0.15664999999999998
2068,242.83999633789065,242.83999633789065,68802400,20241104,TSLA,248.97999572753903,242.83999633789065,0,0.176287679201,0.10798715605661427,0.00044220704507142854,0.0004424856758571428,0.0004426526535142857,0.27922636853939997,0.40114141780285717,0.03403003302845715,0.8402,0.9992,0.9713714285714286
2069,251.44000244140625,251.44000244140625,69282500,20241105,TSLA,242.83999633789065,251.44000244140625,1,0.049799915837599996,0.15984354663786665,0.1062292391504,0.00045799576006666666,0.2612728684080667,0.23872215500113333,0.16847428306183332,0.015199996200333334,-0.9826,0.9992,0.3151333333333333
2070,288.5299987792969,288.5299987792969,165228700,20241106,TSLA,251.44000244140625,288.5299987792969,1,0.3134274946333333,0.3878841496666667,0.003438820710766667,0.003182573807666667,0.0006097786919666666,0.13704523381,0.13247645156333335,0.021935497095733333,-0.9831,0.9978,0.007350000000000023
2071,296.9100036621094,296.9100036621094,117309200,20241107,TSLA,288.5299987792969,296.9100036621094,1,0.0820456313283,0.238897998074225,0.000535516142525,0.1772012610941,0.00223144213965,0.26521597134515,0.23333681964009997,0.0005353602378250001,-0.9958,0.9993,0.022324999999999984
2072,321.2200012207031,321.2200012207031,204782800,20241108,TSLA,296.9100036621094,321.2200012207031,1,0.21212507772,0.07699971253780001,0.01878442350775,0.00086423419035,0.00086438240525,0.06305315843499999,0.483067795909,0.144241215256,0.4118,0.9997,0.70575
2073,350.0,350.0,210521600,20241111,TSLA,321.2200012207031,350.0,1,0.20805416339947502,0.37859261625,0.00047292743879999996,0.059911529031075,0.000472622981975,0.111438870005075,0.219898954818225,0.021158316080349997,-0.9981,0.9971,0.33039999999999997
2074,328.489990234375,328.489990234375,155726000,20241112,TSLA,350.0,328.489990234375,0,0.0041834271819666665,0.06692947783666667,0.0005945474282,0.0005946065067,0.0005945650454333333,0.6757650253666667,0.2507442203683333,0.0005941302761,-0.9993,0.4703,-0.26449999999999996
2075,330.239990234375,330.239990234375,125405600,20241113,TSLA,328.489990234375,330.239990234375,1,0.044419855215549996,0.3231420206188375,0.0056945129200875,0.10297723465200001,0.00782362075775,0.2674923443556375,0.22305448932351252,0.025395922168862498,-0.985,0.999,0.737625
2076,311.17999267578125,311.17999267578125,120726100,20241114,TSLA,330.239990234375,311.17999267578125,0,0.0461542875655,0.46795868799999996,0.00065390850745,0.034117932269,0.0006535392278,0.2839448309,0.165863167345,0.00065364620365,-0.3599,0.9961,0.3181
2077,320.7200012207031,320.7200012207031,114440300,20241115,TSLA,311.17999267578125,320.7200012207031,1,0.17297648884314284,0.2825097643123143,0.0010968349842285713,0.03706400493004286,0.02985393203975714,0.22666688047062858,0.24773438529025713,0.0020977091277285713,-0.9989,0.9987,0.13060000000000002
2078,338.739990234375,338.739990234375,126085600,20241118,TSLA,320.7200012207031,338.739990234375,1,0.0496328584141,0.506555969685,0.0005504880249,0.0005508550554,0.0005504768264,0.4410576847146,0.00055085980095,0.0005508074919000001,-0.9228,0.9885,0.032850000000000046
2079,346.0,346.0,88852500,20241119,TSLA,338.739990234375,346.0,1,0.051439795317933336,0.5466950875033333,0.23558631026293333,0.012128179025533335,0.0054585939307833335,0.027247026372416664,0.12080673792309998,0.0006382696528166666,0.8122,0.9959,0.93945
2080,342.0299987792969,342.0299987792969,66340700,20241120,TSLA,346.0,342.0299987792969,0,0.1643661865294,0.5931789086,0.0187404545712,0.0005380875223,0.0005379895499666667,0.06103640932666666,0.0452776446465,0.11632431929923333,0.927,0.9922,0.9651
2081,339.6400146484375,339.6400146484375,58011700,20241121,TSLA,342.0299987792969,339.6400146484375,0,0.0006230687355666667,0.4925681203999999,0.0006225075922333332,0.0006230129784333334,0.0006227303041,0.3144593944015333,0.18885976850676667,0.0016213970728999997,-0.9628,0.9991,-0.28606666666666664
2082,352.5599975585937,352.5599975585937,89140700,20241122,TSLA,339.6400146484375,352.5599975585937,1,0.001331204911,0.08458860929,0.001330607311,0.001331233216,0.00133093379,0.9074257528,0.001330751858,0.001330906866,-0.9153,-0.9153,-0.9153
2083,338.5899963378906,338.5899963378906,95890900,20241125,TSLA,352.5599975585937,338.5899963378906,0,0.067514778059175,0.38301126908,0.0006076361087499999,0.00822438797225,0.000607416178775,0.37028025044125,0.04670099328575,0.123053268861675,-0.9945,0.9975,0.009250000000000008
2084,338.2300109863281,338.2300109863281,62295900,20241126,TSLA,338.5899963378906,338.2300109863281,0,0.0659899576688,0.28796024905,0.00066659544355,0.0006667139223,0.00066669184465,0.32881899618505,0.03352059433315,0.28171020157315,0.9761,0.9956,0.98585
2085,332.8900146484375,332.8900146484375,57896400,20241127,TSLA,338.2300109863281,332.8900146484375,0,0.022305711450999997,0.08618769985886666,0.27578460387303333,0.17517819799666667,0.017037031062766668,0.2684845506399,0.1543659290072,0.0006562761150333334,-0.9947,0.9276,0.12646666666666664
2086,345.1600036621094,345.1600036621094,37167600,20241129,TSLA,332.8900146484375,345.1600036621094,1,0.2673578734,0.1357987873,0.000613295994,0.1441000226,0.0006139922028,0.3560696538,0.0006137828909,0.09483259188,0.9991,0.9991,0.9991
2087,357.0899963378906,357.0899963378906,77986500,20241202,TSLA,345.1600036621094,357.0899963378906,1,0.31714780855,0.275864046435,0.00051587508675,0.0005158481308,0.00051574377145,0.35340147511500003,0.051523003901,0.0005161990179,0.8634,0.9852,0.9242999999999999
2088,357.92999267578125,357.92999267578125,50810900,20241204,TSLA,351.4200134277344,357.92999267578125,1,0.0147455008686,0.4474303361,0.2108415608545,0.00043147420225,0.15397366748505,0.0243628125384,0.14480976936700002,0.00340487853155,0.994,0.9993,0.99665
2089,369.489990234375,369.489990234375,81403600,20241205,TSLA,357.92999267578125,369.489990234375,1,0.06742014282285,0.3891621866665,0.0034051618659,0.00043505431284999996,0.00043512907954999997,0.032751021289,0.05463163610445,0.45175966785,0.3468,0.9981,0.67245
2090,389.2200012207031,389.2200012207031,81455800,20241206,TSLA,369.489990234375,389.2200012207031,1,0.26072354702423334,0.18645914714816667,0.0084206941519,0.0025425092964166665,0.0005901306747666666,0.16848432050944998,0.37052530611195,0.0022543450666333334,-0.9491,0.9963,0.6009
2091,389.7900085449219,389.7900085449219,96359200,20241209,TSLA,389.2200012207031,389.7900085449219,1,0.166138370985,0.0038342561528,0.00040436050265,0.31044826083829996,0.0287927151389,0.43869145885,0.013727149203,0.0379634283649,-0.9235,0.9981,0.0373
2092,400.989990234375,400.989990234375,97563600,20241210,TSLA,389.7900085449219,400.989990234375,1,0.27438405302315,0.11965685409265,0.0003376641632,0.376734403754,0.0397622549501,0.1884487933,0.0003380335858,0.00033794310885,-0.999,-0.9945,-0.99675
2093,424.7699890136719,424.7699890136719,104287600,20241211,TSLA,400.989990234375,424.7699890136719,1,0.67665451215,0.12082859495,0.014354655009449999,0.0008871780018999999,0.0008867041538,0.1702274324091,0.007415220609,0.008745702704200001,0.9325,0.9951,0.9638
2094,418.1000061035156,418.1000061035156,87752200,20241212,TSLA,424.7699890136719,418.1000061035156,0,0.00033021748714999997,0.78971733025,0.00033036111669999997,0.04004822494025,0.00033052607485,0.027670879291,0.1412423214,0.0003301394363,0.9905,0.9946,0.99255
2095,436.2300109863281,436.2300109863281,89000200,20241213,TSLA,418.1000061035156,436.2300109863281,1,0.0006116930754499999,0.5823168191,0.00061088930045,0.0006116742223,0.00061134397075,0.01027651705055,0.40435034735000003,0.0006107158875000001,0.9672,0.9961,0.9816499999999999
2096,463.0199890136719,463.0199890136719,114083800,20241216,TSLA,436.2300109863281,463.0199890136719,1,0.142493133835,0.60970121665,0.0006705990686999999,0.0006708250494999999,0.00067026723795,0.1204596180267,0.12466411748255,0.0006702226219,0.8228,0.9646,0.8936999999999999
2097,479.8599853515625,479.8599853515625,131223000,20241217,TSLA,463.0199890136719,479.8599853515625,1,0.001093730996,0.0010927715684333334,0.3316226449467667,0.293738581392,0.0010926388811666667,0.07197221947,0.0010925079088,0.2982949048463333,-0.9994,0.9623,0.08630000000000004
2098,440.1300048828125,440.1300048828125,149340800,20241218,TSLA,479.8599853515625,440.1300048828125,0,0.30768916797268336,0.3621419052116666,0.021160513609183335,0.046884359317666664,0.008992903715316665,0.004285599556733333,0.024906609396383336,0.22393894122768332,-0.9989,0.9943,0.014616666666666648
2099,436.1700134277344,436.1700134277344,118566100,20241219,TSLA,440.1300048828125,436.1700134277344,0,0.063303907495575,0.705677387275,0.00046380962425000003,0.042939426976412495,0.018909426252475,0.04036874548435,0.122513616761125,0.0058236801235,-0.9993,0.9983,0.1242625
2100,421.05999755859375,421.05999755859375,132216200,20241220,TSLA,436.1700134277344,421.05999755859375,0,0.048856895636383325,0.5938650218705,0.0058528147209583326,0.07558744428127499,0.0005039873487833333,0.09892724159076667,0.08808955247729167,0.08831704208998332,-0.9794,0.999,0.4352636363636364
2101,430.6000061035156,430.6000061035156,72698100,20241223,TSLA,421.05999755859375,430.6000061035156,1,0.26822113767013334,0.2298286670412333,0.0005091997734333333,0.13514414629576668,0.0005093146205333333,0.06123090523799999,0.052356712243033336,0.25219991710333334,-0.9282,0.9805,-0.2739
2102,462.2799987792969,462.2799987792969,59551800,20241224,TSLA,430.6000061035156,462.2799987792969,1,0.12343468658085001,0.22241262385000002,0.0004019456717,0.11331212301035,0.00040198964255,0.39932461785,0.1287365878321,0.0119754255193,-0.9864,0.9973,0.005449999999999955
2103,454.1300048828125,454.1300048828125,76366400,20241226,TSLA,462.2799987792969,454.1300048828125,0,0.3605621109708334,0.12388683151533335,0.013008275185433335,0.09619952790513335,0.01577269844,0.060669250378233334,0.017600632816133333,0.3123006728114,0.9967,0.9997,0.9983000000000001
2104,431.6600036621094,431.6600036621094,82666800,20241227,TSLA,454.1300048828125,431.6600036621094,0,0.022061328860566668,0.21795578790883333,0.00040604340943333335,0.0004061102977666667,0.019676799225733333,0.6190501810666666,0.12003770938846665,0.0004060398716666667,-0.9864,0.9948,0.334
2105,417.4100036621094,417.4100036621094,64941000,20241230,TSLA,431.6600036621094,417.4100036621094,0,0.0007043739125333334,0.5124588877999999,0.0007037153489666666,0.0007037606622,0.0007036392806,0.2312296254066333,0.25279176373333334,0.0007042338689,0.9242,0.9933,0.9578000000000001
2106,379.2799987792969,379.2799987792969,109710700,20250102,TSLA,403.8399963378906,379.2799987792969,0,0.051709031824114286,0.12237031383794286,0.08058533515340001,0.38159797711257143,0.06828023998921429,0.04980760433161429,0.02173196400974286,0.22391753374227144,-0.9958,0.9903,-0.21961428571428573
2107,410.4400024414063,410.4400024414063,95423300,20250103,TSLA,379.2799987792969,410.4400024414063,1,0.06802015473905,0.24839828331166666,0.005128064378516667,0.36860503626665,0.0074557701610666665,0.13043509939178333,0.15096284970413335,0.020994742033866667,-0.9991,0.9949,-0.5966
2108,411.0499877929688,411.0499877929688,85516500,20250106,TSLA,410.4400024414063,411.0499877929688,1,0.061236791354575,0.39205026637499996,0.000662737377975,0.0006632194822749999,0.000663160446425,0.460761670575,0.06943187094,0.014530283449049998,-0.9793,0.9757,-0.31085
2109,394.3599853515625,394.3599853515625,75699500,20250107,TSLA,411.0499877929688,394.3599853515625,0,0.1066421294421,0.2196766392187,0.00053294208405,0.006824160802925,0.0005330990555,0.65364276711025,0.0116153961718,0.00053286613385,-0.8117,0.9979,0.30155
2110,394.9400024414063,394.9400024414063,73038800,20250108,TSLA,394.3599853515625,394.9400024414063,1,0.20142597638236667,0.14181376622166667,0.00038319460716666667,0.1614615172999667,0.0029668826458666667,0.41383809193666665,0.04909621252046668,0.029014358357149998,-0.998,0.9988,-0.3355666666666666
2111,403.30999755859375,403.30999755859375,67580500,20250113,TSLA,394.739990234375,403.30999755859375,1,0.0004894225435,0.513311166,0.0004890083965,0.0004887791872,0.0004888969333,0.000489304042,0.4837543288,0.0004890941204,0.9978,0.9978,0.9978
2112,396.3599853515625,396.3599853515625,84565000,20250114,TSLA,403.30999755859375,396.3599853515625,0,0.08885443369368,0.12400396583616,0.0966960278831,0.00068449555034,0.11990921621597998,0.55166471238724,0.0175022634801,0.00068488495026,-0.8313,0.9931,0.33574000000000004
2113,428.2200012207031,428.2200012207031,81375500,20250115,TSLA,396.3599853515625,428.2200012207031,1,0.13392697152055,0.41890341409,0.0004640790446,0.00046400958824999996,0.000464167937875,0.256698450119425,0.164592066596975,0.024486841087775,0.9226,0.9984,0.95995
2114,413.8200073242188,413.8200073242188,68335200,20250116,TSLA,428.2200012207031,413.8200073242188,0,0.0113979308921125,0.258909651956825,0.3147285267307,0.041913554709062495,0.033007162337,0.1094075690613875,0.116707739338725,0.1139278649886125,-0.9897,0.996,0.4183125
2115,426.5,426.5,94991400,20250117,TSLA,413.8200073242188,426.5,1,0.06577297981872221,0.24702462467664443,0.07238065387475555,0.037120548789955556,0.0023723382151555556,0.3615926964147333,0.11307955993376667,0.10065659826097778,-0.9187,0.9989,0.41981250000000003
2116,424.0700073242188,424.0700073242188,87320900,20250121,TSLA,426.5,424.0700073242188,0,0.04050480379696,0.569141604506,0.00688186181696,0.039665223679,0.006877821386779999,0.04718167525076,0.27832181253634003,0.01142519701512,-0.9567,0.989,0.044520000000000004
2117,415.1099853515625,415.1099853515625,60963300,20250122,TSLA,424.0700073242188,415.1099853515625,0,0.12831501081173333,0.13624486763333332,0.0006053661225333333,0.014673043940033333,0.0006047490378,0.41713201618333334,0.2971645925565,0.0052603537122,0.973,0.9992,0.9853999999999999
2118,412.3800048828125,412.3800048828125,50690600,20250123,TSLA,415.1099853515625,412.3800048828125,0,0.08450326389252501,0.179776851514325,0.002977893248,0.078515713552825,0.00049799350045,0.390581365313325,0.01239738030125,0.25074953864805,0.7181,0.9975,0.900775
2119,406.5799865722656,406.5799865722656,56427100,20250124,TSLA,412.3800048828125,406.5799865722656,0,0.20301407876233335,0.35928509092333333,0.0074524342719333335,0.12258131447373333,0.008593813023133333,0.2643073231465333,0.0008044420072,0.03396150339813333,0.891,0.9959,0.9366666666666666
2120,397.1499938964844,397.1499938964844,58125500,20250127,TSLA,406.5799865722656,397.1499938964844,0,0.00052984376995,0.20257628466395,0.00052996208495,0.0005292308887,0.00052972692575,0.017696560609400003,0.27851723937435,0.4990911516652,0.9766,0.9989,0.98775
2121,398.0899963378906,398.0899963378906,48910700,20250128,TSLA,397.1499938964844,398.0899963378906,1,0.166636578669175,0.5020334208149999,0.09044903958222499,0.06395911557282499,0.013677287688750001,0.103829174783,0.000843628960125,0.058571753920475,-0.9901,0.9972,0.028099999999999986
2122,389.1000061035156,389.1000061035156,68033600,20250129,TSLA,398.0899963378906,389.1000061035156,0,0.03796770885125,0.0927909161471,0.00043232915884999995,0.044326647835850004,0.0239709235578,0.32821030635,0.4038872754,0.06841389269015001,0.8048,0.9809,0.8928499999999999
2123,400.2799987792969,400.2799987792969,98092900,20250130,TSLA,389.1000061035156,400.2799987792969,1,0.0062739646807,0.8140950802333333,0.0028139091835666665,0.09004618422,0.000285614407,0.08141539685,0.0047844071742,0.00028544323913333333,0.9469,0.9694,0.9581500000000001
2124,404.6000061035156,404.6000061035156,83283600,20250131,TSLA,400.2799987792969,404.6000061035156,1,0.003880450653825,0.6896737341825,0.000529623431825,0.126634479827475,0.008900915237899999,0.15018433566595002,0.0196667953726,0.000529665631275,-0.993,-0.8725,-0.9552
2125,383.6799926757813,383.6799926757813,93732100,20250203,TSLA,404.6000061035156,383.6799926757813,0,0.030678768473042854,0.6871553835728571,0.0005419268933142857,0.03558712521428571,0.0005416149047285714,0.07078523753948571,0.03957858751945714,0.13513135586648573,-0.501,0.9988,0.4413857142857143
2126,392.2099914550781,392.2099914550781,57072200,20250204,TSLA,383.6799926757813,392.2099914550781,1,0.026306436113971432,0.614402672441,0.1400987421929857,0.0340392790135,0.011522848216214285,0.14736632532864286,0.018186060246828572,0.008077636441714286,-0.9708,0.9724,0.15277142857142859
2127,378.1700134277344,378.1700134277344,57223300,20250205,TSLA,392.2099914550781,378.1700134277344,0,0.05103682852338182,0.6749147522236364,0.015350531207790908,0.045066444074636364,0.003074634100081818,0.09811478679626363,0.0980568672589,0.014385155836499998,-0.9805,0.9939,0.2520090909090909
2128,374.3200073242188,374.3200073242188,77918200,20250206,TSLA,378.1700134277344,374.3200073242188,0,0.06616654812924,0.726962667179,0.004503430558170001,0.0058823543271700005,0.003486041843269999,0.14605363278143998,0.04268309666407,0.00426222849904,-0.9518,0.9996,0.45877
2129,361.6199951171875,361.6199951171875,70298300,20250207,TSLA,374.3200073242188,361.6199951171875,0,0.023689843329015383,0.6609406626359693,0.001395446596023077,0.09730535401541539,0.015662345229192305,0.1805735369596077,0.019423186551615384,0.0010096246794615384,-0.9972,0.9976,-0.1101
2130,350.7300109863281,350.7300109863281,77514900,20250210,TSLA,361.6199951171875,350.7300109863281,0,0.301678849819,0.3849892073166667,0.0052901254238,0.05825220255112223,0.014073861097266667,0.18811261241473332,0.038296378396799995,0.009306762992511111,-0.9996,0.9955,0.29591111111111107
2131,328.5,328.5,118543400,20250211,TSLA,350.7300109863281,328.5,0,0.023219584584850003,0.8950760272333333,0.00197687719345,0.028517059236033333,0.005476433624983334,0.039154946897483334,0.006192880684866667,0.0003861905369333333,-0.9959,0.2401,-0.7706166666666667
2132,336.510009765625,336.510009765625,105382700,20250212,TSLA,328.5,336.510009765625,1,0.08559772378930001,0.54358479781125,0.011674538197766668,0.08209659931583334,0.005593546056116667,0.2562088183224833,0.005601162144866667,0.009642814342233333,-0.9984,0.9878,-0.06581666666666668
2133,355.94000244140625,355.94000244140625,89441500,20250213,TSLA,336.510009765625,355.94000244140625,1,0.15639521394872224,0.6702337795077777,0.0022367289698666665,0.01799927383826667,0.003937104057388889,0.10047122424321112,0.018715285155811112,0.030011390314555558,-0.9947,0.9965,-0.04726666666666668
2134,355.8399963378906,355.8399963378906,68277300,20250214,TSLA,355.94000244140625,355.8399963378906,0,0.0948970129576,0.753821331575,0.002598003025,0.0008661807752500001,0.00126003584483,0.1337438965827,0.01092214655174,0.00189139269422,-0.9953,0.9711,-0.09673000000000001
2135,354.1099853515625,354.1099853515625,51631700,20250218,TSLA,355.8399963378906,354.1099853515625,0,0.09620795340692222,0.5815051161262222,0.005172388633822222,0.06645837632632222,0.013710766921533333,0.21613844839106666,0.006134146571333333,0.014672803625833333,-0.9874,0.9822,-0.1426666666666667
2136,360.55999755859375,360.55999755859375,67094400,20250219,TSLA,354.1099853515625,360.55999755859375,1,0.05206801809162727,0.7315780932909092,0.0004790366869727273,0.028153067191672723,0.0004792202765636364,0.1157104830637909,0.07105296113887273,0.0004791202493636364,-0.996,0.993,-0.05987272727272727
2137,354.3999938964844,354.3999938964844,45965400,20250220,TSLA,360.55999755859375,354.3999938964844,0,0.10553994691344444,0.5759644975444445,0.08124863138573332,0.09204133555043333,0.005857700829800001,0.07733592331775556,0.03105244256722222,0.030959521883555552,-0.9734,0.9916,-0.14462222222222224
2138,337.79998779296875,337.79998779296875,74058600,20250221,TSLA,354.3999938964844,337.79998779296875,0,0.051016207469621426,0.5973883120628571,0.0008905207190428572,0.07069807019250715,0.0053254701113642855,0.11549295239535715,0.11847088015788572,0.04071758689654286,-0.9971,0.994,0.0735
2139,330.5299987792969,330.5299987792969,76052300,20250224,TSLA,337.79998779296875,330.5299987792969,0,0.07003349442611538,0.5555993925684615,0.004184775470138461,0.03489574132140769,0.003004606583830769,0.2382644098236,0.08917377446593845,0.0048438053446846156,-0.9754,0.9958,0.08852307692307691
2140,302.79998779296875,302.79998779296875,134228800,20250225,TSLA,330.5299987792969,302.79998779296875,0,0.0437623872713,0.62344862383899,0.052449841443,0.023457435742109997,0.06248226630110001,0.12167737354392998,0.035085180990959995,0.037636890870550006,-0.9912,0.9949,0.2802222222222222
2141,290.79998779296875,290.79998779296875,100118300,20250226,TSLA,302.79998779296875,290.79998779296875,0,0.054622811208978564,0.5675898480471643,0.022310033176435713,0.05406476624297143,0.07328654812431427,0.16224293150305716,0.04447818167823571,0.021404880012307143,-0.9707,0.9974,0.4867642857142857
2142,281.95001220703125,281.95001220703125,101748200,20250227,TSLA,290.79998779296875,281.95001220703125,0,0.15040619672902308,0.6583559954230769,0.0012480627006000002,0.025621856804384613,0.0039558943307,0.021921597257930768,0.13703094117605386,0.0014594555789923076,-0.9972,0.9987,0.2122
2143,292.9800109863281,292.9800109863281,115697000,20250228,TSLA,281.95001220703125,292.9800109863281,1,0.0466896606911125,0.6132306896374999,0.0112178107057,0.0855855617781,0.029440338423225,0.1292971761634,0.07536918543415,0.0091695771393875,-0.9692,0.9716,-0.048028571428571434
2144,284.6499938964844,284.6499938964844,115551400,20250303,TSLA,292.9800109863281,284.6499938964844,0,0.00047261521476000005,0.769162436,0.00047241065294,0.00047260639127999997,0.00047250028894000007,0.030114667827199997,0.19120426432432,0.007628499316399999,-0.921,0.9836,0.4033
2145,272.0400085449219,272.0400085449219,126706600,20250304,TSLA,284.6499938964844,272.0400085449219,0,0.11527578970495,0.543971119639,0.0035949187087399997,0.026393998968510003,0.005044561341969999,0.11208080230711,0.14601730290451,0.04762150640063,-0.996,0.9834,-0.009849999999999992
2146,279.1000061035156,279.1000061035156,94042900,20250305,TSLA,272.0400085449219,279.1000061035156,1,0.07604670534815,0.7406772926875,0.0008686245241812501,0.053627594026793755,0.00844612110470625,0.035221435562262496,0.076777333851425,0.00833489289354375,-0.9942,0.9963,0.03853125000000002
2147,263.45001220703125,263.45001220703125,98451600,20250306,TSLA,279.1000061035156,263.45001220703125,0,0.20643836995335554,0.5277400590877778,0.011831827517866668,0.044280482738211106,0.014860797669699999,0.18267683714504446,0.004071455800522222,0.008100170077344445,-0.9986,0.9956,0.22053333333333333
2148,262.6700134277344,262.6700134277344,102369600,20250307,TSLA,263.45001220703125,262.6700134277344,0,0.20477191909756667,0.4671362230588889,0.16423184154515555,0.10806691424792222,0.0099595510065,0.03734829645446666,0.007799634930755556,0.0006856196777111111,-0.9101,0.9992,0.39915555555555554
2149,222.1499938964844,222.1499938964844,189076900,20250310,TSLA,262.6700134277344,222.1499938964844,0,0.15475642067644166,0.48570690438383335,0.006757602890433333,0.04084566595176667,0.018711652479133332,0.125376392043675,0.09301686515366665,0.07482849641164167,-0.9856,0.9992,0.3528
2150,230.5800018310547,230.5800018310547,174896400,20250311,TSLA,222.1499938964844,230.5800018310547,1,0.12001218591889999,0.45678753134814,0.09098927215639,0.018440109775610003,0.00058671334773,0.03241138690149,0.16709771380438002,0.11367508671465001,-0.9981,0.9991,0.11745555555555555
2151,248.08999633789065,248.08999633789065,142215700,20250312,TSLA,230.5800018310547,248.08999633789065,1,0.1803621245831778,0.4948238447975555,0.1296982415702889,0.006060407263222222,0.08627029366576668,0.060603922155011106,0.0226205968109,0.01956056913568889,-0.9789,0.9662,-0.25937777777777776
2152,240.67999267578125,240.67999267578125,114813500,20250313,TSLA,248.08999633789065,240.67999267578125,0,0.0004691447840333334,0.28839273661436665,0.00046907594233333333,0.0004690635666666667,0.00046956028079999995,0.3762149351688666,0.32897404943613334,0.0045414341779333334,-0.9834,0.9977,0.3104
2153,249.97999572753903,249.97999572753903,100242300,20250314,TSLA,240.67999267578125,249.97999572753903,1,0.14514527979297778,0.5617623398555556,0.11155917893791112,0.0032287246370222224,0.0004366807958888889,0.022410861940966666,0.15064763986133334,0.004809294182433334,-0.9951,0.9994,0.10655555555555556
2154,238.00999450683597,238.00999450683597,111900600,20250317,TSLA,249.97999572753903,238.00999450683597,0,0.18464675139131112,0.21797074464155555,0.1269127768676,0.0374004826162,0.09685258514632222,0.1294520745461,0.13417816175636668,0.07258642305478888,-0.979,0.9985,0.47445
2155,225.30999755859372,225.30999755859372,111477600,20250318,TSLA,238.00999450683597,225.30999755859372,0,0.017163135367825003,0.390442297812825,0.139121809943,0.07138379496882499,0.0019015365926875,0.037669095574437504,0.0705330795030125,0.2717852502361,-0.9929,0.965,0.31975
2156,235.8600006103516,235.8600006103516,111993800,20250319,TSLA,225.30999755859372,235.8600006103516,1,0.1632782204837,0.57750275635,0.00042306239025,0.001918531199483333,0.00042245228663333336,0.12732960698301668,0.06873238269343333,0.060392987628649995,-0.9869,0.9966,0.2667333333333333
2157,236.25999450683597,236.25999450683597,99028300,20250320,TSLA,235.8600006103516,236.25999450683597,1,0.09074706361075,0.4246432003,0.0005668203914875,0.0640884027033375,0.000566828379775,0.0223091425645125,0.248089399402225,0.1489891426748875,-0.9953,0.9989,0.09021250000000001
2158,248.7100067138672,248.7100067138672,132728700,20250321,TSLA,236.25999450683597,248.7100067138672,1,0.04524330834586667,0.5194101540498416,0.000563195845875,0.041768672400225,0.0005633280538666666,0.17047799854647502,0.07511485807559166,0.146858484702425,-0.9984,0.9981,0.07892500000000001
2159,278.3900146484375,278.3900146484375,169079900,20250324,TSLA,248.7100067138672,278.3900146484375,1,0.24427688918316667,0.512131047025,0.0007020845150999999,0.008143427143016666,0.0007020525982500001,0.08182820844080001,0.04071171677663333,0.1115045743081,-0.9901,0.9826,0.30855000000000005
2160,288.1400146484375,288.1400146484375,150361500,20250325,TSLA,278.3900146484375,288.1400146484375,1,0.17239527789314998,0.41780094953325,0.000728068971925,0.05342794009685,0.00072813580835,0.08727077088935001,0.000728136112975,0.266920720672625,-0.9934,0.9946,0.48297500000000004
2161,272.0599975585937,272.0599975585937,153629800,20250326,TSLA,288.1400146484375,272.0599975585937,0,0.059773139204449995,0.523020824975,0.0028121990471,0.012586798429266667,0.0005597038829666666,0.16986326449531663,0.15803688634465,0.07334718360343333,-0.9907,0.995,0.6510666666666667
2162,273.1300048828125,273.1300048828125,162572100,20250327,TSLA,272.0599975585937,273.1300048828125,1,0.0389286608089,0.4371455935171428,0.0004137405502857143,0.11588548752721428,0.00041389271392857144,0.0315542862965,0.2925240665214857,0.08313427207857142,-0.9916,0.9986,0.29915
2163,263.54998779296875,263.54998779296875,123809400,20250328,TSLA,273.1300048828125,263.54998779296875,0,0.11837410198671429,0.3021852675614286,0.0004262862926571429,0.014392487902142856,0.00042615826217142855,0.2608471228677857,0.2631509902554857,0.04019758485417143,-0.9992,0.9993,0.6168571428571428
2164,259.1600036621094,259.1600036621094,134008900,20250331,TSLA,263.54998779296875,259.1600036621094,0,0.18286464937540997,0.16460328924829998,0.0810075336757,0.07487714436197,0.00076730420706,0.14717074094026,0.24602424235288,0.1026850958559,-0.9582,0.9986,0.11948888888888888
2165,268.4599914550781,268.4599914550781,146486900,20250401,TSLA,259.1600036621094,268.4599914550781,1,0.1646710011559778,0.5271786708111111,0.0019096378355000002,0.0165042728666,0.008105320472966667,0.03185164260896667,0.2374815535603111,0.012297900647533333,-0.9718,0.9994,0.06624444444444444
2166,282.760009765625,282.760009765625,212787800,20250402,TSLA,268.4599914550781,282.760009765625,1,0.03328315771512222,0.21550294071622222,0.0003622258315,0.02752506180167778,0.0003623921913444444,0.04537714405584445,0.5997453833575332,0.07784169430855555,0.0516,0.9996,0.8652555555555556
2167,267.2799987792969,267.2799987792969,136174300,20250403,TSLA,282.760009765625,267.2799987792969,0,0.23411636925821427,0.28538430073142856,0.004831251880628572,0.006071681419685714,0.0048259103411,0.15098429380994285,0.2192176424592143,0.09456855010292856,-0.9918,0.9988,0.5256142857142857
2168,239.42999267578125,239.42999267578125,181229400,20250404,TSLA,267.2799987792969,239.42999267578125,0,0.25758628335010003,0.594094287275,0.00046969433555,0.028661673686125,0.02360413640965,0.045963624953274995,0.049150513061025,0.00046978690235,0.789,0.9893,0.91155
2169,233.2899932861328,233.2899932861328,183453800,20250407,TSLA,239.42999267578125,233.2899932861328,0,0.3697581874873,0.49431422630000005,0.00343468510352,0.0746237560978,0.0241383150328,0.02732391470592,0.0025353676831,0.00387154757864,-0.9312,0.9597,0.186
2170,221.8600006103516,221.8600006103516,171603500,20250408,TSLA,233.2899932861328,221.8600006103516,0,0.1124495271386375,0.62301743457375,0.0042981291983374996,0.03409940833125,0.0042934200598125005,0.1124253426920875,0.075252869947075,0.0341638680342875,-0.9929,0.9864,-0.09547499999999999
2171,272.20001220703125,272.20001220703125,219433400,20250409,TSLA,221.8600006103516,272.20001220703125,1,0.13055818384123333,0.4872153696783333,0.000362720051,0.040674431609950004,0.0349873757176,0.1469508147409,0.15888818960463333,0.00036291477035,-0.998,0.994,0.32686000000000004
2172,252.3999938964844,252.3999938964844,181722600,20250410,TSLA,272.20001220703125,252.3999938964844,0,0.22122890458666666,0.5426367988999999,0.0006323397402333333,0.01800441024695,0.0006325082208000001,0.04985506865381666,0.15838510749485,0.008624862180333334,-0.9942,0.9741,0.4804833333333333
2173,252.30999755859372,252.30999755859372,128948100,20250411,TSLA,252.3999938964844,252.30999755859372,0,0.00046389591385,0.214455445815,0.00046360995025,0.0004638624667,0.00046373773309999996,0.01534664916495,0.7678789907000001,0.000463808311,0.8608,0.9833,0.92205
2174,252.3500061035156,252.3500061035156,100135200,20250414,TSLA,252.30999755859372,252.3500061035156,1,0.11132889568166666,0.351047559784,0.0012166179198666667,0.29031464809633334,0.002850517272666666,0.0012173647375,0.0012168973666333335,0.24080749915230001,-0.9584,0.9042,0.2575
2175,254.1100006103516,254.1100006103516,79594300,20250415,TSLA,252.3500061035156,254.1100006103516,1,0.010728087376866667,0.4762495174666666,0.0005696446879,0.11389822251783333,0.0005698977797333333,0.20524787874320002,0.11179766550323333,0.08093908594453333,-0.9935,-0.6312,-0.8701
2176,241.5500030517578,241.5500030517578,112378700,20250416,TSLA,254.1100006103516,241.5500030517578,0,0.0717228615899,0.53469404317,0.00058753018684,0.07428192879434001,0.00058777918166,0.18557056287692,0.12113099196579999,0.011424302231059998,-0.9949,0.9498,0.08926
2177,241.3699951171875,241.3699951171875,83404800,20250417,TSLA,241.5500030517578,241.3699951171875,0,0.060755737080333334,0.4600373472666666,0.0005198841507666666,0.11201833330323334,0.0005198519358,0.11939452256466666,0.20068624656519998,0.04606807711816666,-0.9976,0.9964,0.3288333333333333
2178,227.5,227.5,97768000,20250421,TSLA,241.3699951171875,227.5,0,0.4774305101,0.4705659186,0.0003888240029,0.0003889159953,0.05005996912,0.000388626892,0.000388559506,0.0003886757747,0.9072,0.9072,0.9072
2179,237.97000122070312,237.97000122070312,120858500,20250422,TSLA,227.5,237.97000122070312,1,0.11851443665066667,0.37013306890383335,0.0013308068422500001,0.0006312679587333333,0.00063115214135,0.09289542278616668,0.24862158932041667,0.16724225536850001,-0.981,0.9745,-0.12963333333333332
2180,250.7400054931641,250.7400054931641,150381900,20250423,TSLA,237.97000122070312,250.7400054931641,1,0.29721490566360004,0.3695793152833333,0.0008084264541666666,0.11857599708051665,0.0030041113122166673,0.023290840419033332,0.04233812918056667,0.1451882746127167,-0.9981,0.9981,0.05475
2181,259.510009765625,259.510009765625,94464200,20250424,TSLA,250.7400054931641,259.510009765625,1,0.0009920110692999999,0.23399651119999998,0.0009911262863499999,0.28069471368145,0.00099181078635,0.1738882452,0.166888946101,0.14155663572,-0.9873,-0.2732,-0.63025
2182,284.95001220703125,284.95001220703125,167560700,20250425,TSLA,259.510009765625,284.95001220703125,1,0.21097809301954998,0.30805136281483336,0.0028796577301833334,0.15386854067038333,0.11987660924413333,0.049724502402400006,0.0008820903499666666,0.15373914377561665,0.0387,0.9933,0.7923666666666667
2183,285.8800048828125,285.8800048828125,151731800,20250428,TSLA,284.95001220703125,285.8800048828125,1,0.02895560534858,0.44804107173999996,0.006496283930600001,0.06528893338914,0.00961200721914,0.00649444143996,0.42861964518800005,0.006492011719060001,-0.9915,0.9977,0.39039999999999997
2184,292.0299987792969,292.0299987792969,108906600,20250429,TSLA,285.8800048828125,292.0299987792969,1,0.1736999634761,0.4619667190788285,0.00047328721227142854,0.005729948391985713,0.0067922460216,0.022987526060128573,0.24870763984000002,0.0796426699214,0.8748,0.9969,0.962342857142857
2185,282.1600036621094,282.1600036621094,128961100,20250430,TSLA,292.0299987792969,282.1600036621094,0,0.218851584795,0.2974585286725,0.008176685681724999,0.016054699504475002,0.008167249643299998,0.268955036860575,0.035778815079625,0.14655739972915,-0.9893,0.0,-0.57145
2186,280.5199890136719,280.5199890136719,99659000,20250501,TSLA,282.1600036621094,280.5199890136719,0,0.1265874914178,0.27405777613640003,0.006868199806939999,0.07369783067948,0.017977931428479997,0.38596576015399997,0.02493907652304,0.08990593386387999,-0.8442,0.9965,0.26670000000000005
2187,287.2099914550781,287.2099914550781,114454700,20250502,TSLA,280.5199890136719,287.2099914550781,1,0.03186959595117143,0.5678011251285714,0.13308624424757143,0.0017440478658142858,0.015572295318157143,0.13984310339,0.09454200477371429,0.015541583313371429,-0.9948,0.9947,0.33679999999999993
2188,280.260009765625,280.260009765625,94618900,20250505,TSLA,287.2099914550781,280.260009765625,0,0.186697064635,0.005867440958,0.0231314742499,0.00037750072205,0.00037780135965000003,0.32172448795455,0.0066673741796,0.45515685592530003,0.9938,0.9995,0.99665
2189,275.3500061035156,275.3500061035156,76715800,20250506,TSLA,280.260009765625,275.3500061035156,0,0.001018586165,0.001017287714,0.001017299312,0.001017473114,0.001017592309,0.001018863418,0.001017321187,0.9928755768,-0.9042,-0.9042,-0.9042
2190,276.2200012207031,276.2200012207031,71592600,20250507,TSLA,275.3500061035156,276.2200012207031,1,0.022428356519999998,0.0997341172965,0.1918954529,0.0017023669952500001,0.30813693398865,0.0017028628118499999,0.3726973850525,0.0017025244098,0.4628,0.9885,0.72565
2191,284.82000732421875,284.82000732421875,97539400,20250508,TSLA,276.2200012207031,284.82000732421875,1,0.14690854347573332,0.35083914653000003,0.0030812149058666665,0.09748982164635,0.011173624707299998,0.14695342260533334,0.2115419974611,0.032012228650583334,-0.9878,0.9992,0.26645
2192,318.3800048828125,318.3800048828125,112826700,20250512,TSLA,298.260009765625,318.3800048828125,1,0.12028630614260001,0.420934161619275,0.00057122450655,0.173681217850225,0.0374393538872,0.0347246936991,0.00057162300725,0.211791419267825,-0.9897,0.9896,-0.488425
2193,334.07000732421875,334.07000732421875,136992600,20250513,TSLA,318.3800048828125,334.07000732421875,1,0.07808164403922499,0.336823118887275,0.00054414586805,0.05505594441037499,0.000544068883675,0.01123000479845,0.008406395176575,0.5093146779525,0.9804,0.9991,0.992175
2194,347.67999267578125,347.67999267578125,136997300,20250514,TSLA,334.07000732421875,347.67999267578125,1,0.042343407952366664,0.6034641546666667,0.000376377453,0.0937949236719,0.0003765985770666667,0.23161784659333332,0.02765023445666667,0.00037645662993333336,-0.9987,0.9963,-0.29623333333333335
2195,342.82000732421875,342.82000732421875,97882600,20250515,TSLA,347.67999267578125,342.82000732421875,0,0.1587125917028,0.6561230161199999,0.00029956314262,0.03617067757752,0.01596213019458,0.07578053298628,0.02489810479468,0.03205338350952,-0.9993,0.9986,-0.020649999999999974
2196,349.9800109863281,349.9800109863281,95895700,20250516,TSLA,342.82000732421875,349.9800109863281,1,0.07194786694000001,0.21554536701236668,0.009597583041866668,0.0414372497485,0.0046531473128666664,0.36079202095,0.051347166822599995,0.24467959817926666,-0.0267,0.9963,0.6424
2197,343.82000732421875,343.82000732421875,131715500,20250520,TSLA,342.0899963378906,343.82000732421875,1,0.07779615289835,0.2673647826416667,0.0006278152531333333,0.0006273446987333334,0.0021055828072,0.1745604943464,0.11790006546263333,0.3590177618940167,-0.9787,0.9957,0.6526833333333334
2198,334.6199951171875,334.6199951171875,102354800,20250521,TSLA,343.82000732421875,334.6199951171875,0,0.14257489017289998,0.42213252814600005,0.01289854062734,0.01521977610886,0.05409772009928,0.11849015428273998,0.22513557774732,0.00945081281418,-0.8786,0.9818,0.53034
2199,341.0400085449219,341.0400085449219,97113400,20250522,TSLA,334.6199951171875,341.0400085449219,1,0.0004120314137,0.8605317052,0.005661141794,0.1317474465,0.0004119163386,0.0004121332151,0.000411814003,0.0004118115548,0.9942,0.9942,0.9942
2200,339.3399963378906,339.3399963378906,84654800,20250523,TSLA,341.0400085449219,339.3399963378906,0,0.0008231189115,0.9100106015,0.08504866857,0.0008236303809,0.0008237659472,0.0008241624949,0.0008230608226,0.0008229913935,0.9821,0.9821,0.9821
2201,362.8900146484375,362.8900146484375,120146400,20250527,TSLA,339.3399963378906,362.8900146484375,1,0.0006200776082,0.03739631815,0.4449277190091,0.355166590865,0.00062041489195,0.11922415645155,0.0006199550867499999,0.04142476795,-0.9989,0.8819,-0.058499999999999996
2202,356.8999938964844,356.8999938964844,91404300,20250528,TSLA,362.8900146484375,356.8999938964844,0,0.0004064604757,0.7168061493,0.00040596178655,0.000406490404775,0.000406206889,0.12996844432,0.149642223693325,0.001958063126,-0.9962,0.9934,0.4861
2203,358.42999267578125,358.42999267578125,88087800,20250529,TSLA,356.8999938964844,358.42999267578125,1,0.057337812886600004,0.476840825798,0.006673386301200001,0.02575743714912,0.04221160123986,0.31007205281961997,0.059943040763559996,0.02116384303326,-0.9809,0.9978,0.01152000000000002
2204,346.4599914550781,346.4599914550781,123474900,20250530,TSLA,358.42999267578125,346.4599914550781,0,0.11637283536546666,0.6220373447333333,0.000438837558,0.028672106244166665,0.025322739172633335,0.12069575446543333,0.033069916338833334,0.05339046613796666,-0.9953,0.9666,-0.3412
2205,342.69000244140625,342.69000244140625,81873800,20250602,TSLA,346.4599914550781,342.69000244140625,0,0.2650044982,0.001098286445,0.001097292799,0.001097370466,0.5480312402,0.181476665,0.001097042585,0.001097604308,0.9438,0.9438,0.9438
2206,344.2699890136719,344.2699890136719,99324500,20250603,TSLA,342.69000244140625,344.2699890136719,1,0.012690711522340001,0.503863445874,0.007548447605659999,0.0065597749295,0.006554667737219999,0.19247772278152,0.09554912984912,0.17475609970244,-0.99,0.9994,0.137925
2207,332.04998779296875,332.04998779296875,98912100,20250604,TSLA,344.2699890136719,332.04998779296875,0,0.0948810711809,0.5764381595179999,0.00664284488984,0.00664042314616,0.006635220514899999,0.18202754051398,0.10926572416027999,0.017469016045220002,-0.9716,0.998,0.015280000000000005
2208,284.70001220703125,284.70001220703125,287499800,20250605,TSLA,332.04998779296875,284.70001220703125,0,0.055731074773657144,0.5438702051985714,0.0444042954318,0.004815563759357143,0.030343370971714283,0.24158750150571429,0.03808528531604286,0.04116270304584286,-0.9964,0.9747,-0.27708571428571427
2209,295.1400146484375,295.1400146484375,164747700,20250606,TSLA,284.70001220703125,295.1400146484375,1,0.14205114563694285,0.47994083006097144,0.028341352245514286,0.017458397075900002,0.1178053330282857,0.16877871737035716,0.040320077757085716,0.005304146811228571,-0.9902,0.9454,0.1554
2210,308.5799865722656,308.5799865722656,140908900,20250609,TSLA,295.1400146484375,308.5799865722656,1,0.00045249794,0.8579294886,0.0004514461788,0.03328259081,0.0004515096222,0.1065276172,0.0004522428892,0.0004526067651,0.4854,0.4854,0.4854
2211,326.0899963378906,326.0899963378906,151256500,20250610,TSLA,308.5799865722656,326.0899963378906,1,0.011035618819066667,0.024106568706900002,0.30941963133376665,0.0025138705162666666,0.024103166365733338,0.12416087801070001,0.3046143843269,0.20004588192880002,-0.6597,0.9989,0.21173333333333333
2212,326.42999267578125,326.42999267578125,122611400,20250611,TSLA,326.0899963378906,326.42999267578125,1,0.023757685547699997,0.2375503156640333,0.010864860773933333,0.01086089713,0.010852269972766665,0.47979775779999995,0.21546277141683334,0.010853441671166668,-0.9926,0.981,-0.003866666666666685
2213,319.1099853515625,319.1099853515625,105127500,20250612,TSLA,326.42999267578125,319.1099853515625,0,0.0006551686528000001,0.6349462987000001,0.00065486028705,0.00065498958065,0.0006547166204,0.0006547372177,0.08197813277674999,0.2798010962051,0.7845,0.9184,0.85145
2214,325.3099975585937,325.3099975585937,128964300,20250613,TSLA,319.1099853515625,325.3099975585937,1,0.6604823437,0.3346686885,0.0008093136595,0.0008077648029,0.0008076634148,0.0008081387348,0.0008077972908,0.0008082898631,-0.8054,-0.8054,-0.8054
2215,329.1300048828125,329.1300048828125,83925900,20250616,TSLA,325.3099975585937,329.1300048828125,1,0.1208859964,0.000763355567,0.05643013121,0.4582145366,0.182962179,0.179217553,0.0007631108016,0.0007631375211,,,
2216,316.3500061035156,316.3500061035156,88282700,20250617,TSLA,329.1300048828125,316.3500061035156,0,0.0382627876911,0.09075670945,0.00039263049415000004,0.0642500887968,0.0003928828964,0.6644175107500001,0.13918324453265,0.0023441454074,-0.9989,-0.901,-0.9499500000000001
2217,322.04998779296875,322.04998779296875,95137700,20250618,TSLA,316.3500061035156,322.04998779296875,1,0.0007863427926333333,0.050559085398266666,0.18817498024833332,0.019165390794633332,0.05021824914286666,0.3335376213829,0.0007859239442999999,0.3567724063127667,-0.9862,0.978,0.3003
2218,322.1600036621094,322.1600036621094,108688000,20250620,TSLA,322.04998779296875,322.1600036621094,1,0.021256018826566664,0.18719750404333335,0.0005032218038666667,0.1997945186416,0.0005030736013666667,0.08123992504876666,0.007653351467066666,0.5018523865633333,-0.9964,0.9753,0.3021
2219,340.4700012207031,340.4700012207031,114736200,20250624,TSLA,348.67999267578125,340.4700012207031,0,0.0008352841876,0.0008341025018,0.0008342787948,0.0008340044704,0.0008347816989,0.0008349747604,0.0008341561656,0.9941584174,-0.8151,-0.8151,-0.8151
2220,327.54998779296875,327.54998779296875,119845100,20250625,TSLA,340.4700012207031,327.54998779296875,0,0.06520197348000001,0.40968815921,0.36926718107085,0.0006278331831,0.04410441402015,0.10985558991830001,0.0006275552188,0.0006272938757,0.983,0.9945,0.98875
2221,317.6600036621094,317.6600036621094,76695100,20250630,TSLA,323.6300048828125,317.6600036621094,0,0.6305416302,0.2987821862,0.0009700703524,0.0009704730399,0.0009707532609,0.0009709769656,0.0009702333713,0.06582367662,0.8265,0.8265,0.8265
2222,300.7099914550781,300.7099914550781,145085700,20250701,TSLA,317.6600036621094,300.7099914550781,0,0.105057068674,0.509549963178,0.05154214424332,0.0066336950298400005,0.00662867922536,0.20584023440792,0.06864622486598,0.04610199039292,-0.9689,0.9867,0.10024000000000002
2223,315.6499938964844,315.6499938964844,119483700,20250702,TSLA,300.7099914550781,315.6499938964844,1,0.0003478780711,0.1489258779,0.000347638441,0.0003476174105,0.0003478476985,0.2365530642,0.6127824322,0.0003476440423,0.9997,0.9997,0.9997
2224,315.3500061035156,315.3500061035156,58042300,20250703,TSLA,315.6499938964844,315.3500061035156,0,0.20081019663000002,0.25042772703710003,0.00025737897315,0.37056170995000004,0.0201825291036,0.100548637095,0.047170508549349996,0.010041312610700001,-0.8552,0.9597,0.05225000000000002
2225,293.94000244140625,293.94000244140625,131177900,20250707,TSLA,315.3500061035156,293.94000244140625,0,0.00043147764975,0.4704328105,0.00043128683005,0.04099876734135,0.00043135023545000004,0.15973256933585,0.32711031187870004,0.00043142621524999995,-0.9889,0.9957,0.003400000000000014
2226,297.8099975585937,297.8099975585937,103246700,20250708,TSLA,293.94000244140625,297.8099975585937,1,0.029166226535500002,0.4078518566286,0.000401305979225,0.11610723664155,0.00040146512712499997,0.441805438543175,0.00040174026739999997,0.0038647302962,-0.9983,0.2135,-0.69045
2227,295.8800048828125,295.8800048828125,75586800,20250709,TSLA,297.8099975585937,295.8800048828125,0,0.00683467956435,0.25692140141,0.00057603848335,0.0005761161410000001,0.0005760342755499999,0.7333631912,0.0005764225229,0.00057611640295,-0.931,0.9824,0.0257
2228,313.510009765625,313.510009765625,79236400,20250711,TSLA,309.8699951171875,313.510009765625,1,0.1312969886,0.000447382607,0.0004474512748,0.0004474822968,0.0004470718156,0.8439653445,0.0004471589029,0.02250111993,-0.3498,-0.3498,-0.3498
2229,316.8999938964844,316.8999938964844,78043400,20250714,TSLA,313.510009765625,316.8999938964844,1,0.0678863234024,0.281445057685,0.015529800403875001,0.01276087000575,0.010564365887874998,0.34332953625,0.038345112443775,0.230138933928825,-0.9983,0.9833,-0.019674999999999998
2230,310.7799987792969,310.7799987792969,77556300,20250715,TSLA,316.8999938964844,310.7799987792969,0,0.013281221498233334,0.3310361433256666,0.32567822833046667,0.0318037059406,0.009293228089466666,0.287369800986,0.0007691581957333333,0.0007685136435666666,-0.9971,0.9965,0.2983666666666667
2231,321.6700134277344,321.6700134277344,97284800,20250716,TSLA,310.7799987792969,321.6700134277344,1,0.0002653004579,0.5194414336,0.0002650954377,0.09251261276,0.0002652775544,0.2068826968,0.1801023503,0.0002652331933,-0.8893,-0.8893,-0.8893
2232,319.4100036621094,319.4100036621094,73922900,20250717,TSLA,321.6700134277344,319.4100036621094,0,0.03290534435905,0.50590948389,0.0006463221375000001,0.008052204619099999,0.0006465277874,0.450547176755,0.0006467332825,0.0006462071726,-0.9524,0.9899,0.01874999999999999
2233,329.6499938964844,329.6499938964844,94255000,20250718,TSLA,319.4100036621094,329.6499938964844,1,0.4079901928,0.1906694746,0.0008517825406,0.0008508429889,0.1628347103,0.2351009102,0.0008508650835,0.0008512214471,0.9623,0.9623,0.9623
2234,328.489990234375,328.489990234375,75768800,20250721,TSLA,329.6499938964844,328.489990234375,0,0.50903135185,0.3273926203,0.00068922322575,0.00068940249655,0.0006895849757,0.160128805035,0.0006893128254,0.0006896993328,-0.4234,0.9665,0.27155
2235,332.1099853515625,332.1099853515625,77370400,20250722,TSLA,328.489990234375,332.1099853515625,1,0.09234646671666667,0.28273900720333334,0.00029837280516666667,0.1462651403580333,0.056739973703333335,0.308315395,0.010621103364833335,0.10267454082666667,-0.9875,0.999,0.33346666666666663
2236,332.5599975585937,332.5599975585937,92553800,20250723,TSLA,332.1099853515625,332.5599975585937,1,0.33861238715013336,0.2873247038833333,0.0042771493152333325,0.04956126890056666,0.0004296635353666667,0.1213987077325,0.0043803227401666665,0.19401579676650002,-0.9823,0.9436,0.30150000000000005
2237,305.29998779296875,305.29998779296875,156966000,20250724,TSLA,332.5599975585937,305.29998779296875,0,0.41571046645,0.39467541310000004,0.00043021296995,0.00043020100185000004,0.01264044398875,0.12666851749485,0.021208457339299998,0.02823628763825,0.9806,0.994,0.9873000000000001
2238,316.0599975585937,316.0599975585937,148227000,20250725,TSLA,305.29998779296875,316.0599975585937,1,0.37310315507999997,0.277453393412,0.03590676971843334,0.032665918241,0.0142870124865,0.25474570440899996,0.0010469281591333332,0.010791118454733331,0.8885,0.9976,0.9491
2239,325.5899963378906,325.5899963378906,112673800,20250728,TSLA,316.0599975585937,325.5899963378906,1,0.3637625230921,0.34087339755442,0.00069294936778,0.11604213225794,0.023044841701199997,0.09813099636142,0.027072466698320002,0.03038069296446,-0.9934,0.9975,0.58228
2240,319.0400085449219,319.0400085449219,83931900,20250730,TSLA,321.20001220703125,319.0400085449219,0,0.0007753912022,0.23596996249500002,0.0007753144124999999,0.0007755866263,0.026314800197349997,0.73383861065,0.0007753624482,0.0007749719556,-0.6705,0.9944,0.16194999999999998
2241,308.2699890136719,308.2699890136719,85270900,20250731,TSLA,319.0400085449219,308.2699890136719,0,0.25106789493505,0.41323485433333335,0.0005808375884666666,0.0490047924243,0.0005806673172000001,0.06316358592648334,0.20651367187323333,0.015853695599416667,-0.9436,0.9983,0.49151666666666666
2242,302.6300048828125,302.6300048828125,89121400,20250801,TSLA,308.2699890136719,302.6300048828125,0,0.1591138841354,0.10711147892936666,0.0022518655990999997,0.0405147112737,0.0004486442544,0.1016348995972,0.38303384803546664,0.20589066817316667,-0.998,0.9988,0.3119
2243,319.9100036621094,319.9100036621094,78523600,20250806,TSLA,308.7200012207031,319.9100036621094,1,0.0008127801352,0.382926082,0.0008121602167,0.4005544792,0.0008122794678,0.1635675372,0.0008126106015,0.04970207126,-0.9935,-0.9935,-0.9935
2244,329.6499938964844,329.6499938964844,91200300,20250808,TSLA,322.2699890136719,329.6499938964844,1,0.0570236800245,0.44259617200400003,0.0009428291635000001,0.0009427869519500001,0.0009428876332,0.4608231035345,0.0357868732949,0.0009416674261,0.8546,0.9707,0.91265
2245,340.8399963378906,340.8399963378906,80522100,20250812,TSLA,339.0299987792969,340.8399963378906,1,0.06734798960555,0.0006977403413999999,0.0006978895905,0.0006978933877500001,0.0006975941169999999,0.90517618655,0.00069760850655,0.02398709786395,-0.9538,-0.8645,-0.90915
2246,339.3800048828125,339.3800048828125,67838900,20250813,TSLA,340.8399963378906,339.3800048828125,0,0.41285465301985,0.4406451751,0.00051441872275,0.0005146667904,0.046395221000699996,0.08906822350745,0.009493114164499999,0.00051452765345,0.3903,0.9913,0.6908
2247,330.5599975585937,330.5599975585937,74319800,20250815,TSLA,335.5799865722656,330.5599975585937,0,0.4431401406,0.0397238812,0.0001702270659,0.0001703998016,0.0001703439616,0.5162843932,0.0001703734396,0.0001702407058,-0.9998,-0.9998,-0.9998
2248,335.1600036621094,335.1600036621094,56956600,20250818,TSLA,330.5599975585937,335.1600036621094,1,0.24579759129189999,0.0006552595441,0.0006547844881,0.00065521565475,0.00065543756855,0.49860256915225,0.00065499861565,0.25232414368965,-0.997,0.9752,-0.01090000000000002
2249,323.8999938964844,323.8999938964844,77481800,20250820,TSLA,329.3099975585937,323.8999938964844,0,0.001179827073,0.6069438131,0.001180097909,0.1549285207,0.001180239945,0.1475612495,0.001180010006,0.08584624171,-0.949,-0.949,-0.949
2250,340.010009765625,340.010009765625,94016300,20250822,TSLA,320.1099853515625,340.010009765625,1,0.0006691447719,0.6271212421,0.0006690407974,0.2536634307,0.01776863382,0.06733383344,0.03210521827,0.0006694560744,-0.9828,-0.9828,-0.9828
2251,346.6000061035156,346.6000061035156,86670000,20250825,TSLA,340.010009765625,346.6000061035156,1,0.5450909455,0.3473411557,0.0004729803541,0.01997013425,0.0004729404203,0.0004723547681,0.007757801282,0.07842168772,0.9931,0.9931,0.9931
2252,351.6700134277344,351.6700134277344,76651600,20250826,TSLA,346.6000061035156,351.6700134277344,1,0.05885531202,0.5950664154,0.0005301372497,0.0005306039566,0.0005303375812,0.3434267988,0.0005302835436,0.0005301114307,0.9657,0.9657,0.9657
2253,349.6000061035156,349.6000061035156,65519000,20250827,TSLA,351.6700134277344,349.6000061035156,0,0.03123166471,0.0005194886623,0.8152650024,0.0005192928219,0.09907161413,0.04144984777,0.01142324377,0.0005198457322,0.9795,0.9795,0.9795
2254,345.9800109863281,345.9800109863281,67903200,20250828,TSLA,349.6000061035156,345.9800109863281,0,0.3235502116,0.0004488459674,0.0004484040863,0.06452611044,0.000448940359,0.4597990569,0.03206467852,0.1187137521,0.874,0.874,0.874
